:020000041000EA
:1000000000B50C4B00219960082159610A4919601B
:100010000A490B480160002159600121996001BC27
:10002000002800D0004707480749086003C880F34C
:10003000088808470000001800031F00180200038A
:10004000F40000180001001008ED00E000000000BE
:1000500000000000000000000000000000000000A0
:100060000000000000000000000000000000000090
:100070000000000000000000000000000000000080
:100080000000000000000000000000000000000070
:100090000000000000000000000000000000000060
:1000A0000000000000000000000000000000000050
:1000B0000000000000000000000000000000000040
:1000C0000000000000000000000000000000000030
:1000D0000000000000000000000000000000000020
:1000E0000000000000000000000000000000000010
:1000F000000000000000000000000000A071FAAD48
:1001000000200420F7010010C3010010C5010010F9
:10011000C1010010C1010010C1010010C101001097
:10012000C1010010C1010010C1010010C701001081
:10013000C1010010C1010010C9010010CB01001065
:10014000CD010010CD010010CD010010CD01001037
:10015000CD010010CD010010CD01001029140020A8
:10016000711B0020CD010010CD0100100D1C0020DE
:10017000CD010010CD010010CD010010CD01001007
:10018000CD010010CD010010CD010010CD010010F7
:10019000CD010010CD010010CD010010CD010010E7
:1001A000CD010010CD010010CD010010CD010010D7
:1001B000CD010010CD010010CD010010CD010010C7
:1001C00000BE00BE00BE00BE00BE00BEEFF3058054
:1001D000103800BEF2EB8871083205104832051065
:1001E0003402001090A31AE700201F49086006C8D7
:1001F00081F3088810471D48006800282FD10DA4FE
:100200000ECC002902D000F012F8F9E71849194A7B
:10021000002000E001C19142FCD1174988471749ED
:1002200088471749884700BEFDE701C901C29A42C5
:10023000FBD3704748320510C0000020F42E002088
:100240007C6005100000042064020420E0620510B8
:100250000010042090160420000000007047094898
:100260000AF0EAFA0047000008ED00E0000000D0C4
:10027000F82E0020682F0320AD940010193B0010C9
:100280006D9400105756000006005250ABB36053F7
:10029000DC5E031006005250861C0302EC5E031065
:1002A000060052505422A29D005F031005005250D8
:1002B000DE65F46870690510F8B5C0460648074960
:1002C000091A8B10C90FC91810B5491003D0044B77
:1002D000002B00D0984710BDF42E0020F42E0020F3
:1002E00000000000054B10B5002B03D00449054861
:1002F00000E000BFFFF7E2FF10BDC04600000000B5
:10030000840403205843031010B50400037B002B22
:100310000AD1026843689A420FD023685A1C2260AF
:100320001B78A36008232373237B013B2373A368FB
:10033000012018405B08A36010BD2EF06BFDECE7B8
:1003400010B50400037B172B0FD8026843689A424C
:1003500011D023685A1C22601978237BA268994027
:100360000A43A2600833237310BD044B044A0548B6
:100370008D2109F07FF82EF04DFDEAE75843031078
:10038000C8C203106843031070B504000D00202993
:1003900008DD0B4B0B4A0C489A2109F06BF8200042
:1003A000FFF7CEFF237BAB42F9DBEAB29B1A237344
:1003B000A2681000E840A060A840504070BDC04650
:1003C000A4430310D8C2031068430310002807D0C9
:1003D000012807D049000130400808180130704753
:1003E0000120FCE70220FAE7F0B5D6464F46464624
:1003F000C0B58146884617001E00002A08D1023089
:1004000000234A461380E0BCBA46B146A846F0BD78
:10041000012A05D1012303800B7883700430F2E7B1
:100420005B0001339BB203805B009A46851CB200DF
:10043000002128000BF078FB0023BB4213D25A00A6
:1004400042445478002C08DDB44206D8013CA40094
:100450002A5B01322A530133EFE7224B224A234819
:10046000362109F007F8012309E05A1E9200A91865
:100470004988A85A9A0002320918A9520133B34296
:10048000F3D300210FE0480043461B185B78013B83
:100490009B000233EA5A541CEC52524443461B5C04
:1004A000484683540131B942EDD3002200239A46D5
:1004B0000FE09100685A8146881C84465046181AFD
:1004C0008046604644462C524B446B52CA445B0003
:1004D0000132B242EDD3760001377F08F61976007B
:1004E000A81990E7AC43031018C30310D4430310BA
:1004F000F8B5DE4657464E464546E0B581460F0004
:1005000090461E00002A09D1023000234A4613807B
:10051000F0BCBB46B246A946A046F8BD012A07D1A9
:1005200002800B784A7812029B1843800430EFE770
:10053000730001339BB29A460380851CB2000021F0
:1005400028000BF0F1FA0022424514D253009B1808
:10055000FB189C78002C08DDB44206D8013CA400AE
:100560002B5B01332B530132EEE7224B224A234807
:10057000702108F07FFF012309E05A1E9200A9189C
:100580004988A85A9A0002320918A9520133B34285
:10059000F3D3002114E04A005218BC18A378013BA1
:1005A000BA5C9346647824029B000233EA5A501CDA
:1005B000E85252445200200058444B4698520131B0
:1005C0004145E8D3002200239A460CE091006C5A82
:1005D000881C814650461F1A48462F521B196B52E1
:1005E000A2445B000132B242F0D37600464476006A
:1005F000A8198DE7AC43031000C30310D4430310C4
:10060000F0B5DE4657464E464546E0B587B0050094
:100610008B4603920293FFF777FE00280BD15B46CF
:10062000981C00235A46138007B0F0BCBB46B24664
:10063000A946A046F0BD2800FFF766FE0700082186
:100640002800FFF7A1FE0600C4B208212800FFF72A
:100650009BFE0190C3B29C4221D004212800FFF7E9
:1006600093FE804604212800FFF78EFE82468045D7
:100670001BD04246801A0AF0D3F820231B1A994651
:10068000002F00D1AAE0FF243440002653460493F3
:1006900000955B460593CB46029B9A4674E0012386
:1006A0005A4613809470101DBEE7FF243440002684
:1006B000019F029B994606E05D4B5E4A5E48BD2164
:1006C00008F0D8FE0134FF233B40A34278D3280032
:1006D000FFF71AFE0028F5D07200531C10998B42C8
:1006E000EAD249468C544A464146D1540136E9E79C
:1006F0004F4B504A5048CC2108F0BCFEAB4213D3BC
:1007000059460098FFF740FE40447200531C534581
:10071000EED26119B954F854013601354B461B1B12
:10072000072BEBDD0723E9E7BA462CE059463800F2
:10073000FFF72AFE404484464B465A00531C10994A
:100740008B4208D26119504681546146C15401233D
:100750009C46E14410E0364B364A3748D92108F030
:1007600089FEB1463E00009F07E0AB420ADB38003D
:10077000FFF7CAFD0028D9D10135331B072BF4DD63
:100780000723F2E74E460834FF27019B1F40A7428C
:1007900012DB009B99461800FFF7B6FD051EE0D05E
:1007A0004846FFF7B1FD0028EDD000231D00B946F3
:1007B0005746109B9A46B1E7049B9A46059B9B4679
:1007C00051463000FFF702FE039B98422AD8534659
:1007D000320002995846FFF707FE25E7FF24344010
:1007E0000026019F06E0124B124A1348E82108F048
:1007F00041FE0134FF233B40A342E1DB2800FFF729
:1008000083FD0028F5D049462800FFF7BDFD404490
:100810007200531C10998B42E5D202998C54C85433
:100820000136E6E7054B034A0348F32108F022FEB0
:1008300010440310E8C20310D443031030440310E3
:1008400010B50400037B002B0AD1026843689A426A
:100850000FD023685A1C22601B78A36008232373DF
:10086000237B013B2373A368012018405B08A3602E
:1008700010BD2EF0CFFAECE710B50400037B172B68
:100880000FD8026843689A4211D023685A1C22602C
:100890001978237BA26899400A43A2600833237326
:1008A00010BD044B044A05488D2108F0E3FD2EF0ED
:1008B000B1FAEAE7584303102CC40310684303104D
:1008C00070B504000D00202908DD0B4B0B4A0C48C5
:1008D0009A2108F0CFFD2000FFF7CEFF237BAB422B
:1008E000F9DBEAB29B1A2373A2681000E840A0600B
:1008F000A840504070BDC046A44303103CC4031040
:1009000068430310F0B5DE4657464E464546E0B50F
:1009100085B007000291039298460E9B9B460421E6
:10092000FFF7CEFF814604213800FFF7C9FF82465A
:100930004A46801A09F074FF20231B1A01930026EF
:10094000002526E001993800FFF7BAFF80195D45C0
:1009500015D24B461B01DBB26A00234341468B5440
:100960000132885401350134072C0ED83800FFF7C6
:1009700067FF0028F7D05645E4D13000E7E7184B71
:10098000184A19481A2108F075FD33004E46994659
:1009900001360F2E09D83800FFF752FF0028F7D094
:1009A00000244B46B1461E00DEE751462800FFF703
:1009B0000DFD039B98420CD853462A0041460298ED
:1009C000FFF712FD05B0F0BCBB46B246A946A046F3
:1009D000F0BD064B034A0448222108F04BFDC046F7
:1009E000604403104CC403107844031030440310D7
:1009F000F0B5DE4657464E464546E0B583B00400A6
:100A0000884615001F000C9B99460D9B9A46E422D0
:100A100000210BF089F8A560534600934B463A003D
:100A200029004046FFF76EFFA168431A5B10E3817F
:100A30001B041A0CDB0BBA1AC918534600934B4619
:100A40004046FFF7DDFDA168431A5B1023821B04BB
:100A50001A0CDB0BBA1AC918534600934B46404692
:100A6000FFF7CEFDA168431A5B1063821B041A0CCA
:100A7000DB0BBA1AC918534600934B464046FFF7A2
:100A8000BFFDA168431A5B10A3821B041A0CDB0B89
:100A9000BA1AC918534600934B464046FFF7B0FDBB
:100AA000A168431A5B10E3821B041A0CDB0BBA1A11
:100AB000C918534600934B464046FFF7A1FDA16875
:100AC000431A5B1023831B041A0CDB0BBA1AC918D8
:100AD000534600934B464046FFF792FDA168431AE8
:100AE0005B1063831B041A0CDB0BBA1AC91853463C
:100AF00000934B464046FFF783FDA568451B6D10EC
:100B0000ADB204214046FFF7DBFE8346022613E028
:100B100033000C335B00E318DD80A1686B007A1BA7
:100B2000C918534600934B464046FFF769FDA56838
:100B3000451B6D10ADB201365E45E9D9A583A168AC
:100B40006B007A1BC918534600934B464046FFF78B
:100B500057FDA568451B6D10002205E0511C530090
:100B6000E318AE3319700A00162AF7DD5200A218F6
:100B7000AE32FF23137020003E30102264210AF0B1
:100B8000D3FF20004E30102264210AF0CDFF200058
:100B90005E30102280210AF0C7FF20009E3001261F
:100BA0007642102231000AF0BFFF20008E30102262
:100BB00031000AF0B9FF2804000C03B0F0BCBB46BA
:100BC000B246A946A046F0BD10B50400037B002B39
:100BD0000AD1026843689A420FD023685A1C2260E7
:100BE0001B78A36008232373237B013B2373A36833
:100BF000012018405B08A36010BD2EF00BF9ECE754
:100C000010B50400037B172B0FD8026843689A4283
:100C100011D023685A1C22601978237BA26899405E
:100C20000A43A2600833237310BD044B044A0548ED
:100C30008D2108F01FFC2EF0EDF8EAE75843031071
:100C4000A8C403106843031070B504000D002029E8
:100C500008DD0B4B0B4A0C489A2108F00BFC2000D6
:100C6000FFF7CEFF237BAB42F9DBEAB29B1A23737B
:100C7000A2681000E840A060A840504070BDC04687
:100C8000A4430310B8C4031068430310F8B5CE465C
:100C9000474680B506000C0017000388012B2BD9AE
:100CA000137B072B2ED9BA68FF231340E15C3088F1
:100CB00040008046B044002934D0082926D80820B6
:100CC000401A83401800FF2303402A48C35C4800B1
:100CD000294C04196400A45B9C421DD93C7B641A16
:100CE0003C73CA40BA604000825B9B1A4246D05CAB
:100CF000C0BCB946B046F8BD204B214A2148E72187
:100D000008F0B8FB1000FFF77BFFCCE71E4B1C4A36
:100D10001C48F62108F0AEFB1C4B194A1948F82173
:100D200008F0A8FB120ABA603A7B083A3A73328894
:100D3000013AD10F8A18521091460E4AD45C2236DD
:100D4000082564003800FFF73FFF04433388A342BF
:100D50000BD804360135EDB24D45F2D30C4B084AA1
:100D60008E210848490008F085FB7388E01A434645
:100D7000185CBDE72CC30310FFFFFF7FB4440310D2
:100D800068C4031068430310C4440310D044031024
:100D9000FC440310F0B5D6464F464646C0B582B077
:100DA0008146884617001E000B9B9A461000FFF7ED
:100DB0000BFF002813D00C9B009353460A9A310076
:100DC0003800FFF71DFC04005146300033F05CFA98
:100DD0000A9B5B00F318A3420BD9002418E00C9B7C
:100DE000009353460A9A3100380033F05DFA04004C
:100DF000EAE70B4B0B4A0C48632108F03BFB4B46E0
:100E00001D193A0051463000FFF740FF28700134A9
:100E10004445F4D302B0E0BCBA46B146A846F0BDA2
:100E20008845031080C403102845031070B50A4C90
:100E300022680A4B51008918C9005B1862C862C356
:100E400062C862C30132D117490F521807231340F9
:100E50005B1A236070BDC046683D01206C3D0120D7
:100E60000B4B1B680B4A126893420ED05A00D218E3
:100E7000D000094A80180133D917490F5B1807229F
:100E800013405B1A024A136070470020FCE7C0461B
:100E90002C3E0120683D01206C3D012070B505000D
:100EA0000024072C12D80A4A63001B199B0099588A
:100EB000280006F058FA002801D00134F1E7044B6D
:100EC0006200121992009B18187900E0042070BD8E
:100ED000E0C403100D4B1878002814D10C4B1B787C
:100EE000002B00D1012070470120C0B20133032B39
:100EF000F4D80028F8D1074AD25C002A01D001308A
:100F0000F3E70020F1E700230020F0E7162F03208D
:100F1000E52E03203CF80220002200E00132032AE3
:100F20000BD8D300C318002119715B795BB2002B79
:100F3000F4DAD300C3185971F0E77047002300E0DA
:100F40000133032B09D8054A127852B29A42F7D0DE
:100F5000DA0082180021D171F2E77047D22E032007
:100F6000002070470020704710B504F052FC074B7A
:100F70001A68D3171B041B0C9B181B141818044A5F
:100F8000002300210AF05EFC080010BD9C04032031
:100F90008FC2F50870B582B02A4B18682A4B002121
:100FA000595609F075FC050006F01CF9274C22681B
:100FB000126890472268D2689047254A1078002826
:100FC0003AD1244B1B78002B04D1234A1268521BC0
:100FD000022A34DC204B1C68651B042D2DDC6D4679
:100FE0000822002128000AF09FFD184B1B685B684F
:100FF000210028009847184B1C680521200009F0A3
:1010000047FC164B00229A56154B89008918C900D7
:101010005A1841CD41C25B180122DA710D4B1B7881
:10102000002B05D10C4A136801331360012004E042
:10103000200004F025FBF5E7002002B070BD180089
:10104000FBE7C046ECE502205A2F0320B4F802204B
:10105000E52E0320162F0320F4F80220D22E0320C1
:101060001C1A032070B50F4B1C680F4B1B78002B0C
:1010700001D1200070BD0D4D286804F029FB2860C7
:10108000094B1B78002B0AD0094B1B78002B03D18E
:10109000064B1B68A342ECDA044B1C68E9E704F03A
:1010A00061FAF1E7F4F80220162F0320FC0A03206E
:1010B000E52E032070B5134B1B78002B00D070BDBC
:1010C000FFF752FF104B0021595609F0E1FB0F4B7F
:1010D0001D68451B18600E4B1B68AB420CDCED1AFB
:1010E0000B4B00221A600024A542E8DDFFF752FFF7
:1010F0000028E4D00134F7E7054A5B1B13600025A4
:10110000F1E7C0463D2F03205A2F032084F302202D
:101110004414032010B5FFF727FF044B0021595654
:1011200009F0B6FB024B186010BDC0465A2F0320D1
:1011300084F30220F0B5C64600B504F05DFB594BC0
:101140000021595609F0A4FB0600574B1860574B75
:101150001B78002B10D0FFF71DFFFFF783FF050062
:10116000534B504A00215156186809F091FB2C1A34
:10117000002C0EDC01240CE0FFF79CFFEDE74C4B4C
:10118000484A00215156186809F082FB0019A8420C
:101190001DDCFFF79FFE002809D0454B414A002186
:1011A0005156186809F074FB001985425BDAFFF7A5
:1011B00081FFFFF757FF05003D4B3A4A002151568A
:1011C000186809F065FBA842D9DD00BED7E704F036
:1011D00013FB344B0021595609F05AFB801B04289D
:1011E0005DDC012004F01EFBD3E73800FFF7A6FE0C
:1011F00053E0304BA2005218D2009B18DB792E4AE4
:101200005354C01801310329F3DD2C4B1B78002BFC
:1012100001D001281EDD2A4B1B689B686001254A0E
:10122000801825499847224A136801331360380013
:10123000FFF772FE01361B4B002159568E420FDA22
:101240001B4B186809F024FB854200DA00BE002120
:101250000020D8E7194B00221A7004F083F9DAE76E
:10126000FFF728FF4446631E9846002C17D0FFF76F
:1012700031FE002813D00E4B0A4A0021515618683F
:1012800009F006FB052109F003FB0C004F01094B97
:10129000FF180A4B1B78002BA7D00026CBE780BC99
:1012A000B846F0BD5A2F0320B00403203D2F032081
:1012B000ECE502201C1A03203CF80220162F032024
:1012C000B4F80220014B18607047C046B4F8022001
:1012D00070B50C001500002813D0FFF741FE002860
:1012E00012D12000FFF73EFE041E05D0074829005A
:1012F0000AF0BEFD012405E0054829000AF0B8FD0A
:1013000000E00400200070BD0024FBE7C04603108D
:10131000804603100C4A002313600C4A13600364D8
:101320000122C263436442600260094A137005E00F
:101330005A1E1A43D20F0749CA540133032BF7DD53
:101340000268054B1A7070479C040320FC0A0320B6
:10135000D22E03203CF802205A2F0320054A0023F6
:101360001360054A1360054A1360054B01221A7089
:101370007047C046FC0A0320F4F80220ECE5022086
:10138000162F0320F8B505240457002C1FDB63003B
:10139000C518AE352D786DB2457145187E352E785D
:1013A000771C2F70002E24D145188E352D786DB204
:1013B000013512D145189E352D786DB2013512D107
:1013C00041180D009E352C708E310C701AE0124BB6
:1013D000124A1348532108F04DF8124B0F4A104897
:1013E000572108F047F8104B0C4A0D48582108F0D7
:1013F00041F841189E3100254D576D004519AE3515
:101400002C700C70C118AE31FF240C700133C01861
:10141000AE300270F8BDC04634470310A4C50310B7
:10142000504703108C470310B047031070B54318A2
:101430007E331B7893421AD944187E34013B2370C3
:10144000002A20D143188E3300229A56002A14DB3A
:101450005300C318AE3300241C5743188E331C703E
:10146000002C4ADA41189E31FF230B7045E02E4BC9
:101470002E4A2F48712107F0FDFF2E4B2B4A2C4896
:10148000762107F0F7FF43188E331B785BB2002BF1
:1014900010DB44189E3400256557002D10DB012A0F
:1014A0001ADD5B00C318AE331B785BB2002B0DDB7B
:1014B000013AF4E7204B1D4A1D487E2107F0DAFF70
:1014C0001E4B1A4A1A487F2107F0D4FF1C4B174ABB
:1014D0001748832107F0CEFF5C000219AE32127864
:1014E00052B2002A15DB954219D05300C318AE330F
:1014F0001B785BB20419AE342370530005240457E3
:10150000C118AE310C7042710133C018AE30007892
:1015100070BD084B054A0648862107F0ABFF41180D
:101520009E310B70E1E7C046D44703108CC5031011
:1015300050470310FC4703101048031034480310B1
:101540005848031010B50400037B172B0FD802680E
:1015500043689A4211D023685A1C22601978237B71
:10156000A26899400A43A2600833237310BD044B5C
:10157000044A05488D2107F07DFF2DF04BFCEAE77A
:10158000584303106CC503106843031070B5040082
:101590000D00202908DD0B4B0B4A0C489A2107F05F
:1015A00069FF2000FFF7CEFF237BAB42F9DBEAB2F5
:1015B0009B1A2373A2681000E840A060A840504026
:1015C00070BDC046A44303107CC5031068430310DC
:1015D00010B50400037B002B0AD1026843689A42CD
:1015E0000FD023685A1C22601B78A3600823237342
:1015F000237B013B2373A368012018405B08A36091
:1016000010BD2DF007FCECE7F8B5CE46474680B597
:1016100089460388002B1DD05A0090468044012B38
:101620001ED0013BDF0FFF187F10851C0026002411
:1016300064004846FFF7CCFF04432B88A34212D82E
:1016400004350136B742F3D80B4B0C4A0C48DF2166
:1016500007F010FF0B4B094A0948CA2107F00AFF9F
:101660004346187803E06B88E01A4346185CC0BC18
:10167000B946B046F8BDC046FC44031060C503102F
:10168000684303106848031010B503F029F810BD33
:101690000120704710B503F023F810BD026B012341
:1016A0005A4093009B189B00C018806870474620E2
:1016B0007047000070B504000D000F49042232F09D
:1016C00053FC00280CD10C2002F0C4FF002806D0E7
:1016D00063684360083DAB4207D10834046070BDC5
:1016E00006480AF095FB0020F9E7054B054A064835
:1016F000064907F0BFFEC046744803107C4803103B
:10170000A8480310C4C50310D0480310DB03000031
:10171000F0B5D6464F464646C0B582B00400056BCC
:1017200001235D4005634333984680440700343706
:10173000436B002B00D198E043461B79002B1CD053
:10174000E06C230044339B895B00C0183900FFF72D
:101750005BFF0609F6B2AB005B199B00E3181E6144
:101760000021996159610F2319000140072900D90F
:1017700063E18B00B649CB589F46C06C4646738BDD
:101780005B00C0183900FFF73FFF3071D8E7042134
:101790003800FFF7FBFE0190C6B208213800FFF7C2
:1017A000F5FE002E09D1AB005B199B00E318C022A7
:1017B0001A733F3202405A6138E0731EDBB2082BC5
:1017C0000ED8AB005B199B00E318B0221A73A14A34
:1017D000FF21019E0E40925D5A610140996125E012
:1017E0009D4B9E4A9E489F4907F044FEE06C2300B3
:1017F0004433DB895B00C0183900FFF705FFC307DE
:1018000039D50130C10F09184910230044339B1901
:101810003E331A785218D2B21A70AB005B199B0093
:10182000E318B0211973A93959619A61636B002BD0
:1018300000D108E1220044321379013BDBB213717D
:10184000002B00D001E10026E06C230044339B8B89
:101850005B00C0183900FFF7D7FE3618FF28F3D019
:10186000AB005B199B00E418A66002B0E0BCBA466E
:10187000B146A846F0BDC10F091849104942C4E756
:10188000E06C230044331B8A5B00C0183900FFF76B
:10189000BBFEC30718D50130C10F0918491022003B
:1018A000443292195E3213785B18DBB213709B01DD
:1018B000AA0052199200A218E0211173613919404F
:1018C0005161DB099361B1E7C10F09184910494221
:1018D000E5E7E06C230044335B8A5B00C018390005
:1018E000FFF792FEC30715D50130C10F0918491043
:1018F000230044339B196E331A785218D2B21A70EF
:10190000AB005B199B00E318B0211973AF39596123
:101910009A618BE7C10F091849104942E8E7E06C6A
:10192000092E2FD0230044339B8A5B00C018390056
:10193000FFF76AFE8146E06C230044331B8B5B009B
:10194000C0183900FFF760FE824681281FD080282A
:1019500028D022004432931919004E3108703E33CA
:10196000187090714A4631004046FFF70BFDAB00FE
:101970005B199B00E31890221A734A465A6152463B
:101980009A6153E723004433DB8A5B00CEE72300F0
:1019900044339A799B1919004E310A703E331A70FC
:1019A0009246DFE7230044339B194E331B789A4657
:1019B000D8E7230044339B197E331B78002B0ED0CD
:1019C000012B12D8002231004046FFF72FFDAB005B
:1019D0005B199B00E31880221A73586126E7224B9B
:1019E0001E4A1F48214907F045FDE06C0C332200D8
:1019F00044325B00D218D3885B00C0183900FFF76F
:101A000003FE0200DFE703213800FFF7BFFD0A30C5
:101A1000AB005B199B00E318B0221A730D4A125CED
:101A20005A6103E7AB005B199B00E318FF221A73AE
:101A3000D03A1A6100236363F8E60D4B074A084861
:101A40000C4907F017FD00260AE7002608E7C04604
:101A500040C50310E8C5031008490310B8C50310BA
:101A6000D0480310FB0300002C4903103104000090
:101A70004C4903104904000010B5026B93009B18F9
:101A80009B000833C3180B60FFF742FE012010BD16
:101A900030B5124CA5440400002343600363836007
:101AA00001680A684968426352188263C36301008F
:101AB00034310B7302002932FF32C03344308025A9
:101AC000AD00019502AD00955B00FEF791FF20008F
:101AD000FFF71EFE83239B009D4430BDF4FDFFFFF6
:101AE00070B506000C1E0DD18520C00002F0B2FDBD
:101AF000050063001B199B00F3180360FFF7C8FF84
:101B0000280070BD024B034A0348044907F0B2FCA9
:101B100054490310D4C50310D0480310BE0200007E
:101B200080231B06C3600360014B836043607047E2
:101B3000FFFFFF7F83688B4205DD8160436893422E
:101B400006DD42607047C3688B42F7DAC160F5E793
:101B500003689342F6DA0260F4E70000F0B583B060
:101B6000040001914679002E05D0006832F0ECFAAD
:101B7000237998422CD3A7792568280032F0E4FA1B
:101B8000874216D2EB5D019A93420FD00023A371D6
:101B90000023E371A579206832F0D6FA854219D383
:101BA0000723E356B3420EDA002014E00137A77191
:101BB000EEE70723E356B342ECDA084A0199D15421
:101BC0000133E371E6E70023E371A371012002E032
:101BD000002000E0002003B0F0BDC0460407032051
:101BE00010B5030008005A79014909F0A3FF10BDA0
:101BF00004070320704770477047704730B589B0BD
:101C00000500002406E00134044A23002021684630
:101C100001F0EEFFAC42F6D309B030BD78490310B5
:101C2000704710B50B1482B25A430414634389B24F
:101C300080B24843614311441B04000C084418441B
:101C400010BD10B5FFF7EDFF10BD000010B50A0084
:101C5000C11743184B409B13D417111961408B4295
:101C600006DB504001D4054807E08020000604E070
:101C700001140004D31708F059FE10BDFFFFFF7FC9
:101C80008000044B1B681B581B021B0A024A106889
:101C9000C0187047C0F8022018230020034B1860BA
:101CA00001230370002343707047C0469423032030
:101CB000F0B5DE4657464E464546E0B5B54B93B0C7
:101CC00009931B680590002B00D1D3E3059B59783D
:101CD0001A780B020B9206911A43012A00D8D0E021
:101CE000012317009A4604930E339B46AA4B1B68A8
:101CF0000D93AA4B0A93AA4B0C93AA4B0E93059AE9
:101D0000049B91469B0099444B465D789B78EA0979
:101D10005B001343984642460A9B52001B68012110
:101D2000D05E4B461E7853462B401B021E434B464B
:101D30000096DC78FFF7A4FF5246C378811D1A4055
:101D4000039252461A4209D0827882189279022A66
:101D500001D900F0FBFB0999920089586D06AA0E83
:101D600007920C9A457806781278029565190196C3
:101D70009E08954203DD121B0292002A7BDD0E9A1B
:101D80001278944209D2029D121B0892954272DD8C
:101D9000AA1A02920622944666448022039DDB0121
:101DA000AC4652001A40019B1A43837806336344C1
:101DB000C018A3001B19009C9B01A4460D9C634402
:101DC000A446634403930B2E00D95FE2764BB40024
:101DD0001B599F4608998C464B006344C0180299D2
:101DE00000293DD0039C0323A4468846A343013326
:101DF0009C444B004344511EC3188846069323005D
:101E000066461091D11E0B91911E43441191009290
:101E10000178009A2170022A15DD0B990A2900D851
:101E20001BE300270022611C851CA9425741002F9B
:101E30002ED1451C9D422BD2009A45780D70013160
:101E40009942FAD10092817841341970069941364D
:101E500041330330FF34FF36FF338842D8D1009A34
:101E6000079B002B00D0F4E0059B5A781B781702E3
:101E700006920B931F43049B013304939F4200DDA2
:101E80003DE713B0F0BCBB46B246A946A046F0BD44
:101E90000321E743A14300D1E6E2022245786570C1
:101EA0003A4200D1DDE20132A570144200D0DEE2F8
:101EB00045780132E5700192119A4578521A9708D7
:101EC0000F92BA002F022F43B846944642462F0481
:101ED0001743624631002D063D439719009A20C1F1
:101EE000B942FCD1019900920F9A61446245AAD08F
:101EF0004778109A4D1C67549542A4DA0231675511
:101F00009142A0DA457865549DE7089B002B00D1EB
:101F10001AE14C461E00039B00948C4604001800F6
:101F200000218146080015E040186178023401293B
:101F300006D98D1E6D086B00023001351818641922
:101F400053460B4201D001300134904200DDD7E20C
:101F500000D180E22178FF29E6D1484601344130A2
:101F6000013EFF30002EDBD1009B61469946030005
:101F70002000012464420894029C002C00D0EBE075
:101F8000079B002B00D176E74346142B00D072E765
:101F9000069BAAE2D8130320B43C0120C42A0320E4
:101FA00015230020652F0320FC790410039E029C5A
:101FB000002C00D154E7A446A30063449B01F3180E
:101FC000019353109C4653461340984663465D0068
:101FD0004B46069303006046AC46454690461C00BF
:101FE00037001A18002800D139E281460800110094
:101FF00000955A465D4623781A401D4201D0825C06
:102000003A701B0901D0C35C7B7001340237A142D6
:10201000EFD10A001300624601004846009DB41843
:10202000002D0AD05F461A781740B9465F4617421E
:1020300002D04A468A5C227001334136019AFF364B
:102040009642CCD1069B42469946079B002B00D175
:102050000AE74B4659789B78C9095B000B43143B50
:1020600059424B41D21A029B002B00D138E2079F04
:102070005743002F00DCF7E6032138000223884392
:10208000511E8B429B4102995B4201938B005E186B
:10209000039B01009C460325814601310230B601B5
:1020A000029103906644D919AC4698181D007B1E16
:1020B000069313004B440F93029BBC089846904430
:1020C00043460793039BA4009846904443460B93D2
:1020D000069B009798464346062B2ED92B00674651
:1020E00003431F4229D1019F0023002F25D0EF5821
:1020F000C7500433A342FAD1009FBC4211D04B46D3
:102100000F9FEB5CEB55009F029B9F4209DDEB5C50
:10211000079FEB55009F039B9F4202DDEB5C0B9FEB
:10212000EB55413541314130FF35FF31FF30AE4293
:1021300000D199E64346062BD0D82B001F789F5438
:1021400001338B42FAD1ECE701235B420893029CF6
:10215000039B002C00D113E72500AC46A4009D187A
:102160006444AC4606924D466246A4011C19019592
:1021700000921D0002009946A0461378FF2B00D163
:102180005AE15478ED180232012C17DD681E160052
:102190009446012302005846377801363840085CDF
:1021A0003F09D054C85DE85402339C42F3DC6246D8
:1021B000A31E5B080133D2185B00ED18534623427F
:1021C00006D05846137801320340CB5C2B700135A2
:1021D000009B9D4200D999E1CFD110004B46444667
:1021E000009A41334132FF32FF330092A342C0D103
:1021F000019B069A994633E6029C002C00D12FE6FB
:10220000A446A3005410A046039C6344A4465B016B
:1022100043445B006344019343465B009C46534642
:10222000134000934B4606931300260042469846FF
:1022300063466644050034009146F31A002A23D011
:102240005A462F7801353A408A5C3F091A70CA5DB8
:102250005A700233B342F3D14A468018009B002BD8
:1022600005D05D46037801302B40CB5C23704136AE
:10227000019BFF36B34200D1E4E66346050034001B
:102280009146F31A002ADBD11C00E7E73300042251
:10229000063B934300D1EEE57421AF4BAF4AB04803
:1022A000FF3107F0E7F8029B002B00D1D8E59C46F0
:1022B000039E9C006444B4460700A40135006444B6
:1022C000B6189446A0462A003B000C001978FF2956
:1022D00000D1BAE0521859780233002908D0002002
:1022E0001F5CE75D175401308142F9DC5B1852181E
:1022F000964200D211E1E9D1210062461F00444616
:1023000041354136FF35FF36A542DAD1A8E5029BBB
:10231000002B00D1A4E51D000323A846039E9C4684
:10232000AB004344B0469B0198444D46B3180F920E
:1023300037003F2442460B9500933E009146069796
:102340000278FF2A7DD04778831C9846B618032F61
:1023500070DD1D0063463200981B01966E78AB78E5
:1023600036021B0433432E780335334326001E40C8
:102370008E5D16709E0926408E5D56701E0B26409F
:102380008E5D9B0C9670CB5CD37004328318BB427D
:10239000E4DB3A1F920801325000019E801892003F
:1023A0004044B618654663463D403B4219D0220082
:1023B00007783A408A5C3270012D31D04278BF09EB
:1023C00092003A4327001740CF5D7770022D2ED040
:1023D000857892092D01154325404A5D0330B2707E
:1023E0000336009B9E4220D89E42A9D14A46069FB2
:1023F000009B41374133FF33FF37009397429CD115
:102400000B9B0F9A99462BE5089C531CA4465B1026
:102410006343C018A3006344039C9B01E618C6E510
:10242000009B013601309E42DED9A82176E00230C1
:102430000236D6E71800B5E710004B464446013097
:10244000CEE64A46069F0130D2E71F0021006246D1
:102450004446013754E7484681E5611CECE434000A
:10246000DEE50222019227E50122019224E5032202
:10247000019221E53B4A883315685B000121E85E43
:10248000FFF7FEFB00284FD00124C3781C4251D037
:102490008378002B54D0B523099E06305B00306052
:1024A0000121E85EFFF7ECFB00283DD0C3781C4219
:1024B00040D08378002B43D0A72306305B007060A8
:1024C0000121E85EFFF7DCFB00282DD0C3781C4219
:1024D00030D08378002B33D00630B060FFF7F6FBA6
:1024E000059B1A785B780B9206931F020B9B1F4388
:1024F000049B013304939F4201DDFFF700FCC0E41D
:10250000F021164A1648184B06F0B4FF0621174B67
:10251000124A1348FF3106F0ADFFB021134B0F4AAA
:102520000F48490006F0A6FFBA210C4A0C48104B90
:1025300006F0A0FFBB21094A09480E4B06F09AFF9E
:10254000BC21064A06480C4B06F094FFC721034AFB
:1025500003480A4B06F08EFF584A03103C7A0410D9
:1025600098490310C42A0320444A03104C4A03101C
:1025700090490310D0490310F4490310104A031086
:10258000F0B5C64600B5414C246855002C5FA40048
:102590003F4D2D682D592D022D0A3E4C246864199B
:1025A00004256557491B05256557401B11D425781F
:1025B000E678F60180277F003E4035432D18A0269F
:1025C0007600B54205DC002903DB64786418C82C6A
:1025D00000DD00BE304C2468002C4FD02678657892
:1025E0002D023543A778E67836023E43B54242D8FD
:1025F000AD006419012637001740FD01A846657833
:10260000AC467F2567463D4047463D4365705208CE
:10261000A270214C2268177855782D023D43AD00F9
:1026200052191070000A30405578B5432843507055
:1026300020680578427812022A4392008018C170FF
:10264000216808784A7812020243920089183F22D2
:102650001A4052004B787E20834313434B7022680C
:10266000117853781B020B43013399B28130034038
:102670001370090A517080BCB846F0BD074B084A78
:10268000CC210848FF3106F0F5FEC046C42A0320DD
:10269000C0F802201823002094230320904A03103E
:1026A0002C7A04109849031010B50023FFF768FF37
:1026B00010BDC04610B5FFF7F7FF10BD10B5FFF70E
:1026C0005FFF10BD7047C046024B034A12681A6094
:1026D0007047C046B43C0120C030002070B50500F2
:1026E00000F0A8F8041E25D0154B1B6819795A79FB
:1026F00012020A43997909041143DA7912060A434E
:1027000010490A60187A597A09020143987A00043C
:102710000843D97A0906014359180B48016018008B
:102720000C300A4908600A3292009B18084A13606C
:10273000200070BD0748290009F09AFBF8E7C04661
:10274000182300207C040320C0F80220C82A03209C
:10275000BCF802209C4A0310F0B5C64600B580467E
:10276000134B1B689A7DDE7D3602164300270AE074
:10277000104B1B685B190A20185E80BCB846F0BD80
:102780002600B74211D0BB19DC0FE41864106500B5
:102790002D19AD00074B19684919404604F0E3FDB7
:1027A0000028E5D0ECDB671CEBE701204042E4E7C2
:1027B000C82A0320BCF8022010B5FFF7CDFF00287F
:1027C00000DB10BD00BEFCE7084B1B68984200D33D
:1027D00000BE8000064B1B681B1858681B68C01A97
:1027E0000002000A9B0FC01A7047C0467C040320F9
:1027F000C0F8022010B5FFF7DFFF8000044B1B6814
:102800001B581B021B0A034A1068C01810BDC046A3
:10281000C0F8022018230020024B1B68984200D306
:1028200000BE70477C04032010B5FFF7C5FFFFF71B
:10283000F3FF10BD70B5050000240020002C00D06F
:1028400070BD044B1B68280098470028F8D101345C
:10285000F4E7C046507A0410704770B505001000C8
:102860001C006B685918220009F064F9200070BD43
:1028700010B50B4B1B78492B0DD10A4B1B78572BEE
:1028800009D1094B1B78482B05D1084B1B78442BE9
:1028900001D1074810BD0748014906F083FEC04634
:1028A00000000610010006100200061003000610CA
:1028B0005C7A0410B04A031010B500280FD0094A02
:1028C000094BC318934204D8830702D18003000C3C
:1028D00010BD064B064A0748CC2106F0CBFD002070
:1028E000F6E7C046FCFF0300FCFFFFDFDC4A0310F5
:1028F0009C7A0410084B031010B58023DB02994228
:1029000007DA0331CA17032313405B189B10838037
:1029100010BD034B034A0448592106F0ABFDC046E5
:10292000404B0310887A0410504B03100138704755
:1029300070B582B001A801F0EBFB04000D4B1860EC
:10294000019D0560060010363000FFF7B5FFE080FE
:10295000A0800123A372E660201DFFF7ADFF208257
:1029600060820423A375290010393000FFF7C4FFEB
:1029700002B070BDF0F8022070B50600083E0423D6
:10298000B3717488002C13D080231B059C466444CB
:10299000A400A379042B0DD03388002B2DD08022E6
:1029A0001205944663449C00A379042B27D070BD84
:1029B0000024EEE7A18889000838050083889B0081
:1029C000C9182000FFF798FF2B882380002B0FD019
:1029D00080221205944663449D002000FFF76CFF9F
:1029E0006880164B1B68DA68964203D02600D3E74E
:1029F0000025F2E7DC602600CEE70024D4E7A188BA
:102A00008900B3889B00C9183000FFF775FF238841
:102A10003380002B0FD080221205944663449D0022
:102A20003000FFF749FF6880044B1B68DA68A24258
:102A3000BDD1DE60BBE70025F2E7C046F0F802201A
:102A4000F8B5CE46474680B5884603300323984301
:102A500007000533994681444E465B4B1B68DB6893
:102A60005888002812D080221205944660448000C5
:102A70008279042A00D018004588002D08D08023D0
:102A80001B059C466544AD00040031E00020EFE7E3
:102A90000025F9E74D4806F085FD6388002B18D026
:102AA00080221205944663449C000830FFF764FFBF
:102AB0002488002C0FD080231B059C466444A4006E
:102AC0002088002828D080231B059C466044800075
:102AD0000BE00024E9E70024F2E7008800281DD07D
:102AE00080231B059C4660448000A379042B17D0EB
:102AF000A842CFD08379042BEFD0062BCDD8008805
:102B0000002806D080231B059C46604480000400FA
:102B1000EBE700240020E8E70020E6E70020E4E7F8
:102B2000A1888900B142E3DB4B46C91A402918DC71
:102B30004346062B37DCA371200008302388224A45
:102B40001268002B36D0802109058C4663449B0017
:102B5000D360032F30D90023A360C0BCB946B04670
:102B6000F8BDE5182800FFF7C7FE0423AB7120006D
:102B7000FFF7A2FE688023882B80002B11D08022D3
:102B80001205944663449E002800FFF795FE70806E
:102B90002800FFF791FE208049462000FFF7ACFE99
:102BA000C6E70026F0E70A4B0A4AC6210A48490050
:102BB00006F060FC0023CBE7084B064AA821064834
:102BC000FF3106F057FCC046F0F80220884B031096
:102BD000984B0310787A0410504B0310AC4B031041
:102BE00070B505000E00144B1B689888002805D0AE
:102BF00080231B059C466044800004E0002002E026
:102C000000240DE020000C4B1B680433834212D0DB
:102C10000388002BF4D080221205944663449C0064
:102C20008379042BEED0AB42ECDBB342EADC083014
:102C3000FFF7A2FEE6E770BDF0F802207047000043
:102C400030B50F4B1D68002D17D00E4B1868013D95
:102C50000B4B1D60002306E0591C0A4A8C00A45847
:102C60009B009C500B009D42F6DC074A1368591CE0
:102C70001160064A9B00985030BD0020FCE7C0461A
:102C8000E021032098210320942103204C210320DC
:102C900070B5154B09221A60144B00221A600025EA
:102CA0001FE00921280007F0F3FD114C6B005A19B1
:102CB000D20011550F4A880080585B19DB00E418D8
:102CC0006070093189008B58A3700921280007F032
:102CD000DFFD0002A08100232361074BAA00D4502E
:102CE0000135082DDDDD70BDE02103209421032096
:102CF000E4210320AC800410982103208B68092B69
:102D000007D00F2B07D09800C0188000034BC018C5
:102D100070470F23F7E70923F5E7C046EC300120A1
:102D200070B543790169C4780A78D2070AD42201C0
:102D30008A18957CD27C12022A43120412149B1822
:102D400000E00C33002BFCDB00E00C3B5F2BFCDCD9
:102D500002335B01426912699A18002C03D08B7808
:102D60005B08403BD218002A1DDB8E235B009A4291
:102D70001ADB1D3AFF3A1400C0214900100007F089
:102D800087FD0D00C0214900200007F081FD0300F0
:102D9000062800D907231D35FF35054A6D00A85ABE
:102DA0009B02184303E00022014B5200D05A70BD31
:102DB000747B041010B50C00FFF7A0FFE268D3008D
:102DC0009B189B00024A1268D318036010BDC046CE
:102DD000ECF80220084B1B680360084B1B6843603B
:102DE00064228260642B01DD642343603023C3606E
:102DF000002303617047C046ECF802209C3B012091
:102E0000044B1878002804D0034B1868431E9841DF
:102E1000C0B27047142F03207804032010B50400BB
:102E20000068FEF73BFC0200074B186800230021F6
:102E300008F008FD054B1A68002307F08FFD044ACF
:102E400023000CF083FD10BDD01B0320BC1A03200F
:102E5000C935001070B5194B1B78DA071CD4174A16
:102E600002218B431370164B164A12681A60164BD8
:102E7000164A12681A600024124B1B68A34210D92C
:102E8000A500134E33685859FEF702FE306840190A
:102E9000FFF7C4FF0134EFE7084A02210B43137028
:102EA0000BE0002407E0A3001B199800094BC01891
:102EB000FFF790FF01340F2CF5D970BD2E2F0320A2
:102EC0001C0D032078040320A81703209C3B01203D
:102ED000701B0320EC30012010B5030000201856B1
:102EE000B0309A89D989090A10430CF0AEFC10BDA4
:102EF000F8B505001A4B1B68834205DC184B00220D
:102F00001A60184B1A60F8BD174B8200D658300073
:102F1000FFF7E2FF002373617371F3789C46104B57
:102F20001F68013F1F602B0006E0591C0E4A8800F5
:102F300084589B009C500B009F42F6DC094A1368A2
:102F4000591C1160094A9B009E506346002BDAD041
:102F5000074B1B78012BD6D82800FFF7C9FFD2E713
:102F600094210320E02103204C21032098210320F9
:102F70001E23002070B50C00FFF7C0FE0500E668B8
:102F8000002400E00134094B1B68A3420DDD084B0F
:102F9000A200D3585A69AA42F4D11B79B342F1D1A5
:102FA0002000FFF7A5FF013CECE770BD9421032052
:102FB0004C21032010B50020002200E00132094B13
:102FC0001B6893420ADD084B9100C9584969840087
:102FD000E3585B699942F1D91000EFE7FFF788FFEA
:102FE00010BDC046942103204C21032070B505007C
:102FF000802424020020002300E00133094A1268E3
:10300000033A9A420BDD084A99008A58917AA14204
:10301000F3DA5269AA42F0D30C001800EDE7FFF78B
:1030200067FF70BD942103204C21032010B50020C0
:10303000002301E0180001330A4A12689A420EDDAB
:10304000094A99008A58D1780029F3D15169064A72
:103050008400A25852699142EDD31800EBE7FFF7C4
:1030600047FF10BD942103204C21032070B50500BB
:10307000002400E00134084B1B68A3420ADD074B23
:10308000A200D3585B69AB42F4D12000FFF730FFB8
:10309000013CEFE770BDC046942103204C21032082
:1030A00070B504000D000979002A1CD03F2211439D
:1030B000C9B21970200040300CF0C7FB29782000FD
:1030C00020300CF0C2FB6978200060300CF0BDFBB2
:1030D000A978200080300CF0B8FBE9782000E030BF
:1030E0000CF0B3FB70BD6A791143E2E7F8B5040058
:1030F00003698B422DD02161E27012018D18AE7AE6
:1031000002202056A289E31D29000B311043012221
:10311000FFF7C6FF01202056A789230008330122AC
:103120003240291D3843FFF7BBFF00202056C03036
:10313000A389A97A627A114318430CF086FB2A7B93
:10314000697B0F230B4012099B181E22D31AA3720E
:10315000F8BDC3789342CED1FAE770B50400FFF70B
:10316000DFFD0500E389834200D170BD00202056B9
:10317000A030A389FF21294018430CF066FB0020F2
:103180002056B030A389290A2022114318430CF09D
:103190005CFBE581E9E70000F0B5A5B00C00FFF7A6
:1031A000ADFD07002369403B036100240026002594
:1031B00009E0FFF7D2FF174BAA00D158B20012ABBB
:1031C000D15001360135144B1B68AB420ADD114B5F
:1031D000AA00D0584369BB42EBD0A3006A4698507E
:1031E0000134EFE7002305E09A0069465058094989
:1031F00050500133A342F7D3002307E01919980078
:1032000012AA8058034A890088500133B342F5D38B
:1032100025B0F0BD4C21032094210320F8B5040013
:10322000FF2915D881710569C67843695B68234811
:10323000C35C01335B00FF220A40825C53435B0A9C
:103240003F27FF1AE1793F230B40BB4206D1F8BD6F
:103250001B4B1C4A1C481D4906F00CF93F2399439F
:103260003943C9B2E171022020564030A389184386
:103270000CF0EBFA3301EB189B7ADB07E7D533014F
:10328000EB185B7A3F2BE2D09F4200D81F00227AD6
:103290003F23110099430B003B439A42D7D023723E
:1032A000012020564030A2893601AD19297A3F24E9
:1032B000A143194310430CF0C8FAC8E7F47A04108C
:1032C000CC4B0310AC7A0410DC4B03104502000019
:1032D000F0B583B007000E0015000193124B1B7868
:1032E000002B00D10025FFF7ABFC041E17D047616F
:1032F000089B03713378DB0713D5F3784371FB68C0
:1033000063722A0031002000FFF7F0FE09992000C7
:10331000FFF784FF0023E3812000FFF71EFF03B0C7
:10332000F0BD019B4371EAE71E230020F0B5CE46B5
:10333000474680B583B00C00CE680F69002F2DD0B2
:10334000FFF7DCFC0500A368092B2AD00468B0460F
:10335000227863781B02134304221A409146424BA1
:103360001B78002B37D0012B52D0404B1B68002B11
:1033700000D175E001970096434600222100280005
:10338000FFF7A6FF4B46002B34D00197009643462B
:10339000012221002800FFF79BFF2BE0FFF7EAFD49
:1033A00028E03300233B2E2B24D8314B1C68F3003C
:1033B0009B199B002F4A94466344E4182E490B68DE
:1033C0002E4AD65401330F2213400B603C239846FB
:1033D000BEE7FFF7EFFD2A4B1B68082BF9D84B46D9
:1033E000002B0CD1019700964346002221002800B3
:1033F000FFF76EFF03B0C0BCB946B046F0BD019701
:1034000000964346012221002800FFF761FFE9E70B
:103410001B4B1B68092B0FD0194B1B68082B0FD0B7
:103420004B46002B13D10197009643460022210002
:103430002800FFF74DFFDDE72800FFF7D7FDEBE79A
:103440004B46002BEFD02800FFF7D0FDE8E70197AF
:1034500000964346012221002800FFF739FFE2E7EA
:10346000FFF7E4FD86E7C0461E230020E02103208D
:103470001807032014FBFFFF74F3022064F30220FB
:103480009421032070B505008160104B1B688B42AE
:1034900000D30B00002A04D00D4A12689A4200D2D1
:1034A00013006B60002400E00134082C0DD8094B98
:1034B00062001219D2009B185B69AB42F4D1054837
:1034C00080188179FFF7AAFEEEE770BD9C3B0120D2
:1034D000A8170320E421032010B50C00FFF70EFC11
:1034E000E3682169072B04D07B2B05D1FFF7BEFDD4
:1034F00002E00122FFF7C6FF10BD000070B5050015
:103500000F4B1B6883421AD00D4B1860002409E052
:10351000A000001980000B4BC01800222900FFF703
:10352000B1FF01340F2C0AD8F2D00648A3001B19B2
:103530009B00C01881680022FFF7A4FFF1E770BD6F
:103540009C3B0120EC30012070B50400034D28683D
:1035500021000CF02DFA2C6070BDC046D01B03205A
:1035600010B50C69CA688B68512B00D010BD032AB6
:10357000FCD12078000463781B021843A378184319
:10358000FFF7E2FFF2E710B50B79C02B16D008D891
:10359000902B0DD0B02B0ED0802B01D1FFF7EAFC81
:1035A00010BDE02B0DD0FF2BFAD1FFF7D9FFF7E7C5
:1035B000FFF7BCFEF4E7FFF78FFFF1E7FFF7FAFB39
:1035C000EEE7FFF7E9FDEBE710B582B00400006815
:1035D00001A9FEF751FA002801D102B010BD0199EE
:1035E0002000FFF7D0FF019B1A79FF2A02D19B68C8
:1035F0002F2B03D02000FFF711FCEEE7084A1368D9
:10360000013B1360002BE8D1064B1B78002BE4D064
:10361000054A0023054800210CF098F9DDE7C04673
:103620001C0D0320412F0320552E0010881300008D
:1036300010B5174B1B78002B00D110BD0CF09AF978
:103640000CF08EF9002408E0A3001B199800114B20
:10365000C0180021FFF70AFD01340F2CF4D9002413
:1036600006E00D4BA2001B689858FEF713F80134D2
:103670000A4B1B68A342F4D8074C206801F030F8CD
:1036800000232360054A13600CF07EF9D5E7C0469D
:10369000142F0320EC300120701B0320780403203A
:1036A00010B5044B1B78002B00D110BD00200CF08E
:1036B00075F9FAE7142F032010B5104B1B78002B77
:1036C00000D110BD01200CF069F9002400E00134A4
:1036D000082CF6D80A4B62001219D1005B185B69FE
:1036E000002BF4D0064B5B181A69064B1B689A42F4
:1036F000EDD2034BC818FFF7EFFBE8E7142F0320C8
:10370000E42103201807032010B5054B1C688B002B
:10371000E418FEF7E5F920602000FFF77FFB10BDFD
:10372000701B032070B505000C001E4B1B78002B8E
:1037300037D0002835D0FDF7ABFF800000F08AFFBE
:10374000194B18602800FDF7A3FF184B1860184BA1
:103750001860184B1C702800FDF7A9FF164B186065
:10376000164B174A1A60174B174A12681A60002442
:1037700004E021002800FFF7C7FF01340B4B1B6852
:10378000A342F6D8002407E0A000001980000F4BE8
:10379000C018FFF71FFB01340F2CF5D900200CF0E7
:1037A000FDF870BD142F0320701B03207804032044
:1037B0001C0D0320412F0320BC1A0320D01B032023
:1037C00020A10700A81703209C3B0120EC3001201A
:1037D00010B5044B1B78002B03D0002801D0FDF757
:1037E00053FF10BD142F032010B5044B1B78002B82
:1037F00002D0FDF75FFF10BD0020FCE7142F03206F
:1038000010B5084B1B78002B00D110BDFFF710FF3F
:103810000BF0F2FF0448FFF707F8024B00221A7082
:10382000F3E7C046142F0320184C031010B50B48C3
:103830000121FEF7DFFF02000832094B1A60094B35
:10384000C218094B1A60094BC218094B1A60094B80
:103850009C466044084B1860012010BD184C0310B2
:10386000ECF802200812000018070320A41800003A
:10387000E8F80220A42800001C07032010B50E4B16
:103880000020185E0BF0AAFF00200BF0FFFFFFF7EF
:10389000CDFF041E0CD0FFF7FBF9084B00221A6085
:1038A000074B1A60074B01321A700124200010BD2B
:1038B0000BF0A2FFFAE7C0461C230020701B032078
:1038C00078040320142F0320014B18707047C04662
:1038D0001E23002010B5044B9B689847002802D097
:1038E000024B014A1A6010BD6023002020170320FC
:1038F00010B5044B9B689847002802D0024B014A40
:103900001A6010BDBC7A0410580403200B68002B09
:1039100004DBFE2B04DDFE230B6001E000230B60C3
:103920000368002B04DB7F2B04DD7F23036001E0B1
:10393000002303607047000010B5054B1B78002B77
:1039400000D010BDFFF7C6FFFFF7D2FFF9E7C04672
:10395000352F032010B5044B1B68002B02D01B69C8
:10396000984710BD0020FCE72017032010B5074B37
:103970001B68002B01D05B699847054B1B68002B27
:1039800003D01B6B002B00D0984710BD20170320DD
:103990005804032010B582B0040001910092084B36
:1039A0001B68002B0AD0694601A8FFF7AFFF044B44
:1039B0001B689B69009A01992000984702B010BDCE
:1039C0002017032070B584B004000D000392029309
:1039D0000A4B1B68002B0FD002A903A8FFF796FF24
:1039E000064B1B68DE69029B039A08990091290027
:1039F0002000B04704B070BD0020FBE72017032073
:103A000010B5034B1B68002B01D01B6A984710BDF3
:103A10002017032010B5044B1B68002B02D05B6AF3
:103A2000984710BD0020FCE72017032010B5044B79
:103A30001B68002B03D09B6A002B00D0984710BD59
:103A4000201703207047000010B5034B1B68002BA4
:103A500001D01B69984710BD5804032010B5034BD3
:103A60001B68002B01D05B69984710BD58040320E8
:103A700010B5034B1B68002B01D09B69984710BD04
:103A80005804032010B50300034A1068002802D030
:103A9000C2691800904710BD5804032010B5034BAD
:103AA0001B68002B01D01B6A984710BD58040320E7
:103AB00010B5034B1B68002B01D05B6A984710BD03
:103AC0005804032010B5034B1B68002B01D09B6AE0
:103AD000984710BD580403207047000070B584B0AB
:103AE00006000C0001AB02AA03A905F06BFC051E41
:103AF00004D1002C09D1200004B070BD019A0299B4
:103B0000039805F023FC2C00F5E70248310005F08E
:103B100049FDC046204C031000B583B008F0B4F94D
:103B2000FA20400004F087FC0F2005F07BFB012108
:103B30001148FFF7D3FFC82004F07DFC172005F0E3
:103B4000D1FAD0231B06802212045A625A6100F077
:103B500021FB01F0A1FB0BF057FD01AB00221A7015
:103B60005A709A7001980BF0F7FC0BF01DFD10F0E5
:103B70002BFC002003B000BD90D0030001E00370D7
:103B800001300378002B07D0044AD15C03220A409D
:103B9000022AF4D1203BF2E77047C04605310510F8
:103BA00070B504000D00002A01D1002070BD013A5B
:103BB000831800211970290030F052FA200030F0EB
:103BC000C3FA285C43425841C0B2EFE770B5050024
:103BD0000C1E01D1002070BD06F0FCFD002801DBA9
:103BE000A042F8D3013C2D1900232B702000F2E7EE
:103BF0000CB400B583B004AB04CB0193FFF7E6FF30
:103C000003B008BC02B018470300E03B062B09D8FC
:103C10009B00094AD3589F469D200AE0B82008E03F
:103C2000B82006E0672805D8044B8000C05800E0A3
:103C3000B62070470020FCE7008104109C8104102E
:103C400010B5FFF7E1FF10BD00B587B001236A464C
:103C50001370FFF7D9FF019000230293039300280C
:103C600001D107B000BD6846FDF7E0F8F9E70000B4
:103C700010B50C00084B1B78002B0AD0FFF7C4FFCF
:103C8000002C07D0002805DB7F2803D8034B185CE5
:103C900000E0002010BDC046402300201C8104101D
:103CA00070B586B00500140000236A461370FFF754
:103CB000ABFF060001902800FFF7C2FF0290E4135B
:103CC00001231C4021002800FFF7D2FF03900A4B7C
:103CD0001B785BB2002B03D1002E09D106B070BD5A
:103CE000064B1A6850232100280000F085FAF5E7FA
:103CF0006846FDF79BF8F1E7C22E0320303E012015
:103D0000014B01221A70704740230020014B002212
:103D10001A70704740230020704710B50C2005F042
:103D2000ECF90C2005F0DEF9002201210C2005F051
:103D3000BFF9D024240680235B01A3620D2005F087
:103D4000DCF90D2005F0CEF9002201210D2005F04F
:103D5000AFF980239B01A362162005F0CEF916204F
:103D600005F0C0F900220121162005F0A1F98023F9
:103D7000DB03A362072005F0C0F9072005F0B2F9C4
:103D800000220121072005F093F98023A3620E2071
:103D900005F0B3F90E2005F0A5F9002201210E204F
:103DA00005F086F98023DB01A3620F2005F0A5F959
:103DB0000F2005F097F9002201210F2005F078F976
:103DC00080231B02A362122005F097F9122005F050
:103DD00089F900220121122005F06AF98023DB0213
:103DE000A362132005F089F9132005F07BF9002266
:103DF0000121132005F05CF980231B03A3621A2024
:103E000005F07BF91B2005F078F910BD10B5D02323
:103E10001B065B681B0350D40023804A12689A4239
:103E200010D07E4A1360002B49D1002200212C20A3
:103E3000FFF736FF00220021E120FFF731FF784B2A
:103E400001221A60D0231B065B685B0345D4002364
:103E5000744A12689A4208D0724A1360002B3ED10D
:103E600000220021E420FFF71BFFD0231B065B6824
:103E70005B043AD400236C4A12689A4246D06A4ADC
:103E80001360002B33D1002200212820FFF708FF08
:103E9000002200215720FFF703FF002200211C20F1
:103EA000FFF7FEFED0231B065B681B032ED4002207
:103EB00000212B20FFF7F4FE28E00123ADE70022CC
:103EC00000212C20FFF7C0FE00220021E120FFF797
:103ED000BBFE534B00221A60B4E70123B8E700226F
:103EE0000021E420FFF7B0FEBFE70123C3E7002273
:103EF00000212820FFF7A8FE002200215720FFF70D
:103F0000A3FE002200211C20FFF79EFED0231B06EB
:103F10005B681B045AD40023444A12689A4208D0B2
:103F2000424A1360002B53D1002200212920FFF7C1
:103F3000B7FED0231B065B68DB044FD400233C4A4A
:103F400012689A4208D03A4A1360002B48D10022E6
:103F500000215220FFF7A4FED0231B065B689B04C0
:103F600044D40023334A12689A4208D0314A13607D
:103F7000002B3DD1002200215120FFF791FED023DC
:103F80001B065B685B0239D400232B4A12689A42F5
:103F900008D0294A1360002B32D100220021502082
:103FA000FFF77EFED0231B065B681B062ED4002382
:103FB000224A12689A4208D0204A1360002B27D167
:103FC000002200214F20FFF76BFE10BD0123A3E765
:103FD000002200212920FFF737FEAAE70123AEE7E0
:103FE000002200215220FFF72FFEB5E70123B9E799
:103FF000002200215120FFF727FEC0E70123C4E77C
:10400000002200215020FFF71FFECBE70123CFE75E
:10401000002200214F20FFF717FED6E73C230020A7
:10402000E4300120382300203423002030230020F6
:104030002C230020282300202423002020230020DC
:1040400010B5FFF76AFE10BD10B5FFF7DFFE10BD1B
:104050007047000030B50500002000280DD19142C6
:1040600000DA00BE054B03241800A043044C241AB8
:104070002C60032BF1D80139EFE730BD682F032006
:104080000000042010B501220021002005F026F9CF
:1040900010BD000070B50D4B00241C57182C03D028
:1040A0000A4B01341C7070BD094D28680100A03115
:1040B000F02212012FF07CFF2868A3001B195A017F
:1040C0008018A022002107F02FFDECE741230020FB
:1040D0000C1A032010B50400FFF7DCFF094B1B6826
:1040E000094A002151568A00521852019B1804E0D7
:1040F00001341A7007225A7002332278002AF7D14D
:1041000010BDC0460C1A0320412300207047000058
:1041100070B5050004221021FFF79CFF04002A68F7
:104120000248210007F0A4FE200070BD704C03106F
:1041300070B5060030F008F8400823252D1A002439
:1041400003E0202007F030FE0134AC42F9DB300000
:1041500007F05EFE70BD10B5002403E03D2007F0BF
:1041600023FE01344A2CF9DD0A2007F01DFE10BDA4
:1041700010B50400FFF7EFFF2000FFF7D9FFFFF7AE
:10418000EAFF034807F044FEFFF7E5FF10BDC04615
:10419000984C031010B5FFF753FF10BDF0B5C6469D
:1041A00000B505000F0016000024B44219DA0A21F8
:1041B000280006F06DFB0134331B98463031F9546A
:1041C0000A21280006F064FB051E0AD00321200006
:1041D00006F05EFB0029E8D1013F2C234246BB5488
:1041E000E3E7B44205DA331B013B2022FA540134E1
:1041F000F7E780BCB846F0BDF0B5DE4657464E4600
:104200004546E0B5A5B007000091140010002FF05E
:104210009BFF05000600CF4B1B785BB2002B0EDB2B
:10422000282F16D0292F00D169E12A2F00D169E16A
:104230002B2F00D07AE1083507239D436DE1C54B54
:1042400018221A70282F00D157E12C2FE8D100270F
:10425000E8E7C04B00229A5693009B185B01690067
:10426000BD4A5B1807331268D31800221A70270062
:1042700000E001373B78202BFBD0390000E0013112
:104280000B78002B09D0202B07D01A00613AD2B24C
:10429000192AF4D8203B0B70F1E74B1C98460023F9
:1042A0000B70AE4938002FF00BFF002805D0AC4949
:1042B00038002FF005FF002817D1FFF7E3FE002399
:1042C0002370A54B1D68A34B00229A5693009B18A0
:1042D0005B01ED18A3490622280007F02BFC200003
:1042E0002FF032FF0022062365E19F4920002FF0C6
:1042F000E7FE002812D09D4938002FF0E1FE00288B
:104300001AD09B4938002FF0DBFE051E824634D0C0
:10431000002E00D0EBE0FFF7BDFED0E78E4B186813
:10432000FA221201002107F0FFFB8A4B00221A70CB
:10433000C5E701239C46E0446319434503D942463F
:104340001278202AF5D0434503D943461B78002B29
:1043500007D18848FFF7BEFEFFF79CFEFFF79AFEE5
:10436000ADE72E2B05D143465B78002BF4D0202BF4
:10437000F2D08148FFF7AEFEEEE78048FFF7AAFED5
:10438000FFF788FE10AF7E4B3A0043CB43C243CBCE
:1043900043C243CB43C243CB43C27A4B7A4A9E1AB1
:1043A00001961FF0F7FE00900922532302A98C46C4
:1043B000634419003000FFF7F1FE3800FFF78AFE72
:1043C000724E326808327249380006F0D9F9316805
:1043D0000B784A7812021A438B781B041343C8786F
:1043E000000618430922532302A98C46634419008E
:1043F000FFF7D4FE3800FFF76DFE072102A81FF07B
:10440000EDFE2E00022700E00136062E1EDCF30032
:1044100002AA9B58002BF7D05E49320010A806F084
:10442000AFF9F30002AA94466344994658680830ED
:10443000092253216144FFF7B1FE10A8FFF74AFE9D
:104440004B465B680833ED180137DDE74F4B9B4661
:1044500019680A784B781B0213438A7812041A43AE
:10446000CB781B0613434C4A126890469844FFF7DA
:1044700011FE4A4910AB99463A00180006F080F93F
:104480005B4619680A784B781B0213438A7812043A
:104490001A43CB781B061343019AD0182818092217
:1044A0004F2102AB9C466144FFF778FE4846FFF778
:1044B00011FE3B4B4A4643CB43C243CB43C243CBA3
:1044C00043C203CB03C2009B42469B1A5B1B00D432
:1044D0009A4609224F2102AB9C4661445046FFF7A1
:1044E0005DFE10A8FFF7F6FDFFF7D4FDE7E62D48C7
:1044F000FFF7F0FDFFF7CEFD0DE7002792E6002362
:104500002370DEE6002E00D1DBE6013D65190023B5
:104510002B70D6E62023A3550136AE4201DA4B2E8E
:10452000F8DD0136A61900233370CAE60099380079
:10453000FFF79EFB002800D1C3E67E2800DDC0E621
:104540004B2E00DDBDE660550135651900232B704B
:10455000B7E6C046412300200C1A0320786B0310F5
:10456000B84D0310F84E0310C44D0310C84D03108E
:10457000E44D0310CC4D0310D04D0310E84D031053
:10458000FC4D03107069051000000010C82A0320BC
:104590002C4E0310584E031018230020884E031091
:1045A000B04E0310DC4E0310A15CE954591C0726E1
:1045B0006E54023301328242F6DB5F22EA545A1C07
:1045C0008721A954023304E05A1CAA180021117053
:1045D00002339F2BF8DD25B0F0BCBB46B246A9469E
:1045E000A046F0BD10B594B000F0BCFF0FF0E2FEA5
:1045F000FFF768FA01E0FFF7B9F911482FF094FED0
:104600000028F8D00E482FF017FE0E4B01241C7026
:104610000D482FF0C9FD0D4B1C7000230022002116
:104620000020FFF76DFB00236A461370084B1A60E9
:10463000FA208000FFF70CFDFFF798F9F8E7C04675
:10464000C03C01201C2F0320080B0320C22E032096
:10465000303E012010B5D0231B061B68002B03D071
:10466000064B1B78002B03D10121FEF7E9F910BDA1
:10467000034B044A0448054904F0FCFEE02E0320E5
:10468000004F0310588304102C4F03107D020000CC
:1046900070B5D0231B061B68002B03D00B4B1B7877
:1046A000002B0CD141430C0001212000FEF7C8F97A
:1046B00005002200002107F037FA280070BD044BE6
:1046C000044A0548054904F0D5FEC046E02E032003
:1046D000004F0310488304102C4F03108302000086
:1046E00010B5D0231B061B68002B03D0064B1B788C
:1046F000002B02D1FEF740F910BD044B044A0548D7
:10470000054904F0B7FEC046E02E0320004F031019
:104710003C8304102C4F03108A020000094B5B7984
:10472000002B0ED0A022D205074B0B21D150A02286
:10473000D205054BD3580B221A42F8D1014B002267
:104740005A717047F0E9022044040000074B1968D1
:104750000B794A7912021A438B791B041343C879E7
:10476000000618431F300002000A7047C82A0320C1
:1047700004498A6A3F2313402033034A93718B6AAA
:104780001360704700400540F0E90220F8B51AE0D8
:104790000133032B12DC1B4A5900C918C9005218F7
:1047A0005269002AF4D017495A00D218D2008A1848
:1047B000506A8A689042EBDC002500E00125002D5C
:1047C00003D1002D1DD00023E3E70E4B9E68013678
:1047D0009E60002412E00B4B62001219D2009B185D
:1047E0005F690521300006F053F87B1E9F41064BA0
:1047F00089000919C9005B18DF710134032CEADD57
:10480000DFE7F8BD40F802201C1A032010B50C2980
:1048100006D80368054A1340C9020B43036010BD64
:10482000034B044A0448C32104F024FEFF87FFFF22
:104830006C4F0310C08304108C4F031000B583B07D
:1048400001000023019310330193134B019301A83E
:10485000FFF7DCFF019B0C22190091430A0008219D
:104860000A4301920D4A1A400A4301920C4A1A4027
:104870000A4301920B4A1A401143019109210A434C
:104880000192094A1A400A43019208481840084315
:10489000019003B000BDC04610801F0033F8FFFF39
:1048A00033F8BFFF33F89FFF33F81FFF31F81FFFC6
:1048B00010B53F2906D80368054A1340C9030B43C6
:1048C000036010BD034B044A0448B52104F0D2FD37
:1048D000FF7FE0FFE84F0310A88304108C4F031004
:1048E00030B583B005000C000920FFF7A7FF019049
:1048F000102302009A4313000192202213430193D4
:104900001C23984310430190232101A8FFF7D0FFF7
:10491000064B01225A71064B1A681032054B1A6079
:104920005D609C60019ADA6003B030BDF0E902205E
:10493000902300204002005030B583B005000C00E9
:104940000A20FFF77BFF019010220300134301931D
:104950002023010099430B00134301932C23984318
:10496000030013430C3A13430193222101A8FFF7DC
:104970009FFF074B01225A71064B1A681032064BF3
:104980001D605A609C60019ADA6003B030BDC04679
:10499000F0E90220902300208002005010B5144B53
:1049A00004221A71002305E0124A59008024640091
:1049B0008C5201331F2BF7DD0E4C22888023DB0045
:1049C00013432380E28F80239B001343E3870A4B2A
:1049D0001B680022DA6658600132DA660748202137
:1049E000FFF77EFF20212000FFF7A6FF10BDC04685
:1049F000F0E9022058140320902300205CF20220EA
:104A000070B50600154B03221A71802901D84B1E80
:104A10000BE0134B134A1448144904F02BFD5A1CA5
:104A2000134CE55C52001553013B002BF7DA802351
:104A3000DB000B430E4803804A00145A80239B007E
:104A4000234313520B4B1B680022DA665E6001326F
:104A5000DA660131FFF770FF70BDC046F0E9022051
:104A6000FC4F0310948304101C5003100302000039
:104A70005CF202209023002070B5614B1B78002B64
:104A800004D15F4B01221A7000225A705C4B1B78D4
:104A9000012B0BD0022B2BD0594B1B78032B2DD085
:104AA000574B1B78042B00D1A6E070BD544A01235C
:104AB000D35601335370524B01229A56032A0FDC0E
:104AC0004F4B51008918C9005B182833187800280B
:104AD00003D14B4B01325A70EDE7FFF75FFFE4E77C
:104AE00002221A7000221A749878FFF757FFDCE749
:104AF000434B03221A7000225A70CDE7404A01232B
:104B0000D356013353703E4B01241C57032C61DCF8
:104B10003B4B62001219D2009B185B69002B03D13A
:104B2000374B01345C70EEE7364A5360364B1978E8
:104B3000012917D0324B62001219D2009B185B6A10
:104B40005A1C0FD0022921D02E4B00221A700821A6
:104B50002B4B62001219D2009B1828331878FFF7EC
:104B60004FFFA2E7264B62001219D2009B189A69E8
:104B7000254B9B689A42E7D02248022303700830F5
:104B80002249702206F0D6FF7821E1E71D4A043160
:104B9000117093601A4A611C4B005B18DB00D3183C
:104BA0009868936898420FDA0130164DE860052145
:104BB00005F06EFE164B49012800103059182022CE
:104BC00006F0B8FF3021C3E70E4B01225242DA60F3
:104BD0001021BDE704221A701B7C002B00D15FE777
:104BE000084A1370064C63685360A0780821FFF7E9
:104BF00007FF0023237458E7014B05221A7054E77E
:104C000040F802205CF20220141903201819032036
:104C10001C1A0320F0B5C64600B5BF4B1B68DA6A04
:104C2000BE4B1968EFF3108072B60B685C426341AB
:104C3000DCB2002BF9D1BFF35F8FB84B586053063D
:104C400027D4930600D4DDE0B34B1C68636B5B058F
:104C50001DD5636EB24B01221A71B24A00219172C6
:104C60001B68B14D6B60FFF771FD0002030A6B70AA
:104C7000030CAB70000EE870AC4B1B78012B00D11D
:104C800082E0022B00D18AE0A74B00221A70236D2C
:104C9000AEE0FFF743FDA04B1B685B6DA44B1B7898
:104CA000012B0ED09E4B00221A719C4B1A685B6838
:104CB000BFF35F8F0021116083F3108880BCB8467A
:104CC000F0BD974B1B79002BECD0964B1B78012B3A
:104CD00005D0934B00221A71FFF7CEFEE2E7914B0D
:104CE000012018560600914B1B78012B3AD08D4BB2
:104CF00042001218D2009B1829331A780132D2B21E
:104D00001A70102AE5D9874B42001118C9005918AA
:104D100000244C610B0028331C70FFF737FDD8E7E7
:104D2000711C824A73009C469C19E40014194B00C4
:104D300098465F18FF00D21914341432A8CAA8C4C8
:104D4000A8CAA8C4774A33006344DB00D31844469A
:104D50006518ED0052191433143270CA70C370CA4A
:104D600070C30E00022EDBDD704B5A7B013A5A7382
:104D70000022DA659968013199606A4BDA65702121
:104D80005A5401385870A4E767480370674B9B6812
:104D9000836068490C30122206F0CCFE77E7624B44
:104DA00005221A705F4A51699960D0681369984268
:104DB00013DA01305C4DE860052105F069FD5E4BBA
:104DC000002018565D4A8B001B18DB0028001030AD
:104DD000D118082206F0AEFE59E7534B0122524289
:104DE000DA6054E74F4A591C91724F4AD35C2361F1
:104DF000636F102B00D158E74A4B9B7A5BB21F2B95
:104E0000F0DD52E7530718D5434B1B681B691A05A1
:104E100007D5434A02211171424A0021117253728F
:104E200043E740490A7A497A8A4200D33DE73D493F
:104E3000501C08723C498B5437E7920500D434E784
:104E4000354B1B681B6E3A4B1B78012B0ED0022B87
:104E500000D02AE7324B1B79012B00D1CAE0022B8C
:104E600000D1CCE02E4B00221A711EE72C4B1B798F
:104E7000042B08D0032B00D1B6E0294B00221A7175
:104E8000FFF7FAFD11E7A022D20591239B00D3582A
:104E9000254A9B1A202BF0D11378012B54D0052BD7
:104EA000EBD1204A0124145713336343D318293319
:104EB000002119701378012BDFD11C4B1B78022BBA
:104EC000DBD11F4B996A1300601C182242439B18C8
:104ED0005960154A91689960D5686B1CCDD0114B0B
:104EE0009B689D42C9DD0F4BDB689D42C5DA0521F9
:104EF000280005F0CDFC114A8B001B19DB00D018EF
:104F00001049082206F016FE064B182262439B1831
:104F10005D62FFF73BFCB0E7902300208C3B012053
:104F2000F0E9022040F802205CF20220141903206C
:104F30002F2F032030070320D22E03201C1A03201A
:104F4000004005406CF20220614B1B78022B15D00B
:104F5000012B92D15F4B1B78012B8ED15C4B012032
:104F600018565D4A946A421C18214A439A185460A4
:104F70005A4A926841435B189A617EE75468544BE1
:104F80005C60544B1B78012B03D0514B04221A74E4
:104F900073E715682D0AFFF7D9FB854203D04C4B08
:104FA00007221A7469E74B4B597B032918D8484AE2
:104FB000907818234B43D21854612832107045481A
:104FC000C3185C611833464A70CA70C314681C6009
:104FD00092889A80013141738368013383604CE782
:104FE0003B4B03221A7448E7A022D205A0239B0062
:104FF000D35842E7384B9A6A354B1A6032E7344B44
:105000001A7A5B7A9A4200D02CE7364B1D68334BF4
:105010005B689D4200D025E72F4B9A6A2C4B5A6063
:105020002E4B1B78022B0FD0062B29D0294A127841
:10503000012A00D016E7042B45D0072B00D011E73A
:10504000244B03221A730DE7224B1B78012B00D04F
:1050500008E725482549702206F06CFD1C4BFF220D
:10506000DA7200E00134032C00DDFBE6194B182254
:1050700062439B185B699D42F4D1154BDC72F1E7EA
:10508000144B02221A70154BD868431C00D1E9E674
:10509000124B9A680E4BDA605B690133984200D07C
:1050A000E0E60B4B9B69984200DBDBE6084B58615E
:1050B000052105F0EDFB0E4B490158180D49202242
:1050C00006F038FDCEE6034B01321A73CAE6C0463D
:1050D00040F8022014190320004005405CF2022031
:1050E00068F20220F0E902201819032064F202207D
:1050F0001C1A03206CF2022010B5002B02DB0260A8
:10510000436010BD024B034A03483F2104F0B2F94B
:1051100058500310688304107450031070B582B0A7
:10512000060014001D00FA229200002306980021B8
:1051300006F088FB02000B0012196B41002B09DB03
:105140006846FFF7D9FF009A019B32607360300018
:1051500002B070BD01225242004BF1E7FFFFFF7F1A
:1051600010B582B0040003F0F7F902000B006846A6
:10517000FFF7C2FF009A019B22606360200002B02B
:1051800010BD30B585B004000D0002A8FFF7E8FFA0
:10519000029A039B00952000FFF7C0FF200005B096
:1051A00030BD000030B583B02B4B1A68EFF310818F
:1051B00072B6136858424341DCB2002BF9D1BFF3F9
:1051C0005F8F254B5960254B1B79002B21D0244B39
:1051D0001B685A6B214A002111716C3380229201A5
:1051E000134302221A6014E0130020229A7017E081
:1051F0000132032A0BDC1B4950008018C300CB1876
:10520000283318788B789842F2D10125F0E7002DE9
:1052100009D0144A93780133DBB29370602BE3D04A
:1052200022000025E5E70F4B00241C70FFF724FC4B
:10523000094B1A685B68BFF35F8F146083F31088B3
:105240000A216846FFF79DFF009A019B012003F0A9
:1052500033FA03B030BDC0468C3B0120F0E9022098
:105260009023002040F8022010B5084808220021B1
:1052700006F05AFC06487422002106F055FC054849
:105280007422002106F050FC10BDC046F0E9022057
:1052900040F802201419032010B5174B1B78174B48
:1052A0001B78174803F062FC1648174902F018FBF8
:1052B00003210E2003F0E4FE03210F2003F0E0FEA3
:1052C000002201210E2003F0F3FE002201210F2015
:1052D00003F0EEFE0D49182003F0CCFA0C49012032
:1052E00003F0A2F9C021012003F01EFB01210120DF
:1052F00003F0A6FA10BDC046303205102C3205105E
:105300008C3B01209023002000350C00154C001030
:10531000A5510010F0B5CE46474680B583B0814612
:1053200088461700354B1A68EFF3108172B6136880
:1053300058424341DCB2002BF9D1BFF35F8F2F4BB2
:105340005960012003F02CFAFFF78EFF2C4B012649
:105350001E702C4D2C4928001830122206F0EAFB52
:105360002A4B9A6A2E706A612E736E734B46AB732A
:105370004346EB732F74AE60254B202199705A6120
:10538000012252429A600DE0214A63001B19DB00A2
:10539000D318012149425962013463001B19DB0013
:1053A000D2189160032CEFDD1A4C23680025DD66CE
:1053B00000220021200002F0BFFA23689022920010
:1053C0001A630122DA660D4B1A685B68BFF35F8FC0
:1053D000156083F310880A216846FFF7D2FE009A11
:1053E000019B012003F068F90121182003F028FA3D
:1053F00003B0C0BCB946B046F0BDC0468C3B0120EE
:105400002F2F0320141903203007032000400540EC
:1054100040F802209023002070B51F4B1A68EFF36C
:10542000108172B61368002BFCD0BFF35F8F1A4D4A
:105430006960012003F0B4F9FFF716FF174B01264E
:105440001E70174B02221A70164B033A5A61DA602B
:105450001A61FFF78DF9144B9A79144C0121200041
:1054600002F06AFA21680022CA6680239B010B437E
:10547000802119602368E531FF311963DE662968F0
:105480006B68BFF35F8F0A6083F3108801211820D7
:1054900003F0D6F970BDC0468C3B012014190320DF
:1054A0002F2F032040F80220F0E902209023002053
:1054B00010B5234B1A68EFF3108172B61368002BF6
:1054C000FCD0BFF35F8F1E4B59601E4B1B78022B25
:1054D0000AD000201A4B1A685B68BFF35F8F002167
:1054E000116083F3108810BD174B1B79002B25D159
:1054F000164B9B6A164A12689B1A164A127B012A9F
:1055000004D0154A934203D80020E3E7134AF9E791
:10551000FFF72EF90F4B1B78012B0AD0104B1B689D
:105520000022DA66084A92799A600122DA6601203E
:10553000D0E7084B00221A739A60EFE70020C9E712
:105540008C3B01202F2F0320F0E902200040054072
:1055500040F802201419032040420F00A0860100E9
:105560009023002010B5154B1A68EFF3108172B626
:105570001368002BFCD0BFF35F8F104B5960104BAA
:105580001B78002B09D10D4B1A685B68BFF35F8F46
:105590000021116083F3108810BDFFF7BFF80120D0
:1055A00003F0FEF80021182003F04AF9054B1A68B1
:1055B0000023D366024A1370E5E7C0468C3B012006
:1055C0002F2F03209023002010B5154B1A68EFF3FE
:1055D000108172B613685C426341DCB2002BF9D1D2
:1055E000BFF35F8F0E4B59600E4B1B78022B10D010
:1055F000012B12D10C49702206F09CFA084B1A6854
:105600005B68BFF35F8F0021116083F31088200077
:1056100010BD064B0B241C57ECE701246442E9E75C
:105620008C3B01202F2F03201819032040F8022063
:10563000104B1968EFF3108272B60B68002BFCD088
:10564000BFF35F8F0B4B5A600B4B0221197019731C
:105650000A4B1B78012B08D0064B1B68BFF35F8FEA
:105660000021196082F31088704703498B68013369
:105670008B60F1E78C3B0120141903202F2F0320AE
:1056800010B5104B1A68EFF3108172B61368002B37
:10569000FCD0BFF35F8F0B4B59600B4B1B78022B79
:1056A0000BD10A4B1861074B1A685B68BFF35F8F19
:1056B0000021116083F3108810BD044B5862FFF77E
:1056C00065F8F0E78C3B01202F2F032040F80220E3
:1056D00070B50400404B1A68EFF3108172B613687E
:1056E00058424341D8B2002BF9D1BFF35F8F3A4BF8
:1056F00059603A4B1B78012B0CD0022B3BD0200079
:10570000354B1A685B68BFF35F8F0021116083F32C
:10571000108870BD324B9B68A34205DD0134221D09
:105720002F4BDA602000EBE72E4B9E6A012500E04C
:105730000135032DF3DC2A4B6A005219D2009B1865
:105740005B69002BF4D0264B691C4A005218D2002A
:105750009B185B68F31A244A9342E9D9204B6A00EC
:105760005219D2009B181900283100220A705A6180
:10577000FFF70CF8DCE71A4B5B69A34204DD601C01
:10578000031D174A9361BBE7164B9B6A144A526884
:105790009B1A154A93421DD9144B00221A7005001A
:1057A0000AE0134B8A005219D2009B180022DA71CA
:1057B00001310429F5DD0135032D06DC0D4B1B7885
:1057C0005BB2AB42F7D00100F3E7084B00221A703E
:1057D0002000D5E72000D3E78C3B01202F2F0320AA
:1057E00040F8022000400540A0860100162F03204B
:1057F0001C1A0320D22E032010B502F0ADFEFA22AF
:105800009200002305F0AAF883001818C300181AA4
:1058100010BD10B502F0A0FEFA229200002305F0A0
:105820009DF810BD10B502F006FE10BD70470000D7
:105830008000044B1B681B581B021B0A024A10689D
:10584000C0187047C0F8022018230020D0231B0680
:10585000D861704701238340002903D0D02212066B
:1058600053617047D02212069361FAE710B5040025
:105870001022002106F058F980235B022360F823F0
:105880005B0263608023DB02A360C0231B03A36071
:10589000200010BD000C704780B2704770B5050045
:1058A0000C00FFF7E3FF22000B320D346B68044954
:1058B0000B40D2011343240323436B60280070BDC7
:1058C0007F00FEFF002904D0036810221343036009
:1058D0007047036810229343F9E7C046002904D0BB
:1058E0000368202213430360704703682022934318
:1058F000F9E7C046002A07D18001A023DB059C46BA
:1059000060440B68036170478001A023DB059C465F
:1059100060440B68C360F6E7002A06D18001A0232B
:10592000DB059C466044016070478001A023DB05D5
:105930009C466044C163F7E770B504AC20CC247882
:105940008001A026F605B44660440360426085608D
:10595000002C02D10B68036170BD0B68C360FBE7CC
:105960008001A023DB059C4660444160C261704712
:1059700001238340A021C905054A8B508301A02241
:10598000D20594466344DB68DB01F7D47047C04618
:10599000440400008301A022D205944663441B699D
:1059A000DB01F7D47047C0467047C04603681F222A
:1059B00093430A40134303607047C04610B5036821
:1059C000064C23404901F824A40021400B439202D5
:1059D000F821C9010A401343036010BD1F80FFFF77
:1059E0000368054A1340002904D080225202134361
:1059F000036070470022FAE7FFFFFEFFF820C001B6
:105A00007047C04613680A318900401843607047E8
:105A100003680B6043684B6083688B60C368CB602E
:105A200003690B61C36A4B61036B8B617047C046AE
:105A30000B6803604B6843608B688360CB68C3600E
:105A40000B6903614B69C3628B6903637047C0468E
:105A5000034B536001235381138101207047C046DB
:105A600024FC0220F0B5D6464F464646C0B52A4B28
:105A70001B78A7293BDCDA00D21A1301274E9B1AA8
:105A80005B02F318264A1568002D3ED0254A12689D
:105A90009246002A39D08F00BC468C446746BF012D
:105AA000BC4663449846204BA0249C46D2235B020C
:105AB000994600226400B1440FE057469B00DB5931
:105AC000B34206D34B4504D267469B5C5B00DB5B6D
:105AD000038001320230A24204D0AB5CCB1AECD579
:105AE0004346F1E7E0BCBA46B146A846F0BD012204
:105AF0005340DBB2DA00D21A13019B1A0B4A074E4D
:105B000094465B026344F318BCE7094A09480A4B10
:105B10000A4903F0AFFCC046E12E0320BC4001203F
:105B2000D02A0320CC2A03200405032000D8FFFF3D
:105B3000AC840410FC500310D8500310AD020000D8
:105B400010B50C2906D80368054A1340C9020B4357
:105B5000036010BD034B044A0448C32103F08AFCD0
:105B6000FF87FFFF6C4F0310348404108C4F031029
:105B700000B583B001000023019310330193134B50
:105B8000019301A8FFF7DCFF019B0C221900914350
:105B90000A0008210A4301920D4A1A400A43019261
:105BA0000C4A1A400A4301920B4A1A4011430191D0
:105BB00009210A430192094A1A400A4301920848FE
:105BC00018400843019003B000BDC04610801F007C
:105BD00033F8FFFF33F8BFFF33F89FFF33F81FFFA1
:105BE00031F81FFF10B53F2906D80368054A134056
:105BF000C9030B43036010BD034B044A0448B5219D
:105C000003F038FCFF7FE0FFE84F03101C84041012
:105C10008C4F0310F0B557464E464546DE46E0B57C
:105C20008BB01700059201228D787C780635A94645
:105C30003D7817008026274080463F026406039087
:105C4000C8783D43A70E76000197C4010F78344011
:105C50003C43A2464C46024014190C19E7186B004D
:105C60009C46029444466444A34604950693002A45
:105C700008D106318308172800D91CE3C34A9B00CA
:105C8000D3589F464B46CA5CC14B5501ED18022ABA
:105C900000D92AE3800800D16CE0022800D02AE372
:105CA0005346581021003A000F263C18002800D116
:105CB000CEE2370013781F401E4202D07F007F5B88
:105CC0000F801B0902D05B005B5B4B80013204310B
:105CD0009442EED1800058445346DB0700D578E06B
:105CE000019B002B32D01900059B5A789B78D20972
:105CF0005B001343143B5A4253415246D31A594353
:105D00009A46002922DD4B1E082B28D9049B039AB2
:105D100053445B00D0185A46024392071FD1069A9B
:105D200002329A421BD000235E464D08AD00F25865
:105D3000C25004339D42FAD101220B0093430A4220
:105D400004D05A00925B53445B009A53029BE01AC2
:105D50000BB0F0BCBB46B246A946A046F0BD5B46C0
:105D600052464900520059181888985202338B4203
:105D7000FAD1EBE7874B1B688B4200D1E9E1534630
:105D80005910230022009B0700D03BE23B000F206C
:105D90007C18002900D185E2197801330E097600BC
:105DA0000140765B49004F5B3104394302C29C429B
:105DB000F2D15346DB0700D492E70F232278013457
:105DC00013405B005A5B5946734B53445B005A5275
:105DD00086E70F221100237819401A4202D04900A9
:105DE0004B5B038001347BE753465B005B44994681
:105DF0000F232000984653463C0000930300674E53
:105E00002278FF2A00D11FE2607852009B180234EA
:105E1000012823DD1A0001259C46A2462300040028
:105E200008002900150047461A7802311740C75D5F
:105E300012097F00F75B01332F80825C5200B25A57
:105E40006A8004358C42EEDC010020005446634633
:105E5000821E52080132A41892009B1801220242AD
:105E600008D040462278013402408A5C5200B25A7F
:105E70001A8002334B4500D931E2C1D1009B9A46CA
:105E80002EE73B78454E5B00F35A23807B785B001E
:105E9000F05A5346022B41DD069A0123941C039AC3
:105EA000013594466444620813405246D11E023ABA
:105EB000052900D8FBE1002B00D1BCE102218C4672
:105EC00020800399D21A88465B195B00510843442D
:105ED00089000404C918044310C38B42FCD1012378
:105EE00013421BD09A43624459465300C85251464C
:105EF000541C01398C4211DA5B44941C58808C424A
:105F00000CDAD41C9880A14208DD141DD880A1426F
:105F100004DD05321881914200DD5881BB78FC1CFC
:105F20005B00F25A4FE753463C00DC4658101DD048
:105F300082005A4484463D005B460F24B846100058
:105F4000164E22002F7801353A408A5C3F095200F4
:105F5000B25A1A80CA5D5200B25A5A80043398422B
:105F6000EFD10300474660469C463C185346DB078A
:105F700000D4B5E60F23227801341340CB5C074AE6
:105F80005B009B5A62461380AAE6C046DC8304107D
:105F900004020420B0170320FFFFFF7F0405032045
:105FA00053465B001A0003232500994653465A4482
:105FB00007933F263B0092462F00D24C1A78FF2AC7
:105FC00000D13BE15200BF185A78023394469846FC
:105FD000032A00DC14E140463A0003250097477885
:105FE00083783F021B043B43077804353B4337006B
:105FF0001F40CF5D03307F00E75B17809F0937406C
:10600000CF5D7F00E75B57801F0B3740CF5D9B0C58
:106010007F00E75B9780CB5C5B00E35AD38008325C
:10602000AC45DCDC63461A1F920801325300009F26
:106030009B18D2004344BF1862464846654610404C
:106040004A462A4221D032001D782A408A5C5200FA
:10605000A25A3A80012800D1CCE05A78AD099200CA
:106060002A43350015404D5D6D00655B7D8002283B
:1060700000D1C2E090099A78033312010243324002
:106080008A5C5200A25ABA800637574500D919E1F6
:1060900094D1079A1C00924622E653465B102500D5
:1060A0009C463A00FC18002B00D1FDE00F269548D5
:1060B000370013781F401E4203D0CF5D7F003F5A48
:1060C0002F801B0903D0CB5C5B00C35A6B8001326D
:1060D00004359442ECD16346980058445346DB079C
:1060E00000D4FDE50F22150023781D401A4200D18F
:1060F00078E64B5D834A5B009B5A01340380EFE5F1
:10610000534658005844050008007E4E3B78FF2B4C
:1061100000D197E079785B00E4180237002912D0AB
:10612000AC46002305000800FA5CAA5C5200B15A94
:106130005A000133A1529842F6DC0100280065465E
:106140007F1849006418A54200D2C2E0DED13C00AD
:10615000C6E56D4B99461B68BB4200D17BE000232E
:1061600098466A4B00940793A02600237605B361F6
:1061700098330B205B051B68F369FFF7F9FB0B20D5
:10618000FFF7F6FC0021099009A8FFF79BFB09A87F
:106190000121FFF7A3FB09A82521FFF723FD00221A
:1061A0000B205B49FFF7B8FB3C0000220B2009A93C
:1061B000FFF7A0FB29234A46A03414607461B36141
:1061C00029220B200799FFF7CBFB43469F2B00DDCD
:1061D00086E50F21009A47443B78013718094000B3
:1061E0000B40405B5B005E5B0304334308C2BC4270
:1061F000F2D175E50133023747E70233043744E74C
:10620000434619E700294DD08C005C448C460F268C
:1062100021003C0030002378013418404000405BEE
:106220001B0910805B005B5B538004328A42F1D112
:1062300061467C18BDE501218C4642E6079A5C1C4C
:1062400092464DE57C1C4BE5009B01349A4647E5A0
:106250003C00584640E5A023B626DB05B60098462C
:106260002C4A9B59934224D90F2321009C46009726
:10627000674608001478013223095B003C405B5BF1
:106280006400645B1B042343036043469B59043151
:106290009A42EDD3009F00911C4B033A0793D31A07
:1062A000984661E73C0084E53C00584616E7012229
:1062B0001AE60094F0E7CE21174B184A18488900D7
:1062C00003F0D8F8C721174B144A1548890003F08A
:1062D000D1F8124A1248134B134903F0CBF80F4A76
:1062E0000F48104B114903F0C5F80C4A0C48104BED
:1062F000104903F0BFF8094A0948074B0E4903F05B
:10630000B9F8C04604050320702F01206001042065
:1063100000004050630104204C49031050840410D5
:10632000FC5003104C4A03102B030000DB0200005A
:10633000385103103E03000095030000A02210B561
:106340000021920005F0F0FB10BDC04670B50A1E9A
:1063500000D170BDD0252D0620236B610124213B87
:106360009C40AC61010002482DF07EFF6C61F0E7BB
:1063700000C0034030B583B06B46D91D0870D025EE
:106380002D062023AB610124213B9C40AC610122FE
:1063900002482DF069FF6C6103B030BD00C00340BE
:1063A00030B583B0052002F065FE030000900022A6
:1063B0000021062002F05AFD0521052002F060FEB2
:1063C000D0252D0620236B6201200521404202F0DA
:1063D00057FE012401235B429C406C620121022094
:1063E00002F04EFE0121032002F04AFE6C61154DC1
:1063F000154C2900200008F091FE2900200008F02B
:106400002BFE062002F036FE052002F033FE0F4878
:1064100005F0FEFC0E4C072323600E48072105F013
:1064200027FD2068FFF7A4FB0B4C20600C2398434A
:1064300020600A4805F0ECFC10212000FFF7D2FB99
:1064400003B030BD006CDC0200C0034054510310A7
:10645000BC3C012080510310E8300120B4510310EE
:1064600010B50D4808F018FB0C491E2002F002FA86
:1064700001211E2002F0E4F9094808F0E1F80120AA
:1064800008F044FB1E2002F0E3F906482DF08CFED4
:106490002AF038FFFCE7C046C0840410E56C001009
:1064A00031060020783B0120F0B5C64600B586B025
:1064B00005000F0090461E0002AC19002000FFF7F7
:1064C000EDF900230093230032004146380008F024
:1064D000E9FA2B0007CC07C322681A60280006B02F
:1064E00080BCB846F0BDC046EF2110B5024A034853
:1064F000034B490002F0BEFF98840410FC500310C7
:10650000E4510310F0B5C6464F4B04001E6800B5B9
:10651000002E00D192E00723B046CA1713405B1843
:106520004A4ADB1015689A00D31847685B01984403
:10653000AF4200D36CE0464A1368002B00D173E0F1
:106540005368002B00D171E09368002B00D16FE0FD
:10655000D3680320002B38D1C3001B1880001750CC
:10656000DA009B181B01EB18636007270F407F00C0
:106570003A00414620002DF03FFEA1200021442298
:106580006368C00019509888266958803148FF32E6
:10659000988031481980195000232281002E34D070
:1065A000423AFF3A227570683375854236D9284AD7
:1065B0001368002B0BD05368002B3BD09368002B43
:1065C0003AD0D3680321002B02D0FFF78DFF0021C2
:1065D000CB005B1889005050DA009B181B01ED18A6
:1065E0007560414630007A1C2DF006FEA120002186
:1065F00044227368C00019509888164C5880164879
:10660000FF3219809C801950328180BCB846F0BDA1
:10661000A2235B01EB189F42A7D38CE7A2235B0167
:10662000EB189842DDD3C2E7002095E7012093E7FD
:10663000022091E70121CBE70221C9E7074A084878
:10664000084B094902F016FF0C1A0320041A032014
:10665000540D03207D020000040500000084041096
:10666000FC5003100C5203105A0200007047C04641
:106670007047C046014B18707047C0465C2300202D
:10668000F0B5DE4657464E464546E0B5064B83B06C
:106690001C780093022C09D803B0F0BCBB46B2466C
:1066A000A946A046F0BDC046E32E0320D74B982252
:1066B0001D68D74B0021EE18300005F035FAFA239B
:1066C000DB00C8220021E81805F02EFAD423982216
:1066D000DB0000215200E81805F026FACD4B1A78AD
:1066E0009B46D3009B185B009B185B01E133FF3393
:1066F000E9184A78EB5C12021A43013A002A10DDCD
:106700009300CB18DB78C72B00D95DE2FA20C000DC
:106710008446EB1863441878B0541A70013A002A82
:10672000EED10020BC4D2856431C00D164E1BB4C87
:106730002668002E00D1E6E1B94B1B78002B00D172
:10674000A5E1002800D1A2E1082800DC13E20C2812
:1067500000DD30E245239A4675339C461D33994649
:106760000838440380233100AE4E9B00F7185B4687
:106770003000A846B346019362464B788E78D21A11
:1067800062431214D21853469B1B63431B149B197C
:10679000D210DB109201DB0213434A460D7803311D
:1067A000521B624312145219D21013430380023059
:1067B0008742E1D1019B5E4645469B46FF232B70F5
:1067C000994B1B68DB789B0800D016E2974B0121A0
:1067D0001B6898464246964B99461B785B00985E2C
:1067E000FFF726F88378102B00D900E20124C37844
:1067F0001C4200D1F5E1037B8E4D5B00F25A837998
:1068000001215B00F35A2B80C3795B00F35A6B8044
:10681000037A5B00F35AAB80437A5B00F35AEB8058
:10682000837A5B00F35A2B81C37AAA815B00F35A07
:1068300042466B81437B5B00F35AEB81837B5B00B9
:10684000F35A2B82C37B5B00F35A6B82037C5B00A1
:10685000F35AAB82437C5B00F35AEB82837C5B0090
:10686000F35A2B83C37C5B00F35A6B83037D5B007D
:10687000F35AAB83437D5B00F35AEB834B465B7863
:106880005B00985EFEF7D4FF8378102B00D9AEE151
:10689000C3781C4200D1A4E1837901215B00F35A43
:1068A0002B84C3795B00F35A6B84037A5B00F35A41
:1068B000AB84437A5B00F35AEB84837A5B00F35A30
:1068C0002B85C37A5B00F35A6B85037B5B00F35A1D
:1068D000AB85437B5B00F35AEB85837B5B00F35A0C
:1068E0002B86C37B5B00F35A6B86037C5B00F35AF9
:1068F000AB86427C4B465200B25A9B78EA86827C39
:106900005B005200B25A2A87C27C5200B25A6A8790
:10691000027D5200B25AAA87427D5200B25AEA87DB
:106920004246985EFEF784FF8378102B00D95EE123
:10693000C3781C4200D154E1422398464022474686
:1069400002339C46837946245B00F35A4821AB52BC
:10695000C3790A325B00F35AEB534C2367469846DF
:10696000037A5B00F35AEB534E2347469C46437A27
:106970005B00F35A2B53837A0A345B00F35A6B5251
:10698000C37A0A315B00F35AAB52037B0A325B00D5
:10699000F35AEB53562367469946437B5B00F35A01
:1069A000EB5358239846837B4F465B00F35A2B5397
:1069B0005A239C46C37B5B00F35A6B52037C0A311B
:1069C0005B00F35AAB52009B0A321C78437C5B009D
:1069D000F35AEB534746837C5B00F35AEB5367460D
:1069E000C37C5B00F35AEB53037D5B00F35A6B529D
:1069F000437D5B00F35AAB52052C00D04CE60E48A9
:106A00000378C82B00D947E618E0C0469823032036
:106A100098080000E22E03205C230020C40A032013
:106A2000CB2E032004050320B0170320C42A032023
:106A30004C7A041004020420662F03205B461B7866
:106A40000025C822704C002B73D1A02673009846F5
:106A500084466E4912E00F2800DD97E0431C5B106E
:106A60009BB21B189BB23B80D8B20F6878559A42F4
:106A700000DD1A000135454500D195E023686F001F
:106A8000D85FDF190028E6DA00200023EDE70022B6
:106A90005F4B9A5643001B181B02F318002A14D1AF
:106AA0005C4E802230009200B4185A7899781F7892
:106AB000D210C9109201C9020A43FF103A43028062
:106AC000023003338442F0D178E65348013A12028F
:106AD000504E801880223100AC469200B4185F7886
:106AE0009A781D78C75D825C455DD210FF10BF01AA
:106AF000D2023A43EF103A430A80023103338C4208
:106B0000EDD165465AE64548FBF756FE01210600E1
:106B1000FEF78EFE20603000FBF756FE404B2668E5
:106B2000C3185A42534100203E4ADBB21370285624
:106B300004E6A0277B0098468446344910E00F28DD
:106B40002BDC831C5B109BB21B189BB23380D8B22A
:106B50000E6870559A4200DD1A000135454523D074
:106B600026686B00F05EF6180028E8DA0130308005
:106B700000230020ECE70921000403F089FE002334
:106B80009A469C46FF3304009946EBE50423C4284B
:106B900000DC66E7C820C82367E7C42802DDC820F8
:106BA000C823D5E70423CFE760460378934211DC7E
:106BB000D2B2027070E580235B009C4680240023E3
:106BC000A4019A469946CDE5174A1848184B194929
:106BD00002F050FC8021184B134A1448C90002F0FF
:106BE00049FC114A1148154B154902F043FC0E4A65
:106BF0000E48144B144902F03DFC0B4A0B48134B52
:106C0000134902F037FCC046D42A0320D02A0320BF
:106C10005E2F032004050320F8C50310585203100B
:106C200000FDFFFFCB2E03206C840410FC500310EA
:106C300018520310AD030000A0520310D0490310F6
:106C4000E203000080520310E103000060520310D1
:106C5000DE030000F0B583B005000C0017001E0035
:106C6000022001F0C9FC1B4B1B88AB4203D11A4B1D
:106C70001B88BB4210D02A20FFF77CFB01A82B0AFF
:106C8000037045703B0A8370C7700421FFF75EFBF9
:106C9000104B1D80104B1F80104B1B88A34203D14B
:106CA0000F4B1B88B34210D02B20FFF763FB01A8CA
:106CB000230A03704470330A8370C6700421FFF7FF
:106CC00045FB064B1C80064B1E802C20FFF752FB19
:106CD00003B0F0BD9A2E03209C2E03209E2E03208D
:106CE000A02E0320F0B55746DE4645464E46E0B599
:106CF000AA4B002118789A4601384342584189B07E
:106D000001302DF0D9FAA64BA64D1B78A64F2B705B
:106D100000233B70002800D185E00795BB460500A5
:106D2000A24B05932C682000FEF7B4FD0300200061
:106D30001C00FEF7B1FD0022059B64B29A5602903A
:106D4000A2421AD01C702DF0CFFA80208004FEF7EA
:106D50007DFD974B1868FEF71DFE4022DB231421B2
:106D60000020FF32FFF776FF01210520FEF772FDBC
:106D7000012000214042FEF76DFD53461B78012B98
:106D800000D1EAE08B4A68681268904206D3A221DB
:106D900049018C466244904200D2F8E0864A9B004A
:106DA0009B5802990430984753461B78022B4DD8C4
:106DB0003E24A120A2220021A3266B68FF349F88D5
:106DC000800092005F8019809C80195099502E811C
:106DD00028002DF019FA764BA0241E6801273000F8
:106DE000FEF7D8FD7548FEF7DFFD02006B68A400D2
:106DF000734909333000083201970094FEF79CFD77
:106E000053461B780021012B14D001202DF054FA99
:106E1000051E87D15F463B78079D002B03D02B785A
:106E2000002B00D09EE009B0F0BCBB46B246A9469C
:106E3000A046F0BD02202DF03FFA051E00D071E7FC
:106E40005F463B78079D002BE9D1ECE7029BC72BFF
:106E500000D996E0FA22D20094465A4B00211F68CE
:106E60000693029BFB1863441E78002E1BD0564AE3
:106E7000BB199446634430001E7802E083424BDA2B
:106E80001900514B7A18D3181B78002BF6D1814288
:106E900071D04D498C463918614462440B70010031
:106EA0001070002EE3D1494B47491A787E5CD3001D
:106EB0009B185B009B185B01E133FF330393002EAB
:106EC00000D175E700230493414BB8469946039BD4
:106ED000B4009C46644444446278A378D2095B00C1
:106EE00013434A4612685B00985E0121FEF7A0FC3E
:106EF0000100029AE3786868D31A4A789A4215DC4E
:106F0000314BBE199C46049B66443678FB1863449B
:106F10001E70002EDBD14BE781422CD08342B8D1CA
:106F20002C4A2D482D4B2E4902F0A4FAD4239B0065
:106F30002200F4186400E35B0430FEF76BFE224A83
:106F4000069B94461F68BB19385363441B78002B7B
:106F500000D12DE704961E00B9E728000299FFF73B
:106F6000D1FA35E71F492048FEF762FD1F49204846
:106F7000FEF75EFD57E7174A17481E4B1E4902F001
:106F800079FA144A14481D4B1D4902F073FA8921FD
:106F90001C4B104A1048C90002F06CFAE32E032083
:106FA000FC2E0320152F0320FD2E0320422300205A
:106FB000BC3C0120041A03204423002000C00340ED
:106FC000E83001209823032098080000E22E0320D7
:106FD000C42A03205C840410FC500310785303106F
:106FE00053040000FCEF0220800000D018F00220C3
:106FF000C00000D06C53031052040000385303103B
:107000004B040000BC52031030B583B0FFF7C8F941
:10701000642001F010FA0521062002F031F8D02496
:10702000240640256562A561642001F004FA6561CB
:10703000642001F000FA0120FFF79CF9C82001F05C
:10704000FAF93620FFF796F96B46D81D0023037036
:107050000121FFF77BF93A20FFF78CF96B46981D69
:10706000552303700121FFF771F95120FFF782F9D1
:107070006B46581DAA2303700121FFF767F92020F2
:10708000FFF778F91120FFF775F9C82001F0D3F95F
:107090002920FFF76FF9C82001F0CDF90521042060
:1070A00001F0EEFF1023636263614022DF33FF32A1
:1070B00000210020FFF7CEFD03B030BD10B582B037
:1070C000104B1A689301A021C9058C4663441B69C3
:1070D000DB01F7D44022EF23FF3200210020FFF72D
:1070E000B9FD01AB00221A80002404E0022101A8AE
:1070F000FFF72CF9013496235B029C42F6DB02B0C9
:1071000010BDC046BC3C01200A4B10B51868FEF704
:1071100041FC4022DB23FF3214210020FFF79AFDBF
:1071200001210520FEF796FB012000214042FEF7D9
:1071300091FB10BDBC3C012010B5192001F0D2FF1D
:10714000D0231B06802292045A625A61FFF75CFF2B
:10715000FFF7B4FFFFF7D8FF174B1A6888235B00CF
:10716000D35E9B00154A1268D3581B021B0A144AAF
:107170001268D318134A136013480222002101F049
:1071800061FC12480222012101F05CFC104C01223A
:107190000021200001F056FC27F0C8F907F09CF907
:1071A0000C4807F00DFA20002DF046F80A4B01229A
:1071B0001A700A4B1A7010BDC42A0320C0F80220AE
:1071C00018230020B0170320080B0320C03C012027
:1071D000783B012061640010E02E0320FA2E03208A
:1071E0007047C04610B5054B1B78002B00D110BD71
:1071F000FCF72AFF08F0AEFAF9E7C046FA2E0320A2
:107200007047C046F0B5CE46474680B58BB0814644
:1072100009A827F06FFF07000999364A91424DD916
:10722000354B98461860FA231B01C018334A10608A
:10723000FD235B01FC18324A1460324B9C466744C4
:10724000314B05930026069607966A462023D218EE
:10725000167080218025AD000295019400953B00B9
:1072600005AA4901F9F796FD4A4605920696079642
:107270006A462023D3181E70FA26F6004346186883
:107280000295019400953B0005AA3100F9F782FDB3
:1072900043461868B44660440295019400953B004B
:1072A00005AA3100F9F776FD43461D68FA2212015E
:1072B0002900200004F03EFC00230FE0134B144A89
:1072C0001448154902F0D6F85A00E15CA954FA2195
:1072D000C90059180132615CA9540133FA22D20065
:1072E0009342F1DB0D4B1D600BB0C0BCB946B046FC
:1072F000F0BDC046DF330000081A0320001A032047
:10730000041A0320A021000020850410A0530310BC
:10731000F4830410FC5003103C0600000C1A0320F8
:107320007047C0467047C046F0B5070000250020F2
:1073300003E0181BA34215D10135954212D27B5DA3
:10734000002B0FD01C00413CE4B2192C01D8203393
:10735000DBB24C5D2600413EF6B2192EE9D820344E
:10736000E4B2E6E7F0BD70B504000D002CF0ECFED1
:10737000020029002000FFF7D7FF70BD054B1B78E6
:10738000002B03D0072803D9002000E0002070471D
:107390000120FCE7422F032070470000F0B5C646ED
:1073A00000B504000E0015001A4B1B78002B2ED0E0
:1073B00000282CDB07282ADCFE27BF1A4F437F2139
:1073C000380003F065FA804675437F21280003F0FA
:1073D0005FFA3B007E3306DBFE23DB019F4204DBCA
:1073E000FF23984601E0002398462B007E3305DBFF
:1073F000FE23DB019D4202DBFF2000E00020064B64
:10740000220111190901591845460D74487480BCB0
:10741000B846F0BD422F03202C32012070470000F7
:1074200010B50400FFF7AAFF002809D0054B220180
:10743000121912019B18987C431E9841C0B210BDCE
:107440000020FCE72C32012070470000034B1B7822
:10745000002B02D0014B00221A707047422F0320EC
:10746000034B1870034B01221A7001207047C0466D
:107470005D2F0320422F032010B5040008001100E7
:10748000E368002B07D0074A1278002A05D0064A85
:10749000FCF7AEFB10BD2300F5E70A001900FCF76E
:1074A0007FFBF7E75D2F0320E053031000B585B0A5
:1074B000092201A9FFF7E0FF01A8FBF77DF905B05C
:1074C00000BD0000F0B5DE4657464E464546E0B5E5
:1074D0001500032A00DC92E00B784A78120213436D
:1074E0001BB21C001B12421C934603708A78582A58
:1074F00000D98DE0CB78002B00D08CE0043D043126
:10750000EE17033333405B199B10DD00681C804687
:107510006FE0582580221202934204DA3F4A9342D8
:1075200002DA3E4B00E03E4B1A127E00584682556E
:107530003C4A6C00A25A9146D4100A78D00603D572
:107540004846801082465444900603D54846401071
:1075500082465444500600D54C4450B200280DDBFE
:107560001C19120907231A402F4B9200D2585219A6
:10757000582A05DC002A04DA002202E06442EFE720
:10758000582280231B029C4204DA244B9C4202DADC
:10759000224C00E0224C231201365846835501311B
:1075A0000137032F21DC1F4B5500ED5AEB100E78ED
:1075B000F00702D5A81081464B44B00702D56810E9
:1075C00081464B44700700D55B19350700D55B42F7
:1075D000E31807253540144CAD002D59AD18582D32
:1075E00097DC002D96DA002594E708239946CB44D2
:1075F0006346581E8446002B03D00027D1E70023A2
:1076000098464046F0BCBB46B246A946A046F0BDEF
:1076100000239846F5E700239846F2E70080FFFF35
:10762000FF7F0000308D0410108D041070B5040031
:1076300001684568A94212D06D1A802D00DD8025B1
:10764000200014302A00FFF73DFFC0B2A0740138BB
:10765000C0B2F82806D823685B19236070BD0023E8
:107660008374FBE7024B034A0348F82101F002FF51
:10767000E8530310E88C04104454031070B506005E
:107680000800140023F046FE0023C55E2800FBF727
:107690009BF8AD00224B1B685B591B021B0A21495A
:1076A0000968CB18072834DD1978032933D15978B4
:1076B000802932D10200083A190008313160891856
:1076C0007160DD782D029B781D437F2C1BD0280034
:1076D0006043010C0004144A6243D31703F03EF9DF
:1076E000F0603000FFF7A2FF0023B360C920000262
:1076F0006843C92169430D4B9C46614403F0F0F88F
:10770000F074012006E02804074903F0E9F8F0606E
:10771000E7E7002070BD0020FCE70020FAE7C04644
:10772000C0F802201823002034C20000008D300071
:10773000F8B5CE46474680B507000C0090469946FE
:107740000800FFF71BFE002822D0134D2601361932
:107750003601A81900238374089A3900FFF78EFFB9
:10776000002804D10C4B9B199B7C002B09D14A4665
:1077700041462000FFF712FE2000C0BCB946B046CB
:10778000F8BD064B064A68210648FF3101F072FE3B
:1077900001204042F1E7C0462C32012084540310FE
:1077A000FC8C041044540310024B1878431E98417B
:1077B000C0B27047422F0320014B18607047C0468B
:1077C00054040320002808D00222064B1A70002817
:1077D00005D00822044B1A8070470122F5E7034ABE
:1077E000F8E7C046E82E03206C2E0320F8FF0000C7
:1077F000F0B5D6464F464646C0B505000C000520FC
:1078000001F038FC060060088019210003F068F8D8
:1078100007004300994681440521484603F060F87B
:1078200080463B1A9A46284B9C4224D87000801907
:10783000264903F055F8441C4346023BA34221D39A
:107840002B680022DA6629680B6804325340023242
:107850001A4080235B010B431A602B685246DA61A1
:107860002B6842461A624B464F2B11D9502148468D
:1078700003F036F80DE070008019154903F030F878
:10788000441CD9E7134B144A14485D2101F0F2FD62
:1078900001202A68A023D0502B681A007C32DB6FAD
:1078A0005C402404240C80235B0113431C602B6880
:1078B0000122DA663900300003F012F8E0BCBA4663
:1078C000B146A846F0BDC0463F420F0080969800E2
:1078D00040787D013C550310008E04105C55031068
:1078E00010B5114B98421DD01022104B1A60104B4E
:1078F0001A60104B9B6814009C43231EF9D104713D
:107900000268D46602686624FF3414600268D36398
:107910000268936302688833633CFF3CD450FFF7EE
:1079200067FF10BD0822E0E79823002000E0004038
:1079300000F0004000C0004010B503680024DC6681
:10794000002910D00468216880239B004B400B491C
:107950000B408021490121430B6003689A60036852
:107960000122DA6610BD01680B6841225340034AC8
:107970001340802252010A431360F0E741020000E5
:10798000034B1B6802201840431E9841C0B2704749
:1079900000C00640EFF3108072B6034B1B68002B4B
:1079A000FBD0BFF35F8F70472C0100D0BFF35F8F18
:1079B000024B00221A6080F3108870472C0100D01F
:1079C000F8B506000C001500FFF7E4FFE308F71810
:1079D000F15C07222240012393400B4205D1DBB228
:1079E0000B433B70FFF7E2FFF8BD2100280001F0D8
:1079F000D9FDF0B583B00600019114001F00FFF718
:107A0000C9FF00E00134BC420CD8E308F518F35C70
:107A10000721214001228A401A42F3D1D2B21A43EF
:107A20002A7001E001246442FFF7C0FF002C02DB52
:107A3000200003B0F0BD019B002BF9D0089801F0A5
:107A4000B1FD0000002307E0054A9A189200BFF339
:107A50005F8F0021116001331F2BF5D97047C0469D
:107A60004000003410B51F2808D8074B9C466044DE
:107A70008000BFF35F8F0023036010BD034B044AF7
:107A80000448192101F0F6FC40000034A45503100D
:107A9000148E0410C0550310054A1078431CDBB245
:107AA0001370172B02D9130010221A707047C046AA
:107AB000A023002010B582B00100054C054B0093B7
:107AC0001F2318222000FFF794FF02B010BDC0460C
:107AD000BC3A01200C560310084B5B6A994209D846
:107AE000064A926A824207D2994201D0012002E0FE
:107AF000002000E0002070470120FCE70040054026
:107B000010B500290AD003681B7B8B4206D380681E
:107B1000054B9C4661440901401810BD034B044AC3
:107B200004483C2101F0A6FCFFFFFF0F285603107C
:107B3000F48E04104C560310F8B504001700FFF73C
:107B4000DFFF0668456839002000FFF7D9FF0268AB
:107B500043680120AB4201D802D00020C0B2F8BD7A
:107B6000B242FBD8F9E7000010B5002B02DB02603F
:107B7000436010BD024B034A03483F2101F07AFCE9
:107B800058500310C08E04107450031010B582B00A
:107B900004000498059912184B41002B09DB684634
:107BA000FFF7E2FF009A019B22606360200002B0B1
:107BB00010BD01225242014BF1E7C046FFFFFF7F9B
:107BC00010B5002908D0037B8B4205D300684B0019
:107BD0005B18033BC01810BD024B034A03486821E1
:107BE00001F048FC905603109C8E0410AC56031014
:107BF00010B5437B8B4201D1012010BDFFF7E0FFA0
:107C00008378002B01D10020F7E70120F5E770B55C
:107C10000400857B002D01D1280070BD2900FFF7ED
:107C2000CFFF4378A373002B00D1E373002383704D
:107C300043700370F0E70000F8B506000C00150073
:107C4000FFF7BEFF0700002C0DD0002D11D0AC4275
:107C500015D029003000FFF7B3FF84703B78002B6C
:107C600013D13D70F8BD0A4B0A4A0B486F2101F051
:107C700001FC0A4B074A0848702101F0FBFB084B46
:107C8000044A0548712101F0F5FB43703D70E9E7B6
:107C900004570310788E0410AC56031010570310CD
:107CA0001C57031070B506000D001400002914D0F5
:107CB000002A14D0436880689847002806D0220024
:107CC00029003000FFF7B8FF280007E02A00210054
:107CD0003000FFF7B1FF200000E0100070BD080089
:107CE000FCE7000070B504000D1E0CD0FFF768FF24
:107CF0000023837043700370617B2A002000FFF72C
:107D0000D1FF607370BD034B034A0448A52101F005
:107D1000B1FBC046345703108C8E0410AC560310D0
:107D200070B504000D1E0FD0FFF762FF00280BD1C5
:107D3000E17B00290ED1A37B002B03D1E37B002B39
:107D40000DD1A573E57370BD084B094A0948F621AA
:107D500001F090FB2000FFF733FF4570EBE7064B87
:107D6000034A0448FB2101F085FBC0463857031045
:107D7000688E0410AC5603105C57031010B5002930
:107D800007D003681B7B8B4203D3C06801394018BE
:107D900010BD034B034A0448412101F06BFBC04670
:107DA00028560310548E04104C56031070B505006D
:107DB0000C00080000F0F4FC0949200000F034FC3D
:107DC000FFF76AFE074B9C466044800068602C7594
:107DD000D0231B061B786B75034BA400E55070BDC8
:107DE000F97E001040000034D80A03200A4B1A68BC
:107DF000EFF3108172B61368002BFCD0BFF35F8FD6
:107E0000054B1B68BFF35F8F00221A6081F3108857
:107E100040BF0020002170475014032010B582B0ED
:107E2000040000F099FB02000B006846FFF79CFE7F
:107E3000009A019B22606360200002B010BD70B503
:107E400084B0040016001D0002A8FFF7E7FF029AA5
:107E5000039B009601952000FFF798FE200004B0D8
:107E600070BD0000F0B583B0070001921D000AABA1
:107E70001C780BAB1E78002C0BD000682100FFF79C
:107E8000B7FE002809D0194B194A1A48672101F09A
:107E9000F1FA0068FFF7BBFE0400002C02D12000BD
:107EA00003B0F0BD21003800FFF72AFE019B0360FC
:107EB0004560089B8360099BC36038682100FFF719
:107EC00011FFA042EBD1387D019A2B0000F0F4FBAA
:107ED000051E01D0002E04D00C9B002BDFD01D709E
:107EE000DDE73868210000F071FFF5E770570310F7
:107EF000A88E04104C560310F0B5DE4657464E4689
:107F00004546E0B58FB00B900021794B8200D458E4
:107F1000894683E029002000FFF7F2FD80460268D1
:107F20004368921BBB41002B09DD43461A685B681E
:107F30000B9800F0C1FB0023984600268AE0002B36
:107F400001D1002AF1D10021584600F035FF070089
:107F5000A84215D143461A685B68089209934346C4
:107F60009E68DB689846002E10D029002000FFF79D
:107F700005FF037899461B021F432761002069E033
:107F80005C4B5D4A5D488E2101F074FA5C4B5A4AA5
:107F90005A48922101F06EFA2369002B00D177E054
:107FA000BB4219D106980799002342428B410092A7
:107FB0000193089A099B0CA8FFF7E8FD0C9A0D9B0A
:107FC00000210491013103910295414601910096EF
:107FD0002000FFF747FF16E04A4B474A4748A121D8
:107FE00001F048FA069A079B002B01D1002A52D1D2
:107FF00020682900FFF794FE29002000FFF7BEFE4D
:10800000037801330370002323616268BFF35F8F3D
:1080100013608AF310880120002861D00CA8FFF7B4
:10802000FDFE0C9E0D9F00220023089209936268BA
:10803000EFF3108A72B61368002BFCD0BFF35F8F8A
:1080400023689B465D7B002D00D063E700239846A4
:10805000002600206368BFF35F8F00221A608AF356
:108060001088002ED8D04B461F022F4341463800BF
:10807000B047069007916268EFF3108A72B61368F2
:10808000002BFCD0BFF35F8F079B002B00DA83E748
:10809000079B002BA6DD2369002BA9D0BB4219D179
:1080A0000CA8FFF7BBFE0C9A0D9B06980799009051
:1080B00001910CA8FFF76AFD0C9A0D9B0021049119
:1080C0000131039102954146019100962000FFF78E
:1080D000C9FE98E70B4B084A0848A42101F0CAF9E9
:1080E0000FB0F0BCBB46B246A946A046F0BDC046A4
:1080F000D80A032098570310D88E04104C5603104A
:10810000B0570310BC57031010B50C4B5B68002B25
:1081100004D00B480A2100F0A5FC10BD074C094A09
:1081200020682300102100F0B2FD032000F008FABF
:1081300003212000FFF73AFEEBE7C046A42300200E
:1081400050140320397B001010B5064B5B68002BE0
:1081500001D0044810BD044B044A05485E2101F0DB
:1081600089F9C046A4230020F85703103C8E041060
:108170004C560310F0B5DE4657464E464546E0B530
:108180008DB0060090461F00169B9A46179B994695
:1081900018AB1B780793272302AA94466344002256
:1081A0001A7021E001003000FFF7E8FD00783CE0A4
:1081B0000698002B5CD0079B002B59D04946D0472E
:1081C00004000D0003000B4359D0002940DB08A830
:1081D000FFF724FE089A099B0094019508A8FFF771
:1081E000D5FC089B9846099F7268EFF3108B72B616
:1081F000136859424B41D9B20691002BF8D1BFF315
:108200005F8F273302AA94466344049300230393A9
:1082100002934B4601935346009342463B00300085
:10822000FFF720FE0400051EBCD17368BFF35F8F0B
:10823000002119608BF31088002D17D0272302AA84
:10824000944663441B78002BB2D100022043B0E770
:1082500000236242AB410092019342463B0008A8D2
:10826000FFF794FC089B9846099FBDE70120404218
:108270000DB0F0BCBB46B246A946A046F0BD06987C
:10828000F6E7F0B5C64600B584B00500884616008E
:108290001F000AAB1C78FFF757FF02940197009666
:1082A0002A004346FFF766FF04B080BCB846F0BD25
:1082B000F0B5C64600B505000C1E42D04268EFF38B
:1082C000108772B61368002BFCD0BFF35F8FE6B245
:1082D0002B68984631001800FFF78AFC00282AD046
:1082E0002B69A34213D0240AE4B231002800FFF71F
:1082F00045FD0378A34211D000206B68BFF35F8F68
:1083000000221A6087F3108880BCB846F0BD0E4B7F
:108310000E4A2C210E48FF3101F0ACF831004046E6
:1083200000F054FD0028E8D10A4B084A992108487A
:10833000490001F09FF82B69A342DED100232B6195
:10834000DBE70020E0E7C0461C580310248E041031
:108350004C5603104058031010B50400FFF7F4FE0C
:108360002100FFF7A5FF10BD407D704730B587B0F5
:1083700004000D00EFF30583002B20D106225242AA
:10838000D31712196B418B4202D803D1824201D913
:108390000022002304A8FFF7E7FB02A8FFF73EFD39
:1083A00002980399049A059B121A8B41002B0BDC4F
:1083B00008D02000290000F0DBF807B030BD1448D9
:1083C00001F0F0F8002AF4D0124A0498059900232D
:1083D0000093FFF756FF002813DAEAE70E4B1A68FE
:1083E000EFF3108172B61368002BFCD0BFF35F8FE0
:1083F000094B1B68BFF35F8F00221A6081F310885E
:1084000020BF04980599FFF767FB0028E6D0D0E766
:1084100044580310ED7D00105014032000B583B0C4
:1084200002000B006846FFF70AFD00980199FFF76C
:108430009DFF03B000BD10B5FA2292000023002179
:1084400003F000FAFFF7EAFF10BD000030B583B07B
:1084500005000C00EFF30583002B0FD10B4A00231E
:108460000093FFF70EFF00280BDD20BFFFF774FF1E
:1084700028002100FFF730FB03B030BDFFF72CFBD5
:10848000FAE728002100FFF727FBF5E7ED7D001054
:1084900010B5002B02DB0260436010BD024B034AA3
:1084A00003483F2100F0E6FF585003101C8F0410D2
:1084B0007450031070B5EFF305801038EFF3108C93
:1084C00072B6194B1B68002BFBD0BFF35F8F0122E4
:1084D0001300834015494B6315490B601549097812
:1084E0000C00C440224213D0104A546A124A85003C
:1084F000AA58944205D3114AAA580E4C99432170A8
:1085000007E00A4A031D9B0099589950002200E099
:108510000022BFF35F8F044B002119608CF3108899
:10852000002A00D0904770BD280100D000400540CF
:108530003C7005405B2F032094190320742C01200C
:1085400010B50100024A034B1800FFF739FA10BDBD
:1085500094580310D02E0320044B5B6A034A906AA0
:108560001900536A9942F9D17047C046004005404E
:10857000084B5B6A01E0074B5B6A8B42FBD301E06F
:10858000044B5B6A8B4203D1024B9B6A8342F7D355
:108590007047C04600400540F0B583B004000D00B0
:1085A000FFF7DAFF06000F0022002B0092197B4133
:1085B000994202D804D1904202D901225242D317E3
:1085C0006846FFF765FF00980199FFF7D1FF03B0F8
:1085D000F0BD000010B5002807DB064B9A6A054B7A
:1085E0009B6A9B1A8342FAD310BD0021FFF7D4FF88
:1085F000FAE7C0460040054010B50A4B984207D83C
:1086000043011B1A9B001818C000FFF7E3FF10BDC1
:10861000FA2292000023002103F014F9FFF7BCFFB7
:10862000F5E7C0469BC4200070B504000E00EFF3D0
:10863000108572B61B4B1B68002BFBD0BFF35F8FFE
:10864000002E1CD0200000F00DF9174B83420BD0F8
:108650001900200000F00EF90121200000F0F0F8D0
:108660000123A340114A1360114BA400E650BFF34D
:108670005F8F0C4B00221A6085F3108870BD0C4B85
:10868000A2000021D1500122A2400A490B78934355
:108690000B700549200000F01BF90021200000F0BC
:1086A000CFF8E4E7280100D0B58400103860054019
:1086B000742C01205B2F0320F0B5DE4600B584B09A
:1086C0000400150001921E000293FFF745FF039579
:1086D0008E4202D84ED185424CD9EFF3108B72B640
:1086E000274B1B68002BFBD0BFF35F8F254A177801
:1086F0000125A540EBB23B431370234B5D63221D64
:1087000092000199D150214AA100029888501B6A19
:108710002B4212D11C4B1B6C2B4208D00020BFF304
:108720005F8F174B00221A608BF3108823E0184BE1
:10873000184A1948C52100F09DFEFFF70DFF8E4233
:1087400014D802D1039B834210D80E4B1B78BB4236
:108750000ED00D4B1D625D631F222240012393400A
:108760000E4A1360074B1F700120D8E70020D6E7A0
:108770000120D4E7012004B080BCBB46F0BDC04658
:10878000280100D05B2F03200040054094190320EE
:10879000B8580310008F0410DC58031080E200E08A
:1087A000EFF3108C72B60B4B1B68002BFBD0BFF3A2
:1087B0005F8F01238340084A136208490A789A436D
:1087C0000A70BFF35F8F034B00221A608CF310888E
:1087D0007047C046280100D0004005405B2F0320B1
:1087E000074B9B68103080001950BFF35F8FBFF3B9
:1087F0005F8F044B0021196082F310887047C046D8
:1088000000ED00E0240100D001238340034A1068FA
:108810001840431E9841C0B27047C04600E100E0D6
:10882000002904D0034B1860034B18607047034BBA
:108830001860FBE780E200E000E100E080E100E09A
:1088400010B5012383401800FFF7EAFF10BD0000B8
:1088500001238340014A13607047C04600E200E0F4
:1088600000207047024B9B6810308000C058704752
:1088700000ED00E070B504000D00EFF3108672B655
:108880000C4B1B68002BFBD0BFF35F8F2000FFF762
:10889000E9FF094B984201D0A84205D132002900D6
:1088A0002000FFF79DFF70BD044B054A0548862157
:1088B00000F0E0FD240100D0CD0100102859031084
:1088C000488F04106059031010B5FFF7D3FF10BD97
:1088D00010B5EFF3108272B60D4B1B68002BFBD066
:1088E000BFF35F8F0B4B9C68030010339B00E35872
:1088F000094CA34201D08B4203D10749FFF770FF17
:1089000010BD064B064AB7210648490000F0B2FDEB
:10891000240100D000ED00E0CD0100104C4903100F
:10892000348F04106059031010B5032304009C43D6
:10893000064A9446644422681840C000FC338340D1
:108940009A43130081400B43236010BD00E400E014
:108950000022044B02E0044902C30132072AFAD97B
:108960007047C04600E400E08080808010B582B08F
:108970000100074C074B0093052300222000FFF75E
:1089800038F8002801DB1F23181A02B010BDC046BA
:108990005F2F0320A859031010B5002B02DB0260E3
:1089A000436010BD024B034A03483F2100F062FDC3
:1089B00058500310648F04107450031010B582B027
:1089C0000400FFF7C9FD02000B006846FFF7E4FF53
:1089D000009A019B22606360200002B010BD00007D
:1089E00070B582B0060014001D00FA229200002328
:1089F0000698002102F026FF02000B0012196B41BD
:108A0000002B09DB6846FFF7C7FF009A019B326025
:108A10007360300002B070BD01225242004BF1E79A
:108A2000FFFFFF7F30B585B004000D0002A8FFF7FF
:108A3000C5FF029A039B00952000FFF7D1FF20009D
:108A400005B030BD70B504000E001500FFF724F826
:108A50000100200000F006F8A680E580BFF35F8FDC
:108A600070BD0000024B9C46614489000160704764
:108A70004000003410B5002B02DB0260436010BDE3
:108A8000024B034A03483F2100F0F4FC5850031006
:108A9000A08F04107450031070B582B0060014004B
:108AA0001D00FA22920000230698002102F0CAFE5F
:108AB00002000B0012196B41002B09DB6846FFF71F
:108AC000D9FF009A019B32607360300002B070BD24
:108AD00001225242004BF1E7FFFFFF7F10B582B049
:108AE0000400FFF739FD02000B006846FFF7C2FFE4
:108AF000009A019B22606360200002B010BD30B577
:108B000085B004000D0002A8FFF7E8FF029A039B5E
:108B100000952000FFF7C0FF200005B030BD10B564
:108B20000400FEF7B9FF01002000FFF79BFFFF23C1
:108B30002371BFF35F8F10BD10B50400FEF7ACFFCB
:108B400001002000FFF78EFFFF23237100236371D4
:108B5000BFF35F8F10BD0000034B9C46614489004A
:108B60000160BFF35F8F70474000003410B5040010
:108B70000120FEF79FFF01002000FFF7EDFF10BD71
:108B800010B5002908D0037B8B4205D300684B0049
:108B90005B18033BC01810BD024B034A0348682111
:108BA00000F068FC90560310F88F0410AC560310C8
:108BB000F8B506000C001500FFF7E2FF0700002CD7
:108BC0000DD0002D11D0AC4215D029003000FFF798
:108BD000D7FF84703B78002B13D13D70F8BD0A4B52
:108BE0000A4A0B486F2100F045FC0A4B074A084827
:108BF000702100F03FFC084B044A0548712100F049
:108C000039FC43703D70E9E704570310E48F04100A
:108C1000AC560310105703101C57031070B5060014
:108C20000D001400002914D0002A14D04368806875
:108C30009847002806D0220029003000FFF7B8FF2F
:108C4000280007E02A0021003000FFF7B1FF2000D4
:108C500000E0100070BD0800FCE770B505000023BF
:108C6000437301338373037BC373012406E0210044
:108C70002800FFF785FF0134E4B24470297BA1424C
:108C8000F5D82800FFF77CFF0023437070BD10B5B6
:108C9000017342608360FFF7E0FF10BDF0B5C64688
:108CA00000B505000C1E03D1200080BCB846F0BD05
:108CB000FFF766FF4678002EF6D031002800FFF758
:108CC0005FFF477800239846437021002800FFF794
:108CD00057FF43464370320021002800FFF79EFFF4
:108CE000040039002800FFF7D9FF02002100280006
:108CF000FFF794FF0400D7E7F0B5C64600B50400BF
:108D00000D001700002927D0FFF73AFF4378002B0A
:108D100028D18378002B2BD101782000FFF7BEFFEC
:108D200006008046002F0AD0E17B002926D1A37BD4
:108D3000002B03D1E37B002B25D1A573E5734346BC
:108D4000002B26D129002000FFF71AFF00234370D3
:108D5000300080BCB846F0BD114B124A1248382191
:108D600000F088FB114B0F4A0F483A2100F082FBBC
:108D70000F4B0C4A0C483B2100F07CFB2000FFF716
:108D8000FFFE4570D3E70B4B064A0748422100F02F
:108D900071FB31002000FFF7F3FE00238370D1E761
:108DA0005C5A0310D08F0410645A0310A85A0310A1
:108DB000D05A03105C57031070B504000A00457BBD
:108DC0002900FFF799FF6073280070BD70B5060099
:108DD0000C1E40D0437B8B4207D0FFF7D1FE05002D
:108DE0008178002906D1002036E00121FFF7E4FF59
:108DF000012031E03000FFF7C3FE0178A1420DD021
:108E00003000FFF7BDFE4178A1420AD00029F7D11A
:108E1000124B134A13486B3100F02CFB6B78037034
:108E200001E06B7843700023AB706B70012221006E
:108E30003000FFF761FF0200717B814205D03000F6
:108E4000FFF7ECFE7073012006E0074B044A05486B
:108E5000712100F00FFB002070BDC046F45A0310D2
:108E6000B88F0410645A0310FC5A0310F8B5DE469C
:108E700057464E464546E0B506000F0015000A9AD3
:108E8000934250D31A0E92461B0298460A9A002328
:108E90004046514601F062FD81467400A419A400C9
:108EA0002F4B9C4664446368834200D26060331F4A
:108EB000DBB29B46012B3CD9C0239B01234380227C
:108EC00012011A60274BB200D158002907D0586907
:108ED00001F006FD013043001B18033BFDD26D017C
:108EE00023685D40E0222A4080235B0123431A600F
:108EF0005A46012A28D980239B012343802212014C
:108F00001A604B4663604A4600234046514601F0D2
:108F100025FD144BB60098510120F0BCBB46B2466B
:108F2000A946A046F8BD104B104A1148332100F065
:108F3000A1FA012FC0D1C0239B01234303221A6051
:108F4000A368DB07FCD5CAE72168794003220A4001
:108F50001A60A3680125BD401D42FAD0CBE7C04688
:108F6000008000401C3B01201C5B03100490041097
:108F7000305B031030B583B00C2000F061F9FEF7D0
:108F8000FFFC00280DD0002304E02E4A99002E4853
:108F900088500133092BF8D92A4B2C4A5A6203B066
:108FA00030BD2B4B00229A6700F0BCF9294B0122FF
:108FB0001A60274B5B6C012BFBD1274B03221A60F5
:108FC000234B9B6B012BFBD1013300930433234ACA
:108FD0000121234800F096F805230093214A01213E
:108FE000214800F08FF8214B009300220221042039
:108FF000FFF73CFF1E4D00952B00002201210520AC
:10900000FFF734FF104C00942300002200210720BA
:10901000FFF72CFF00942300002200210820FFF717
:1090200025FF0A4B00932300002200210920FFF7AF
:109030001DFF00952B00002200210620FFF716FFE0
:10904000ADE7C0461C3B0120006CDC021BB70000F2
:10905000008000403CB0004030B00040002F685914
:1090600000800240008C864700C00240001BB70011
:1090700040597307014B8000C05870471C3B0120CA
:1090800010B58300084A944663441A68402462403D
:10909000803414408022520113431C60C000034BF3
:1090A0009C466044416010BD04C001400040014046
:1090B00080000B4B9C46604400290DD00823002AF9
:1090C0000CD004221343026853400C221A40802320
:1090D0005B0103431A6070470023F0E70022F1E7C9
:1090E00004C0014010B501238340D02212069362D0
:1090F00093610521FFF7C4FF10BD10B51F21FFF7D5
:10910000BFFF10BDF0B5C64600B504000E00170045
:109110001D00374801F0E4FB8046364BFA18364B09
:109120009A4239D80100380001F0DAFB0200103A07
:1091300098235B009A4235D86B1E062B38D8069BC5
:10914000013B062B34D83F09474537D32D04069BF6
:109150001B031D432368002B36DB284B9C4244D065
:1091600080235B01264A1360264A1360264A9268D0
:1091700019009143FAD12660A060221DC0239B01F3
:10918000134321221A602268002AFCDAE5600822D3
:109190001A6080BCB846F0BD1C4B1D4A1D48112109
:1091A00000F068F91C4B1A4A1A48192100F062F9BC
:1091B0001A4B174A17481C2100F05CF9184B144A47
:1091C0001448232100F056F922683F231340B3428C
:1091D000C3D1A3681B051B0D8342BED1E368EE22F9
:1091E000D2021340AB42B8D1D3E780239B01B9E749
:1091F000001BB70080E84BD380F8A93200C00240C2
:1092000000E0004000F0004000C00040805B031020
:1092100014900410E05B0310285C0310445C0310FE
:10922000905C03100001044B1B685840F02303407E
:10923000024A13607047C046004006400050064096
:1092400080239B000343014AD3627047008005409E
:10925000024B1A68024B5A607047C04638F8022029
:109260000080054010B5174B8022D2051A60164BBE
:10927000164A1A6000290AD0154BE022D2041A605F
:10928000002809D1124B802212061A6010BD0D4B26
:10929000E022D2041A60F3E743011B1A9B0018185E
:1092A00000010C4B186080235B04984202D3094BE9
:1092B000094A1A60FFF7CCFF054B8022D2051A60DD
:1092C000E4E7C04600B0054008200140FCFF010073
:1092D00000A0054038F80220FFFFFF0010B5030092
:1092E00010000C4A8024E4051460002B0DD00122EC
:1092F0001343094A094CD461094C5C401462516221
:1093000093620021FFF7AEFF10BD034B0022DA612C
:10931000F7E7C04600B0054000800540D3C007B065
:109320002D3FF84F064BAA2212011A602F22DA6055
:10933000044B054A1A60024B5B68002BFBDA70474E
:10934000004002400060024000B0FA00F0B583B077
:1093500004000D001600FEF713FB002801D003B037
:10936000F0BD154F00973B00012201210530FFF7AA
:109370007DFD00962B00220001211048FFF7C2FE60
:1093800031006943200001F0ABFA04000C4B00935C
:10939000002202210420FFF769FD0094230000222F
:1093A00001210520FFF762FD00973B00022200210A
:1093B0000620FFF75BFDD2E7006CDC020080024074
:1093C000001BB700F0B5DE4657464E464546E0B5B1
:1093D00083B080468B4692460193A0235B0099465A
:1093E0002AE0013C002C1ED025007D4329003000DE
:1093F00001F076FA4045F4D12900300001F070FA0E
:109400000029EED1144B4A4653435A461360534643
:109410001F60019B1C60012003B0F0BCBB46B2463C
:10942000A946A046F0BD013F002F01D03C00D9E77E
:1094300001235B429C46E1444B460F2B09D9074E62
:109440004B465E43064BF218064B9A42F0D807276C
:10945000EAE70020E0E7C046001BB700E02E00006E
:10946000508EF4FF50F80C0000BEFDE710B5FFF77A
:10947000FBFF000030B583B00D001900002A0BD0AF
:10948000074B084C019200932B000200200002F0D1
:10949000EFFC0120FFF7E8FF034B1A00F1E7C0469D
:1094A000AC5C0310BC5C0310EC82031070B52B4B5A
:1094B0002B4A1A602B4B2C4A1A602C4B9A682A4B69
:1094C0009343FAD12A4C01E008CC9847294B9C429F
:1094D000FAD3FFF74FFD234B274A1A60234B9B68B3
:1094E000DB43DB01FAD1254B40229A675A671A67A2
:1094F000DA66234C09E0234B234A24488721FFF7EF
:10950000B9FF2000FFF70BFB0834214B9C4209D226
:109510002368002BF5D0012BEDD12000FFF70CFBC9
:109520000834F2E71B4DA9681B4CC022200002F052
:1095300001FBAC60EFF30583002B00D000BEFEF70B
:1095400081FAFFF705FAFEF7DFFD144C01E008CCC5
:109550009847134B9C42FAD370BDC04600E00040D0
:10956000BFCDFBFE00F00040FE7F3C0000C000408D
:10957000DC2E0020EC2E0020FFFFFF0100F0014058
:10958000D42E0020EC5C0310209004100C5D03101E
:10959000DC2E002000ED00E000000020EC2E00207A
:1095A000F42E00200FB400B583B0084802F030FC60
:1095B000049B002B07D005A90191180002F038FC8C
:1095C000034802F025FC0120FFF74EFF585D031011
:1095D000BC46031010B50148FFF7E4FF685D0310B7
:1095E0009A4200D288547047704710B5002802D0C4
:1095F0000B684968984710BD0100002007E0830010
:109600001B185B00501C08601078C01830380A68BE
:109610001378303BDBB2092BF1D97047F0B5DE4649
:1096200057464E464546E0B583B093461F000C9B17
:109630009A460D9C0E9B99460F9B9B0703D0B846FC
:109640000F00060022E00192A34688464E46B94626
:109650000700B44207D2551C4B4641462020B8476C
:1096600001342A00F5E73D004F465C46019B9B46CE
:10967000B1464646B84637002E0007E0013C551C6F
:109680005346185D43463900B0472A00002CF5D1F7
:1096900035003E0047460F9B9B0707D4100003B0E0
:1096A000F0BCBB46B246A946A046F0BDB0464E4609
:1096B000B9462F005D46531BB342EFD2541C4B46B4
:1096C00041462020B8472200F5E7F0B5CE46474690
:1096D00080B585B0944698460C9D0D9C0EAB1B78CA
:1096E0009946109A119B129EB7071CD4002B0CD0E0
:1096F000F7070AD54F46002F02D10C37374204D066
:10970000013B02E030272F550134944201D21F2C37
:10971000F8D9F70707D59C4205D21F2C03D830276C
:109720002F550134F5E7F70612D5770505D4002C3F
:1097300003D0944221D09C421FD00F9A102A32D0DD
:109740000F9A022A37D01F2C0AD830222A5501340A
:109750001F2C05D84A46002A33D02D222A55013421
:10976000039602930194009543466246FFF756FF25
:1097700005B0C0BCB946B046F0BD621E012C10D089
:109780000F9F102F0BD014000F9A102AD8D1B206B9
:10979000D6D51F2CD4D858222A550134D3E7023C01
:1097A000CBE71400C9E7B206EED41F2CECD8782220
:1097B0002A550134C7E71F2CD2D860322A5501340C
:1097C000C1E7720703D52B222A550134C8E73207B7
:1097D000C6D520222A550134C2E7F0B5DE465746E9
:1097E0004E464546E0B593B081468A4608920993B5
:1097F0001CAB10CB1B789B461E9D219B9846002CD2
:1098000003D1102342469A4390468023DB0046460C
:109810001E4042461A4212D0002C22D000260EE0F2
:109820003033D9B2771C0AAB99552900200001F0DA
:1098300057F8AC4216D31F2F14D83E00040029005D
:10984000200001F04DF8CBB2092BE9D9424692062F
:1098500005D54121C918C9B20A39C9B2E2E7612167
:10986000F8E7270043460693209B05931F9B04932C
:1098700003955B46029301970AAB0093099B089AF4
:1098800051464846FFF721FF13B0F0BCBB46B24635
:10989000A946A046F0BDF0B5DE4657464E464546C1
:1098A000E0B597B00A900B910C929A46209B99468E
:1098B000219F22AA13789B46249B0993259C289BD1
:1098C00098464A463A4302D1103293439846802242
:1098D000D20045461540434613420AD04A463A4311
:1098E00041D000252E0053460D934D46099B9A46C4
:1098F0001BE02E0053460D934D46099B9A4614E0FB
:109900003033DAB2731C99460EAB9A555246230097
:109910002800390001F022F8BC4226D819D04B4665
:109920001F2B1CD84E4605000F005246230028006E
:10993000390001F013F8D3B2092BE1D9424692065F
:1099400005D54122D218D2B20A3AD2B2DAE7612260
:10995000F8E7AA45E3D94E460D9B9A4608E04E46E5
:109960000D9B9A4604E0002602E04E460D9B9A4667
:1099700043460693279B0593269B0493099B0393D9
:109980005B46029301960EAB009353460C9A0B99DB
:109990000A98FFF79AFE17B0F0BCBB46B246A9463C
:1099A000A046F0BDF0B5DE4657464E464546E0B50A
:1099B00091B0804689460C929A461A9C1B9D2200C3
:1099C0002B002000290001F054FA002800D0ECE020
:1099D00001225242D44B2000290001F045FA002810
:1099E00000D0E2E001225242D04B2000290001F0D9
:1099F00025FA002800D0D8E000220023200029000A
:109A000001F01CFA002800D0E4E0069407958023BA
:109A1000DB001E9A1A400D921E9A1A4201D10623AB
:109A20001C930698079902000B0008920993030003
:109A30000A00024300D1D9E0080D4005400DBC4E9C
:109A4000B44660440A03120B1E00BA4B13431F00B6
:109A500001F022FAB84AB94B01F0ADF9B84AB94B56
:109A600001F082F9089009910022B74B30003900CB
:109A700001F071F9B54AB64B01F09DF902000B00F7
:109A80000898099901F070F901F01EFA834601F077
:109A900003FA06000F00AF4AAF4B01F08CF9002229
:109AA000AE4B01F061F901F00FFA0890AC4AAD4BF2
:109AB0003000390001F07FF906000F00089801F02E
:109AC000EBF9A94AA94B01F076F902000B0030002E
:109AD000390001F040F906000F0002000B0001F010
:109AE0006AF90A900B91089BA14A944663440021AD
:109AF0000022089109921B05099300230893320064
:109B00003B003000390001F02FF90E900F91320028
:109B10003B0000208021C90501F01DF906000F005F
:109B20000022944B0A980B9901F027F90022924BDE
:109B300001F01AF902000B000A980B9901F01DF9C7
:109B400000228E4B01F010F902000B000A980B99CD
:109B500001F013F902000B003000390001F004F9A4
:109B600002000B000E980F9901F007F90022714BCB
:109B700001F0FAF8089A099B01F01DF906000F00A0
:109B800008960997069A079B01F06EF900282FD0D6
:109B900001235B429C46E3440022774B30003900AE
:109BA00001F0EBF80890099122E01E9B04931D9BA5
:109BB00003931C9B02930094019553460C9A4946CB
:109BC000404600F0FFF811B0F0BCBB46B246A946D3
:109BD000A046F0BD00210022069107920694802342
:109BE0001B069C46AC446346079310E700239B4644
:109BF0005B466333C62B20D804261E9B1B0528D545
:109C0000089A099B190011430FD05D4A5D4B0698D5
:109C1000079901F021F900287AD000225A4B0698C2
:109C2000079901F00BF9002872D01C9B5B4506DDFB
:109C30005A469B1A013B1C9303E00526DDE70023EF
:109C40001C938023DB001E9A1A431E9200260023D9
:109C50009B461D9B9E4265D29F1B02231E9A1A4063
:109C60000A921E9A134202D0002E00D000275B46B3
:109C7000002B07D0089A099B0698079901F07DF8F8
:109C800006900791002200232000290001F0D6F859
:109C9000002800D07CE03D4B1E9A134004930397AC
:109CA0001C9B0293069B079C0093019453460C9ABD
:109CB0004946404600F086F8002E00D183E71E9BFF
:109CC0009B0671D54525441C534602004946280091
:109CD000C0475A46D317D2185A4005230593013E70
:109CE0000496002303930A3302935B46DB0F019330
:109CF00000925346220049464046FFF76EFD0A9BFC
:109D0000002B00D15FE7020047460C9E1D9D53E0EB
:109D10001C9B002B9DD00D9B002B9AD01C9B013BC4
:109D20001C9396E7002798E7FFFFEF7FFFFFEFFF09
:109D300001FCFFFF0000F03FFB799F501344D33F2D
:109D4000B3C8608B288AC63F0000F83F61436F6349
:109D5000A787D23F71A379094F930A400000E03FE3
:109D60001655B5BBB16B0240EF39FAFE422EE63F05
:109D7000FF03000000002C400000244000001840B9
:109D80002D431CEBE2361A3F80842E41FFF7FFFF84
:109D9000069C079D2200290080200006844661441D
:109DA0000B000692079376E765258CE7541C534613
:109DB00049462020B8472200931BAB42F6D310003F
:109DC00001E7C046F0B5DE4657464E464546E0B58B
:109DD00095B00690079193469946209F1E9A1F9B27
:109DE0001000190001F045F8002831D1012252423B
:109DF000BF4B1E981F9901F021F8002837D101228E
:109E00005242BC4B1E981F9901F02EF800283DD1FC
:109E10000022B94B1E981F9901F026F8002850D156
:109E20000022B64B1E981F9901F008F8002848D16F
:109E3000002200231E981F9901F000F8002850D13D
:109E400000239846229B5B0500D4B6E0002458E02E
:109E5000229B0393219B029303230193A84B00931E
:109E60004B465A4607990698FFF7D8FB0EE1229B0E
:109E70000393219B029304230193A24B00934B462F
:109E80005A4607990698FFF7C9FBFFE00423229A78
:109E90001A4022990B4210D09B4B002A0FD004226B
:109EA0002299039121990291019200934B465A46BF
:109EB00007990698FFF7B2FBE8E0944BEDE7032221
:109EC000EEE7229B0493219B039302971E9B1F9C0A
:109ED000009301944B465A4607990698FFF762FD96
:109EE000D4E01E9A1F9B0020002100F034FF1E903A
:109EF0001F9101239846A5E70CAB30221A55013F6C
:109F000001341F2C01D8092FF6D81E981F9900F094
:109F1000DBFF050000F0C0FF02000B001E981F9938
:109F200000F019FF7A4BFA009B181A685B680A92D6
:109F30000B9300F040FF0890099100F0E9FF060044
:109F400000F0A6FF02000B000898099900F003FF3B
:109F50000890099100226F4B00F086FF00282ED058
:109F60000136300000F094FF02000B000A980B99B4
:109F700000F06AFF002801D001350026002F2CD107
:109F8000280000F089FF02000B001E981F9900F0C6
:109F9000E2FE06000F0000225E4B00F04FFF00289B
:109FA00046D100225B4B3000390000F05DFF0028F5
:109FB0003ED1EB073CD501353AE0062746E70022C3
:109FC000544B0898099900F039FF0028D6D1002E8B
:109FD00001D0F307D2D50136D0E7AA461F2C11D8FD
:109FE000013F0A21300000F07BFC651C30310CABD6
:109FF00019550A21300000F073FC092E0ED9060015
:10A000002C00EBE755461F2C0CD87B1E002F09D0E7
:10A010000CAA302111551F000134F4E72B005546DE
:10A020001C00F0E71F2C03D80CAB2E221A5501346C
:10A030001F2C10D80A21280000F02AFC661C3031A1
:10A040000CAB19550A21280000F022FC051E01D096
:10A050003400EDE734000323229A1340012B1CD077
:10A060001F2C06D84346002B32D00CAB2D221A559C
:10A070000134229B0393219B029301940CAB009328
:10A080004B465A4607990698FFF7C8FA15B0F0BC38
:10A09000BB46B246A946A046F0BD219B002B13D07B
:10A0A0004346002B02D10C3313420FD0219B013BBE
:10A0B0002193190003E00CAB30221A5501348C4275
:10A0C000CED21F2CF7D9CBE72199F8E72199F6E7F3
:10A0D000229B5B0704D50CAB2B221A550134C8E731
:10A0E000229B1B07C5D50CAB20221A550134C0E7B3
:10A0F000FFFFEFFFFFFFEF7F65CDCD4165CDCDC108
:10A10000845D0310885D0310785D0310805D03108B
:10A11000D09104100000E03FF0B5DE4657464E46B1
:10A120004546E0B593B08246884693461193002990
:10A1300000D10DE300255646119B1878002800D168
:10A1400009E3252809D06C1C5B462A004146B0472C
:10A15000119B013311932500EEE701331193002782
:10A1600020E001231F4301321192012418E0022351
:10A170001F4301321192012412E004231F430132D4
:10A18000119201240CE008231F4301321192012493
:10A1900006E010231F4301321192012400E0002445
:10A1A000002C09D0119A1378203BD9B21029F6D887
:10A1B0008B00C849CB589F46119B1A781300303B3F
:10A1C000DBB2092B10D92A2A13D00B94119B1A78D1
:10A1D0002E2A1ED0119A1378683BD9B2122959D869
:10A1E0008B00BD49CB589F4611A8FFF705FA0B908D
:10A1F000ECE71C9B1A1D1C921B68002B04DB0B93C5
:10A20000119B01331193E1E7022217435B420B9349
:10A21000F6E78022D20017435A1C11925A78130095
:10A22000303BDBB2092B0BD92A2AD3D11C9B1A1D38
:10A230001C921C68002C08DB119B01331193C9E7A9
:10A2400011A8FFF7D9F90400C4E70024F4E780233C
:10A250005B003B43511C119151786C2901D01F00C8
:10A2600018E0C0239B001F430232119212E08023AA
:10A270003B43511C11915178682901D01F0009E01E
:10A28000C0231F430232119204E080235B001F436E
:10A2900001321192119B1878672818D8252800D20E
:10A2A0004CE20300253BDAB2422A00D946E2930091
:10A2B0008A4AD3589F4680239B001F430132119244
:10A2C000E8E780235B001F4301321192E2E7782820
:10A2D00000D933E2692800D230E20200693AD2B2F2
:10A2E000012393407E4A134211D11A0600D500E2A1
:10A2F0005B0500D422E21C9B1A1D1C921B689A4627
:10A30000002C00D0B2E10122524253468EE16F2868
:10A310000ED006D858283DD0622804D102239C468E
:10A3200008E0782839D010239F43063B9C4601E083
:10A3300008239C46582833D0692803D0642801D0CC
:10A340000C2297437A0501D50122974369282AD028
:10A35000642828D0BA0500D59FE0FA0500D5C1E0F1
:10A360007A0600D4D3E01C9A111D1C911168FF22BB
:10A370000A4005970B9B04930394634602930023C2
:10A38000019300925B462A0041463000FFF725FA10
:10A39000050027E010239C46CCE710239C46C9E724
:10A3A00020221743C8E7BA0520D4FA0550D47A060C
:10A3B00066D51C9A111D1C911168FF220A40D01706
:10A3C0001118414005970B9B049303946346029335
:10A3D000D20F019200915B462A0041463000FFF700
:10A3E000FCF90500119B01331193A5E61C9A073275
:10A3F00007218A43110008311C911168536899465E
:10A40000DB170C930D930C9A0D9B100048400E9097
:10A410004A4653400F930E980F990C9A0D9B801A41
:10A4200099410E900F9108970B9B079306946346F2
:10A430000493002305934B46DA0F0292009001919A
:10A440005B462A0041463000FFF725FA0500C9E7C0
:10A450001C9A111D1C911268D017111841400597C4
:10A460000B9B0493039463460293D20F01920091D5
:10A470005B462A0041463000FFF7AFF90500B1E71F
:10A480003A0605D51C9A111D1C910023D25E96E751
:10A490001C9A111D1C91126891E71C9A0732072122
:10A4A0008A43110008311C9108970B9B079306946F
:10A4B0006346049300230593029353681268009245
:10A4C00001935B462A0041463000FFF7E4F905009E
:10A4D00088E7C0463090041074900410C0900410B7
:10A4E000419000001C9A111D1C9105970B9B049331
:10A4F00003946346029300230193136800935B4621
:10A500002A0041463000FFF768F905006AE73A067D
:10A5100006D51C9A111D1C9112681204120C28E712
:10A520001C9A111D1C91126823E7462819D01C9B08
:10A530000733072293431A0008321C9204970B9AA0
:10A54000039202941A685B68009201935B462A00AA
:10A5500041463000FFF736FC0500119B0133119393
:10A56000EAE520231F43E2E7672801D0472802D10C
:10A5700080231B011F43452801D0472801D12023F8
:10A580001F431C9B0733072293431A0008321C9277
:10A5900004970B9A039202941A685B6800920193E5
:10A5A0005B462A0041463000FFF7FCF90500119B8D
:10A5B00001331193C0E502231A003A4091463B4211
:10A5C0001DD001241C9B1A1D1C926F1C18785B4621
:10A5D0002A004146B0474B46002B14D1119B013352
:10A5E00011933D00A8E5571C5B4641462020B0472B
:10A5F00023003A005C1C9D42F5D81500E2E70123D8
:10A600002A000B9DF6E73A00B1460B9E06E0571C68
:10A610005B4641462020C8472C003A00651CA642F4
:10A62000F5D817004E46D9E701330A0019780029FA
:10A6300002D0511E002AF7D152469B1A8022D20026
:10A64000390011408946174202D0A34200D92300A5
:10A6500002221100394010913A4209D02A00250007
:10A6600057469A4633004E46994621E022004CE672
:10A670002A004546A04606E0541C5B4629002020DF
:10A68000B0473B0022005F1C0B999942F4D8444626
:10A69000A8463B00250057469A4633004E46994649
:10A6A00006E01D000137541C5B464146C8472200A6
:10A6B0003878002804D0002EF4D06B1E002DF0D185
:10A6C000150053464E46109A002A03D1119B0133C0
:10A6D000119331E50B9F2A0006E0551C5B4641466D
:10A6E0002020B04723002A005C1C9F42F5D81500AB
:10A6F000ECE721233B431C9A111D1C911268059322
:10A7000008230493039408330293002301930092D7
:10A710005B462A0041463000FFF75FF80500119BB9
:10A720000133119308E56C1C5B462A004146252045
:10A73000B047119B013311932500FDE46C1C5B466F
:10A740002A004146B047119B013311932500F3E4E1
:10A750000A4B9A46EEE4B2465D450DD35B465A1E5F
:10A760005B4641460020D047280013B0F0BCBB46F2
:10A77000B246A946A046F0BD2A00F1E7E9950010CF
:10A780000EB430B584B0010007AC08CC03940122AC
:10A79000054D009452422800FFF7BEFC04B030BCC7
:10A7A00008BC03B01847C046E19500100CB430B5A2
:10A7B00085B00A0008AC08CC0394054D0094010054
:10A7C0002800FFF7A9FC05B030BC08BC02B0184750
:10A7D000E195001010B582B0044C009313000A00FC
:10A7E00001002000FFF798FC02B010BDE1950010B9
:10A7F00000B585B002900391012104480093130035
:10A800004A4202A9FFF788FC05B000BDEB95001095
:10A8100001480421014B1847D023002059A80010FB
:10A82000014B5B6818470000D0230020014B9B6858
:10A8300018470000D023002010B5010018231B8802
:10A8400014221088984710BD10B5010018231B88EA
:10A8500016221088984710BDF0B5C64600B507000F
:10A860000E0000250123984600E00135B5420AD2CA
:10A87000AC003C192068FFF7DFFF20600028F4D10E
:10A8800000239846F1E7404680BCB846F0BD000082
:10A89000124A936F9B0815D29066D166002905D0A5
:10A8A000FFE7FFE7FFE7516F106F704704B58021A6
:10A8B0000906C2175140002800D0C84329F0B4FC53
:10A8C000002104BDF0B5146E556E576F166FFFF77B
:10A8D000E3FF1466556657671667F0BD000000D0A9
:10A8E000114A936F9B0813D210665166002905D058
:10A8F000FFE7FFE7FFE7516F106F704704B50028CF
:10A9000001D00020C04329F08FFC002104BDC046C7
:10A91000F0B5146E556E576F166FFFF7E5FF1466AE
:10A92000556657671667F0BD000000D094464A4A46
:10A93000926F9208624601D228E0C046F0B5464EBA
:10A94000346E756E776F366F00F020F89446424A89
:10A9500014665566576716676246F0BD94463E4AD0
:10A96000926F9208624601D254E0C046F0B53A4E6A
:10A97000346E756E776F366F00F04CF89446364A39
:10A9800014665566576716676246F0BD002B24DBD8
:10A9900011D000293EDA00B5C943404200D101314F
:10A9A00000F038F8C943404200D10131DB43524244
:10A9B00000D1013300BD002AEBD1002801D10029CC
:10A9C00005D00020C90FC90701D1C043410800B517
:10A9D00029F002FC0022002300BD00B500290ADB9B
:10A9E000DB43524200D1013300F014F8C943404226
:10A9F00000D1013100BDC943404200D10131DB43E8
:10AA0000524200D1013300F005F8DB43524200D13D
:10AA1000013300BD002923D1002B18D1002A0CD00E
:10AA2000BC460D4F38667A6600210023FFE7FFE73A
:10AA3000FFE77A6F386F67467047002801D00748F4
:10AA4000010000B529F0C8FB0022002300BD020070
:10AA50000B00002000217047000000D0FFFFFFFF27
:10AA6000002B00D0BFE0130C28D1002AE7D080B41F
:10AA7000114F39667A66FFE7FFE730B4040C7B6F4D
:10AA8000396F1B0423433B667A66FFE7FFE7FFE766
:10AA9000C04684B27B6F3D6F1B0423433B667A66DE
:10AAA000FFE7FFE7C04600232C042D0C7A6F386FB8
:10AAB00000196941B0BC7047000000D0F0B5944661
:10AAC0000025140E01D112020835140F01D1120114
:10AAD0000435940F01D192000235D40F01D15200F8
:10AAE0000135D40B0134254F7C66254C3C660E0C99
:10AAF00093B2FFE7FFE7FFE73C6F6643360C77034F
:10AB0000BE467343DF0B5B04C01AB941130C734399
:10AB1000DB18C91ACE086643360CB64493B27343A9
:10AB20001F0F1B01C01AB941130C73431F0B1B05E8
:10AB3000C01AB941860D8F023E436643360C092D7B
:10AB400024DB520A7243801A7703460A6643360CA6
:10AB500016235B1BDE40DF40BF1964466643821B41
:10AB60007046043506330100D940A840C01900D30F
:10AB70000131A24206D20023F0BD0000000000D047
:10AB8000FFFFFFFF121B0130F3D3F1E709277F1B03
:10AB9000FE406446A2B27243801A00D20139220CF0
:10ABA0007243130C1204821A99410B00704604354B
:10ABB00013370100F940A840801900D30131002B60
:10ABC00002D1A2420AD2F0BD013000D30131121BE2
:10ABD000FAD2013BF8D1A24200D2F0BD013000D33D
:10ABE0000131121BF7E7F0B51C0C00D080E00CB46B
:10ABF00000251C0A04D11B02160E3343120208352D
:10AC00001C0B04D11B01160F3343120104359C0B9E
:10AC100004D19B00960F334392000235DC0B02D126
:10AC200092185B4101351C00971864410134464F6E
:10AC30007C66464C3C660E0CFFE7FFE7FFE7C0462C
:10AC40003C6F6643360C7703BE4697B27743C01B12
:10AC500000D20139C01B00D201399FB27743C91B12
:10AC6000C91B170C77437E04FF0B801BB941CE082C
:10AC70006643360C0C2D33DBB644120B1F053A43EA
:10AC80001B0B97B27743C01B00D201399FB27743A9
:10AC9000C91B170C77433E043F0C801BB941860D3E
:10ACA0008F023E43664329277F1BFE400C3D7746BB
:10ACB000AF40BF1930BCA2B2ABB272437343801A2B
:10ACC0009941220C7243130C1204801A994102001C
:10ACD0000B000137001BA941F9D2781E0021F0BDFD
:10ACE0000C277F1BFE4077467F0BAF40FF19E0E744
:10ACF00000245D1C07D0144F7D663966FFE7FFE72F
:10AD0000FFE7FFE73C6F95B29EB265436643401B89
:10AD1000B141150C1E0C6543664336042F0C3E43AF
:10AD20002D04401BB141994204D202000B002000C7
:10AD30000021F0BD01D19042F7D3801A994101342E
:10AD40009942F2D3F6E70000000000D0FFFFFFFFBA
:10AD500048404140484018B41B4B5B68FC46019397
:10AD600008BD04DF2BB2001018B4174B1B68FC465B
:10AD7000019308BD00DF35B200109446134A926F6C
:10AD8000920809D2624618B40F4BDB68FC46019367
:10AD900008BD0CDFEDB400100C4AF0B5146E556E12
:10ADA000576F166F6246FFF7EEFF084A1466556646
:10ADB00057671667F0BD18B4034B9B68FC460193B8
:10ADC00008BD08DF91B30010BC110320000000D0C3
:10ADD000FFB550404240504059404B40594000E080
:10ADE000FFB5154F4C00640D03D0BC4204D10C03D9
:10ADF00014D80020090D09055C00640D03D0BC4285
:10AE000004D11C030AD800221B0D1B0501264B4050
:10AE100009D44B4003D58B4200D18242FFBD9942F9
:10AE2000FCD19042FFBD0B43DB1803431343F5D025
:10AE3000C9434918FFBD0000FF07000000B5FFF738
:10AE4000CFFF804100BDC04600B5FFF7C9FF01D963
:10AE5000002000BD012000BD00B5FFF7B9FF01D9FA
:10AE6000002000BD012000BD00B5FFF7B1FF80410B
:10AE700000BD012040054A00121804D85A001218DB
:10AE800001D8002070470120704700207047000063
:10AE90000021002805D17047C1174840401AFAD058
:10AEA000C90713B5064B1B6898470CBC441CA2404D
:10AEB0001005120B0349091B09051943114310BD65
:10AEC000CC1203201F04000010B54C00620D80233B
:10AED000D218DB00D21A5B057E2A10DD9E3A13DA07
:10AEE000CC170903490819435242D1406400013488
:10AEF0001532202A05DAD0400843604310BD0020F7
:10AF000010BD0846604310BDC80FC018013810BD01
:10AF100018B4044B5B6AFC46019308BD24DF9DB660
:10AF200000100000BC11032018B4044B1B6EFC463B
:10AF3000019308BD60DF93B700100000BC1103202F
:10AF400018B4044BDB6FFC46019308BD7CDF1DB7D2
:10AF500000100000BC11032070B513231C78012CD5
:10AF600012D0012C12DC214B214A93642148FFF7B7
:10AF700063FC214B186070BD1C491D4A980081502C
:10AF800001331F2BF8D9ECE70023FAE71B48FFF742
:10AF90005BFC05001A48FFF757FC023803789B005A
:10AFA0007F2B09DD12488022290000F0C3FD022C0E
:10AFB00008D0022CDADCD6E7124B134A13483221B0
:10AFC000FEF758FA124B1A88B5231B029A4209D190
:10AFD000104B1A88104B9A4204D1104B1A88104B10
:10AFE0009A42E6D00020FEF7DDFAC046F1B100102B
:10AFF000BC1103204C330000CC120320534400004A
:10B0000053460000905D031020920410E45D03108D
:10B0100054380000D8380000494600009C38000031
:10B0200059460000F0B5DE4657464E464546E0B567
:10B0300085B004000D00009201930E9B9A46002BF0
:10B0400044DD019B191101204042FFF749FC0390A8
:10B0500000239B4628E00C239946AB11039A5343E7
:10B060001D224946521A134101335B1098464B4644
:10B07000203B21D422009A40170023004A469340E7
:10B080001E004346D917009A019B404600F0DAFBA8
:10B0900034003D00241A8D415B464A4693404344A8
:10B0A0009B4653469B1A9A465346002B11DD534646
:10B0B0000C2BD0DCD146D0E720235B1A2200DA40EB
:10B0C00013002A008A4017001F43D6E7002303938A
:10B0D000BEE7009A019BAB4209DC01D1A24206D82F
:10B0E000009A019BA41A9D4101239C46E344009AC7
:10B0F000019BAB4209DC01D1A24206D8009A019B18
:10B10000A41A9D4101239C46E344002D0DDB0F9BB7
:10B11000002B01D05A461A602000290005B0F0BC6F
:10B12000BB46B246A946A046F0BD009A019BA418B2
:10B130005D41012149428C46E344002DE7DAA41821
:10B140005D41E344E3E70000F0B5C64600B586B0D4
:10B15000059002920393CB0F98460C0D6405640D85
:10B160000F033F0B80256D032F43039B1E0D7605B8
:10B17000760D1B031B0B2B431A4DAC4224D0002E23
:10B1800025D0002C05D14346002B26D100200021DC
:10B190001FE0B4421DDB00210191A41B009405981F
:10B1A0003900FFF73FFF04000D004346002B04D099
:10B1B00002000B00002554429D410B4A921B2000C7
:10B1C0002900FFF7B1FE04E00020084901E000205B
:10B1D000064906B080BCB846F0BD002080210906B3
:10B1E000F7E7C046FF070000330400000000F07FCF
:10B1F00007B56046002800D100BE01880A0A023067
:10B20000DF2AFAD1C9B2820804D302884088000438
:10B21000104300E00068024A5050039007BD000050
:10B22000BC1103200FB403BC0CBCF0B50124E4072F
:10B23000634000E0F0B50C0DCF0F661E3605891B8C
:10B24000640503D3C943404200D30131640D03D0E8
:10B25000661CF60A07D0E41B00207F00791C8907D2
:10B260008912803C24031D0DDF0F6E1E36059B1BCB
:10B270006D0503D3DB43524200D301336D0D03D080
:10B280006E1CF60A07D0ED1B00227F007B1C9B077B
:10B290009B12803D2D032F1B661B58D4A446202EE5
:10B2A00046DA20371400BC401D00BD40F240334157
:10B2B0002A4380185941CB0F05D0C943C04300220F
:10B2C00064425041514162464D0D28D10D0D07D1C8
:10B2D00000281FD0241940414941013A0D0DF9D0F1
:10B2E000640006D3013000D30131002C01D14008A5
:10B2F0004000013A0BD4941CE40A04D11205114415
:10B30000DB071944F0BDD907204B194300E0D907EA
:10B310000020F0BD0029DDD1002CDBD1F0BD0132D1
:10B32000C6074008CD0728434908002EE1D0D9E7D9
:10B330003C2E29DA203E40371400BC4000D00124C6
:10B34000F24014431A00BB401C43D317ACE7AC4691
:10B35000202F08DA20360400B4400D00B540F84034
:10B3600039412843A5E73C2F0CDA203F4036040042
:10B37000B44000D00124F84004430800B1400C431D
:10B38000C117EAE710001900002494E70000F07FDD
:10B39000F0B50C0D661E3605891BE60A6405640DC2
:10B3A00002D0651CED0A04D0002001210905803C73
:10B3B0002403A4461C0D671E3F05DB1BE70A64053A
:10B3C000640D02D0651CED0A04D0002201231B0588
:10B3D000803C24037740644497B484B296B27443AB
:10B3E000070C7E43150C6F4380B26843361802D3B6
:10B3F000012000043F183004350C00197D418446BB
:10B4000088B29AB250430C0C62431F0C7C438EB23C
:10B410007E43921902D301263604A4191604170C90
:10B420003618674101BC81B29AB25143040C6243A1
:10B430001B0C5C4380B25843121802D30120000455
:10B4400024181004130C401863412D185E4100208D
:10B45000474106BC88B293B258430C0C6343120CAC
:10B46000544389B251435B1802D301210904641883
:10B4700019041A0C091862416D1856410020474101
:10B4800018BCF902720D1143F0026A0D1043ED026F
:10B490000A0D03D16D1940414941013B124E9B1BDE
:10B4A0007600B3420ED26D0007D301300026714101
:10B4B0006646354301D1400840001B05C918E40722
:10B4C0002144F0BD0BDA013306D1013004D1013142
:10B4D0004F0D01D04908F2E7E1070020F0BD013629
:10B4E00031050020EBE70000FF030000F0B51C0D64
:10B4F000671E3F05DB1BE70A6405640D02D0661C6E
:10B50000F60A04D0002201231B05803C2403D02529
:10B510002D060026F6432E661E096E66CE0FF6191E
:10B52000B44649004F0D02D07E1CF60A03D000201D
:10B530000021403F3F033E1BB600B444013F7F055E
:10B54000C91B49082E6F013676089C02950D2543CC
:10B550007543ED137543AD1301356D10F603761B7E
:10B560000CB4CC02450D2C43A2B2B3B25A43270C03
:10B570007B43350C6F43A4B26C431B1902D30124E7
:10B5800024043F191C041D0CA4187D4124196D418D
:10B59000009A91B2ACB26143170C7C432B0C5F4311
:10B5A00092B25A43A41802D301221204BF182204F3
:10B5B000230C52187B41019C6C431B19520ED9017C
:10B5C0000A434401A01A81B2B2B2514303145A4350
:10B5D000360C734387B27743D617D21900277E41C2
:10B5E00036049B191704160C7F185E417316ED186C
:10B5F000F301002680337541A90F06D16400690A62
:10B60000E8055B0A184309D22FE0042294448033F2
:10B610007541A90AA8059B0A184326D34041494110
:10B620002404009A019B0D005543641B4343E41A14
:10B6300095B286B27543170C7E43030C5F4392B2FA
:10B640005A43B61802D301221204BF183204330C35
:10B6500052197B4152429C41002C02D400220130FD
:10B6600051414008CA071043490802B06246D70753
:10B670009210084BD218084B9A4203D2120589182F
:10B68000C919F0BD0020002A01DC3900F0BD0133EA
:10B690001905F5E7FD030000FE070000002200B5D4
:10B6A000203200F004F8080000BD000000220B1555
:10B6B0000AD410B5944600F0A7F81414013400DA47
:10B6C0000021CB17144C2047002000217047624412
:10B6D000343A0CD40C2A07DA0400914090405242CC
:10B6E0002032D440214310BDD843D94310BD20326D
:10B6F00007D40C469440524220321141D04020439E
:10B7000010BD0800C917203203D452422032104124
:10B7100010BD1800190010BDCFB600104A00520D20
:10B72000144BD21A13DDFF2A1EDAD205CB0FDB072A
:10B730001A43C300400F0903490A084310435B0042
:10B7400001D301D0013070474308FBD2704702D0CB
:10B75000C80FC00770470A0312130132F8D1420F15
:10B76000072AF5D1012200E0FF22C80F000280184D
:10B77000C00570478003000000210A00002104E09A
:10B7800000210A00C11704E00022002306E0C046A1
:10B790000022CB1758405940C01A994130B5184C77
:10B7A000A21A002903D1010010D00020203A4C1524
:10B7B00012D104D2013A001849414C0DFAD3114C70
:10B7C000A24204D212058918DB07C91830BDD24342
:10B7D000520D00200021F5E703D4013A0018494139
:10B7E000FBD50B324405C00A4D052843C90A640045
:10B7F00003D0002460416141E1E7E0D34408F8E769
:10B8000032040000FE0700000A0DCC0F531E1B057A
:10B81000C91A520503D3C943404200D30131520D26
:10B8200003D0531CDB0A07D0121B00206400611CEC
:10B8300089078912803A1203014BD21A704700001F
:10B84000FF03000051434343C9188C46110C83B2D7
:10B850004B4310B4040C614392B280B25043624334
:10B860001C041B0C001910BC59411304120CC01805
:10B870005141614470470000484041404840002326
:10B880009C46114B5B68184700239C460E4B1B6877
:10B8900018470E4A936F9B0804D200239C460A4B1C
:10B8A000DB681847F0B5146E556E576F166FFFF7CB
:10B8B000F4FF064A1466556657671667F0BD002305
:10B8C0009C46014B9B681847D0120320000000D013
:10B8D00007B548404140484001E0C04607B5420036
:10B8E000120E03D0FF2A03D1420218D8C00DC005A2
:10B8F0004A00120E03D0FF2A03D14A020FD8C90D05
:10B90000C9050122414005D4414001D5814207BD0E
:10B91000884207BD0143491801D0C043001807BD44
:10B9200000B5FFF7DBFF804100BDC04600B5FFF763
:10B93000CFFF01D9002000BD012000BD00B5FFF7F9
:10B94000C7FF804100BD491A002807D1084670474B
:10B95000C10FC90700D54042002817D0F44603B4F0
:10B960000B4B1B68984706BC81409E384042803193
:10B9700007D20B0607D04900490AC0051043084307
:10B9800060470130F8E7490A8902F5E7704700008F
:10B99000CC12032000239C46014B5B6A1847000031
:10B9A000D0120320034BDB6FFC4618477CDFE9BA5B
:10B9B00000100000D012032070B513231E782A480F
:10B9C000FEF742FF0500012E11D0012E09DDAB1E4E
:10B9D0001B789B007F2B40DD24488022290000F04B
:10B9E000A9F82348FEF728FF224B186070BD1F48B6
:10B9F0005422290000F09EF81F4B1A881F4B9A42D0
:10BA00001CD1A7239B011A881D4B9A4216D11D4BAE
:10BA10001A881D4B9A4211D11C4B1A8894239B0102
:10BA20009A420BD11A4B1A881A4B9A4206D11A4BDA
:10BA30001A681A4B9A4201D1152307E01848FDF7FE
:10BA4000B1FD184C094A99008C5001331F2BF8D9CD
:10BA5000144B064A1362D361B7E7134B134A1448D9
:10BA60004221FDF707FDC04653460000D0120320D7
:10BA70004C330000CC120320EE290000C40F00005C
:10BA8000C20D0000962B0000C0B50000182B00006E
:10BA9000CC2A000010B50000FC2C000051ED87649A
:10BAA000EC820310B5BA0010385E03103492041013
:10BAB0006C5E031007B56046002800D100BE018807
:10BAC0000A0A0230DF2AFAD1C9B2820804D30288F6
:10BAD00040880004104300E00068024A5050039080
:10BAE00007BD0000D0120320C30FDB0741000A0E80
:10BAF00007D0FF2A08D00909054A891819434007C9
:10BB000070471900002070470249C918FAE7000081
:10BB1000000000380000F07F01480421014B184765
:10BB2000E023002059A80010014B1B6818470000B3
:10BB3000E0230020014B5B6818470000E023002051
:10BB400010B50300080011001B68984710BD0000E5
:10BB5000F8B507000D001600437D002B02D000242D
:10BB600000200CE003681100280098472DE03B7D81
:10BB700010E03B68154802219847601C0134B4422C
:10BB800014DA002CF3DD2B19013B1B780D3B5A42D4
:10BB90005341DBB22A5D0A2AF0D1002BEED1A0423C
:10BBA000E7DA3B68211A28189847E2E7B04203DA3F
:10BBB0003B68311A28189847002E06DDAD19013D63
:10BBC0002B780D3B5A4253413B75F8BD6C920410E3
:10BBD00070B505000368002B16D00C4B1C6805E0FF
:10BBE000290004C92000FFF7B3FF2469002C09D005
:10BBF0002368002BF9D0064B1B68002BF0D0A34222
:10BC0000F3D1EDE700232B6070BDC046343D012029
:10BC1000D03E012070B505000C000B68802B05D0CC
:10BC200023685A1C2260E418257170BD0800FFF7D4
:10BC3000CFFFF5E710B5002B02DB0260436010BDBB
:10BC4000024B034A03483F21FDF714FC58500310F0
:10BC5000709204107450031010B582B00400FCF709
:10BC60007BFC02000B006846FFF7E4FF009A019B93
:10BC700022606360200002B010BD000070B582B089
:10BC8000060014001D00FA229200002306980021ED
:10BC9000FFF7D8FD02000B0012196B41002B09DBE6
:10BCA0006846FFF7C7FF009A019B3260736030005F
:10BCB00002B070BD01225242004BF1E7FFFFFF7F4F
:10BCC00030B585B004000D0002A8FFF7C5FF029A49
:10BCD000039B00952000FFF7D1FF200005B030BD89
:10BCE00000B583B0FA2189006846FFF7E9FF009AA2
:10BCF000019B024828F0E8FA03B000BDD42E0020D2
:10BD000010B5024828F060FA10BDC046D42E0020BD
:10BD1000F0B5CE46474680B583B006000D0090468C
:10BD20001C00FFF7DDFF81466B1C05D0002C08D0FE
:10BD3000194F1A4B1C6807E0300028F005FA05007F
:10BD4000F4E7174FF5E72469002C17D02368002B80
:10BD5000F9D0144B1B68002B01D0A342F3D12A0069
:10BD600031002000B8474346002BECD06B46D91D6C
:10BD70000A230B7001222000B847E4E74B46002B52
:10BD800007D16B1E9D41E8B203B0C0BCB946B046B6
:10BD9000F0BDFFF7B5FFF4E741BB0010343D0120D3
:10BDA00051BB0010D03E012010B582B004006B469C
:10BDB000D81D0470002300220121FFF7A9FF2000F5
:10BDC00002B010BD094A01E010331A001368002BBD
:10BDD00008D08342F8D1002907D1036913600023FA
:10BDE000036102E0002900D010607047343D01205B
:10BDF00010B5064B1C6801E098472469002C03D05D
:10BE00006368002BF8D1F8E710BDC046343D01202F
:10BE100070B5050028F098F9040000230122010004
:10BE20002800FFF775FFFFF7E3FF200070BD00005B
:10BE300070B5A2B004000E00FFF752FF050000230A
:10BE400001930A483300220001A9FEF7D1FC040047
:10BE500001A8FFF7BDFEFFF7CBFF002D02D12000A8
:10BE600022B070BDFFF74CFFF9E7C04615BC0010CB
:10BE70000FB400B583B004A901C90191FFF7D8FF41
:10BE800003B008BC04B0184710B500F0AFF910BDFE
:10BE900070470000014B00221A707047002F0320EA
:10BEA0004B79FF2B0CD18B79002B0BD1CB79012B4C
:10BEB0000AD1082A0AD98A78054B1A70092000E0AD
:10BEC000002070470020FCE70020FAE70020F8E798
:10BED000002F03200120704770B504000D000348B7
:10BEE000FEF7AAFC030029002000984755420000F5
:10BEF00010B5012926D1117953791B020B43124940
:10BF000009788B4201D000201DE05378012B03D02B
:10BF1000022B10D0002016E09178D3781B02194331
:10BF2000DB0506D54B0A012098407F231940FFF717
:10BF3000D3FF0020F9E7642200210020FDF7CEF9AD
:10BF4000012000E0012010BD002F03200123037019
:10BF5000004870478892041010B50A784B781B028D
:10BF600013438A7812041A43CB781B061343044AFE
:10BF7000934200D010BD00210800FFF7ADFFC0467E
:10BF800039050000024B1860024B19607047C0462B
:10BF9000B03A0120B43A012010B5002B02DB026058
:10BFA000436010BD024B034A03483F21FDF762FA8C
:10BFB00058500310BC9204107450031010B582B096
:10BFC0000400FCF7C9FA02000B006846FFF7E4FF23
:10BFD000009A019B22606360200002B010BD000047
:10BFE00070B582B0060014001D00FA2292000023F2
:10BFF00006980021FFF726FC02000B0012196B4186
:10C00000002B09DB6846FFF7C7FF009A019B3260EF
:10C010007360300002B070BD01225242004BF1E764
:10C02000FFFFFF7F30B585B004000D0002A8FFF7C9
:10C03000C5FF029A039B00952000FFF7D1FF200067
:10C0400005B030BD10B582B00400049805991218EF
:10C050004B41002B09DB6846FFF79EFF009A019BCE
:10C0600022606360200002B010BD01225242014BE9
:10C07000F1E7C046FFFFFF7F10B5024B1878FCF7D1
:10C08000E7FB10BD052F032070B5124B1B68002B7A
:10C090001BD0EFF3108272B619680029FCD0BFF3F1
:10C0A0005F8F0C4842600C4B002119700368BFF38E
:10C0B0005F8F196082F3108800240025074B1878E1
:10C0C000FCF7C6FB2000290070BDFA24A40000255F
:10C0D000F4E7C046C0040320262F0320052F0320C9
:10C0E000F0B587B0040016001D000EAB1F7804A841
:10C0F000FFF764FF049A059B0096019504A8FFF7DB
:10C10000A1FF049A059B02970D9901910C9900914A
:10C110002000FCF72FF807B0F0BDF0B5C64600B51B
:10C1200084B00500884616001F000AAB1C78FCF797
:10C130000BF80294019700962A004346FFF7D0FFC0
:10C1400004B080BCB846F0BD10B582B01B480021D9
:10C1500028F07AF8002827D1194B1B68002B2BD028
:10C16000EFF3108272B619680029FCD0BFF35F8F1D
:10C1700013494A601348037801246340DBB2012469
:10C1800004700968BFF35F8F0020086082F3108895
:10C19000002B11D00C4A012300930023FA208000C9
:10C1A0000021FFF7BAFF07E001200021404201F023
:10C1B00081F8024828F008F802B010BDB417032037
:10C1C000C0040320262F032089C0001010B5054BA2
:10C1D0001868002804D0044B1968002200F094FD70
:10C1E00010BDC046B03A0120B43A012010B582B06B
:10C1F000D0231B061C68FBF7A7FFFCF7B5F8A0428D
:10C200002CD1234B1B7801F029FD2248FCF787FC39
:10C210000120FCF7ABFB204C20702049FF23184085
:10C22000FCF728FB20780121FCF70AFB0520FCF72E
:10C2300017FB041E18D01A4900220520FCF744FB06
:10C24000FBF72AFC0100174B1800FCF785FC164889
:10C250000121FFF7B7FD200002B010BD134B144AB7
:10C260001448B221FDF706F9134A01230093002375
:10C27000FA2080000021FFF750FFC443E40F094873
:10C2800008220021FFF750FC002CE4D0DFE7C04675
:10C2900034320510B4170320052F032049C10010C4
:10C2A00079C00010C0040320F02300204C49031083
:10C2B000AC9204100C5F031089C0001010B5002070
:10C2C00001F0F6F910BD000030B583B004000D0098
:10C2D000FFF7F4FF002830D0002001F005FA002815
:10C2E0002ED0FA2189006846FFF79CFE009A019B38
:10C2F000164827F0E9FF002825D0FFF7DFFF0028C8
:10C3000004D0002001F0F0F900280CD10120002118
:10C31000404200F0CFFF032464420C4827F054FF52
:10C32000200003B030BD2A002100002001F0E8F910
:10C33000041EF2D103246442EFE703246442EFE7D2
:10C3400003246442ECE703246442E9E7B4170320C2
:10C35000F0B5C64600B582B080460D00FA218900CE
:10C360006846FFF75FFE009A019B2C4827F0ACFF60
:10C37000002803D102B080BCB846F0BDFFF79EFF95
:10C38000002849D1264B002000211860596023481D
:10C3900027F01AFFEEE701200021404200F08AFF5B
:10C3A000002001F0C1F9FFF789FF0028EFD000203D
:10C3B00001F032FA002820D0AC42E8DA2E1B00202F
:10C3C00001F02AFA0200864200DC3200002AE2D0A4
:10C3D00043461919002001F003FA0600012000214C
:10C3E000404200F067FF002001F09EF9A419FCF71D
:10C3F000B3F80B4B18605960DEE7FCF7ADF8084B5B
:10C400001E685F68074A002392197B419942BED893
:10C41000D2D19042D0D9BAE70024CDE7B417032097
:10C420001030002020A107000048704740930410FE
:10C4300000487047EC92041010B50400154B1B78AF
:10C44000002B0ED0002C11D1134B144A5A8001231B
:10C4500001335B009BB21048C0229200134303805B
:10C4600010BD0C48112100F025F8EBE7052C0ED883
:10C470000B4BA400E4580023122BE9D8E15C0029FF
:10C48000E6D00133044A58008152DBB2F4E70020C1
:10C49000E6E7C046D41B03208C3C012009040000C1
:10C4A000D492041010B5024800F032F810BDC04616
:10C4B000100B032010B5002901D000230AE0104B17
:10C4C000104A11481F31FCF7D5FF00220DE037322A
:10C4D000C25401334A1E9A420ED90F2B0CD85A0867
:10C4E0000A4CA45CDA07F0D4042214410F22224043
:10C4F000092AECDC3032EBE7C0180023037010BDD2
:10C500009C5F031054930410A45F0310100B0320CE
:10C5100030B589B0040004AD0D2200212800FFF7DA
:10C5200003FB0D2200216846FFF7FEFA4B232B7018
:10C530000D226946280027F03FFE002304E05A1D23
:10C5400069468A5CE2540133072BF8DD09B030BD3F
:10C5500002007F201040D209400080184001014BAA
:10C56000C0187047F0E5022010B5038B3F333F221F
:10C570009343022915D0124C2268C260D31823605D
:10C580009C0610D10F4C6240634080246401A3429A
:10C590000FD88906114380231B060B4342681360A2
:10C5A00010BD5B00E7E7084B084A09485421FCF737
:10C5B00061FF084B054A06485621FCF75BFFC04661
:10C5C000640403200000105000610310C4930410A1
:10C5D0003061031090610310F8B505000E001400DF
:10C5E000FFF7B6FF7F232B40EF0985707A427A412F
:10C5F00042700022C2700683C476012F0DD0DA008B
:10C6000012498C4662448260826800211160002BCE
:10C6100009D143600E4BC360F8BDDA000D498C466A
:10C6200062448260F0E7012F09D0013BDB000A4A37
:10C630009446634443602100FFF796FFECE7013B1B
:10C64000DB00064A944663444360F4E784001050DC
:10C6500000011050800010500C00105008001050C5
:10C6600070B584B006000D0014000C22002101A852
:10C67000FFF75AFA6B461E7103236A4653710295FF
:10C68000210001A827F0F8FD04B070BD70B50C00C2
:10C690001500FFF75DFF2A00210000F00DF970BDC5
:10C6A00010B5002804D101210520FCF7C9F810BD00
:10C6B000034B044AD52104484900FCF7DBFEC04681
:10C6C000D8610310B49304103061031010B5002832
:10C6D00005D1002200218020FFF7D8FF10BD034BB9
:10C6E000034ADB2103484900FCF7C4FED86103106C
:10C6F000A493041030610310024B80225202DA64CA
:10C700007047C0460020115070B5041E26D100F0BD
:10C71000ADF8164D0C23AB671549FF220520FCF739
:10C72000D3F8144840220021FFF7FEF900224021EF
:10C730000020FFF751FF002240218020FFF74CFF2F
:10C7400027F002FE01232B6480239B05EB649023DA
:10C75000094AEA502000FFF7CFFF70BD074B084A97
:10C7600086210848FF31FCF785FEC04600001150C5
:10C77000DD0D0020F0E5022010D00100D86103108B
:10C78000D8930410306103100B785B0602D14B780C
:10C79000052B00D070478A78014B1A60FAE7C04633
:10C7A0000000115010B50A0000280DD188780979D1
:10C7B00053791B020B435B05590DD2789207920FF8
:10C7C000FFF70AFF012010BD034B044AFC21044877
:10C7D000FF31FCF74FFEC046D8610310949304105C
:10C7E0003061031010B527F0AFFD10BD10B5040087
:10C7F000080011001A00002C03D1FFF747FF0120A9
:10C8000010BD034B034A04480449FCF733FEC046FD
:10C81000D861031084930410306103100A020000F1
:10C8200010B508004B0605D1CB09012B0AD0022216
:10C83000054B9A66FFF78CFE80221201002127F03B
:10C8400063FD10BD0122F3E70020115010B5080070
:10C850004B0600D110BDFFF77BFE0023C370002202
:10C86000014927F051FDF5E7FFF7FFFF10B58023E1
:10C870005B040C4A13600C4A13600C4B9A688023CB
:10C880005B049343F9D10A4C9C2200212000FFF75E
:10C890004BF98022520100210648FFF745F9092390
:10C8A000636710BD00E0004000F0004000C00040A1
:10C8B000000011500000105070B504000D0016006B
:10C8C000837E002B17D1A6820023E3820133A37657
:10C8D0002561200027F030FD002804D0094A90236C
:10C8E00080218902D150200027F0D6FC002805D0F5
:10C8F0000123237770BD27F0FFFCE4E7200027F039
:10C90000EBFCF7E70020115070B5050000240CE0A7
:10C9100062001219D200184B1B689B18002B2AD0FA
:10C920005B68280098470134E4B2144B1B78A3429B
:10C9300010D3134A002A0BD0A342E9D8E31ADBB282
:10C94000002B18D15A00D318DB000E4A9B18E7E7DA
:10C950002300F5E70C4C532200212000FFF7E4F8F8
:10C96000E01C1022FF21FFF7DFF820001330202207
:10C97000FF21FFF7D9F870BD54270120BC2E0320FA
:10C980004DBF001080940410D42A012010B5FFF789
:10C99000BBFF00F0EBFD10BD70B505000C001600EC
:10C9A000C86800F0EDFDE3683200012128009847D7
:10C9B00070BD0000F0B5DE4657464E46C0B582B0A9
:10C9C00000900139C8B2FFF733FD002800D18EE096
:10C9D00043789A46022B00D08BE0C5796C11012276
:10C9E0004A4B1440240119781026B1432143197091
:10C9F000AD112A405201C9B22024A1430A431A7042
:10CA0000070009378278C3781B021343C418A74272
:10CA100066D27B780B2B09D001239B467B78042BB5
:10CA20006ED1E31B9BB29946002538E0FB789B460C
:10CA30003B78FF18F2E76B005B19DB00344A16689D
:10CA4000F618002E3DD1002054E02B0032E0B268F1
:10CA5000304B9A4242D1D34640E02C49CB18DD708E
:10CA60000132D2B2934509D9BB789B18DBB2274972
:10CA7000C918C978FF29F0D000203BE026482B00D8
:10CA8000019E3200390001F075F9B4466744234B2A
:10CA90001B78AB42BBD200202CE00135EDB21F4B1E
:10CAA0001B78AB42F3D31E4A002ACED0AB42C2D889
:10CAB000EB1ADBB2002B25D15E00F618F600194BFD
:10CAC000F618B3684A46390000989847019008283C
:10CAD000E3D98145E1D35B46012BB8D00022C1E701
:10CAE000114B002B10D000E000BF012002E000201D
:10CAF00000E0002002B0E0BCBB46B246A946F0BD53
:10CB00000020F7E70020F5E70120F3E7D42A012011
:10CB10005427012035D90010E72A0120BC2E03201C
:10CB20004DBF0010809404100000000070B5050097
:10CB30000C00CB7888780F2B50D89A002E498A5851
:10CB40009746FFF771FC020012232100280000F035
:10CB5000D9FC44E0294B002B42D000E000BF021E6C
:10CB600040D08178C3781B020B432100280000F0DD
:10CB7000C9FC34E0022B09D0214B002B34D000E05B
:10CB800000BF0200002A05D1002028E0FFF750FC7A
:10CB90000200F7E79178D3781B020B4321002800AD
:10CBA00000F0B0FC1BE02379617909021943FFF71B
:10CBB00043FC021E1AD003782100280000F0A2FCDA
:10CBC0000DE0104B002B13D000E000BF021E11D06F
:10CBD00003782100280000F095FC00E0002070BDE3
:10CBE0000020FCE70020FAE70020F8E70020F6E745
:10CBF0000020F4E70020F2E7F493041000000000A6
:10CC00000000000000000000024B5878431E9841CD
:10CC1000C0B27047D42A0120024B18784007C00FD9
:10CC20007047C046D42A0120034B1878FF38431EB2
:10CC30009841C0B27047C0462C24002070B5040053
:10CC4000FFF7F2FF061E01D0300070BD24485322CA
:10CC50000021FEF769FF234D2800FBF760FF224B00
:10CC60001D60224D2800FBF781FF143D280001F0D4
:10CC7000D5FB1F4B1D601F4B002B04D01E48FFF738
:10CC800065F91E4B186000250BE06A005219D200AE
:10CC90001A4B1B689B18002BD6D01B689847013590
:10CCA000EDB2154B1B78AB4210D3124A002A0BD0C1
:10CCB000AB42EAD8EB1ADBB2002BC5D15A00D3182D
:10CCC000DB000F4A9B18E8E72B00F5E70D4B1C70C3
:10CCD0002000FFF719FD2000FFF7E2FC0126B3E773
:10CCE000D42A01208C2A0120282B01202424002072
:10CCF0002C2B01204DBF0010BC2E032054270120F7
:10CD0000809404102C240020F0B585B007000E009C
:10CD1000150001AC0C2200212000FEF705FF0823BE
:10CD20006370029703962900200027F0A5FA05B04A
:10CD3000F0BD000070B50C00094B1D788B78702297
:10CD40001A4201D0002070BD064B9978200000F0F7
:10CD5000D5FF0028F7D021002800FFF723FDF2E7D8
:10CD60002C240020D42A0120F8B5CE46474680B5B1
:10CD700081460C0017001E00089B9846002504E021
:10CD8000099A13702378E4180135AF4214DD6378F3
:10CD9000052B16D1E1788907890FB14213D1210003
:10CDA0004846FFF7C7FF002807D0A378DA09012A11
:10CDB000E6D042461370E5E70120C0BCB946B04654
:10CDC000F8BD0020F9E70020F7E7000010B57F204C
:10CDD0000840C909400040183030044BC0180330E7
:10CDE000034B196800F046FF10BDC046D42A01204D
:10CDF000282B012010B57F200840C90940004018A9
:10CE00003030044BC0180330034B196800F05AFF50
:10CE100010BDC046D42A0120282B0120F8B5CE46EB
:10CE2000474680B5194800787F250D40CE09184C3B
:10CE30006F00E419A4193034E478E40704D5002025
:10CE4000C0BCB946B046F8BD114CE419A41930274E
:10CE5000B946A1444C46E4780127BC4667463C43AA
:10CE600027004C46E770FFF7C1FC0028E8D1084BCB
:10CE70006D005B199B193033DA7801218A43DA702F
:10CE8000DA7803318A43DA70DAE7C0462C240020CE
:10CE9000D42A012070B50F4B18787F240C40CD099F
:10CEA0000D4B62009B185B193033DB789B0700D574
:10CEB00070BDFFF7B5FC084B64001B195B193033DC
:10CEC000DA7802210A43DA70DA7801210A43DA704B
:10CED000EEE7C0462C240020D42A012070B50F4B69
:10CEE00018787F240C40CD090D4B62009B185B190C
:10CEF0003033DB789B0700D470BDFFF7A7FC084BED
:10CF000064001B195B193033DA7802218A43DA7026
:10CF1000DA7801398A43DA70EEE7C0462C24002023
:10CF2000D42A01207F220A40C909044B52009B18D1
:10CF30005B183033D8788007C00F7047D42A01209F
:10CF4000F0B5C64600B582B005000C00002000F028
:10CF500017FB227860231340602B00D17FE1402B28
:10CF600018D02278D206D20E012A00D1C5E0022ABA
:10CF700000D10BE1002A00D078E1202B17D0002B44
:10CF800000D079E16378092B00D977E19B00C24A90
:10CF9000D3589F46C14B002B00D165E1180000F02B
:10CFA000EFFA22000121280000E000BF58E12379B8
:10CFB0000F2B00D95CE1BA4AD318DB78B94A002AB2
:10CFC00005D0B94A127893420ED39B1ADBB2002BDC
:10CFD00000D04FE15900C918C900B44BC91822004C
:10CFE0002800FFF7D9FC3BE15A00D318DB00B04A18
:10CFF0001168C9180029F2D1002031E1200000F0A9
:10D00000C5FAA1782800FFF761FBA54A1378022131
:10D010000B431370012023E1A14B5B786A46063273
:10D02000137001232100280000F06CFA012017E1A1
:10D03000A6789B4B5B78DBB2B34205D0984B5B780C
:10D04000002B09D1002E13D1954B5E7021002800D2
:10D0500000F044FA012003E12800FFF7C3FB904FE2
:10D06000BB7898462800FFF74FFC4346BB70E9E7C2
:10D0700031002800FFF79EFC0028E5D1F0E02100F8
:10D080002800FFF753FDEBE0A278E3781B0213437F
:10D09000012B01D00020E3E0814A137808210B43E3
:10D0A00013702100280000F019FA0120D8E0A278BE
:10D0B000E3781B021343012B01D00020D0E0784A13
:10D0C000137808218B4313702100280000F006FA22
:10D0D0000120C5E0724B1A785109920801230B40D8
:10D0E00002210A4013436A460632138002232100BC
:10D0F000280000F007FA0120B2E023790F2B00D9B5
:10D10000BEE0674AD318DB78664A002A05D0664A33
:10D110001278934225D39B1ADBB2002B00D0B1E0EA
:10D120005900C918C900614BC91822002800FFF72F
:10D1300033FC002800D093E0237860221A4200D00C
:10D140008EE063780A3B012B00D989E000F018FAE1
:10D1500063780A2B0FD02100280000F0BFF90120CE
:10D160007EE05A00D318DB00514A1168C918002923
:10D17000DBD1002074E06B469A1D0023137001334D
:10D180002100280000F0BEF9012069E021797F200C
:10D190000840CE0970220A4200D075E0404A4000A3
:10D1A00012189219D27C3F48002805D03E480078DA
:10D1B000824212D3121AD2B2002A15D15600B618E2
:10D1C000F6003A4AB618002B10D0002E5ED022008E
:10D1D00031002800FFF7E0FB42E050008218D20047
:10D1E00033480668B618EEE70026ECE76378012BB3
:10D1F00010D0032B0ED0002B4AD12800FFF792FE4F
:10D200006B469A1D108002232100280000F07AF955
:10D21000012025E0A078E2781202024304D1012B1C
:10D2200019D02800FFF736FE002E33D0220031003F
:10D230002800FFF7B1FB002000F0A2F9184B3422C0
:10D240009B5CDB07D80F002B0AD12100280000F0DF
:10D2500045F9012004E02800FFF740FEE4E7002044
:10D2600002B080BCB846F0BD0020F9E70020F7E727
:10D270000020F5E70020F3E70020F1E70020EFE7CA
:10D280000020EDE70020EBE70020E9E70020E7E7DA
:10D290000020E5E70120E3E73494041000000000DB
:10D2A000D42A01204DBF0010BC2E0320809404100E
:10D2B0005427012030B585B000F0D5FC002808D1F6
:10D2C00005B030BD01AC2078FFF760FB22795C4BE4
:10D2D0009A705C4B1C686269EFF3108172B6136838
:10D2E000002BFCD0BFF35F8FA16101A9200001F0EA
:10D2F00038F86269A369BFF35F8F0021116083F37F
:10D3000010880028DCD001AB5B78082BE1D89B00AB
:10D310004D4AD3589F4601AB1878FFF737FB4B4B6C
:10D32000002BD6D000E000BFD3E7454B1A7801248C
:10D3300001210A431A703322995CA1439954995CE4
:10D340000420814399540132995CA1439954995C1A
:10D350008143995401AB187802A9FFF7F1FD002829
:10D36000B7D101AC20780021FFF75AFA207880214C
:10D37000FFF756FAADE701AB19797F220A40CC09D5
:10D380002F4B50001B181B193033D8780125A843A8
:10D39000D870D8780335A843D870002A1CD0284B01
:10D3A00052009B181B19DB7C294A002A05D0294A08
:10D3B0001278934217D39B1ADBB2002B00D07FE781
:10D3C0005A00D318DB00244A9B181C6901A8427933
:10D3D000039B0078A0477CE701A84279039B007873
:10D3E00000F0E2F875E75A00D218D2001B4B1B6818
:10D3F0009B18002BE9D163E7114B1B78DB0700D4A6
:10D4000067E7174B002B00D163E70D4B1878000737
:10D41000C00F00E000BF5CE7094B1B78DB0700D4BE
:10D4200057E7104B002B00D153E700E000BF50E757
:10D43000029B002B00D14CE70398984749E7C04670
:10D44000D42A01202C2B01205C9404100000000041
:10D450004DBF0010BC2E03208094041054270120DF
:10D46000000000000000000010B50023CB56002B88
:10D4700005DB802100230022FFF7D0FC10BD002136
:10D48000F8E70000F8B50500124B9F89DE89B91B4B
:10D4900089B20B1C402900D940239CB20D4B1B784C
:10D4A0005BB2002B08DB0021B74211D00A4A2300EF
:10D4B0002800FFF7B3FCF8BDB74201D18021F3E7A4
:10D4C000044B996804482200FEF734FB8021EBE707
:10D4D0000022ECE7202A0120942A012070B50600E2
:10D4E0000D00074C08222000FEF724FB0023A36058
:10D4F000E381A38129003000FFF7B6FF70BDC0466D
:10D50000202A0120F0B5C64600B580460C00160062
:10D510001D00154B08221F001800FEF70BFBBE6014
:10D520000023FB81A379E179090219430B1CA9426D
:10D5300000D92B1C99B20C4A9381A279E3791B0282
:10D54000134309D0002901D0002E0AD04046FFF72E
:10D5500099FF80BCB846F0BD21004046FFF784FF2C
:10D56000F7E70020F5E7C046202A012010B5034860
:10D5700014220021FEF7D8FA10BDC046202A01204F
:10D58000014B18617047C046202A012010B50100E8
:10D59000044C08222000FEF7CDFA0023A360E381AB
:10D5A000A38110BD202A012070B505001C00C90907
:10D5B000294B1B78DB098B4211D0002C47D1274B1C
:10D5C000002B02D02449FFF7DFF8234B1B69002B07
:10D5D00003D0214A032128009847012070BD1E4B2B
:10D5E0001B785BB2002B07DB1B4B9868002830D000
:10D5F0001B492200FEF79EFA174AD389A1B25B1895
:10D600009BB2D381916809199160D288934201D06D
:10D610003F2C18D8104B1B69002B05D00E4A022155
:10D6200028009847002804D00B492800FFF71CFF6A
:10D63000D4E700212800FFF7F3F880212800FFF746
:10D64000EFF80120CAE72800FFF71CFFC6E700201B
:10D65000C4E70020C2E7C046202A012089C7001085
:10D66000942A012070B5040005001035280000F050
:10D6700062FE3F2801D8002070BDE1780020FFF74E
:10D68000A5FB0028F8D0280000F055FE3F2808D957
:10D6900092239B00E218E17840230020FFF7BEFBB5
:10D6A000EAE7E1780020FFF7A5FB0020E4E70000AF
:10D6B00010B50400FFF7A8FA002801D1002010BD22
:10D6C000FFF7AAFA002809D1064BB2229200624362
:10D6D0009B181B79DB0703D50130F0E70020EEE74C
:10D6E0000020ECE75827012010B5B2239B004343EC
:10D6F00010330248181800F0EEFD10BD5827012025
:10D7000070B5B2239B005843064BC51892B2103037
:10D71000C01800F047FE04002800FFF7A3FF200018
:10D7200070BDC0465827012070B50500FFF76CFAA0
:10D73000002804D10023002B09D1002070BDFFF781
:10D740006BFA002801D10123F5E70023F3E7B224A7
:10D75000A4006C432034214BE4180434200000F072
:10D76000BAFD002801D10020E8E71C4BB22292004C
:10D770006A439B1899780020FFF728FB002801D105
:10D780000020DBE7B226B6006E43A2239B009C4636
:10D790006644124BF61840223100200000F002FED1
:10D7A000041E0ED00D4BB22292006A439B1899784A
:10D7B000030032000020FFF731FB00280CD02000CE
:10D7C000BCE7064BB22292006A439B18997800206E
:10D7D000FFF710FB0020B1E70020AFE7582701203A
:10D7E00070B50500B224A40044432034094BE4186A
:10D7F000043492B2200000F00CFE0600200000F07D
:10D800006AFD3F2801D8300070BD2800FFF78CFF6B
:10D81000F9E7C0465827012010B5B2239B005843B2
:10D820002030034BC018043000F085FD10BDC04609
:10D8300058270120F0B5CE46474680B583B02A4828
:10D84000B22292000021FEF76FF90027002F04D0CA
:10D8500003B0C0BCB946B046F0BD234EB224A4000C
:10D860007C433519FF236B71002398461F4AEA80D9
:10D8700001222A81AB72EB7208232B73210038310D
:10D880008919F833994620001030801943460093D7
:10D8900001334A4600F0E1FC21003931FF3189199A
:10D8A0002000203080190430012300934A4600F004
:10D8B000D4FC8E239B00E3189946B1444846FBF7FD
:10D8C0002EF94346EB614B462B6290239B009C460E
:10D8D0006444A4192000FBF722F92C6343466B63D0
:10D8E0000137FFB2B2E7C0465827012000C2FFFF50
:10D8F00070B50025002D00D070BDB224A4006C438B
:10D900000B4EA01905220021FEF70EF92000103061
:10D91000801900F083FD2034A4190434200000F0A5
:10D920007DFD0121200000F098FD0135EDB2E1E719
:10D9300058270120F0B583B004004B79022B4ED15B
:10D940008B79022B4FD10023002B01D0002547E01B
:10D950002848B225AD005D4340198078002802D0E8
:10D960000133DBB2F0E7234BEE188B7833700F787E
:10D97000CF19092503E03B785D19ADB2FF187B781C
:10D98000242B01D19542F6D9052B09D07B78042BA5
:10D9900002D17B790A2B10D03000FFF763FE1FE025
:10D9A00039002000FFF7C6F900281ED0BB7873703D
:10D9B0003B785D19ADB2FF18E8E739784D19ADB283
:10D9C0007918B31C0193F31C009302230222200058
:10D9D000FFF7CAF900280AD00E35ADB2DCE7002502
:10D9E000280003B0F0BD0025FAE70025F8E7002580
:10D9F000F6E7C04658270120F8B5140012786023D6
:10DA00001340202B00D07FE0444A0025002D00D099
:10DA10007CE01678277963791B023B439E4206D04F
:10DA20000135EDB2B2239B009C466244EEE7637879
:10DA3000222B31D009D8202B11D0212B03D1012941
:10DA400023D0012061E000205FE0232B05D10129D4
:10DA500049D003294CD0012057E0002055E001298E
:10DA600003D0032908D001204FE00632072321000C
:10DA7000FFF748FD012048E0294B002B48D0911DBD
:10DA80002800FEF769FA01203FE006320723210053
:10DA9000FFF738FD012038E0012903D0032906D023
:10DAA000012032E02100FFF719FD01202DE0A178CF
:10DAB000E3781B020B430120190001400E005C08B3
:10DAC000044013714B425941C9B22432100000F096
:10DAD000C4FC144B002B1DD022003100280000E0B4
:10DAE00000BF012011E02100FFF7F8FC01200CE04D
:10DAF0000D4B002B10D0A378E178090219432800C0
:10DB000000E000BF012000E00020F8BD0020FCE79D
:10DB10000120FAE70120F8E70120F6E75827012065
:10DB200059BF00100000000000000000F0B5D6460C
:10DB300000B582B001900F0000930024002C0ED09D
:10DB4000002C00D07CE0EB78BB4216D0AB78BB4217
:10DB50004DD00124200002B080BCBA46F0BDB225F1
:10DB6000AD006543394BED18EB78BB42E8D0AB789C
:10DB7000BB42E5D00134E4B2E0E710239A46AA4460
:10DB800092239B00E9186B461A88504600F041FC2E
:10DB90002F4B002B1BD06B79FF2B18D0002600E0F9
:10DBA0000136009B9E4212D26A79AB1992218900FC
:10DBB0008C4663441B789A42F2D1504600F0A0FB99
:10DBC0000028EDD16979200000E000BFE8E7214B93
:10DBD000002B04D0504600F093FB002803D028000F
:10DBE000FFF740FDB2E72000FEF7F0FAF7E71A4B27
:10DBF000002B02D0200000E000BF2000FFF794FDC2
:10DC0000002801D00124A5E72800243000F063FBA0
:10DC1000002817D1009B002B16D09E0601D00124AE
:10DC200098E7A9780198FFF7D1F8041E01D10124E3
:10DC300090E7A978002300220198FFF7EFF889E721
:10DC4000002487E7012485E7012483E75827012082
:10DC500000000000CDC100100000000010B5002041
:10DC6000FEF7ECFF10BD10B5FEF7DEFF002800D078
:10DC7000012010BD70B504000D000378DB07D80F3C
:10DC8000002B1DD123785B07DE0F002B19DB012150
:10DC90004942280026F0E0FA2378DB07DA0F002B50
:10DCA00007D123785B0709D4237804221343237018
:10DCB0000126280026F088FA300002E01600F8E776
:10DCC000002070BD70B506000C0001214942200003
:10DCD00026F0C2FA33785B07DD0F002B04DB20004F
:10DCE00026F072FA280070BD3378DB0704D433784D
:10DCF000042293433370F2E70025F0E70279437979
:10DD00001B0213435B055B0DC2789207920F022A38
:10DD10000DD0032A17D0012A1FD1022904D0144A9A
:10DD20009A421CD3012019E08022D200F8E7022990
:10DD300003D0402B17D8012010E08022920093429C
:10DD40000FD101200AE0022904D040229A420CD3CC
:10DD5000012003E08022D200F8E700207047002075
:10DD6000FCE70020FAE70020F8E70020F6E7C046CD
:10DD7000FF03000030B58A1801E00C7809199142C0
:10DD80000AD24C78052CF8D18D787A342C40640076
:10DD90000419ED096355F0E730BD03008A1890B20D
:10DDA000814202D85A00904203DB5B009BB2C01A4A
:10DDB00080B2704770B505000800AC889A420BD35A
:10DDC000D11A89B200291ED08C4210D2944209D8AF
:10DDD000121B93B26B810AE0D11A89B266008919CD
:10DDE00089B2EFE7A21893B2F4E71B1B9BB29C42E7
:10DDF000FBD92968EA885204520C5343C918FDF72D
:10DE000099FE012070BD0020FCE770B582B00500CE
:10DE1000160093080CE00A784B781B0213438C78A9
:10DE200024041C43CB781B0623432B6004310300DE
:10DE3000581E80B2002BEED1033332001A401E422E
:10DE400001D102B070BD0023019301A8FDF772FE5D
:10DE5000019B2B60F5E7F0B5DE4657464E4645463A
:10DE6000E0B583B005008A460CA909788488E01AD9
:10DE700080B21C1B1419A4B2EF887F047E0C07002B
:10DE80007743BFB27443A4B2A3462C68A046734341
:10DE90009844002908D001291AD003B0F0BCBB4631
:10DEA000B246A946A046F0BD904205D37243414612
:10DEB0005046FDF73FFEF0E73A0041465046FDF779
:10DEC00039FE2968380050445A46FDF733FEE4E72E
:10DED000904206D3724392B241465046FFF795FFF7
:10DEE000DBE703233A009A43914641465046FFF749
:10DEF0008CFF42464A440323380018401F4230D06A
:10DF000004231B1A9BB2191C5B4500D95946CFB29A
:10DF1000FF230B405946CC1AA3B29B460023019322
:10DF200001AB04E010781870013308000132411E83
:10DF3000C9B20028F6D1296804E0087818700133C6
:10DF4000170001317A1ED2B2002FF6D1019B524642
:10DF500013605B46002BA0D05A465046FFF755FF92
:10DF60009BE72968F5E7F0B5C64600B582B01E000C
:10DF700008AB1B8809AC277884889E420FD3F51A1A
:10DF8000ADB2002D1FD0AC4205D2B44210D8331B25
:10DF90009BB24381250095420FD315000DE0F51A81
:10DFA000ADB2A8466500AC4645466544ADB2E8E76B
:10DFB000A619B3B2EDE71B1B9BB29C42FBD900979D
:10DFC0002A00FFF748FF280002B080BCB846F0BD29
:10DFD000F0B583B004000D0016001F000069002892
:10DFE00003D00121494226F037F923899BB2628987
:10DFF00001970092320029002000FFF7B4FF0500CE
:10E00000618989B2A0882A00FFF7C7FE6081206974
:10E01000002801D026F0D8F8280003B0F0BD70B574
:10E0200082B01600950809E00B6803701D0A457060
:10E030001D0C85701B0EC370043025006C1EA4B22D
:10E04000002DF1D1032332001A401E4201D102B04B
:10E0500070BD0B68019301A9FDF76CFDF7E7F0B502
:10E06000DE4657464E464546E0B583B005008A4633
:10E070000CA90878AC88E11A89B21C1B1419A4B247
:10E08000EF887F047E0C0F007743BFB27443A4B2C5
:10E09000A3462C68A04673439844002808D0012862
:10E0A0001AD003B0F0BCBB46B246A946A046F0BDAC
:10E0B000914205D3724351464046FDF73BFDF0E7E0
:10E0C0003A0051464046FDF735FD28683900514475
:10E0D0005A46FDF72FFDE4E7914206D3724392B210
:10E0E00051464046FFF79BFFDBE703233A009A4384
:10E0F000914651464046FFF792FF42464A44032369
:10E10000380018401F422ED004231B1A9BB2191C42
:10E110005B4500D95946CFB2FF230B405946CC1A74
:10E12000A3B29B4653461B68019301AB04E01878E9
:10E130001070013308000132411EC9B20028F6D127
:10E14000286804E0197801700133170001307A1E45
:10E15000D2B2002FF6D15B46002BA2D05A465146D0
:10E16000FFF75DFF9DE72868F5E7F0B585B006008D
:10E170000391151E029300D16DE0C068002803D002
:10E180000121494226F068F83489A4B2718989B224
:10E19000F379DB091AD1B3888C420FD3611A89B2A3
:10E1A0008B4211D95B1A9BB22F1C9D4200D91F1CB8
:10E1B000BFB2002F47D0B288230035E0611A89B280
:10E1C0005A00891889B2EBE70023EDE7B788AF4220
:10E1D0000ED8029B002B21D1ED1BF3885B045B0C56
:10E1E0006B43039A94469C44634603930C00E0E718
:10E1F0008C420DD3631A9BB25B197A0093420FDBFA
:10E200007A1B92B23800FFF7C8FD04002F00D0E758
:10E21000631A9BB27A009B189BB2EDE70C00C8E72B
:10E220002F00C6E79B1A9BB29A42FBD9029A009232
:10E230003A0003993000FFF712FFB0883A0021003E
:10E24000FFF7ABFD3081F068002801D025F0BCFF5E
:10E25000380005B0F0BD1700FAE7F0B583B0040050
:10E26000019116001D0008AB1F7880231B029A4203
:10E270002DD8C068002803D00121494225F0ECFFC9
:10E280002069002803D00121494225F0E5FF019BC8
:10E290002360A6806D046B0CE588ED0BED031D4338
:10E2A000E580FB01E2797F2717401F43E7710023D8
:10E2B00063812381E068002801D025F085FF206973
:10E2C000002806D025F080FF012003B0F0BD00201B
:10E2D000FBE70120F9E7818803899BB2428992B26A
:10E2E000934207D39B1A9BB2081C994200D9181C71
:10E2F00080B270479B1A9BB24A009B189BB2F3E70F
:10E3000003894089181A43425841C0B27047818836
:10E3100003899BB2428992B2934206D39B1A9BB265
:10E3200000208B424041C0B270479B1A9BB24A000A
:10E330009B189BB2F4E7828803899BB2418989B21A
:10E340008B4206D35B1A9BB29A4208D9D01A80B28C
:10E3500070475B1A9BB251005B189BB2F4E7002038
:10E36000F6E770B504000D000069002803D0012114
:10E37000494225F071FF228992B263899BB229003C
:10E380002000FFF717FD0500618989B2A0882A00E7
:10E39000FFF703FD60812069002801D025F014FFFC
:10E3A000280070BD10B50023FFF712FE10BDF8B5B0
:10E3B00004000E00C068002803D00121494225F066
:10E3C0004BFF2589ADB22000FFF7A1FF002802D046
:10E3D000E779FF0916D0A2882B0001E09B1A9BB2B7
:10E3E0009A42FBD92068E2885204520C5343C01869
:10E3F0003100FDF79FFBA08801222900FFF7CDFC2B
:10E4000020810127E068002801D025F0DDFE3800DA
:10E41000F8BD10B50023FFF7A8FE10BD10B504002D
:10E42000C068002803D00121494225F015FF20696A
:10E43000002803D00121494225F00EFF002363810B
:10E440002381E068002801D025F0BEFE2069002865
:10E4500001D025F0B9FE012010BD70B504000D00FB
:10E46000C068002803D00121494225F0F5FE20694B
:10E47000002803D00121494225F0EEFEED01E379A9
:10E480007F2119402943E171E068002801D025F07F
:10E490009BFE2069002801D025F096FE012070BD6A
:10E4A00003BD10B50400FAF753FAA04710BDD023FE
:10E4B0001B061B6D9B07FAD5D0231B06586540BF72
:10E4C000704700E020BFD0231B061B6DDB07F9D58A
:10E4D000D0231B06986D7047064B802252021A60AB
:10E4E000054B1B68DB03FBD5044B802252021A60EC
:10E4F0007047C04604200140040001400430014040
:10E50000F0B587B004000D0017000F20FAF77CF972
:10E51000060000210F20FAF793F9002300930193DE
:10E520000133029303970495059400250CE0D02352
:10E530001B069B6DD0231B061B6DDB07F7D440BF6A
:10E5400007E00135052D0DD8AB006A469C58002C1C
:10E55000F0D02000FFF7ABFFFFF7B3FF8442F0D00D
:10E560000025EFE731000F20FAF76AF907B0F0BD98
:10E5700010B50B00910711D103218A439A1811009D
:10E580000C390860100008380360074B043A136028
:10E59000064B9A680648FFF7B3FF10BD054B064AC5
:10E5A00006487621FAF766FFA3E4001000ED00E0CC
:10E5B000A1E400103C63031098940410EC62031073
:10E5C00010B5064B064A934205D319009F22D2008C
:10E5D000FFF7CEFF10BD01214942F7E7080B0420E9
:10E5E00064020420A021C9058C46012283016344F2
:10E5F0001869000E10407047A0230121074ADB056F
:10E6000010B599500020FFF7EDFF0028FAD1A023A4
:10E610000121034ADB05995010BDC04644040000A7
:10E620000C040000942110B5024A0348034B8900F2
:10E63000FAF720FFFC940410806303105863031062
:10E64000014B18607047C046842A0120F0B5DE46B1
:10E65000454657464E46E0B5E14F9DB04422050081
:10E660000C000490039138000021FDF75DFA0220B0
:10E67000F9F7F8F9F8600420F9F7F4F97863032062
:10E68000F9F7F0F9F8620520F9F7ECF901232A000F
:10E690005B427B61D34B3860984643CA43C303CA8D
:10E6A00003C343461C601B8A002B02D14246013340
:10E6B0001382049BCC4A1B8900215B08033B938097
:10E6C000CA480122FAF7BEF9A423C94C9A4625008C
:10E6D00026005435A42101208900F5F7D9FF5246C0
:10E6E000330070607281AE4202D01C369E61F1E749
:10E6F00000233C63E366BFF35F8FC024BD4B00265D
:10E700001B78BD4B01251B78BC4B24061B78BC4BEA
:10E710001B7803E001366408202E09D02542F9D089
:10E72000300006210136FAF7ABFC6408202EF5D143
:10E730000520FAF79FFC039B06001B681900994609
:10E74000FCF7CEF8AF4B18809B464B460004000CFC
:10E750005843B04200D092E1049B5B6899461B6825
:10E760001A799246202A00D982E1052459781A782C
:10E77000090211439A781C5712040A43D978534668
:10E780000CAE0906114330005A00FDF7D3F9484694
:10E790005146049D9C4A04AB19735C7329003300F5
:10E7A000846806960592A04706AB1900974800F0CA
:10E7B000F1FA6B68964A1B6810701A7901235B4264
:10E7C00081469C46002A0CD0350000211C0091484F
:10E7D0002B88834200D10C00013102359142F7DBD6
:10E7E000A44663463B640123059AFF2553754B46B7
:10E7F000894F002138001D40FDF73AFB43465B6816
:10E800000022DB688149984608A82B00C0475B4678
:10E8100018882A00C101C9B2400800040902014356
:10E8200008AB7A480891002100F0BEFBFA2304AA45
:10E830005B429381794B069623CB23C6039B1B7EB9
:10E84000002B00D0BDE0C026754B36029946754BB3
:10E850009846754B04936D4B06A918009A4600F034
:10E8600099FA03003800FF27704A03211F401370F4
:10E87000FDF7FEFA5B461A880123E0249B460093CD
:10E88000D301DBB2520812041B02134308937A1D12
:10E890007B1C1203DB011343654D1E2203215046EE
:10E8A0000993240302230A940B9500F02BFB3A00F2
:10E8B00008AB0321504600F077FB00210720FAF750
:10E8C00033F840210820FAF72FF840210B20FAF7FF
:10E8D0002BF85C46012000F075F9A0230021554F6C
:10E8E00019203C60544FDB05902219605F609960ED
:10E8F000514618614B4B039852008B50838A4F4905
:10E900004B60C2880A60038A9B188B60428AD318C6
:10E91000CB60837D002B00D1A4E08023DB059C46E7
:10E92000040000230B6163464B61A77B8022784281
:10E930007841049D7B1E9F4143071E4352021D43A5
:10E94000154332438A61A02212069246CD61A28904
:10E9500026894042400F0392961B40075044B2461E
:10E960006689A4887F07A34664460C6354465A46CA
:10E97000A41BA41A039A121B921B073E033C3604E5
:10E980001E4323044C46033A120414432043886276
:10E9900040463B433A430643034302434B620E6205
:10E9A000CA62274927488B60274B0D60036001200E
:10E9B0004E60CA601DB0F0BCBB46B246A946A04638
:10E9C000F0BDD026214B224A0E93224B36029946A7
:10E9D000214B9846214B0493214B0C920D933AE71F
:10E9E000E4130320F81B032030240020EC1B032039
:10E9F0004C11032044320510403205103C32051002
:10EA000038320510A82E0320682A0120000020506B
:10EA1000622F0320C42000009C640310249504107E
:10EA200004C0000044C0000001C00000612F0320AA
:10EA30001E0020200424005010002050C41A03207F
:10EA40001C3D0120882A01202514002042A04410EA
:10EA5000A090F06004D0000044D0000001D000007D
:10EA60002D6003708023002204009446DB0559E7E3
:10EA7000A321054B054A0648C900FAF7FBFC4A46A4
:10EA800031000448FAF78EFD78640310BC9404103A
:10EA9000806303102464031010B50168FFF7D6FDEE
:10EAA00010BDC04630B51C00012383B006AA1578FE
:10EAB0001E2200930F3300F025FAE2680E490F4B37
:10EAC0000A401343E360A2680D4B1A400D4B1343F9
:10EAD000A360002D08D0B82362680B499B030A404D
:10EAE0001343636003B030BD8023626806499B0214
:10EAF0000A401343F5E7C046E0FF0FFC1E0000018B
:10EB0000FFFFF50100000A40FFFF01FFF0B5C64618
:10EB10001E4E0400337800B5834202D180BCB84653
:10EB2000F0BDC0238022982019499B000B60194B2F
:10EB3000194D1A6021000001F9F772FE0921280021
:10EB400000F016F909222B68144993432B60902397
:10EB50001B010B60002C16D09020430010481F2191
:10EB60000078D827844698460E4B5B681B790B408B
:10EB70006344EB510C4B1B7819404346E9502B681A
:10EB8000934313432B603470C8E7C046632F0320C0
:10EB90002C212050382120500000205000202050EF
:10EBA000622F0320F81B0320612F032010B5010002
:10EBB000024A034B1800F8F703FF10BDB0640310BE
:10EBC000602E032070B50400002501E001356408C3
:10EBD000002C05D0E307F9D52800FFF7E7FFF5E79C
:10EBE00070BD10B5040010220021FCF79DFF8023AA
:10EBF0005B022360F8235B0263608023DB02A36077
:10EC0000C0231B03A360200010BD00000523CB56CA
:10EC1000002B01DB934211D1094B9C4660444342D7
:10EC20005841084B8000C058097901238B40013BB3
:10EC30009340184043425841C0B270470020FCE75F
:10EC40000000D0AFF02B012070B50A79202A19D826
:10EC5000174B9C46604443425841164B8000C458B1
:10EC600001239340013B497949B2002910DB080098
:10EC70002025AA1A914218DC8B401C4201D00120A9
:10EC8000404270BD0C4B0D4A0D484021FAF7F2FB93
:10EC90002020801A002805DB1A0082401442F0D0A0
:10ECA0000138F7E701204042EBE701204042E8E766
:10ECB0000000D0AFF02B0120D46403103095041075
:10ECC0000065031070B505000C001600FFF79EFFED
:10ECD000002801D0002108E01648FAF763FC9A19D1
:10ECE0008B1912339B005A51013123798B4211D970
:10ECF000227863781B021343A27812041A43E37844
:10ED00001B0613434A009B5A802292019342E6D38A
:10ED10001A00E5E701229A401300013B064A944697
:10ED200065446A4255410549AD006A58B3401343F2
:10ED30006B5070BD486503100000D0AFF02B012070
:10ED400010B5074B984204D0064A0748F8F738FE3A
:10ED500010BD064A04310448F8F732FEF8E7C04611
:10ED60000000305080650310D12E03205C65031035
:10ED700070B506000C00002501E001356408002C88
:10ED800006D0E307F9D529003000FFF7D9FFF4E7F3
:10ED900070BD0000F8B505000E00F8F7FBFD070098
:10EDA00031002800FFF750FF041E09DB020031008C
:10EDB0002800FFF787FF3800F8F7F8FD2000F8BDBE
:10EDC0000148FAF7EFFBC04648650310F0B5D64698
:10EDD0004F464646C0B507000E0090461D004B004A
:10EDE0005A18D20082181100DC3109688A46CC32E8
:10EDF000126891469B19DB00C833C3180433C02244
:10EE000092011343802292021A6018E02800FBF757
:10EE10000DFD42018023DB0413437400A419E400B8
:10EE20003C192200DC3213604346C34001221A40E1
:10EE3000E0231B021343D83423606B1E1D40002DBA
:10EE4000E4D172009319DB00FB18DC3351461960E2
:10EE50009219D200BF18CC374B463B60E0BCBA4693
:10EE6000B146A846F0BD0000F0B5D6464F4646462E
:10EE7000C0B507000E0090461D004B005A18D20086
:10EE800082181100DC3109688A46CC32126891463A
:10EE90009B19DB00C833C3180433C022920113430B
:10EEA000802292021A6017E02800FBF7BFFC4201A3
:10EEB0008023DB0413437400A419E4003C192200EE
:10EEC000DC3213604346C34001221A400C4B13430B
:10EED000D83423606B1E1D40002DE5D172009319BC
:10EEE000DB00FB18DC33514619609219D200BF18C1
:10EEF000CC374B463B60E0BCBA46B146A846F0BDB5
:10EF000080E00000F0B5C64600B506AC25784C00A0
:10EF10006618F60086193700DC373F68BC46CC36E9
:10EF20003668B0466418E400C83404190434C026B6
:10EF3000B60134438026B6022660002D01D01F267C
:10EF400014E0002612E05401A0256D0525434C0075
:10EF50006418E40004192700DC373D60114D354387
:10EF6000D8342560053B05321F242240052BEAD802
:10EF70009B06520113434C006218D2008218150000
:10EF8000DC352B60074B3343D832136063462B606C
:10EF90006418E4000019CC304346036080BCB846D6
:10EFA000F0BDC04680E0000070B584B004000D00E4
:10EFB000160002680121A9408A430260002B34D068
:10EFC000186869004919C90061180A00C832106040
:10EFD000586804321060986804321060DB68DC31D5
:10EFE0000B606A005319DB00D033E318802149011C
:10EFF0000B438021090619601960164BAB40A360D2
:10F000002B1D01210800984080239B012343186099
:10F0100028000830814019601F2333405219D20064
:10F02000A418D834236004B070BD6846FFF7D9FD3A
:10F0300000996B005B19DB00E3181A00C8321160FD
:10F04000019904321160029904321160039ADC3391
:10F050001A60C6E701010101F0B5DE4657464E468B
:10F060004546E0B583B0070088460620FAF702F867
:10F070007B68022213409A463B1D9946C0239B01A0
:10F0800049460B431A600224BB46070000E02C00EF
:10F09000FE2C1DD801970026A51C280242460023FD
:10F0A0000021FCF7CFFB002903D1B142EFD1B842D8
:10F0B000EDD980256D002600012D0DD96C1E310083
:10F0C00061433800FBF70CFC404505D82500F3E709
:10F0D00080256D002600EFE734003E005F463C616E
:10F0E0006B1E1B023A685340FF221202134080221B
:10F0F00052013A43136080239B014A461343524610
:10F100001A60290061433000FBF7EAFB03B0F0BC52
:10F11000BB46B246A946A046F0BD000070B504004B
:10F12000174B984228D080229202164B1A60164B39
:10F130001A60164B9B6810009843FAD12000FFF725
:10F140008BFF656802210D40231DC02292011A43E6
:10F150001160226807267240C8361640802252018C
:10F16000224316608022920113431D6024342243FF
:10F1700003241460196070BD80225202D5E7C04696
:10F1800000C0034000E0004000F0004000C000402C
:10F1900070B506000D1C081CFCF7FCFB84B2002CAB
:10F1A00012D02000FCF7CFFB011C281CFCF767FBEA
:10F1B0008721C905FCF783FBFCF7ECFBC3B21B02FC
:10F1C00024041C43346070BD0023F8E710B504002C
:10F1D00010220021FCF7A8FC80235B022360F823A7
:10F1E0005B0263608023DB02A360C0231B03A36078
:10F1F000200010BD70B504000D00FFF7E7FF6A1C8A
:10F20000636809490B40ED012B431203134363600C
:10F21000E268D200D208802189050A43E260034AED
:10F2200013406360200070BD7F00FEFFFFFFFF9F63
:10F23000F0B5CE46474680B585B004000F00914634
:10F2400098460D9D012216000C9B9E40AA40164335
:10F2500033000022FFF7BAFD012233005242390089
:10F260002000FFF701FE294B9C424CD007263100BD
:10F270000C98F9F705FF31002800F9F701FF49461E
:10F280006846FFF7B7FF039B214A13401D438023C5
:10F290005B031A002A4303921E4A15402B430C9A23
:10F2A00096023343039302991B4B0B408022920238
:10F2B00013430293194B19400A438023DB05134380
:10F2C00002930520F9F7D6FEFCF73DFB051C4346EB
:10F2D0005800FCF738FB011C281CFCF7DAFA011C6B
:10F2E0006846FFF755FF6B464A4639002000FFF796
:10F2F0005BFE23680122BA401343236005B0C0BC03
:10F30000B946B046F0BD0626B1E7C0460000205021
:10F31000E0FF0FFCFF83FFFFFFFFF5C1FFFFF501DB
:10F32000F0B5C64600B586B0019002910392039BEA
:10F3300098460299181CFCF7C2FA071C0198FCF7C2
:10F3400031FB00226F4BFBF718FD00226E4BFBF7E1
:10F35000FBFEFBF7F5FD061CFCF724FB00228023D7
:10F36000DB05FBF7F1FE0022684BFBF7F4FC020023
:10F3700049004B0800206549FBF7EDFC04000D0037
:10F38000381CFCF70FFB22002B00FBF714FDFBF7EA
:10F39000D7FD051C391C4046FCF771FA041C0021FE
:10F3A000301CFCF7C3FA002814D0FE218905301C5C
:10F3B000FCF7B6FA002846D1FE218905301CFCF77F
:10F3C000B5FA002841D08021C905301CFCF7A8FA05
:10F3D00000283ED18021C905301CFCF7A7FA00287F
:10F3E0003CD04B49301CFCF79BFA002800D06FE062
:10F3F0004749301CFCF79AFA002800D16CE08121C3
:10F40000C905301CFCF78CFA002869D18121C90597
:10F41000301CFCF78BFA002865D03E49301CFCF705
:10F420007FFA002863D13B49301CFCF77FFA0028A3
:10F4300061D03949301CFCF773FA00285FD10026EF
:10F44000351C371C0DE000260BE00026351C371C50
:10F4500007E03B1C2F1C1D1C002602E00026351C6B
:10F46000371C211C381CFCF70FFA071C211C281C18
:10F47000FCF70AFA8046211C301CFCF705FA051C33
:10F480002649381CFCF71BFAFCF784FA04AC207000
:10F4900022494046FCF713FAFCF77CFA60701F49DA
:10F4A000281CFCF70CFAFCF775FAA07005AB228853
:10F4B0001A80A2789A705A781202187810439B78B2
:10F4C0001B04174A1040184306B080BCB846F0BD74
:10F4D0002E1C3D1C0027C4E70026351C371CC0E746
:10F4E0003E1C0027BDE70026351C371CB9E73E1C33
:10F4F0002F1C0025B5E70026351C371CB1E72E1C54
:10F500000025AEE700004E40000018400000F03F2C
:10F51000000040400000A0400000C04000007F43C9
:10F52000FFFF00FF00B583B00191102809D8084BF8
:10F53000420010181818032201A9FCF7FBFA03B0C7
:10F5400000BD044B102201001800FCF791FCF6E707
:10F55000342A01209C65031010B582B0019000246C
:10F5600005E001992000FFF7DDFF0134E4B2102C23
:10F57000F7D902B010BD10B586B004000191029217
:10F580000393080011001A00FFF7CAFE05AA1070C5
:10F5900003041B0E537003021B0E93700599200089
:10F5A000FFF7C0FF06B010BD154B5B68DB03FBD453
:10F5B000134B00221A6118E0124B51008918C85CE5
:10F5C00080085B18597889089B789B081B040902FE
:10F5D0000B430343E12109061943094B5B68DB0335
:10F5E000FBD4074B19610132D2B2102AE4D9044B83
:10F5F0005B68DB03FBD4024B012252421A61704765
:10F6000000003050342A012010B582B00D48FCF7BC
:10F61000FFFB0D490D4C2000FFF7BCFB0200172338
:10F620000193013300930A4B00212000FFF700FEF5
:10F63000084833220021FCF777FAFFF7B5FF02B044
:10F6400010BDC046B865031050950410000030503E
:10F65000404B4C00342A012030B585B01B4B1C6850
:10F66000002501E00135EDB2102D1AD80194FE23DA
:10F670009B05029303930199029A039B2800FFF7CD
:10F680007AFF1349201CFCF7FFF8041C1149FCF712
:10F690004DF90028E6D00F49201CFCF7F0F8041CB7
:10F6A000E0E70A4D28680C49FCF7EEF8041C2860D6
:10F6B0000849FCF73BF9002804D00649201CFCF758
:10F6C000DEF82860FFF770FF05B030BD3C24002055
:10F6D000000020410000B4430000A04010B582B0FB
:10F6E000FCF736F9FCF75EF90D4A0E4BFBF763FBAE
:10F6F000FBF726FC041C0C49FCF720F9002800D07D
:10F70000094C201CFCF746F901AB187000225A7016
:10F710009A700198FFF720FFFFF746FF02B010BD77
:10F72000666666666666044000007F4300B583B087
:10F73000022800DD0220C301181AC0B201AB5870C4
:10F74000987018700198FFF707FFFFF72DFF03B0BF
:10F7500000BD000010B51E4B186883071AD01D4B62
:10F7600000221A701C4B1B79012B18D01A4BB022A7
:10F770009B56002B17DD174BAE3A1A70154B1B78B2
:10F78000012B19D0022B1DD0002B03D1C0B20021B8
:10F79000FFF762FF0E4A13680133136010BD0D4B73
:10F7A00003321A70EAE70C4BA4229B58002BE5DDCC
:10F7B000084BA33A1A70E1E7074BA4229858FFF7C9
:10F7C0008DFFE7E7044BB0229856FFF7AFFFE1E764
:10F7D000C4F80220072F03204807032010B5044B6C
:10F7E000044A1A60536800209847012010BDC046A3
:10F7F000303D0120B099041010B5054B1B68002B5B
:10F8000004D09B689847024B00221A6010BDC04686
:10F81000303D012010B5034B1B68002B01D01B6944
:10F82000984710BD303D012010B5044B1B68002BDC
:10F8300002D0DB68984710BD0020FCE7303D012076
:10F8400010B50020FFF7F0FF10BD70B50D00C30527
:10F8500005D501000220FFF7DDFF002408E00100CC
:10F860000020FFF7D7FFF8E70020FFF7DDFF0134A6
:10F87000052CF9DD29000120FFF7CCFF002402E070
:10F88000FFF7DEFF0134172CFADD70BD70B50500FF
:10F89000402404E03F212000FFF7D7FF0134552C1E
:10F8A000F8DD602404E000212000FFF7CEFF0134E2
:10F8B000F52CF8DD012404E000212000FFF7C5FF4E
:10F8C00001343F2CF8DD60210420FFF7BEFF8021CA
:10F8D0000420FFF7BAFF20210120FFF7B6FF002D1B
:10F8E00006D140210820FFF7B0FF002D27D170BDC1
:10F8F00006200121FF30FFF7A8FF402406E080200A
:10F90000400020433F21FFF7A0FF0134552CF6DDD6
:10F910006024F52C07DC8020400020430021FFF705
:10F9200094FF0134F5E7012406E0802040002043E5
:10F930000021FFF78AFF01343F2CF6DDD1E70620D6
:10F940000121FF30FFF781FFD1E7000010B5034C24
:10F950002468002C01D06469A04710BD303D01200F
:10F9600010B5034B1B68002B01D09B69984710BD55
:10F97000303D012010B5034B1B68002B01D0DB6923
:10F98000984710BD303D012010B5034B1B68002B7C
:10F9900001D01B6A984710BD303D012010B5034BC4
:10F9A0001B68002B01D05B6A984710BD303D0120D9
:10F9B00010B5034B1B68002B01D09B6A984710BD04
:10F9C000303D0120F0B5C64600B5002620E083009A
:10F9D0006A0013433343984641004F19104CDB0033
:10F9E000E218576047101F512B0033409C4661447A
:10F9F0000532FF32116043462033DB001F510130D6
:10FA00000728E4DD0135012D01DC0020F8E701368F
:10FA1000012E01DC0025F6E780BCB846F0BDC046EB
:10FA2000180B032010B5FFF7CDFF024B01221A700F
:10FA300010BDC046582F03200378022B13D008D8DE
:10FA4000002B0DD0012B02D1436A98790AE00020E7
:10FA500008E0032B02D1436A187A03E0002001E09A
:10FA6000436A58797047436ADA78002A01D1187AD4
:10FA7000F8E70020F6E7000070B50400806D83070A
:10FA800016D55423E35A9D090F222A409D0A294B7B
:10FA90009A5C08235B1B9BB25B019BB2D31A1AB220
:10FAA0001B0423D4656A2B786D782A419B186381E7
:10FAB00043070CD55423E55A2D0A636A5E7A1E4A21
:10FAC0004B015B195B009B199B009B5863710C23D6
:10FAD000034208D02000FFF7AFFF00280AD100231F
:10FAE000E3706370A3700023A36570BD636A1B7825
:10FAF0006381DDE761798B081B180F2B00DD0F2375
:10FB0000DBB2637003220A40A2702278002A08D177
:10FB1000591EC9B20A2902D80C22D21AD2B2E270F6
:10FB2000E1E70B2B04D80C22D31ADBB2E370DAE73F
:10FB30000023FBE70C960410180B032010B55C2380
:10FB40004B43C3181A009D32FF32126852797E333C
:10FB5000FF331B789B08D3180E2B1ADD5C234B4315
:10FB6000C3181A007932FF32012414708133FF3335
:10FB700000221A805C234B43C0180300A933FF33D3
:10FB800000221A60D130FF3003680832134303604B
:10FB900010BD5C234B43C3187933FF3300221A7026
:10FBA000E8E7F8B50600F323C05C0022002500E07A
:10FBB0000132082A0BDC1300B033F31836331B78FC
:10FBC0009B06F5D5510003238B401D43F0E78306C8
:10FBD00018D5C30602D5C0239B011D43C30702D518
:10FBE0008023DB011D43030702D580231B021D4335
:10FBF000430702D580235B021D43800702D5802383
:10FC00009B021D43736A1F006F40AB421FD000244C
:10FC100004E021003000FFF791FF0134112C16DCC5
:10FC20003B00E340DB07F8D52B00E340DB07F0D4D3
:10FC30005C236343F3181A007932FF3203211170F9
:10FC4000D133FF331A6805310A431A60E5E775625C
:10FC5000F8BDF0B5C64600B50500490001230B43C9
:10FC600096B25C2080464343EB181C00A134FF345D
:10FC70002680E6246400A4469C44644624889205B9
:10FC8000920DE0277F013C401443604604804046CB
:10FC9000484328180100A131FF310E800400CD3403
:10FCA000FF34218839400A432280D133FF331A6858
:10FCB0000E210A431A60D130FF3003680B43036002
:10FCC00080BCB846F0BDF0B5CE46474680B50500CD
:10FCD000490001230B43D6B25C2081464343EB1815
:10FCE0001C00A534FF342670920290461F00CD37C9
:10FCF000FF373C88E0225201404610400200A40534
:10FD0000A40D04433C804846484328180100A5310F
:10FD1000FF310E700400CD34FF3421888905890D30
:10FD20000A432280D133FF331A680E210A431A6036
:10FD3000D130FF3003680B430360C0BCB946B04606
:10FD4000F0BD000070B504000D00413060620D226E
:10FD50000021FBF7E9FE4023E5543D3B2370014BB6
:10FD6000238170BDFF01000010B5F323C35C9B0627
:10FD700000D410BD024B034A03480449F9F77AFB4B
:10FD8000D86503105C950410F8650310EF020000BD
:10FD900070B5051E15D00B4A0021FBF7C5FE0024E7
:10FDA00008E05C2060437930FF3028182100FFF71D
:10FDB000C9FF0134112CF4DD3A231822EA54393BEF
:10FDC0002B6370BDF407000070B506000D00094BF1
:10FDD0001B78002B0BD001210748F4F759FC041EB7
:10FDE00003D006604560FFF7D3FF200070BDFFF72A
:10FDF00019FEF0E7582F0320F4070000F0B5C646BF
:10FE000000B582B004001700836A9B009B08802223
:10FE10001206134383628023DB009F4206D87A4B8D
:10FE200083617A4BC3610162002213E0784B794A07
:10FE300079487A49F9F71EFB9E3B0020E05412E016
:10FE400002200341DB00704883549300CB1800204C
:10FE500018600132BA4211D23420235C0133DBB284
:10FE60002354D22BE8D03423E35C6D48C35CAA2032
:10FE70004000205C0028E3D00020E2E700253BE0C2
:10FE8000217A3000FFF7F8FD46E0013533E000222B
:10FE900089E0216A5C236B43E3181A009532FF3234
:10FEA00011608133FF3300229A5EFF235B009A4288
:10FEB00009DDA33BFF3B6B43E3187933FF331B782A
:10FEC000002B00D083E04346E3183733FF331B7821
:10FED000002B73D0A36AE26A00923A00310020003E
:10FEE00001F0D8FAB84206D04346E3183733FF335F
:10FEF0001B78002B77D10135112D77DC5C236B4308
:10FF00001E007936FF36A6196A109046E318D133E1
:10FF1000FF331B68002BB3D1A1695C236B43E3184B
:10FF20001A00B132FF3211605622FF32A15C1A0072
:10FF3000B532FF321170E2699133FF331A60EB077B
:10FF4000A7D433005C3308229A5EFF235B009A42F9
:10FF50000BDDA33BFF3BF35C002B06D04346E318CD
:10FF60003733FF331B78002B8FD05C236B43E318B0
:10FF70008133FF3300229A5EFF235B009A4209DD42
:10FF8000A33BFF3B6B43E3187933FF331B78002B14
:10FF900000D07CE7A36AE26A00923A0031002000B8
:10FFA00000F014FE0200BA42A5D0E0695300C01868
:10FFB000BA1A52000021FBF7B7FD9CE7A36AE26A78
:10FFC00000923A003100200001F032F88AE7002068
:10FFD00088E7236A82009B181A68E1694600715E0F
:10FFE00052181A600130B842F3D384E7E36A226BF7
:10FFF0007A439B18DB04DB0CE362A36ADB19A36280
:020000041001E9
:1000000002B080BCB846F0BD9CF3022028FC022060
:10001000306603101C960410F8650310C606000035
:100020003496041070B50D0014000269C3689A423A
:1000300004D12200FFF7E2FE00220EE0084B094A3D
:1000400009480A49F9F716FA9000281803685B1066
:100050001B04190C5B1803600132A242F4D370BD7B
:1000600058660310F4950410F86503103F0700006C
:1000700070B505001400FF231940042912D06B1835
:1000800036331C7001291ED0042918D0CB1F0B2B2E
:1000900026D8082917D1E3091ED1A30901241C4041
:1000A0002C7210E053B2002BE9DAFE23DB000022B1
:1000B000C2543A32815C7F230B40835403E0E30750
:1000C00002D4A40704D470BD8348FBF7A1FEF8E76F
:1000D0008248FBF79DFEF6E78148FBF799FEDCE7D7
:1000E0000B00203B1F2B25D87E4A9B009A58002AE4
:1000F000E9DB5C235343EB181A009D32FF32116891
:10010000E00988721568A00901210840E8721568A5
:1001100060090840E870106825092940417211689B
:100120000F2222400A71D133FF331A68FF210A439C
:100130001A60C8E70B00403B1F2B19D8694A9B0087
:100140009A58002ABFDB5C235343EB181A009D32F8
:10015000FF321168A0000870A40912686249095DA5
:100160005170D133FF331A68FF210A431A60AAE79E
:100170000B00603B1F2B18D85A4A9B009A58002A44
:10018000A1DB5C235343EB181A009D32FF32116848
:100190002009487111680F2222408A71D133FF3340
:1001A0001A6808210A431A608DE70B00803B1F2B59
:1001B00019D84C4A9B009A58002A00DA83E75C233E
:1001C0005343EB181A009D32FF3211682009C871A1
:1001D00011680F2222400A72D133FF331A680821B6
:1001E0000A431A606FE70B00A03B082B19D90E00D9
:1001F000B03E082E23D90B00C03B082B37D859003E
:100200005C224A43AA189D32FF3211686008072217
:1002100002408A7001222240EB183733FF331A70F4
:1002200051E71031691836310A781202C02189006D
:100230000A40A21819002800FFF70BFD43E722022D
:10024000C0239B001A4010396B1836331B78D21824
:1002500031002800FFF7FDFCA408072222403100EE
:100260002800FFF730FD2800FFF79BFC2BE7BD2996
:100270001FD0E0391F2900D925E73723EB5C9B0607
:1002800000D420E7174B8900CA58002A00DA1AE781
:100290005C235343ED182B009D33FF331B6803226F
:1002A00014401C73D135FF352A68012313432B609A
:1002B00009E72800FFF758FD2800FFF772FCE20964
:1002C000AA235B00EA54A409543BFF3B1C4056237D
:1002D000FF33EC54F7E6C0467866031090660310CF
:1002E000A8660310749504107095041010B54900A9
:1002F000104C2160236A1B88616A09880B43C1681E
:100300005B189BB292B29A1891B2FF231A400A4B23
:100310005200D05E0A0A7F231340184104D009B26C
:10032000002902DB400000B210BDC043400000B213
:10033000FAE7C046800000D048970410F0B583B0BB
:100340000C0011001A00636A18792F4B8000C05806
:100350002C23E35C98406085268DB3059B0D00043B
:10036000000C58433C23E35C002B43D0F6090723E1
:100370001E40F600254BF618254B264DDD62656ABA
:100380002F7B03253D40ED00234FED199D60234D4C
:100390001D63234DDD60234D234FEF626063A86032
:1003A000206B286021482863EE6008986860A06B85
:1003B000A6697608801B1861638D2B61F8204000C8
:1003C00000900825635F65895B190193834218DB00
:1003D0006B461B68DB00E360A369E06940081B1AF9
:1003E00023620723200001F0D3FF0E4B1B68236319
:1003F00003B0F0BDF60907231E40F6000C4BF618BB
:10040000BAE701ABE5E7C04608970410A82400202E
:10041000800000D02808000048240020202401008B
:1004200000100420C00000D00B2404000A080000C3
:1004300068240020F0B583B00C0011001A00636A34
:1004400018792F4B8000C0582C23E35C98406085BE
:10045000268DB3059B0D0004000C58433C23E35C40
:10046000002B43D0F60907231E40F600254BF61853
:10047000254B264DDD62656A2F7B03253D40ED004F
:10048000234FED199D60234D1D63234DDD60234DEA
:10049000234FEF626063A860206B286021482863C7
:1004A000EE6008986860A06BA6697608801B1861EA
:1004B000638D2B61F820400000900825635F6589FB
:1004C0005B190193834218DB6B461B68DB00E3601A
:1004D000A369E06940081B1A23620323200001F08E
:1004E00057FF0E4B1B68236303B0F0BDF6090723CB
:1004F0001E40F6000C4BF618BAE701ABE5E7C04624
:1005000008970410A8240020800000D028080000CC
:10051000482400202024010000100420C00000D046
:100520000B2404000A08000068240020F0B583B002
:100530000C0011001A00636A18792F4B8000C05814
:100540002C23E35C98406085268DB3059B0D000449
:10055000000C58433C23E35C002B43D0F6090723EF
:100560001E40F600254BF618254B264DDD62656AC8
:100570002F7B03253D40ED00234FED199D60234D5A
:100580001D63234DDD60234D234FEF626063A86040
:10059000206B286021482863EE6008986860A06B93
:1005A000A6697608801B1861638D2B61F8204000D6
:1005B00000900825635F65895B190193834218DB0E
:1005C0006B461B68DB00E360A369E06940081B1A07
:1005D00023620523200001F0DBFE0E4B1B68236322
:1005E00003B0F0BDF60907231E40F6000C4BF618C9
:1005F000BAE701ABE5E7C04608970410A82400203D
:10060000800000D028080000482400202024010099
:1006100000100420C00000D00B2404000A080000D1
:1006200068240020F0B583B00C0011001A00636A42
:1006300018792F4B8000C0582C23E35C98406085CC
:10064000268DB3059B0D0004000C58433C23E35C4E
:10065000002B43D0F60907231E40F600254BF61861
:10066000254B264DDD62656A2F7B03253D40ED005D
:10067000234FED199D60234D1D63234DDD60234DF8
:10068000234FEF626063A860206B286021482863D5
:10069000EE6008986860A06BA6697608801B1861F8
:1006A000638D2B61F820400000900825635F658909
:1006B0005B190193834218DB6B461B68DB00E36028
:1006C000A369E06940081B1A23620123200001F09E
:1006D0005FFE0E4B1B68236303B0F0BDF6090723D2
:1006E0001E40F6000C4BF618BAE701ABE5E7C04632
:1006F00008970410A8240020800000D028080000DB
:10070000482400202024010000100420C00000D054
:100710000B2404000A0800006824002010B582B0F1
:10072000486A847A002C12D08078002809D00924E5
:10073000201A08710F48049C0094FFF7FFFD02B0D7
:1007400010BD0D48049C0094FFF774FEF7E7807815
:10075000002808D00924201A08710848049C009435
:10076000FFF7E4FEEBE70648049C0094FFF75AFF0E
:10077000E5E7C0464B1501102B150110FF140110C1
:10078000E1140110F0B583B00C0011001A00636A87
:1007900018792F4B8000C0582C23E35C984060856B
:1007A000268DB3059B0D0004000C58433C23E35CED
:1007B000002B43D0F60907231E40F600254BF61800
:1007C000254B264DDD62656A2F7B03253D40ED00FC
:1007D000234FED199D60234D1D63234DDD60234D97
:1007E000234FEF626063A860206B28602148286374
:1007F000EE6008986860A06BA6697608801B186197
:10080000638D2B61F820400000900825635F6589A7
:100810005B190193834218DB6B461B68DB00E360C6
:10082000A369E06940081B1A23620623200001F037
:10083000AFFD0E4B1B68236303B0F0BDF609072321
:100840001E40F6000C4BF618BAE701ABE5E7C046D0
:1008500008970410A8240020800000D02808000079
:10086000482400202024010000100420C00000D0F3
:100870000B2404000A08000068240020F0B583B0AF
:100880000C0011001A00636A18792F4B8000C058C1
:100890002C23E35C98406085268DB3059B0D0004F6
:1008A000000C58433C23E35C002B43D0F60907239C
:1008B0001E40F600254BF618254B264DDD62656A75
:1008C0002F7B03253D40ED00234FED199D60234D07
:1008D0001D63234DDD60234D234FEF626063A860ED
:1008E000206B286021482863EE6008986860A06B40
:1008F000A6697608801B1861638D2B61F820400083
:1009000000900825635F65895B190193834218DBBA
:100910006B461B68DB00E360A369E06940081B1AB3
:1009200023620223200001F033FD0E4B1B6823637A
:1009300003B0F0BDF60907231E40F6000C4BF61875
:10094000BAE701ABE5E7C04608970410A8240020E9
:10095000800000D028080000482400202024010046
:1009600000100420C00000D00B2404000A0800007E
:1009700068240020F0B583B00C0011001A00636AEF
:1009800018792F4B8000C0582C23E35C9840608579
:10099000268DB3059B0D0004000C58433C23E35CFB
:1009A000002B43D0F60907231E40F600254BF6180E
:1009B000254B264DDD62656A2F7B03253D40ED000A
:1009C000234FED199D60234D1D63234DDD60234DA5
:1009D000234FEF626063A860206B28602148286382
:1009E000EE6008986860A06BA6697608801B1861A5
:1009F000638D2B61F820400000900825635F6589B6
:100A00005B190193834218DB6B461B68DB00E360D4
:100A1000A369E06940081B1A23620423200001F047
:100A2000B7FC0E4B1B68236303B0F0BDF609072328
:100A30001E40F6000C4BF618BAE701ABE5E7C046DE
:100A400008970410A8240020800000D02808000087
:100A5000482400202024010000100420C00000D001
:100A60000B2404000A08000068240020F0B583B0BD
:100A70000C0011001A00636A18792F4B8000C058CF
:100A80002C23E35C98406085268DB3059B0D000404
:100A9000000C58433C23E35C002B43D0F6090723AA
:100AA0001E40F600254BF618254B264DDD62656A83
:100AB0002F7B03253D40ED00234FED199D60234D15
:100AC0001D63234DDD60234D234FEF626063A860FB
:100AD000206B286021482863EE6008986860A06B4E
:100AE000A6697608801B1861638D2B61F820400091
:100AF00000900825635F65895B190193834218DBC9
:100B00006B461B68DB00E360A369E06940081B1AC1
:100B100023620023200001F03BFC0E4B1B68236383
:100B200003B0F0BDF60907231E40F6000C4BF61883
:100B3000BAE701ABE5E7C04608970410A8240020F7
:100B4000800000D028080000482400202024010054
:100B500000100420C00000D00B2404000A0800008C
:100B60006824002010B582B0486A847A002C12D024
:100B70008078002809D00924201A08710F48049CA5
:100B80000094FFF7FFFD02B010BD0D48049C0094D7
:100B9000FFF774FEF7E78078002808D00924201AB0
:100BA00008710848049C0094FFF7E4FEEBE7064850
:100BB000049C0094FFF75AFFE5E7C0469B1601101E
:100BC0007B1601104F1601103116011010B582B0BE
:100BD0004C6AE47A002C05D0049C0094FFF79EFD3B
:100BE00002B010BD049C0094FFF7BCFFF8E70000C2
:100BF000F0B583B00C0011001A00636A18792F4B0E
:100C00008000C0582C23E35C98406085268DB30596
:100C10009B0D0004000C58433C23E35C002B43D0A5
:100C2000F60907231E40F600254BF618254B264DE6
:100C3000DD62656A2F7B03253D40ED00234FED19F2
:100C40009D60234D1D63234DDD60234D234FEF62D7
:100C50006063A860206B286021482863EE600898D4
:100C60006860A06BE669B608801B1861638D2B6114
:100C7000F820400000900825635F65895B190193A7
:100C8000834218DB6B461B68DB00E360A369E06905
:100C900040081B1A23620B23200001F079FB0E4B46
:100CA0001B68236303B0F0BDF60907231E40F6005E
:100CB0000C4BF618BAE701ABE5E7C04608970410FD
:100CC000A8240020800000D028080000482400202C
:100CD0002024010000100420C00000D00B240400D8
:100CE0000A08000068240020F0B583B00C00110051
:100CF0001A00636A18792F4B8000C0582C23E35CDC
:100D000098406085268DB3059B0D0004000C584368
:100D10003C23E35C002B43D0F60907231E40F6007A
:100D2000254BF618254B264DDD62656A2F7B032582
:100D30003D40ED00234FED199D60234D1D63234D74
:100D4000DD60234D234FEF626063A860206B286055
:100D500021482863EE6008986860A06BE669B608D1
:100D6000801B1861638D2B61F820400000900825DE
:100D7000635F65895B190193834218DB6B461B68CF
:100D8000DB00E360A369E06940081B1A23620923C2
:100D9000200001F0FDFA0E4B1B68236303B0F0BD89
:100DA000F60907231E40F6000C4BF618BAE701AB14
:100DB000E5E7C04608970410A8240020800000D072
:100DC00028080000482400202024010000100420EE
:100DD000C00000D00B2404000A0800006824002092
:100DE00010B582B0486A807A002806D00648049C74
:100DF0000094FFF7FDFE02B010BD0448049C00946F
:100E0000FFF772FFF7E7C046A11501107915011031
:100E1000F0B583B00C0011001A00636A18792F4BEB
:100E20008000C0582C23E35C98406085268DB30574
:100E30009B0D0004000C58433C23E35C002B43D083
:100E4000F60907231E40F600254BF618254B264DC4
:100E5000DD62656A2F7B03253D40ED00234FED19D0
:100E60009D60234D1D63234DDD60234D234FEF62B5
:100E70006063A860206B286021482863EE600898B2
:100E80006860A06BE669B608801B1861638D2B61F2
:100E9000F820400000900825635F65895B19019385
:100EA000834218DB6B461B68DB00E360A369E069E3
:100EB00040081B1A23620A23200001F069FA0E4B36
:100EC0001B68236303B0F0BDF60907231E40F6003C
:100ED0000C4BF618BAE701ABE5E7C04608970410DB
:100EE000A8240020800000D028080000482400200A
:100EF0002024010000100420C00000D00B240400B6
:100F00000A08000068240020F0B583B00C0011002E
:100F10001A00636A18792F4B8000C0582C23E35CB9
:100F200098406085268DB3059B0D0004000C584346
:100F30003C23E35C002B43D0F60907231E40F60058
:100F4000254BF618254B264DDD62656A2F7B032560
:100F50003D40ED00234FED199D60234D1D63234D52
:100F6000DD60234D234FEF626063A860206B286033
:100F700021482863EE6008986860A06BE669B608AF
:100F8000801B1861638D2B61F820400000900825BC
:100F9000635F65895B190193834218DB6B461B68AD
:100FA000DB00E360A369E06940081B1A23620823A1
:100FB000200001F0EDF90E4B1B68236303B0F0BD78
:100FC000F60907231E40F6000C4BF618BAE701ABF2
:100FD000E5E7C04608970410A8240020800000D050
:100FE00028080000482400202024010000100420CC
:100FF000C00000D00B2404000A0800006824002070
:1010000010B582B0486A807A002806D00648049C51
:101010000094FFF7FDFE02B010BD0448049C00944C
:10102000FFF772FFF7E7C046F1160110C91601106D
:1010300010B582B04C6AE47A002C05D0049C009470
:10104000FFF7CEFE02B010BD049C0094FFF7D8FF5E
:10105000F8E70000F0B583B00C0011001A00636AD5
:1010600018792F4B8000C0582C23E35C9840608592
:10107000268DB3059B0D0004000C58433C23E35C14
:10108000002B43D0F60907231E40F600254BF61827
:10109000254B264DDD62656A2F7B03253D40ED0023
:1010A000234FED199D60234D1D63234DDD60234DBE
:1010B000234FEF626063A860206B2860214828639B
:1010C000EE6008986860A06BE669B608801B18613E
:1010D000638D2B61F820400000900825635F6589CF
:1010E0005B190193834218DB6B461B68DB00E360EE
:1010F000A369E06940081B1A23620F23200001F056
:1011000047F90E4B1B68236303B0F0BDF6090723B4
:101110001E40F6000C4BF618BAE701ABE5E7C046F7
:1011200008970410A8240020800000D028080000A0
:10113000482400202024010000100420C00000D01A
:101140000B2404000A08000068240020F0B583B0D6
:101150000C0011001A00636A18792F4B8000C058E8
:101160002C23E35C98406085268DB3059B0D00041D
:10117000000C58433C23E35C002B43D0F6090723C3
:101180001E40F600254BF618254B264DDD62656A9C
:101190002F7B03253D40ED00234FED199D60234D2E
:1011A0001D63234DDD60234D234FEF626063A86014
:1011B000206B286021482863EE6008986860A06B67
:1011C000E669B608801B1861638D2B61F82040002A
:1011D00000900825635F65895B190193834218DBE2
:1011E0006B461B68DB00E360A369E06940081B1ADB
:1011F00023620D23200001F0CBF80E4B1B68236304
:1012000003B0F0BDF60907231E40F6000C4BF6189C
:10121000BAE701ABE5E7C04608970410A824002010
:10122000800000D02808000048240020202401006D
:1012300000100420C00000D00B2404000A080000A5
:101240006824002010B582B0486A807A002806D051
:101250000648049C0094FFF7FDFE02B010BD044850
:10126000049C0094FFF772FFF7E7C046F5150110E4
:10127000CB150110F0B583B00C0011001A00636AA1
:1012800018792F4B8000C0582C23E35C9840608570
:10129000268DB3059B0D0004000C58433C23E35CF2
:1012A000002B43D0F60907231E40F600254BF61805
:1012B000254B264DDD62656A2F7B03253D40ED0001
:1012C000234FED199D60234D1D63234DDD60234D9C
:1012D000234FEF626063A860206B28602148286379
:1012E000EE6008986860A06BE669B608801B18611C
:1012F000638D2B61F820400000900825635F6589AD
:101300005B190193834218DB6B461B68DB00E360CB
:10131000A369E06940081B1A23620E23200001F034
:1013200037F80E4B1B68236303B0F0BDF6090723A3
:101330001E40F6000C4BF618BAE701ABE5E7C046D5
:1013400008970410A8240020800000D0280800007E
:10135000482400202024010000100420C00000D0F8
:101360000B2404000A08000068240020F0B583B0B4
:101370000C0011001A00636A18792F4B8000C058C6
:101380002C23E35C98406085268DB3059B0D0004FB
:10139000000C58433C23E35C002B43D0F6090723A1
:1013A0001E40F600254BF618254B264DDD62656A7A
:1013B0002F7B03253D40ED00234FED199D60234D0C
:1013C0001D63234DDD60234D234FEF626063A860F2
:1013D000206B286021482863EE6008986860A06B45
:1013E000E669B608801B1861638D2B61F820400008
:1013F00000900825635F65895B190193834218DBC0
:101400006B461B68DB00E360A369E06940081B1AB8
:1014100023620C23200000F0BBFF0E4B1B682363EC
:1014200003B0F0BDF60907231E40F6000C4BF6187A
:10143000BAE701ABE5E7C04608970410A8240020EE
:10144000800000D02808000048240020202401004B
:1014500000100420C00000D00B2404000A08000083
:101460006824002010B582B0486A807A002806D02F
:101470000648049C0094FFF7FDFE02B010BD04482E
:10148000049C0094FFF772FFF7E7C0464517011070
:101490001B17011010B582B04C6AE47A002C05D0FD
:1014A000049C0094FFF7CEFE02B010BD049C009493
:1014B000FFF7D8FFF8E70000084B01229A635B6A48
:1014C0001B785BB2002B03D0428D5343034A536316
:1014D000024B9A685A63586B7047C046C00000D0F0
:1014E00070B504001500FFF7E7FF0100A3696D0068
:1014F0005D1900222000FEF7F9FE288070BD70B54E
:101500000400160045690369ED18027915412DB2F2
:101510004361FFF7D1FF291800222000FEF7E6FE05
:101520002061A3697600985370BD70B50400150062
:10153000FFF7C2FF0100A36BA6696A00B6185A5DE7
:101540002000FEF7D3FE308070BD70B50400160099
:1015500045690369ED18027915412DB24361FFF722
:10156000ABFFA36B9A5D29182000FEF7BFFE206138
:10157000A3697600985370BD70B5050014008369A7
:101580005200D65EFFF798FF311800222800FEF7C0
:10159000ADFEEB69A4001C1923681B18236070BD05
:1015A00070B50500140083695200D65EFFF784FF12
:1015B000AB6B1A5D31182800FEF798FEEB69A400AA
:1015C0001B191A6812181A6070BD70B50500140056
:1015D000FFF772FF010000222800FEF787FEEB698B
:1015E000A2009B181A68A9696400615E401812186D
:1015F0001A6070BD70B505001400FFF75DFF0100B3
:10160000AB6B1A5D2800FEF771FEEB69A2009B1818
:101610001A68A9696400615E401812181A6070BDEA
:10162000024B9A685A63586B7047C046C00000D09E
:1016300070B504001500FFF7F3FF0100A3696D000A
:101640005D1900222000FEF751FE288070BD70B5A4
:101650000400160045690369ED18027915412DB2A1
:101660004361FFF7DDFF291800222000FEF73EFE50
:101670002061A3697600985370BD70B50400150011
:10168000FFF7CEFF0100A36BA6696A00B6185A5D8A
:101690002000FEF72BFE308070BD70B504001600F0
:1016A00045690369ED18027915412DB24361FFF7D1
:1016B000B7FFA36B9A5D29182000FEF717FE206183
:1016C000A3697600985370BD70B505001400836956
:1016D0005200D65EFFF7A4FF311800222800FEF763
:1016E00005FEEB69A4001C1923681B18236070BD5C
:1016F00070B50500140083695200D65EFFF790FFB5
:10170000AB6B1A5D31182800FEF7F0FDEB69A40001
:101710001B191A6812181A6070BD70B50500140004
:10172000FFF77EFF010000222800FEF7DFFDEB69D6
:10173000A2009B181A68A9696400615E401812181B
:101740001A6070BD70B505001400FFF769FF010055
:10175000AB6B1A5D2800FEF7C9FDEB69A2009B1870
:101760001A68A9696400615E401812181A6070BD99
:10177000022801D000207047FF20FCE77047704727
:10178000014B18607047C046F804032010B50300F1
:10179000CAB2034908681900FEF76AFC10BDC046CA
:1017A000603D012010B5002802D1094B196010BD21
:1017B000022806D00128FAD1054B1868FFF7E6FF8A
:1017C000F5E780235B000B43014A1360EFE7C04657
:1017D000000B032010B5064B1B78002B00D110BD69
:1017E0000020F5F7E9FF024B00221A70F7E7C04628
:1017F000C32E032010B5002909D0084B1B7B8B4258
:1018000005D3074B9C4661440901401810BD054BA8
:10181000054A06480649F7F72DFEC046E824002091
:10182000FFFFFF0FC0660310A4990410E0660310C9
:1018300009020000F8B504001500FFF7DBFF076898
:10184000466829002000FFF7D5FF026843680120A1
:10185000B34201D802D00020C0B2F8BDBA42FBD8D2
:10186000F9E7000010B5002908D0037B8B4205D3AF
:1018700000684B005B18033BC01810BD024B034AC5
:1018800003486821F7F7F6FD905603108899041075
:10189000AC56031070B50400857B002D01D12800E3
:1018A00070BD2900FFF7DEFF4378A373002B00D142
:1018B000E3730023837043700370F0E7F0B583B0E7
:1018C000040016001F00002802D1002003B0F0BD64
:1018D00016482100FFF7C6FF050015482100FFF755
:1018E00089FF040002684368921BBB4109980021EC
:1018F000F9F7A8FF089A0023F9F730F88019794121
:10190000206061602878099B0193089B0093320056
:101910003B00FFF7D3FF6878099B0193089B009376
:1019200032003B00FFF7CAFFCFE7C046E8240020A3
:1019300020300020F8B506000C001500FFF792FFDC
:101940000700002C0DD0002D11D0AC4215D029007D
:101950003000FFF787FF84703B78002B13D13D7078
:10196000F8BD0A4B0A4A0B486F21F7F783FD0A4B73
:10197000074A08487021F7F77DFD084B044A0548DF
:101980007121F7F777FD43703D70E9E704570310C5
:1019900064990410AC560310105703101C57031021
:1019A00070B506000D001400002914D0002A14D0D0
:1019B000436880689847002806D02200290030003C
:1019C000FFF7B8FF280007E02A0021003000FFF7EA
:1019D000B1FF200000E0100070BD0800FCE700002F
:1019E00070B504000D1E0CD0FFF73CFF0023837080
:1019F00043700370617B2A002000FFF7D1FF607302
:101A000070BD034B034A0448A521F7F733FDC046D8
:101A10003457031078990410AC56031010B5044CD9
:101A2000044A054823000A21F7F731F9200010BDC8
:101A30002030002035180110E824002070B5F5F79B
:101A4000B3FE002804D1104B00221A70012070BD93
:101A50000E4B00221A600E4B002400251C605D60B6
:101A6000FFF7DCFF0B4B18600B4B1C605D600B49F4
:101A70000B48FEF7A9F90B4B18600B48F5F79CFED5
:101A8000014B01221A70E1E7C32E0320F804032062
:101A900018300020742F0120082F002034C20000CD
:101AA000A09E3600603D0120CD1C0110024B587BEA
:101AB000434258417047C046E824002010B5024810
:101AC000F7F7CBF810BDC046E824002010B5024B54
:101AD0001868FFF7F3FF10BD742F0120F8B505005B
:101AE0000F0016001648FFF7D5FE041E12D00100A5
:101AF0002800FFF77FFE069A079B02604360002ED6
:101B00000ED0104B9F4214D186600D482100FFF784
:101B100067FFF8BD0C4B0D4A0D480E49F7F7AAFCBC
:101B20000D4B9F42F0D00D4B084A09480C49F7F77E
:101B3000A1FC0C4B054A06480B49F7F79BFCC04635
:101B4000E8240020C935001034570310949904107C
:101B5000E066031027020000552E001018670310DE
:101B60002D020000386703102E020000F0B583B08C
:101B700006000F0094461A0009490A4B0C684D688C
:101B800018685968241A8D41074B1868A4197D41BB
:101B9000009401956146FFF7A1FF03B0F0BDC04678
:101BA000082F002018300020742F012070B5040089
:101BB0000E0015000C4B5B7B002B01D1002070BD8B
:101BC00009480121F7F7F8F801002000FFF712FE9D
:101BD0008368002B05D0054B336083682B600120A0
:101BE000EDE7034BF8E7C046E8240020C9350010B4
:101BF000552E001010B5064B597B002902D100204C
:101C0000002110BDFFF7F6FD41680068F9E7C04606
:101C1000E824002070B582B002000023C10E40010C
:101C2000801A9941C60D4D0235434402A4185D4106
:101C3000A60EA9013143A001001BA94180185941FA
:101C40001D4A0023F8F78AFE04000D001B490A68AC
:101C50004B6812196B410A604B60194B1B68002BD3
:101C600011D018490A684B6812196B410A604B6021
:101C700009E06A4601A92000FFF798FF002819D063
:101C80000098019B9847104B1C682000FFF70EFF3F
:101C900000280FD12000FFF7ADFF0A4B1A685B68E0
:101CA00080185941054B1A685B68994202D8E0D107
:101CB0009042DED902B070BD34C20000082F00206F
:101CC000F804032018300020742F0120F0B583B0F1
:101CD0000500304B1B78022B02D0EE6800240BE08D
:101CE0000020F1F7B7F8F8E7371B00233B4335D165
:101CF000E4193800FFF78EFFB44239D2264B1B6837
:101D0000002BF1D1254B1F683800FFF7CFFE0028CC
:101D1000EAD13800FFF76EFF214B1A685B68801824
:101D20005941204B1A685B68801A99411E4A00236A
:101D3000F9F788FD1D4A0023801859411C4A0023E9
:101D4000F8F70CFE0190371B00230029CED19942F1
:101D500001D1B842CAD807000B00C7E72B68596801
:101D6000A300C918134B18683A00FEF75BF9BFE7E8
:101D7000EB68AB602B685868002204E05100435EBA
:101D8000DB0043520132AB685B009342F6D803B0EC
:101D9000F0BDC0462E2F0320F8040320742F01202D
:101DA00018300020082F002034C200003F420F00EE
:101DB00040420F00603D012000B583B009498142D7
:101DC00009D10949487B0599019104990091FFF7D0
:101DD00075FD03B000BD054B054A06480649F7F7F7
:101DE00049FBC04620300020E82400206067031033
:101DF00048990410E06603105B02000010B582B041
:101E00000400054B1A685B6804480068019100945F
:101E1000FFF7D2FF02B010BD082F0020742F012061
:101E2000BC6C7C677C6F64003C603D6A7C6A248883
:101E30002D882543C4682D192C06E40D644424889C
:101E40006D04B641F6436D0EEC4001D07440640061
:101E50000C800231514500DA404748470125BD67F3
:101E60007C6E247864B23D6D6C43BD6C64197C67F4
:101E70007C6F64003C603D6A7C6A24882D88254321
:101E8000C4682D192C06E40D644424886D04B64101
:101E9000F6436D0EEC4001D0744064000C800231BA
:101EA000514500DA40474847BC6C7C677C6F3D6910
:101EB0004E08AE5D64003C603D6A7C6A24882D88D3
:101EC0002543C4682D19AD192C06E40D64442488FB
:101ED0006D04B641F6436D0EEC4001D074406400D1
:101EE0000C800231514500DA404748470125BD6763
:101EF0007C6E247864B23D6D6C43BD6C64197C6764
:101F00007C6F3D694E08AE5D64003C603D6A7C6A52
:101F100024882D882543C4682D19AD192C06E40D9D
:101F2000644424886D04B641F6436D0EEC4001D044
:101F3000744064000C800231514500DA4047484744
:101F4000BC6C7C677C6F056946694561AD19067993
:101F5000F540641964003C603D6A7C6A24882D88E1
:101F60002543C4682D192C06E40D644424886D04AF
:101F7000B641F6436D0EEC4001D07440640004613C
:101F80000C800231514500DA404748470125BD67C2
:101F90007C6E247864B23D6D6C43BD6C64197C67C3
:101FA0007C6F056946694561AD190679F54064198C
:101FB00064003C603D6A7C6A24882D882543C4689F
:101FC0002D192C06E40D644424886D04B641F643B3
:101FD0006D0EEC4001D07440640004610C8002314D
:101FE000514500DA40474847BC6C7C677C6F056907
:101FF00046694561AD190679F54064193D694E0899
:10200000AE5D64003C603D6A7C6A24882D8825436F
:10201000C4682D19AD192C06E40D644424886D04A0
:10202000B641F6436D0EEC4001D07440640004618B
:102030000C800231514500DA404748470125BD6711
:102040007C6E247864B23D6D6C43BD6C64197C6712
:102050007C6F056946694561AD190679F5406419DB
:102060003D694E08AE5D64003C603D6A7C6A248830
:102070002D882543C4682D19AD192C06E40D644440
:1020800024886D04B641F6436D0EEC4001D07440D7
:10209000640004610C800231514500DA4047484732
:1020A000BC6C7C677C6F4D0875442E88344464009A
:1020B0003C603D6A7C6A24882D882543C4682D19BC
:1020C0002C06E40D644424886D04B641F6436D0E7D
:1020D000EC4001D07440640004610D6825440D603B
:1020E0000431514500DA404748470125BD677C6E01
:1020F000247864B23D6D6C43BD6C64197C677C6F61
:102100004D0875442E88344464003C603D6A7C6A06
:1021100024882D882543C4682D192C06E40D6444B9
:1021200024886D04B641F6436D0EEC4001D0744036
:10213000640004610D6825440D600431514500DAE6
:1021400040474847BC6C7C677C6F4D0875442E88BF
:1021500034443D698E08AE5D64003C603D6A7C6A33
:1021600024882D882543C4682D19AD192C06E40D4B
:10217000644424886D04B641F6436D0EEC4001D0F2
:102180007440640004610D6825440D6004315145BC
:1021900000DA404748470125BD677C6E247864B269
:1021A0003D6D6C43BD6C64197C677C6F4D08754454
:1021B0002E8834443D698E08AE5D64003C603D6A03
:1021C0007C6A24882D882543C4682D19AD192C06F6
:1021D000E40D644424886D04B641F6436D0EEC4072
:1021E00001D07440640004610D6825440D60043121
:1021F000514500DA40474847BC6C7C677C6F6400FF
:102200003C603D6A7C6A24882D882543C4682D196A
:102210002C06E40D644424886D04B641F6436D0E2B
:10222000EC4001D0744064004D0875442E8834445D
:102230000D6825440D600431514500DA4047484798
:102240000125BD677C6E247864B23D6D6C43BD6C26
:1022500064197C677C6F64003C603D6A7C6A2488FA
:102260002D882543C4682D192C06E40D6444248868
:102270006D04B641F6436D0EEC4001D0744064002D
:102280004D0875442E8834440D6825440D60043192
:10229000514500DA40474847BC6C7C677C6F3D691C
:1022A0008E08AE5D64003C603D6A7C6A24882D889F
:1022B0002543C4682D19AD192C06E40D6444248807
:1022C0006D04B641F6436D0EEC4001D074406400DD
:1022D0004D0875442E8834440D6825440D60043142
:1022E000514500DA404748470125BD677C6E247898
:1022F00064B23D6D6C43BD6C64197C677C6F3D6955
:102300008E08AE5D64003C603D6A7C6A24882D883E
:102310002543C4682D19AD192C06E40D64442488A6
:102320006D04B641F6436D0EEC4001D0744064007C
:102330004D0875442E8834440D6825440D600431E1
:10234000514500DA40474847C046C046C046C046EF
:10235000211E01105D1E0110A91E0110ED1E0110AD
:10236000411F01108D1F0110E91F01103D200110B8
:10237000A1200110EB20011045210110972101102F
:10238000F92101104122011099220110E9220110C6
:10239000F0B544464D4656465F46F0B4644618B420
:1023A00082B0DD0803D14C0081690C4402E08C004E
:1023B000C1690C44A24601948D4C9B00E458A3468D
:1023C0008C4CA446046AA6468B4F0478002C52D14C
:1023D0008A4CA1464378002B02D0C4780123A34045
:1023E000013B874C874D4678AE5D750603D36E0E74
:1023F0008578ED007619A41900940589002D01D186
:1024000001321FE0804CA04601321A4200D05847EA
:102410000489C5781600EE407607760F009DAD5D05
:10242000E6436E43F610A4190481458964191F26FA
:102430003601B44200DD3400E400C4600489002C9D
:1024400000D05847446AA479002C04600DD0457927
:10245000AE07B60F8670AD0864190F2C00DD0F248F
:1024600044700C252D1B00D3C570012404708A46CE
:10247000624CA0465847019CA1426CD0A246047809
:10248000012C68D1614CA1464378002B02D0C4785E
:102490000123A340013B5A4C5D4D4678AE5D750665
:1024A00003D36E0E8578ED007619A4190094541CA0
:1024B0001C4209D00489456AED790F2D04D0260904
:1024C000AE4201D1224629E0524CA04601321A42C6
:1024D00000D05847009CC5781600EE407607760F6E
:1024E000A55D04896419650A00D04B4C04814589B7
:1024F00064191F263601B44200DD3400E400C460D4
:102500000489456AED790F2D02D02609AE4205D027
:10251000651C6D0A00D158478A465847466AF578C7
:102520000024002D00D1347A0460002C0DD04579B0
:10253000AE07B60F8670AD0864190F2C00DD0F24AE
:1025400044700C252D1B00D3C570022404708A46EC
:102550002E4CA0465847019CA14237D0A246047891
:10256000022C33DB2D4CA1464378002B02D0C478DB
:102570000123A340013B224C254D4678AE5D7506F4
:1025800003D36E0E8578ED007619A4190094244CBF
:10259000A04601321A4200D05847009CC578160068
:1025A000EE407607760FA55D048964190481661CE8
:1025B000750A09D1458964191F263601B44200DD28
:1025C0003400E400C46058478A46584702B0FCBC57
:1025D0009C46A046A946B246BB46D20803D18069B4
:1025E000091A4808F0BDC069491A8108F0BD000009
:1025F0005023011000140420800000D07724011023
:10260000001604207016042009240110572501101B
:1026100080160420CD240110FF010000CD250110FB
:1026200093250110827AC37A1B0213431B041B14E7
:102630005A1C0ED0084A10685A00D3189B00074A4B
:102640001268D3180A229A5ED3009B189B00C01808
:1026500070470020FCE7C046C41203203414032056
:10266000027B437B1B0213431B041B145A1C0ED01A
:10267000084A10685A00D3189B00074A1268D318FA
:102680000A229A5ED3009B189B00C0187047002056
:10269000FCE7C046C41203203414032010B582693D
:1026A000054B1A4200D110BD044B054A7C21054858
:1026B000FF31F6F7DFFEC04601000010746703101B
:1026C000DC9904108C67031010B582690C4B1A4218
:1026D00011D041890B4A8B005B185B001268D3183C
:1026E0001A79587900021043000400142D21F8F7DC
:1026F000CFF8400710BDFFF7D1FFC06AFAE7C04628
:1027000001000010FCF80220F0B5C64600B51C4ED2
:102710003268D30F9B185B101A4D2A68D3182B60B0
:10272000194F3A68D30F9B185B10184C2268D318C6
:102730002360174B98461968164B18680004EFF78A
:1027400080FA306043461968134B18680004EFF7AD
:1027500078FA38603368DA0FD21852102E68B61A39
:102760002E60C20F1218521021688A1A22609B191B
:102770000A490B6080180A4B186080BCB846F0BD4F
:10278000D4F80220D8F80220C8F80220E0F802208D
:10279000140E0320943E0120883E0120DCF8022024
:1027A000E4F80220084B094A12681A60084B094AEB
:1027B00012681A60084B094A12681A60084B094AE5
:1027C00012681A607047C046A8040320D8F8022097
:1027D000AC040320E0F80220A4040320D4F8022073
:1027E000A0040320C8F8022010B5204B1968204B24
:1027F0001960204B1B68204A1360204A127852B29D
:10280000002A20D11E4A1F48006810601E4A1F4837
:10281000006810601A4A12688A181D4802601A4A35
:1028200012689B181B4A13601B4B18680004EFF7D3
:102830000DFA0100194B186080204002EFF706FAEC
:10284000174B186010BD174A12681468E068CA0F69
:1028500052185210821A0A4802602069DA0FD21800
:102860005210821A08480260D4E7C046A40403202C
:10287000D4F80220A0040320C8F802203825002044
:10288000D8F80220A8040320E0F80220AC040320BA
:10289000DCF80220E4F80220943E01203C250020D0
:1028A000140E0320C80A032070B50E4B1A68D30F0C
:1028B0009B185B100C4C20680C4A12689B180C4A41
:1028C000C1008B500B4B1D68EB0F5B195B100A4D61
:1028D0002D685B195218536001300A21F7F7D8FFB1
:1028E000216070BDD4F8022000F90220D8F802203F
:1028F00004F90220C8F80220E0F8022070B5394B34
:10290000394A1A60394B1A60394B3A4A1A603A4BC5
:102910001A60002212E038480068834201DD364820
:1029200003608878CB781B0203431B041B142D49DA
:1029300009688B4217DA2B490B6001322F4B1B8839
:10294000934217DD93002E490868C118C05C4B788C
:102950001B0203431B041B14244800688342DADA79
:1029600022480360DDE7224909688B42E5DD204902
:102970000B60E2E71D4B186800041860194B1A68D9
:1029800012041A601C4B196809041960184C23685A
:102990001B042360091A1B4801609B1A1A4D2B6007
:1029A0001A4B802292031A60194B1A60194B18684F
:1029B0000004EFF74BF904002968174B186800046E
:1029C000EFF744F9844200DD0400144A14608021CA
:1029D000114B186800048903EFF738F9104B1860A1
:1029E00070BDC046E0FA0220FFFFFF7FDCFA022044
:1029F00068F902200100008064F90220962E03206D
:102A0000F41B032060F9022058F90220D8FA0220B2
:102A1000D0FA0220943E0120883E0120D4FA022000
:102A20005CF9022010B5264B1B68002B03D1244A09
:102A30005268002A05D0234A00211170224A2349F6
:102A40001160234A11685B1813601D4A52682149BE
:102A5000086812180A6020490868C10F091849104F
:102A60005B181E4C2468A3421ADD194B641A1C60C3
:102A70001B4B1968CB0F5B185B10D218194C2468DC
:102A8000A24215DD134AE41A1460114B1B68C318E7
:102A9000154A13600F4B1B68C918144B196010BD01
:102AA000134C2468A342E3DA094B641A1C60DFE785
:102AB000104C2468A242E8DA064AE41A1460E4E7FB
:102AC000CCF80220382500208C3E0120FFFFFF7F3C
:102AD000D8F80220E0F80220D4F8022064F902209D
:102AE000C8F8022068F90220DCF80220E4F802208D
:102AF000DCFA0220E0FA022070B5354B01221A7090
:102B0000344B354A1A60354A00231360344A536007
:102B10001360344B802252021A60334B1A60334CDC
:102B20002168334B18680004EFF78BF8314B1860BD
:102B30002168314B18680004EFF783F802002F4B2F
:102B400018602F4B002159562E4B5B5C002B2BD06D
:102B5000D4234B432C495B182C490B602B4B1B682F
:102B60001868C168234C2568EB0F5B195B10CB1A02
:102B7000274D2B600369D00F801840101B1A254E7B
:102B80003360FFF74FFF244B2A681A60234B3268EB
:102B90001A60234B22681A60224B184A12681A6086
:102BA000214819F087F970BD184B174919600023A7
:102BB000032BD3DC1349C95C002901D10133F7E7AA
:102BC000D4214B4310495B1810490B60C6E7C0463F
:102BD000C42E03208C3E0120FFFFFF7F842C0120A8
:102BE000CCF80220C4E502204C040320140E03207C
:102BF000943E0120D4F80220883E0120C8F802202B
:102C0000D22E03204407032048070320C80A0320CC
:102C1000D8F80220E0F80220A8040320AC04032026
:102C2000A4040320A004032014250020002305E0B1
:102C3000054AD9000120404288500133092BF7DDB5
:102C4000024B00221A60704704F9022000F90220AA
:102C500010B5154A00231360144A1360144A136018
:102C6000144BA02252001A60134B983A1A60FFF7D7
:102C7000DDFFFFF743FE114B18681149EEF7E6FF41
:102C8000104B1860104B1B68984203DD0D4B0B4A2C
:102C900012681A600B4B196880204002EEF7D6FFCD
:102CA0000A4B186010BDC04690F302209C3E0120E4
:102CB000983E0120943E0120883E0120D4FA022053
:102CC00033B300003C2500205CF90220140E0320E1
:102CD00010B5054B00221A70044819F0EBF8044BAC
:102CE00001221A7010BDC046C42E0320FC2400200F
:102CF0002C25002010B5134B1B78002B1FD0114B37
:102D000000221A70104B00229A56104B1B785BB2AF
:102D10009A4207D10E4B00229A560E4B1B785BB29B
:102D20009A4209D0FFF794FF074B084A12781A70AD
:102D3000074B084A12781A70FFF7DEFE10BDFFF746
:102D4000C7FFDCE72C250020F9240020F22E032009
:102D5000F8240020F12E032010B5064B1968064B0D
:102D6000196080204002EEF771FF044B1860FFF7F6
:102D7000CBFC10BDD4FA02203C250020140E032009
:102D800010B5064B1968064B196080204002EEF71B
:102D90005DFF044B1860FFF7B7FC10BD5CF9022023
:102DA0003C250020140E032030B583B00400C24B34
:102DB0001B78002B11D10378002B00D072E1426800
:102DC000BE4B1B789A4201D000256CE1FFF792FFC1
:102DD000BB4B00221A70012565E10378002B00D05F
:102DE00011E14368B74A12789A4235D0B64A127850
:102DF0009A425CD0B54A12789A426AD0B44A1278A4
:102E00009A4277D0B34A12789A4200D184E0B24A0B
:102E100012789A4200D187E0A84A12789A4200D1EB
:102E20008AE0AE4A12789A4200D18FE0AC4A12781A
:102E30009A4200D19BE0AB4A12789A4200D1B0E0AE
:102E4000A94A12789A4200D1C2E0A84A12789A425E
:102E500000D1CFE0002505E0A54B1B785BB2002B2D
:102E60001BD00025A34B1B785BB2002B04D0A24BD8
:102E70001B78032B00D916E1217AA048EEF76EFEED
:102E8000002800D10FE19E4C002020560130032184
:102E9000F7F7FEFC2170002505E19A4B19688020A8
:102EA000C002EEF7CEFE984B18600125DAE7904B92
:102EB0001B785BB2002B01D00025D3E7914B19683A
:102EC0008020C002EEF7BDFE40428F4B1860012506
:102ED000C8E7874B1B785BB2002B01D00025C1E708
:102EE000884B19688020C002EEF7ABFE864B586015
:102EF0000125B7E77E4B1B785BB2002B01D0002584
:102F0000B0E7804B19688020C002EEF79AFE40427D
:102F10007D4B58600125A5E77C4B7D4A1A607D4BAF
:102F20007D4A1A6001259DE7784B7B4A1A60794BF0
:102F3000774A1A60012595E7784B00221A60604BAA
:102F400001321A70FFF7C4FE01258BE7734A13683C
:102F500059424B411360002B05D0FFF723FCFFF7CC
:102F6000FBFE01257EE7FFF73FFC01257AE7604A7B
:102F70000023D35659424B415BB21370684A6949EA
:102F80001160002B06D0684B1968684BA0228B504B
:102F9000012567E7644B1968654BA0228B5001251A
:102FA00060E7644A0023D35659424B415BB2137029
:102FB000002B06D05C4B19685F4BA0228B5001257B
:102FC00050E7594B19685D4BA0228B50012549E70A
:102FD0005B4B5C4A5C4D5D490968009114212800F7
:102FE000F0F706FE504B1A68A023D550FFF75CFCA3
:102FF000012537E7FFF71AFE4B4B1968544BA02207
:103000008B5001252EE7012B01D000254BE04368B2
:103010002C4A12789A4215D02B4A12789A421BD029
:103020002A4A12789A4221D0294A12789A4227D005
:10303000284A12789A422DD0274A12789A4229D0EB
:10304000002530E02A4B1B785BB2002B2ED12E4B93
:1030500000221A60002526E0254B1B785BB2002B6E
:1030600026D1294B00221A6000251CE0204B1B783A
:103070005BB2002B1ED1244B00225A60002512E0C7
:103080001B4B1B785BB2002B64D11F4B00225A6094
:10309000002508E01D4B802252021A601D4B1A6069
:1030A000002500E00025E8B203B030BD0025FAE7B6
:1030B0000025F8E70025F6E7C42E0320F1220020C2
:1030C000642F0320F5220020F4220020F7220020A4
:1030D000F6220020F2220020F3220020F02200201D
:1030E000EF220020EE220020ED220020EC22002022
:1030F00038250020DD2E0320542500203025002017
:10310000CF2E0320140E0320CCF802204C04032001
:10311000FAFA0000C4E502201E050100B42C0120CB
:103120008C3E0120FFFFFF7FC80A0320C867031001
:10313000D8670310F72E0320E8670310F067031029
:10314000FC67031008680310982E012000F9022084
:10315000106803100025A6E710B5104B1968104C35
:103160002068EEF76EFD0100206080204002EEF73F
:103170006DFD0C4B186023680B4A1268934206DB06
:103180000A4A1268934205DDFFF7FAFD10BDFFF70A
:10319000E3FDFBE7FFF7B8FAF8E7C0464C0403206D
:1031A0003C250020140E0320D4FA02205CF90220F2
:1031B000F0B5C64600B5234B1A68234B1B681B6845
:1031C000D868824204D11F4A52681B699A4236D09D
:1031D0001E4B98461968EEF734FD1D4F3968000CF8
:1031E0000004EEF72EFD1B4D2A68D30F9B185B10D1
:1031F000C01A194E3060144C23681B68424611688F
:103200001869EEF71EFD3968000C0004EEF719FD91
:10321000124B1B68DA0FD2185210801A104A106035
:103220003268296852180F490A601B180E4A136049
:1032300023681A68D168034B196012695A6080BC10
:10324000B846F0BD8C3E0120C80A03203C25002072
:10325000140E0320D4F80220D8F80220C8F8022067
:10326000E0F80220DCF80220E4F8022010B5124B4E
:103270001B78002B18D0114A136801331360104BD0
:103280001B785BB2002B10D10E4B1A6880235B02B7
:103290009A420DD10C4B1B68002B03D10A4B5B6883
:1032A000002B01D0FFF7BEFB10BDFFF781FFEBE75E
:1032B000FFF752FFEEE7C046C42E0320842C012006
:1032C00038250020C4E50220CCF8022010B501000A
:1032D000094B1B68A82B07DC084A12685A43084BA5
:1032E0001868F8F721FC10BD064B074ADC21074897
:1032F0008900F6F7BFF8C046883E0120943E0120C1
:10330000CC3E012024680310F89904103C68031097
:10331000F0B5DE4657464E464546E0B585B0050059
:103320000C004368A74A1268934205DCA649096865
:103330008B420BDB002300E00823E9688A4207DBAD
:10334000A14A1268914219DB002202E00423F4E74B
:1033500008221A4200D02BE128689C490F68B84225
:103360000EDA01210B43A9688F4210DD01210A43C7
:1033700016001E401A4211D000201AE10422E8E78C
:10338000934909688842EEDD02210B43EBE7904E3A
:103390003668B142ECDD02210A43E9E78D4B9846DD
:1033A0001968C01BEEF74DFC00148B4B9B461B6845
:1033B000C0182060894F3B68994668684346196881
:1033C000814B9A461B68C01AEEF73BFC00144B4633
:1033D0001B1A834A914612689B186360A86843468B
:1033E00019687A4B1B68C01AEEF72BFC00145B4679
:1033F0001B68C018A0603F68E868434619685346D8
:103400001B68C01AEEF71DFC00143B1A4A461268EE
:103410009B18E3606268002A05DB704909688A42EC
:103420000CDA350000E008252268002A08DB6D4927
:1034300009688A4206DB0222154303E00425F3E70C
:1034400001221543002B05DB644A1268934202DB1C
:10345000042600E00826A368002B06DB614A1268F8
:10346000934204DB02231E4301E001231E43330089
:103470002B4001932E4273D000209AE0370075E074
:103480007B0713D56368E168591AA06822689246E1
:10349000801A524A126891469B1A5843F7F7F8F976
:1034A000504402904B46013B03936FE0BB0713D59A
:1034B000E06863689A46C01AA1682368C91A494A35
:1034C0001268013A9146D31A5843F7F7E1F950448C
:1034D00003904B46029359E0FB070FD5E068636801
:1034E0009946C01AA1682368C91A5B425843F7F786
:1034F000CFF9484403900023029347E0002302934E
:10350000039343E002AB220003CB03C26368002BAA
:1035100005DB324A126893420CDA019D00E008256F
:103520002368002B08DB2F4A1268934216DB022324
:103530001D4313E00425F3E701231D430EE0082695
:10354000A368002B08DB274A1268934206DB02239C
:103550001E4303E00426F3E701231E432E422FD12E
:103560002B00334322D0002D88D02F003B0787D576
:103570006368E168591AA06822689146801A584326
:10358000F7F786F94844029000230393BD42B9D06F
:1035900002AA2300083303CA03C3E368002BCEDB6F
:1035A0000E4A12689342D5DA019EC9E7012000E075
:1035B000002005B0F0BCBB46B246A946A046F0BD0F
:1035C0000020F6E7E4F80220E0F80220D8F8022014
:1035D000DCF802203C250020983E0120883E012096
:1035E0009C3E0120943E0120F0B5D6464F4646460B
:1035F000C0B582680368D21AD41715196540A94668
:103600006C00A246002A12DB01229046C468426880
:10361000A41AE617A71977407E00002C0BDB0124C3
:10362000A446B9451DDD54466710F71B0CE0012286
:1036300052429046EAE701246442A446F1E762441C
:1036400054463F1B4344BF19134C24685443E418A9
:10365000124D2D68295584689C4217D0002FEEDA50
:10366000F0E777105446E71B03E04344BF1B624476
:103670005744094C24685443E418084D2D682955D3
:10368000C468944202D0002FEFDAF0E7E0BCBA46FB
:10369000B146A846F0BDC046943E0120CC3E012074
:1036A00010B50C000549FFF733FE002800D110BD0E
:1036B00002482100FFF798FFF9E7C046E43E0120E9
:1036C00070B584B005002B4B1A682B4B1B68D31ABE
:1036D000590214D0D917490A5B185B025B0A5B1ABE
:1036E00080242404E41AA418244B1E68B618244B22
:1036F0001B680193234A12689B1803930BE0140084
:10370000F2E70094029429006846FFF7C9FF80237E
:103710001B049C466444B442F3DB194B1A681A4BF1
:103720001B68D31A590214D0D917490A5B185B02D7
:103730005B0A5B1A80242404E41AA418114B1E6847
:10374000B6180C4B1B6800930C4A12689B18029326
:103750000BE01400F2E70194039429006846FFF798
:103760009FFF80231B049C466444B442F3DB04B0F7
:1037700070BDC046D8F80220C42C0120D4F8022025
:10378000E0F80220C8F80220C82C0120F8B55A4BF6
:103790001C6800251AE0200015F0D0F9002856D149
:1037A000564B1B68DB6B002B0ED0227963791B0212
:1037B00013431B0608D452486321FFF771FF03E04F
:1037C0004F48B021FFF76CFF01350E344D4B1B887D
:1037D000AB4200DC8FE04C4B1A68217863781B0207
:1037E0000B431B049B13D018D15C43781B020B4383
:1037F0001B0443490B60207863781B0203431B04BE
:103800009B13D3189878DB781B0203431B044B608F
:10381000A078E3781B0203431B049B13D618D05CEB
:1038200073781B0203431B048B60A078E3781B02B0
:1038300003431B049B13D2189078D3781B020343D5
:103840001B04CB60314B1B785BB2002BA3D02279D9
:1038500063791B0213431B0604D52C4B1B785BB208
:10386000002BB1D02000FEF7FBFE0028A8D02000DE
:1038700015F0ECF827280CD023799B0613D5234BA1
:103880001B785BB2002B09D01D48B021FFF708FF61
:103890009AE71B48B821FFF703FF95E71848B021C6
:1038A000FFF7FEFE90E72000FEF7DAFE0600002399
:1038B000C75E2000FEF7B6FE0022835E9F4210D155
:1038C0000223F25E0221435E9A420FD10F4B1B7816
:1038D0005BB2002B00D177E709486021FFF7E0FEDB
:1038E00072E707484021FFF7DBFE6DE70448E72158
:1038F000FFF7D6FE68E7F8BDB0F70220C80A03203C
:1039000048F20220802E0320F41B0320CF2E032038
:10391000F0B5D6464F464646C0B505000E00D40C5D
:1039200080231B01E31817495A008846575A1B0188
:103930008022520292461340FF1A00683900EEF7C7
:1039400080F98146630042469B5A24015246144046
:103950001C1B30682100EEF774F94B461B1A994680
:1039600028682100EEF76DF9040030683900EEF7A1
:1039700068F9241834604B462B60E0BCBA46B14667
:10398000A846F0BDFCE90310F0B5DE4657464E46AA
:103990004546E0B585B083468A4616001F000F9B5A
:1039A0009946109B9846002524E03000EEF749F92F
:1039B000009001993000EEF744F9019024E03A00BC
:1039C00001A96846FFF7A4FF20E03000EEF739F9BF
:1039D000029003993000EEF734F9039022E0029B45
:1039E0004B440293039B434403930E996846FFF7AD
:1039F00057FE013555451DDA2C015C4421680091C4
:103A000063680193002ED0D1002FD8D1009B4B4486
:103A10000093019B43440193A1680291E3680393DF
:103A2000002ED2D1002FDAD03A0003A902A8FFF766
:103A30006FFFD4E705B0F0BCBB46B246A946A0462E
:103A4000F0BD0000F0B5C64600B584B0394B1B7818
:103A5000002B03D001256D42002446E0364B1B7835
:103A60005BB2002B16D0354B1B681D682800FEF793
:103A70002BFE0300324C2A690292EA680192D1229D
:103A80000092002210212000FFF77EFF04B080BCCE
:103A9000B846F0BD294B1B681D682800FEF714FED0
:103AA0000300284C2A690292EA680192D12200920E
:103AB000002207212000FFF767FFE7E7F62398467B
:103AC000214BD4226243D7583800FEF7FDFD030096
:103AD0001C4E3A690292FA68019242460092002214
:103AE00007213000FFF750FF0134032CCEDC0135F5
:103AF000D4236343144A9B18144A127852B2002A02
:103B000007D0134A1278002A03D10C4A12689A424D
:103B1000EAD1104B1B5D002BE6D00B4BD422624345
:103B20009B185B6B002BC9D10B4BAA00D35898464E
:103B3000C6E7C046182F0320CF2E0320C80A032053
:103B4000349A0410349B041048070320DD2E032010
:103B50003C2F032044070320E8990410F0B585B0FA
:103B6000060000271EE0002400E00024002C18D0EE
:103B70002000FEF7A9FD03008022154D2169029166
:103B8000E16801910096520303212800FFF7FCFE33
:103B9000A48B002CE9D080231B059C466444A40020
:103BA000E4E701370B4B1B88BB420EDD0A4AFB00E2
:103BB000DB199B001268D3189C8A002CD3D0802379
:103BC0001B059C466444A400D0E705B0F0BDC04688
:103BD000049A0410882E0320C4120320F0B5C646B0
:103BE00000B5002400E00134092C39DC1E4BE20052
:103BF000D058431CF7D01D4E31681D4B1B68C01AAE
:103C0000EEF71FF805141B4B98461B68ED181A4B6E
:103C10001F68154BE2009B1858683168174B1B68EA
:103C2000C01AEEF70EF800143F1A154B1B68FF1868
:103C3000A2B2013292B241460968A942D3DC1149CD
:103C400009680539A942CEDBBB42CCDC0A4B1B68B4
:103C5000063BBB42C7DB39002800EEF725FDC2E773
:103C600080BCB846F0BDC04604F902203C250020C7
:103C7000D8F80220983E0120883E0120E0F802207A
:103C80009C3E0120943E0120064B1B680133064AEE
:103C900012685A43D30F9B185B10044A1268D05421
:103CA0007047C046883E0120943E0120CC3E012052
:103CB00010B5144B1B78002B00D110BD124B134ACA
:103CC00012681A600020FFF701FB114B1B785BB2F2
:103CD000002B0ED1FFF75AFDFFF7B4FE0D4B1B78FA
:103CE0005BB2022B09D06020FFF7CEFFFFF776FF13
:103CF000E3E76820FFF7E4FCECE710217020FFF712
:103D00002DFFF0E7C42E0320CC3E0120C030002060
:103D1000F72E0320CF2E0320704710B5EEF7DEFC00
:103D2000431E9841C0B210BD30B583B0334B1B78F1
:103D3000012B19D9022B13D0032B49D0022B4BD0C6
:103D40002F4B1B78042B03D82C4A1278032A47D018
:103D5000052B03D8294B1B78022B45D003B030BD6F
:103D6000284A1278012AE7D1254B04221A7001242F
:103D70000EE06D2D0BD1224B04221A70E0E7204B90
:103D800001221A70DCE71E4B03221A70D8E70134B7
:103D9000032CD5DC1C4A230006216846EFF728FFD8
:103DA0006846EEF7D9FC0028F1DD01216846EEF700
:103DB00021FD05786846EEF737FD6C2DE3D0D8D8A5
:103DC0006A2DDCD06B2DE2D10D4B02221A70B7E7C1
:103DD0000B4B05221A70B3E7094B06221A70AFE7A6
:103DE000064A01211170B3E7064B1B78023BDBB298
:103DF000012BB3D8034B01221A70AFE755250020E1
:103E000054250020F32E03208068031010B5094BC1
:103E10001B78002B0CD1EDF723F8041E08D02000EE
:103E200004F0C0FD0028F6D1200001F05BFEF2E7AF
:103E300010BDC046532F032010B51BF069F92F4B5E
:103E40001B782F4A1278934242D001242D4A1278CF
:103E5000002A01D0022A34D1002B03D12A4B1B683F
:103E6000002B37D1F3F7CCF9244B1B78002B03D16F
:103E7000264B1B78002B30D0204B1B78244A12781D
:103E8000934201D0002B32D11C4B1B781C4A13707B
:103E90001F4A13701F4B1B78002B12D01B4B1B7833
:103EA000002B28D11C4B196804311C4B1B68443B68
:103EB000D80FC01840101A4B1B68C0183222EEF7FA
:103EC000F9FB20001DF0A0FFEDF7F4F8200010BD75
:103ED0000024BBE703F0F0FBC4E7124B1B785BB296
:103EE000D4205843104BC01814F0EEFEC4E7002055
:103EF000F2F7C0FBC8E70421D7E7C046F52E032040
:103F000041250020672F0320ECE50220C42E03206A
:103F100040250020282F0320301C0320180E0320EA
:103F20002C1C0320E42E03204807032010B5EDF7D6
:103F300077FEEFF7F1FEF3F753F9EFF7CDFDEDF76D
:103F400059FEEDF758FEEDF757FEEDF756FE04204B
:103F5000EDF754FE044B67221A7002325A70073A8A
:103F60009A701032DA7010BD34F2022010B5F2F7F8
:103F70007DFBEDF7DFF80C4B0C4A00215156D422A3
:103F80004A43D05817F048F8094B1B78002B09D04A
:103F9000084B1B78002B05D1FFF74EFF064B1B7813
:103FA000002BF9D110BDC04648070320D22E0320B4
:103FB0005D2300201E2F0320672F032010B5164B12
:103FC0001B78032B1BD0154B01221A70144B186859
:103FD000F2F74EFBF3F7A4F9F3F7AEF8EDF7AAF812
:103FE000EEF772FB14F060FB0E48F7F711FFEDF7E8
:103FF00091F80D48F7F70CFFFFF7B8FFFCE70B4B04
:104000001B78052B03D00A4B1B78002BDBD009480B
:10401000F7F7FEFED7E7C046F62E0320082F032051
:10402000C8E502207069031090690310F02E032088
:10403000182F032088680310014B01221A70704763
:10404000BF2E032010B5054A1368013B1360002BF7
:1040500000DB10BDFFF7F0FFFBE7C04600050320C3
:1040600070B54A4B00215956494BD4224A439A18FD
:1040700000231371474A1370474A1370474A13705D
:10408000474A1370474B1C78052C0ED0464D2868C4
:1040900001300621F6F7FCFB2960434B1A68062A1B
:1040A0002AD89300414AD3589F463F4D2868013093
:1040B0000721F6F7EDFB2960EFE73D4B1A78022A5E
:1040C0000ED03C4BAA2119603B4B032119703B4B8E
:1040D0003B491960022A08D01D2017F015F90BE0A2
:1040E000344B8221FF311960EEE7422017F00CF9C2
:1040F00002E0344802F0BCFC334B1B78032B35D074
:1041000070BD2C4BC8221A602B4BC53A1A702B4B32
:104110002E4A1A60F0E72E4802F0AAFCECE7264B84
:1041200003221A70224B1B78022B08D0214BC82285
:104130001A60042C0ED9214B244A1A60DCE71D4B6F
:104140008222FF321A601D4B1D4A1A60422017F06E
:10415000DBF8D1E7194B1F4A1A60CDE71E4802F081
:1041600087FCC9E71D4802F083FCC5E71449134BDF
:104170001868F3F7F8F80028C2D11948EEF7ECFAFE
:104180000028BDDA0D4B174A1A60B9E7D22E03207A
:1041900048070320BF2E0320602F0320282F032071
:1041A000F02E032054250020883C0120109C041090
:1041B0005525002000050320F52E0320FC040320D4
:1041C000B4690310C0690310F62E0320C8690310F8
:1041D000D0690310D8690310E0690310E86903107F
:1041E000F0690310FC69031010B5044B00221A702B
:1041F000034B013A1A60FFF71FFF10BDF02E03209A
:10420000883C012010B51C4B1B78042B07D01A4B9F
:104210001B78002B1AD0194B02221A7010BD1848B7
:10422000EEF79AFA002808DB134B01221A70124BA2
:104230001B78042BEBD100BEE9E71248EEF78CFAAD
:104240000028F4DB0C4B00221A70F0E70E48EEF762
:1042500083FA002803DD094B03221A70DEE70B48BE
:10426000EEF77AFA002803DD044B01221A70D5E735
:10427000024B00221A70D1E7F32E032055250020AF
:10428000086A0310106A0310186A0310206A0310EA
:1042900010B52A4B2A4A1A602A4B1B78002B23D1CF
:1042A000294B1B78012B0DD0284B1B78032B0FD0EB
:1042B000012B13D0002B0AD12548FFF72DFD1F4BF2
:1042C000186004E02348FFF727FD1C4B186010BD61
:1042D0002148FFF721FD194B1860F8E71F48FFF749
:1042E0001BFD164B1860F2E7174A1278022A0DD010
:1042F000012A11D0012B15D0032B19D0022BE6D1A6
:104300001748FFF709FD0D4B1860E0E71548FFF768
:1043100003FD0A4B1860DAE71348FFF7FDFC074B73
:104320001860D4E71148FFF7F7FC044B1860CEE79C
:104330000F48FFF7F1FC014B1860C8E7C8E5022001
:10434000286A0310F32E0320F62E032055250020A3
:10435000546A03106C460310306A0310446A031059
:10436000986A03103046031048460310646A03102D
:104370007C6A031010B5002300E001330A495A009B
:10438000D2189000415800290CD0074A5800C01894
:1043900084001219107A054A12789042EDD104482F
:1043A000F7F766FD10BDC0462C9C04105425002074
:1043B000B06A031010B503480121EEF71BFAF2F7BB
:1043C00021FF10BDE06A031010B55A48EFF7B0FEA8
:1043D0005948F7F71DFDEEF7ABFAEEF773F95748BA
:1043E000F7F716FDFFF7A2FD5548F7F711FD554801
:1043F000FFF793FC544B18680830ECF74FFD534B14
:104400001870FFF7FFFEFFF78FFC5148EEF7A4F995
:10441000002873DB4F48EEF79FF900286ADB4E4B0C
:1044200002221A70FFF734FF4C4B1868EFF7A0FE1A
:10443000494B1B78012B6AD04948F7F7E9FCF2F7A2
:1044400071FFF1F7F3F90120EFF776FAEFF7FAFAD7
:10445000444B02221A70444B013A1A70434B1A70B3
:10446000434B00221A70434B1A604348F7F7D0FCC5
:1044700004F0ACFD4148F7F7FBFC14F0B5F94048F7
:10448000F7F7C6FC10F0A2FC3E48F7F7C1FC3E4B24
:104490001968C9003D4B1868C00016F01DFE00F0F9
:1044A00073F9FFF767FF3A48F7F7B2FC02F0FCFF39
:1044B0003848F7F7ADFC17F063FC374B1B78022B3D
:1044C0002BD0364B1B78032B12D0294B1B78002B9B
:1044D00003D1334B1B78002B28D0244B00229A5653
:1044E000214B002159561F4B0020185602F03CF971
:1044F000FFF764FD184B01221A7093E72948EEF785
:104500002BF900288EDB144B03221A708AE7264809
:10451000F7F77EFCEFF71FFE8EE72448EEF71CF955
:104520000028CEDA224B01221A70CAE7FFF75CFEA0
:10453000DEE7C046E86A0310046B0310346B031017
:104540005C6B0310EC820310C82A0320F32E0320B7
:10455000746B0310806B0310F62E0320C8E5022055
:10456000786C0310512F03204E2F0320502F03206F
:10457000C52E0320C01A03209C6C0310C06C0310CE
:10458000E46C0310046D0310FC27002000280020B9
:10459000206D0310486D031055250020F02E0320D8
:1045A000182F0320886B0310946B0310646D0310A5
:1045B000532F0320124B1B785BB28360114B1B7887
:1045C0005BB2C360104B1B785BB2C3610F4B1B78AF
:1045D0005BB2036201235B4243630D4B1B78436272
:1045E0000C4B1B7803610C4B1B7843610B4B1B7806
:1045F00083610B4B1B680363002383627047C046D3
:10460000DD2E03204E2F0320502F0320512F032097
:1046100054250020202F0320E92E03202D2F0320D6
:10462000C01A032070B5134C001B801083001B18A8
:104630001A02D21A5202121A13019B1ADB001B181B
:104640005B001B181E01F61A0B490C4D5022280066
:10465000EFF7A6FAEB799B19EB71094B00229A55FB
:10466000084B00229A56D4235343E418A034256003
:1046700070BDC04648070320006E0310343E012081
:1046800044070320D22E032070B505000E0000243D
:1046900000E00134032C11D80E4B1B78002BF8D10D
:1046A0000D4B1B5D002BF4D0335D002BF1D1D420DA
:1046B00060430A4BC018FFF7B5FFEAE7084B1D60DF
:1046C000084B1B78002B02D102F08EFB70BDFFF768
:1046D000C7FCF9E7DE2E0320440703204807032028
:1046E0005C040320BF2E032010B504008268194B20
:1046F0001A70C268184B1A70C269184B1A70026A95
:10470000174B1A70426B174B1A70836ADBB2164A4A
:1047100013700169154A11704169154A1170816958
:10472000144A1170016B144A1160016C134A117024
:10473000002B01D100220AE01148F7F769FBF9E7E5
:10474000E36B9A429B415B420E498B540132032A30
:10475000F6D910BDDD2E03204E2F0320502F03204D
:10476000512F03204F2F0320062F0320202F03203B
:10477000E92E03202D2F0320C01A0320D22E032060
:10478000186E03104407032000B597B00A4B1B783E
:10479000002B02D0094B01221A700948ECF792FD58
:1047A00001A8FFF707FF002101A8ECF7B3FD01A85E
:1047B000FFF79AFF17B000BD182F0320C52E032066
:1047C0004425002010B5264A00231370254A0221F3
:1047D0001170254A1370254A137003F0D1FE244B43
:1047E0001B78002B05D101211F2016F0F1FC0023BE
:1047F00010E00121412016F0EBFCF8E71D4A0024EF
:1048000014571D4A9900C9188800121892689442DA
:1048100016D00133152B1CD817499A00D2189000D6
:10482000415C134A12789142F3D1002AE6D1134A2F
:1048300000241457104A121852689442E9D1DDE757
:104840000D4A121810690E490860D1680D4A1160AE
:10485000DFE70D4B00221A700C4B1A6010BDC046EA
:10486000F02E0320F52E0320642F0320C42E0320F6
:10487000F32E0320F22E0320E09C0410F12E0320DF
:10488000DC3E0120D83E0120EB2E0320D43E012047
:10489000F8B5294B1F68294B1D6828000A380321E9
:1048A000F5F7F6FF0400072D43DD0A260A2007E08E
:1048B0000B36100002E0203B10E00430013C2F00DA
:1048C000002C38D07D1C3A78131E34D00A2AEFD041
:1048D0001B498F5C032139400229ECD0213B3F2B3F
:1048E000EBD8184A1288D21892B2174B1B685100A5
:1048F000CB5E9B0015490968CB581B021B0A144963
:104900000968CF18BC46CF5C6346DB78DB018021A9
:1049100049000B401F43C719A0235B009F420ADCDC
:10492000022C01DD3800C9E73100EDF7BDFE38008B
:10493000C4E70024B9E7F8BDDC3E0120D43E0120E5
:1049400005310510722E0320C42A0320C0F802206E
:104950001823002010B5164B1B78022B27D0154BBF
:10496000FF221A70144B00241C60144B1979144B4D
:10497000CA00521AD2009B18DB885800C018800069
:10498000104BC018104B186002F068FF0F4B1860F6
:104990000F4B1C70064B02221A700E4B1C600E4B04
:1049A0001C600E4B1C7001213F2016F011FC10BD45
:1049B000EB2E0320412500207C2F012058250020CC
:1049C00054A204104CC00410842F0120882F012011
:1049D000CD2E0320782F0120802F0120CC2E032004
:1049E00010B5B14A1368013B1360002B00DD10BD08
:1049F000AE4B186802F032FF013004D0AB4B1A689E
:104A00001389002B7BD1AA4A136801331360A94A8A
:104A100000211170A84ADB009B58002B67D0A64BE1
:104A2000A34A1268D2009B181979A44BCA00521AE3
:104A3000D2009B18197A00295DD19F4B9C4A1268BD
:104A4000D2009B1819799D4BCA00521AD2009B18AC
:104A5000DA8853009B189B00994A9B18934A13606D
:104A6000984B00221A60974B1B680C2B00D1E1E099
:104A7000954A1278002A2ED0182B14D08E4B8C4ACF
:104A80001268D2009B1819798C4BCA00521AD200B6
:104A90009B18DA8853009B189B00894A9B18834A0D
:104AA0001268934217D1884B00221A70854B1A6006
:104AB000814B7F4A1268D2009B1819797F4BCA003C
:104AC000521AD2009B18DA8853009B189B007C4A2C
:104AD0009B18764A1360754B186802F0BFFE724B44
:104AE0001860013000D082E70F221A607FE7704B18
:104AF00000221A6093E7002016F0AEF99DE7734993
:104B00008A42D0D05A00D21892006D495218674993
:104B10000A606C490A6801320A60D222520093424C
:104B20002FD2043A93426BD8A03A93426AD019D953
:104B3000A922520093426BD01DD9AA22520093425F
:104B400068D090D32C3293428DD2083A93428AD9BE
:104B50007A3BFF3B9AB24923D340DB0700D482E77C
:104B600010213EE0B92B4FD0DA2B4FD09A2B00D03A
:104B700079E7042135E0023A934200D073E7382107
:104B80002FE0534A93421ED8013A934244D2823ACC
:104B9000934243D011D94F4A934241D000D962E7A2
:104BA0004D4A93423ED04D4A93423DD0FA22FF32C5
:104BB000934200D057E7102113E0203A934200D0EF
:104BC00051E737210DE0464A93422FD001329342FC
:104BD0000BD3444A93422BD0434A934200D042E73E
:104BE0003321002016F038F93DE7283A934201D1ED
:104BF0000821F6E73D4A934200D034E70E21F0E762
:104C00000221EEE73621ECE70121EAE70221E8E79D
:104C10003521E6E76B21E4E70221E2E73421E0E712
:104C20003321DEE71021DCE71021DAE70E21D8E797
:104C30000E21D6E7244A012111702D4A116800295E
:104C400058D01D4A1A480068C000121814791B4A2F
:104C5000E000001BC0001218508A42001218920097
:104C60001748121811480260214801224A40026088
:104C70000E4A1068124A904200D0F9E601294DD040
:104C80000D4A0B490968C900521810790B4AC10036
:104C9000091AC9005218518A4A005218920008494C
:104CA000521802490A60E3E6882F0120842F012070
:104CB0007C2F0120CD2E03205825002054A2041063
:104CC0004CC00410782F0120CC2E032084C7041080
:104CD000690200004E0200001A02000037020000C4
:104CE000AF020000B1020000C6020000AD020000E9
:104CF000802F0120134A14480068C000121814794C
:104D0000124AE000001BC0001218908A42001218DC
:104D100092000F4812180F480260A5E7094A0A4995
:104D20000968C90052181079084AC100091AC90057
:104D30005218918A4A0052189200054952180549A2
:104D40000A6095E6582500207C2F012054A204100B
:104D50004CC00410842F012010B5284B1B78022B67
:104D600027D0274B1C6801341C60264B1B78022B74
:104D70003DD0224A1278022A1AD0002B16D1224B9B
:104D800018681FF0E1F943001B18FA339C420DD953
:104D90001B4B00221A601B4B01321A701B4BFE3258
:104DA0001A701B4B1B785BB2032B23D0EEF7DEFD92
:104DB00010BD134B1B68322BD3D90022032A08D80D
:104DC000144BD42151435B18DB7A002B01D1013203
:104DD000F4E7032AC5D8104B1B785BB21E2B03D017
:104DE0000E4B08221A70BCE7FFF7B4FDB9E7FFF7D6
:104DF000F7FDDDE71E2016F087FAD7E755250020DE
:104E0000D43E0120EB2E0320DC3E01204125002072
:104E1000F12E032048070320F22E0320F02E03205A
:104E200070B50378002B36D11C4B1B78002B01D0BA
:104E3000012031E0194B01221A70194D194E3368C7
:104E4000DB00EB181A79184CD3009B1ADB00E3182F
:104E5000DB8A5800C0188000144BC018144B18602F
:104E600002F0FCFC134B1860134B00221A60134B2A
:104E70001A703368DB00ED182A79D3009B1ADB0027
:104E8000E418A17E002901D1012005E0002015F0E1
:104E9000E3FF012000E0002070BDC046CD2E0320BE
:104EA000582500207C2F012054A204104CC004106F
:104EB000842F0120882F0120782F0120CC2E032061
:104EC00010B5044B1B78022B01D0002010BDFFF75A
:104ED000A7FFFBE7EB2E032070B5030000211CE0C9
:104EE000213A3F2A28D8314B1B889B189BB2304A65
:104EF00012685B009B5E9B002E4A1268D3581B020F
:104F00001B0A2D4A1268D518D25CEB78DB0180258C
:104F10006D002B401343C9182300002B0ED05C1CDE
:104F20001B781A1E0AD0254DEE5C03253540022D54
:104F3000D6D1203B1A00D3E70431EDE7CC0F64183B
:104F400064106442A0341FE0203B29E0174A128815
:104F5000D21892B2164B1B685100CB5E9B001549CC
:104F60000968CB581B021B0A13490968C818CE5C94
:104F7000C378DB01802149000B401E434C392000DF
:104F8000EDF792FBA419280000280ED0451C0278EA
:104F9000131E0AD00949885C032101400229D3D09D
:104FA000213B3F2BD2D90434EDE770BD722E032094
:104FB000C42A0320C0F80220182300200531051060
:104FC0000D4B1A680D4B19680B785B009B5A48789B
:104FD0007F2101405B185B00D05AD35E002B02DBBF
:104FE0004004400C70474004000C835A5804400CA5
:104FF000DB0BF7D0C043F5E7382A0320842F0120CC
:1050000010B5044B044A1268D200D058FFF764FF71
:1050100010BDC046582500207C2F01200A4B1B687C
:10502000E63BD80FC018401040424130FF30A0236B
:105030005B00984202DC002803DB7047A0204000A0
:10504000FBE70020F9E7C046D43E012010B5174B1E
:105050001868174B984217D9164B984215D9164B1A
:105060009C4660440521F5F73BFC0400062800DD62
:105070000624124B1B68A34211DB7A34FF34A2B220
:1050800044216C20EDF710FB10BD7A22FF32442141
:105090006C20EDF709FB094B00221A60F4E70121AF
:1050A000002015F0D9FE054B1C60E6E7D43E012038
:1050B000690400009B04000064FBFFFF80F30220F2
:1050C00010B5104B1B785BB2032B16D005DC012BFF
:1050D00007D0022B0BD10C4810E0042B07D10B4852
:1050E0000CE00B4B1B78042B09D90A4806E00A4B4D
:1050F0000A4A0B480B49F4F7BDF9002010BD0A48D5
:10510000FCE7C046F12E0320C0710310CC710310E0
:1051100054250020C86903104C490310CC9C04108E
:10512000D4710310E7020000D869031010B5054BD5
:105130001B78002B02D0022B00D010BDFFF7A8FB7C
:10514000FBE7C046EB2E03200200082824D0531FA3
:10515000DBB2012B25D91B4B002018561A4BD4214A
:1051600041435B189B185E331B785BB2002B21D048
:10517000002A21D1144BD42141435B1865331B789D
:105180005BB2002B1AD0104BD42141435B181B6B30
:10519000002B15D001200EE00C4B18780028D6D13A
:1051A00009E00A4B1B78002BD5D1094B1878002851
:1051B000D1D100E0002070470120FCE70120FAE790
:1051C0001000F8E7D22E032048070320F32E032017
:1051D00055250020F8B50700194B00201856194B2B
:1051E000D42242439B185D3319780A2909D000263E
:1051F000082E0DD8144B7200D35C8B421ED00136A2
:10520000F6E7104BD42242439B185C331978EEE743
:105210003400E01909300921F5F762FB0D000C009C
:105220008E4206D0084B4A00D05CFFF78DFF002865
:10523000EFD0054B6D005B195878F8BD3400E8E7F6
:10524000D22E032048070320C09F041030B500234E
:1052500004E0124A013C146029700133072B1BDC67
:1052600001229A40024011004C1EA141C9B20C4CCF
:105270001D19E45C002CEFD1002AEDD0094A127808
:1052800052B29A42E5D0084A127852B29A42E3D119
:10529000024A01241460DFE730BDC0466C040320DD
:1052A00029040320042300200323002010B5002834
:1052B0000FD0094A094BC318934204D8830702D17F
:1052C0008003000C10BD064B064A0748CC21F4F7BA
:1052D000D1F80020F6E7C046FCFF0300FCFFFFDF2B
:1052E000DC4A0310209F04102091031010B582693E
:1052F000054B1A4200D110BD044B054A7C210548DC
:10530000FF31F4F7B7F8C0460100001074670310CE
:10531000149F04108C67031010B5026883689A42CA
:1053200018D0037B072B15D90368826893420AD2F1
:105330004268591C01601A7043681B0A4360037B72
:10534000083B0373EDE7044B044AE4210448FF31B2
:10535000F4F790F810BDC04660910310F49E04105D
:105360007491031010B5037B9C18202C0CD80124D9
:1053700094408C420FD944689940214341609B1866
:105380000373FFF7C9FF10BD064B074AEC2107481E
:10539000FF31F4F76FF8064B034AF6210348490042
:1053A000F4F768F8B8910310049F04107491031087
:1053B000CC91031000B583B00B4B1B78834202D015
:1053C000002003B000BD01A819F094FE0300074AB5
:1053D00000201056002200210EF07CFF002002F079
:1053E0003FFF0120EDE7C046E4220020322F0320DA
:1053F00010B50400037B002B0AD1026843689A426F
:105400000FD023685A1C22601B78A36008232373E3
:10541000237B013B2373A368012018405B08A36032
:1054200010BD19F0F7FCECE7F8B5CE46474680B55D
:1054300089460388002B1DD05A0090468044012BDA
:105440001ED0013BDF0FFF187F10851C00260024B3
:1054500064004846FFF7CCFF04432B88A34212D8D0
:1054600004350136B742F3D80B4B0C4A0C48DF2108
:10547000F4F700F80B4B094A0948CA21F3F7FAFF81
:105480004346187803E06B88E01A4346185CC0BCBA
:10549000B946B046F8BDC046FC440310D49E041083
:1054A0007491031068480310F0B5C64600B50400B7
:1054B0000D0008220021F6F737FB05212800F5F73B
:1054C000E7F9CD4BCD4A00201056820012189B18E8
:1054D0005B5CA371CA4B1978CB08CA4AD35C07221C
:1054E0000A40D340DB0708D4C74B1B785BB2C74ADE
:1054F000D35C002B51D0012700E00127FFB2C44B41
:105500001B78DA08BF4DA95C07221340D94001205F
:1055100001260E40BF4B1978CB08EB5C0A40D34004
:1055200001001940184208D1BB4B1878C308EB5C46
:1055300007220240D340DB0731D5B84AB84B1B786D
:105540005BB210681B181360B44B1B68052B2ADC78
:105550000220002F2BD0002927D0B24B7200D55E3D
:10556000AD4B1978CB08A74AD35C07220A40D34039
:10557000DB0703D5AB4B7200D35EED1AAA4B19784B
:10558000CB08A04AD35C07220A40D340DB0729D5C9
:10559000A64B7200D35E984626E00027AEE79F4BED
:1055A00000221A60D0E73000D3E70025D8E70029B1
:1055B00004D09F4B4200D35A5B426380964B1978CC
:1055C000CB08904AD35C07220A40D340DB0707D5BB
:1055D0006388974A4000825A9B1863800025CDE774
:1055E0000025CBE700239846924B1978CB08854AD3
:1055F000D35C07220A40D340DB0705D58B4B7200F2
:10560000D35E4246D31A98468B4B1978CB087D4A15
:10561000D35C07220A40D340DB0706D4874B1B78B4
:105620005BB27A4AD35C002B03D07E4B7200D35E10
:10563000ED1A834B1978CB08724AD35C07220A40D3
:10564000D340DB0706D47F4B1B785BB26F4AD35C39
:10565000002B03D0734B7200D35EED187A4B197890
:10566000CB08684AD35C07220A40D340DB0706D444
:10567000764B1B785BB2654AD35C002B01D00123CB
:105680006371734B1978CB085E4AD35C07220A40DA
:10569000D340DB0706D46F4B1B785BB25B4AD35C0D
:1056A000002B06D063790222134363716A4B0022F8
:1056B0001A706A4B1B78002B50D1694B1868002870
:1056C0004DD0FFF787FD637904221343DBB263718A
:1056D000C0000343637107E0637904221343DBB224
:1056E0006371C000034363715D4B00221A605D4B20
:1056F0001B785BB2454AD35C002B03D04B4A710048
:105700008A5E9044584A127852B240498A5C002A14
:1057100005D0464A7600B25E41468A1A9046534A00
:10572000127852B2002A00D1BCE0514A127893425A
:105730002DD0504A1268012A29DD4D4A1370002BE2
:1057400003D0454A137801331370434B1B785BB287
:10575000022B14D0474B00221A6026E000200728B5
:10576000C2D8454B8200D3581978CB10254AD35C58
:1057700007220A40D340DB07AED40130EFE763795C
:10578000022213436371344B00221A700DE0244B44
:105790001B785BB2374A11685B181360142B04DD69
:1057A0002D4B00221A70324B1A70174B1B785BB2CC
:1057B000164AD35C314A12789A4265D0304A126850
:1057C000012A61DD2D4A1370002B03D02D4A137876
:1057D000013313702B4B1B785BB2022B03D0284B89
:1057E00000221A605EE06379022213436371254B45
:1057F00000221A7056E0C046443B0120D22E0320FE
:105800000C230020CCE502200A23002029040320D9
:105810000B2300201423002013230020CC1B032083
:105820005A2F0320FC9F04101223002000A0041014
:10583000F49F0410112300201023002008230020CF
:105840000F230020072300200E230020112F032008
:105850000D23002005230020D92E0320F52E032040
:105860006C0403200923002006230020D8220020F6
:10587000DB2E0320B83B0120D49F0410DC2E032034
:10588000BC3B0120DA2E0320334B1B785BB2334A3A
:1058900011685B181360142B04DD314B00221A7061
:1058A000304B1A70304B1B684344002F10D02F4AE6
:1058B00012685200AD182C4A002111602B4A116069
:1058C000322B0CDC1A0032320ADA32235B4207E058
:1058D000628826490968C900521A6280EBE73223C0
:1058E000322D05DC2A00323203DA32256D4200E027
:1058F00032252278D318237063785B1963701C4BB0
:105900001B78002B04D01A4B00221A70812363717C
:10591000184B1B78002B09D0164B00221A70164B1F
:105920001A7892007E235B4213436371134B1B78FA
:10593000002B0CD0638812490A889B189BB21A006E
:10594000803292B2FF20824362809B1A0B80012337
:10595000E37180BCB846F0BD5A2F0320BC3B012048
:10596000DA2E0320DC2E0320380403203404032025
:10597000382F0320392F0320322F0320062F032036
:10598000682E032010B53D48ECF716FF3C4B1B88F2
:10599000C01A3C4B18703C4B1B78022B0FD03B4B72
:1059A0003B4A12681A603B4B1B78002B02D1394BE3
:1059B000FF221A70384B00221A7000241DE0374B6A
:1059C0001B78072BEBD1364B1B785BB20B2B03DD1F
:1059D000142B05DC7E2200E07D22324B1A80DEE7AC
:1059E0007F22FAE7D420604348302F4BC0180430A0
:1059F00010220021F6F798F80134032C14DC2B4B0D
:105A000000221A552A4B1B5D002BEBD0264BD432BB
:105A100062439B181B79012BE4D1234BD4226243B0
:105A20009B1802221A71DDE7224B1B785BB21C4ADD
:105A300000215156204A0020105600220FF0F2F8A3
:105A40001E4B1F4A12781A701E4B00241C70EDF773
:105A5000F5F81D4820220021F6F766F81B4B1C6064
:105A60001B4B1C601B4B1C701B4B1C701B4B1C707E
:105A70001B4809220021F6F757F810BDE0910310EA
:105A80006E2E03203F2F03205525002094F3022083
:105A9000ECE5022041250020F52E032054250020AE
:105AA000F22E0320A42E032048070320781B032096
:105AB00044070320F42E0320F12E0320E42E0320BC
:105AC000D22E0320F02E0320CCE502203804032040
:105AD00034040320282F0320392F0320382F0320DC
:105AE0002804032070B504000378002B02D18268DB
:105AF0005C2A48D06A4A1278002A06D1002B04D1C9
:105B0000606868490978884244D067490978002963
:105B100009D166490878002805D165490978002926
:105B20005CD1032A5AD0002A69D05D4B1B78022B26
:105B300073D02378002B04D161685E4A12789142B9
:105B400072D0002B04D161685B4A1278914270D008
:105B5000012B77D0022B00D182E0002B00D098E0FF
:105B60006368564A1278934267D0FF2B00DD92E0BB
:105B7000D808534C225C0721194001238B40134362
:105B80002354012082E04F4A137801214B401370C7
:105B900001207BE045490978002912D14A4909785A
:105BA00049B20029B1D10CE0484B1B785BB2484A9E
:105BB000D25C002A00D06AE0464A127852B2934280
:105BC0000AD0424A137801335BB21370042BEBD135
:105BD000130000221A70E7E7012057E0002B06D0DF
:105BE000022B08D0032B51D16368002B4ED002F05A
:105BF0008DFB01204AE06268002AF3D0F7E720001D
:105C000016F058F9002801D001203FE02000FDF7F0
:105C1000CBF8002889D0012038E02000FFF750F9A8
:105C2000002886D0012031E02B4A01214942116031
:105C30008EE7294A012111608AE7284B01221A7058
:105C4000012023E06368FF2B27DCD8081C4C225C72
:105C50000721194001238B409A432254002015E06C
:105C60006068FFF7F3FAA0681D4B00255D57053506
:105C700068430A21F4F70CFE1A4B1860E068684389
:105C80000A21F4F705FE184B1860012070BD0120B1
:105C9000FCE70020FAE70120F8E70020F6E7C0461D
:105CA000F52E032001230020F02E03203C2F03209B
:105CB000DE2E0320022F0320F822002002230020E2
:105CC000CCE502203B2F0320DD2E0320E42E032011
:105CD00044070320D22E03206C040320382F032016
:105CE0009C270020340403203804032070B5D425F9
:105CF000454328002830104C001904301822002198
:105D0000F5F712FF28004030001904300622002168
:105D1000F5F70AFF2A59936908490B409361641902
:105D20002200B03200231370013213700D3A136059
:105D3000A834236070BDC04648070320FFFFFBFF67
:105D4000F0B5DE4657464E464546E0B587B00500FD
:105D5000D42747433E0048362A4C361904361022D1
:105D6000310002A8F5F7E6FEE41994239946A14410
:105D70004B461B689B4698239846A04443461B68A5
:105D80009A4627009C373B680193D42200212000CB
:105D9000F5F7CAFE102202A93000F5F7CBFE4A46FD
:105DA00059461160424651461160019B3B602200FA
:105DB0008832012313700132137000222271643281
:105DC000226222005D321370013A137002321370A6
:105DD000013213703133A36600220AE00A4B9100AE
:105DE000C858084935236B439B181E339B005850F5
:105DF0000132032AF2DD07B0F0BCBB46B246A94629
:105E0000A046F0BD48070320B0270020F8B5CE46D5
:105E1000474680B505000C00874BD4224243D0583A
:105E2000002800D185E00B784E7836021E433604F8
:105E30008B78CF783F021F433F043A00310008F0CF
:105E400073FC002878D07D4B1A781F2A0ED91F23A7
:105E500013407B4A5B009B5A002B00D170E08022EC
:105E600012059446634498000AF026FB724BD42234
:105E70006A43D058714B99461B7898461F251D40A0
:105E8000FFF714FA6E4B6D005853434601334A46F0
:105E900013703900300012F0D5FC050023796079C9
:105EA00000021843000400142D21F4F7F1FC03B2A2
:105EB0009B02A0225201934200D1A9E04ADC802239
:105EC0005201934257D041DC80221201934206D006
:105ED00038DC002B03D08022D200934236D18022BE
:105EE00012019A1857485100095A1201802464027D
:105EF0002240891A5A00125A1B012340D31A3FE04C
:105F00000132AA4217DA4C4BD4215143C958C86810
:105F1000267863781B0233431B049842F0D1096949
:105F2000A078E3781B0203431B049942E8D10020C8
:105F300002E00022E5E70120C0BCB946B046F8BD4A
:105F4000002091E7C02212019342C8D000BE002376
:105F5000002115E0C0225201934261D0E02252019B
:105F60009342F3D1374B80221201995A364BC0220B
:105F700092019B5804E0344B8022920199581B688F
:105F80008C006418A4009900C91889002A8853005D
:105F90009B189B002D4A1068C0188279C3791B0298
:105FA00013431B041A145B139B1A5B00284A1268E4
:105FB000D218057A437A1B022B431B041B140433AB
:105FC0005B00D3189A78DB781B0213431B041A1466
:105FD000DB139B189B001F4A1268D3180A229A5E93
:105FE000D3009B189B001C4A1268D25E9203C91909
:105FF000A01927230AF084F90F4B184A00215156A3
:10600000D4224A439B181B69012B10D1012093E72E
:106010000D4BC02292019958802252019B58AFE744
:10602000084B1988084B802292019B58A8E723212E
:1060300014F0BCFF01207FE748070320C62E032091
:10604000CC2C0120FCE90310FC390410C8120320F9
:10605000B0F7022034140320C4120320D22E0320F0
:10606000F0B5C64600B58046214B1B68214A9B1AF5
:106070005A105700BF1839017F1839027F183904A8
:106080007F18BF00BF181E2B00DC00BE0026132E99
:1060900025DC03F01DF83900F4F7FAFB0D008C0045
:1060A00064186400134BE41821004046FFF7AEFE6D
:1060B000002801D10136EAE7414601310D4BAA0023
:1060C000521952009B188AB2FF2001409971120A9E
:1060D000DA7120000AF078FE80BCB846F0BD434675
:1060E000980040444000044BC0180AF06DFEF3E7EE
:1060F000C03B0120C43B0120980A0320F0B5C646EE
:1061000000B504002C4B1B78002B05D12B4B012232
:106110001A7080BCB846F0BD294BD4224243D058F7
:10612000FFF7E4F84E230022C252264B1B785BB2E5
:10613000002B1AD1A7003F197F00234BFF1839000D
:106140002000FFF763FE002813D10026032E2FDC6A
:10615000B500AD196D001C4BED1829002000FFF7AC
:1061600055FE002809D10136F0E72000FFF778FF3F
:10617000CFE738000AF028FECBE7621C124FB400CC
:10618000A3195B00FB1891B2FF20804602409A7170
:10619000090AD97128000AF017FE731CA4196400BB
:1061A0003F199AB241460B40BB71120AFA71B0E72F
:1061B00038000AF009FEACE7182F0320F02E032068
:1061C00048070320DD2E0320980A0320034B0022FA
:1061D0001A70034B06321A707047C046362F0320E0
:1061E000F02E032010B50A4B1B78022B06D0094B6A
:1061F00001221A70084B06221A7010BD0748ECF7EE
:10620000ABFA0028F3DA034B00221A70F2E7C0461B
:1062100055250020362F0320F02E0320E89103108F
:10622000F8B5CE46474680B5924B00221A7000243E
:1062300000E00134032C07DC8F4B1B5D002BF8D0F2
:106240002000FFF753FDF4E78C4B1B78002B4ED159
:106250008B4B1A78022A06D08A4B1B785BB2082B2C
:1062600048D0092B55D0874B00215956082952D0C8
:10627000092956D0844B00241C57844BD4206043FA
:106280001B18B3331878824B18718248007840B2DB
:10629000451E1D604D1E9D60022A50D07E4B1B780E
:1062A000002B67D07A4B0826DE60794B7B4E366830
:1062B0001E617B4E36685E617A4E36689E610026AE
:1062C000DE61022A74D0032800DD80E0764D820072
:1062D000121853005B185B005A5F93009B18DA009A
:1062E000D31A6B4A13626A4B5C620022ADE0FCF782
:1062F000EFFCADE75F4B07221A70B7E0634BD42089
:1063000048431B18B3330120187001310329F5DD10
:10631000A9E70021FAE7022AAAD0564B07221A70F1
:10632000A4E0022AA6D000200328A3DC574BD424E3
:1063300044431B19B33301241C700130F4E7564B5E
:106340001B78002B0BD00F2905D01F29ADD1504B46
:106350001F26DE60A9E74E4B1E26DE60A5E70B0078
:106360001F3B012B02D94A4BD9609EE7484B0F26B1
:10637000DE609AE7092902D0454BD96095E70328EA
:1063800012D007DC01280BD002288ED1404B052605
:10639000DE608AE7042888D13D4B0226DE6084E770
:1063A0003B4B0326DE6080E7394B0626DE607CE748
:1063B000212909D03D4B6D00EA5E93009B18DA005D
:1063C000D31A334A13628EE700221A628BE7374BE7
:1063D0004900CA5E93009B18DA00D31A2C4A136254
:1063E00081E7254B9E5C2A48541CA1000D19EB0047
:1063F0001E54264DD42353439946EF183E0094363D
:106400003668B4460919CE008619614671603900B4
:106410009831096888469600B1188C46C900411821
:1064200043460B639C373F684F63214F3F688F6340
:106430006646F2003832101804304B46483359197A
:1064400004311022F5F776FB2200032AC9DD194B2F
:1064500001221A70184B00221A70084B1A700C4C4B
:10646000200014F07FFF200017F07AFCC0BCB94672
:10647000B046F8BDF02E032044070320C42E0320AD
:1064800055250020F22E0320D22E0320480703209A
:10649000D82A0320F12E0320362F0320541B03207B
:1064A000501B03205C1B0320709F0410309F0410BE
:1064B00098F30220F52E0320642F032010B5134B10
:1064C00008221A70124B1A78002A09D0114B0020AA
:1064D0001856114BD42141435B18B3330121197075
:1064E0000E4B1B78022B00D010BD0D4B19781F29C5
:1064F000FAD801238B400B490B4204D10A490B42C5
:10650000F2D0002AF0D0FEF75DF9EDE7F02E03207F
:10651000362F0320D22E03204807032055250020C4
:10652000F22E0320400810400080008010B5084B78
:1065300000241C70074BDB680133074A1370FFF718
:1065400021FA064B1C70064B01221A7010BDC04682
:10655000F52E0320D82A0320F22E0320F02E03204C
:10656000642F0320014B03221A707047F02E032082
:1065700010B5054B187005482022EDF711FB044BB0
:1065800001221A7010BDC046322F0320640D032073
:10659000392F0320F0B5C64600B586B04D48F5F753
:1065A00037FC01A818F0A6FD80468024640144440D
:1065B000019A494B9C466244019248482100F5F7F4
:1065C00057FC474E02AD3560019B029400270397AC
:1065D0002F73E31804934348F5F71AFC424B1F70DE
:1065E0004248F5F715FC42480DF04CF9336819683C
:1065F000091BC9001B7BC9183E48F5F739FC0DF093
:10660000D1F933681968091BC9001B7BC9183A48BE
:10661000F5F72EFC0DF0FAF933681968091BC9006B
:106620001B7BC9183548F5F723FC0DF021FC3368B6
:106630001968091BC9001B7BC9183148F5F718FCFC
:106640000DF0AAFC0DF0A8F92B7B002B2ED102999E
:10665000091B2C48F5F70CFC2B4D002169562B48E3
:106660002200F5F705FC029A121B0020285643462B
:1066700021000DF02FFE041E1FD0012424491C48C8
:106680002022EDF78DFA234B00221A70002C09D03E
:10669000214B00215956214BD4324A439B18A03339
:1066A0001F4A1A6006B080BCB846F0BD0822D21A54
:1066B00000212800FEF756FEC9E7134B002159566A
:1066C0001848F5F7D5FB18491848012201F006FDD6
:1066D000D4E7C046F091031000F0FFFF10920310C2
:1066E000D41303203C920310312F03206492031033
:1066F000640D03208892031094920310A09203105B
:10670000AC920310B8920310322F0320CC920310E6
:10671000EC820310F02E0320D22E03204807032022
:10672000B4930310FC920310B55301102893031087
:1067300010B5084C20700848017008490A70084AD2
:106740001370002B03D00922064B1A7010BD0222D1
:10675000FAE7C046D62E0320D42E0320D52E0320E0
:10676000182F0320F02E0320F0B5C64600B5804652
:106770000E001700484B1B78002B1BD14346042BFF
:1067800001DD04239846454B1B78042B18D9002EB5
:106790001ED0012E04DD424B1B78002B00D10126B8
:1067A000002F17DD092F16DD3D4B1B78022B12D071
:1067B000092710E0384B00221A7014F019FCDDE7AD
:1067C000002E03DD032EE4DD0326E4E70126E0E7E7
:1067D0000426E0E7012702F097FC4346042B03D090
:1067E000304B1B78002B0BD02F4B01221A702F4BF4
:1067F0001B78002B0AD14346042B05D0002206E06B
:10680000294B00221A70F2E7012200E00122284BF6
:106810001A70002406E0274BD42565435B19022239
:106820001A710134032CF6DD234B012119701A4A29
:1068300000231370214A1370214A1370214B1970E1
:1068400076B2214B1E707FB2204B1F70204B424608
:106850001A70134B1B78022B07D0032E15D0042E71
:1068600015D0022E15D17E2206E00B2F03DD142F4A
:1068700009DC7E2200E07D22164B1A80FFF782F8A9
:1068800080BCB846F0BD7F22F6E77F22F4E7012204
:10689000F2E77D22F0E7C046282F03205425002090
:1068A000552500202D2F03202C2F0320E92E032017
:1068B0001D2F032048070320602F0320DE2E032016
:1068C000C42E0320642F0320F12E0320F22E032078
:1068D000F42E0320A42E0320F0B585B000AF6C4643
:1068E000284B00221A70284E31780131CB00E31A70
:1068F0009D466D4628000DF071FC3378DB005A5937
:10690000002A16D0214B1F603A6000237B60BB60D9
:106910003B731F4A13700CF0F7FF00280DD11D4B7D
:10692000002159561C4BD4224A439B18A0331B4AC2
:106930001A60A546BD4605B0F0BD194D2E68194B2D
:1069400000229A56184B00215956184B0020185611
:10695000FFF70AFF2E600DF03BF80DF083F90DF004
:10696000B1FA0DF08BFB0DF00FF8002800D100BE3E
:106970000F4B1B78002B01D1A546DBE711F094FEED
:10698000FAE7C046F02E0320EF2E0320D013032099
:10699000312F0320D22E032048070320C093031079
:1069A00098F30220F22E0320F12E0320F42E032070
:1069B0003A2F032010B5144B00221A70134B1A7093
:1069C00000280CD1124A00231370124A1370124A85
:1069D00001211170D37093705370104A1370104BD3
:1069E00000241C700F4B1C700F4B1C700F4B0022AF
:1069F0009A560F4B002159560E4B00201856FFF7A0
:106A0000B3FE0D4B1C7010BDDE2E0320172F03208C
:106A1000182F0320DD2E032044070320D22E03204D
:106A20002D2F0320E92E0320202F0320D52E032015
:106A3000D42E0320D62E0320F02E03200B4B1B78E0
:106A4000022B0DD005D8002B07D0012B0AD16A20CC
:106A500005E0032B08D16C2001E000BE6A207047DE
:106A60006B20FCE76D20FAE76D20F8E75425002045
:106A7000024B1860024B05221A707047683C0120D7
:106A8000F02E0320F0B5564CA544564B1868EBF792
:106A900093FE0100544B00221A7083005348006893
:106AA000C3581B021B0A52480068C518C45C514BEE
:106AB0001A70514A23006F3B58424341D8B2EAF75B
:106AC00007FC00281BD04B4B01221A7001202856CE
:106AD000A978EA7804242C57484B1C706C79484BF1
:106AE0001C70AC79474B1C70EC79474B1C702C0028
:106AF00009342D7A6DB2454B1D7000230AE0FFF773
:106B00009DFFA042E2D000BEE0E72678404DEE5463
:106B100001330134032BF8DD3E4B00261E70FFF7D6
:106B200023FE671C25783C4C1C2200212000F4F732
:106B3000FBFF276068000521EBF782FF0100A061E1
:106B400026748026B600009602AB2A002000E9F7E2
:106B500057FD0100A269821A52106274AA1A0096A7
:106B600002AB2000E9F74CFD0100A269821A521025
:106B7000A274AA1A009602AB2000E9F741FD0100B9
:106B8000A269821A5210E274AA1A009602AB20007F
:106B9000E9F736FD0100A269821A52102275AA1A7D
:106BA000009602AB2000E9F72BFDA369C01A401044
:106BB00085420FD1174B01241C70EEF71DFE174BB9
:106BC0001860174B00221A70164B1C7083239B0011
:106BD0009D44F0BD144B154A15481649F2F74AFC7E
:106BE000F4FDFFFF683C0120F02E0320C0F80220D6
:106BF00018230020042F0320EC930310DD2E032024
:106C00002D2F0320E92E0320202F0320D22E032036
:106C100044070320E82500206C3C0120AC1703202A
:106C2000602F0320DE2E032004940310C49E041062
:106C300018940310FC09000010B5174B1B78002BAB
:106C400004D0154B00221A70144B1A70134B18788D
:106C5000002800D110BD124B1868EBF7E5FD0F4A74
:106C6000002313700F4A13700F4A13700F4AD3702A
:106C7000937053700E4A13700E4A13700E4A1370BD
:106C80000E4A13700E4B1B78002B03D1FDF7D4F97D
:106C90000120DFE7EDF7A6FC5C2F0320DE2E0320AA
:106CA000683C0120172F0320DD2E0320440703201A
:106CB0002D2F0320E92E0320202F0320D22E032086
:106CC0003C2F032070B505003F4988690B7C5B00B1
:106CD000C018FEF7A9FB040010281AD81FD0C3075C
:106CE00020D4394B5B7D5BB22B70A30731D40023DA
:106CF0006B70364B1B78002B3FD1630743D4324B6C
:106D00009B7D5BB21B026B80240753D400236B7105
:106D100070BD2F4B2F4A30483049F2F7ABFBFFF7DD
:106D20008BFFF5E7284988694B7C5B00C018FEF7AC
:106D30007BFBC30708D50130C30F1B185B1022492A
:106D40004A7DD3184B75CCE7C30F1B185B105B4211
:106D5000F5E71D4988698B7C5B00C018FEF764FB72
:106D6000C30705D50130C30F1B185B106B70C0E75C
:106D7000C30F1B185B105B42F8E7194B154A164806
:106D80001849F2F777FB10498869CB7C5B00C01883
:106D9000FEF74AFBC30708D50130C30F1B185B1071
:106DA00009498A7DD3188B75A9E7C30F1B185B109F
:106DB0005B42F5E7044988690B7D5B00C018FEF76C
:106DC00033FB6871A4E7C0466C3C0120042F03200C
:106DD00054940310E09E041018940310AB080000B4
:106DE00064940310BA08000070B5002400E0013478
:106DF000032C20DCA14B1B5D002BF8D0A04BD42230
:106E000062439B181B79022BF1D12000FFF776F922
:106E1000EDE79C4B01221A709B4B9C4A0021515676
:106E20001868F3F735FD0521F3F732FD0E00002455
:106E300060E0FEF7A7FD964B1B78002BECD0082BEB
:106E40000BD8A3225200DA40D20706D58D4A127819
:106E5000022ADED18B4A002111700A2BEBD89B004D
:106E60008C4AD3589F460020FFF7A4FDE3E701209A
:106E7000FFF7A0FDDFE7FFF72FFDDCE7FFF78AFB59
:106E8000D9E7FFF7FFFDD6E7FFF7CAF9D3E7FDF72C
:106E900099FCD0E7FFF74AFBCDE7EDF7A3FB28000D
:106EA000FFF710FF3DE07C4B1B5D002B51D07B4B6F
:106EB000A200D3587A4A7B4D50212800ECF798FE67
:106EC000794B002159566E4BD4224A439B18A0336C
:106ED0001D60714B00221A553BE0694BD42262437E
:106EE000D358002B57D0D968704BA20012199B18A9
:106EF00099550134032C56DC604B1B5D002BF8D0F8
:106F0000D42565435E4BED180635694B1968E300DF
:106F1000C91808222800F4F70DFE664B1B78002BD9
:106F2000BDD1574BD42262439B189B795BB2322B65
:106F300002DD594B01221A55534B1B68DA0608D162
:106F40005911DB179B0FC91803220A40D31AA34219
:106F5000A9D0594B1B78002BCBD0584B1B78002B5A
:106F6000C7D1494B1D68494B002159562800F3F7FA
:106F70008FFC0029BDD1052DAFDD4C4BA2001219AD
:106F80009B18995D3E4BD42262439B181B7B994210
:106F9000A3D000BEA1E7454BA20012199B18484A96
:106FA00012689A55A5E700241FE046490A78012394
:106FB00053400B70012A02D014F006F814E014F0CC
:106FC00017F811E0404941482022ECF7E9FD2C4B2D
:106FD000D42262439B18DA7A9210072313403C4A6A
:106FE00013702B4B04221A700134032C17DC234B33
:106FF0001B5D002BF8D0224BD42262439B18DA7A17
:10700000DB7A5BB2002BEFDA03231340012BCCD0E9
:10701000022BE9D12D4B1B78002BD8D1D2E72D4B79
:107020001B78012B0DD02C4B1B782A4A1370022B96
:1070300021D00DD8002B10D0012B18D116F0BEFD99
:1070400015E0254B1B78012BEDD016F021FEEAE769
:10705000032B0CD1FCF7F6FF09E010F0EFF8094B19
:107060001B78002B04D0FCF701F900F037FB70BD52
:1070700014F07CFCF7E7FDF76FFEF8E74407032008
:1070800048070320292F0320ECE502205A2F032074
:10709000F02E0320989E0410781B032044A20410B5
:1070A000709403107C1B0320D22E0320443B01204C
:1070B0005C040320DE2E0320182F0320172F03204B
:1070C000180D0320282F032080940310640D032043
:1070D000322F0320252F0320F52E032000234366A3
:1070E000037401338366704710B501604260038109
:1070F000029BC360FFF7F2FF10BD436E502B0AD016
:107100005A1C4266C318197482180023137404337E
:107110008366012070470020FCE7436E002B08D0F7
:10712000013B4366C31800221A74042383660120BE
:1071300070470020FCE70000F0B5C64600B505002A
:1071400088460068002407E0203B10E00430A023BC
:107150005B00984237DA01346B6EA34233DD2B19A2
:107160001B7C2D4AD15C03220A40022AECD0D9B202
:107170002029EBD0FF221340EA689A42E6DC5F291F
:10718000E4D829899A1A8A1892B2244B1B685100B4
:10719000CB5E9B0022490968CB581B021B0A214980
:1071A0000968CE18CF5CF378DB01802149000B40E1
:1071B0001F43C719A0235B009F4204DC6968EBF7FB
:1071C00079FA3800C7E74346002B1ED02A89E968C0
:1071D0005F235B1AD21892B2104B1B685100CB5E32
:1071E0009B000F490968CB581B021B0A0D4909680F
:1071F000CC18CB5CE178C9018024640021400B43AA
:107200001B18A02149008B4202DD80BCB846F0BDAE
:107210006968EBF74FFAF8E705310510C42A032037
:10722000C0F8022018230020836E002B01D0013B00
:1072300083667047F0B5DE4657464E464546E0B594
:1072400083B00500884617001E000CAB1B889946CA
:107250000D9B9B46D8235B00C65008330E9AC25044
:1072600004330122C254083B0022C250144B1B6855
:107270004A465200D35E9B00124A1268D3581B0242
:107280001B0A114A1268D3185B789A4600240DE055
:1072900053465A1C6243BA1A6C20604328185B4656
:1072A00000934B464146FFF71FFF0134B442EFDB2A
:1072B00003B0F0BCBB46B246A946A046F0BDC046EE
:1072C000C42A0320C0F802201823002010B50400AF
:1072D000DA225200835801338350043A8258934291
:1072E00009D0DA235B00E3586C2058432018FFF7DD
:1072F000F5FE00220AE0DA235B000022C250F0E72C
:107300006C235343E318042199660132D8235B00B0
:10731000E3589342F4DC10BD70B504000E00150074
:10732000FFF7D4FF002E09D115E0DA235B00E35804
:1073300001366C2058432018FFF7DFFE3178002912
:10734000F3D108E0DA235B00E35801356C205843A1
:107350002018FFF7D2FE29780029F3D170BD70B54F
:107360000500DC235B00C3581B78002B14D00024DD
:1073700006E06C20584328180021FFF7DDFE013499
:10738000D8235B00EA58A24206DDDA235B00EB5803
:107390001B1BEED59B18ECE770BD70B504000025F3
:1073A00005E06C2068432018FFF73EFF0135D82325
:1073B0005B00E358AB4210DDDE235B00E35C002B97
:1073C000EFD0DC235B00E3581B78002BE9D16C3352
:1073D0006B43E31804229A66E3E7DC235B00E3587F
:1073E0001A78DE235B00E25470BD30B583B0002410
:1073F000C466079C0467742401250555069C009407
:10740000FFF772FE03B030BD10B5426EC36E9A42F4
:1074100000D110BDFFF781FEFBE710B50023C36666
:10742000FFF75CFE10BD000010B50F4B5A5C032344
:107430001340022B0BD0C9B20B00203BDBB23F2B19
:1074400007D97F2909D00D290BD1012004E020396B
:10745000F1E7FFF752FE012010BDFFF7D5FF012035
:10746000FAE70020F8E7C0460531051010B5036FB4
:107470001B78002B00D110BD0121FFF75DFEFAE75C
:1074800010B504007423C35C002B05D0036F1B7878
:10749000002B01D1043383662000FFF7C5FE236F64
:1074A0001A787423E25410BD014BB5221A8070473C
:1074B000722E0320014B00221A707047F82E032011
:1074C00030B585B0564B1B78002B4AD1554B002266
:1074D0009A56D4235343544A9B18544A1360544B2E
:1074E00000221A7053490A7053490A7053490A70AE
:1074F0005348029321240194524D2B880093012379
:107500000021FFF797FE2B884F4A126859008A5EC8
:1075100092004E4909688A581202120A4C490968B9
:107520008A185178A722521A4A4800940021FFF77E
:10753000DBFD494B1B78022B33D017D8002B21D011
:10754000012B11D1454B002159564A1E444B920044
:10755000D458444B1B78042B2FD820292DDD424CC6
:107560002BE0FFF7A7FFB1E7404C26E0032B07D144
:107570003A4B1B785BB21F33394A9B009C581CE086
:107580003A4C1AE03A4B1B785BB2013BDA00D21856
:10759000324B1B785BB29B18013B364A9B009C58D0
:1075A0000BE02E4B1B785BB23F332D4A9B009C585F
:1075B00003E001342748FFF7A0FD21780029F8D126
:1075C000204B1B88204A126859008A5E92001F498E
:1075D00009688A581202120A1D4909688A185278E5
:1075E0000132254815490191212100910021FFF721
:1075F000FCFE0024032C0EDC23011B1BD8001F4BB8
:10760000C0181F4B01930023009300220021FFF7B5
:10761000ECFE0134EEE7024B01221A7005B030BDDA
:10762000F82E0320D22E032048070320CC0A032083
:10763000102F03200E2F03200F2F0320CE2E032008
:10764000C4270320722E0320C42A0320C0F802207E
:107650001823002098290320F32E0320F22E032064
:1076600004A0041054250020EC8203108C94031015
:10767000F12E032090A104108C2403205825032010
:10768000C02E032010B50848FFF769FE0748FFF732
:10769000EDFE074B1B78002B00D110BD05480021E3
:1076A000FFF74AFDF9E7C046C42703208C240320D6
:1076B000C42E03209829032010B50548FFF76DFE5E
:1076C0000448FFF7DDFE0448FFF7AEFD10BDC046DD
:1076D000C42703208C2403209829032070B5504B25
:1076E0001B68002B09D0013B4D4A1360002B04D1CD
:1076F0004C4B00221A704C4B1A704C4B1B785BB2EF
:10770000002B03D14A4B1B78002B21D0494B1A6820
:10771000A023D258002A1BD0434B1B78002B03D048
:10772000434B1B78002B13D043480021FFF7F4FD97
:10773000404B1A680021A023D1503A4B01221A7005
:10774000374B8B321A60384B394A107818701170E9
:107750003A4B1B78002B61D170BD2601361BF60019
:10776000374BF61829003000FFF75EFE002801D0E5
:107770000D2D1DD0334BD42262439B1800229A72E8
:107780000134032CE8DC304B1B5D002BF8D02F4B71
:107790001B785BB2A342F3D02A4BD42262439B18DE
:1077A0009D7A002DECD0052DD7D8294B1D55E1E74A
:1077B000234B2201121BD2009B185B6E002B09D0B9
:1077C000234B1A5D214B1B785BB201339A4205D0E3
:1077D000052A03D03000FFF720FECBE71D4BA200A7
:1077E000D1582201121BD2001032154BD218124868
:1077F000FFF792FD0C4B01221A700A4B1A70084BCE
:107800008B321A60144B1B78022B03D0572013F0D5
:10781000D4FBDFE76C2013F0D0FBDBE70024B0E7FC
:10782000C4FA0220102F03200F2F03209B270020D3
:107830000E2F0320CC0A0320C4270320182F032077
:10784000582503204807032044070320D22E032095
:10785000B83A012044A2041055250020030002205C
:10786000185601380B4A1278002A11D00A4A9A1A7F
:10787000921093009B1819015B1819025B181904E8
:107880005B185B009B18DE3BFF3B0C2B00D84010C5
:107890007047C0461D2F03204CC00410104A1178B9
:1078A00001235B1A5BB21370002B0DD10D4B00212D
:1078B00059560D4BD4224A439B18A0330B4A1A60E9
:1078C0000B4B01221A707047064B00215956064B8C
:1078D000D4224A439B18A033064A1A60F0E7C046F8
:1078E0009B270020D22E03204807032008A1031065
:1078F0000E2F032018A10310084B1B78002B0BD16F
:107900000748084B1968CA17520F891807230B40FC
:107910009B1A9B00185870470348F2E7F32E032088
:10792000AC9C0410ECE502208C9C0410C6280AD004
:1079300005DCBA280AD0C5280AD1C43804E0FF28DB
:1079400008D1FE3800E00120C0B270470120FBE7FB
:107950000020F9E70020F7E7034B18601423C25E0C
:10796000024B1A807047C046983B0120742E0320BA
:1079700010B50248FFF7F0FF10BDC046B02600204A
:1079800010B50248FFF7E8FF10BDC04608270020E9
:1079900010B50248FFF7E0FF10BDC046802600206A
:1079A00010B50248FFF7D8FF10BDC046F0260020F2
:1079B00010B50248FFF7D0FF10BDC0469826002042
:1079C00010B50248FFF7C8FF10BDC0465027002081
:1079D00010B5112202215E20EAF76CFE10BD10B531
:1079E000172226213620EAF765FE10BD10B51222B7
:1079F0000E216020EAF75EFE102226213620EAF7EB
:107A000059FE10BD10B518220F216C20EAF752FE66
:107A10000B4C1023E05E1223E15E6930AE22EAF7E0
:107A200049FE1023E05E1223E15E064B064A1278FF
:107A300052B29A5C20317830EAF73CFE10BDC04665
:107A400008270020EC2500209B270020F0B583B0FC
:107A500001900E0007E00C36019803E0203B1A006D
:107A60000DE004302A00551C13781A1E2CD00A2B66
:107A7000F1D01649CF5C032139400229EED0213ADA
:107A80003E2AEED8124B1B889A1892B2114B1B68F3
:107A90005100CB5E9B0010490968CB581B021B0AA2
:107AA0000E490968CC18CF5CE378DB0180214900DE
:107AB0000B401F43C719A0235B009F4204DC310029
:107AC000EAF7F8FD3800CDE703B0F0BD0531051049
:107AD000722E0320C42A0320C0F80220182300209D
:107AE00010B58CB0062168460CF078FB00240CE041
:107AF00063001B19D800104BC0181822ECF750F87F
:107B00000E4BE2000121D1520134052C12DCE300BE
:107B10006A4699580029EBD163001B19D800064B1F
:107B2000C01807491822ECF73BF8044BE20000218B
:107B3000D152E9E70CB010BD840D0320502600207F
:107B400024A1031010B5124B1B78834213D1114BA3
:107B50001B78002B0CD1104B1B78022B0DD00F4B38
:107B60001A689210072313400D4AD05C13F025FACF
:107B70000C4B0A221A70002010BD084B1A68921094
:107B800007231340084AD05C13F017FAF0E7C04609
:107B9000E4220020182F032055250020ECE50220C8
:107BA000A8ED0410F02E0320A0ED041070B506001F
:107BB0001400CD1D08380C222900EAF77BFD631E56
:107BC0000D2229003000EAF779FDE400A0190E2209
:107BD0002900EAF76FFD70BD70B50B221C2148200B
:107BE000EAF768FD002416E00C4E1023F05E122325
:107BF000F15E250149191822FFF7D8FF1023F05E26
:107C00001223F15E63001B19DA00054BD2186918C4
:107C1000FFF71CFF0134052CE6DD70BD382600207F
:107C2000840D0320F8B504000F0016001D00132278
:107C3000EAF740FD0834002E0BD12000162239004F
:107C4000EAF738FDE800001915223900EAF732FD9D
:107C5000F8BD731E142239002000EAF72FFDF00052
:107C60000019EBE710B50F2226213C20EAF722FD90
:107C70000A4C1023E05E1223E15E094B1B681031B1
:107C80001022FFF7CFFF1023E05E1223E15E054BC9
:107C90001B6830311022FFF7C5FF10BD8026002081
:107CA00000280020FC27002070B5050000260024D5
:107CB0001BE0203B25E0164A1288D3189BB2154AD8
:107CC00012685B009B5E9B00134A1268D3581B022C
:107CD0001B0A124A1268D118D25CCB78DB018021D2
:107CE00049000B401343F618013428001CF02CFA0D
:107CF000A0420BD92B5D0A4AD15C03220A40022A1A
:107D0000D7D0213B3E2BD6D90436EDE7300070BDED
:107D1000722E0320C42A0320C0F80220182300205A
:107D20000531051010B5B2220F214420EAF7C2FC3C
:107D3000AE220F21AD20EAF7BDFC2B4C1023E05EF4
:107D40001223E15E053151301222FFF72FFF10237D
:107D5000E05E1223E15E254A05315130FFF776FEE1
:107D6000234B1B785BB2002B2ED11F4C1023E05EFF
:107D70001223E15E10314030AE22EAF79BFC102363
:107D8000E05E1223E15E20313F30B322EAF792FC3D
:107D90001023E05E1223E15E30313F30B322EAF778
:107DA00089FC1023E05E1223E15E3031CB30B42237
:107DB000EAF780FC1023E05E1223E15E40313830A8
:107DC000AE22EAF777FC10BD0848FFF76DFF064AC0
:107DD0001021535E51331221515E064A05311818A5
:107DE000FFF734FEC1E7C046F0260020300703202D
:107DF000542F032030A1031070B51D221C214820F0
:107E0000EAF758FC002416E01A4E1023F05E122305
:107E1000F15E250149191822FFF7C8FE1023F05E14
:107E20001222B35E62001219D20013495218E918E7
:107E3000FFF70CFE0134052CE6DD104B1B785BB21E
:107E4000002B00D170BD0E4B00241C5760000019A0
:107E5000C000094BC018FFF727FF064A1021535EE8
:107E60001221515E2401074A09191818FFF7EEFD87
:107E7000E8E7C04638260020840D0320542F032055
:107E8000302F032030A1031010B50A4B0A4C1C60A0
:107E900020001CF059F9094B1870094812222100E2
:107EA000EBF77EFE074B12221A70074B113A1A703D
:107EB00010BDC046CC17032030070320552F0320E8
:107EC000D0170320562F0320542F0320F8B50500A8
:107ED0000F4B1B880F4A12685B009B5E9B000E4A8B
:107EE0001268D3581B021B0A0C4A1268D3185F7819
:107EF0003E00002400E0013428001CF025F9A042D7
:107F000004D92B5D0A2BF6D1F619F4E73000F8BD41
:107F1000722E0320C42A0320C0F802201823002058
:107F200010B5002807D001280DD00B4B1868C000F1
:107F300013F0C2F810BD084B1B68002BF5D0064AA1
:107F4000013B1360F1E7044B1B680E2BEDDC024A8A
:107F500001331360E9E7C046FC27002010B5002874
:107F600007D001280DD00B4B1868C00013F0ACF8F7
:107F700010BD084B1B68002BF5D0064A013B13606F
:107F8000F1E7044B1B680E2BEDDC024A0133136052
:107F9000E9E7C0460028002010B50A4B00229A5E8F
:107FA00053009B18DC00084BE41808490922200004
:107FB000F3F7C0FD2000EBF7E1FD054B00221A703E
:107FC00010BDC046742E0320840D032034A103107D
:107FD000012F032070B505001F4B01221A701F4BA3
:107FE00010215A5E10000B3812215B5E29015B18CC
:107FF000191F0A33C532EBF783FE194B1D706C0055
:108000006419E400174BE418174818222100EBF715
:10801000C7FD164920001CF053F800280AD0144B65
:108020001C6020001CF090F8124B1870124B1822A4
:108030001A7070BD0B4A6B005B19DB00002199546C
:108040002800FFF7A9FF0D4B1B78002BE7D0280075
:10805000FFF7A2FFE3E7C046542F03203826002095
:10806000302F0320840D0320D017032024A10310F8
:10807000CC170320552F0320562F0320012F032058
:1080800070B5084C084D2E782660084C01262660F5
:10809000074C206007480360074B1960074B1A70B4
:1080A0002E7070BDB0FA02200C2F0320C0FA0220FF
:1080B000B8FA0220BCFA0220B4FA02200D2F0320E5
:1080C00010B5FFF719FC034B03490122FFF7D8FF56
:1080D00010BDC04640A10310457B011010B5002320
:1080E000FFF7CEFF10BD000010B5084B1B78002B2A
:1080F00005D10748FFF730FCFFF7F2FC10BD05483B
:1081000000220021FFF7EAFFF8E7C046182F0320FE
:10811000382600205CA1031010B5104B1B78002BF3
:1081200003D00F4B1B78002B0DD00E4B0E4A5A601C
:108130000E4BFF221A700E4B1B78022B09D00948F8
:10814000FFF70AFC10BD0B4800220021FFF7C6FF15
:10815000F8E70948FFF700FCF4E7C046182F0320B2
:10816000DE2E03203827002050270020192F03205F
:108170005525002094A103102027002010B50A4B9C
:108180001B78002B01D1002805D1084B1870084836
:10819000FFF7E2FB10BD074800220021FFF79EFF1A
:1081A0000548FFF7D9FBF5E755250020E72E03200A
:1081B00020270020D8A10310B026002010B5074BBF
:1081C0001B78002B05D0064906480122FFF786FFE1
:1081D00010BD222012F0F1FEFAE7C046602F032006
:1081E0006189011034A2031010B5064B1B78002BD7
:1081F00001D1012010BD044800220021FFF76EFFCD
:108200000020F7E7182F03206CA2031010B504001C
:10821000FFF7EAFF002800D110BD044B1C70044892
:10822000FFF79AFBEDF7F8F8F6E7C046192F0320A1
:10823000D026002010B50400FFF7D6FF002800D19B
:1082400010BD044B1C700448044B4360FFF784FBD3
:10825000F6E7C046192F032038270020F02600201B
:1082600010B50A4B1B78002B04D0094B1B78002B50
:1082700006D010BD074800220021FFF72FFFF8E7C6
:108280000548FFF769FBFFF72BFCF2E7602F03209F
:10829000F52E0320A8A20310F025002010B5134BE3
:1082A0001B78002B15D1124B1B785BB2002B16DB11
:1082B0005A00D218D3000F4A9B180F4A0F4C5A216C
:1082C0002000F2F773FA0E4901222000FFF706FFA3
:1082D00010BD0C4800220021FFF700FFF8E70A4814
:1082E00000220021FFF7FAFEF2E7C046182F032014
:1082F0002A2F0320840D032048A30310A419032070
:10830000CD870110DCA2031010A30310074B1B78CC
:10831000002B09D1054B01221A70054B054A1A6042
:108320001423D25E044B1A807047C0460C2F0320E2
:10833000983B012050270020742E032010B5164BC7
:108340001B78002B19D0154B1B78002B14D1144B24
:108350001B785BB2002B14DB5A00D218D300114AF1
:108360009B18114A114C5A212000F2F71FFA1049AC
:1083700001222000FFF7B2FE10BD222012F01DFEE8
:10838000FAE7FFF7C3FFFFF7ABFB0A48FFF7E4FA92
:10839000034BFE221A70EFE7602F0320F52E032017
:1083A0002A2F0320840D032088A30310A41903207F
:1083B00025880110F0250020F0B595B0614B1E789E
:1083C00000221A70604B1B68002B18D15F4B1B7882
:1083D000002B00D1A1E05E4B1B68DB68002B00D0B6
:1083E00098475B4B1B681022995E5A4A11801222F3
:1083F000995E594A118000255D5F00246FE0574B5C
:108400001E683000FFF762FD0400554B1868002815
:108410000BD0FFF75BFD2018C30F1B185B105B42EE
:1084200064334D4A1380002543E00020F3E75022D7
:108430006846EBF7B5FB4F2C02D800236A4613556C
:10844000013507E050226846EBF7AAFB68461BF0AF
:108450007BFEC5196846FFF727FCC30F18184010AC
:108460004042A03000B23B4B18803B4C0023E15E01
:108470006A46FFF7EBFA3B4B1B883B4A12685B00EE
:108480009B5E9B00394A1268D3581B021B0A384A6C
:108490001268D3185B7822889B1823802F4B1B68A7
:1084A0005A5D002A05D12E4A1268002A01D0B34233
:1084B0000DD02F007119735D002B2ED000243D19B3
:1084C000735D002BBED00A2BB1D00134F7E7160044
:1084D0000025EEE7204A1388103313800134AC42A4
:1084E00010D21B4B1B689B68E2009B189A78002AED
:1084F000F0D0194B0021595E164B0020185EEAF7A8
:10850000D9F8E7E70F4B1B78002B01D0002E04D0E1
:10851000104B0020185E002801DA15B0F0BD0C4B9E
:108520001B681221595E0539124B00229B5E1B010C
:10853000114A124C0025645F125DC9182038EAF711
:10854000B9F8EAE7F92E0320C0FA02200C2F032025
:10855000983B0120AE2E0320B02E0320B8FA022053
:10856000BCFA0220722E0320C42A0320C0F8022085
:1085700018230020742E032098270020AA2E032001
:10858000014B00221A7070470C2F032000B59DB0DC
:10859000002804D11A4B1B785BB2042B2ED06846FE
:1085A000EDF712F8002829DB164B1870164B012244
:1085B0001A706B460A229A56144B1A70002303E075
:1085C000134A0121D15401336A46527A9A42F7DCA8
:1085D00003E00F4A0021D1540133032BF9DD6B4630
:1085E0000C2018560B21595601230122FEF7A0F842
:1085F000FFF7C6FFE8F7B2FEEDF71AF81DB000BDB1
:10860000192F0320D22E0320182F0320DD2E032044
:1086100044070320F0B5A7B0B2220F214820EAF7A3
:1086200049F8AE220F21B120EAF744F86846ECF78A
:10863000CBFF05006B461B7A002B05D0022B14D014
:10864000032B23D0002437E0394A42212E20FFF7A4
:10865000FDF9384B1B785BB2042B62D18221364A7C
:108660005520FFF7F3F927B0F0BD344B1B78002BF2
:10867000EFD1002804DD01204042FFF787FFE8E743
:108680002F4A42213220FFF7E1F9E2E72D4A422149
:108690001D20FFF7DBF92C4A52214620FFF7D6F9BF
:1086A000D7E72A4A2A491CA8F2F76AF81CAA31001F
:1086B0003820FFF7CBF93C00032CCADC671C2549A6
:1086C0003A001CA8F2F75CF8260132361CAA3100E9
:1086D0002820FFF7BBF963001B19DB006B441B6903
:1086E000002BE8D063001B19DB0010336B4419002A
:1086F000043112221CA8EBF753FAAC42D1D00D4B37
:108700001B785BB2042BD1D1002CCFD11CA81BF05D
:108710001BFD1CAB9C4660440F490822F3F70AFA84
:10872000C4E70E4A82213D20FFF790F9922196E797
:10873000C0A30310192F032074A40310182F0320C3
:10874000E0A3031000A4031024A4031030070320A7
:1087500044A4031040A4031050A4031058A4031011
:1087600010B5054B1B78022B03D0044B02221A7064
:1087700010BDFFF705FFFBE7F52E0320F92E0320C0
:1087800010B5054B1B78022B03D0044B01221A7045
:1087900010BDFFF7F5FEFBE7F52E0320F92E0320B1
:1087A00010B5C0B004000AF0E1F9010080225200C7
:1087B0006846EBF7F5F9044B1C706846FDF7D2FEEE
:1087C000FFF7DEFE40B010BDEF2E032010B5074BC3
:1087D0001B78834201D0002010BD054B00201856A5
:1087E000FFF7DEFF182012F0E8FBF4E7E422002098
:1087F0002A2F032010B5040041000918C900074BB7
:10880000C918FDF7B5FEFFF7BBFE054B1B785BB241
:10881000023300D010BD024B1C70FBE7840D032017
:108820002A2F032010B5074B1B78834201D000206C
:1088300010BD054B00201856FFF7DCFF182012F082
:10884000BCFBF4E7E42200202A2F032010B50D4BD7
:108850001B785BB2182B04D00B4B1B78002B0BD072
:1088600010BD0A4B1B681B78002BF9D0084B002069
:108870001856FFF7BFFFF3E7034B064A11CA11C3AF
:10888000EEE7C046562F032030070320CC17032005
:10889000302F032088A4031010B5054B1B78022B42
:1088A00003D0044B03221A7010BDFFF769FEFBE7EB
:1088B000F52E0320F92E032010B5124B0020185678
:1088C00000280EDA104B0021595601310F4B0020C1
:1088D000185600230122FDF72BFFFFF751FE002061
:1088E00010BD0138084B19780131084B00229A5607
:1088F00049B240B2ECF70EFD0548FFF72DF8012014
:10890000EEE7C046192F0320E72E03203E2F032059
:10891000D026002010B5042804D0054B1870FFF7AE
:10892000CBFF10BD034904480122FFF7D7FBF8E74E
:108930003E2F03203D89011090A4031010B5064B73
:108940001B78834201D0002010BD044B04221A7012
:10895000FFF7B2FFF8E7C046E42200203E2F0320D5
:1089600010B50B4B1B78834201D0002010BDECF7F3
:10897000F9FD084B00221A70074B1A70074B1B6851
:10898000074A12889A82FFF7FBFDFBF72DFCECE704
:10899000E4220020162F0320182F0320983B0120EB
:1089A000742E0320F8B50478042C36D0002C00D0A7
:1089B000B7E2456887686B1C00D1B3E2AC4B1B780B
:1089C0005BB2002B43D1AB4B1E68002E00D198E068
:1089D000A94B1B78002B0CD0202D0AD01B2D08D0C2
:1089E000A64B1B78AB4204D0A54B1B78AB4200D002
:1089F00098E2A44BA44A12681A709E4B00221A6097
:108A0000A24B1B68002B78D0280098479D4B18700C
:108A1000182012F0D2FA012484E29A4B1B78002B22
:108A200008D0944B1B68002B04D0984B1A68984BC5
:108A30009A4207D0172012F0C0FA0020FFF740FB3F
:108A400001246FE28D4B1878FFF77CF8F8E71B2DB7
:108A50003AD07F2D29D00D2D45D08E4B5A5D032362
:108A60001340022B47D02B00203B3F2B39D88A4B99
:108A700000269E57894B00241C57631E9E4230DA05
:108A8000874B1F683800FFF70FF9023CE400A04253
:108A900027DA814B721C1A70BD55814A0021595644
:108AA00013685B1800221A701BE07B4B1B785BB2CB
:108AB000002B16DD013B5BB2774A1370784A1268CF
:108AC000D31800221A700CE0694B00221A70EBF7E1
:108AD0001DF9724B00229A567249714B1868EBF7D8
:108AE0005FF801241EE2624B00221A70EBF70EF9C8
:108AF000FFF7ACFEF5E7203DB5E7624B00221A70A8
:108B000086E7604B1B78002B27D1674A1278AA4270
:108B10002CD0664A1278AA423DD0654A1278AA4201
:108B200043D0644A1278AA4249D0634A1278AA42D2
:108B300052D0624A1278AA4255D0614A1278AA42AB
:108B400059D0604A1278AA425DD05F4A1278AA4290
:108B500060D05E4A1278AA4264D0002B00D0CDE0EB
:108B60005B4A1278AA427CD01C00DBE1FFF7CEFB07
:108B7000584B1B78042B0AD9574B584A1A60584B4C
:108B800000221A80172012F018FA0124CAE1524B71
:108B9000544A1A60F3E7FFF7B9FB172012F00DFAF9
:108BA0000020FFF75DFB0124BCE1FFF7AFFB1720BE
:108BB00012F003FA0020FFF797FA0124B2E1FFF761
:108BC000A5FB454B484A1A60454B00221A801720E6
:108BD00012F0F3F90124A5E1172012F0EEF9FFF7E6
:108BE000ADFB01249EE1172012F0E7F90020FFF70A
:108BF000E5FA012496E10020FEF750FE172012F05E
:108C0000DCF901248EE1172012F0D7F9FFF746FBBB
:108C1000012487E1172012F0D0F90020FFF750FA65
:108C200001247FE1314A137801335BB21370042BC6
:108C300002DD130000221A702C4B1B785BB22C4A09
:108C4000002010561A225A432A4BD2182A4BD421FC
:108C500041435B18A0331A600020EDF70BFD01249F
:108C600060E1FFF753FB172012F0A7F9012459E147
:108C7000542F0320C0FA02200D2F0320E4220020ED
:108C8000E32200200C2F0320B0FA0220B4FA0220C5
:108C9000457B011005310510552F0320562F032069
:108CA000CC170320D0170320E2220020E12200206D
:108CB000E0220020DF220020DE220020DD22002032
:108CC000DC220020DB220020DA220020D922002032
:108CD000EB22002054250020983B012098260020FC
:108CE000742E0320B0260020802600205E2F032053
:108CF000D22E032068EE0410480703208B4B1B780C
:108D0000AB4247D08A4B1B78AB4263D0894B1B7870
:108D1000AB426DD0884B1B78AB4200D188E0874BCB
:108D20001B78AB4200D1A3E0854B1B78AB4200D14E
:108D3000C0E0844B1B78AB4200D1C7E0002F05D1C7
:108D40002800FEF7F3FD002800D1EDE07E4B002067
:108D5000185E431C7D4A12680025515F8B4200DB80
:108D6000D5E09268D9005218D278BA4200D1C0E05A
:108D70000133EFE7744B01321A80132012F01DF912
:108D8000724B1B689A68704B00215B5EDB00D35E00
:108D900001330DD16C4B00229A5E6C4B1B68002195
:108DA0005B5E013B9A42E5DB674B00221A80E4E7F9
:108DB0000124B7E0644A013B1380132012F0FDF850
:108DC000624B1B689A68604B00215B5EDB00D35EE0
:108DD00001330BD15C4B00229B5E002BEAD15B4B35
:108DE0001B681B88013B584A1380E6E7012499E081
:108DF000564B1B689B68544A0021525ED2009B1858
:108E00005A68002A03D000229B5E022B01D0012465
:108E100088E0162012F0D1F84C4B1B689B684A4A38
:108E20000021525ED2009B185B6800209847EEE755
:108E3000464B1B689B68444A0021525ED2009B1837
:108E40005A68002A03D000229B5E022B01D0012425
:108E500068E0162012F0B1F83C4B1B689B683A4A58
:108E60000021525ED2009B185B6801209847EEE714
:108E7000364B1A68936834490020085EC1005B18BD
:108E8000596800290DD00024195F002909D090826B
:108E900000215A5E022A06D05B689847012012F032
:108EA0008CF801243EE05B6801209847162012F000
:108EB00084F8F6E7254B1B68234A12889A82FFF74D
:108EC0005FFB182012F079F801242BE01F4B1B6880
:108ED0001D4A12889A825B68002B08D01B4A1360D7
:108EE00014229A5E184B1A80172012F066F801249B
:108EF00018E0154A1380132012F05FF8012411E0E6
:108F0000114B1E80132012F058F801240AE086420B
:108F100008DC9368F1005B18DB78BB42F0D00136C7
:108F2000F5E700242000F8BD0400FBE7E92200205B
:108F3000EA220020E8220020E7220020E52200208B
:108F4000EB220020E6220020742E0320983B012013
:108F500010B5174B1B78002B04D0164B1A68164B14
:108F60009A420BD0154B1B78002B14D0144A13884F
:108F7000013B1BB21380002B10DD10BD114A13788A
:108F80000133DBB21370232BF0D1ECF791FA0D4BC8
:108F900000221A70EAE7ECF7E5FAE7E70A4A1388D5
:108FA00001214B401380064B08221A80E5E7C0469A
:108FB0000C2F0320983B0120D0260020182F0320DF
:108FC000A22E03202B2F0320AA2E032010B52A4BFC
:108FD0002A4A1A601423D25E294B1A80294B0A228E
:108FE0001A80294B1B78033B284A1370284B294AC7
:108FF00012781A60284BFF221A70284B284A11CA8F
:1090000011C3284B1B78042B05D9274A27495162E5
:10901000274A002151609A1FD2B2012A0BD9254A52
:109020001278022A0BD0042B04D8234A0021535E65
:10903000013B138010BD1E4A2049D160EFE71A4A58
:1090400011002031283211CA11C10C4A0020115ED2
:1090500001391180518A0831518219494A60194AEF
:109060001649D160A52149001182A5395182164ABD
:1090700016495160D7E7C046983B01205027002091
:10908000742E0320A22E03209A270020342F0320C1
:10909000B0FA02200C2F03202A2F032030070320D0
:1090A00088A403105425002068270020B1790110FE
:1090B0009826002055250020382700209988011087
:1090C00020270020B0260020C8260020C1790110EA
:1090D00004490A680132FF2313400B60024AD05C46
:1090E0007047C046EC0A0320ECEE041004490A68FD
:1090F0000132FF2313400B60024AD05C7047C04628
:10910000180D0320ECEE0410024B00221A60024BF3
:109110001A607047EC0A0320180D032010B5FFF702
:10912000D7FF0400FFF7D4FF201A10BD10B50028A8
:109130000FD0094A094BC318934204D8830702D1C0
:109140008003000C10BD064B064A0748CC21F0F7FF
:1091500091F90020F6E7C046FCFF0300FCFFFFDFAB
:10916000DC4A03101CF004102091031010B50024F9
:109170001D2C0BDC064B6200D35A002B01D00134AE
:10918000F6E7FFF7D3FF024B6400185310BDC0464B
:10919000F82B012070B50100002407E080221205A1
:1091A000944663449800814209D001341D2C0EDCA2
:1091B000074B6200D35A002BF0D10020F3E78368FD
:1091C0000025DD820DF096FE014B6400E55270BD76
:1091D000F82B012030B583B00400C5696B1C32D078
:1091E000012D12D102694169806801950123009324
:1091F000002302F011FF0500314B1B685B0702D111
:109200002379052B03D1022D07D003B030BDA06810
:109210001C30162111F020FEF5E72379042B07D826
:10922000032B0CD2012BF0D12000FFF7B3FFECE7AA
:10923000052BEAD1A0681C30132111F00DFE01238B
:109240005B42E361E1E7037EC268416980680195A2
:109250000125009502F0E0FE0500194B1B685B0735
:1092600002D12379052B0CD1022D10D0012DCCD1A8
:109270002379032B21D8022BC7D380239B01636161
:10928000C3E7A0681C30162111F0E6FDECE7237956
:10929000052BBAD89B000B4AD3589F46A0681C30B8
:1092A000132111F0D9FD80235B0263610123E36187
:1092B000ABE72000FFF76EFFA7E7052BA5D1DCE7A2
:1092C00098F30220ECEF041030B5002100E00131EA
:1092D0001D291ADC0D4B4A00D35A002BF7D08022EF
:1092E0001205944663449A00146A057A437A1B0275
:1092F0002B431B041B149C42E9D1D369002BE6D1FC
:10930000536AD36101239370E1E730BDF82B01204C
:10931000F0B5C64600B580460F00CB1E022B03D920
:1093200000250124644236E0FFF7CEFFF8E7012371
:109330002B760222B35E9B032B610022B35E9B035C
:109340008022120394466344EB6001235B42EB618D
:1093500080239B026B6116E001232B760222B35E11
:109360009B032B610022B35E9B03EB60002F04D0B4
:109370008022120394466344EB6001235B42EB615D
:1093800080235B026B610A22B35E2B622F7128007F
:10939000FFF7ECFE0125210040460CF027FA041EE1
:1093A00028DB164B1E68E3001B199B00F618F38A96
:1093B000002BF0D106212820E9F742FB05000DF033
:1093C00073FD2800FFF7B2FEF0820123AB70AE60A0
:1093D00000232B76052FD6D8BB00094AD3589F46C9
:1093E00030000CF0DBF928610123EB6180235B0284
:1093F0006B61C8E7280080BCB846F0BDC4120320EA
:1094000004F0041070B504000020002100E00131D8
:109410001D291BDC0E4B4A00D35A002BF7D08022AB
:109420001205944663449A00156A267A637A1B02F1
:1094300033431B041B149D42E9D1D369002BE6D0B2
:10944000536200239370D3610120E0E770BDC046F2
:10945000F82B012010B58269054B1A4200D110BDCE
:10946000044B054A7C210548FF31F0F703F8C0465C
:1094700001000010746703107CF004108C67031067
:1094800010B500280FD0094A094BC318934204D8DD
:10949000830702D18003000C10BD064B064A074823
:1094A000CC21EFF7E7FF0020F6E7C046FCFF030002
:1094B000FCFFFFDFDC4A03106CF004102091031066
:1094C00010B582B004004369012B79D018DC5A1C16
:1094D0003BD0002B7FD1C369013BC361002B7AD104
:1094E0000379012B29D0052B1ED0002B73D101232A
:1094F0005B42436180681C30152111F0ADFC6AE0CD
:10950000022B68D1C369013BC361002B63D103798E
:10951000042B60D1033B43610023037180681C303E
:10952000142111F099FC56E001235B4243618068ED
:109530001C30592111F090FC4DE0012343618068FB
:109540001C30142111F088FC45E080680021425E47
:1095500092032169019301230093002302F05CFD33
:1095600002280ED0012836D12379022B33D0072BC5
:1095700031D001236361A0681C30142111F06CFC10
:1095800029E02379072B26D89B001F4AD3589F46F2
:10959000A3680022DA8220000DF0ACFCA0681C3029
:1095A000592111F059FC16E0A3680022DA8220004C
:1095B0000DF0A0FC0FE000236361144BE3610AE0AF
:1095C000C26801698068019301230093002302F0BF
:1095D00023FD022801D002B010BD2279062AFAD854
:1095E000012393404A221A4207D1293A1A42F2D063
:1095F00000236361A369E361EDE7A3680022DA82D7
:1096000020000DF077FCE6E72CF004101A040000AF
:10961000F0B5C64600B580460F000025012464421F
:10962000210040460CF0E2F8041E00DA8CE0484BC2
:109630001E68E3001B199B00F618F38A002BEFD17C
:1096400006212020E9F7FCF905000DF02DFC28008B
:10965000FFF716FFF0820223AB70AE602F719433D8
:10966000AB6180239B022B61072F6BD8BB00394A6B
:10967000D3589F4630000CF067F8E860364B9C46A4
:109680006044E86001235B426B6180231B032B6114
:10969000A8681C30592111F0DFFB0125C0E730001C
:1096A0000CF052F8E8602C4B9C466044E8600123C3
:1096B0005B426B61A8681C30152111F0CDFB0125C0
:1096C000AEE70222B35E9B03EB6001235B426B615A
:1096D00030001C30152111F0BFFB0125A0E701234C
:1096E0006B6130000CF030F8E8601B4B9C46604426
:1096F000E86080231B032B610222B35E9B03984228
:1097000001D101258CE7A8681C30582111F0A4FB79
:10971000012585E701236B6130000CF015F8E86046
:109720000D4B9C466044E8600222B35E9B03984266
:1097300001D1012574E7A8681C30142111F08CFBBD
:1097400001256DE701256BE7280080BCB846F0BD18
:10975000C41203204CF004100000FCFF70B506009A
:109760000C001000FFF776FE4E23C35A002B43D0A7
:1097700080221205944663449D0030000FF066F984
:1097800087280EDC862827DA632801D0852803D1B4
:109790006A6C1A4B1A4217D021003000FFF738FFCD
:1097A00070BD88380128F7D84523EB5C002BF3D136
:1097B0004833EB5C002BEFD1114BA022AB502220A1
:1097C00011F0FBFB0020EBE70E4BA022AB50222058
:1097D00011F0F3FB0020E3E74623EB5C002BDBD129
:1097E0004933EB5C002BD7D1074BA022AB50222092
:1097F00011F0E3FB0020D3E70020D1E7FF0000FFDA
:1098000030A50310D8A4031004A50310F8B5040074
:109810000D000800FFF71EFE4E23C35A002B00D197
:1098200094E080221205944663449E0020000FF0CD
:109830000DF91A38082813D80123834084221A42CC
:1098400000D09FE07E32134200D088E0C13A1A4235
:1098500006D0002E79D0726C794B1A4200D177E095
:10986000227B637B1B0213431B041B14013300D1B7
:109870009BE0744B1E68227B637B1B0213431B041B
:109880001A14DB139B189B006F4A1268D3180A2224
:109890009A5ED3009B189B00F618F38A002B10D019
:1098A00080221205944663449F0020000FF0CEF8FA
:1098B0001C2800DD7BE01A2800DB7BE0012800D1BA
:1098C00078E020000FF0C2F81F2800D199E000DCFA
:1098D0008FE07538012800D98DE030001C30582108
:1098E00011F0BAFA06212020E9F7AAF805000DF0D8
:1098F000DBFA2800FFF7C4FDF0820223AB70AE60F4
:10990000013B6B6180239B022B619623AB6120009E
:109910000FF09CF8752800D18BE000DD77E022285D
:109920000BDC1F2800DB7EE0012804D0002804DDCA
:109930001A38022801D800232B7130000BF004FFE5
:10994000E860424B9C466044E860F8BD00266DE745
:109950003F4BA022B350222011F02FFBF5E7002E41
:10996000F3D04523F35C002B00D079E74833F35C58
:10997000002B00D074E7374BA022B350222011F007
:109980001CFBE2E7002EE0D04623F35C002B00D066
:1099900066E74933F35C002B00D061E72E4BA02231
:1099A000B350222011F009FBCFE700BE61E7752814
:1099B00000D086E77B6901330ED02800FFF74AFD0F
:1099C0004E23C35A002BC0D0BB78022B07D0032BE9
:1099D00008D1043B7B61B8E701237B61B5E7033B1A
:1099E0007B61B2E71D48F2F713FA01235B427B610A
:1099F000ABE7012805D030001C30142111F02CFAFF
:109A000070E730001C30142111F026FA6AE776283E
:109A100000D092E706232B7120000EF0B1FF8023C7
:109A20001B032B6189E703232B7120000EF0A8FF95
:109A300083E705232B7180231B032B617DE7C04641
:109A4000FF0000FFC4120320341403200000FCFFB9
:109A500060A5031088A50310B0A50310D8A50310B6
:109A600070B5050006212020E8F7EAFF04000DF09C
:109A70001BFA2000FFF704FDE882AB797C229343B8
:109A8000AB710223A370A56000236361237180235F
:109A90009B022361014BE36170BDC0461A040000C4
:109AA00070B5050006212020E8F7CAFF04000DF07C
:109AB000FBF92000FFF7E4FCE882AB797C229343BA
:109AC000AB710223A370A56063610233237180230D
:109AD0009B02236128000BF037FEE060044B9C469C
:109AE0006044E0609623A361024BE36170BDC04611
:109AF0000000FCFF04290000344B1B78042B0FD816
:109B0000334B1B785BB2082B5CD10F285CD1314BF7
:109B10001B785BB2012B01D0002054E00E3852E0DC
:109B20002C4B1B785BB2032B2CD00BDC012B15D0FC
:109B3000022B3FD1264B1B785BB2082B1CD0002098
:109B4000C0B240E0042B35D1214B1B785BB2062B11
:109B500026D0082B28D00020C0B234E01C4B1B7844
:109B60005BB2082B02D00020C0B22CE00F2801D03D
:109B70000020F9E70120F7E7152801D00020DFE7F2
:109B80000120DDE7124B1B785BB2082B02D00020CE
:109B9000C0B218E0132801D00020F9E70120F7E750
:109BA0001528D6D10120D7E7132801D00020D3E70C
:109BB0000120D1E7064B002018560838434258418F
:109BC000C0B200E0002070470120FCE754250020CF
:109BD000F22E0320F12E032010B500280FD0094AE1
:109BE000094BC318934204D8830702D18003000CA9
:109BF00010BD064B064A0748CC21EFF73BFC00207E
:109C0000F6E7C046FCFF0300FCFFFFDFDC4A031061
:109C100094F004102091031010B58269054B1A428C
:109C200000D110BD044B054A7C210548FF31EFF7F8
:109C300021FCC046010000107467031088F0041076
:109C40008C67031010B58269074B1A4207D041791F
:109C5000064BCA00521AD2009B18586A10BDFFF773
:109C6000DBFFC06BFAE7C0460100001054A20410ED
:109C700070B504008369DB0249D50423C356013360
:109C800047D14179274BCA00521AD2009B189B8EAC
:109C9000002B40D0234ACB005B1ADB00D318196A93
:109CA000C823D2588A18C3681F4909685B1AD91794
:109CB0005B184B40934230DC03691C4909685B1A0E
:109CC000D9175B184B40934201DD012020E0184D6D
:109CD0002860FFF7A1FF002646642000FFF79CFFE5
:109CE00006642000FFF798FFC36B9B00C3632269E3
:109CF000E168200004F018FD04002868FFF78CFFDD
:109D0000C36B9B10C363002C09D0002000E001202E
:109D100070BD0120FCE70120FAE70120F8E70120EF
:109D2000F6E7C04654A20410441C0320481C03203C
:109D3000883B0120F8B505000F00012918DC0EF062
:109D400079FF002805D0AB799B079B0F7A1C9342C3
:109D500061DD7B1C03221A40AB7903218B43134343
:109D6000AB712D4B1868FFF737FFE88100261AE02A
:109D70002A4B2B4A2B486821EFF77CFB207B637B27
:109D80001B0203431B041814DB131B189B00D2187F
:109D90000A23D35ED800C0188000081832E03900CA
:109DA000FFF7C8FF0136AB89B34234DD1E4B1C6898
:109DB0002B8B9B191D4A12685B009A5AD3009B1A81
:109DC0005B00E41823795B07ECD5200005F0A4FEC6
:109DD000174B1B68002BE5DD164B1968164B1A68EC
:109DE000A07AE37A1B0203431B041814DB131B182D
:109DF0009B00D3180A201B5ED800C01880000818EA
:109E0000A842BBD023795B06C9D5002FCAD1012156
:109E1000FFF790FFC6E7F8BD2417032018A603102C
:109E2000A4F004102CA60310B0F70220A8F702201B
:109E3000CC040320C41203203414032010B50C00FA
:109E4000094B1860094A1378013313700EF02CFF88
:109E50002289D3009B189B00054A1068C018002176
:109E6000FFF768FF10BDC04624170320F427002029
:109E7000C412032070B50500FFF7CEFE4C23C15A73
:109E8000002901D1002070BD80231B059C46614440
:109E90008C00E068EB6821692A69891AC01A05F00C
:109EA0003BFB61790A4BCA00521AD2009B181B6A0D
:109EB000084A94466344834201DA0020E3E7210024
:109EC00028000BF00DFA0028DDD00120DBE7C046AA
:109ED00054A20410FFFF2B0070B50400FFF79CFE96
:109EE0004C23C15A002913D080231B059C46614492
:109EF0008D00290020000BF0F3F9061E06D0A3699F
:109F00005A0607D540229343A3610126300070BD55
:109F10000025EEE72000FFF77FFE2123C65C002E20
:109F200001D00026F2E7E068EB6821692A69891A06
:109F3000C01A05F0F1FA184BC5186379174AD90011
:109F4000C91AC9005218528A002A01D1144A851828
:109F50002C14032B13D0052B16D0152B03D0132B49
:109F600001D0122B00D16410C82C00DDC824152BA1
:109F70000ED0FFF7ADF8A042C8DB0126C6E7E0220D
:109F800092009442E7DDC1E7C32CBFDD6C14E4E727
:109F9000A02CEEDDA024ECE70000C0FF54A20410CA
:109FA000000040FFF0B5C64600B50400FFF734FEE0
:109FB0002023C356082B00D170E0DBB2072B00D959
:109FC00000BEE568200007F045F906002000FFF715
:109FD00023FE2027C257324B9200D05870432D18D1
:109FE0002669200007F036F980462000FFF714FEAE
:109FF000C2572C4B9200D058434658433218290080
:10A00000200004F085FC051E36D1A3695A0403D54F
:10A01000254A1278002A1AD1244B1B68002B32D013
:10A020002000FFF7F9FD20230822C2541F490A68C7
:10A03000531E0B60002A26D01D4A9B00995800220F
:10A0400020000CF0D1FA0028F0D00125EEE762697B
:10A05000184909688A420ADA8021C9028C4662449A
:10A060006261802292031343A36101250BE0124930
:10A070008C4662446261F4E7A369104A1A40A26107
:10A080005B0404D50125280080BCB846F0BD200043
:10A09000FFF7C2FD036B63610125F4E70025F2E7DA
:10A0A000D8F00410B8F00410ED2E03208004032033
:10A0B0002C1703201C1B03200000FCFFFFFFDFFF09
:10A0C00070B50400FFF76EFF002800D170BDFEF7E9
:10A0D000FFFF05002000FFF79FFD0F232B40836249
:10A0E0000120F3E7F0B5DE4657464E464546E0B55B
:10A0F00083B00400FFF790FD4C23C35A002B00D11E
:10A1000000BE2000FFF788FD2023C2569346C35CA3
:10A110009946774B4A469D5C4C23C35A002B56D038
:10A1200080221205944663449B00DE68E268B61AFA
:10A130001F692369FF1AA0231B039E4249DD01AB5F
:10A1400000225A706B4B9F424EDA01AB06229A7086
:10A1500001AB5B789846082B03D001AB9B78082BAA
:10A160004ED1FEF7B5FFC82807DCFB17FF185F408C
:10A17000F317F6185E40B74204DD01AB9A785A70C7
:10A1800042469A7001AB5B78AB4257D001AB9B78EB
:10A19000AB4257D001AB5E78082E57D101AB9E7809
:10A1A000082E5ED14B46082B0BD02000FFF734FD64
:10A1B00020235A46C2542000FFF782FF002800D017
:10A1C0008EE0FEF785FFC00766D4072667E0002310
:10A1D000ABE7484B9E4203DA01AB04225A70B1E769
:10A1E00001AB08225A70ADE7A0231B039F4203DD99
:10A1F00001AB02229A70ABE701AB08229A70A7E785
:10A20000BB1702221A40F3179B1BDB0F92469A449E
:10A210002000FFF701FD384B52469B562022924604
:10A2200083542000FFF7F8FC5346C356AB4298D046
:10A230002000FFF745FF002893D051E001AB082232
:10A240005A70A3E701AB08229A70A3E72000FFF73A
:10A25000E3FC2023C6542000FFF732FF00289DD0E6
:10A260003EE02000FFF7D8FC2023C6542000FFF773
:10A2700027FF002896D033E00136072E1EDCB542BA
:10A28000FAD02000FFF7C8FC2023C6542000FFF7B7
:10A2900017FF0028F0D023E00026EEE7013E731CF4
:10A2A0000CD0B542FAD02000FFF7B6FC2023C654EC
:10A2B0002000FFF705FF0028F0D011E0082D09D09D
:10A2C0002000FFF7A9FC2023C5542000FFF7F8FE6B
:10A2D000002805D12000FFF79FFC20230822C2544C
:10A2E00003B0F0BCBB46B246A946A046F0BDC0468E
:10A2F000FCF004100000F6FFF8F00410F8B5CE46AC
:10A30000474680B504008846FFF786FC2223C356E3
:10A31000013B03271F40002609E04E462000FFF7BF
:10A320007BFC2222835C013303210B4083542000F9
:10A33000FFF772FC2223C5562E4B5B5D002BEDD040
:10A34000731C9946022E50D0BD4250D02A4BD422C5
:10A350006A439B181B6A002BDFDD274BD4226A431C
:10A36000D15820000AF0BCFF00283AD04346002B09
:10A3700025D1214BD4226A43D2581369D26821696E
:10A38000E0680EF0F3F806002000FFF745FCC36A12
:10A39000F61A1A4B9C466644194B9E420FD8164B30
:10A3A000D4226A43D358D868E26819692369C91A64
:10A3B000801A05F0B1F88023DB03984213DC0E4BC2
:10A3C000D4226A43D5582000FFF726FC0400280059
:10A3D000FFF702FC4C23E0520120C0BCB946B04656
:10A3E000F8BD4E469AE74E4698E70020F5E7002074
:10A3F000F3E7C0464407032048070320FFFFFFBFE1
:10A40000FEFFFF7F70B50400FFF706FC2323002248
:10A41000C2542289D3009B189B00364A1268D31875
:10A42000D889002807D080231B059C4660448500FE
:10A43000AB695B071ED400212000FFF75FFF0028F7
:10A4400052D061792C4BCA00521AD2009B18197A4B
:10A4500000293FD026292DD90B00273BDBB2012B49
:10A4600030D8FEF735FEC30FC01801210140C91ACC
:10A47000273127E02000FFF7CFFB06002800FFF779
:10A48000ABFB4C23F052A3699B06DAD52000FFF703
:10A49000C3FB4C23C15A00290AD080231B059C46CC
:10A4A0006144890020000AF01BFF0028C3D0C8E7E0
:10A4B0000021F7E7242905D3FEF70AFE0321F0F770
:10A4C000E7F924316379132B01D0152B0DD100202E
:10A4D00010F0C2FC6179084BCA00521AD2009B18D6
:10A4E000D988200006F024F870BD200010F05EFD31
:10A4F000F0E7C046C412032054A2041070B5040053
:10A50000FFF78AFB2123C35C002B02D0013B2122F1
:10A5100083542000FFF780FB05002323C656002E3E
:10A5200006D02933C05A00281FD123230022EA5421
:10A530002000FFF771FB2023C356072B24DD2000EA
:10A54000FFF76AFB4C23C35A002B07D08022120569
:10A55000944663449B009B695B073CD40121200027
:10A56000FFF7CCFE00282BD070BD80231B059C4636
:10A5700060448000FFF750FB2422835E002BD4DD73
:10A58000013E2323EE54D3E7C36A5B0F5B07C3622C
:10A590002000FFF741FBC26A2023C3565B07D31A92
:10A5A000002B05DDE0231B069C466244C262C6E721
:10A5B000002BC4DA80239B059C466244C262BEE73E
:10A5C0006179604BCA00521AD2009B18598820004A
:10A5D00005F0AEFFC8E7A3691A0664D46179594B48
:10A5E000CA00521AD2009B185B8A002B6DD1617988
:10A5F000544BCA00521AD2009B189B8A002B0DD0D4
:10A60000514B1B785BB2032B03DC504B1B78002BA8
:10A6100078D02000FFF760FC00287BD14C4B1B78E2
:10A62000002B14D02000FFF7F7FA2323C356002B8A
:10A630000DD14C33C35A002B7BD080221205944697
:10A640006344990020000AF04BFE002873D02000DC
:10A65000FFF7E2FA836A013B8362002B04DB2000F0
:10A66000FFF7A0FC002802D12000FFF73BFD617935
:10A67000344BCA00521AD2009B182D331B78002B82
:10A6800000D171E7FEF724FD022800DD6CE7617957
:10A690002C4BCA00521AD2009B182D331978200077
:10A6A00010F084FC60E780229343A361264B1B7863
:10A6B0005BB2042B00D157E7244B1B78002B00D052
:10A6C00052E72000FFF70EFD4EE72000FFF7D2FB18
:10A6D00000288CD061791B4BCA00521AD2009B18FB
:10A6E000997A00290AD16179164BCA00521AD20010
:10A6F0009B18598A200005F01BFF35E7200010F059
:10A7000055FCF0E72000FFF787FA836A002B00D1A1
:10A710007FE783E761790B4BCA00521AD2009B187E
:10A72000998A200005F004FFA36980221343A361E6
:10A730001AE7002186E701212000FFF7DFFD00284E
:10A7400085D011E754A20410F42E0320E92E032033
:10A75000182F0320F0B5D6464F464646C0B5040034
:10A76000FFF75AFA4C23C35A002B04D1E0BCBA4677
:10A77000B146A846F0BD80221205944663449D0070
:10A78000A36920229343A361E76823699846EB6895
:10A7900099462B699A462000FFF73EFA0600534679
:10A7A0004A46414638000DF0E1FEF062AB695B03BA
:10A7B000DCD5FEF7B3FC05002000FFF72DFAC36AD5
:10A7C0006D055B19C362D1E7F0B583B00400FFF7F4
:10A7D00023FA4C23C35A002B01D103B0F0BD200053
:10A7E000FFF7B8FF2000FFF717FAC56A80273F057B
:10A7F0003A002900200004F015FC06000121200089
:10A8000010F0D4FBFEF78AFC00052D18FEF760FC63
:10A810000521F0F73DF801314B005B180093330040
:10A820003A002900200004F06BFCD6E7F0B5C646DC
:10A8300000B582B00500FFF7EFF94C23C35A002B97
:10A8400003D102B080BCB846F0BD0221280010F050
:10A85000ADFB2800FFF77EFF2800FFF7DDF9C36A94
:10A860009846802212051900280004F0DBFB07003F
:10A87000002614E0FEF752FC04054444FEF728FCD1
:10A880000521F0F705F801314B005918802200919D
:10A890003B0012052100280004F032FC0136022E94
:10A8A000E8DDCEE7F0B5C64600B582B00400FFF79C
:10A8B000B3F94C23C35A002B03D102B080BCB84675
:10A8C000F0BD0221200010F071FB2000FFF742FFD5
:10A8D0002000FFF7A1F9C66A80273F053A00310042
:10A8E000200004F09FFB8046FEF718FC0505AD191B
:10A8F000FEF7EEFB0521EFF7CBFF01314B005B18B4
:10A90000009343463A002900200004F0F9FBD4E705
:10A9100070B50400FFF71EFFFEF7DAFB272800DC06
:10A9200070BD2000FFF778F94C23C55A002D09D0DF
:10A9300080263605A8198000FFF76EF92422835E71
:10A94000002B0ADC6179094BCA00521AD2009B180D
:10A95000D988200005F0ECFDE2E7A9198900200064
:10A960000AF0BEFC0028DBD1ECE7C04654A204107C
:10A9700070B50400FFF7EEFEFEF7AAFB092800DC25
:10A9800070BD2000FFF748F94C23C55A002D09D0AF
:10A9900080263605A8198000FFF73EF92422835E41
:10A9A000002B0ADC6179094BCA00521AD2009B18AD
:10A9B000D988200005F0BCFDE2E7A9198900200034
:10A9C0000AF08EFC0028DBD1ECE7C04654A204104C
:10A9D00010B50400FFF720F94C23C35A002B00D117
:10A9E00010BD2000FFF7B6FE2000FFF715F94C233D
:10A9F000C15A002909D080231B059C466144890067
:10AA00002422200006F046FCEAE70021F8E770B5B2
:10AA10000400FFF701F94C23C35A002B00D170BD8D
:10AA20002000FFF797FE2000FFF724FA002810D13E
:10AA30002000FFF7F1F84C23C15A00292CD08023C5
:10AA40001B059C46614489001F22200006F022FC61
:10AA5000E5E73721200010F0A9FAFEF739FBC2170D
:10AA6000520F8018072303409B1A01335D00ED1835
:10AA70002000FFF7D1F84C23C05A00280AD08023C9
:10AA80001B059C46604480002B002200210002F040
:10AA900067FCC4E70020F7E70021D5E770B50400A4
:10AAA000FFF7BAF84C23C35A002B00D170BD200029
:10AAB000FFF750FE2000FFF7DDF90028F6D0FEF783
:10AAC00007FB0A21EFF7E4FE01318D002000FFF7BC
:10AAD000A3F84C23C05A00280AD080231B059C46AB
:10AAE000604480002B002200210002F039FCDDE7E9
:10AAF0000020F7E770B50400FFF78EF84C23C35A27
:10AB0000002B00D170BD2000FFF724FE2000FFF7CE
:10AB1000B1F9002810D12000FFF77EF84C23C15A6C
:10AB2000002926D080231B059C46614489002022F1
:10AB3000200006F0AFFBE5E7FEF7CAFA0621EFF7C3
:10AB4000A7FE01318D006D186D002000FFF764F83D
:10AB50004C23C05A00280AD080231B059C46604421
:10AB600080002B002200210002F0FAFBCAE700203F
:10AB7000F7E70021DBE710B50400FFF74DF84C23A1
:10AB8000C35A002B00D110BD2000FFF7E3FD2000C9
:10AB9000FFF742F84C23C15A002909D080231B0536
:10ABA0009C46614489002122200006F073FBEAE7FD
:10ABB0000021F8E770B50400FFF72EF84C23C35AC4
:10ABC000002B00D170BD2000FFF754F9002810D1F0
:10ABD0002000FFF721F84C23C15A00292DD08023F3
:10ABE0001B059C46614489001022200006F052FBA0
:10ABF000E8E73721200010F0D9F9FEF769FAC2170B
:10AC0000520F8018072303409B1A01339D00ED1853
:10AC10006D002000FFF700F84C23C05A00280AD02E
:10AC200080231B059C46604480002B0022002100ED
:10AC300002F096FBC6E70020F7E70021D4E700000A
:10AC400070B50400FEF7E8FF4C23C35A002B00D177
:10AC500070BD2000FFF77EFD636980225203944699
:10AC6000634463612000FEF7D7FF4C23C15A0029DB
:10AC700027D080231B059C466144890006222000C2
:10AC800006F008FB050063690F4A9446634463615C
:10AC9000FEF7C2FF026CEB689B18EB602800FEF722
:10ACA000BBFF426C2B699B182B612000FEF7B4FFA1
:10ACB00004002800FEF7B0FF4C23E25A0433C252CE
:10ACC000C6E70021DAE7C0460000F0FFF8B5DE462F
:10ACD00057464E464546E0B50400664B1B689B0749
:10ACE00005D0F0BCBB46B246A946A046F8BD4269B5
:10ACF0000169C06806F00EFAE5682000FEF78CFFD7
:10AD0000036C2169406C6269091AE81A072305F08F
:10AD1000F7FA0500FEF780FF80235B028364FEF7ED
:10AD2000D7F9032318402B791B1A5BB22B71002B28
:10AD300000DC84E02000FEF76FFF5023C55A002D91
:10AD4000CFD080231B059C466544AD002800FEF74C
:10AD500063FF2422835E002BC3DD2B69EA6821692F
:10AD6000E0680DF003FC06002000FEF755FFC36A03
:10AD7000B34210D0F21A802109068A4262D9F42225
:10AD8000120694466344C3622000FEF745FFC36A7F
:10AD9000F31A00D4C6622000FEF73EFFC66AF60C26
:10ADA000200006F057FA070080231B01F3183249F0
:10ADB0005A008846525A1B018021490289460B409D
:10ADC000D31A9B462000FEF727FF824659463800DB
:10ADD000E6F737FF53461864730042469B5A360124
:10ADE0004A4616409B1B98462000FEF715FF0600BA
:10ADF00041463800E6F725FF7064E868E368296992
:10AE00002269891AC01A04F087FB3900EFF740FD68
:10AE1000011E27DD6B69A02292039446634460699A
:10AE2000181AEFF735FD05002000FEF7F5FE836CDC
:10AE3000AB4219DD114A94466344836451E7012310
:10AE40002B7177E7C022120594466344C362200049
:10AE5000FEF7E2FEC36AF31A8022120693429AD9E1
:10AE6000C66298E70121D5E78022920194466344A7
:10AE7000836436E7ECE50220FCE9031000E0FFFF05
:10AE800010B50400FEF7C8FE4C23C35A002B00D1B6
:10AE900010BD2000FFF75EFC3821200010F086F87E
:10AEA000F6E770B50400FEF7B7FE4C23C35A002B3B
:10AEB00000D170BD2000FFF74DFC2000FEF7DAFF47
:10AEC0000028F6D0FEF704F90A21EFF7E1FC013182
:10AED0004D006D186D003521200010F067F820003E
:10AEE000FEF79AFE4C23C05A00280AD080231B0587
:10AEF0009C46604480002B002200210002F030FAC2
:10AF0000D7E70020F7E70000F0B5D6464F464646A3
:10AF1000C0B58046FEF780FE2023C356082B00D123
:10AF200088E0404606F096F905004346DC68404656
:10AF3000FEF772FE2027C257404B9200D3586B4356
:10AF4000E4183F4B1C6043461E694046FEF764FE12
:10AF5000C2573C4B9200D3585D4376193A4B1E6062
:10AF60003A4B1B68E41A3A4AA718FF158023DB0303
:10AF70009C466444E3159946364B1B68F61AB5188F
:10AF8000ED156644F615344B42461A604F4551DCC8
:10AF90002C00B4424CDC314A2100380004F0E0FFC0
:10AFA000002801D00134F4E74046FEF735FE0400E6
:10AFB0004C27C55B2A4B9A461868FEF70DFEE053F6
:10AFC0004046FFF7C7FB4046FEF726FEC5538521E6
:10AFD0004900404605F0ACFA534618681F210FF0AF
:10AFE000E5FF5346186843791E4CDD00EE1AF60063
:10AFF000A619B18E05F09CFA53461B6898461800B6
:10B00000FEF70AFEC36B9B00C363336B424693613A
:10B010004046FEF701FE0422B35E83844046FEF7FD
:10B02000FBFD0023C353E0BCBA46B146A846F0BDC1
:10B030000137ABE74046FFF761FAF4E7D8F00410B8
:10B04000441C0320B8F00410481C0320C42C012029
:10B050000000C0FFC82C0120401C0320719C01107F
:10B06000883B012054A2041010B536210FF09EFF3A
:10B0700010BD0000F8B5DE4657464E464546E0B5E1
:10B080000500FEF7C9FD5023C45A002C11D08023BF
:10B090001B059C466444A4004C23C35A002B0ED0CD
:10B0A0006344980006F0CAF821000AF019F9002854
:10B0B00007D1F0BCBB46B246A946A046F8BD002069
:10B0C000F0E72000FEF7A8FDC66AF60CE7688023CB
:10B0D0001B01F31812495A008B46515A1B0180225A
:10B0E000520292461340C91AC0235B0399461800C6
:10B0F000E6F7A7FD3F182369984673005A46995A08
:10B10000360153461E40891B4846E6F79AFD020069
:10B1100042443900280004F05BFE63696B61C8E7B4
:10B12000FCE9031010B504005C210FF03FFF200084
:10B13000FFF7A0FF10BD10B504005B210FF036FF34
:10B140002000FFF797FF10BDF0B5C64600B504001C
:10B15000FEF762FD4C23C35A002B02D180BCB846D7
:10B16000F0BD2000FFF7F6FA2000FEF755FD4C2356
:10B17000C55A002D2BD080231B059C466544AD008D
:10B18000E8686A690423010005F0BAF806002000A7
:10B19000FEF742FD07003000FEF71EFD50239846E3
:10B1A000F8523000FEF738FD07002000FEF714FDCE
:10B1B0004C23F8523000FEF72FFD04002800FEF764
:10B1C0000BFD4346E0523000FFF754FFC6E7002571
:10B1D000D6E70000F8B5DE4657464E464546E0B590
:10B1E0000400FEF719FD4C23C35A002B05D1F0BC17
:10B1F000BB46B246A946A046F8BD2000FFF7AAFA12
:10B200002000FEF709FD4C23C55A002D5ED0802397
:10B210001B059C466544AD00290020000AF060F83B
:10B220000028E4D0522120000FF0C0FE1423220099
:10B230002100280002F094F86979254BCA00521ABF
:10B24000D2009B189F6A2800FEF7E6FC0600390032
:10B25000FA208004EFF71CFBB0642000FEF7DCFC52
:10B26000C66AF60C5023C75A002FC0D080231B0596
:10B270009C466744BF00EB689B4680231B01F31884
:10B2800014495A008A46515A1B01802252029146A3
:10B290001340C91AC0235B0398461800E6F7D1FC97
:10B2A0005B46181AF8602D6973005246995A3601A8
:10B2B0004B461E40891B4046E6F7C3FC2D1A3D61F4
:10B2C00046222100380003F0A7FF90E70025A3E7FE
:10B2D00054A20410FCE9031010B50400FFF73AFA79
:10B2E000632120000FF062FE10BD0000F0B5D646CD
:10B2F0004F464646C0B50400FFF72CFA2000FEF783
:10B300008BFCC36A8022120594466344C36220000A
:10B31000FEF782FC4C23C05A00284ED080231B0528
:10B320009C466044800005F089FF05000922010069
:10B33000200005F0AFFF09222900200005F0AAFF38
:10B340000500FEF769FCC36A802212059446634437
:10B35000C3622800FEF760FCC46AE40C280005F014
:10B3600079FF060080231B01E318154F5A00D25BBA
:10B370001B018021490288460B40D31A9A462800B7
:10B38000FEF74AFC814651463000E6F75AFC4B4630
:10B3900018646300DF5B240143461C403F1B280008
:10B3A000FEF73AFC040039003000E6F74AFC60641E
:10B3B000E0BCBA46B146A846F0BD0020B3E7C0469F
:10B3C000FCE90310F0B5D6464F464646C0B504002A
:10B3D000FFF7C0F92000FEF71FFCC36AF82212062F
:10B3E00094466344C3622000FEF716FC4C23C05A07
:10B3F00000284ED080231B059C466044800005F049
:10B400001DFF050009220100200005F043FF09226D
:10B410002900200005F03EFF0500FEF7FDFBC36A92
:10B42000F022120694466344C3622800FEF7F4FB40
:10B43000C46AE40C280005F00DFF060080231B0100
:10B44000E318154F5A00D25B1B0180214902884640
:10B450000B40D31A9A462800FEF7DEFB8146514680
:10B460003000E6F7EEFB4B4618646300DF5B240117
:10B4700043461C403F1B2800FEF7CEFB040039006A
:10B480003000E6F7DEFB6064E0BCBA46B146A84691
:10B49000F0BD0020B3E7C046FCE90310F0B5DE467E
:10B4A00057464E464546E0B583B00700FFF752F9D0
:10B4B0003800FEF7B1FB4C23C05A002800D181E0D0
:10B4C00080231B059C466044800005F0B7FE0922DE
:10B4D00001900100380005F0DDFE0500FEF79CFB41
:10B4E000C36AFC22120694466344C3622800FEF736
:10B4F00093FBC46AE40C280005F0ACFE824680236E
:10B500001B01E318304E5A00925B1B018020400261
:10B5100080460340D21A91462800FEF77DFB834601
:10B5200049465046E6F78DFB5A46106463009B5B24
:10B530002401424614401A1B93462800FEF76CFB78
:10B54000040059465046E6F77CFB606409220199E5
:10B55000380005F09FFE0500FEF75EFBC36A8022FF
:10B56000D20494466344C362280005F073FE0700CA
:10B570002800FEF751FB8146C46AE40C80231B01BE
:10B58000E3185A00915B1B0142461340C91A380068
:10B59000E6F757FB4B46186463009E5B2401434665
:10B5A0001C40361B2800FEF737FB04003100380032
:10B5B000E6F747FB606403B0F0BCBB46B246A94661
:10B5C000A046F0BD002080E7FCE90310F0B5D646A8
:10B5D0004F464646C0B50400FEF71EFB4C23C05A3A
:10B5E000002804D1E0BCBA46B146A846F0BD80238D
:10B5F0001B059C4660448600A26980235B041343BC
:10B60000A36161792C4BCA00521AD2009B18997A17
:10B6100020000FF0CBFC2000FFF79CF82000FEF785
:10B62000FBFA8146C56AED0C80231B01EB18234908
:10B630005A008846515A1B018022520292461340FA
:10B64000C91AA0277F033800E6F7FBFA4B461864B7
:10B650006B0042469B5A2D01524615405B1B984693
:10B660002000FEF7D9FA050041463800E6F7E9FA6E
:10B670006864F068E36831692269891AC01A03F0C6
:10B680004BFF05003900EFF703F98046BD4201DAB0
:10B690000123984675693000FEF7D4FA40102D1842
:10B6A0006369ED1A2000FEF7B7FA0400414628004E
:10B6B000EFF7EEF8A06495E754A20410FCE903103C
:10B6C000F0B5D6464F464646C0B50400404B1B88F1
:10B6D000002B06D080221205944663449B00002074
:10B6E00009E00023FBE71B88002B0FD08022120506
:10B6F000944663449B00364A934209D09A78092ABB
:10B70000F1D15A79122AEED10130ECE70023F2E7A9
:10B71000142804DDE0BCBA46B146A846F0BDCE0C04
:10B7200062792C49D3009B1ADB00CB181A6A82235A
:10B73000DB00CB58D21853009B18DD0FED186D10AD
:10B740008023DB029C466544E368984680231B0106
:10B75000F318214F5A00D15B1B01802252029246FE
:10B760001340C91A2800E6F76CFA80442369994609
:10B770007300DB5B310152461140591A2800E6F78D
:10B7800060FA01004944626980231B039C466244BD
:10B790001223404604F0B4FD05000269C16803F0BD
:10B7A000B7F800280DD02000FEF736FA0400280074
:10B7B000FEF732FA4C23E25AC2522800FFF706FF86
:10B7C000A8E7064B22002100280001F0C9FDA1E7EF
:10B7D000141A032054A20410FCE9031010270000DF
:10B7E00010B50400FEF718FA4C23C35A002B00D101
:10B7F00010BD2000FEF7AEFF2000FEF70DFAC16A73
:10B800002000FFF75DFFF3E710B504004179174B07
:10B81000CA00521AD2009B18997E3D2904D83B29B0
:10B8200010D200291CD013E00B003E3BDBB2012BF1
:10B830000ED8FDF74DFCC30FC01801210140C91AF5
:10B840003E3105E0FDF744FC0321EFF721F83B31E1
:10B850006379132B01D0152B03D100200FF0FCFAD4
:10B8600010BD20000FF0A2FBFAE7C04654A204105E
:10B8700010B51F210FF09AFB10BD000010B54179E3
:10B88000054BCA00521AD2009B18197C002900D11E
:10B8900010BD0FF08BFBFBE754A20410836902225A
:10B8A000934383617047000030B585B00500FFF712
:10B8B000F5FF194B1C88002C22D080231B059C46C9
:10B8C0006444A40008E023880024002B04D08022D4
:10B8D0001205944663449C000F4B9C4212D0A378FF
:10B8E000092BF0D1AC42EED062796B799A42EAD161
:10B8F0002000FEF791F92422835E002BE3DD08E0AF
:10B900000024E9E7054B6A46138103216846FDF7E9
:10B910007FFE05B030BDC046141A03209A02000015
:10B9200010B50400FFF7BAFF2000FEF775F9C16AF1
:10B930008023DB059C4661442000FFF7C1FE200008
:10B94000FEF76AF9C16A80231B069C466144200009
:10B95000FFF7B6FE2000FEF75FF9C16AC0231B06A1
:10B960009C4661442000FFF7ABFE10BD10B50400FB
:10B97000FEF752F94C23C15A002909D080231B0538
:10B980009C46614489008022200003F045FC10BDE4
:10B990000021F8E770B584B005004C4B1E78022EEC
:10B9A00006D04079FEF7A8F8002867D000230CE005
:10B9B000474B1B785BB2072B60D14379082B1DD016
:10B9C000142B5BD1002300E00133032B0ADC414A36
:10B9D000D25C002AF8D0404AD42159435218126A46
:10B9E000002AF1DD042B49D03C4B1C88002C24D0CC
:10B9F00080231B059C466444A4000AE00023E4E77E
:10BA000023880024002B04D080221205944663442E
:10BA10009C00324B9C4212D0A378092BF0D1AC424F
:10BA2000EED062796B799A42EAD12000FEF7F4F801
:10BA30002422835E002BE3DD20E00024E9E7022ED0
:10BA400015D0274B1B785BB2012B2ED0042B13D1C2
:10BA50001F4B1B785BB2062B2FD0082B0CD1214B30
:10BA60006A4613810121684600F0E6FB06E0184BA8
:10BA70001B785BB2072B03D0FAF7A8FB04B070BDAC
:10BA80006B79082B09D0142BF6D1174B6A4613811A
:10BA90000521684600F0D0FBF0E7124B6A4613819F
:10BAA0000121684600F0C8FBE8E70E4B6A461381A7
:10BAB0000121684600F0C0FBE0E70A4B6A461381AB
:10BAC00006216846FDF7A4FDD8E7C04655250020AD
:10BAD000F22E03204407032048070320141A0320F2
:10BAE000F12E03209A0200009B02000010B5040012
:10BAF00054210FF05BFA2000FEF700FD10BD10B5D9
:10BB0000040055210FF052FA2000FEF7F7FC10BD9B
:10BB100010B504004F210FF049FA2000FEF7EEFCAB
:10BB200010BD10B5006805210FF040FA10BD10B52A
:10BB3000006807210FF03AFA10BD70B504000D003F
:10BB4000006806210FF032FA2900200006F0DCF828
:10BB500070BD000070B51A4B00221A70194B1A7094
:10BB6000194B1C88002C05D080231B059C4664447F
:10BB7000A40009E0002407E02488002C19D08023C9
:10BB80001B059C466444A4000F4B9C4213D0A37831
:10BB9000092BF1D163791B2BEED1094E0025755786
:10BBA0002000FEF719F8094B6A00985201353570EC
:10BBB000E2E70024E8E7602100200FF04DF970BDB6
:10BBC000232F0320C92E0320141A0320242E012022
:10BBD00010B5612100200FF03FF910BDF8B5070046
:10BBE000C6681D4B9C46664403E080231B039C46AD
:10BBF0006644FB68194A94466344B34226DB3C69B9
:10BC0000174B9C466444FDF763FA420480322123BB
:10BC10002100300004F074FB0400FDF759FA050020
:10BC20002000FDF7F9FF6D0285640E49200004F045
:10BC30007FFCFDF74DFA0723184023791B1A5BB2EE
:10BC40002371002BD1DC01232371CEE76221002078
:10BC50000FF002F9F8BDC04600003CFFFFFF3F01B6
:10BC60000000C0FE1F03000070B50400C568FDF7AA
:10BC700055FAC0022D182469FDF72AFA42048032D1
:10BC800021232100280004F03BFB0400FDF720FAEB
:10BC900005002000FDF7C0FF6D0285640849200003
:10BCA00004F046FCFDF714FA072303402079C01A7C
:10BCB00040B22071002800DD70BD01232371FBE735
:10BCC0001F03000010B5FAF781FA10BDF8B50600A1
:10BCD0002D4A116801234B4013602C4B1B785BB23B
:10BCE000012B4BDD2A4B2B4A127852B25200D45A08
:10BCF000002C46D080231B059C466444A400264BA0
:10BD00001B785BB2002B00D100BE224D00202856CC
:10BD10000130214B00215956EEF7BAFD29701C2243
:10BD20002100300005F0B6FA0500FDF775FF0700A9
:10BD30002000FDF751FF4C23F85224693369E41ABF
:10BD40002800FDF769FF416C2000EEF7A1FD04001B
:10BD5000EA8853009B189B0010481818FBF77EFDDB
:10BD600001002000EEF794FD04002800FDF754FFC9
:10BD70002123C4545E200FF020F9F8BD0129B1D170
:10BD8000FBE70024BBE7C0465C3D0120F42E032006
:10BD9000242E0120C92E0320232F03204CC0041081
:10BDA00070B50400FDF738FF2122835C013BDBB254
:10BDB0008354002B00D070BD2000FDF72DFF4C23D5
:10BDC000C05A002828D080231B059C466044800070
:10BDD00005F034FA050042690169C0681D2304F0CA
:10BDE0008FFA23210FF0E2F8FDF772F9312815DD03
:10BDF000592828DD772828DD812828DD9F2828DD9F
:10BE0000A12828DDAB2828DDBF2828DDDD2828DD96
:10BE1000F52828DC112302E00020D9E70B236A690A
:10BE20002969E86804F06CFA05000121FEF766FA5A
:10BE300000281AD12A69E968280002F095FB200041
:10BE400004F03AFBB7E70C23E9E70D23E7E71623F5
:10BE5000E5E70E23E3E70323E1E70523DFE7142308
:10BE6000DDE70823DBE70F23D9E76979044BCA0034
:10BE7000521AD2009B18D988280004F059FBD9E740
:10BE800054A2041010B504005F210FF08FF82000B9
:10BE9000FFF786FF10BD000010B50400094B1B78AA
:10BEA000022B04D0392120000FF080F810BDFDF7DF
:10BEB000B3FE2422835E323301DB3921F3E73A21DA
:10BEC000F1E7C04655250020827AC37A1B0213434E
:10BED0001B041B145A1C0ED0084A10685A00D318B1
:10BEE0009B00074A1268D3180A229A5ED3009B1857
:10BEF0009B00C01870470020FCE7C046C412032016
:10BF000034140320027B437B1B0213431B041B14CA
:10BF10005A1C0ED0084A10685A00D3189B00074AD2
:10BF20001268D3180A229A5ED3009B189B00C0188F
:10BF300070470020FCE7C046C412032034140320DD
:10BF400010B58B0402D48913018010BD024B034A43
:10BF50000348B821EDF78EFA68A60310A0F104108B
:10BF600088A6031010B58B0404D4038889135B18CA
:10BF7000038010BD024B034A0348BC21EDF77AFA57
:10BF8000C4A6031084F1041088A6031010B58B0416
:10BF900002D48913418010BD024B034A0348C021DB
:10BFA000EDF768FA68A6031068F1041088A603107C
:10BFB00010B58B0404D4438889135B18438010BDEB
:10BFC000024B034A0348C421EDF754FAC4A60310F8
:10BFD0004CF1041088A6031010B500280FD0094AB0
:10BFE000094BC318934204D8830702D18003000C85
:10BFF00010BD064B064A0748CC21EDF73BFA00205E
:10C00000F6E7C046FCFF0300FCFFFFDFDC4A03103D
:10C010003CF1041020910310F8B504001D00069BAC
:10C02000002B04D0012B5FD000263000F8BD079B09
:10C03000013304D0079B012B2AD00026F5E700230B
:10C04000C75EBB035B1A93420BDB4942FFF78AFFD3
:10C050002900200003F01CF90600012812D0002658
:10C06000E3E71100FFF76CFF2900200003F010F94F
:10C07000012801D00226D8E727802900200003F0FC
:10C0800007F9F7E727802900200003F001F9CCE742
:10C090000023C75EBB035B1893420ADCFFF762FF15
:10C0A0002900200003F0F4F80600012812D0002631
:10C0B000BBE71100FFF744FF2900200003F0E8F878
:10C0C000012801D00226B0E727802900200003F0D4
:10C0D000DFF8F7E7012D01D12E00A6E72780290020
:10C0E000200003F0D5F8A0E7079B013304D0079B9D
:10C0F000012B2ED0002698E70223C75EBB035B1AF4
:10C1000093420BDB4942FFF753FF2900200003F065
:10C11000BFF80600012812D0002686E71100FFF7BD
:10C1200035FF2900200003F0B3F8012801D00226D2
:10C130007BE767802900200003F0AAF8F7E7012DCC
:10C1400001D12E0071E767802900200003F0A0F8DC
:10C150006BE70223C65EB3035B18934207DCFFF76D
:10C1600027FF2900200003F093F800265DE7110067
:10C17000FFF70CFF2900200003F08AF8012801D006
:10C18000022652E766802900200003F081F8F7E7D5
:10C1900030B583B0040043798269C1698068E5687D
:10C1A000019500250095FFF737FF0500214B1B681F
:10C1B0005B0703D0022D07D003B030BDA0681C3050
:10C1C00016210EF049FEF5E7A3680022DA82E36843
:10C1D000012B0AD001331AD020000AF08BFEA06890
:10C1E0001C3013210EF038FEE6E723790B2BF3D138
:10C1F000A16823691F321A4092008B797C20834307
:10C2000013438B711423E25EA368DA71E4E72379A8
:10C21000062BE1D1A16823691F221A4092008B7975
:10C220007C20834313438B711423E25EA368DA718D
:10C23000D2E7C04698F30220F0B5DE4657464E4698
:10C240004546E0B583B080460F00002601246442D5
:10C250002100404609F0CAFA041E00DAD3E1C44BBB
:10C260001D68E3001B199B00ED18EB8A002BEFD132
:10C2700006212020E6F7E4FB06000AF015FE300058
:10C28000FFF7AAFEE8820723B370377100237371AA
:10C290000C2F00D9B3E1BB00B64AD3589F46012307
:10C2A0005B42F360B56080235B02F361280009F014
:10C2B000DBF9B0610126CBE701235B42F360B56097
:10C2C00080235B02F361280009F0A4F9B061012624
:10C2D000BEE701235B42F360B5608023DB02F361BC
:10C2E000280009F0C1F9B0610022AB5E9B039842BF
:10C2F00000D186E180231B039C466044B061012687
:10C30000A6E7012373710123F360B56080235B020C
:10C31000F361280009F018FAB0610222AB5E9B03BA
:10C32000984200DDB361B369092F04D000229B1A43
:10C33000B36101268CE780221203F8E70123F36042
:10C34000B5608023DB02F3610023E95E89032800E6
:10C3500009F0B4F9B06101267AE70123F360B56012
:10C3600080235B02F3610023E95E8903280009F062
:10C37000A5F9B06101266BE70123F360B560802366
:10C380005B02F3610022AB5E9B03C0225203944622
:10C390006344B36101265BE70123F360B56080234A
:10C3A0005B02F3610022AB5E9B0380229204944601
:10C3B0006344B36101264BE70123F360B56080233A
:10C3C0005B02F3610022AB5E9B03C02252039446E2
:10C3D0006344B3614046FFF777FDC379EB71404694
:10C3E000FFF772FD83795B06DB0E9B00AA797C2147
:10C3F0008A431343AB7101262AE70123F360B5603A
:10C4000080235B02F3615C4B9B460023994631E03D
:10C4100002210CF08BFCC243D20F41E002215046B6
:10C420000CF084FC43001B185B0046E002215046E0
:10C430000CF07CFC43001B185B0050E002210CF068
:10C4400075FCC243D20F5BE0022150460CF06EFC3B
:10C4500043001B185B0060E0022150460CF066FCB4
:10C4600043001B185B005B449B781B049B46012325
:10C470009C46E144AB894B4562DD4946200009F00A
:10C4800095F80028F3D000224946200009F032F840
:10C490008246030006229A5E502AB9DDD243D20FAB
:10C4A000002A20D0354B1B680193534606229A5E22
:10C4B000502AB3DD53009B185B00019A94466344F5
:10C4C0009B781B045B450EDA2C4B1B689B4653463E
:10C4D00006229A5E502AA9DD53009B185B005B443C
:10C4E0009B781B049B4601224946200009F002F874
:10C4F0008246030006229A5E502A9FDDD243D20F65
:10C50000002AB4D01D4B1B680193534606229A5E45
:10C51000502A99DD53009B185B00019A94466344AE
:10C520009B781B045B45A2DA144B1B689B46534661
:10C5300006229A5E502A8FDD53009B185B0092E71B
:10C54000B36800229B5E9B035B44B36101267FE6D8
:10C5500001235B42F360B56080235B02F361280036
:10C5600009F058F8B061EB79B3820023994616E0E0
:10C57000C412032008F10410FFFFFF7F402A0320AC
:10C5800001224946200008F0DFFF05000022835EFB
:10C590009B03B269934228D001239C46E144AB89B6
:10C5A0004B452ADD4946200009F000F80028F3D069
:10C5B00000224946200008F09DFF0A22835EA34224
:10C5C000DED000224946200008F0BEFF0500002210
:10C5D000835E9B03B2699342DED1C379B3828379D0
:10C5E0005B06DB0E3361012632E6C379B3828379C1
:10C5F0005B06DB0E336101262AE6012628E60126CA
:10C6000026E6012624E6300003B0F0BCBB46B24665
:10C61000A946A046F0BDC046F0B5DE4657464E4698
:10C620004546E0B585B0002301939B460024013BBD
:10C6300098460E00050065E08023DB01019380230E
:10C640001B039B468AE00136BB89B34255DD3B8B19
:10C650009B194F4A12685B009A5AD3009B1A5B00E1
:10C660004C4A1468E41823795B07ECD52000FFF7E7
:10C670002BFC494B1D68401B8010C3001B1A9A01FC
:10C680009B18DB001B18DA03D31ADB001B18984534
:10C69000D9D12000FFF736FC451BAD10EB005B1B2A
:10C6A0009A019B18DB005B19DA03D31ADB005D19D2
:10C6B000C3799A45C7D1D944C38A002BC3D104009A
:10C6C00006212020E6F7BCF906000AF0EDFB300059
:10C6D000FFF782FCE0820723B370063BF360B4608F
:10C6E000019AF2614A46B2610022327173712700E9
:10C6F000A846002B03D00026A6E70023F9E7029DF9
:10C70000039E01244146280009F070F88046002865
:10C7100035DB214B1F684346DB0043449B00FF1879
:10C72000FB8A002BEED106212020E6F789F90400D0
:10C730000AF0BAFB2000FFF74FFCF8820723A37032
:10C74000063BE360A760002E00D175E7012E05D1FE
:10C750008023DB02019380235B039B46019BE36103
:10C760000022BB5E9B035B449946A36100232371B7
:10C7700001336371FB799A4602950396BBE720006B
:10C7800005B0F0BCBB46B246A946A046F0BDC046C7
:10C79000A8F70220B0F70220C412032010B5826966
:10C7A000054B1A4200D110BD044B054A7C210548B7
:10C7B000FF31ECF75FFEC046010000107467031004
:10C7C0007CF204108C67031010B58269074B1A4283
:10C7D00007D04179064BCA00521AD2009B18586AFA
:10C7E00010BDFFF7DBFFC06BFAE7C0460100001089
:10C7F00054A2041010B500280FD0094A094BC318E1
:10C80000934204D8830702D18003000C10BD064B6D
:10C81000064A0748CC21ECF72DFE0020F6E7C0467B
:10C82000FCFF0300FCFFFFDFDC4A03106CF2041086
:10C830002091031070B50300052975D0042900D993
:10C8400000BE08001A308000C45808001E30800066
:10C85000C05884426AD0002A22D03B4D8E007559C0
:10C860006A433A4D2D786DB2002D01D0042D00D1D0
:10C870005200A2180D001A35AD00EA50904200DABD
:10C88000E850002C54D102293FD012D8002921D0E1
:10C8900001290CD15C229A5C012A2DD9080048E0BC
:10C8A000294A8D00AD58EA0F52195210D9E70120DC
:10C8B0003FE003290CD15C229A5C002A40D162320D
:10C8C0009A56002A3ED05D2204219954012030E07E
:10C8D00001202EE05C229A5C002A2BD161329A560C
:10C8E000002A04D05D2203219954012021E05D2219
:10C8F0000121995401201CE060229A56002A1BD085
:10C900005D2202209854080013E05C229A5C012A00
:10C9100001D901200DE063229A56002A0ED05D2233
:10C9200005219954012004E0002002E0002000E0ED
:10C93000012070BD0120FCE70800FAE70120F8E7BC
:10C940000120F6E70120F4E7A0270020F42E0320C1
:10C9500070B506000D001400344B1B78002B39D045
:10C96000334B1B785BB2022B34D0002A32D14218F1
:10C970005E32127852B2002A55D1A82142580632AE
:10C98000425042195E32A7391170002B14D0294A47
:10C990006B005B199B00995C0522FFF74BFF5D2341
:10C9A000F554254B00229A56D4235343234A9B180F
:10C9B000B3420AD0200033E01E4A6B005B199B0093
:10C9C000995C0222FFF736FFE9E7212100200EF0F3
:10C9D00043FAEFE7174A6B005B199B00995C052946
:10C9E0000BD0002C04D001223000FFF723FF05E01C
:10C9F00002223000FFF71EFF00E0002073195E33B3
:10CA00001B785BB2002B0CD173195E3301221A70B4
:10CA10005D23F5545C3B1843C0B2431E9841C0B23D
:10CA200070BD0023F7E72000FAE7C046182F032067
:10CA3000DD2E0320A49B0410D22E032048070320E0
:10CA400010B5036A632B0CDC5B180362642B01DDF9
:10CA500064230362046A0068FFF7A0FE8484012057
:10CA600010BD0020FCE764234B43426A9A4203DA7C
:10CA700081624362012070470020FCE74318443381
:10CA80001B78002B06D1A8330622C2504018443030
:10CA9000A73B03707047000070B505000C00052926
:10CAA0002FD88B001F4AD3589F460A34A40004197C
:10CAB0001D4B6360012070BD0A34A40004191B4B98
:10CAC0006360026891698023DB020B43936101205C
:10CAD000F1E70A34A4000419154B63600120EAE76A
:10CAE0000A34A4000419114B63600120E3E76421B8
:10CAF000FFF7A6FF0A34A4002C190123636001206C
:10CB0000D9E723000A339B00EB185B68002B06D1A2
:10CB10000A34A4002C19012262600120CBE7002016
:10CB2000C9E7C046B8F104101A0400003408000038
:10CB30006810000070B506000C0045694B69ED1ADD
:10CB40000800FFF741FEA84202DBC84B9D4200DA15
:10CB500070BD2000FFF722FE4E23C45A002C17D0D0
:10CB600080231B059C466444A4002422835E002B82
:10CB7000EEDDF188BE4A4B005B189B009B5C373BA7
:10CB8000DAB2262A00D995E29300BA4AD3589F46D2
:10CB90000024EAE701212000FFF765FF0028D7D035
:10CBA000B54BA022A35020251AE002212000FFF758
:10CBB0005AFF0028CCD0B14BA022A35020250FE073
:10CBC000236A01332362C82B01DDC8232362256A4F
:10CBD0002068FFF7E3FD8584A94BA022A350202500
:10CBE000B3691B0203D59822A3580133A350300028
:10CBF00003F062FCA822A3580633A350A14B0022E5
:10CC00009A56D4235343A04A9B18A342A0D129008B
:10CC100000200EF021F99BE7636A01336362C82BA1
:10CC200001DDC8236362A36A002B01D10133A36233
:10CC3000964BA022A3502025D2E7236A64332362B7
:10CC4000C82B01DDC8232362256A2068FFF7A6FDF3
:10CC500085848F4BA022A3505D25C1E78D4B1B78A7
:10CC6000022B00D074E7C82525622068FFF796FDE7
:10CC7000858402212000FFF7F6FE874BA022A350F7
:10CC80006B3DADE74423E35C002B02D1834BA02234
:10CC9000A35000212000FFF7F1FE814B1B78002BF1
:10CCA00000D055E720259BE74523E35C002B02D10C
:10CCB0007C4BA022A35001212000FFF7DFFE784B20
:10CCC0001B78002B00D043E7202589E74623E35C4F
:10CCD000002B02D1744BA022A35002212000FFF7A9
:10CCE000CDFE6F4B1B78002B00D031E7202577E776
:10CCF0004723E35C002B02D16C4BA022A3500321FD
:10CD00002000FFF7BBFE664B1B78002B00D01FE70F
:10CD1000202565E74823E35C002B02D1644BA02269
:10CD2000A35004212000FFF7A9FE5D4B1B78002BC8
:10CD300000D00DE7202553E74923E35C002B02D107
:10CD40005C4BA022A35005212000FFF797FE544B17
:10CD50001B78002B00D0FBE6202541E70A212000AC
:10CD6000FFF76EFE002800D1F2E6534BA022A3503D
:10CD7000202535E719212000FFF762FE002800D1A9
:10CD8000E6E6236A182B04DC4C4BA022A350202596
:10CD900026E74B4BA022A350202521E700212000AD
:10CDA000FFF77AFE002800D1D2E6464BA022A3501E
:10CDB0005D2515E701212000FFF76EFE002800D158
:10CDC000C6E6414BA022A3505C23E35C002B00D1BC
:10CDD00073E15D230022E2545D2501E7022120007A
:10CDE000FFF75AFE002800D1B2E6384BA022A3502C
:10CDF0005D25F5E603212000FFF74EFE002800D157
:10CE0000A6E6334BA022A3505D25E9E604212000CD
:10CE1000FFF742FE002800D19AE62E4BA022A35035
:10CE20005D25DDE605212000FFF736FE002800D154
:10CE30008EE6294BA022A3505D25D1E6B3699B0362
:10CE40000CD5002200212000FFF7F4FC002800D1BF
:10CE50007EE6224BA022A3502025C1E6012200211C
:10CE60002000FFF7E7FC0028F3D171E60000F8FF8F
:10CE70004CC00410D0F10410E4A60310FCA603106B
:10CE800018A70310D22E03204807032034A703104D
:10CE900050A703105525002060A703106CA70310AE
:10CEA000182F032088A70310A4A70310C0A70310FE
:10CEB000DCA70310FCA7031018A8031030A8031068
:10CEC0005CA8031074A8031088A8031094A803108A
:10CED000ACA80310C8A80310DCA80310F8A803101E
:10CEE000052200212000FFF7A5FC002800D12FE635
:10CEF000734BA022A350202572E6012203212000BB
:10CF0000FFF798FC002800D122E66E4BA022A35028
:10CF1000202565E6052203212000FFF78BFC002871
:10CF200000D115E6684BA022A350202558E6012227
:10CF300002212000FFF77EFC002800D108E6634BA9
:10CF4000A022A35020254BE6052202212000FFF756
:10CF500071FC002800D1FBE55D4BA022A3502025E9
:10CF60003EE6012201212000FFF764FC002800D1E9
:10CF7000EEE5584BA022A350202531E605220121E1
:10CF80002000FFF757FC002800D1E1E5524BA0221A
:10CF9000A350202524E64A23E35C002B0ED0002575
:10CFA00014E013001E339B00195949001951013236
:10CFB000032AF6DD4A230122E254F0E70022F7E7D4
:10CFC000E9B201222000FFF735FC0135032DF7DD22
:10CFD000424BA022A350202502E600220621200079
:10CFE000FFF7B6FC002800D1B2E53D4BA022A350CC
:10CFF0002125F5E5B26980239B021A40531E9A4110
:10D00000D2B203212000FFF7A3FC002800D19FE546
:10D01000344BA022A3502125E2E500220721200065
:10D02000FFF796FC002800D192E52F4BA022A350D9
:10D030002125D5E5002204212000FFF789FC0028E6
:10D0400000D185E5294BA022A3502125C8E5002267
:10D0500005212000FFF77CFC002800D178E5244B57
:10D06000A022A3502125BBE5B26980239B021A4070
:10D07000531E9A41D2B202212000FFF769FC00281A
:10D0800000D165E51B4BA022A3502125A8E5B2697C
:10D0900080239B021A40531E9A41D2B208212000DD
:10D0A000FFF756FC002800D152E5134BA022A350F5
:10D0B000212595E500BE202592E55D2590E5C04639
:10D0C0000CA9031028A903103CA9031058A90310A8
:10D0D00074A9031094A90310B0A90310D4A90310D4
:10D0E000F8A9031018AA031030AA031050AA0310BD
:10D0F00070AA031088AA0310A0AA031070B5050037
:10D100000C008A698E4B13408B614B79122B02D035
:10D110008C4B1A408A61A2698B4B1343A361200098
:10D12000FFF73CFBC36B9B10C363002D43D028006B
:10D13000FFF734FB4E23C35A002B3CD0A2695202A6
:10D1400008D580221205944663449B0094215A58C6
:10D1500001325A502000FFF721FB4E23C65A002E01
:10D1600035D02800FFF71AFB4E23C15A002920D0E2
:10D1700080231B059C466144890080231B05F3180E
:10D180009B00724A9B1A9B109A00D2181002801AB8
:10D190004002C01A0201121AD200D2185200D3184B
:10D1A0001A01D31A12339B00C9184B6801334B6024
:10D1B0000DE00021E1E7664B1B78002B07D1A36946
:10D1C0005B0204D5614994228B5801338B502000B7
:10D1D000FFF7E4FA4E23C35A002B37D0002D6AD054
:10D1E000A36902229343A3612000FFF7D7FA4E23DD
:10D1F000C35A002B00D17BE0802212059446634481
:10D200009B0001221A712000FFF7C8FA4E23C05A72
:10D2100000286FD080231B059C466044800004F0EA
:10D22000EDFC2000FFF7BAFA4E23C35A002B63D05F
:10D2300080221205944663449B00464A00215156C1
:10D24000D4224A43414952189A4257D02000FFF74E
:10D25000A5FA2423C15E60793F4BC200121AD200A6
:10D260009B1804229B5E5B42994207DA3A4BC2004C
:10D27000121AD2009B18198B002946D1364BC200D6
:10D28000121AD2009B18D98A200003F051F9FBF73B
:10D290001FFF032303402079C01A40B220710028E9
:10D2A00037DD63790A2B3BD036D8012B45D0022BD2
:10D2B00042D14D2335E080221205944663449B0001
:10D2C0002248181A8010820012181102891A490285
:10D2D000091A0A01521AD20012185200121811012A
:10D2E0008A1A123292009B185A6801325A6077E704
:10D2F000002386E7002092E700239EE7174B1B7868
:10D30000002BA3D0F5F7E4FCA0E7200003F010F910
:10D31000BDE701232371C4E7172B0DD1283300E0AB
:10D32000492380222169E068120602F0E9FF826940
:10D3300080239B021343836170BD3F23F1E7C04606
:10D34000FBBFFFFEFBBDFFFE0004100048070320EB
:10D35000182F0320D22E032054A20410C42E032021
:10D36000F0B5DE4657464E464546E0B583B004006C
:10D370008A4617001D008669730706D403B0F0BC07
:10D38000BB46B246A946A046F0BDFFF707FA2422E5
:10D39000835E002BF2DDF60100D51DE12000FFF7D2
:10D3A000FDF94E23C65A002E00D120E180231B0533
:10D3B0009C466644B600B34B1B785BB2002B00D191
:10D3C0006D105346002B5ED0A369DB045BD4002FA5
:10D3D0000FD03800FFF7E2F94E23C35A002B08D0D4
:10D3E00080221205944663449B005C229B5C072BC1
:10D3F00049D02369E268514609695046C0680BF07C
:10D40000B5F88046AB005B199A009B18D803617988
:10D410009D4BCA00521AD2009B18996AEDF738FA50
:10D420008146272D00DCE4E04346DB0C9846802350
:10D430001B01434495495A008A46515A1B018022D8
:10D44000520293461340C91A4846E4F7FAFB01908A
:10D450002000FFF7A3F9036C019A94466344036428
:10D4600043465B005246995A43461B015A461340B5
:10D47000C91A4846E4F7E5FB80462000FFF78EF91D
:10D48000436C43444364002E49D02289D3009B1847
:10D490009B007F4A1268D3189A797C2313402C2B67
:10D4A00000D1C4E0FA239B009D4208DA8C23F35894
:10D4B0009B0700D562E7F36A002B00D05EE7B36AF2
:10D4C000002B0ED0012B00D1BBE0E80F401940101B
:10D4D000736A834202DC0022B26218001B1A736274
:10D4E0002D1A336A5B1B336200D5AFE0AC23F750D3
:10D4F000A422B3585B19B350642B02DDA423403A35
:10D50000F2502A00642D00DD6422624B002159563E
:10D51000D4234B4360495B18B34200D199E020000B
:10D52000FFF73CF9838C5B1B83842000FFF736F9FF
:10D530002422835E002B00DC92E0FBF7C9FD6179B9
:10D54000514BCA00521AD2009B180E229B5E984281
:10D5500003DAA369DA0100D487E02000FFF71EF99F
:10D5600021230022C2542000FFF718F905002323CD
:10D57000C356002B03D06379032B00D0FEE6002FA7
:10D5800000D1FBE6BC4200D1F8E67B79032B00D149
:10D59000F4E63800FFF72EF94C23E8522000FFF79D
:10D5A000FDF823236422C254E0886179364BCA0017
:10D5B000521AD2009B185B88984200D0DEE6324BAC
:10D5C000CA00521AD2009B18D988002900D1D5E68A
:10D5D000200002F0ADFFD1E6002686642000FFF7B0
:10D5E000DDF846642000FFF7D9F80664D6E6002689
:10D5F000E7E62000FFF7D2F82422835EAB4200DB8F
:10D6000012E76369524652699B1A8022D203934201
:10D6100000DC09E7FBF75CFDC00700D404E78023CA
:10D620001B069C46E0444B469B009946FCE62000C6
:10D63000FFF7B4F82422835EAB4200DD32E75D1EC3
:10D6400030E703212800EDF723F941E70023336297
:10D650004CE7143252000A212820E6F757FD5EE716
:10D6600021003800FFF74AFD88E640221343A361FA
:10D67000054BCA00521AD2009B189989200002F06B
:10D6800057FF6AE7F42E032054A20410FCE90310AC
:10D69000C4120320D22E03204807032010B5040033
:10D6A0008368013B8360002B00D010BDFBF710FDA9
:10D6B00003231840000162680421535E1B1A21698C
:10D6C0008B4203DA91800423A360EEE7E3681B1A20
:10D6D0009380F8E770B5050083797C2293438371CA
:10D6E00006211420E5F7ACF9040009F0DDFB04265F
:10D6F000A67065600422AB5EE3600423E95E280047
:10D7000008F094F810302061A66070BD10B50400D8
:10D710008368013B8360002B0CD143680422995E2F
:10D72000C268914207D09A80FBF7D2FC636903403C
:10D730000133A36010BD02699A80FBF7C9FCA3699D
:10D7400003400133A360F5E770B5050083797C22BF
:10D750009343837106211C20E5F772F9040009F058
:10D76000A3FB0523A37065600422AB5EE360042382
:10D77000E95E280008F05AF8206140236361393BD4
:10D78000A361FBF7A5FC636903400133A36070BD8F
:10D790008368013B8360002B08D143680422995EB3
:10D7A000C268914203D09A804369836070470269DE
:10D7B0009A8083698360F9E7F8B505000F001600C9
:10D7C00006211C20E5F73CF9040009F06DFB6560BB
:10D7D00067610523A3610133A3700422AB5E23615B
:10D7E0000423E95E280008F021F8E06023699842EC
:10D7F00008D0AB797C229343AB71002E05D0012376
:10D80000A360F8BD0023E360F3E7FBF761FC0723A7
:10D8100003400133A360F4E770B5050001246442BE
:10D820002100280007F0E2FF041E0DDB074B1868FB
:10D83000E3001B199B00C018C38A002BF0D1002203
:10D840002321FFF7B9FFEBE770BDC046C4120320E8
:10D85000F0B5C64600B506001C4B1C6800251EE04E
:10D860000137A389BB4216DD194B1868238BDB19DE
:10D87000184A12685B009A5AD3009B1A5B00C018C2
:10D88000210007F0B5FE0028EAD00422835E43455C
:10D89000E6DA9846E4E74346A380013524340E4B8C
:10D8A0001B88AB420EDD0A23E25E317A737A1B02DB
:10D8B0000B431B041B149A42EFD10422A35E98462B
:10D8C0000027CEE780BCB846F0BDC046C412032096
:10D8D000B0F70220A8F70220882E0320F0B5C64634
:10D8E00000B5060088461C4B1C6800251EE0013769
:10D8F000A389BB4216DD194B1868238BDB19184A24
:10D9000012685B009A5AD3009B1A5B00C018210072
:10D9100007F06EFE0028EAD00422835E4345E6DD70
:10D920009846E4E74346A380013524340D4B1B8819
:10D93000AB420EDD0A23E25E317A737A1B020B439F
:10D940001B041B149A42EFD14346002BEAD14746F1
:10D95000CEE780BCB846F0BDC4120320B0F7022069
:10D96000A8F70220882E032003695A1C02D0012B3D
:10D9700010D0704742689388083B93804268042126
:10D98000535E81688B42F4DC9BB2083393800123A1
:10D990000361EEE74268938808339380426804216C
:10D9A000535EC1688B42E4DB9BB2083B938001234A
:10D9B0005B420361DDE770B5040006211420E5F742
:10D9C0003FF8050009F070FA6C600423E15E200066
:10D9D00007F02CFFA8600422A35EEB600823AB7065
:10D9E000093B2B61A3797C229343A37170BD000096
:10D9F000827AC37A1B0213431B041B145A1C0ED0D9
:10DA0000084A10685A00D3189B00074A1268D318B6
:10DA10000A229A5ED3009B189B00C0187047002012
:10DA2000FCE7C046C412032034140320027B437B6E
:10DA30001B0213431B041B145A1C0ED0084A106807
:10DA40005A00D3189B00074A1268D3180A229A5E1C
:10DA5000D3009B189B00C01870470020FCE7C0460D
:10DA6000C41203203414032010B58269054B1A42F6
:10DA700000D110BD044B054A7C210548FF31EBF76E
:10DA8000F9FCC046010000107467031088F204100E
:10DA90008C67031010B58269074B1A4207D0417991
:10DAA000064BCA00521AD2009B18186A10BDFFF725
:10DAB000DBFF806BFAE7C0460100001054A204109F
:10DAC00070B5040083695B0701D4012070BDFFF7C6
:10DAD000E1FF05001A4B1E683000FFF7DBFF281836
:10DAE000E368184A12689B1ADA179B18534083425E
:10DAF0001EDA2369144A12689B1ADA179B185340DE
:10DB0000834217DAA64217D03000FFF7ADFF4E234D
:10DB1000C35A002B04D10D4B1B785BB21E2B0DD1C9
:10DB20000B4B320031002000FFF71AFC0120CDE73B
:10DB30000120CBE70120C9E70120C7E70020C5E7A6
:10DB4000281B03202C1B0320341B0320F22E032050
:10DB50001027000010B58269074B14001C401A42C0
:10DB600002D00024200010BDFFF77EFF4E23C35AD1
:10DB7000002BF7D00124F5E70100001010B58269F1
:10DB8000074B1A4207D04179064BCA00521AD200FD
:10DB90009B18586A10BDFFF767FFC06BFAE7C046D5
:10DBA0000100001054A2041010B51B4B1B68002B81
:10DBB00002D1194B194A1A60194B1B68C01A401040
:10DBC000C3001B189A019B18DB001B18DA039B1873
:10DBD000DB001B185B425A01D31A5B000E4A126825
:10DBE0009B18104A11680D290ED008DC0A00093A6A
:10DBF000032A0CD809390C4A89008B5010BD0E2914
:10DC000005D10A4A1370F9E7094A1370F6E7094883
:10DC1000EEF72EF9F2E7C0469C2C0120989CC0013B
:10DC2000B0F7022080040320001B03201F2F0320D5
:10DC3000D32E0320BCAA0310F8B504005E4BD868AD
:10DC40005E4B1968227863781B0213431B049B13F5
:10DC5000CD18CA5C6B781B0213431B0498420EDC80
:10DC6000A678E27812023243120492138F188E5C67
:10DC70007A78120232431204904200DC8CE04E4A61
:10DC8000926893420DDCA078E3781B0203431B04E7
:10DC90009B13CE18C85C73781B0203431B049A4283
:10DCA0007CDA454B1868AB78EA7812021A43120402
:10DCB00090420DDCA578E3781B022B431B049B13D9
:10DCC000CB189D78DB781B022B431B04984267DD41
:10DCD000394B586882420DDCA278E3781B0213436B
:10DCE0001B049B13CB189A78DB781B0213431B048D
:10DCF000984257DA3048210001F0B2FC013053D18C
:10DD00002000FFF793FE002850D02D4B1868836940
:10DD1000DB030FD4227963791B0213431B041D1408
:10DD2000DB0301D5002040E0FFF714FF002801D1FC
:10DD3000AD073DD4200001F0EFFE224B1B68224AC4
:10DD40001268934203DA204A1360204B1C60204B78
:10DD50001B68204A1268934201DD1E4A13601E4B65
:10DD60001B681E4A1268934201DA1C4A13602000A5
:10DD70000AF06CFE00281DD019490B68194A98005A
:10DD8000845001330B60082B01DC01200DE02000E2
:10DD9000FFF70AFF012008E0012006E0012004E06F
:10DDA000012002E0012000E00120F8BD0020FCE796
:10DDB0000020FAE70120F8E7001B0320F41B0320F2
:10DDC000281B0320D0040320101B0320CC3001208B
:10DDD000C80403201C1B0320B8F80220141B0320D6
:10DDE000800403202C170320F0B5C64600B50400BC
:10DDF0008669730703D1012080BCB846F0BDFFF7E8
:10DE000049FE05006F4B1F683800FFF743FE2818D6
:10DE1000E3686D4A12689B1ADA179B1853408342D5
:10DE200000DBC7E02369694A12689B1ADA179B185E
:10DE30005340834200DBBFE0A74200D1BEE0BB6994
:10DE4000DA010AD4DB033ED4F30700D5A3E00220B5
:10DE5000304043425841C0B2CEE7FBF739F9C3170F
:10DE60005B0FC01807250540ED1A0135554E316886
:10DE70004B79574FD800C01AC00038182C300023F7
:10DE8000C3566B430A002000FFF76AFA3468A3699F
:10DE9000504A1340A3612000FFF7E6FD002585648A
:10DEA0002000FFF7E1FD45642000FFF7DDFD05647C
:10DEB0006279D3009B1ADB00FF187988200002F0FA
:10DEC00037FB002098E77D69636998462000FFF7DB
:10DED00055FE4044854201DD01208DE73800FFF703
:10DEE0004DFE2D18A84501DD012085E73800FFF71C
:10DEF000BBFD4C23C35A002B0BD0802212059A186D
:10DF00009200527961798A420DD0112A09D00F2AE4
:10DF100014D0730715D40220304043425841C0B298
:10DF20006AE70F29F3D180221205944663449B00CF
:10DF30009C4245D00029ECD000205DE71129E8D1B2
:10DF4000F1E7FBF7C5F8C217520F8018072303400B
:10DF50009B1A01331B4A156868791D4AC100091ACA
:10DF6000C90052182C32002696575E432800FFF74E
:10DF70007BFD4C23C35A002B0BD080221205944604
:10DF800063449A00330029002000FFF7E9F90020DC
:10DF900032E70022F6E7022535400F4B1B681B05D0
:10DFA00003D46B425D41E8B226E739002000FEF75A
:10DFB000C1FDF6E701201FE701201DE701201BE757
:10DFC000012019E7281B03202C1B0320341B0320EE
:10DFD00054A20410FFFFFFFE181B032070B50400BD
:10DFE0000379002B00D100BEA5682B795B0719D4FB
:10DFF0001C4B1B681969D8682A0001F09DFA00289B
:10E000002BD12268184B1B689A4228DA174A1360F2
:10E01000174B184A116819602168134B1960156075
:10E02000002070BD280001F077FD0E4B1E68300007
:10E03000FFF7A4FD104B1B689842E2DC72690F4B9E
:10E040001B689B1A9842DCDC0D4B1B689B1AC02294
:10E0500052039342D5DC0120E3E70120E1E70020F1
:10E06000DFE7C04654140320AC2C0120BC1203206F
:10E07000C0120320B02C0120CC040320D0040320C4
:10E08000C8040320F8B504000579002D57D0856831
:10E090002B795B0702D400252800F8BD280001F089
:10E0A0003BFD494B1A68494B1B689A4201DB00252E
:10E0B000F2E72168464B1868E3F7C3FD0600280025
:10E0C000FFF7B4FC041E08D02800FFF791FC0023E2
:10E0D000C25E0021635E9A420DD03B4A3D4B106800
:10E0E0001B68C01A3100E3F7B1FD3B4B1B6883424C
:10E0F00001DA394B18602800FFF798FC041E08D09D
:10E100002800FFF775FC0223C25E0221635E9A427B
:10E110000DD02E4A2F4B10681B68C01A3100E3F750
:10E1200095FD2E4B1B68834201DD2C4B18602B4B59
:10E130001A68294B1B689A423FDC0025ACE78668C9
:10E14000274B1B68B3423AD0B3695B0701D4012562
:10E15000A2E701681E4B1868E3F773FD07007469B6
:10E160003000FFF70BFD24181A4B1868201A3900ED
:10E17000E3F76CFD0400184B1B68834201DD0125A9
:10E180008AE77069134B1B68C01A3900E3F75EFD1C
:10E19000124B1B68834214DBA34200DB23000E4AB0
:10E1A0001268824200DC02009B18DA0FD3185B1061
:10E1B0000C4A13600C4B1E606EE701256CE70125CD
:10E1C0006AE7012568E7C046C8040320D00403209D
:10E1D000942C01202C140320182E0120401B032016
:10E1E00028140320702C012034F80220F8B5DE46F4
:10E1F00057464E464546E0B504000579002D11D13D
:10E200008668984B1B68B34200D128E1B3695B076D
:10E2100000D5B5E001252800F0BCBB46B246A946B2
:10E22000A046F8BD856828000AF010FC002848D1F7
:10E230002B795B074BD424688B4B98461968802058
:10E24000C002E3F703FD241A884E3768B068210046
:10E25000E3F7F7FC3F1873689946F0682100E3F78D
:10E26000F0FC48440600824B1B68994643461968F7
:10E270002000E3F7E6FC01004846E3F7E2FC7D4BB3
:10E280001C6804192800FFF7B3FB037A7A4A127856
:10E29000904693420ED10222835E9B03A34200DA92
:10E2A000D9E02800FFF7C2FB002803D0037A984585
:10E2B00000D1D2E022003100380002F02BFF00250F
:10E2C000A9E7684B1868290007F000FDB0E72800AF
:10E2D00001F022FC2168644B1868E3F7B2FC0700E8
:10E2E0002800FFF7A3FB061E22D02800FFF780FBC3
:10E2F0000023C25E0021735E9A4234D12800FFF7EA
:10E3000077FB0223C65E2800FFF790FB0222835EA4
:10E310009E420BD0594A574B10681B68C01A3900EF
:10E32000E3F794FC524B1B68834284DC012572E7BF
:10E33000534A504B10681B68C01A3900E3F786FC3B
:10E340004B4B1B68834200DA75E74C4A494B106817
:10E350001B68C01A3900E3F779FC454B1B68834200
:10E3600000DD68E7E2E7464A424B10681B68C01AC6
:10E370003900E3F76BFC3E4B1B688342BEDA5AE779
:10E380000168394B1868E3F75CFC80467769300018
:10E39000FFF7F4FB3F18374B1868381A4146E3F78C
:10E3A00055FC334B1B68834201DD012533E770695F
:10E3B000304B1B68C01A4146E3F748FC2C4B1B68E6
:10E3C000834201DA012526E72768274B9A46196818
:10E3D000A0200003E3F73AFC3F1A244B98461B6841
:10E3E0009946434698683900E3F72BFC814443463D
:10E3F0005B689B464346D8683900E3F722FC5844E3
:10E4000080461B4B1B689B46534619683800E3F750
:10E4100018FC01005846E3F714FC164B1A688218E2
:10E42000A3689B691B030FD54146484602F072FE64
:10E43000144B1B68002B00D1EDE60A4A11680A0054
:10E440003000FEF78DFFE6E60E4B1B68414648465E
:10E4500002F08EFEECE70025DDE60025DBE6012577
:10E46000D9E6C04628140320942C0120601B032009
:10E47000702C01202C1403203F2F0320D0040320F4
:10E48000C804032058F2022010B5040080680AF086
:10E49000DDFA00280FD1A06801F03EFB0F4B1B688E
:10E4A000002B01DD012017E00D4B186851210CF005
:10E4B0007DFD002010E00A4B1B68A2681969D8682E
:10E4C00001F03AF80200012800D00022A168044BB4
:10E4D000186808F089F8002010BDC046CC0403205D
:10E4E000E81B0320F8B5040083695B0720D5437956
:10E4F000152B1DD0132B1BD0C568184B1E68F36855
:10E50000ED1A036932699B1ADA179B185340EA1710
:10E51000AD1855409D4200DA1D002000FFF7BAFA01
:10E520002D1A2F14002D05DB0D4B1B78BB4203DC8D
:10E530000120F8BD0027F7E73100200006F0D0FEEB
:10E540000028F5D0064B1B78DB1B064A12680349EE
:10E5500009682000FEF704FFEAE7C046102D0120FD
:10E56000C72E03200C2D0120F8B5DE4657464E4637
:10E570004546E0B580468A469346584B1860826906
:10E58000574B1A60574B1960574B5A461A60FFF7A2
:10E5900081FA5844554C20604046FFF77BFA5B46B1
:10E5A000181A60604046FFF775FA5044E060404634
:10E5B000FFF770FA5346181AA060594650460AF001
:10E5C00041F94B4B00221A604A4B196800884300FE
:10E5D0001B189B0048480068C0188579C3791B0246
:10E5E0002B431B041D145B135B1B5B00434D2D6809
:10E5F000ED18067A437A1B0233431B041B140433C1
:10E600005B00ED18A878EB781B0203431B04181479
:10E61000DB131B189B003A480068C3180A20185ED9
:10E62000C3001B189B00C818CB5E9B0335490B60C9
:10E6300035490B600221435E9B0334490B6034492A
:10E640000B7801330B70334B1A60A568324B1A6894
:10E65000AD1A324B9C466544ED15E3689B1A802247
:10E66000920394466344DB15994667682C4B1B68FC
:10E67000FF1A2A4A94466744FF152668F61A802333
:10E680009B039C466644F6154D4513DC3C0000E0B8
:10E690000134B4420CDC234A2100280001F060FC64
:10E6A0000028F5D1F0BCBB46B246A946A046F8BD4D
:10E6B0000135E9E74046FFF7D7F9134B1B680363C1
:10E6C0004046FFF7D1F9114B1B6843635A46514648
:10E6D000404601F07DFB0120E4E7C046281B0320F3
:10E6E000181B03202C1B0320341B0320001B0320BA
:10E6F000CC300120C4120320C8120320B0F702203E
:10E7000034140320141B03201C1B0320101B0320A4
:10E71000F427002080040320C42C01200000E0FF27
:10E72000C82C0120C1DA0110F0B5C64600B50500BD
:10E730000E001700624B18608369624C2360624BC5
:10E740001960624B1A60FFF7A5F9C019604B984633
:10E7500018602800FFF79EF9381A434658602800D1
:10E76000FFF798F980194346D8602800FFF792F91F
:10E77000301A43469860390030000AF063F8554B70
:10E7800000221A60544B1968008843001B189B0034
:10E7900052480568ED18A879EB791B0203431B0466
:10E7A00018145B131B1A5B004D480068C0182E7AC2
:10E7B0006B7A1B0233431B041B1404335B00C31826
:10E7C0009878DB781B0203431B041814DB131B1817
:10E7D0009B0044480068C3180A20185EC3001B1839
:10E7E0009B00C818CB5E9B033F490B603F490B6001
:10E7F0000221435E9B033E490B603E490B78013387
:10E800000B703D4B1A602368DB0455D4304A966880
:10E810003A4B1968761A3A4B9C466644F615D3680B
:10E820005B1A802189038C466344DB159846556842
:10E83000344B1B68ED1A32498C466544ED15176858
:10E84000FF1A80239B039C466744FF1546450DDC59
:10E850002C00BC4208DC2C4A2100300001F080FB77
:10E8600000282AD00134F4E70136EFE70AF0D2F9A4
:10E87000174B9E68214A1168761AF615DA68521A03
:10E88000D21590465D681F4A1268AD1AED151F68D3
:10E89000BF1AFF1546450DDC2C00BC4208DC1B4AA4
:10E8A0002100300001F0A0FA002806D00134F4E77E
:10E8B0000136EFE7012000E0012080BCB846F0BD42
:10E8C000281B0320181B03202C1B0320341B0320B0
:10E8D000001B0320CC300120C4120320C8120320E7
:10E8E000B0F7022034140320141B03201C1B032048
:10E8F000101B0320F427002080040320C42C0120D7
:10E900000000E0FFC82C0120E9DD011039DC011016
:10E91000F0B5D6464F464646C0B504000D00160079
:10E920004F4B00221A703200FFF7FEFE002800D184
:10E930008AE0A769FB042FD44A4B1B6899464A4BCF
:10E940001B6898464B4642469B1A9A462000FFF7A2
:10E9500015F9824500DA7CE0414B01221A708023D0
:10E960001B023A001A4092461F4231D05346002BF8
:10E9700006D163694246D31AC022520393426ADC2D
:10E980008823DB011F4207D1384B1B684246D31A4C
:10E99000C0225203934260DCE3689846236999469B
:10E9A0002000FFF761F8304B1B6803632000FFF77E
:10E9B0005BF82C4B1B68436332002900200001F0F8
:10E9C00007FAA26990231B021A420CD001203BE0F7
:10E9D00063694A46D31A99462000FFF7CFF881456C
:10E9E000C4DA002030E022490A68531E0B60002A76
:10E9F00029D0204A9B009F582169E0683A0000F026
:10EA00009BFD06003A004946404600F095FD050092
:10EA10008642E8D038000AF019F80028E3D0164BF7
:10EA20001B68FB1A5B10DA00D21891015218D20051
:10EA3000D218D0031018C000C0184042220029008C
:10EA400006F01AFFCFE70120E0BCBA46B146A8465F
:10EA5000F0BD0020F8E70020F6E70020F4E7C0460C
:10EA6000ED2E0320101B03201C1B0320141B03206E
:10EA7000800403202C170320B0F70220F0B5C6460F
:10EA800000B50400456982694D4B1A424DD0028998
:10EA9000D3009B189B004B4A1268D35E9B03ED1A70
:10EAA0006B425D41EDB22269E1682000FFF73CFE58
:10EAB000A369434A13423CD08022D20113405A42F8
:10EAC0005341DDB2002D46D0A2693D4B1A423DD0E4
:10EAD0002289D3009B189B003A4A1268D35E9B039D
:10EAE0006361A269364B16001E401A425BD0228930
:10EAF000D3009B189B00334A1268D31802255D5F30
:10EB0000AD03002E54D02289D3009B189B002D4AC0
:10EB10001268D35E9B03ED1A2000FFF72FF88542A1
:10EB20004BDB012080BCB846F0BDFEF79DFF036BB8
:10EB3000B5E72000FEF798FF234B1B680363200016
:10EB4000FEF792FF214B1B684363BBE72000FEF7F3
:10EB50008BFF036BC4E767692000FFF70FF806001F
:10EB60003F18A269164B1100194088461A4211D06D
:10EB70002289D3009B189B00124A1268D3180225E1
:10EB80005D5FAD03AF42ACDD4346002B07D0AD1B4C
:10EB90006561A6E72000FEF767FF456BF2E72000FE
:10EBA000FEF762FFF3E72000FEF75EFF456BA8E784
:10EBB0002000FEF759FF036BADE70020B2E7C04627
:10EBC00001000010C41203201C1B0320101B032093
:10EBD000F8B50400FFF752FF002855D1A5692B4B6B
:10EBE0001D4235D0AB034CD46D074DD5284B0122C7
:10EBF0001A70284B1B78002B46D0274B1B689B07AD
:10EC000042D10A23002200212000FEF7A9FBE6687A
:10EC1000276965692000FEF7B1FFC30F1B185B1061
:10EC2000EA1826233900300001F06AFB0500FAF7E4
:10EC300075FA04002800FEF717FF24030464FAF7AE
:10EC40006DFA04002800FEF70FFF240344641BE064
:10EC50002000FEF709FF2422835E002BC2DC0F494F
:10EC6000200001F065FCA36902229343A361200008
:10EC7000FEF7FAFE0025C5632000FEF7F5FE85636A
:10EC800002E0200001F018FC0120F8BD0100001096
:10EC90001F2F0320D32E032098F302207F030000B0
:10ECA000F8B5CE46474680B50400584B196803783E
:10ECB000427812021A43120492138A189378D07879
:10ECC0000002184300040014A578E3781B022B43CC
:10ECD0001B049B13CB189D78D9780902294309049A
:10ECE0000914884200D183E01178527812020A4355
:10ECF0001204121419785B781B020B431B041B14BB
:10ED00009A4200D178E0424B1B681969D86822000A
:10ED100000F012FC06003D4B1968A278E3781B0254
:10ED200013431B049B13C818CB5C427812021A438E
:10ED30001204257863781B022B431B049B13CC1809
:10ED4000CB5C61780902194309048578C3781B02FA
:10ED50002B431B04A578E0780002284300041B1A0B
:10ED6000521A0021002009F001FC0500012E47D0B5
:10ED7000284B1B68284A12680021002009F0F6FB86
:10ED8000401B80221206904201D994466044ED0C4B
:10ED9000C40C204E3168204F386800F0BDFB802342
:10EDA0001B01E3181D4C5A00115B1B01802252020B
:10EDB00090461340C91AE2F744FF814680231B01A5
:10EDC000EB185A00115B1B0142461340C91AE2F7C7
:10EDD00038FF38606B00195B2D0143461D40491B0D
:10EDE0004846E2F72EFF3060C0BCB946B046F8BDD9
:10EDF000084B00221A60F7E7074B00221A60F3E77E
:10EE000080231B069C466544B2E7C046F41B0320E2
:10EE100054140320381B0320301B0320FCE903108B
:10EE2000F0B5DE4657464E464546E0B585B004008F
:10EE3000744B186000239A4677E0E6682000FEF7DE
:10EE400029FE331A9846361884E025692000FEF71B
:10EE500021FE2B1A99462B18039387E0E5682000C2
:10EE6000FEF702FE016C226969182000FFF750FDD1
:10EE700026E02000FEF7F8FD006C2900E2F7E1FE35
:10EE800005002000FEF7F0FD5F4B1968406CE2F7CB
:10EE9000D8FEE1682269121849192000FFF738FDF1
:10EEA000002800D09FE0E66825692000FEF7DCFD21
:10EEB000426CAA1831002000FFF72AFD0028CDD0AF
:10EEC00005B0F0BCBB46B246A946A046F0BD4E4BCD
:10EED0001D68002DF4DD2000FEF7C6FD006C290042
:10EEE000E2F7AFFE494D28602000FEF7BDFD464B1E
:10EEF0001968406CE2F7A5FE454E3060454B186836
:10EF0000FFF7CEFE2000FEF7AFFD2D680564200060
:10EF1000FEF7AAFD32684264E36821695218E918D5
:10EF20002000FFF7F5FC0028CAD101239C46E244EB
:10EF30005346032BB7D02000FEF796FD0500036C67
:10EF4000002B00DC79E7E6682000FEF7A3FD33180C
:10EF50009846361A6B6C002B00DC76E7256920009A
:10EF6000FEF798FD2B1899462B1A0393264F2A4B30
:10EF70003B602000FEF778FD026C436C4B4442443A
:10EF800026498B460191012500954946404601F0EE
:10EF90005DF82000FEF768FD026C436C4B4492194B
:10EFA0005946019100954946300001F04FF8200084
:10EFB000FEF75AFD026C436C03998C46634442444D
:10EFC000584601900095404601F040F83D68124BCC
:10EFD0009D4200D167E7124B9C4665440A4B1D6079
:10EFE000002D00DD45E7084A1168F8231B025B1A73
:10EFF000136080225202934200DC68E7024B1A60E1
:10F0000065E7C04654140320AC2C0120301B0320BC
:10F01000381B0320B02C012001000100DDDF0110AE
:10F0200000F8FFFFF0B5CE46474680B583B00C0030
:10F03000160002F003F9E10C274B1860C768321480
:10F0400080231B01CB18254D5C00645BA1461B018E
:10F05000984680235B029C4644461C4023004C4655
:10F06000E41A54433C19036998464B005D5B09015F
:10F07000634619406D1A5543454443699946FEF766
:10F080007DFD401003004B448022120394466344EC
:10F09000134A1360134BA02212021A60124B134A38
:10F0A0001A60134B1E60134E00233360124B019302
:10F0B000032300932B0022004146380000F0C6FFD6
:10F0C0003368002B06D00D4B186803B0C0BCB9469E
:10F0D000B046F0BD0020F8E728140320FCE9031037
:10F0E0002C140320401B0320182E01200060FFFF7A
:10F0F000942C012034F8022085E00110702C0120AE
:10F10000F0B5DE4657464E464546E0B583B015009D
:10F110009846C90C224B1860224B0C9A1A60C7689B
:10F120002A1480231B01CB181F4C5E00A146345BC0
:10F130001B0180267602B4463340E41A5443A346AA
:10F14000BB4406694B004C461B5B090164462140E9
:10F150005B1A53439946B14443699A46FEF70EFD44
:10F1600040100300534480221203944663440F4A24
:10F1700013600F4B1D600F4B42461A600E4B0193FC
:10F18000032300934B465A463100380000F05EFFDF
:10F1900003B0F0BCBB46B246A946A046F0BDC0468F
:10F1A0002814032058F20220FCE903102C14032039
:10F1B000942C0120702C0120EDE1011070B582B07B
:10F1C0000468124B1C602000FEF74EFCC36ADB0C87
:10F1D000E0682169802212019C180D4D6200525B8B
:10F1E0002401802676023440121B920112185C0022
:10F1F000645B1B013340E31A9B015B18054C0194CF
:10F200000124009400F022FF02B070BDE81B03202F
:10F21000FCE9031089E40110F0B5C64600B51404FA
:10F2200003691D19144E3668AD1BED15A8461D1B4C
:10F23000AD1BED15C3681F19104E3668B446BF1BD1
:10F24000FF151E1B6346F61AF6150D4B18600D4B85
:10F2500019600D4B1A7008E00C4A2900200000F0DC
:10F260007FFE0134BC42F7DD0135454501DC340049
:10F27000F8E780BCB846F0BDC82C0120C42C0120A2
:10F28000102D01200C2D0120C72E0320E5E40110D4
:10F2900070B505000C4B00221A700C4B1970867C5F
:10F2A00009E00B4A2100300000F05AFE01342B7CAB
:10F2B000A342F6DA0136EB7CB34201DB6C7CF6E765
:10F2C000014B187870BDC0461F2F0320D32E03209A
:10F2D000D1EB0110C30704D54008054B185C0009A9
:10F2E00070474008024B1B5C0F201840F8E7C046EF
:10F2F000DCF40410827AC37A1B0213431B041B1430
:10F300005A1C0ED0084A10685A00D3189B00074AAE
:10F310001268D3180A229A5ED3009B189B00C0186B
:10F3200070470020FCE7C046C412032034140320B9
:10F33000027B437B1B0213431B041B145A1C0ED07D
:10F34000084A10685A00D3189B00074A1268D3185D
:10F350000A229A5ED3009B189B00C01870470020B9
:10F36000FCE7C046C41203203414032030B51C4B04
:10F3700019680378427812021A43120492138A1809
:10F380009378D47824021C43240424148578C37809
:10F390001B022B431B049B13CB189878D9780902C6
:10F3A0000143090409148C4213D0107852781202D8
:10F3B00002431204121418785B781B0203431B04E7
:10F3C0001B149A4207D0091B9B1A594005D40220EE
:10F3D00030BD0020FCE70120FAE70320F8E7C04633
:10F3E000F41B032070B5002500220AE0401BC21761
:10F3F000032313401B189B109B00F15025E00132A2
:10F400001D00124C53009B189B001B59002B1CD055
:10F410005B198342F3DD0D4B5400A418A4001B19A3
:10F420005E68002E11D0094B5400A21892009B1860
:10F430001B7A002BDAD0451BEB0F5B195B105A00CF
:10F44000B152090C01335B00F15270BDC8F20410D7
:10F4500070B50D00802800DC70BD81384400241890
:10F46000A40009682000FFF7BDFF2979201DFFF7E0
:10F47000B9FFA96820000830FFF7B4FFECE70000EF
:10F4800010B500280FD0094A094BC318934204D87D
:10F49000830702D18003000C10BD064B064A0748C3
:10F4A000CC21E9F7E7FF0020F6E7C046FCFF0300A8
:10F4B000FCFFFFDFDC4A0310A0F2041020910310D0
:10F4C00010B58269054B1A4200D110BD044B054AA4
:10F4D0007C210548FF31E9F7CDFFC046010000104F
:10F4E0007467031094F204108C67031010B58269DE
:10F4F000074B1A4207D04179064BCA00521AD20074
:10F500009B18186A10BDFFF7DBFF806BFAE7C04657
:10F510000100001054A20410C317C0185840CB17A4
:10F52000C9185940884203DB40184910401A7047F7
:10F5300041184010081AFAE7F8B50D001600474BBD
:10F540001A68317873781B020B431B049B13D11884
:10F55000D45C4B781B0223431B041B14B778F4784C
:10F5600024023C432404A4131719145D7A78120270
:10F57000224312041214934217D08C78A446CC78FC
:10F58000240261460C4324042414B978FF783F0216
:10F590000F433F043F14BC4231D12404AC4229DB69
:10F5A0000120934257DC002055E01B04834210DB0E
:10F5B000BB78FA7812021A43120412148878CB78B6
:10F5C0001B0203431B041B1401209A4243DC00204E
:10F5D00041E0BB78FA7812021A43120412148878B8
:10F5E000CB781B0203431B041B1401209A4232DB1D
:10F5F000002030E0012093422DDB00202BE01B0493
:10F60000C11A24042D1B3F043F1B3814E2F719FBD9
:10F610000400124B1A68B178F3781B020B431B04E9
:10F620009B13D118D35C4978090219430904307837
:10F6300073781B0203431B049B13D018D25C4378DE
:10F640001B0213431B04C91A09142800E2F7F9FA34
:10F65000844201DC0120F8BD0020FCE7F41B0320FC
:10F66000F0B5C64600B505000C000800FFF77EFEA9
:10F67000022800D18EE040DC00284ED001283AD18B
:10F68000EB6898464D4B1A68207863781B02034359
:10F690001B049B13D718D05C7B781B0203431B040D
:10F6A0000126984500DB0026F6B2AD680120AB428A
:10F6B00000DC0020C0B2A178E47824020C432404CA
:10F6C000A41312199178D47824020C43240424142E
:10F6D000BA789446FA78120261460A431204121468
:10F6E000944262DA4246D617D80F9A424641EA1748
:10F6F0009D42504159E0002659E003280BD129686A
:10F70000E8682200FFF718FF06006968A868220071
:10F71000FFF712FF49E0002649E02B689C46274B83
:10F720001F68227863781B0213431B049B13FB188A
:10F730009A78D97809021143090401268C4500DC26
:10F740000026F6B26D680120A94200DB0020C0B29D
:10F75000A2789046E27812024446224312049213A1
:10F76000BC18A046BC5C42465278120222431204E6
:10F7700012141C785B781B0223431B041B149A424F
:10F7800013DD6346DE0FC81799424641EB0FA942CD
:10F7900058410AE02968A8682200FFF7CDFE06005C
:10F7A0006968E8682200FFF7C7FE864203D130008F
:10F7B00080BCB846F0BD01267642F8E7F41B032072
:10F7C00070B514009368002B0AD11368834204DBE0
:10F7D000D368D817C01AC00F70BDD068C00FFBE740
:10F7E000D268002A08D162688A4201DBD80FF3E7A9
:10F7F000D817C01AC00FEFE72568401B65684D1B7E
:10F80000534043406B4005D5424001D40020E3E71C
:10F810000120E1E701121012E2F713FA0600A168D5
:10F8200009122812E2F70DFA864201DC0120D3E723
:10F830000020D1E770B5027843781B0213431B0404
:10F840009B13264A1468E518E45C6B781B0223437B
:10F850001B040B601268047843781B0223431B04CB
:10F860009B13D3189C78DB781B0223431B044B604B
:10F870008478C3781B0223431B049B13D518D45CE4
:10F880006B781B021C432404057843781B022B432E
:10F890001B049B13D618D55C73781B022B431B04E7
:10F8A000E31A8B608478C3781B0223431B049B13E9
:10F8B000D3189C78DB781B0223431B040478407820
:10F8C000000220430004801312189078D2781202AC
:10F8D000024312049B1ACB6070BDC046F41B032088
:10F8E000F8B505000C00C868A9680012E2F7A9F98C
:10F8F0000600A068E9680012E2F7A3F9371A864209
:10F9000001D13800F8BD20682B68C01AE1680012E8
:10F91000E2F797F9060068686368C01AA1680012E8
:10F92000E2F78FF930183900E2F790F90700E8E7BD
:10F93000F0B585B00400414B9B688022520393428E
:10F940000ADC3E4AD268802149038A4204DC3C49F1
:10F950008B4201DB8A4258DA227863781B02134318
:10F960001B049B13374F3968CA18CB5C50780002D0
:10F9700018439378D17809021943304D09040004E3
:10F980002A00FFF71DFF0600A278E3781B0213434D
:10F990001B049B133968CA18CB5C507800021843CB
:10F9A0009378D17809021943090400042A00FFF76B
:10F9B00007FF86423AD069462000FFF73BFF1F4809
:10F9C0006946FFF78DFF051E32DB1F4B1B78002BAE
:10F9D00008D080235B02984204DA2000FFF7A8FCDD
:10F9E000002827D0194B1A68194BD31AC021C90017
:10F9F0008B4221D01560154A1368012119719C6052
:10FA00000C331360012005B0F0BD0C4D6968286807
:10FA10002200FFF791FD06002868AB686968EA6874
:10FA20008918C0182200FFF787FDC2E70120EAE726
:10FA30000120E8E70020E6E70020E4E7601B032060
:10FA40000000F0FFF41B0320E62E0320F8E902205B
:10FA5000FCE90220F0B5D6464F464646C0B584B014
:10FA600005002A4A9368D2685340002B44DDC768DA
:10FA7000FFF73CFD3B1A99462C6906193F18241ADA
:10FA8000224B9A461A0031004846FFF799FE8046FD
:10FA9000524621003800FFF793FE804525D04B46A3
:10FAA00000930196FF1A0297A41B03941748694616
:10FAB000FFF716FF002818DB154C23681860216833
:10FAC00000230B718D60134A8A1A921093009B18C1
:10FAD00018011B1818021B18180418184000801869
:10FAE000FFF7B6FC23680C332360012004B0E0BCB0
:10FAF000BA46B146A846F0BDC768FFF7F7FC3B1A07
:10FB000099462C69261A3F180419B9E7601B03208F
:10FB1000F8E90220FCE9022070B50400027B437B77
:10FB20001B0213431B041B14013324D0FFF7E2FB19
:10FB300005002000FFF7FCFB0223EA5E0221435E82
:10FB40009A421CDA9203144B1A600023EA5E0021E9
:10FB5000435E9A4217DD9203104B1A600022835EC7
:10FB60009B030F4A13600C4B0C4A1B6812689B1ACC
:10FB70000C4A136070BD0B4B00221A60FAE79B031E
:10FB8000054A1360E1E79B03044A13600022AB5E61
:10FB90009B03034A1360E6E7D0040320C804032054
:10FBA000B8F80220CC04032010B583691B0716D4D3
:10FBB0000289D3009B189B00264A1268D21814327F
:10FBC00001E01C331A001388002B08D0802109059E
:10FBD0008C4663449B009842F3D19B8B13808369CE
:10FBE000DB062ED4C2681C4B1B68D21AD4150369DD
:10FBF0001A4909685B1ADB15002A1FDB184A1188AD
:10FC0000A1421BDD002B19DB164A12889A4215DD32
:10FC1000154A12684B431B195B00D2181388002B3E
:10FC20000FD0802109058C4663449B00984202D086
:10FC30001E331A00F2E7DB8B138002E0C38B002B2C
:10FC400000D110BD094B0A4ACE210A484900E9F704
:10FC500011FCC046C4120320C42C0120C82C012072
:10FC6000642E0320622E0320B82C012008AB031061
:10FC7000B0F204101CAB0310F8B504000169C068B1
:10FC800008F0E0FD494B1968494B1A68494B1D685B
:10FC900003885E00F618B600AE19B779F3791B0237
:10FCA0003B431B041F145B13DB1B5B00D318377A29
:10FCB000767A36023E4336043614043676009B19B3
:10FCC0009E78DB781B0233431B041E14DB139B1945
:10FCD0009B00CB180A269B5FDE00F618F3009B1BE7
:10FCE0009F01DB19DB009B19DF03FB1ADB009B196B
:10FCF0002381A3691B071BD5A369DB0617D4E26820
:10FD00002D4B1B68D21AD01523692C4909685B1A40
:10FD1000DB15002A09DB2A4A1288824205DD002B06
:10FD200003DB28490988994233DC0023E383F8BDCB
:10FD3000254B1E6803885800C01880002818857954
:10FD4000C3791B022B431B041D145B135B1B5B005D
:10FD5000D218057A437A1B022B431B041B1404336D
:10FD60005B00D2189078D3781B0203431B041A144B
:10FD7000DB139B189B00C9180A23CA5ED3009B188B
:10FD80009B00F618B38AA3832000FFF779FBB082AB
:10FD9000B2E70E49096853431B185B00CD18CB5AD4
:10FDA000E3832000FFF76CFB2880C0E734140320B6
:10FDB000B0F70220C8120320C42C0120C82C012057
:10FDC000642E0320622E0320C4120320B82C0120CD
:10FDD00070B504000E001500FFF7E6FEE660256131
:10FDE0002000FFF749FF70BDF0B5D6464F4680B5FD
:10FDF00083B004000E0015000192002800DA99E09B
:10FE0000002900DA9CE0524B1B88834200DC99E019
:10FE1000504B1B888B4201DC01208CE04E4B186854
:10FE200008F052FE002805D14B4B1868A84700285F
:10FE300000D180E0464B1B8807220733DB100233DA
:10FE40005E43E31713401B19DB10994643490D68C5
:10FE5000F3180233E85C22400300D340DB0700D4F0
:10FE600072E0A95DAB195B781B0219438A46012336
:10FE70005B4293409843FFF72DFA0700002406E009
:10FE8000A3190233E85CFFF725FA3F1801344C450B
:10FE9000F6D37F005744EA5DEF197B781B021A43C3
:10FEA000F0231B0211001940994206D0930A013336
:10FEB0009205920D524400271DE0274B1C68120545
:10FEC000130D520CD31A5B00E418200008F0FCFD5F
:10FED00000283BD12000019B984700282BD001200F
:10FEE00029E01B02FE20C0010340095D5B18941C41
:10FEF0000BE0220033005E1E002B19D0174B19684F
:10FF0000541C8B5C88560028EBDBFF180137124B22
:10FF10001D68FB00DB1B5B00ED18280008F0D4FD1A
:10FF20000028E6D12800019B98470028E1D102E093
:10FF3000012000E0012003B0C0BCBA46B146F0BDCC
:10FF40000120F8E70120F6E70120F4E70120F2E7BD
:10FF5000642E0320622E0320B0F70220BC2C012067
:10FF600070B5150000282BDB00292BDB184B1B88F4
:10FF7000834229DD174A12888A4227DD594308182F
:10FF8000154B40001B681C5A002C05D080231B0514
:10FF90009C466444A40002E0002400E00024002CFD
:10FFA0000CD02000A84700280BD0E48B002CF5D003
:10FFB00080231B059C466444A400F0E7012000E078
:10FFC000012070BD0120FCE70120FAE70120F8E7DD
:10FFD000642E0320622E0320B82C0120F8B5070000
:10FFE0000E00174B1A68174BD21A921093009B18E9
:10FFF00019015B1819025B1819045B185B009B1848
:020000041002E8
:10000000002413E00C330E4A12689A4205D91A688C
:100010008A42F7DA1C001100F4E7B1420EDC20003E
:10002000B847002809D0084B23602B005D1E002B29
:1000300002D0044B0449E6E70120F8BD0120FCE7AB
:10004000F8E90220FCE90220FFFFFF7FF0B5DE4661
:1000500057464E464546E0B587B004000F0093462C
:100060009846109E042333405A1E9341714A1370E0
:1000700008F0D0FD704A1378013313706F4B704A4B
:100080001A60704B1A68A31A5B0203D180235B02CB
:100090009C4664446C4B19687B1A5B0203D1802335
:1000A0005B029C466744694B1C605F605846001BBE
:1000B000824698604046C01B0390D860A31A9946B8
:1000C0007F1ADC15FD155B469A1A4346591AD3155B
:1000D0009846CB159B4644452BDB3CDC0023029322
:1000E00080235B02049380235B040193FF11059737
:1000F00001990498E1F7A5FD3F185D453CDB4DDC17
:100100000023049380235B02059380235B04039305
:100110004B46DB11994603990598E1F792FD484457
:100120008246002310962E0025001C00B946109F21
:1001300069E04B46DB111B041B0C80225202D31AD0
:1001400004935246D317D1185940E1F77FFD01902F
:1001500001230293CAE74B46DB111B041B0C0493DB
:100160005246D317D11859400398E1F76FFD01901B
:1001700001235B420293B9E7059B1B041B0C802201
:100180005202D31A0593039AD317D11859405046F7
:10019000E1F75CFD039001230493B9E7059B1B0481
:1001A0001B0C0593039AD317D11859405046E1F719
:1001B0004DFD039001235B420493A9E7244A3100DB
:1001C0002800FFF711FE002821D10EE0214A31005E
:1001D0002800FFF7C5FE00281BD106E05E451AD1B6
:1001E000802149021198FFF7F9FE07B0F0BCBB4629
:1001F000B246A946A046F0BD019B9C46E144029B45
:100200009C46654401343F2CEADCFB07D6D4BB078F
:10021000DCD44545E2D04B461B14B342ECD05346E8
:100220001B14AB42EED1039B9C46E244049B9C46CC
:100230006644E7E7E62E0320F4270020F8E90220D1
:10024000FCE90220C42C0120C82C0120601B0320E3
:1002500031F9011055FA0110027B437B1B02134355
:100260001B041B145A1C0ED0084A10685A00D318DD
:100270009B00074A1268D3180A229A5ED3009B1883
:100280009B00C01870470020FCE7C046C412032042
:100290003414032010B58269054B1A4200D110BDF9
:1002A000044B054A7C210548FF31E9F7E3F8C046D5
:1002B00001000010746703106CF504108C670310C4
:1002C00010B500280FD0094A094BC318934204D82F
:1002D000830702D18003000C10BD064B064A074875
:1002E000CC21E9F7C7F80020F6E7C046FCFF030081
:1002F000FCFFFFDFDC4A03105CF5041020910310C3
:10030000F0B5D6464F464646C0B5804689461600EB
:100310001D00634BEA00521BD2009B181F6B614B00
:100320003A001A4092461F4260D0202006F0E6FDB7
:10033000040045714346C3604B46036187615346E1
:10034000002B61D1FFF7A6FF554FEB005B1BDB00D5
:10035000FF183B6A83632000FFF79CFF0422BB5E0B
:100360008384514B1B785BB2042B41D12000FFF7F3
:1003700091FF4B4BEA00521BD2009B185B6AC36390
:10038000F8F7A6FEC3179B0FC01803270740FF1AF4
:100390002000FFF77FFF2223C754414BEA00521B86
:1003A000D2009B185B885800C01880003F4A801814
:1003B000E380F7F753FA20712000FFF75DFCA26994
:1003C000384B1A4223D080231B069E4238D0384B2C
:1003D0009E4248D066610923A370200006F064FDA8
:1003E0002000E0BCBA46B146A846F0BD54209DE7C7
:1003F0002B4FEB005B1BDB00FF182000FFF74AFFD1
:100400007A7A2123C254B1E7F8F762FEC5E7294B97
:100410001D682289D3009B189B00EF5E2000FFF728
:1004200039FFBF0307632289D3009B189B00ED1897
:100430000223ED5E2000FFF72DFFAD034563C2E709
:10044000A269184B1A4209D02289D3009B189B003D
:10045000184A1268D35E9B036361BCE72000FFF774
:1004600019FF036BF8E7A2690E4B1A4213D02289D9
:10047000D3009B189B000F4A1268D3180221595EC3
:1004800089036079064BC200121AD2009B185B6A7E
:10049000CB1A63619FE72000FFF7FCFE416BF0E79A
:1004A00054A2041001000010F42E03204CC00410CC
:1004B000FFFFFF7FC412032070B504008369164A52
:1004C0001340012B09D02000FFF76EFB20000AF03B
:1004D000BBFC200006F00EFD70BD4379382BF2D036
:1004E0003A2BF0D00D490B7845890D4A58008552BA
:1004F0000C4A0025555F0C4A855201337F22134078
:100500000B700A4A12789342DDD101327F231A40E0
:10051000064B1A70D7E7C04601000200FE2E0320EA
:1005200034F0022098F3022034F10220FF2E032041
:10053000F8B5050000260AE0E9802800FFF7BCFFB7
:100540000020F8BD0423EB56002B1ED11600002915
:10055000F2D00F004C006418A4000D4BE418E980A1
:100560002000F7F77BF928716368002B01D0280081
:100570009847074B7A00D21992009B181989721C70
:10058000044B9E42DEDD00BEDCE70120D9E7C04619
:100590004CC0041040420F0070B50400FFF77AFE13
:1005A000002585642000FFF775FE45642000FFF7F5
:1005B00071FE05646179144BCA00521AD2009B186F
:1005C000D98A2000FFF7B4FFF8F782FD0323034028
:1005D0002079C01A40B2207100280DDDA3690B4AB2
:1005E0001340A3616179084BCA00521AD2009B18CC
:1005F000997E002903D170BD01232371EEE720000D
:100600000AF0D4FCF7E7C04654A20410FFFFFEFF37
:10061000F8B50400FFF73EFE05004E23C35A002B39
:1006200003D06169026B914251DB6369AA6C9B182C
:100630006361A3695A0407D54C22AA5A002A03D041
:1006400090225204134260D062692B6B9A4200DD03
:10065000C1E06A4B1E78042E05D9A369DB0102D5DF
:10066000AB6C5B42AB64AF6C002F00DA90E02B6B9D
:100670006361042E05D8A369DB0102D5AB6C5B4234
:10068000AB64A36988225202134080225202934233
:1006900000D19CE06369E96B5B186A6B934215DDDE
:1006A000AB6C002B01DD0023AB64521A6261A369BD
:1006B000DB0102D5AB6C5B42AB64A36988225202BA
:1006C000134080225202934200D193E0F8BD802073
:1006D0000005844663449B005869521A821A5A6185
:1006E0002000FFF7D7FD4E23C35A002B0BD08022EA
:1006F0001205944663449B005969A4229203521A3E
:10070000D2109A6191E70023F6E7E6682000FFF730
:10071000C1FD4C23C35A002B2DD0802212059446D4
:1007200063449B00D86821691B69C91A301AFEF717
:10073000F3FE06002000FFF7ADFD4C23C35A002B4B
:100740001BD080221205944663449B005B69EA6BD0
:1007500052109B1862699B1A11D4002B00DC73E7BE
:100760005900CB18B34200DC6EE78023DB029C46C5
:100770006244626168E70023D4E70023E6E799005A
:10078000591AB142E9DD1E4B9C46624462615BE747
:100790004E23EB5A002B02D01A4B9F4202DB002360
:1007A000AB6464E72000FFF775FD4E23C35A002BAE
:1007B0000BD080221205944663449B00FF109F617A
:1007C000222120000AF0F2FBE9E70023F6E72000EF
:1007D000FFF7E2FE7AE7A3699B0500D55AE7AB6C09
:1007E000002B02D1084BAB6454E7084A944663449B
:1007F000AB644FE72000FFF7CFFE67E754250020EA
:100800000000FCFF0000F8FF0000FEFF0000FFFFFB
:10081000F0B5C64600B50600FFF73CFD0700026CC8
:10082000002A02D1436C002B17D04E23FB5A002B19
:1008300029D0802109058C4663449B009846F0230B
:100840005B039A4222DD3B647B6CF02252039342AD
:1008500021DD7A643C6C7D6C37E0B369DA0100D449
:10086000AFE0614A1340B3610023836443640364CF
:1008700071795E4BCA00521AD2009B185988300019
:10088000FFF756FE9DE000239846D8E7584B9A4262
:10089000DADA3B64D8E7564A9342DBDA7A64D9E77E
:1008A000F168091932695219002500241FE030004F
:1008B000FEF7B6FA06E03000FFF7FEFD81E0002308
:1008C0007B643B6423002B432ED0F0231B039C420C
:1008D00001DC9D42E4DDF168E30F1B195B10C918D0
:1008E0003269EB0F5B195B10D21864106D10300089
:1008F000FEF70EF80028E5D14E23FB5A002BD6D187
:10090000B369DB03DBD53B4B1868002808D0FFF741
:10091000A3FC002804D0027A374B1B789A42CAD035
:100920003000FFF739FECDE74346002B04D08C237F
:100930004246D3585B0741D4B369304A134240D191
:1009400071693A6B91423CDCDB0218D53B6C80212B
:10095000C9018C466344802109028B4205D87B6C17
:10096000634502DC26498B4209DA3189CB005B18EA
:100970009B0024490968CB5E9B039A4221D1386CC5
:10098000214BC218214B9A4222D87B6C204A9342B9
:100990001EDB8022520193421ADA4346002B09D013
:1009A00006229B5E002B13D143461868C388963BF2
:1009B000032B09D900233B647B6402E000237B64A2
:1009C0003B6480BCB846F0BD9521FFF7B1FDF1E76F
:1009D000E82424022100E1F734F93864786C21001E
:1009E000E1F72FF97864ECE7FFFFFFFE54A2041053
:1009F0000000E2FFCC3001203F2F03200000010166
:100A000000C0FFFFC4120320FF0F0000FE1F000004
:100A100001F0FFFFF8B5060041894F4A8B005B18D3
:100A20005B001168CA18CB5C547824021C43240470
:100A30009378D5782D021D432D042A002100FDF75F
:100A400073FE002800D1F8BD3289D3009B189B00AB
:100A5000424F3A68D25E92033169F0682723FFF76C
:100A60004FFC23210AF0A2FA2900200007F0EAFE39
:100A7000028853009B189B00394A1168C9188A796B
:100A8000CB791B0213431B041A145B139B1A5B00E4
:100A9000344A1268D218087A4B7A1B0203431B04AB
:100AA0001B1404335B00D3189A78DB781B021343C2
:100AB0001B041A14DB139B189B002B4A1268D318D3
:100AC0000A229A5ED3009B189B003A68D25E92037A
:100AD000272329002000FFF713FC23210AF066FAE0
:100AE0001D4B1F68728993009B185B00FF18737978
:100AF0001E4AD900C91AC9005218126BD20527D54F
:100B00001B4A29002000FFF7FBFB04007389438187
:100B10003A797B791B0213431B0418142D21E9F742
:100B2000B7FE05B22000FFF7B5FB6D07C5623B7A43
:100B30001B0703D5A36920221343A3612000FFF7FD
:100B4000A9FB21231222C2543000FFF7B5FC7AE73B
:100B500080221206D5E7C046FCF80220C41203200A
:100B6000C8120320B0F702203414032054A204104A
:100B7000FFFFFF7F70B5040085692D4B1D4209D032
:100B80000423E3565A1C31D0013B5BB22371002B86
:100B900021D070BDFFF77EFB036C002B04D1436CAA
:100BA000002B01D1ED0105D52000FFF731FEA37820
:100BB0000B2BEED065692000FFF76CFB036B9D42A9
:100BC00002D1836C002BDBD02000FFF721FDA3783E
:100BD0000B2BD5D1DDE7E188164B4A005218920065
:100BE0009B1819892000FFF7A3FCD2E7A3695B02D9
:100BF000CFD5114B1B78002BCBD02000FFF74AFB41
:100C0000836A013383622000FFF744FB826AD223A8
:100C10005B009A42BDDB094B1B68DB06B9D1F8F7D4
:100C200057FA0428B5DC2000FFF7F4FEB1E7C04610
:100C3000010000104CC004102C2F032098F3022058
:100C4000F8B5534B1B785BB2022B0FD1514B1B787D
:100C5000514A1278934209D0504B5100C95A504B17
:100C60001B685B1A1BB24F498B4200DCF8BD4E4B30
:100C700019684E4B5200D25A93009B185B00CC1857
:100C8000CB5C65782D021D432D04A378E6783602EF
:100C90001E4336043100280007F0D4FD02885300BB
:100CA0009B189B00424A1168C9188A79CB791B02AC
:100CB00013431B041A145B139B1A5B003D4A126812
:100CC000D218087A4B7A1B0203431B041B1404330B
:100CD0005B00D3189A78DB781B0213431B041A14A9
:100CE000DB139B189B00344A1268D3180A229A5EC1
:100CF000D3009B189B00314A1268D25E92032823CE
:100D000031002800FFF7FCFA5A210AF04FF90023BE
:100D100000E00133882B0CDCA179E27912020A434E
:100D2000120412142648D900C91AC900095E8A4261
:100D3000EFD1882B00DD00BE214AD900C91AC900B5
:100D40005218126BD20520D51E4ADBB231002800A2
:100D5000FFF7D6FA0600104F3D78144B6A00D35ABD
:100D60004381227963791B0213431B0418142D213C
:100D7000E9F78EFD04B23000FFF78CFA6407C46215
:100D800001357F231D403D7070E780221206DCE7AD
:100D9000DD2E0320FE2E0320FF2E032034F102203F
:100DA00098F3022019040000FCF8022034F002201D
:100DB000C8120320B0F7022034140320C412032009
:100DC00054A20410FFFFFF7FF8B5DE4657464E469B
:100DD0004546E0B504008279C3791B0213431B0426
:100DE0001D14002B7AD0013D4B4B5B5D002B75D061
:100DF000D4276F43494BB846984443461B79022B8E
:100E000000D171E023786078000218430004A378D1
:100E1000E178090219430904802200231206FFF732
:100E20006FFA0600A279E3791B0213431B041B141B
:100E3000012B04DD8269013B9B0613438361237907
:100E4000607900021843000400142D21E9F720FD09
:100E500007B23000FFF71EFA7B07C3623000FFF7CE
:100E600019FA07004046FFF72BFA4E23F8522B4B96
:100E7000D4226A43924699461F0057443B6A9B46D8
:100E80003000FFF707FA5B4683844B465246D65044
:100E900000233B713A009032136010321360043229
:100EA0001360043213600832137001321370A423EC
:100EB0009B037B61404601F053FA194B1B785BB2F0
:100EC000002B21D1A279E3791B0213431B041B14CD
:100ED000013B144A127852B2934217D0F0BCBB4681
:100EE000B246A946A046F8BD2800F4F729FF89E7D5
:100EF0000A4BD42169435B189B18443301211970B4
:100F00000132052AF4DDDDE70022FAE70AF0C0FF2E
:100F1000F6F7D6FAE2E7C046440703204807032065
:100F2000DD2E0320D22E032070B505006B4B1C680C
:100F300083001B185B00E418A379E17909021943C7
:100F4000090409140B2915D0002918DD042920DD16
:100F5000634B1B78002B02D1237ADB060FD4614B45
:100F60001B785BB2002B31D0042B44D0013B012213
:100F70009A402CE05C4B18685C4B984200D370BDE3
:100F80000A222100EAF7D6FD574A13680A33136094
:100F9000F5E70139564B8A005218520098180A2278
:100FA0002100EAF7C7FDA279E3791B0213431B0472
:100FB0001B14013B4F4A0121D1544F4B1B785BB2AC
:100FC000002BDCD12000FFF7FFFED8E70122207ABA
:100FD000637A1B0203431B041B141A42CFD0002365
:100FE000882B0ADC4548DA00D21AD200125E914200
:100FF00003D00133F4E70422E9E7892B4FD03E4ABE
:10100000127852B2002A07D03C4AD900C91AC90046
:101010005218126B9201B2D4394A1278002A09D0C0
:10102000122BACD0354AD900C91AC9005218126B1C
:101030005202A4D422786078000210430004A278FF
:10104000E1780902114309042C4ADE00F61AF60081
:101050009219126BD20524D52A4ADBB2FFF750F958
:10106000060045810423C356002B1DDCB3695A02D8
:1010700003D525490A6801320A601A0203D52349BB
:101080000A6801320A60224A134216D0237A1B07EB
:1010900000D474E7B36920221343B3616FE700BE45
:1010A000ADE780221206D8E7F8F712F8042171564E
:1010B000E9F7EEFB01313171D8E72379607900025D
:1010C0001843000400142D21E9F7E2FB05B23000BB
:1010D000FFF7E0F86D07C562D8E7C046FCF80220CC
:1010E000182F0320F42E0320C03B0120283C0120B0
:1010F000980A0320C00A0320DD2E032054A2041006
:10110000202F0320FFFFFF7F541B0320501B0320D1
:101110000100001070B504000D001600F7F7FEFF87
:1011200082029219252329002000FFF7E9F8040024
:10113000FFF7B0F880235B028364F7F7C9FF03234E
:10114000184023791B1A5BB22371002B06DD074B75
:101150001A688023DB039A4203D070BD01232371F8
:10116000F5E75F212000FFF7E3F9F6E7942C012073
:10117000F8B504000F0016001D00F7F7CFFF82023C
:101180009219262339002000FFF7BAF80400FFF770
:1011900081F880239B028364F7F79AFF03230340BF
:1011A0002279D21A52B22271002A06DD2B00093BA5
:1011B000032B05D9082D08DDF8BD01232371F5E7C0
:1011C0005B212000FFF7B4F9F6E75C212000FFF770
:1011D000AFF9F1E770B50400F7F77AFF0323034096
:1011E0002079C01A40B2207100281FDD2000FFF7CF
:1011F00051F8036C5B10E568ED18E5602000FFF71F
:1012000049F8436C5B102669F61826612000FFF749
:1012100041F8826C521063699B18636132002900A7
:101220002000FDF775FB002803D070BD012323715A
:10123000DCE72000FFF7B0F9F7E70000002800D056
:10124000704703480023C360036143618361F7E78C
:10125000383D012041790D4BCA00521AD2009B182B
:10126000D8690B4B1B78002B05D0102904D02029FE
:1012700005D01F2906D07047A0204003FBE7A0201F
:101280004003F8E7A0204003F5E7C04654A204104D
:101290001D2F0320F0B5DE4657464E464546E0B5C5
:1012A00083B006000F0013004269802189038C4639
:1012B00062440169C068FFF723F8050041793D4B9E
:1012C000CA00521AD2009B18197A002968D1280046
:1012D000FEF7E0FF04003000FEF7F2FF4C23E0527F
:1012E0003B69FA683169F06807F040F90400BB69AE
:1012F0005B0358D42800FEF7CDFFC462E40C28003D
:10130000FFF7A8FF804680231B01E3182A495A00F3
:101310000191525A1B018020400283460340D31A98
:1013200099462800FEF7B6FF824649464046E0F758
:1013300088FC53461864630001995B5A24015A469D
:1013400014401B1B99462800FEF7A4FF04004946E1
:101350004046E0F776FC6064F868F3683969326902
:10136000891AC01AFEF7D8F84146E9F791FA041E27
:101370001EDD7F697369FF1A2800FEF78BFF0600E8
:1013800021003800E9F784FAB0642800FFF722FF53
:10139000280003B0F0BCBB46B246A946A046F0BD4B
:1013A00009F004FE93E7F7F7B9FE00052418A1E75A
:1013B0000124DEE754A20410FCE90310F8B5DE4670
:1013C00057464E464546E0B505000E00FEF762FF63
:1013D000C46A8022D20421002800FDF723FE814642
:1013E000464B1B68002B5FD0E86829696A69802337
:1013F0009B039C4662443300FEF782FF060041795E
:101400003F4BCA00521AD2009B18197A002900D00B
:1014100070E03000FEF73EFF07002800FEF750FFA7
:101420004C23F8523000FEF735FFC4623000FFF75E
:1014300011FF0500E40C80231B01E31831495A0019
:101440008846525A1B0180277F023B40D31A9B4695
:101450003000FEF71FFF824659462800E0F7F1FBF7
:1014600053461864630042469B5A24013C401B1BB0
:1014700098463000FEF70EFF040041462800E0F7D2
:10148000E0FB60643000FEF705FF040049462800D9
:10149000E0F7D7FBA0643000FFF79CFEF0BCBB4632
:1014A000B246A946A046F8BD8023DB04E718802297
:1014B000D20439002800FDF7B5FD81460F4B1B68AB
:1014C000002B05D00D4B1B68002B0CD03C008BE78C
:1014D000FC231B06E7188022D20439002800FDF700
:1014E000A1FD8146EEE72800FEF7D4FEC46A002382
:1014F000994679E709F05AFD8BE7C04634F8022097
:1015000054A20410FCE9031010B500280FD0094ABA
:10151000094BC318934204D8830702D18003000CFF
:1015200010BD064B064A0748CC21E7F7A3FF002071
:10153000F6E7C046FCFF0300FCFFFFDFDC4A0310B8
:101540008CF5041020910310002200E001321D2AC6
:1015500014DC0B4B5100CB5A002BF7D0802109052E
:101560008C4663449B00196A8142EFD1197F03299D
:10157000ECD1597F197703219970E7E77047C0468E
:10158000342C012070B5002200E001321D2A1BDC42
:101590000E4B5100CB5A002BF7D0802109058C4609
:1015A00063449B001C7F032CEFD01D6A067A417AAE
:1015B00009023143090409148D42E6D15C77032105
:1015C000197700219970E0E770BDC046342C0120E6
:1015D00010B500241D2C0CDC074B6200D35A002BE5
:1015E00001D00134F6E7FFF78FFF034B6400185377
:1015F00010BD00BEFCE7C046342C0120F0B5CE463D
:1016000000B582B0070089460192002903D0002668
:101610000124644238E0037A407A0002184300044F
:101620000014FFF791FFF2E780231B02B360BA7A40
:10163000FB7A1B0213431B041A14DB139B189B0039
:101640006E4A1268D3180A229A5ED3009B189B0038
:101650006B4A1268D318DB79EB710023E95E8903CA
:10166000280004F02BF83061002373613377AB79E5
:101670007C229343AB7128001C30162109F0ECFB4F
:101680003000FFF7A5FF01262100380004F0AEF876
:10169000041E00DAACE05A4B1D68E3001B199B00E6
:1016A000ED18EB8A002BEFD106212820E1F7C8F9CD
:1016B000060005F0F9FB24234A46F2547560300019
:1016C000FFF722FFE8820323B3700023B3773A7A4F
:1016D0007B7A1B0213431B041B1433624B46042BFF
:1016E000CED89B00474AD3589F4680231B02B36045
:1016F000BA7AFB7A1B0213431B041A14DB139B18E0
:101700009B003E4A1268D3180A229A5ED3009B18A7
:101710009B003B4A1268D318DB79EB710022AB5E69
:101720009B03019A12049B18336100237361337782
:1017300028001C30162109F08FFBA1E78023DB0273
:10174000B360280003F066FFF0600022AB5E9B03ED
:10175000984200DDF3600022AB5E9B033361692396
:101760007361683B337728001C30122109F074FB49
:1017700086E780231B03B360280003F04BFFF06073
:101780000022AB5E9B03984200DDF3600022AB5E5B
:101790009B03336169237361683B337728001C30F6
:1017A000122109F059FB6BE780235B02B36028002C
:1017B00003F030FFF0600022AB5E9B03984200DD37
:1017C000F360280003F050FF30610022AB5E9B0302
:1017D000984200DA336169237361F7F779FC0123DA
:1017E0000340337728001C30122109F035FB47E70E
:1017F000300002B080BCB946F0BDC04634140320AE
:10180000C412032078F5041070B5002407E080228C
:101810001205944663449B00984209D001341D2C64
:101820000FDC094B6200D35A002BF0D10023F3E701
:1018300043680025DD8205F05DFB034B6400E55243
:1018400070BD00BEFCE7C046342C012030B583B02B
:101850000400037F012B4BD0022B61D0002B53D10E
:10186000837F026981684068012501950025009504
:10187000FAF7D2FB05002423E35C023BDBB2012B29
:1018800018D9012D20D0022D3ED16369A361022316
:10189000237760681C30132109F0DEFA2423E35C0F
:1018A000032B1ED8022B1FD2012B2DD12000FFF7B6
:1018B000ABFF29E0254B1B685B07E2D160681C3059
:1018C000162109F0C9FADCE7A37F002BDBD163699D
:1018D000A3610123237760681C30122109F0BCFA50
:1018E00012E0042B10D1E1E72000FFF78DFF0BE0A1
:1018F000C2688168406801235B4201930023009322
:10190000FAF78AFB022801D003B030BD6369A361F6
:101910000223237760681C30132109F09DFAF3E756
:101920008369013B8361002BEED140680022835E16
:101930009B03E268934206D0012323771C301221D7
:1019400009F08AFAE0E700232377F7E798F302200B
:10195000032905DC1A3189000B589B1A0B5070477C
:101960001A3189000B589B1A0B50F8E710B58269A1
:10197000054B1A4200D110BD044B054A7C21054895
:10198000FF31E7F777FDC0460100001074670310D0
:101990009CF504108C67031010B58269074B1A423E
:1019A00007D04179064BCA00521AD2009B18586AD8
:1019B00010BDFFF7DBFFC06BFAE7C0460100001067
:1019C00054A20410F0B5D6464F464646C0B50700AF
:1019D000884692460B000B331B01C318043399460B
:1019E00014E043460B331B01FF1800237B60E0BC6F
:1019F000BA46B146A846F0BD43460B331B01FB185F
:101A00005A68128992469B68002BF0D15346002BEE
:101A1000E7D05C00E01880000B4E801945460B357E
:101A20002D017D196860F5F719FFA8605444A400E2
:101A300036197368002BDFD04946380098476B6829
:101A4000002BD9D1D3E7C0464CC0041010B5040018
:101A50005D23C35C0A2B16D05D23E35C072B17D0F4
:101A60005D21605C0D4B4200121892009B185A8851
:101A70000A236354B63380210904E1500021200079
:101A8000FFF7A0FF10BD5233C25C0133C254E3E73D
:101A900020680A2109F08AFAE2E7C046A49B0410F4
:101AA00010B55C23C25C444953009B189B005B5CEF
:101AB000062A0ED0082A0AD00121052B00D179E090
:101AC0001A339B001B588B4234DB012071E002214A
:101AD000F3E72821F1E76623C356002B06D0C36E37
:101AE000022B03DD354B1B78022B0AD06123C35632
:101AF000002B0AD0836E002B07D05D230321C15435
:101B000014E05B330821C15410E06023C356002B5E
:101B100006D0C36E002B03D05D230221C15405E023
:101B2000836E002B15D05D230121C1545D23C35C5E
:101B30000A2B34D16323C356002BCCD0036F002B68
:101B4000C9D01E4B1B78002BC5D05D230521C15485
:101B5000ECE76523C356002B03D05D230721C15456
:101B6000E4E76223C356002B06D0436F002B03D05B
:101B70005D230421C154D9E76423C356002B0AD046
:101B8000036F282B07DD0D4B1B78002B03D05D2343
:101B90000621C154CAE75D230021C154C6E7064BA4
:101BA00051008A1892009B189A880021FFF70AFFBB
:101BB000002010BD0120FCE7A49B04105525002047
:101BC00010B50400FFF76CFF002800D110BD20689D
:101BD0009A21FEF7ADFC5C23E15C074B4A005218EA
:101BE00092009B181A8900212000FFF7EBFE206865
:101BF0000100F8F723F9E9E7A49B041010B55C2372
:101C0000C15C054B4A00521892009B189A8800212B
:101C1000FFF7D8FE10BDC046A49B0410F8B5040021
:101C20000D000068C3889A3B9BB2012B1ED95C2330
:101C3000E35C072B1ED05D23E35C0A2B23D1236AD0
:101C4000002B20D0E37ADB072AD58823E356002B2C
:101C500005D05C23E35C042B25D0062B23D08823FE
:101C60000122E2542000FFF7ABFF18E09521FEF7B8
:101C70005FFCDCE72A68204B9A42DCD120680B210C
:101C800009F094F9D7E75C23E15C1C4B4A00521839
:101C900092009B189A8800212000FFF793FEF8BD60
:101CA00088230022E254164B1E68F601FC235B01D8
:101CB00033408022120194466344124F5A00D15B94
:101CC0001B01802252021340C91AE069DFF7B9FFF5
:101CD00080235B029C466044A860F8231B011E40E1
:101CE0007600B95BE069DFF7ACFF80239B039C467D
:101CF0006044E860D3E7C04670C30410A49B04109E
:101D000098F30220FCE9031010B5C37ADB0703D572
:101D10005D23C35C0A2B05D090230022C250FFF73D
:101D2000BFFE10BD036A002BF6D09022835801330A
:101D30008350FFF745FFF4E710B5FFF7B1FE10BD84
:101D400010B5CB68C022D20294466344CB60802297
:101D5000120493420BDB0379012B09D0036A002B99
:101D600008D05D23C25C013BC254FFF76FFE10BD7B
:101D7000CA60FCE700220021FFF724FEF7E700001D
:101D800010B5CB680A4A94466344CB608022920324
:101D9000934200DD10BDCA605C23C15C054B4A0064
:101DA000521892009B18DA880021FFF70BFEF1E72A
:101DB0000000FAFFA49B041010B5040000689B21EA
:101DC000FEF7B6FB5C23E15C054B4A00521892001B
:101DD0009B185A8901212000FFF7F4FD10BDC04671
:101DE000A49B0410F0B5C64600B582B00400F7F716
:101DF0006FF90A21E8F74CFD01314D00236B002BF0
:101E000002D0AB005D196D002068FFF7AFFDC76A17
:101E1000F7F784F98604F6198027FF0320683A0053
:101E20003100FDF7FFF80300206800953A0031000B
:101E3000FDF766F90E4B1B68002B15D02068532167
:101E400009F0B4F82068C5680669094B1B68DF68AB
:101E50001B699846FFF78AFD040043463A003100AB
:101E6000280006F083FBE06202B080BCB846F0BDFB
:101E700034F80220F0B583B00400F7F729F90A21FD
:101E8000E8F706FD01314E002068FFF76FFDC76AD5
:101E9000F7F744F98504ED19264F20683A00290028
:101EA000FDF7C0F80300206800963A002900FDF70E
:101EB00027F9214B1B68002B24D020680D2109F045
:101EC00075F820681C4B1A681369D2680169C068EC
:101ED00006F04CFB05002068FFF748FDC36AEA1ACC
:101EE000802109068A4217D914498A420FDA144B15
:101EF0009C466544C5622268936980210B439361C7
:101F000003B0F0BD20680C2109F050F8F8E70B4A47
:101F100094466344C362EEE70A498A4204D90A4BF5
:101F20009C466544C562E6E7064A94466344C3623C
:101F3000E1E7C0460100400034F80220CDCCCCFCE3
:101F4000C3300C03333333033DCFF3FC10B504002F
:101F50005C23C15C064A4B005B189B00995C012224
:101F6000FFF7F6FC20682121FFF728FA10BDC046D4
:101F7000A49B041010B504005C23C15C064A4B000E
:101F80005B189B00995C2822FFF7E2FC2068232164
:101F9000FFF714FA10BDC046A49B041070B50400EE
:101FA0005C26825D0E4D53009B189B00595D0122FB
:101FB000FFF7CEFCA25D53009B189B00ED186D89C6
:101FC000F7F786F801230340EA1892B201212000B6
:101FD000FFF7F8FC20682221FFF7F0F970BDC0463A
:101FE000A49B041070B50400FFF7C0FCC56A8022F2
:101FF000D20429002000FDF715F8104B1860104B93
:102000001B68002B00D070BD8022D2048023DB042B
:10201000E9182000FDF706F8084B1860084B1B680C
:10202000002BF0D1FC231B06E9188022D2042000EB
:10203000FCF7F8FF014B1860E5E7C046AC2E012025
:1020400034F80220F0B583B004000E00F7F740F832
:102050000321E8F71DFC01318D006D182000FFF70A
:1020600085FCC76A002E0AD0074B1B6880220095AA
:10207000120539002000FDF743F803B0F0BDF7F773
:102080004DF880043F18EFE7AC2E012070B5040036
:102090000068012108F08AFF20689B21FEF748FABA
:1020A0005C26A25D0F4D53009B189B00595D0122D9
:1020B0002000FFF74DFCA25D53009B189B00ED181C
:1020C0006A8901212000FFF77DFC2068FFF78AFF65
:1020D0009023E1584B425941C9B22068FFF7B2FF43
:1020E00070BDC046A49B041070B5050000680221B5
:1020F00008F05CFF28689B21FEF71AFA5C26AA5DAF
:102100000F4C53009B189B00195D01222800FFF71C
:102110001FFCAA5D53009B189B00E41862890121F3
:102120002800FFF74FFC2868FFF75CFF002404E05D
:1021300028680021FFF786FF0134062CF8DD70BD0A
:10214000A49B0410F0B5C64600B582B00600006836
:10215000042108F02BFF30689B21FEF7E9F95C258C
:10216000725D1F4C53009B189B00195D02223000CA
:10217000FFF7EEFB725D53009B189B00E418628929
:1021800001213000FFF71EFC3068FFF72BFF002510
:1021900020E0F6F79DFF0321E8F77AFB01318F007D
:1021A0007F183068FFF7E2FBC36A9846F6F7B6FF80
:1021B000C404444433689846F6F7B0FF4301094A23
:1021C00012689B1880220097120521004046FCF7F8
:1021D00097FF0135132DDCDD02B080BCB846F0BDA1
:1021E000A49B0410AC2E0120F8B504000D0000687B
:1021F000012108F0DBFE5C23E15C224A4B005B1806
:102200009B009B5C1A339B001B59002B00D1F8BD2F
:1022100020689B21FEF78CF95C27E25D194E530084
:102220009B189B00995D01222000FFF791FB296814
:10223000E25D53009B189B00F6180A23F25E5300E0
:102240009B189B00C918104BC91A89108B005B188A
:102250001A019B181A029B181A049A185200521855
:1022600092B201212000FFF7ADFB2068FFF7BAFE14
:102270009023E1584B425941C9B22068FFF7E2FE72
:10228000C5E7C046A49B0410BCC20410B0230022C2
:10229000C2547047B0230122C2547047B0230222B7
:1022A000C2547047F8B5CE46474680B580460025F3
:1022B00012E000272EE0F6F70BFF0723034001335F
:1022C000F61801340E2CF6DD214B186833003A0065
:1022D0003900FBF745F80135272D34DC4046FFF780
:1022E00045FBC46A6A0052199200521993019B1A65
:1022F00019035918C90049190919E0231B069C46FE
:1023000061444C23C75A002FD3D080231B059C4621
:102310006744BF008022D2043800FCF783FE0C4BD8
:1023200018680028D7D0C668036999464469FFF742
:1023300033FB801022182A2349463000FDF7E0FFC6
:1023400000260024BEE7C0BCB946B046F8BDC04672
:1023500034F8022010B50068092108F027FE10BDEE
:1023600010B5002206E013000B331B01C318002137
:1023700059600132012AF6DD5C23C25C0133C2548C
:10238000FFF764FB10BD70B506000400B4340025EF
:1023900001E001351034012D0FDC2268002AF8D04D
:1023A0006368591CF5D0013B6360002BF1D11289A1
:1023B00029003000FFF706FBEBE7BC23F25810338F
:1023C000F2500C3BF2581033F25070BD00207047B1
:1023D000064B19680B794A7912021A438B791B0450
:1023E0001343C879000618431F307047C82A0320DA
:1023F00010B5026883689A4218D0037B072B15D961
:102400000368826893420AD24268591C01601A70BC
:1024100043681B0A4360037B083B0373EDE7044BEF
:10242000044AE4210448FF31E7F724F810BDC04610
:10243000609103107CF604107491031010B5037BB7
:102440009C18202C0CD8012494408C420FD944684D
:102450009940214341609B180373FFF7C9FF10BDEA
:10246000064B074AEC210748FF31E7F703F8064B14
:10247000034AF62103484900E6F7FCFFB891031030
:102480008CF6041074910310CC91031010B5010068
:10249000024B18680122FFF7D1FF10BDD4130320AF
:1024A00010B5FFF7F3FF10BD70B5040015008842AA
:1024B00005D00120FFF7EAFF2000A84770BD0020EB
:1024C000FFF7E4FFFAE770B505000C000904090CFA
:1024D0001022FFF7B3FF210C10222800FFF7AEFFF8
:1024E00070BD000010B50100024B1868FFF7EBFF4C
:1024F00010BDC046D413032010B504000268002AA2
:1025000018D00E4BD21A921093009B1819015B1829
:1025100019025B1819045B185B009818FFF7E2FFBB
:102520006068FFF7DFFFA068FFF7DCFFE068FFF7F8
:10253000D9FF10BD0020FFF7D5FFF1E74CC0041014
:1025400010B503000A00034908681900FFF776FF79
:1025500010BDC046D413032010B50821FFF7F0FFCB
:1025600010BD10B50321FFF7EBFF10BD10B581B210
:10257000024B18681022FFF761FF10BDD41303202F
:1025800010B504000078FFF7E7FF6078FFF7E4FF7D
:102590000223E05EFFF7EAFFA079FFF7E7FF20796B
:1025A000FFF7DAFF6079FFF7D7FF10BD70B50400C1
:1025B0000079FFF7D1FFA01DFFF7E2FF2069FFF7C9
:1025C00091FF6069FFF78EFFA069FFF78BFFE0695D
:1025D000FFF788FF206AFFF785FF606AFFF782FF39
:1025E000A06AFFF77FFF002507E02B000A339B005E
:1025F000E3185868FFF776FF0135052DF5DD002556
:1026000005E0631944331878FFF74AFF0135052DBB
:10261000F7DD4A23E05CFFF743FF0025032D08DCCC
:102620002B0012339B00E3185868FFF75BFF01355E
:10263000F4E75C23E05CFFF78FFF5D23E05CFFF7CE
:102640008BFF002505E063195E331878FFF728FF3C
:102650000135082DF7DD0025032D07DC2B001A338B
:102660009B001859FFF73EFF0135F5E70025032DC4
:1026700007DC2B001E339B001859FFF733FF013591
:10268000F5E78823E056FFF72DFF8923E056FFF793
:1026900029FF8C23E058FFF725FF9023E058FFF730
:1026A00021FF9423E058FFF71DFF9823E058FFF720
:1026B00019FF9C23E058FFF715FFA423E058FFF70C
:1026C00011FFA823E058FFF70DFFB023E056FFF7F6
:1026D00009FFB123E056FFF705FFB223E056FFF7ED
:1026E00001FF002507E028000B300001201804300E
:1026F000FFF702FF0135012DF5DDB323E05CFFF7A5
:10270000CFFE70BD10B58B0402D48913018010BDBB
:10271000024B034A0348B821E6F7ACFE68A6031053
:1027200054F6041088A6031010B58B0402D4891344
:10273000418010BD024B034A0348C021E6F79AFED0
:1027400068A6031038F6041088A6031010B5826935
:10275000054B1A4200D110BD044B054A7C210548A7
:10276000FF31E6F787FEC0460100001074670310D2
:1027700018F604108C67031010B58269074B1A42D3
:1027800007D04179064BCA00521AD2009B18586AEA
:1027900010BDFFF7DBFFC06BFAE7C0460100001079
:1027A00054A2041010B58269074B1A4207D0417930
:1027B000064BCA00521AD2009B18186A10BDFFF7C8
:1027C000C5FF806BFAE7C0460100001054A2041058
:1027D00010B500280FD0094A094BC318934204D8FA
:1027E000830702D18003000C10BD064B064A074840
:1027F000CC21E6F73FFE0020F6E7C046FCFF0300D1
:10280000FCFFFFDFDC4A031008F6041020910310E0
:1028100010B50400037B172B0FD8026843689A4257
:1028200011D023685A1C22601978237BA268994032
:102830000A43A2600833237310BD044B044A0548C1
:102840008D21E6F717FE0CF0E5FAEAE7584303108E
:102850009CF604107491031070B504000D0020293B
:1028600008DD0B4B0B4A0C489A21E6F703FE2000CB
:10287000FFF7CEFF237BAB42F9DBEAB29B1A23734F
:10288000A2681000E840A060A840504070BDC0465B
:10289000A4430310ACF604107491031010B5034B5D
:1028A00018680121FFF7D8FF10BDC046D0130320E0
:1028B00010B5FFF7F3FFC0B210BD70B504000D00F6
:1028C000FFF7ECFF002801D0A8470400200070BDEE
:1028D00070B505001021FFF7BFFF0400102128008C
:1028E000FFF7BAFF0004204370BD000010B5024B93
:1028F0001868FFF7EDFF10BDD013032010B50400DA
:10290000FFF7F4FF00280FDD43001B189B00084A67
:102910009B182360FFF7EAFF6060FFF7E7FFA06006
:10292000FFF7E4FFE06010BD00232360F2E7C0463C
:102930004CC0041010B5034B18680821FFF78CFF3A
:10294000C0B210BDD013032010B50100024B1868AF
:10295000FFF782FF10BDC046D013032070B50220E0
:10296000FFF7F2FF0400002505E0FFF7E3FFE300B7
:10297000984005430134032CF7D9280070BD10B5E9
:102980000320FFF7E1FF10BD10B5034B18681021BD
:10299000FFF762FF00B210BDD013032010B5040092
:1029A000FFF7C8FF2070FFF7C5FF6070FFF7ECFF6F
:1029B0006080FFF7E9FFA071FFF7BCFF2071FFF710
:1029C000B9FF607110BD70B50400FFF7FFFC060091
:1029D0002060FFF7AFFF2071A01DFFF7DFFFFFF7BB
:1029E00085FF2061FFF782FF6061FFF77FFFA06135
:1029F000FFF77CFFE061FFF779FF2062FFF776FFCA
:102A00006062FFF773FFA062002507E0FFF76EFF2B
:102A10002B000A339B00E31858600135052DF5DDC6
:102A2000002505E0FFF744FF6319443318700135B2
:102A3000052DF7DDFFF73CFF4A23E0540025032D69
:102A400008DCFFF753FF2B0012339B00E31858609C
:102A50000135F4E7FFF76EFF5C23E054FFF76AFFF0
:102A60005D23E054002505E0FFF722FF63195E3384
:102A700018700135082DF7DD0025032D07DCFFF761
:102A800035FF2B001A339B00E0500135F5E7002598
:102A9000032D07DCFFF72AFF2B001E339B00E050BD
:102AA0000135F5E7FFF722FF8823E054FFF71EFF0B
:102AB0008923E054FFF71AFF8C23E050FFF716FF3D
:102AC0009023E050FFF712FF9423E050FFF70EFF32
:102AD0009823E050FFF70AFF9C23E0500433E650B0
:102AE000FFF704FFA423E050FFF700FFA823E05006
:102AF0000433E650FFF7FAFEB023E054FFF7F6FE8A
:102B0000B123E054FFF7F2FEB223E054002507E0C2
:102B100028000B30000120180430FFF7EFFE0135CC
:102B2000012DF5DDFFF7C4FEB323E05470BD70B591
:102B3000051E0CD0E7F77AFEC31707261E4036188D
:102B4000F61002213000FFF7FBFC002403E003260F
:102B5000F7E72D0A0134B442FBD304E0E8B2FFF7F3
:102B6000FBFC2D0A0134032CF8DD70BD030030336B
:102B7000014803707047C046B840012010B50400FA
:102B8000FFF78CFE002802D10023237010BD0A231A
:102B90002370FBE710B50230FFF7F0FF10BD000017
:102BA000F8B5CE46474680B5FFF7C4FE0700D04BC8
:102BB000C200121AD2009B181A6BCE4B1A4200D1D7
:102BC000E4E0202004F09AF904004771FFF7DCFEEE
:102BD00060816179C64BCA00521AD2009B181B6BE8
:102BE000A3612000FFF7D6FFFFF758FE002800D0B2
:102BF000CEE06189C04A8B005B185B001168CA187F
:102C0000C95C53781B020B431B04E3609178D378B3
:102C10001B020B431B0423612169E06805F012FECF
:102C2000028853009B189B00B44A1168C9188A791E
:102C3000CB791B0213431B041A145B139B1A5B0012
:102C4000AF4A1268D218087A4B7A1B0203431B045E
:102C50001B1404335B00D3189A78DB781B021343F0
:102C60001B041A14DB139B189B00A64A1268D31886
:102C70000A229B5ED900C918CB005B1A9A019B18E7
:102C8000DB005B18DA03D31ADB005B182381A2692F
:102C9000984B1A4200D182E0FFF700FE002800D0D6
:102CA000B9E0A269934B1A4200D1AFE02289D30068
:102CB0009B189B00944A1268D35E9B036361A269D0
:102CC0008C4B1A4200D1C7E0A2698A4B1A4200D14C
:102CD000DBE08E4A8E4901204042FFF7EEFD207175
:102CE0006279834FD3009B1ADB00FB185888894A0E
:102CF0008949FFF7E2FDE080A069884A8849FFF72B
:102D0000DCFDA0616279D3009B1ADB00FF183B6BEE
:102D1000DB0003D580235B050343A361A169754BE9
:102D2000194200D112E1A269724B17001F401A42EA
:102D300000D150E1A2696F4B1A4222D1002D00DC74
:102D40005AE16B1ED4255D43764BED182000FFF74A
:102D5000FDFC07002800FFF73BFD4E2578532000BF
:102D6000FFF7F4FC435B002B00D143E18022120506
:102D7000944663449B001C602000FFF7E7FC22237D
:102D8000C6542000C0BCB946B046F8BD542019E76F
:102D9000FFF7ACFDE060FFF7A9FD20613CE761793A
:102DA000534BCA00521AD2009B18586A5E4A5C49BB
:102DB000FFF783FD07002000FFF7C8FCC7632289E7
:102DC000D3009B189B00504F3A68D05E574A584B2F
:102DD000800398461900FFF770FD81462000FFF739
:102DE000B5FC4B4603632289D3009B189B003A68CD
:102DF000D3180220185E4F4A80034146FFF75DFD5D
:102E000007002000FFF7A2FC476345E72000FFF71B
:102E10009DFC036B52E7FFF741FD002818D1A26922
:102E2000344B1A420FD02289D3009B189B00364A9C
:102E30001268D3180227DF5FBF032000FFF79CFC56
:102E40003F1A67613BE72000FFF780FC476BF4E720
:102E5000FFF74CFD606132E76189274A8B005B1800
:102E60005B001268D3181A795F793F0217433F0459
:102E70003F142000FFF76AFC80462F4A2C49380493
:102E8000FFF71BFD4346D8621EE76179184BCA0065
:102E9000521AD2009B18186A284A214F3900FFF7AE
:102EA0000CFD80462000FFF751FC43468363244A13
:102EB00039000020FFF701FD80462000FFF746FCA7
:102EC000434603641F4A39000020FFF7F6FC8046A2
:102ED0002000FFF73BFC434643641B4A39000020B7
:102EE000FFF7EBFC07002000FFF730FC8764F0E6FB
:102EF00054A2041001000010FCF80220C8120320A4
:102F0000B0F7022034140320C4120320A0AB031036
:102F100035290210A8AB031089290210B0AB0310A9
:102F2000ED280210480703205CAB031064AB0310CC
:102F30005D2902106CAB031078AB031080AB03105B
:102F400088AB031090AB031098AB03102E4FD30047
:102F50009B1ADB00FB180420185E2C4A2C49FFF753
:102F6000ACFC80462000FFF7F1FB4346838403203E
:102F7000FFF7EAFC80462000FFF7E8FB20234246EB
:102F8000C254244A24490020FFF797FC80462000C1
:102F9000FFF7DCFB434683626279D3009B1ADB00B8
:102FA000FF18092038561D4A1D4F3900FFF785FCD0
:102FB00080462000FFF7CAFB21234246C254194A2B
:102FC00039000020FFF779FC07002000FFF7BEFB67
:102FD0002323C754A7E6FFF761FC002805D1022090
:102FE000FFF7B2FC06003D00A4E60220FFF7ACFCB0
:102FF000471CF4E70023BEE62000FFF7A7FB4E23A3
:103000000022C252B8E6C04654A20410B8AB031066
:1030100089290210C0AB0310ED280210C8AB0310C1
:1030200035290210D4AB031010B50400FFF7B2FD30
:10303000FFF780FC2071FFF7A7FCC3001818800081
:103040000C4B1B681B18A360FFF750FCE060FFF7F8
:103050004DFC2061FFF74AFC6061FFF729FC2076F8
:10306000FFF744FCE061FFF741FC2062FFF73EFC04
:10307000606210BDC412032010B50400FFF78AFD82
:10308000FFF758FC2071FFF77FFCC3001818800081
:10309000094B1B681B18A360FFF728FCE060FFF7D3
:1030A00025FC2061FFF722FC6061FFF71FFCA06197
:1030B000FFF71CFCE06110BDC412032010B5040032
:1030C000FFF768FDFFF736FC2071FFF7F1FB607139
:1030D000FFF75AFCC300181880000A4B1B681B1826
:1030E000A360FFF703FCE060FFF700FC2061FFF73F
:1030F0004BFCA082FFF7FAFBA061FFF7F7FBE06152
:1031000010BDC046C412032010B50400FFF742FDF5
:10311000FFF73AFCC30018188000124B1B681B18FD
:103120006360FFF7E3FBA060FFF7E0FBE060FFF701
:10313000DDFB2061FFF7DAFB6061FFF7D7FBA061E1
:10314000FFF7F8FB2077FFF7F5FB6077FFF7B0FBA1
:10315000A077FFF7CBFB2062FFF7ECFB2423E054C2
:1031600010BDC046C412032010B50400FFF712FDC5
:10317000FFF70AFCC300181880000A4B1B681B18D5
:103180006360FFF7B3FBA060FFF7B0FBE060FFF701
:10319000ADFB2061FFF7AAFB6061FFF7A7FBA06111
:1031A00010BDC046C412032010B50400FFF7F2FCA6
:1031B000FFF7EAFBC300181880000A4B1B681B18B6
:1031C0006360FFF793FBA060FFF790FBE060FFF701
:1031D0008DFB2061FFF78AFB6061FFF787FBA06131
:1031E00010BDC046C412032010B50400FFF7D2FC86
:1031F000FFF7CAFBC30018188000074B1B681B1899
:103200006360FFF773FBA060FFF770FBE060FFF700
:103210006DFB206110BDC046C412032010B5431ED3
:103220009841FFF733F910BD10B58078FFF7F6FF2E
:1032300010BD000070B504004079FFF78DF90A2336
:10324000E05EFFF793F92000FFF7EEFFE068618989
:10325000D64A8B005B185B001168CA18C95C5378AA
:103260001B020B431B04984208D121699078D37844
:103270001B0203431B04994200D169E00120FFF7C0
:1032800005F9E068FFF72EF92069FFF72BF9A2692D
:10329000C74B1A4260D06669A269C54B15001D4034
:1032A0001A4200D1A5E02289D3009B189B00C14A95
:1032B0001268D35E9B039E4200D19FE0002D00D197
:1032C000A0E02289D3009B189B00BA4A1268D31849
:1032D00002255D5FAD032000FFF74EFA2D1AAE42C6
:1032E00000D194E002210320FFF72AF96069FFF77B
:1032F000F9F8A269AE4B1A4200D18DE0A269AC4B3D
:103300001A4200D19DE004202056AB4BAB4A01216C
:103310004942FFF7C9F8E0886279A94DD3009B1AAA
:10332000DB00EB185988A74BA74AFFF7BDF8A06947
:103330006279D3009B1ADB00ED18296BA34BA44ADA
:10334000FFF7B2F8A2699A4B1A4200D1A4E070BD0F
:103350000020FFF79BF89AE72000FFF70DFA61794C
:10336000974BCA00521AD2009B18596A994B984A37
:10337000FFF79AF8A2698E4B1A4230D02289D30007
:103380009B189B008B4A1268D05E80032289D30071
:103390009B189B00874A1268D15E8F4B8F4A890326
:1033A000FFF782F8A269824B1A421DD02289D3000E
:1033B0009B189B007F4A1268D3180220185E800376
:1033C0002289D3009B189B007A4A1268D3180221E5
:1033D000595E834B814A8903FFF766F85BE720005B
:1033E000FFF7B4F9006BD1E72000FFF7AFF9406BAE
:1033F000E6E72000FFF7AAF9036B5CE70020FFF780
:1034000045F876E72000FFF7A1F9456B63E7022155
:103410000120FFF795F86CE72000FFF797F9C06AE5
:103420006189624A8B005B185B001268D3181A79B5
:103430005979090211436B4B684A0904FFF734F8C4
:103440005CE72000FFF7AEF961795D4BCA00521AC4
:10345000D2009B18196A644B5D4D2A00FFF724F8CF
:103460002000FFF773F9006C604B2A000021FFF782
:103470001BF82000FFF76AF9406C5D4B2A00002121
:10348000FFF712F82000FFF761F9806C594B2A0012
:103490000021FFF709F836E72000FFF757F924234A
:1034A000C05E6279464DD3009B1ADB00EB18042105
:1034B000595E514B444AFEF7F7FF2000FFF746F9EB
:1034C0002023C0560321FFF73BF82000FFF73EF909
:1034D000806A4A4B3E4A0021FEF7E6FF2000FFF7D4
:1034E00035F92123C05C6279D3009B1ADB00ED180B
:1034F00009216956424B314D2A00FEF7D5FF2000C5
:10350000FFF724F92323C0563E4B2A000021FEF783
:10351000CBFF2000FFF71AF94E23C35A002B3DD0F2
:10352000A269234B1A4230D10120FEF7AFFF2000E1
:10353000FFF70CF94E23C35A002B2DD08022120521
:10354000944663449B00304A9B1A9B109A00D21801
:103550001102891A4902C91A0A01521AD200D21854
:103560005200D3181801C01A0221FEF7E9FFA26920
:103570000F4B1A4200D0EAE62000FFF7E7F82223BB
:10358000C0560221FEF7DCFFE1E6204B204AF52180
:1035900020488900E5F76EFF0023D4E7A269044BB9
:1035A0001A42E4D10020FEF771FFE0E7FCF80220A8
:1035B00001000010C4120320A0AB03105925021013
:1035C00054A20410A8AB03106D250210B0AB031079
:1035D000E52402105CAB031064AB03102F2B021028
:1035E0006CAB031078AB031080AB031088AB0310F7
:1035F00090AB031098AB0310B8AB0310C0AB031033
:10360000C8AB0310D4AB031048070320E0AB031092
:1036100024F60410F8AB031010B50400FFF704FE05
:103620002079FEF799FFA268134B1B68D21A9210FB
:10363000D3009B1A99015B18DB009B18D803C01AB2
:10364000C000801800B2FEF791FFE068FEF74AFF65
:103650002069FEF747FF6069FEF744FF207EFEF712
:103660001FFFE069FEF73EFF206AFEF73BFF606A3E
:10367000FEF738FF10BDC046C412032010B5040089
:10368000FFF7D2FD2079FEF767FFA2680F4B1B689A
:10369000D21A9210D3009B1A99015B18DB009B1879
:1036A000D803C01AC0008018FEF71CFFE068FEF7C0
:1036B00019FF2069FEF716FF6069FEF713FFA06986
:1036C000FEF710FFE069FEF70DFF10BDC4120320E6
:1036D00010B50400FFF7A8FD2079FEF73DFF6079E3
:1036E000FEF7DEFEA268114B1B68D21A9210D300BF
:1036F0009B1A99015B18DB009B18D803C01AC00005
:10370000801800B2FEF732FFE068FEF7EBFE20699A
:10371000FEF7E8FE1423E05EFEF728FFA069FEF73F
:10372000E1FEE069FEF7DEFE10BDC046C4120320D4
:1037300010B50400FFF778FD6268184B1B68D21AB9
:103740009210D3009B1A99015B18DB009B18D803D9
:10375000C01AC000801800B2FEF708FFA068FEF78C
:10376000C1FEE068FEF7BEFE2069FEF7BBFE6069A1
:10377000FEF7B8FEA069FEF7B5FE207FFEF7ECFE6F
:10378000607FFEF7E9FEA07FFEF78AFE206AFEF763
:10379000A9FE2423E05CFEF7DFFE10BDC412032067
:1037A00010B50400FFF740FD6268104B1B68D21A89
:1037B0009210D3009B1A99015B18DB009B18D80369
:1037C000C01AC000801800B2FEF7D0FEA068FEF755
:1037D00089FEE068FEF786FE2069FEF783FE6069D9
:1037E000FEF780FEA069FEF77DFE10BDC412032027
:1037F00010B50400FFF718FD6268104B1B68D21A61
:103800009210D3009B1A99015B18DB009B18D80318
:10381000C01AC000801800B2FEF7A8FEA068FEF72C
:1038200061FEE068FEF75EFE2069FEF75BFE606900
:10383000FEF758FEA069FEF755FE10BDC412032026
:1038400010B50400FFF7F0FC62680D4B1B68D21A3C
:103850009210D3009B1A99015B18DB009B18D803C8
:10386000C01AC000801800B2FEF780FEA068FEF704
:1038700039FEE068FEF736FE2069FEF733FE10BD24
:10388000C412032070B50500002402E0FEF764FEB8
:103890000134285D0028F9D103E00020FEF75CFE2A
:1038A0000134172CF9DDF3F7C9F8C0B2FEF754FE66
:1038B000FEF78EFDFEF716FE0E4B1878FEF74CFE57
:1038C0000D4B1878FEF748FE0C4B1878FEF744FEB7
:1038D0000024032C05DC0A4B185DFEF7D7FD0134EC
:1038E000F7E7084B18680002000A1821FEF728FEC7
:1038F00070BDC046F42E0320F12E0320F22E0320CB
:103900004407032098F3022010B5002402E0FFF7DB
:1039100011F80134172CFADDFFF70CF80400F3F767
:103920008DF8844201D0002010BDFEF7DFFF0400B7
:10393000FEF74EFD844201D00020F5E7FEF7FAFFC6
:103940000C4B1870FEF7F6FF0B4B1870FEF7F2FFEA
:103950000A4B1870002404E0FEF7A0FF084B18552E
:103960000134032CF8DD1820FEF7EEFF054B18603C
:103970000120D9E7F42E0320F12E0320F22E03209C
:103980004407032098F3022010B5FEF7D3FF1D383B
:1039900043425841C0B210BD10B51D20FEF7DCFDFA
:1039A00010BD000010B5002400E00134032C0ADC37
:1039B000054B1B5D002BF8D0D4206043034BC0188F
:1039C000FEF7F4FDF1E710BD44070320480703208C
:1039D000F8B5002400E00134032C12DC094B1B5D18
:1039E000002BF8D0D4266643074FF5192800FEF7C0
:1039F000EAFF0023F3512A00A0321360AC352B609C
:103A0000E9E7F8BD4407032048070320F0B5CE4698
:103A1000474680B585B0804B1D68002711E0002027
:103A2000FEF734FD7D4B19680B68009A9B1ADB008A
:103A30000A7B6846007B121A9B18072B58D0013767
:103A40002435774B1B88BB425CDD744B1B686A4690
:103A500051CB51C21B6813600120FEF717FD0023F4
:103A6000E85E8010FC00E41B64006E4E3368195F52
:103A70006D4B6E4A9046FEF717FD0223E85E8010FC
:103A800033681B190221595E694B4246FEF70CFD53
:103A9000E87933681B190421595E664B664A9146E2
:103AA000FEF702FD287A33681B190621595E634B25
:103AB0004A46FEF7F9FC0423E85E33681B19082127
:103AC000595E5F4B4246FEF7EFFCAB795B06DB0EBF
:103AD000326812190A21525E9342A0D00120FEF7EB
:103AE000D5FCA8794006C00E0521FEF729FD99E70F
:103AF0006B460A0051CB51C21B6813600020FEF7D1
:103B0000C5FC9CE74F4B0020185EFEF72FFD4E4B87
:103B10001D6800265CE04D4B4D4A4E484E49E5F786
:103B2000A9FC280004F092FF43425841FEF7AEFC86
:103B300065E00021380005F0F9F8020031E00021CD
:103B4000380005F031F9FEF7A1FC2CE00221380025
:103B500005F0ECF802002AE00221380005F024F913
:103B6000FEF794FC25E00121380005F0DFF80200A3
:103B700023E00134012C29DC231D5B00EB189A782B
:103B8000DB781B0213431B041B145A1CF1D0334A6D
:103B900017685A00D3189B00FF180423FA5E502AB6
:103BA000C7DD512ACBD90623FA5E502ACEDD512A31
:103BB000D2D90823FA5E502AD5DD502AD9D801215E
:103BC000380005F0F1F8FEF761FCD2E70E3501365A
:103BD000234B1B88B34219DD280004F037FF00286F
:103BE00008D0280004F032FF0400280004F0FEFE94
:103BF000844290D1280004F0F9FE002891D12800D9
:103C000004F09CFFFEF742FC0024B3E705B0C0BC03
:103C1000B946B046F0BDC046C4120320D4130320F9
:103C2000882E0320302A032034AC03106D250210A7
:103C300040AC031050AC0310592502105CAC0310CB
:103C400068AC0310782E0320B0F7022074AC031088
:103C50006CF60410F8AB0310640800003414032061
:103C6000802E0320F8B5CE46474680B5724B1C68BF
:103C7000002501E001352434704B1B88AB4250DD38
:103C8000FEF70CFE0028F5D0EE00761B76006C4B9C
:103C900098461B68985F6B4A6B4F3900FEF70DFE24
:103CA00001042000FEF72EFD43461B689B190220ED
:103CB000185E664A3900FEF700FE01042000FEF798
:103CC00033FD43461B689B190420185E604A614B14
:103CD00099461900FEF7F1FDE07143461B689B19F8
:103CE0000620185E5C4A4946FEF7E7FD207243460F
:103CF0001B689B190820185E584A3900FEF7DDFD45
:103D0000A080FEF7CBFD0028B4D00520FEF71CFEF6
:103D10001F2303409B00A0797C2290431843A0718D
:103D2000A8E7FEF731FE4E4B18804E4B1D6800266B
:103D30006FE0FEF7B3FD002874D0280004F020FEE9
:103D400070E0280004F030FF70E00021380004F03B
:103D5000EDFF80463EE0FEF7A1FD00283DD00123A7
:103D600042465A4011B2380005F04AF835E00221C7
:103D7000380004F0DBFF804634E0FEF78FFD0028BA
:103D800033D0012342465A4011B2380005F0ACF856
:103D90002BE00121380004F0C9FF80464346512B37
:103DA00029D90134012C32DC231D5B00EB189A78F1
:103DB000DB781B0213431B041B145A1CF1D02A4A44
:103DC00017685A00D3189B00FF180423FA5E502A84
:103DD000BBDD90464346512BBDD90623FA5E502ADF
:103DE000C5DD90464346512BC7D90823FA5E502AB9
:103DF000CFDD9046D2E7FEF751FD0028D1D0012358
:103E000042465A4011B2380005F034F8C9E70E3581
:103E10000136164B1B88B3420ADD280004F0E6FD8C
:103E2000002886D1FEF73AFD00288AD10024B9E7A0
:103E3000C0BCB946B046F8BDC4120320882E03208A
:103E4000302A032034AC03108929021040AC03103F
:103E500050AC0310352902105CAC031068AC0310A1
:103E6000782E0320B0F7022034140320802E032084
:103E700010B5134B1C88002C05D080231B059C46D5
:103E80006444A40009E0002407E00020FEF7FEFAE5
:103E90002000FFF7CFF906E00024094B9C420BD02D
:103EA000A378092BF1D02488002CF5D080231B05A2
:103EB0009C466444A400F0E70120FEF7E7FA10BD39
:103EC000141A032070B5314B1D88002D1DD080239E
:103ED0001B059C466544AD0007E00024AB78092B28
:103EE0000FD0280003F080F82500284B9D420ED00B
:103EF0002B88002BF1D080221205944663449C004D
:103F0000ECE72800FCF7D8FAEBE70025EDE702F034
:103F1000B9FF0FE0FEF71AFC00254C23C552200024
:103F2000FEF714FC5023C5520FE00923A3702000B4
:103F300002F0BAFFFEF7B2FC002826D1FEF730FEF1
:103F400004008269124B1A42E4D02000FBF794FE71
:103F5000A2690F4B1A42E8D10E4B1D682289D3008B
:103F60009B189B00EE5E2000FEF7F0FBB603066395
:103F70002289D3009B189B00ED180223ED5E2000E0
:103F8000FEF7E4FBAD034563CFE770BD141A0320D1
:103F900001000010C412032070B5354B1C88002CA2
:103FA0005DD080231B059C466444A40023E00025CB
:103FB0001D2D09DC2F4B6A00D65A2000FEF708FCA5
:103FC000864201D00135F3E71D2D0CDC0020FEF701
:103FD000C8FA2000FFF720FB05E00020FEF7C1FA39
:103FE0002000FFF719FB2488002C3AD080231B0502
:103FF0009C466444A4001E4B9C4234D0A378082BFA
:10400000F1D89B001C4AD3589F460120FEF7A9FA1D
:104010002000FFF733FBE6E70220FEF7A2FA2000BC
:10402000FFF756FBDFE70320FEF79BFA2000FFF7C0
:104030007FFBD8E70420FEF794FA2000FFF7B0FBDF
:10404000D1E70520FEF78DFA2000FFF7D1FBCAE784
:104050000620FEF786FA2000FFF7F2FBC3E70024F4
:10406000C9E70024C7E70720FEF77BFA70BDC0460A
:10407000141A0320F82B0120A8F5041070B516E0DF
:1040800005212820DEF7DCFC0400FEF7CDFFA56843
:104090002000FEF79DFBE882A378002B01D00123CE
:1040A000A370200002F000FF2000F5F75FF8FEF794
:1040B00066FCFF231840072866D88000344B1B5845
:1040C0009F4605212020DEF7BBFC0400FEF7D4FF4D
:1040D000A5682000FEF77CFBE8820223A370200085
:1040E00002F0E2FEE3E705212020DEF7A9FC040050
:1040F000FEF7E4FFA5682000FEF76AFBE8820723CD
:10410000A370200002F0D0FED1E705212820DEF7C1
:1041100097FC0400FEF7F8FF65682000FEF758FBE7
:10412000E882A378002B01D00323A370200002F0C3
:10413000BBFE2000FDF74CFAB9E705211C20DEF795
:104140007FFC0400FFF710F80523A370200002F0A5
:10415000ABFEACE705211C20DEF772FC0400FFF784
:1041600023F80623A370200002F09EFE9FE705219E
:104170001420DEF765FC0400FFF736F80823A3706F
:10418000200002F091FE92E700BE90E770BDC046AD
:10419000CCF5041010B5104B1B68002B02D00E4B51
:1041A000186810BD0C4B812252051A600A4B1C681E
:1041B00088235B059C42F2D280228021920049052F
:1041C00020000FF0D1FE0028E9D0034B802292039B
:1041D000944664441C60E9E7643D0120F8B5CE468E
:1041E000474680B505000C00FFF7D4FF021F374B90
:1041F0001E68374B1868017843781B020B4381789F
:1042000009041943C3781B060B43B14699440023A4
:1042100014E0D80028180026066046600133507864
:104220009842F6DCDA00AA18081D106057600A1FD1
:10423000012100E0002100293AD00133A34237DAFE
:1042400011785329F6D15078984225DBA04225DA1F
:104250009778D17809027F1804214942C91B511867
:1042600089451DD80E78B72E1CD14E78B0421BD18F
:104270008878844655207840C0B2844516D1C878E5
:104280008446381280465620404246467040C0B2AE
:104290008445C4D00021CEE70021CCE70021CAE745
:1042A0000021C8E70021C6E70021C4E70021C2E7DA
:1042B000A34206DADA00AA18002111605160013326
:1042C000F6E7C0BCB946B046F8BDC046182300208A
:1042D000C82A0320F0B5DE46574680B5A1B00500D8
:1042E0008B4692460393082110A8FFF777FFFFF74C
:1042F00051FF070000240023029300260AE0AC428D
:1043000013D0E30010AA944663445B680833F618A0
:1043100002940134072C0AD8E30010AA9B58002B02
:10432000F7D0AC42EBDA1F1FE9E70294F1E7584BF4
:104330001C68584B19680A784B781B0213438A781B
:1043400012041A43CB781B061343E418FFF722FF2D
:10435000001B801B53460833834205D9002021B03F
:10436000C0BCBB46B246F0BD0AF0E2FC029BAB42C9
:1043700024DDDB0010AA985800285AD0EB0010AAC0
:10438000995800295CD0043904385B46002B59D079
:1043900008235B4252469B1AFB180C1A002C53DD73
:1043A0001A1B0792089009948B4289414942019156
:1043B00003990091012107A80FF016FF5B46002B1F
:1043C00048D005AA53231370EDB255705346D8B2A6
:1043D0009070190AC9B2D17006ABB7241C705D7019
:1043E000552460409870562040424140D970391F92
:1043F0000791089204210991042252425046121A50
:10440000BA180A925A460B920C9008225242121A7B
:10441000BA180D920E930F9101230193039B009301
:104420003B00013907A80FF0DFFE0AF0E3FC012092
:1044300095E7194B194AAD2119480901E5F71AF812
:104440003900A1E73B00A8E7164B144A1448164967
:10445000E5F710F8029BAB42E7D1EB0010AA9A589F
:10446000002AE2D000230693ED0010AB5B195B68D5
:10447000D218079206AB089304230993131D012158
:10448000019103990091012107A80FF0ADFECCE73F
:1044900018230020C82A0320B4AC0310ECF5041044
:1044A000F8AB0310CCAC0310D50A0000827AC37AB3
:1044B0001B0213431B041B145A1C0ED0084A10681D
:1044C0005A00D3189B00074A1268D3180A229A5E32
:1044D000D3009B189B00C01870470020FCE7C04623
:1044E000C412032034140320027B437B1B021343BA
:1044F0001B041B145A1C0ED0084A10685A00D3180B
:104500009B00074A1268D3180A229A5ED3009B18B0
:104510009B00C01870470020FCE7C046C41203206F
:104520003414032010B58B0402D48913018010BD0C
:10453000024B034A0348B821E4F79CFF68A6031026
:10454000F8F6041088A6031010B58B0402D4891362
:10455000418010BD024B034A0348C021E4F78AFFA3
:1045600068A60310DCF6041088A6031070B5104B83
:104570001B885B430733DA1707241440E418E41060
:1045800005B22800DEF720F984420BDCAD00094BB0
:104590001B685B591B021B0A074A1268D318074A9B
:1045A000136070BD064B074A07480849E4F762FFED
:1045B000882E0320C0F8022018230020040B0320BB
:1045C0004C490310BCF60410E8AC0310EB030000E8
:1045D00010B504B22000DEF7F7F88008064B18800B
:1045E000A400064B1B681B591B021B0A044A1268D5
:1045F000D318044A136010BD962E0320C0F8022081
:1046000018230020F41B032010B500B28300094AD0
:104610001268D3581B021B0A074A1468E418DEF715
:10462000D3F80C21E6F75CF9044B1880044B1C60AE
:1046300010BDC046C0F80220182300208A2E032097
:10464000C812032010B504B22000DEF7BDF8C30F76
:1046500018184010064B1880A400064B1B681B5905
:104660001B021B0A044A1268D318044A136010BDC7
:10467000922E0320C0F8022018230020E817032000
:10468000F8B507B2BB002A4A1268D3581B021B0AAE
:10469000284A1568ED183800DEF796F80E21E6F77F
:1046A0001FF9254C20800004030C400BC01880002B
:1046B0000521DEF7C5F9214E30602388DA00D218D3
:1046C00092000021E7F730FA1D4B1D603468002688
:1046D00025E00023E95E09042000FFF723FF022301
:1046E000E95E09042000FFF72FFF0422AB5EE371AF
:1046F0000622AB5E23720822AB5EA3806B891F2269
:104700001A409200A3797C218B431343A3710C229E
:10471000AB5E63810023A382013624340E35064B41
:104720001B88B342D5DC3800DEF776F8F8BDC0460A
:10473000C0F8022018230020882E0320C412032072
:10474000302A032010B504B22000DEF73DF81C210A
:10475000E6F7C6F8064B1880A400064B1B681B59E9
:104760001B021B0A044A1268D318044A136010BDC6
:10477000862E0320C0F80220182300207404032092
:1047800070B500B28300224A1268D3581B021B0A7C
:10479000204A1568ED18DEF717F80A21E6F7A0F8A9
:1047A00006001D4B1D601D4B1880002404E0A0B2C4
:1047B000FCF7BAFB01340A35B44211DA184B1B7806
:1047C000022BF4D0AA79EB791B0213431B041B14B0
:1047D000403B9BB2192BEAD8124ADA40D207E6D501
:1047E000114B1B785BB2002B10D070BD0F4A00211B
:1047F000D1540133032BF8DC0D4AD25C002AF5D0EA
:104800000A4AD25C002AF1D100BEEFE70023F1E7AB
:10481000C0F8022018230020FCF80220842E032078
:1048200055250020BF001003DD2E0320C00A032001
:104830004407032070B500B283001D4A1268D358A4
:104840001B021B0A1B4A1468E418DDF7BDFF0E218A
:10485000E6F746F8184D2880184B1C600404240C19
:104860001F34E41005212000DEF7EAF8144B18602D
:104870002A88144B1B889A4214D305212000DEF7A6
:10488000DFF8114B186022000021E7F74DF90521F0
:104890002000DEF7D5F80D4B186022000021E7F765
:1048A00043F970BD0A4B0B4A0B480C49E4F7E2FD93
:1048B000C0F8022018230020802E0320B0F7022029
:1048C000A0F70220882E03209CF70220A4F70220E4
:1048D00024AD0310CCF60410E8AC03104202000033
:1048E00010B50C4B00221A7004B22000DDF76CFFEB
:1048F0000C21E5F7F5FF084B1880A400074B1B6857
:104900001B591B021B0A064A1268D318054A13607A
:1049100010BDC046222F03208C2E0320C0F8022099
:10492000182300203414032010B500B28000154B6A
:104930001B681A581202120A134B1B689B18134A61
:10494000136019000831124A116000215A5E1204E6
:1049500010490A6002215A5E12040F490A609A88BF
:104960000E490A80DC880E4B1C80544364000521EC
:104970002000DEF765F80B4B186022000021E7F7F6
:10498000D3F810BDC0F8022018230020C02C01204D
:10499000BC2C0120C42C0120C82C0120642E032033
:1049A000622E0320B82C0120F0B5C64600B584B0B5
:1049B000904B1D68904B00221A60002701E00E35D5
:1049C00001378E4B1B88BB421ADD8B4B1E68721C55
:1049D0001A602800FFF76AFD83890133838128006C
:1049E000FFF782FD041EEAD02800FFF75FFD844236
:1049F000E5D0A3890133A3817F4B02361E60DEE739
:104A00007D4C206840000521DEF71AF87C4B1860C9
:104A10000023236000210EE0774C2068794BCA0008
:104A2000521892001B689B1818839A89801820607E
:104A300000229A810131744B1B888B42ECDC6D4B58
:104A40001C6800251AE06B4B1A68A21A5210D3009A
:104A50009B1899015B18DB009B18D9035B18DB00DE
:104A60009B185B42328BB189521865495200096824
:104A70008B52B3890133B3810E3401355F4B1B88F0
:104A8000AB4228DD2000FFF711FD002818D0594B5C
:104A90001A68A21A5210D3009B1899015B18DB0008
:104AA0009B18D9035B18DB009B185B42028B818942
:104AB00052185349520009688B528389013383810C
:104AC0002000FFF711FD061ED6D02000FFF7EEFCF8
:104AD0008642B8D1D0E74B4B1D680023984678E05A
:104AE000444B1A682B8B1B19454909685B00595ABE
:104AF000CB005B1A5B00D718D25C7B781B02134398
:104B00001B049B13414E3168CA18CB5C51780902D3
:104B100019439378D27812021A43120409046846A2
:104B2000DDF708F8BA78FB781B0213431B049B13CC
:104B30003168CA18CB5C5178090219439378D2784E
:104B400012021A43120409046846DCF7F3FF013429
:104B5000AB89A342C4DC039B02995818C20F1218F8
:104B60005210EA61009A01981618F40FA419641003
:104B70002C62274C2468121B8026B603B44662447C
:104B8000D215244E3688964200DC721E2A74021B0F
:104B9000214884466244D015002A23DB68741F4AEA
:104BA00012689B1A8020800384466344DB151C48EE
:104BB0000088984200DC431EEB748B1A164A944618
:104BC0006344DA15002B0FDBAA7401239C46E044F2
:104BD00024350D4B1B88434508DD6846DCF7A0FFF4
:104BE0000024B5E70020D9E70022EDE704B080BC3F
:104BF000B846F0BDB0F70220581B0320802E0320DA
:104C0000A8F70220C4120320882E0320F41B0320DF
:104C1000C82C0120622E03200000E0FFC42C0120DC
:104C2000642E032070B584B004000E00534B0022A4
:104C3000DA6153490A6053490A6053490A60B43241
:104C40001A6200200CE0514AD4234343D2181300C7
:104C5000983300251D6004331D60943215600130C7
:104C60000328F0DD4A4B00215956484BD4224A43D1
:104C70009B1801221A6106F0F3FA06210520DDF7E0
:104C8000AFFF02F0FFF8434B1B78022B50D001AB73
:104C900045221A7030345C7008329A703036DE70FB
:104CA00000221A7101A8DDF787FD040082003A4B4B
:104CB0001B689B18394A1360394B00251D600A3068
:104CC000FFF732FE201DFFF783FC20000830FFF7BE
:104CD000D7FCE01CFFF704FEA01CFFF7ABFDA01DF6
:104CE000FFF7B0FCE01DFFF72DFD601DFFF78CFC0A
:104CF000FFF75AFE20000930FFF738FC294B1D70E2
:104D0000294B2A4A1A60601CFFF73AFD284B1B7892
:104D10005BB2002B2CD1274B00221A70264B1A7045
:104D200001F00AFA254B1B78002B23D104B070BD8B
:104D3000092E06DC224A3300092101A8E5F736FDD9
:104D4000B0E7204A3300092101A8E5F72FFDA9E7C4
:104D50000E4BD42262430021D1502000F1F780F99C
:104D60000134032CD7DC184B1B5D002BF8D0EFE788
:104D70000024F6E703F08FFAD8E7C046D82A0320CC
:104D80005C1B0320501B0320541B032048070320F7
:104D9000D22E032055250020C0F80220F8F802206A
:104DA00098F30220C62E0320C03B0120C43B012003
:104DB000DD2E0320FF2E0320FE2E0320E8250020F9
:104DC0003CAD031044AD03104407032010B501F0BF
:104DD000D3FA00F08DFB05F07BFA10BD027B437B1C
:104DE0001B0213431B041B145A1C0ED0084A1068E4
:104DF0005A00D3189B00074A1268D3180A229A5EF9
:104E0000D3009B189B00C01870470020FCE7C046E9
:104E1000C4120320341403208279C3791B02134384
:104E20001B041A145B139B1A5B00104A1268D218F9
:104E3000017A437A1B020B431B041B1404335B00EF
:104E4000D3189A78DB781B0213431B041A14DB1364
:104E50009B189B00064A1268D3180A229A5ED30058
:104E60009B189B00034A1068C0187047B0F70220D7
:104E700034140320C41203208279C3791B02134324
:104E80001B041A145B139B1A5B00144A1268D21895
:104E900013795B0720D5017A437A1B020B431B046D
:104EA0001B1401214B401BB204335B00D2189178D4
:104EB000D3781B020B431B041A14DB139B189B00B3
:104EC000074A1268D3180A229A5ED3009B189B00E7
:104ED000044A1068C01870470020FCE7B0F70220B1
:104EE00034140320C412032010B58269054B1A4202
:104EF00000D110BD044B054A7C210548FF31E4F781
:104F0000B9FAC046010000107467031010F70410CE
:104F10008C67031010B58269074B1A4207D041799C
:104F2000064BCA00521AD2009B18586A10BDFFF7F0
:104F3000DBFFC06BFAE7C0460100001054A204106A
:104F400030B59368002B0BD11368834225D004DB66
:104F5000D368D817C01AC00F30BDD068C00FFBE7A8
:104F6000D468002C0AD15268824218D08A4201DBF0
:104F7000D80FF1E7D817C01AC00FEDE71568401B2E
:104F80005268891A24140014604309141B144B43FB
:104F9000984206DC07D00120DEE70220DCE7022091
:104FA000DAE70020D8E70220D6E7F8B505000C00C4
:104FB000C868A9680012DCF744FE0600A068E9682A
:104FC0000012DCF73EFE371A864201D13800F8BDE8
:104FD00020682B68C01AE1680012DCF732FE060078
:104FE00068686368C01AA1680012DCF72AFE3018EE
:104FF0003900DCF72BFE0700E8E70000F0B5DE46DD
:1050000057464E464546E0B587B0804B1B888342E5
:1050100000DC00BE7E4B1A68400012187D4B1E68F3
:1050200051884B005B189B009B46B3441288530089
:105030009B189B00F61813E0BF03A8E08303984673
:10504000AEE00223EA5E0221635E9A4200D0C4E031
:10505000714B1A68714B1B689A4200DCCDE00C362C
:105060005E4500D1C7E06E4B1D68B279F3791B0233
:1050700013431B041A145B139B1A5B00ED182800E2
:1050800003F022FD81460028E9D1664B1A68297891
:105090006B781B020B431B049B13D1188846A9781D
:1050A000EC7824020C432404A4131419D35C424664
:1050B00057783F021F433F049378D1780902194380
:1050C000594B09049A461A003800FFF739FF01903E
:1050D0002378607800021843A378E1780902194325
:1050E000090400045246FFF72BFF019B8342B6D010
:1050F000029743469A78DB781B0213431B04039301
:10510000227863781B0213431B04424611785278BD
:1051100012020A4312049B1A0493A278E3781B023A
:1051200013431B0442469178D27812020A431204B8
:105130009B1A059353465968186802AAFFF700FFA7
:1051400004003A4B19683A4B186802AAFFF7F8FEB8
:10515000844284D02800FFF741FE00284DD02B79EF
:105160005B074AD53000FFF757FE05003000FFF718
:1051700083FE04002A6803689A4200D16FE7022286
:10518000AB5E0222875EBB4200DB55E79F03002235
:10519000AB5E0022A05E834200DC4FE79B03984693
:1051A00047452ADD204802A9FFF7FFFE824600237B
:1051B000EA5E0021635E9A4200D142E71D4B186807
:1051C0004346181A5146DCF741FD144B1B688342D5
:1051D00000DB36E7114B186033E7164B1868381AB6
:1051E0005146DCF733FD0C4B1B68834200DC2FE794
:1051F000094B18602CE701239946484607B0F0BCDC
:10520000BB46B246A946A046F0BDC046922E03203A
:10521000E8170320C8120320401B0320182E01208A
:10522000B0F70220F41B0320BC17032090190320C1
:105230008C1903204014032070B580231B02040046
:105240001C4018420AD0431C04D0204B1840FFF7E2
:10525000D5FE70BD0020FFF7D1FEFAE71C4B1E689B
:10526000C5002D1AAD0076191A4B5968186832001E
:1052700003F09EF8022800D00400154B1B685B1950
:1052800022000C325200D15C9B185878000208436F
:10529000FFF7D2FF0028DCD00F4B19680F4B1868BE
:1052A000320003F085F8A0420ED0094B1B685B1951
:1052B000012254400C346400E25C1B19587800024F
:1052C0001043FFF7B9FFC4E70120C2E7FF7FFFFFEC
:1052D00074040320BC170320901903208C190320A9
:1052E000F8B505000C000389D800C018C3001B1ACC
:1052F0009A019B18DB001B18DA03D21AD20011188E
:105300002389D800C018C3001B1A9A019B18DB0020
:105310001B18DA03D31ADB001B18234A12884A43EE
:10532000D318D91007221A40012393401F4A12684C
:10533000525C134205D01E4A1368013313600020EB
:10534000F8BD1B4A53680133536003F063FC194AEC
:105350001378013313706E692800FFF7DBFD3618F0
:105360008010361A144B1E6067692000FFF7D2FDCB
:105370003818801B114B1860BF1B114B1F60EE6863
:10538000104B1E6028695860E1680F4A116022695D
:105390000E4C2260891B9960121ADA600C4B188837
:1053A0000138FFF749FFCBE7882E0320040B0320C9
:1053B00038140320F427002040140320401B03204E
:1053C000182E0120BC1703208C19032090190320EC
:1053D000862E0320827AC37A1B0213431B041B14FC
:1053E0005A1C0ED0084A10685A00D3189B00074A6E
:1053F0001268D3180A229A5ED3009B189B00C0182B
:1054000070470020FCE7C046C41203203414032078
:10541000027B437B1B0213431B041B145A1C0ED03C
:10542000084A10685A00D3189B00074A1268D3181C
:105430000A229A5ED3009B189B00C0187047002078
:10544000FCE7C046C4120320341403200A4B1B7827
:105450005BB2002B07D0084B00221A70074B1A6072
:10546000074B16321A60054B1B680360044B002281
:105470009B5E0B807047C046C0270020201B032086
:10548000241B032010B58269054B1A4200D110BDC0
:10549000044B054A7C210548FF31E3F7EBFFC0468A
:1054A000010000107467031004FA04108C670310E5
:1054B00010B500280FD0094A094BC318934204D8ED
:1054C000830702D18003000C10BD064B064A074833
:1054D000CC21E3F7CFFF0020F6E7C046FCFF030036
:1054E000FCFFFFDFDC4A0310E0F9041020910310F9
:1054F00070470000C300181880000F4B1B681B1872
:105500001B8B5B180D4909685B005B5AD900C91AEF
:1055100049000B4B1B685B18043252009A189178B3
:10552000D3781B020B431B041A14DB139B189B003C
:10553000044A1068C0187047C4120320A8F702205C
:10554000B0F702203414032010B5144B1C68C300BC
:105550001B189B00E3181B8B5B18114909685B0043
:105560005B5AD900C91A49000E4B1B685B180432FC
:1055700052009A189178D3781B020B431B041A141B
:10558000DB139B189B00084A1268D3180A229B5E03
:10559000D800C0188000201810BDC046C4120320D7
:1055A000A8F70220B0F7022034140320C300181813
:1055B00080000C4B1B681B181B8B5B180A4A126877
:1055C0005B009A5AD3009B1A5B00084A1268D318F2
:1055D0001A795B791B0213431B041B140420184027
:1055E0007047C046C4120320A8F70220B0F702207B
:1055F00070B504000D0003795B0708D5FFF7EAFEDC
:10560000A84200D070BD2000FFF702FFFAE700209B
:10561000F8E7000070B505000023C65EB60300245D
:1056200000E00134AB89A34217DD0D4B18682B8BCA
:105630001B190C4A12685B009A5AD3009B1A5B0034
:10564000C0182900FFF7D4FF0028EAD00022835EAB
:105650009B03B342E5DA1E00E3E7300070BDC046AD
:10566000B0F70220A8F7022070B50500104E002404
:1056700000E00134AB89A34217DD0E4B18682B8B79
:105680001B190D4A12685B009A5AD3009B1A5B00E3
:10569000C0182900FFF7ACFF0028EAD00022835E83
:1056A0009B03B342E5DD1E00E3E7300070BDC0465A
:1056B00000000CFEB0F70220A8F70220F0B599B068
:1056C000060001910C000027002508E01C000022C4
:1056D000835E9B03BA0002A9535001370135B38999
:1056E000AB421BDD164B1868338B5B19154A1268E9
:1056F0005B009A5AD3009B1A5B00C0183100FFF779
:1057000077FF0028EAD00022835E9B03A342E5DDF9
:10571000152FDBD0162FDAD100BED8E7002F0CD022
:105720000298012300E00133BB4207DA9A0002A984
:1057300052588242F7DA1000F5E7019819B0F0BD2F
:10574000B0F70220A8F7022070B50500104E002423
:1057500000E00134AB89A34217DD0E4B18682B8B98
:105760001B190D4A12685B009A5AD3009B1A5B0002
:10577000C0182900FFF73CFF0028EAD00222835E10
:105780009B03B342E5DA1E00E3E7300070BDC0467C
:10579000FFFFFF7FB0F70220A8F7022070B50500D9
:1057A0000026002400E00134AB89A34217DD0D4B35
:1057B00018682B8B1B190C4A12685B009A5AD3008D
:1057C0009B1A5B00C0182900FFF712FF0028EAD0DF
:1057D0000222835E9B03B342E5DD1E00E3E7300057
:1057E00070BDC046B0F70220A8F7022010B5037ABA
:1057F000447A24021C4324042414481C00E0013091
:10580000084B1B8883420ADD074AC3001B189B0014
:105810001268D3180A229B5E9C42F0D101E001205D
:10582000404210BD882E0320C412032070B505002D
:105830000E00002400E00134AB89A34216DD0C4BBE
:1058400018682B8B1B190B4A12685B009A5AD300FD
:105850009B1A5B00C0182900FFF7CAFE0028EAD097
:105860000422835EB342E6DA1E00E4E7300070BD36
:10587000B0F70220A8F7022070B50C001500C94B44
:105880001E68C3001B1A5B00F6181000FFF7FAFD34
:105890004E23C35A002B14D16B79102B04D004D3A0
:1058A0001F3BDBB2042B00D870BD300003F0CEF8F4
:1058B000582806D00EDC0A2803D0272801D0042857
:1058C000F2D1300003F0C2F88D28EDD88000B64B3D
:1058D0001B589F466128F4D0E6DB7D380128F0D9BB
:1058E000E2E703213000F3F793FE300003F048F8BD
:1058F000DAE702213000F3F78BFE300003F040F8C6
:10590000D2E700213000F3F783FE300003F038F8CF
:10591000CAE703213000F6F78FFC300003F030F8BF
:10592000C2E704213000F3F7F3FC300003F028F85D
:10593000BAE700213000F6F76FFE300003F020F8E0
:10594000B2E7002201213000FBF758FE300003F0DF
:1059500017F8A9E700213000F7F7C0FF300003F087
:105960000FF8A1E7FF213000F7F7B8FF300003F090
:1059700007F899E701213000F3F74AFE300002F002
:10598000FFFF91E73000F7F747FF300002F0F8FF24
:105990008AE700213000F6F74FFC300002F0F0FFFC
:1059A00082E7002203213000FBF728FE300002F0DE
:1059B000E7FF79E703213000F3F7AAFC300002F09B
:1059C000DFFF71E705213000F6F736FC300002F00A
:1059D000D7FF69E723213000F7F780FF300002F09E
:1059E000CFFF61E702213000F6F726FC300002F01D
:1059F000C7FF59E706213000F6F71EFC300002F021
:105A0000BFFF51E701213000F6F716FC300002F02D
:105A1000B7FF49E72A002100300001F009F9300002
:105A200002F0AEFF40E701213000F3F771FC0121E5
:105A30003000F6F701FC300002F0A2FF34E702214B
:105A40003000F3F765FC300002F09AFF2CE7F0F726
:105A5000BDFB29E7002200213000FBF7CFFD30001D
:105A600002F08EFF20E73000FBF78CFD300002F0E3
:105A700087FF19E709213000F6F7DEFB300002F05E
:105A80007FFF11E73000F3F7BDFC300002F078FF34
:105A90000AE707213000F6F7CFFB300002F070FF75
:105AA00002E708213000F6F7C7FB300002F068FF7C
:105AB000FAE63000F7F7CCFE300002F061FFF3E6C3
:105AC00005213000F3F7A4FD300002F059FFEBE6AA
:105AD00006213000F3F79CFD300002F051FFE3E6B1
:105AE00001213000F6F798FD300002F049FFDBE6B7
:105AF00007213000F3F78CFD300002F041FFD3E6C0
:105B000004213000F6F798FB300002F039FFCBE6B5
:105B1000002204213000FBF771FD300002F030FF5D
:105B2000C2E6F0F75FFBBFE62800FFF7ABFC4E23B1
:105B3000C35A002B00D0B7E62A002100300001F044
:105B400077F8300002F01CFFAEE60A213000F6F7CD
:105B500073FB300002F014FFA6E605213000F3F7D6
:105B6000D7FB300002F00CFF9EE602213000F3F775
:105B7000CFFB99E603213000F3F7CAFB94E630002F
:105B8000F3F740FC90E602213000F3F741FD8BE68D
:105B900001213000F3F73CFD86E604213000F3F7E5
:105BA000B7FB81E6B0F702201CF704102321300078
:105BB000F7F794FE78E600213000F7F78FFE73E6E2
:105BC000FF213000F7F78AFE6EE601213000F6F77C
:105BD00033FB69E600213000F6F72EFB64E6062170
:105BE0003000F6F729FB5FE603213000F3F710FDE4
:105BF0005AE6002200213000FBF700FD54E60022A7
:105C000001213000FBF7FAFC4EE63000FBF7BAFC4E
:105C10004AE600213000F3F7FBFC45E603213000A3
:105C2000F6F70AFB40E607213000F6F705FB3BE6F6
:105C300008213000F6F700FB36E609213000F6F7C0
:105C4000FBFA31E6002203213000FBF7D7FC2BE6FC
:105C500005213000F6F7F0FA26E62A002100300090
:105C600000F0E6FF20E602213000F6F7E5FA1BE639
:105C700005213000F3F7CCFC16E606213000F3F7DF
:105C8000C7FC11E607213000F3F7C2FC0CE6002246
:105C900004213000FBF7B2FC06E62800FFF7F2FB18
:105CA0004E23C35A002B00D0FEE52A00210030000D
:105CB00000F0BEFFF8E504213000F6F7BDFAF3E589
:105CC0000A213000F6F7B8FAEEE5C04610B50C0030
:105CD000FFF7D8FB4E23C35A002B04D1200002F05B
:105CE000B5FE2E2810D1200002F0B0FE2E280CD0D8
:105CF0002F2813D0182807D103212000F6F79CFA8B
:105D00000021200000F0C4FB10BD03212000F3F7A8
:105D10007FFC0121200000F0BBFBF5E700220321FE
:105D20002000FBF76BFC0021200000F0B1FBEBE74B
:105D300070B50400334B1A6800680189CB005B180A
:105D40009B00D1184569D35E9B039D4241D18B795D
:105D50005B06DB0E1C331F2215001D400C2D4ED898
:105D6000AD00294B5B599F46A36B002B31D1274BCC
:105D70001B68DB062DD10A2300220021F7F7F0FA79
:105D800027E0A36B002B24D1204B1B68DB0620D11E
:105D9000052300220021F7F7E3FA1AE0A36B002B9A
:105DA0000AD11A4B1B68DB0613D12068142300228A
:105DB0000021F7F7D5FA0CE0F3F78AF9042808DC9C
:105DC000EFE79C22A3580133A3508B79203A9343E9
:105DD0008B7170BD8C22A35802218B43A3500B4BB7
:105DE0001B68DB0605D0236A0A2BF2DCF0F7EEF91C
:105DF000EFE7142300220021F7F7B2FAF3E700BE21
:105E0000E7E7C046C412032054F9041098F30220B7
:105E1000F8B5CE46474680B5654B1B78012B02D0BE
:105E20000023984639E0634A1368013B1360002B56
:105E3000F6D1F0F7CBF9F3E75F4B604A6048614970
:105E4000E3F718FB202D1FD85F4B5955013500246F
:105E50003457AC421EDB0123F35699467778F1782C
:105E60005A4B1868E4F714FD401901344B46E11A07
:105E7000E4F70EFD791849B2B378002BE2D07F2DFC
:105E8000DAD8534B5955E1E7524B4C4A4C485249EA
:105E9000E3F7F0FA01239C46E0444346152B06D86D
:105EA00043469E004D4BF61801257557CFE74C4AE7
:105EB000138801331380002426E04A4A61000B193D
:105EC0009B009B58987ADB7A1B0203431B0418142F
:105ED000DB131B189B000919890052180621515E1B
:105EE000414A1068C01802F0C5FF3E4D63001B19FF
:105EF0009B00ED18A868172104F0AEFF0C220021CA
:105F00002800E5F711FE01340F2C4CDC354B620004
:105F1000121992009B185B79002BF4D0013BDBB285
:105F2000304A61000919890052185371002BEAD1D7
:105F30002C4B5B181B79012BBFD0022B1AD0002BE6
:105F4000D3D1284A61000B199B009B58987ADB7AC1
:105F50001B0203431B041814DB131B189B000919B5
:105F6000890052180621515E1F4A1068C01802F0BD
:105F700047FFBAE71B4A61000B199B009B58987AB0
:105F8000DB7A1B0203431B041814DB131B189B0052
:105F90000919890052180621515E134A1068C01869
:105FA00002F0A2FFA1E7C0BCB946B046F8BDC046AA
:105FB000032F03208CF302204CAD0310F0F90410E2
:105FC00074AD0310620400000C2A032098F3022031
:105FD000442A0320B0AD03106504000010FA041039
:105FE000782E0320B02E012034140320F0B5D646BD
:105FF0004F464646C0B582B0804600260124644222
:106000004EE04848E5F704FF0126300002B0E0BC4E
:10601000BA46B146A846F0BD013665E04248E5F70C
:10602000F7FE2B0042466946023101A8FFF70EFA3F
:1060300006212020DCF704FD060000F035FF3000CB
:10604000FFF736FAF88207239A46B37004333371A8
:106050000023994673710133F360B76080273F02D4
:10606000F7616B4602331B88B3824B463361019B59
:10607000B36106212020DCF7E3FC060000F014FFEA
:106080003000FFF715FAE8825346B3704B46337180
:106090007371013BF360B560F761019BB361012649
:1060A00021004046FFF7A2FB041EAEDB1F4B1D681C
:1060B000E3001B199B00ED18EB8A002BF0D11C4B61
:1060C0001B6899461B4B1B689A462B8B5B005246FC
:1060D0009B5AD800C01A400048442900FFF788FAAC
:1060E000071E00D18DE70026BB89B34218DD3B8B2C
:1060F0009B195B0052469B5AD800C01A4000484486
:10610000FFF786F9854200D186E7002800D185E7B0
:106110000022835E9B030193C2796B465A8087E716
:106120000126BDE7D4AD031030AE0310C412032026
:10613000B0F70220A8F7022070B5604B1B68002B57
:106140000CDD5F4A127852B2002A07D05D4A012165
:1061500011705D4A53435D4A136002E0594B0022BF
:106160001A705B4B1C68002504E02000F7F7ECFA7E
:1061700001352434574B1B88AB4245DDA3797C2283
:106180001A42F5D05B06DB0E112BF1D89B00524A68
:10619000D3589F4600220F212000F7F70DFBE7E7B9
:1061A000002223212000F7F707FBE1E700220F215F
:1061B0002000F7F701FBA3797C22934310221343BD
:1061C000A371D5E72000F7F7F6FBD1E7434A136840
:1061D00001331360CCE72000F3F742FCC8E701224B
:1061E00023212000F7F7E8FAC2E701220F2120005F
:1061F000F7F7E2FABCE729002000F3F751FCB7E714
:106200002000F7F767FAB3E7354B00221A80354BC9
:106210001C6800251BE0334B1A68A21A324B9A42C5
:1062200025DC5210D3009B1899015B18DB009B18EA
:10623000D9035B18DB009B185B4229480021425EB2
:106240002A4956007352013202800E340135284B20
:106250001B88AB4211DD200002F0F8FB3028F4D19E
:106260001F4B00229B5E3F2BD5DD00BED3E7214BA9
:10627000214A22482249E3F7FDF8002304E0214A9D
:1062800059000020885201331D2BF8DD002304E063
:106290001D4A59000020885201331D2BF8DD0024CF
:1062A00009E0600000198000184BC0180C22002182
:1062B000E5F73AFC01340F2CF3DD70BDC01A032062
:1062C000DD2E0320032F0320340800008CF302206E
:1062D000C4120320882E032088F904105C1B0320BD
:1062E000822E0320B0F70220F2FF0D00B4F7022047
:1062F000802E0320A8AE0310D0F9041074AD031053
:10630000D4050000F82B0120342C0120B02E0120F0
:10631000827AC37A1B0213431B041B145A1C0ED02F
:10632000084A10685A00D3189B00074A1268D3180D
:106330000A229A5ED3009B189B00C0187047002069
:10634000FCE7C046C41203203414032010B5826950
:10635000054B1A4200D110BD044B054A7C2105486B
:10636000FF31E3F787F8C04601000010746703109F
:1063700078FC04108C670310F0B583B01D4B1B78BC
:10638000022B07D0032B09D0012B01D0012402E0FE
:10639000022400E003240020002302E00224FAE7A4
:1063A0000133272B19D8144A5900C918521892786A
:1063B00052B2A242F4DC421C01920F4A0E00555622
:1063C000AC460E4D4700614679539219527852B24D
:1063D0000199490002304A53E2E7C30F1B185B10D2
:1063E000074A1370054B400001225242C25203B0CB
:1063F000F0BDC0465525002094FC04104C18032025
:10640000242F0320F8B5002400E001340F2C0FDC0A
:106410001B4D66003619B600AD196D79002DF4D00C
:10642000174E65002D19AD00AD598542EDD125E01F
:10643000FF2B0CDC00250F2D1FDC114C6E00761994
:10644000B600A4196479002C07D00135F3E70D4B91
:106450000D4A0E48A421E3F70DF8094C6E00771998
:10646000BF0038517719BF00E7193971FA807B7185
:10647000FFF74EFF1C30B86000E000BEF8BDC0461C
:10648000B02E0120BCAE031084FC0410C8AE031073
:10649000F0B5D6464F464646C0B581468A460029E5
:1064A00036D04D4B1A684B46997ADB7A1B020B4368
:1064B0001B041914DB135B189B0090469844434659
:1064C00004229A5E502A26DD1500434608229A5E71
:1064D000502A26DD1600434606229A5E502A26DD03
:1064E0001700484602F0B2FA0B2826D017210024E4
:1064F0003A4B1B785B00A34230DD394B6200D35E20
:10650000AB421CD0B34237D0BB424DD00134EFE791
:1065100002F036FAC5E70021404602F007FC05000C
:10652000D3E70121404602F001FC0600D3E7022137
:10653000404602F0FBFB0700D3E71821D7E7294BC1
:10654000986804F089FC01236340254A5B00995E4A
:10655000404602F055FC5346002B04D1E0BCBA463D
:10656000B146A846F0BD1E4B6400E25E2323002125
:106570004846FFF747FFF1E71A4B986804F06CFCB8
:1065800001236340164A5B00995E404602F072FCAC
:106590005346002BE2D0124B6400E25E232301211C
:1065A0004846FFF72FFFD9E70E4B986804F054FCDC
:1065B000012363400A4A5B00995E404602F094FC66
:1065C0005346002BCAD0064B6400E25E232302210F
:1065D0004846FFF717FFC1E734140320242F032098
:1065E0004C180320B02E012070B505000C00002AC5
:1065F00005D0080002F02AFA7C2800D0F7E2280033
:10660000FFF7A4FE4E23C35A002B10D123799B061B
:1066100001D5002070BD200002F018FA012806D034
:10662000002800DCE5E22038022800D9E3E220005F
:1066300002F00CFA83280CDC002806DD832800D940
:10664000DBE28000C24A13589F460120E2E70120A6
:10665000E0E78A2800D1B6E21CDC892800DDCEE222
:10666000842815DB8438012383402A221A4200D073
:106670007EE1163A1A4200D096E2DB07E7D50A21FE
:106680002000F5F7D9FD002800D087E20120C1E7FE
:106690000120BFE78B2800D19FE28C2808D10C2174
:1066A0002000F5F7C9FD002800D070E10120B1E716
:1066B0000120AFE729002000F3F7A8F80120A9E79F
:1066C00000212000F5F7A8FF002801D10120A1E753
:1066D00000212000FFF7DCFE01209BE72000FFF7F0
:1066E00085FC002801D1012094E700212000FFF75C
:1066F000CFFE01208EE700212000FFF7C9FEEFF753
:1067000065FD012086E7202202212000FAF776FFAE
:10671000002801D101207DE700212000FFF7B8FE0D
:10672000012077E7182202212000FAF767FF0028EE
:1067300001D101206EE700212000FFF7A9FE012012
:1067400068E704212000F5F777FD002801D101203A
:1067500060E700212000FFF79BFE01205AE700229E
:1067600003212000FAF74AFF002801D1012051E758
:1067700000212000FFF78CFE01204BE700220121C1
:106780002000FAF73BFF002801D1012042E7002159
:106790002000FFF77DFE01203CE701212000F5F7F6
:1067A0004BFD002801D1012034E700212000FFF734
:1067B0006FFE01202EE700212000F2F729FF0028BC
:1067C00001D1012026E700212000FFF761FE012012
:1067D00020E700212000F2F79BFD002801D10120D5
:1067E00018E700212000FFF753FE012012E70221E5
:1067F0002000F5F721FD002801D101200AE7002142
:106800002000FFF745FE012004E703212000F2F7F6
:106810007FFD002801D10120FCE600212000FFF7C8
:1068200037FE0120F6E602212000F2F7F1FE0028F3
:1068300001D10120EEE600212000FFF729FE012012
:10684000E8E600212000FFF723FEEFF7CBFC012054
:10685000E0E609212000F5F7EFFC002801D1012036
:10686000D8E600212000FFF713FE0120D2E6032125
:106870002000F5F7E1FC002801D10120CAE6002143
:106880002000FFF705FE0120C4E600212000F5F7F7
:10689000D3FC002801D10120BCE600212000FFF735
:1068A000F7FD0120B6E603212000F2F7B1FE002833
:1068B00001D10120AEE600212000FFF7E9FD012013
:1068C000A8E605212000F2F7A3FE002801D101204F
:1068D000A0E600212000FFF7DBFD01209AE606215B
:1068E0002000F2F795FE002801D1012092E6002158
:1068F0002000FFF7CDFD01208CE607212000F2F7F4
:1069000087FE002801D1012084E600212000FFF746
:10691000BFFD01207EE6002204212000FAF76EFE72
:10692000002801D1012075E600212000FFF7B0FD0D
:1069300001206FE601212000F5F76EFE002801D14D
:10694000012067E600212000FFF7A2FD012061E69B
:1069500068FA04100A212000F5F76EFC002801D126
:10696000012057E600212000FFF792FD012051E6AB
:106970002A0006212000F2F7F1FE002801D10120B3
:1069800048E600212000FFF783FD012042E60021B8
:106990002000FFF77DFD01203CE602212000F2F7F8
:1069A00037FE002801D1012034E601212000FFF745
:1069B0006FFD01202EE600212000F2F7A9FC00283F
:1069C00001D1012026E601212000FFF761FD012011
:1069D00020E600212000F5F72FFC002801D101203E
:1069E00018E601212000FFF753FD012012E60121E6
:1069F0002000F5F721FC002801D101200AE6012141
:106A00002000FFF745FD012004E603212000F2F7F6
:106A1000FFFD002801D10120FCE501212000FFF746
:106A200037FD0120F6E5012201212000FAF7E6FDFD
:106A3000002801D10120EDE501212000FFF728FD0C
:106A40000120E7E500212000F2F7E2FD002801D156
:106A50000120DFE501212000FFF71AFD0120D9E523
:106A600003212000F5F7E8FB002801D10120D1E542
:106A700001212000FFF70CFD0120CBE518220221A7
:106A80002000FAF7BBFD002801D10120C2E5012159
:106A90002000FFF7FDFC0120BCE5202202212000A0
:106AA000FAF7ACFD002801D10120B3E50121200057
:106AB000FFF7EEFC0120ADE509212000F5F7BCFB56
:106AC000002801D10120A5E501212000FFF7E0FC0D
:106AD00001209FE5002203212000FAF78FFD002806
:106AE00001D1012096E501212000FFF7D1FC012012
:106AF00090E504212000F5F79FFB002801D101203B
:106B000088E501212000FFF7C3FC012082E5022176
:106B10002000F5F791FB002801D101207AE5012141
:106B20002000FFF7B5FC012074E505212000F2F7F5
:106B30006FFD002801D101206CE501212000FFF745
:106B4000A7FC012066E506212000F2F761FD002880
:106B500001D101205EE501212000FFF799FC012011
:106B600058E507212000F2F753FD002801D101204C
:106B700050E501212000FFF78BFC01204AE50022AF
:106B800004212000FAF73AFD002801D1012041E557
:106B900001212000FFF77CFC01203BE501212000C2
:106BA000FFF776FC012035E52A0006212000F2F7E8
:106BB000D5FD002801D101202CE501212000FFF79F
:106BC00067FC012026E5FF212000F6F787FE012162
:106BD0002000FFF75DFC01201CE523212000F6F7D3
:106BE0007DFE01212000FFF753FC012012E500206B
:106BF00010E500200EE500200CE501200AE501204B
:106C000008E5C04610B58269054B1A4200D110BD97
:106C1000044B054A7C210548FF31E2F72BFCC046B6
:106C200001000010746703100CFD04108C67031042
:106C3000F8B5DE4657464E464546E0B50400150019
:106C4000926980235B0216001E401A4200D0BFE00A
:106C5000012900D1BDE02800FFF7D4FF8346237A45
:106C6000607A0002184300040014310098E06E6955
:106C70002800FFF7C7FF4E23C35A002B08D08022FD
:106C80001205944663449B005A69B6181E613CE0A5
:106C90000023F9E723880024002B04D0802212056A
:106CA000944663449C004E4B9C4278D0A378092BB9
:106CB000F0D16379292BEDD12389DA00D218D300E2
:106CC0009B1A9F01BC466344DB009B18DF03FB1A41
:106CD000DB009B188B42DDD1EB6898462B69994607
:106CE0006B699A462269E1682800F7F73DFC0028A5
:106CF0006FD03C4B1B78062B02D05B461B6B6B6145
:106D00004E235A46D35A002BB1D127235246494627
:106D10004046F9F7F5FA232104F048F92000FFF77F
:106D200071FFC36ADB0CE068802212019A182E4EB4
:106D30005100B446895B120180267602B04632408B
:106D40008A1A9600B618B60021695A006746D25BC7
:106D50001B0147463B40D21A93009B189B006A696F
:106D6000C91880192723F9F7CBFA232104F01EF95B
:106D70004E235A46D35A002B03D0212312225946C0
:106D8000CA542000FFF73EFFC36A5A46D36200236D
:106D900093645364136401261BE0002483E70131EC
:106DA000124B1B888B4214DD114ACB005B189B00F1
:106DB0001268D3180A229B5E9842F0D1084B1C88B7
:106DC000002CEAD080231B059C466444A4006AE79B
:106DD00000263000F0BCBB46B246A946A046F8BD2E
:106DE000141A032054250020FCE90310882E0320E8
:106DF000C4120320202803D0542803D1533800E0C4
:106E00000020704701204042FBE7002804D0012801
:106E100004D000BE002070472020FCE75420FAE791
:106E200010B500280FD0094A094BC318934204D863
:106E3000830702D18003000C10BD064B064A0748A9
:106E4000CC21E2F717FB0020F6E7C046FCFF030069
:106E5000FCFFFFDFDC4A03107CFD041020910310CF
:106E600010B5930702D15143401810BD024B034A9D
:106E70000348F321E2F7FEFA08AF03104CFD0410BB
:106E800014AF031010B5054C2000FFF7C9FF208098
:106E9000034B1C60034B00221A6010BD141A032020
:106EA000181A0320101A032070B504000C4B1B683D
:106EB0001B88002B0ED0802212059A1892000949D7
:106EC0008A4207D10380064D2E68FFF7A9FF308064
:106ED0002C6070BD044B054A05484721E2F7CAFA09
:106EE000181A0320141A032050AF03106CFD04106D
:106EF00014AF03100B23837070470000F0B5C64633
:106F000000B50600FFF776FF041E30DB324B42006F
:106F1000D05A002835D080231B059C46604485004C
:106F20002800DBF703FD80460078E3F77FFC0700CD
:106F3000072849D8320001002800FFF791FF05001B
:106F400032000021E4F7F0FD2301082213435BB275
:106F50003B43EB7043461B780122BA4093434246C1
:106F600013702DD12A881C4B6400E25228E00521C1
:106F70003000DBF765FD050032000021E4F7D4FDA9
:106F80001EE0F0000521DBF75BFD0500FFF748FF81
:106F9000114B620098522800DBF7C8FCFE230370F7
:106FA000320000212800E4F7BFFD240108231C4320
:106FB000EC70320007212800FFF752FF0023038006
:106FC000280080BCB846F0BD044B054A1221054894
:106FD000FF31E2F74FFAC046101A03207CAF0310CE
:106FE00058FD041014AF0310F8B5DE4657464E4660
:106FF0004546E0B50500C378002B38D01A0739D5CF
:107000001A09914607241C402F2B3AD81000FFF78D
:10701000FCFE060003006343ED1A2800DBF786FC44
:10702000070000780300E340DB0731D4002836D1A5
:107030003C4B4A46520093469A46D35A98462800FB
:10704000FFF7EEFE53465A4698523B780122A24083
:107050001343DBB23B70FF2B2CD00222A2409342A1
:1070600057D3F0BCBB46B246A946A046F8BDDBF7F5
:1070700083FCF6E72C4B2D4A38212D48FF31E2F7EF
:10708000F9F92C4B294A9D2129484900E2F7F2F9E8
:10709000294B264A40212648FF31E2F7EBF9E3F776
:1070A000BFFB1F21091A32002800FFF7D9FE038811
:1070B0009846CAE74B465B001A4A98189C5A002C1F
:1070C0000BD080231B059C466444A40008E0434683
:1070D00003802800DBF750FCC3E7002400E0002415
:1070E000002CF6D0AC42F2D02000DBF71FFC007879
:1070F000E3F796FB1F21091A32002000FFF7B0FECC
:107100000488002CEBD080231B059C466444A4001B
:10711000E6E7320021002800FFF7A2FE4346038085
:107120009FE7C046101A032094AF031040FD0410DF
:1071300014AF0310B0AF0310CCAF031070B5374BD2
:107140001C88002C64D080231B059C466444A4004A
:10715000324D16E022882A80304B31495818314987
:1071600088421AD89B031B0C9A421CD02000FFF7C0
:107170003BFF2C88002C4DD080231B059C4664448B
:10718000A400264B9C4247D0A3780B2BE2D0092BBE
:1071900039D89B00244AD3589F46244B244A25487B
:1071A000CC21E2F767F9244B1D60DFE72000F2F7FE
:1071B00011F82500DDE72000F2F782F92500D8E775
:1071C0002000FAF743FB2500D3E72000F6F766FA24
:1071D0002500CEE72000F6F799FA2500C9E7200040
:1071E000F6F7D6FA2500C4E72000F4F7D1FF250012
:1071F000BFE72000F6F7B8FB2500BAE72000F9F753
:10720000B9FC2500B5E700BE2500B2E72500B0E7D0
:1072100000249DE70024B4E770BDC046141A032083
:10722000FCFFFFDFFCFF030018FD0410DC4A031025
:107230007CFD041020910310181A032010B51D4B7B
:107240001B78002B35D11C4B1B78002B21D11B4BFD
:107250001B78002B1FD01A4B1B78002B1DD1194B0C
:10726000194A00215156D4224A439B181B69012B0D
:107270001FD1002400E00134032C10DC134B1B5DF4
:10728000002BF8D0D42060430E4BC01800F0B4F9A6
:10729000F1E70024F0E70024EEE70024ECE7FFF735
:1072A0004DFFFEF7B5FDF9F7CBFC094A1368013332
:1072B000136010BD282F0320182F03200C2F03204C
:1072C000DE2E032048070320D22E0320440703208C
:1072D00098F3022010B58269054B1A4200D110BD07
:1072E000044B054A7C210548FF31E2F7C3F8C0464C
:1072F00001000010746703108CFD04108C670310EC
:10730000F8B5CE46474680B505001600CC0C802364
:107310001B01E318134F5A00D15B1B01802252025C
:1073200090461340C91A3000DAF78BFC8146286872
:10733000FFF7D0FF036C4B4403646300D95B240167
:1073400043461C40091B3000DAF77BFC0400286828
:10735000FFF7C0FF436C1B194364C0BCB946B0467D
:10736000F8BDC046FCE9031070B504000068FFF7E3
:10737000B1FF006C0100DAF764FC05002068FFF73C
:10738000A9FF406C0100DAF75CFC2818E06180106E
:10739000E06180235B03984200DDE3618C23E358C6
:1073A0005B0703D4354B1B78002B17D12668756912
:1073B000A4239B039C46654425613000FFF78AFFA8
:1073C000436B2F4A9A18954203DB2E4A9446634436
:1073D0002361736962699B18236170BD2A4B1A6827
:1073E00053009B1819015B18DB009B18DB04E5694F
:1073F000264A990C895ADB0B802252021340C91A83
:10740000E80F40194010DAF71CFC03002279002A2B
:107410001FD16269A16952186261A42189038A425D
:1074200002DD61610022A2616169A42252039142DE
:1074300003DA6261A269002A1DDDA269002A08D070
:107440008021C9018C466244A261002A01D1013227
:10745000A261206845696269AD18ED182561FFF7E2
:1074600039FF436B064A9A189542B6DB054A9446A3
:1074700063442361B1E70122A261DEE7272F0320E5
:107480000100FCFF0000FCFF98F30220FCE9031060
:1074900070B504000068FFF71DFFC36A0821625E33
:1074A00012049B18C36225686E692800FFF712FF5B
:1074B000026BF30FD117B2424B41DBB2194A137082
:1074C0000626A657002E01D0002B10D107256557A0
:1074D000002D03D0134B1B78002B11D10622A35E85
:1074E000002B03D02068C388952B16D070BD2800D0
:1074F000FFF7F0FEF202C16A2000FFF701FFE5E7A7
:107500002068FFF7E7FEC16AEA02C0231B069C461B
:1075100061442000FFF7F4FEE0E79621F9F708F850
:10752000E4E7C046272F032070B50400FAF72BFFCD
:107530006369C022D202934203DD2A4A944663441F
:1075400063616269C023DB029A4200DA636100234F
:10755000A36120684569FFF7BDFE026BEB0FD117F1
:10756000AA424B41204A13702000FFF7FDFEAC23D6
:10757000E258002A28D02068824225D01369D268B8
:107580000169C06800F0F2FF05002068FFF7A2FE65
:10759000C36AEA1A1549561815498E4208D9C562B8
:1075A000A423E358002B16D0013BA422A35012E0E1
:1075B000002A04DB0F4A94466344C3620BE00B4A83
:1075C00094466344C36206E0A423E358002B02D030
:1075D000013BA422A350E37A9B0701D50223237128
:1075E00070BDC0460000FFFF272F03201DC771FCA0
:1075F0003A8EE3F8E3388E0310B504008C23C358A9
:10760000DB0766D50268916980235B010B439361B8
:1076100023689A69120609D5002121816431A1717C
:107620000021E1719A6980218A439A612379012BB3
:1076300055D02068FFF74EFE2123C35C002B52D0AB
:10764000013B212283542000FFF78EFE23681A8914
:10765000D3009B189B005E4A1268D3189B797C224A
:107660001A4244D10B23E356002B44DBE37A5A073A
:1076700022D5DA08072001001140104208D1652206
:10768000A256002A04D05C22A25C072A36D0072129
:10769000504A1078022836D062185E32127852B200
:1076A000002A09D05C22A25C8A4205D04A1FD2B2CD
:1076B000012A34D95D22A1549B0733D58923E3568F
:1076C000002B32D12000F7F779FD89230122E25403
:1076D0002BE00268936940490B40936198E72000D2
:1076E000FFF722FF5CE02000FFF7D2FEABE72000AF
:1076F000FEF71EFBB6E70022E272B7E7226B002A14
:10770000C6D10721C4E70229C6D16622A256002AA3
:10771000C2D05C22A25C082ABED00631BCE7002899
:10772000CAD0C7E789230022E2542000FAF72BFED3
:10773000236B002B01D001332363E36A002B01D0BC
:10774000013BE362636B002B08D0013B6363002BBA
:1077500004D12268936921490B409361236C002B6B
:1077600001D0013B2364A36B002B01D0013BA36339
:10777000A423E358002B02D0013BA422A350A8234A
:10778000E358002B02D0013BA822A350E36A002B50
:107790000BD0802B01DC1B0703D5B1232022E25440
:1077A00010BDB1230022E254FAE7236C002B0BD06A
:1077B000802B01DC1B0703D5B1230122E254EFE744
:1077C000B1230022E254EBE7B1230022E254E7E7C1
:1077D000C412032055250020FFEFFFFFFFFFFBFF32
:1077E0008279C3791B0213431B041A145B139B1A7F
:1077F0005B00144A1268D21813795B0720D5017A0E
:10780000437A1B020B431B041B1401214B401BB288
:1078100004335B00D2189178D3781B020B431B040E
:107820001A14DB139B189B00074A1268D3180A220C
:107830009A5ED3009B189B00044A1068C0187047DA
:107840000020FCE7B0F7022034140320C412032008
:1078500010B5044B1B68C01A034B1B68C91A00F013
:1078600007FE10BD341C0320381C032070470000A5
:10787000F8B505000E002B4C00E004340223E25E54
:107880006B1E9A42F9DB0023E15EA94206DD013955
:10789000B14219DC280001F04BFF25800222A35ED3
:1078A000B3423EDA25000423E95E0139B1421FDC10
:1078B0000223E85E013001F03BFF04350222AB5E9B
:1078C000B342F0DB63801AE03100280001F030FFA2
:1078D000154B1868021D1A6005E0071F04223900C5
:1078E000E4F728F93800A042F7D10580468018E077
:1078F0000223E85E0130310001F01AFF6680A542E4
:1079000007D10EE00434042231002000E4F712F91C
:1079100035002E1D044B1B68AB42F3D10434024BDF
:107920001C60F8BD9C1403206004032070B50D009A
:10793000174C00E004340223E25E431E9A42F9DB56
:107940000023E15E814204DD0139A94215DC01F02A
:10795000EFFE0222A35EAB4219DA0423E15E013995
:10796000A9420EDC0223E05E013001F0E1FE0434A6
:107970000222A35EAB42F0DB09E0290001F0D8FE51
:1079800005E00223E05E0130290001F0D1FE70BD68
:107990009C140320074B084A1A80012252425A8045
:1079A000064A12689A80064ADA80064A083313604B
:1079B0007047C0469C1403200180FFFF281C032051
:1079C000FF7F000060040320F8B504005B4B1860E3
:1079D000027843781B0213431B049B13584D2968FC
:1079E000CA18CB5C5078000218439378D17809020A
:1079F000194309040004FFF72BFF0600A278E3787F
:107A00001B0213431B049B132968CA18CB5C5078D4
:107A1000000218439378D17809021943090400043D
:107A2000FFF716FF371A00D587E0464B1E60464B1E
:107A30001B68F61AC21A454909688D19AC464D00F3
:107A4000654504D26646761BB74276D90E001B1AEE
:107A50005B189D4203D25B1B9F426ED94A42802332
:107A6000DB059C466644F60C6244D20C384B76002B
:107A7000F55E5200D65EB5425FD02000FFF7B0FE43
:107A8000344B1860002854D00223C15E324B1B686F
:107A900000241A5F91424CDD0022815E02241A5FAD
:107AA000914246DA01681A68914203D1017A1A7A42
:107AB000914204D0711E2800FFF738FF3DE0426874
:107AC0005B685340254A1342F4D11C4B19688A79EC
:107AD000CB791B0213431B041A145B139B1A5B0024
:107AE0001F4A1268D218087A4B7A1B0203431B0400
:107AF0001B1404335B00D3189A78DB781B02134302
:107B00001B041A14DB139B189B00164A1068C0183C
:107B10000823C25E502A05DD53425A41D2B2002AE0
:107B2000C8D00AE0012101F001F943425841C2B234
:107B3000F5E7711E2800FFF79BFEF8BD943B01207E
:107B4000F41B0320200D0320101C0320C03A012049
:107B500000FF0410982C0120C0E50220FFFF00FF69
:107B6000B0F7022034140320F8B503000421425E6C
:107B70001204404909688A4206DA06201A5E120495
:107B8000914210DA012000E0002000215A5E120428
:107B9000394909688A4208DD02241A5F12049142B9
:107BA0004EDD012202E00220EFE7002292001218CF
:107BB000052A52D03149920050564000C05E000460
:107BC0008A18012151564900C95E0904022414573C
:107BD0006400E55E2D04D27852B25200D65E3604BF
:107BE000FFF736FE264F3C68041B31002800FFF7E4
:107BF0002FFE3B68C21A181A061930D4214B1B6895
:107C00001D195900A94203D26D1AAE4229D91C0090
:107C10001818814203D2401A864224D95A4280233E
:107C2000DB059C466444E40C6244D20C164B6400B1
:107C3000E05E5200D15E884217D00139134B02E05A
:107C40000222B3E7043302241A5F8A42FADB0022DD
:107C50009B5E98420BDA012000E00120F8BD012074
:107C6000FCE70020FAE70020F8E70020F6E7002014
:107C7000F4E7C046341C0320381C0320C42700202E
:107C8000101C0320C03A012000FF04109C140320A4
:107C900070B5574B1B88834200DC00BE554B1B68F8
:107CA00040001918544A12681B5A5800C018800026
:107CB00010188479C3791B0223431B041C145B1323
:107CC0001B1B5B004D4C2468E418057A437A1B02A9
:107CD0002B431B041B1404335B00E3189878DB78F8
:107CE0001B0203431B041814DB131B189B0044489E
:107CF0000068C3180A20185EC3001B189B00414887
:107D00000068C31840480360488845002D18AD003E
:107D1000551909884C006418A40014190022985EB3
:107D200080033A4A1268904218DB394B00221A60ED
:107D3000354B1B680222985E8003344A12689042D9
:107D40002ADC197A334A1278914225D0324B00222C
:107D50001A602D4B186802F005FF3FE0D979042224
:107D60009A5E01F04BF92A4B1860274B1A68D379B9
:107D7000284909788B42DBD001680026925F920384
:107D8000914202D182799342D2D0244B244AF021ED
:107D90002448FF31E1F76EFB197A04229A5E01F064
:107DA0002DF91D4B1860184B1A68137A1949097878
:107DB0008B42CED001680226925F9203914202D19B
:107DC00082799342C5D0184B154AFD2115484900C8
:107DD000E1F750FB2000FFF7F7FD0C34AC42F9D37C
:107DE000124B1A68124B9A4200D900BE70BDC046B1
:107DF000922E0320E8170320C8120320B0F70220B8
:107E000034140320C4120320C0E502203C1C0320CC
:107E1000B44001203F2F0320D0300120E8AF0310F1
:107E200098FD041078B00310B4B003106004032070
:107E30001C15032070B50400030429D4214B9D6A4E
:107E4000214B1B68EB1A214A93422CD8204B1D680A
:107E5000E3001B1B9B00ED181E4B19681E4B186896
:107E60002A0000F0A5FA040003000C335B005A5D01
:107E7000EB18587800021043FFF7DCFF01235C4049
:107E8000601CC0002818FFF76FFE002810D170BDDD
:107E9000431C04D011482040FFF7FAFEF7E700200A
:107EA000FFF7F6FEF3E7DBF761FD074B1D60CDE75B
:107EB0000C346400635D2D19687800021843FFF7E5
:107EC000B9FFE4E70040054088190320B80B000023
:107ED00074040320381C0320341C0320FF7FFFFFA1
:107EE00070B5021E36D01C4B197800291FD00139FD
:107EF0001A4B585C1A4B1B78984204D2194C450017
:107F00002C5F94420FD0154843545B001548181855
:107F1000134B19781B785BB2002B15DB104B01312A
:107F20001970028070BD43000E481818FAE700234C
:107F30000C480B4909789942EADD0024015F91421F
:107F4000F0D001330230F4E7074B084A0848A72174
:107F5000E1F790FA0020E5E7D82E0320741B0320F8
:107F6000212F0320C0E402204CB10310D4FD0410E3
:107F700078B1031010B5184B00221A70174BFF325E
:107F80009A705A701A70164C0023E05EFFF7A8FF33
:107F9000144B1860144B19680023E25E53009B18C1
:107FA0005B00CB18DA78002A04D104229A5E0F4BCA
:107FB0001A8010BD012A08D19B88CA18CB5C527860
:107FC00012029B18094A1380F3E7094B094A0A4831
:107FD0008F21E1F74FFAC046212F0320741B0320A5
:107FE000A42E032048140320402A0320A62E032099
:107FF000B8B10310E4FD041078B1031010B5044BC0
:1080000000229B5E18184042FFF76AFF10BDC04671
:10801000702E032010B5084A43001B185B0012683D
:10802000D318DA78002A04D198884042FFF758FF25
:1080300010BDFFF755FFFBE7402A032010B512489B
:10804000DAF78AFB8000114B1B681B581B021B0AC6
:108050000F4A1168CA18CB5C517809020B430D49CD
:108060000B8002320C490A607F2B01D9002308E003
:108070000A4B0B4A0B48C521E1F7FCF90A4AD354D5
:1080800001337F2BFAD910BDE4B10310C0F80220F0
:1080900018230020942E0320402A0320F0B103105F
:1080A000C4FD041078B10310442A032010B52248FF
:1080B000DAF782FB80B20130204C20802048DAF7CA
:1080C0007BFB83B2013B9BB220881B1A9BB201331E
:1080D0001BB21C4A13808022520093421ADC0138E2
:1080E00000B2DAF771FB174B00229B5E21339842F6
:1080F00016D1124B1B88013B1BB29B00124A12681F
:10810000D3581B021B0A114A1268D318104A136075
:1081100000230EE00F4B104A1048D621E1F7AAF9D0
:108120000F4B0D4A0D48D821E1F7A4F90D4AD3545D
:108130000133202BFADD10BD14B203106E2E032084
:108140001CB203107E2E0320C0F80220182300204A
:10815000342A032024B20310B8FD041078B10310B0
:1081600034B203100C2A032010B52748DAF724FB99
:1081700080B20130254C20802548DAF71DFB80B203
:10818000013883B2234A108020881B1A9BB2013326
:108190001BB2214A13809C00013800B2DAF714FBAD
:1081A00084422BD1194B1B88013B1BB21B4A11681F
:1081B0009B001B4A1268CB581B021B0AD318194894
:1081C0000360144B1B8801331BB29B00CB581B026E
:1081D0001B0AD218144B1A60144C01212000DAF744
:1081E00009FB134B18602000DAF7E6FADAF7ECFA2D
:1081F000C0239B00984200D000BE10BD0D4B0E4A1C
:108200000E48EC21E1F736F970B20310702E03200E
:1082100078B20310762E03208E2E0320C0F80220A1
:10822000182300203C2A0320382A0320B8B2031068
:10823000C42A032080B20310A4FD041078B10310F7
:1082400010B50748DAF7B8FA8000064B1B681B58D0
:108250001B021B0A044A1268D318044A136010BD9B
:10826000C0B20310C0F8022018230020143B0120E4
:1082700010B5FFF7E3FE2E20E3F796FDFFF716FF9C
:108280002E20E3F791FDFFF76FFF2E20E3F78CFD23
:10829000FFF7D6FF10BD7047704710B580239B00D5
:1082A000994208D3C000090AE2F71AFB80231B0198
:1082B000984203D810BD80200001FBE78020000118
:1082C000F8E70000F0B5184B1B68C01A8210930045
:1082D0009B1818011B1818021B18180418184000C6
:1082E000801880B2002310E05D1C104A6E00B75A5F
:1082F0005E00B7520E4A565DD6542B00621E9A425B
:10830000F2DC0C4A013C147001330A4A14789C4296
:1083100009DD064A5D00AA5A8242F5D1044AD25CC0
:108320008A42F1D1EAE7F0BD34140320EC170320B0
:108330002C180320222F032010B50E4B1B68C01AE7
:10834000801083001B181A019B181A029B181A042C
:108350009B185B001B189BB2074A12781F2A07D88C
:10836000064854002352044B501C1870044B995477
:1083700010BDC04634140320222F0320EC17032025
:108380002C18032010B58269054B1A4200D110BD8C
:10839000044B054A7C210548FF31E1F76BF8C046E4
:1083A0000100001074670310F4FE04108C670310C2
:1083B00070B51400127963791B0213431B041A145D
:1083C000002B13D1227863781B0213431B048342D2
:1083D00009DBA379E0790002184300040314C017F5
:1083E000C01AC00F70BDE079C009FBE7A579E37939
:1083F0001B022B431B041E14002B0CD1A078E37826
:108400001B0203431B048B4201DBD00FEAE7D017AA
:10841000801AC00FE6E7257863781B022B431B0404
:10842000C31AA078E5782D0205432D044D1B724038
:1084300012045A406A4006D536045E4001D400203A
:10844000D0E70120CEE719003000D9F7FAFB06008B
:108450002379617909021943090409142800D9F71D
:10846000F0FB864201DC0120BCE70020BAE70000F7
:1084700010B50B0002000A435FD000282ADB002958
:1084800011DB884207DD01001800FFF706FF2C4BC7
:108490008000C05852E0FFF700FF294B8000C3580E
:1084A0002848C01A4AE04B42984208DD01001800F3
:1084B000FFF7F3FE224B8000C05840423EE0190017
:1084C000FFF7EBFE1E4B8000C058C0231B069C46E6
:1084D000604433E04242002916DB914209DA110080
:1084E0001800FFF7DAFE164B8000C3581648C01A72
:1084F00024E01000FFF7D1FE114B8000C05880230C
:10850000DB059C46604419E04C4288420BDA1100BE
:108510002000FFF7C2FE0A4B8000C05880231B06D4
:108520009C4660440AE021001000FFF7B6FE044BB1
:108530008000C3580548C01A00E0002010BDC046A6
:10854000F8C90310FFFFFF3FFFFFFF7FFFFFFFBFE3
:1085500010B5044B1B68C01A034B1B68C91AFFF700
:1085600087FF10BD341C0320381C032010B5044CB9
:1085700020600448016019001000FFF7E9FF10BDFA
:10858000341C0320381C032070B50300164A1268FF
:10859000841AE0172418444014480068081AC517C4
:1085A00040196840844219DB9A421BD02100D9F758
:1085B0004DFB43110E4A9B009B588022D2059446E6
:1085C0006344DB0C0B4A5900895A1B01802252027A
:1085D0001340C91A2000D9F739FB70BD23000400ED
:1085E0001800E3E70020E4E7341C0320381C0320D4
:1085F000F8C90310FCE9031070B51E4B1B68C31AC1
:108600008022D205944663441B4A1268801A604453
:10861000DB0C1A4A59008D5A1B0180246402234046
:10862000ED1AC00C4300995A00012040091A144B5E
:108630001868D9F706FB134B1B6898400400124BCF
:1086400018682900D9F7FDFA01002314834202DBE0
:108650008020C00370BD2000D9F7F8FA8023DB0327
:10866000984204DCFF28F5DC80204000F2E78020FF
:10867000C003EFE7101C0320380D0320FCE90310B2
:10868000F00A0320B83C01202C0D0320014B024AC4
:108690001A607047C03A012000000820014B0122F7
:1086A0001A7070473A2F032070B5404B00221A70A1
:1086B0003F4BA0256D001D603E4BA82119603E4B2D
:1086C0001A603E4C25603E4B54321A603D4B4C3292
:1086D0001A603D4BA02212041A603C4BA821C9032A
:1086E00019603B4B1A60FFF7D1FF24682004290072
:1086F000E2F7CEF8374B18602100A0204004E2F7E3
:10870000C7F8354B1860002305E02A4A1268013289
:108710003249CA5401339C42F7DC00241AE0D90FD5
:10872000C9184910611A090480231B029C46614440
:10873000CB17C9185940214B1F4A1B681268934038
:10874000D80FC01840100004D9F780FA244BA200BB
:1087500098500134174B1B68A342E0DC00251DE054
:108760000023204A690049190901521813550134A0
:108770002F2C12DCA00000198001104A0E4B11684A
:108780001B689940E2F784F8C30F1B185B10F31ABB
:10879000E6D41F2BE5DD1F23E3E701350F2D04DCB5
:1087A0000F26761BB6000024E2E770BD3A2F0320A7
:1087B000180E03201C1C0320B83C0120281C032099
:1087C000DC300120D4300120D8300120E0300120FD
:1087D000F00A0320F80A0320F40A03206CF90220AF
:1087E000B42B03201C0E032010B5FFF741FD2E20F3
:1087F000E3F7DAFA2E20E3F7D7FA2E20E3F7D4FADC
:108800000D4B002159560D4B00201856FFF746FF1F
:1088100000F0A4FB2E20E3F7C7FA2E20E3F7C4FAFA
:1088200001F0AAFCFFF738FD2E20E3F7BDFA044B58
:1088300000221A6010BDC046DF2E03209A270020B8
:10884000BCE40220F8B504000D00124B1B88002B7D
:1088500001D0013B15E0104B18681AE00F4F3A6841
:10886000DE00F61AB600921929002000FFF7A0FDDD
:108870003B689B190C304000C25C1B185B781B02E4
:1088800013431A04EAD5064A13405B00024A1068F3
:10889000C018F8BD862E0320E817032074040320B7
:1088A000FF7FFFFF70B50400264B18600368DA688D
:1088B000254B1A6003681A69244B1A600068FFF799
:1088C00061FDC36A224A12689B18224A1360B022D3
:1088D000A156214A11602169204A1160DB0C204A0F
:1088E0005900895A180180256D022840091A1D482F
:1088F0000160802109018C46634459008A5A1B019A
:108900002B40D31A184A1360B123E156002914D022
:10891000164B1970164B174A1A60002302E0154ACD
:10892000D15401332F2BFADD134A1368013313603E
:10893000124A13780133137070BD0C4B00221A7069
:10894000F2E7C046201C0320341C0320381C0320FF
:10895000141C0320101C0320843E01203C1C032017
:10896000FCE90310241C0320181C0320EC2E032018
:10897000042A03201C110320BCE40220F427002059
:1089800010B5134B1B68C01A4010C3001B189A0186
:108990009B18DB001B18DA039B18DB001B185B42DB
:1089A0000C4A12889A420CD91F221A400121914088
:1089B000094A5B099B001268D3181A680A431A60B7
:1089C00010BD064B064A07480749E0F753FDC0466D
:1089D000B0F70220802E0320A4F70220CCB20310AF
:1089E000E0FE0410E0B20310E904000010B503003B
:1089F0008179C27912020A4312041014002A12D09B
:108A00000D4A12689A1A5210D3009B1899015B18EC
:108A1000DB009B18D9035B18DB009B185B42074AFD
:108A200012889A4200D910BD054B064A9F2106487C
:108A3000C900E0F71FFDC046B0F70220802E0320DA
:108A4000CCB20310CCFE0410E0B2031010B503004A
:108A50008179C27912020A4312041014002A1ED02E
:108A6000124A12689A1A5210D3009B1899015B1887
:108A7000DB009B18D9035B18DB009B185B420C4A98
:108A800012889A420CD91F21194001228A405B09A1
:108A9000084909689B005B581A4200D0002010BDAD
:108AA000054B064A06480749E0F7E4FCB0F7022008
:108AB000802E0320A4F70220CCB20310BCFE0410C9
:108AC000E0B203100E05000010B5164B1B68C01A6B
:108AD0004010C3001B189A019B18DB001B18DA0317
:108AE0009B18DB001B185B420F4A12889A420FD971
:108AF0001F221A40012191405B090C4A9B00126819
:108B0000D3181A6811420AD10A431A60002010BD16
:108B1000074B084AA5210848C900E0F7ABFC012033
:108B2000F5E7C046B0F70220802E0320A0F7022010
:108B3000CCB2031098FE0410E0B2031010B5134B32
:108B40001B68C01A4010C3001B189A019B18DB0059
:108B50001B18DA039B18DB001B185B420C4A1288B7
:108B60009A420DD91F221A40012090405B09094A00
:108B700012689B009B581840431E9841C0B210BD1C
:108B8000054B064A06480749E0F774FCB0F7022097
:108B9000802E03209CF70220CCB2031088FE041024
:108BA000E0B203103905000010B5134B1B68C01A62
:108BB0004010C3001B189A019B18DB001B18DA0336
:108BC0009B18DB001B185B420C4A12889A420CD996
:108BD0001F221A4001219140094A5B099B0012683B
:108BE000D3181A680A431A6010BD064B064A074894
:108BF0000749E0F73FFCC046B0F70220802E032073
:108C00009CF70220CCB2031078FE0410E0B20310EF
:108C10004505000010B5054B1A881F32D210044BD1
:108C200018680021E2F780FF10BDC046802E0320A7
:108C3000A0F7022010B5154B1B68C01A8010C200A7
:108C4000121A9301D218D2001218D3039B1ADB0018
:108C50001B180F4A12889A420FD91F221A4001216D
:108C600091405B090B4A9B001268D3181A681142A5
:108C700009D10A431A60002010BD074B074A084873
:108C80000849E0F7F7FB0120F6E7C046C4120320CD
:108C9000882E0320A0F702201CB3031054FE0410FA
:108CA000E0B203105905000010B5054B1A881F32B9
:108CB000D210044B18680021E2F736FF10BDC04601
:108CC000882E0320A0F7022010B582B0FFF7EAFD3E
:108CD000FEF760FEFEF7CAFD00F042F901F0FEFA71
:108CE000D8F7E8F9FFF7E0FF0D4B1B68002B13D016
:108CF00069460C4B0A0011CB11C20B4B1888013886
:108D0000FFF798F8D8F7D6F9D8F7D4F901F0C6FDEF
:108D1000D8F7D0F902B010BD01F074FDE8E7C04605
:108D2000141C032084210510862E032070B5030037
:108D30001000512A10DC144A12689A1A92109300FB
:108D40009B181C011B191C021B191D045D196D00C9
:108D5000AD18ADB2002306E00C4B0D4A0D480E498C
:108D6000E0F788FB01330D4A12789A420ADD0C4C79
:108D70005A00125BAA42F5D10A4AD25C8A42F1D16A
:108D80000123584070BDC0463414032030B3031093
:108D90003CFE0410E0B203106E050000222F0320F9
:108DA000EC1703202C18032010B5114B1B68C01AB8
:108DB000821093009B1818011B1818021B18180426
:108DC00018184000801880B2002300E00133094ADF
:108DD00012789A420ADD084A5C00A25A8242F5D112
:108DE000064AD25C8A42F1D1012000E0002010BD89
:108DF00034140320222F0320EC1703202C18032007
:108E000070B505000C00512912DC0423C25E502A03
:108E100014DD2300944204D001214C4024B294423A
:108E200011D1934215D000212800FFF785FA70BDBB
:108E30000A4B0B4A0B480C49E0F71CFB0021FFF7DB
:108E400075FF0200E5E7094B054A06480849E0F7C7
:108E500011FB00212800FFF735FAE8E730B30310D3
:108E600028FE0410E0B20310AA0500004CB3031062
:108E7000AC05000070B505000C00512912DC082378
:108E8000C25E502A14DD2300944204D001214C40DC
:108E900024B2944211D1934215D001212800FFF74A
:108EA0004BFA70BD0A4B0B4A0B480C49E0F7E2FA4B
:108EB0000121FFF73BFF0200E5E7094B054A0648A1
:108EC0000849E0F7D7FA01212800FFF7FBF9E8E7A6
:108ED00030B3031014FE0410E0B20310B20500001A
:108EE0004CB30310B405000070B505000C00512907
:108EF00012DC0623C25E502A14DD2300944204D003
:108F000001214C4024B2944211D1934215D0022148
:108F10002800FFF711FA70BD0A4B0B4A0B480C49A9
:108F2000E0F7A8FA0221FFF701FF0200E5E7094B8D
:108F3000054A06480849E0F79DFA02212800FFF794
:108F4000C1F9E8E730B30310FCFD0410E0B20310F0
:108F5000B90500004CB30310BB05000070470000CA
:108F6000F8B5002308E01A4A126801321949CA54B8
:108F7000194A0021D1540133184A12689A42F2DC8E
:108F8000174B184A1A60184B1C68C0231B069C46D6
:108F90006444E40C80231B01E318144D5A00505B19
:108FA0001B0180277F023B40C01A114E3168D8F761
:108FB0004DFE104B18606300585B24013C40001BC1
:108FC0003168D8F743FE40420B4B1860F8BDC046ED
:108FD0001C1C0320743F01208C2F0120281C03201F
:108FE00088F302204C1D0320101C0320FCE9031011
:108FF000D8300120A02C0120A42C012070B5050040
:10900000144B1B788B4201D0134803E0002200254B
:10901000FAE70830114B1B68834209D90468AC4257
:10902000F7D184798C42F4D10426845F9442F0D144
:1090300083420CD8084C1B1B8024E400A34207D0B9
:10904000064C23680833236005608171828070BDFF
:1090500000BEF5E73F2F03204C1D032088F30220BC
:1090600000B583B0FF2916D800281AD0134BC31AB5
:109070005A10FE2B1BD86B461A7059700022835E63
:109080006A46538001AA009B019353881B041088F1
:10909000184303B000BD0A4B0A4A0B484521E0F7CC
:1090A000E9F90A4B074A08484621E0F7E3F9084B7B
:1090B000044A05484821E0F7DDF9C046C0E4022033
:1090C00070B303101C24051088B30310C4B303103D
:1090D000C8B3031010B582B00023C25E002A13DBB0
:1090E0000F4C53009B185B002268D35A002B11D001
:1090F000013B1940FFF7B4FF01AA019053881B04FC
:109100001088184302B010BD064B074A0748522189
:10911000E0F7B0F9064B044A04485521E0F7AAF9F4
:10912000402A0320F4B303102C24051088B3031045
:1091300008B4031000B583B00022835E002B09DA67
:10914000FFF78EFF019001AA53881B041088184373
:1091500003B000BDFFF7BEFF0190F4E770B5050056
:109160002F4B02229A5E002A1BDB2E4B18685300FD
:109170009B185B00C318DE78002E18D09B88C0189F
:1091800074000419002223787F21194052180132FB
:10919000234949788A4219D8DB095B000133E41876
:1091A000F1E7214B214A22482249E0F763F99888E8
:1091B000214B00229B5EC01AFEF720FF184C6178FD
:1091C000FFF74EFF2080000C608002E05BB2002BB6
:1091D00003DB280005F0F0F970BD6378FF2BFBD0AE
:1091E0009E4216DD5B00C25CC01843781B021A4326
:1091F000114B00215B5ED01AFEF700FF084E71781C
:10920000A378C91AC9B2FFF72BFF3080000C708019
:10921000DFE70A4B054A06480949E0F72BF9C04643
:10922000A43B0120402A032030B403100C24051075
:1092300048B40310A2030000702E032084B403106E
:10924000B5030000F0B585B060E0E04D2D68E04E5C
:10925000AD1B0133ED1001950025009505F06AFC6A
:10926000DC4B1D682D13DC4B1868DC4B1A5C531E5D
:10927000AB4200DC951EDA4B1B78002B09D06B1C2F
:10928000023AD849095C994200DC1900914200DC9D
:109290008EE0D54B1B78002B00D097E00026D34BF7
:1092A0001868002800D1BCE0D14B1C60D14B1D6078
:1092B000D14BD24A12681A603100FFF70BFFD04B36
:1092C0001880000C58800220FFF748FFC24B1A6834
:1092D000CC4B1B680133C3498B54C04B00219954BC
:1092E000C949CA4A0B6812689B180B60C849C94A29
:1092F0000B6812689B180B60B649C74A0B68126866
:109300009B180B60B44A136801331360B24B1868A2
:10931000C24B1B68984200DBF8E1BB4B1B68C04A9C
:109320001360BB4A1468BF4A944664442413AD4A90
:10933000115CA14200DD0C00BB4A1278002A8FD0DC
:10934000621EA64D2D5CA54200DCAA1E914287DC60
:10935000B64D2D682E7AB64D2D78AE4200D074E70A
:10936000B44BB54D1B682D682B41B44D2B60B44BED
:1093700000251D70A04BB34D2D681D60B24B1860C9
:109380009B4B19609B4B1A60B04B4000C15A0904BB
:10939000AF4B1B68C918890DAE4B1868FFF79AFED2
:1093A000974B1880000C58800420FFF7D7FE57E732
:1093B000A94B1E68864BF61A934B1B680133F610B7
:1093C00001960126009605F0B5FB62E79F4B824AA5
:1093D00012685200D35A1B04A04A12689B18DB0C77
:1093E0009F4A16689F4A9B0098589F4B1968D8F768
:1093F00028FC361A3614844B19680B132F2B00D90E
:109400002F239A4A1268D2568D4B1A708E4B724A8D
:1094100012681A6001204042E1F762FA874B186037
:109420003DE7934B1868002800D1A6E0914A1168E7
:109430000F13914B1B685B181360674B1B68674ADF
:10944000D25C511EB94200DC971EA7427DDA654A04
:10945000D4548A4B1868002800D13BE188490C6835
:10946000704BE3181B13874A126812190A605A4A94
:1094700012685C498C5C9C4200DC1C00A54200DB4D
:1094800085E06B1C07DB5F4B1B689D4200DB1AE12C
:10949000023552498D547C4B1868002800D11FE7D3
:1094A0007A4A7B4B0021595E4B005B185B001268C7
:1094B000D35A013BD9B23140FFF73CFE0390754BC4
:1094C00018684D4B1860504B1968734B1960734BFB
:1094D0001C68D8F7B6FB201A714B186003AB022248
:1094E0009A5E002A00DA0DE1684953009B185B0080
:1094F0000A68D3189A781204674B1B685343C31841
:10950000684A944660440014394A1060013B1B14B9
:10951000384A13604C4A1168634A1268525C541E00
:10952000A34202DB023A334B1A60604B1B685B5C60
:10953000984201DA2E4A13603148042203A9E2F767
:10954000F9FA0220FFF70AFECAE6294B1C60294BF4
:109550001F60294B564A12681A603100FFF7BAFDA6
:10956000274B1880000C58800120FFF7F7FD1A4B9D
:109570001A6801371B498F546BE72B4B1B78002B64
:1095800000D166E7144B1B68164AD45461E7184BA8
:109590001C60184B1D60184B464A12681A60310057
:1095A000FFF798FD164B1880000C58800320FFF73A
:1095B000D5FD002C00DA7FE0124B1B68A3427BDB59
:1095C000054B1A68013405498C5464E7D0300120FA
:1095D0004C1D0320142E0120500D0320743F012048
:1095E0000A2F03208C2F0120372F0320CCFA0220D2
:1095F000B43B0120B03B0120A83B0120340D0320E7
:10960000A43B01201C1C0320400D0320440D03201B
:109610003C1B0320441B03201C2E0120480D03206B
:1096200014070320FF0F0000092F0320C0E50220CC
:109630003F2F0320F40A0320B83C0120A03B012067
:10964000D72E03204C140320AC3B0120001F051033
:10965000101C032048140320B4400120280D0320CF
:109660003C0D0320FC3904102C0D0320042A032098
:10967000481B03202007032024070320202E01205D
:10968000280703202C07032054F90220402A032036
:109690007C2E0320300D032088170320E0300120AA
:1096A00084170320FFFF0000C8FA0220ACFA022052
:1096B0004C0D0320240D0320154B164AE4211648B7
:1096C0004900DFF7D7FE154B124AE6211248490040
:1096D000DFF7D0FE124B1B78002B00D1DBE66B1CB2
:1096E00009DB104B1B689D4205DA0F4B1A680235E7
:1096F0000E498D54CFE6094B064AD4210648FF3166
:10970000DFF7B8FE039800F0EBFDE9E505B0F0BD2A
:109710008CB403103824051048B40310ACB4031003
:109720000A2F03201C1C0320500D0320743F01202E
:10973000F8B5CE46474680B504000D00E64B002242
:109740001A70E64B1B68834201DD884200DD00BED3
:10975000E34E32689179D3791B020B431B04191431
:109760005B135B1A5B00DF490868C018117A537AF3
:109770001B020B431B041B1404335B00C3189A78B1
:10978000DB781B0213431B041A14DB139B189B008A
:10979000D54A1268D318D54A1360D54B1860FFF725
:1097A00003FA3268117953791B020B431B048021A1
:1097B000C9058C466344CF490B60CF4909685B1AE1
:1097C000D9175B184B406146634500D90B008026D2
:1097D000F605F61A117853781B020B431B049B13F2
:1097E000C64A1168CA18CB5C5078000218439378B7
:1097F000D1780902194309040004FEF7C5FE0700E9
:10980000F30CBF4A5900895A1B01802252021340AF
:10981000C91AD8F716FABB4B1860BB4B1C606B1CFF
:10982000BA4A1360BA4B6200D05A0004B94B1B68A5
:10983000C018FEF7E1FEB84B1860AC4200DAEFE169
:10984000B64B1C680222A35E9B03B54A10681B1A24
:10985000B44A13600023E15E89030A1AB24B1A600E
:10986000B24B00221A60B24B1A60B24B1A60B24B74
:109870001A60B24B1E68002E00D1E3E10223F25EB3
:109880009203121AAE4B1A600023F55EAD032B1A39
:10989000AC480360237A9C46AB4B1B789C4500D1B7
:1098A0003EE2A94200D142E2A84B012119709D4B32
:1098B0001868824200D145E2A54B012119700223AC
:1098C000F15E0025635F994205DD0023F15E02230E
:1098D000E35E994204DB9D4B012119709C4B19708A
:1098E000824226DA814B18680423C25E502A00DCCB
:1098F00037E2D30F7F21002091424341DBB2002B9E
:1099000000D13DE2794B18680423C25E502A00DC86
:1099100031E2904B9856FEF7E3FA864B1860744B91
:109920001B681B791B0700D436E28B4B7D4A1268FB
:109930001A60844B1A687C4B1B689A4226DD6B4B7D
:1099400018680623C25E502A00DC46E2D30F7F214E
:10995000002091424341DBB2002B00D14CE2634B2B
:1099600018680623C25E502A00DC40E2794B985604
:10997000FEF7B6FA6E4B18605D4B1B681B79DB0671
:1099800000D445E2754B674A12681A60574B186855
:109990000223C25E120470490B689B180B600223FD
:1099A000C25E12046D490B689B180B600823C25EEF
:1099B000502A00DC31E2531E9A41D2B2002A6AD00A
:1099C0004A4B18680823C25E502A00DC2CE2D30FF1
:1099D0007F21002091424341DBB2002B00D132E2D3
:1099E000424B18680823C25E502A00DC26E2594B1D
:1099F00098565B4B1880FEF70DFB4C4B1860384BAC
:109A000019688A79CB791B0213431B041A145B1360
:109A10009B1A5B00334A1268D2181379DB0600D414
:109A200021E23E4B1B6800201B5E44480068002476
:109A3000005F834200DC14E298034A4D28604A4CE0
:109A4000474B00269E5F73009B195B002468E31858
:109A50009B781B041B18324800681B1A2B60087A7D
:109A60004B7A1B0203431B041B1404335B00D31803
:109A70009A78DB781B0213431B041A14DB139B1820
:109A80009B00194A1268D31802229A5E12043549C3
:109A90000B689B180B60284B19684B1E9941254B8E
:109AA0001B685A1E93411943214B1A68531E9A4151
:109AB0001E4B1B68581E83410A4313432B4A1370E5
:109AC00000D186E20B4B1A680B4B1968531A8020A1
:109AD000000683424DD94BE0D82E0320281C0320DA
:109AE000943B0120B0F702203414032030140320EB
:109AF000ACF70220380D0320200D0320F41B0320B7
:109B0000FCE903102C0D0320500D0320480D032009
:109B1000001F0510101C0320400D0320C0E502208B
:109B20003C1C0320AC2B0320A02B032054F9022063
:109B3000202E0120481B0320CCFA0220982C012063
:109B4000A42B0320A82B03203F2F03200A2F032040
:109B5000092F0320442A03204C0D0320240D032049
:109B60007C2E0320300D0320402A0320372F0320B2
:109B70008B1A8022D205934200D91300DB0CC64A0F
:109B80005900895A1B01802252021340C91A380019
:109B9000D8F757F8C14B1860C14B1E68C14B1B6802
:109BA000F31A02D44042BD4B1860BF4B1B6800241F
:109BB0001C5F2404BD4B1D68AA7AEB7A1B02134379
:109BC0001B04E418B54B1A68A446944462461A6014
:109BD0002A7A6B7A1B02134300D09DE1B44AB54B3D
:109BE00012681B68D21A5210D3009B1899015B1897
:109BF000DB009B18D8031818C00080184042AE4BF9
:109C00000021595E00278F4200D385E17B185B0855
:109C1000AA4A5C00A25A824200D838E11900F2E751
:109C2000A74B6A00D05A0004A64B1B68C018FEF769
:109C3000E3FCA54B1B68C01A291BE0F729FEA34BC8
:109C40001860FDE5984B18680823C25E502A40DD75
:109C5000D30F7F21002091424341DBB2002B47D03C
:109C6000914B18680823C25E502A3CDD984B9856E9
:109C7000FEF736F9974B1860974B01221A70974BF5
:109C80001A708B4B1B681B79DB0644D5944B1B6801
:109C900000241C5FA403934B1D68834B18680823A2
:109CA000C25E502A30DD53009B185B00ED18AB7884
:109CB0001B04E4188C4B1B68E41A8C4B1C607A4B19
:109CC0001B6802229A5E120488490B689B180B607D
:109CD000E1E60121FFF72AF8C30F7F22002182422B
:109CE0004B41DBB2BAE70121FFF720F80200BDE7E4
:109CF0006D4B18680823C25E502A01DD1000B7E7DB
:109D00000121FFF713F8B3E70121FFF70FF8430034
:109D10001B185B00CAE7754B754A12681A60CEE7DC
:109D2000307A834200D0BCE5714B1A60B9E57368A4
:109D300061684B406F490B4200D0B5E5674B00218D
:109D40001970B4E5337A9C4500D0B5E50423F15E83
:109D50000425635F994200D0AEE55F4B0021197086
:109D6000ADE50021FEF7E2FFC30F7F220021824212
:109D70004B41DBB2C3E50021FEF7D8FF0200C8E586
:109D8000494B18680423C25E502A01DD1000C2E569
:109D90000021FEF7CBFFBEE5574B1B6802241C5F7A
:109DA000A403504B1D68404B18680423C25E502A20
:109DB0000CDD53009B185B00ED18AB781B04E41816
:109DC000494B1B68E41A4D4B1C60B2E50021FEF7BD
:109DD000ADFF43001B185B00EEE70221FEF7A6FF74
:109DE000C30F7F22002182424B41DBB2B4E5022146
:109DF000FEF79CFF0200B9E52B4B18680623C25EF4
:109E0000502A01DD1000B3E50221FEF78FFFAFE518
:109E10003B4B3C4A12681A60B8E50121FEF786FF09
:109E2000431E9841C2B2C9E50121FEF77FFFC30F6F
:109E30007F22002182424B41DBB2CEE50121FEF7B9
:109E400075FF0200D3E5184B1B680822985E502866
:109E500000DDCEE5020001211800FEF767FF00B229
:109E6000C7E58003E9E51E4B1B680220185E224B04
:109E70001B6802241B5F984207DA830322480360B1
:109E8000194C24681B1B0360E9E59B03F6E782423B
:109E90003CD05F1CB7E6C046FCE903103C0D032034
:109EA000380D0320200D032030140320943B0120A3
:109EB000ACF70220B0F70220822E0320B4F7022074
:109EC000001F0510101C0320400D0320440D03202B
:109ED000442A0320CCFA0220092F03200A2F032052
:109EE000C0E50220402A03203C1C0320340D03203F
:109EF000AC2B0320FFFF00FF982C01204C0D03200A
:109F0000240D0320A82B0320300D03207A4B1B883F
:109F10001B047A4A63441360794B1B689B1B8022A5
:109F2000D20594466344774A1360774B1B785BB243
:109F3000002B4ED1754B1B680421595E0911744BDF
:109F40001B68C918734B1A68A879EB791B02034385
:109F50001B0418145B131B1A5B006F480068C518BC
:109F6000C35C6878000218430004801310188378DB
:109F7000C47824021C4324042414AE78EB781B021A
:109F800033431B049B13D3189D78DA7812022A43BB
:109F900012041214944215D004784278120222431B
:109FA0001204121418785B781B0203431B041B1461
:109FB0009A4209D0002909DB0F296DDD574B584A19
:109FC0001A6006E00139F5E70131F3E7534B554AD2
:109FD0001A604E4B1A680021535E9B035249096870
:109FE0008B4202DB514B002018700220135E9B0352
:109FF000994207DB127A4E4B1B789A4202D04D4BA6
:10A0000000221A704C4F3968091139604B4D2B688A
:10A010001B112B604A4B99461868D7F712FE404235
:10A02000484B1860484B98461C682411474E3168CD
:10A030003868D7F706FE241A454B1C6029684B4642
:10A040001868D7F7FEFD4042424B186043461C6833
:10A05000241131682868D7F7F4FD241A3E4B1C60A0
:10A060003E4B1B68002B11D03D4B18680011186047
:10A070003C4A13681B1113602F4B1B68984213DB7B
:10A08000384B18682D4B1B68984221DCFFF7DAF833
:10A09000C0BCB946B046F8BD4B005B181B01214A55
:10A0A0009B181E4A136094E7274B1C682411274B0A
:10A0B0001968D7F7C6FD241A2B4B1C60284B19686A
:10A0C0001F4B1868D7F7BDFD4042284B1860D7E7F3
:10A0D0001D4B1C6824111D4B1968D7F7B2FD241ABB
:10A0E000234B1C601F4B1968154B1868D7F7A9FD47
:10A0F0004042204B1860C9E7782E03203C0D032016
:10A10000101C0320280D0320EC2E0320C0E50220A4
:10A11000843E0120F41B0320B0F70220042A032010
:10A12000EC1003201C0E03203C1C03200A2F0320EC
:10A130003F2F0320092F0320AC2B0320A02B03204B
:10A14000440D0320441B0320E0300120400D032078
:10A150003C1B03201C2E0120142E0120982C0120D2
:10A16000A42B0320A82B032020070320240703206F
:10A17000280703202C070320024BC822D2031A60B1
:10A180007047C0464C14032010B50300202903D8A3
:10A19000027A521A02720FE00D4B0E4A0E48BE218F
:10A1A000DFF768F95A6812021868013818600078F9
:10A1B00002435A6008311972197A2029F2D85A6874
:10A1C0001000C84004008C4062405A6010BDC04678
:10A1D000A4430310782405107491031000B583B0D4
:10A1E000FF2916D800281AD0134BC31A5A10FE2B79
:10A1F0001BD86B461A7059700022835E6A465380E2
:10A2000001AA009B019353881B041088184303B0D4
:10A2100000BD0A4B0A4A0B484521DFF72BF90A4BD0
:10A22000074A08484621DFF725F9084B044A054844
:10A230004821DFF71FF9C046C0E4022070B30310C5
:10A240005424051088B30310C4B30310C8B303101B
:10A2500000B583B00022835E002B09DCFFF7BEFF50
:10A2600001AA019053881B041088184303B000BD55
:10A27000024B034A03486421DFF7FCF8D0B4031013
:10A280006424051088B3031010B58269054B1A4287
:10A2900000D110BD044B054A7C210548FF31DFF792
:10A2A000E9F8C04601000010746703104824051047
:10A2B0008C67031010B5044B1B68C01A034B1B6856
:10A2C000C91AFEF7D5F810BD341C0320381C032032
:10A2D000014B8A221A807047902E0320704700009D
:10A2E000F0B5D6464F464646C0B5B6B0019001AB74
:10A2F00002229B5E002B41DA9BB25B421BB29B00A9
:10A30000964A1268D3581B021B0A954A1468E4182F
:10A31000002C35D001AB5B7898466278A3781B029D
:10A32000802149000B401343984530DA8D480422C0
:10A3300001A9E1F7FFFBE678B2462578AB072FD5F8
:10A34000894B1A68894B1B6873439B1888498C4654
:10A3500062441114013B1B14002A1FDB854A12685A
:10A360009A4200DC531E994200DDEFE006AA11700C
:10A3700053700023937001339846D7E0DFF72AF932
:10A380007D4B7E4AB4217E48FF31DFF773F87D4B69
:10A390007A4A26397A484900DFF76CF80021DDE770
:10A3A000EB0721D504235A00A25C94469C446346E3
:10A3B0005800201843465B00C35A1A0AFF2A15D0DA
:10A3C000424601325300C35A190AFF2928D1617845
:10A3D000A3781B0280277F003B400B43934218D990
:10A3E00001325300C35AEFE70323DCE71A406178D8
:10A3F000A3781B0280277F003B400B43934201D987
:10A400000132DFE7604B5D4AE0215D48FF31DFF755
:10A4100031F85D4B594AE8215948FF31DFF72AF8F6
:10A420006278A17809028020400001400A4362441A
:10A43000013252006D070ED59A18A21803AB039291
:10A4400000221A7204920025002401235B429946DF
:10A45000002398460FE0D9085218A41803A80394C3
:10A4600007221340037222780121494299408A430E
:10A470000492E8E78146331BDBB2444AD15C03A86F
:10A48000FFF782FE2718BA454DD035DB2D18F31B98
:10A49000DBB23E4AD15C03A8FFF776FE002832DD2E
:10A4A0003C18324B1A683B0053432F4909685B182C
:10A4B0005043C0182E4A944663441A1401380014BD
:10A4C000002B27DB2B4B1B68834200DC581E82428B
:10A4D000D1DC4A45CEDD43465B00434406A9CA545D
:10A4E0005A1C8854FF2D17DC023306AAD5540123C9
:10A4F0009C46E0448146BEE7254B204AFB2120488C
:10A500004900DEF7B7FF234B1C4AFD211C484900D8
:10A51000DEF7B0FF0022D5E71F4B184A8521184807
:10A520008900DEF7A7FF43463F2B08DC4346002B9C
:10A530000FD136B0E0BCBA46B146A846F0BD174BC5
:10A540000E4A87210E488900DEF794FF00239846C3
:10A55000ECE7414606A804F007F9EAE7C0F8022054
:10A5600018230020A43B0120841703208817032010
:10A57000FFFF00001C1C03209049031090240510CD
:10A58000E4B4031024B5031058B50310DCF3041031
:10A590004C4903107CB5031088B503109CB503101B
:10A5A000F0B583B004002423C256244B1A70244B08
:10A5B00000211970002A09DB836AC02212051342A8
:10A5C00004D09B16032213401D4A1370A369DA17A7
:10A5D0009B1853401B4A126813411B4A1360E069E1
:10A5E0001A4B186025696169194F3960194B1E684B
:10A5F000D7F727FB361A184B1E60184B3A681A60BB
:10A60000206AFDF7FBFC0600A268154B1A600DE0FE
:10A610002914C9B23000FFF71BFE0190FFF760FE5E
:10A620000F4A136801331360A369ED18E2680C4BFD
:10A630001B689A42ECDA03B0F0BDC046D72E032067
:10A64000D82E0320B83C0120A03B0120A83B0120CC
:10A6500088170320E030012084170320140703200B
:10A66000AC3B0120F0B5C64600B58CB005000368D0
:10A670001A78564B1B889A4200D300BE2B685A7832
:10A680007F211140524A10681B785A1C5200125AFE
:10A690005B001B5AD31A994200DB00BE4C4B196871
:10A6A0002A6813785B005B5A50787F2202409B181F
:10A6B0005B00CB5A5B045E0CA868464A9446604433
:10A6C000DF0B454B1B68DB595B151B04C31A98460F
:10A6D000424B19684046D7F7B4FA414B1C6804193D
:10A6E0002414404B1B68A34203DA0CB080BCB8466C
:10A6F000F0BD394B1B68D85900043B4B184040440F
:10A70000364B1968D7F79DFA354B1A688218121420
:10A71000013AEAD400230B93E9682F4B1B68DB59FD
:10A72000DB025B151B04C91AC923DB035B1A089300
:10A73000211E2EDB03912B4B1B68934200DC5A1E1B
:10A740000492264B29481B68006883400693284BD7
:10A750001B68079300200590A14202DD0C1B5C439F
:10A7600005940996234B1B685B6B802B01DC1B0750
:10A7700011D501A82423FF24C4541F4C02252368AB
:10A780002B43236001A8FFF70BFF2368AB43236033
:10A79000ABE70021CEE7194B1B785BB2002B03D04F
:10A7A00001AC24202354E8E72B685B785BB2002BD4
:10A7B00007DB134B18682F23C45C01A80B3BC45460
:10A7C000DBE701A824230024C454D6E7902E0320FD
:10A7D000382A0320000060FF3C2A0320F80A0320E7
:10A7E000D8300120281C03200000FF03B83C0120C2
:10A7F000F40A0320201C03200C070320EC2E032066
:10A800008017032070B51B4B1C6823681A89D3007E
:10A810009B189A00184B1B689B1804229B5E1B1107
:10A82000164A12689B1805D40F2B0FDD144B154ADE
:10A830001A6002E0124B144A1A60144B144A1A6050
:10A84000144B154A1A60B434002509E05A00D21896
:10A8500013010D4A9B180A4A1360EEE701351034C4
:10A86000012D06DC2368002BF8D02000FFF7FAFE4C
:10A87000F4E770BD201C0320C4120320843E012095
:10A8800080170320EC1003201C0E0320C8FA0220BE
:10A890006CF90220ACFA0220E4FA022070470000B2
:10A8A00070B5064C012523682B432360C26881687C
:10A8B000FFF776FE2368AB43236070BD0C070320CF
:10A8C000F0B5D6464F464646C0B58CB00400C268C7
:10A8D000944B1B68D31A98460769934B1B68FF1A61
:10A8E000924B19684046D7F7ACF90500904B1968B0
:10A8F0003800D7F7A6F945198023DB029D4205DA17
:10A900000CB0E0BCBA46B146A846F0BD894B186809
:10A910002900D7F79BF98146854B19684046D7F740
:10A9200090F90600814B19683800D7F78AF9361A72
:10A93000F217B3185340AD00AB42E1DCE1887E4A28
:10A940004B005B189B00D25C7C4B1B889A4200D367
:10A9500000BEE78878497B00DA1992008A1852789D
:10A960007F201040764A1568DB199B005B5C5A1CFF
:10A970005200525B5B005B5BD31A984200DB00BE67
:10A980006F4B1868E5886C4A69004B199B009B5C0B
:10A990005B001B5A49198900521851787F220A40DE
:10A9A0009B185B00C75AC35E002B70DB7F047F0CD3
:10A9B00000239A46BB009846624B1B6842469D584E
:10A9C0006D152D04751B49462800D7F73AF95E4BE3
:10A9D0001E68861936145D4B1B68B34200DA8FE798
:10A9E000584B1B68424698580004594B1840401970
:10A9F0004946D7F726F9544B1B68C0180014013894
:10AA000000D57DE7A3690B93524B1B684A469A40D9
:10AA1000069262694B4B1B6841465B58DB025B1533
:10AA20001B04D3184C4A12689B1A0893331E49DB47
:10AA30000393464B1B68834200DC581E0490802021
:10AA400049464002D7F702F95346002B3CD03D4B14
:10AA50001B6842469B581B043D4A1340013B05932B
:10AA600040420790039BB34205DD059A07999B1B63
:10AA70004B43D31805930997A3695B0328D501AA13
:10AA80002423FF21D15401A8FFF70AFF38E72169E9
:10AA9000E068FFF70FFC05002000FFF7F5FBC36A35
:10AAA000ED1A90231B069C4665446D0F7B045B0CDE
:10AAB0005B19234A12685B009B5A5F047F0CDB0B17
:10AAC0009A4677E70023B3E7002305930790C9E789
:10AAD000224B1B785BB2002B03D001A924228B549C
:10AAE000D1E7E188144B4A00521892009B185B781A
:10AAF0005BB2002B10DB174B1A680C239B1A4A46DB
:10AB00001A4113002F2A00DD2F23154A1268D1564F
:10AB100001AA2423D154B6E701AA24230021D15449
:10AB2000B1E7C046341C0320381C0320181C032046
:10AB3000241C0320F00A03204CC00410902E032094
:10AB4000382A03203C2A0320D8300120281C032067
:10AB50000000FF03B83C01203C1C0320EC2E032026
:10AB60008017032010B50400FEF764F8002831D1E7
:10AB70000422A35E1B11184A12689B1805D40F2BE0
:10AB80000FDD164B164A1A6002E0144B154A1A6084
:10AB9000A48A002C0DD080231B059C466444A4008D
:10ABA0000AE05A00D3181B010E4A9B180B4A136087
:10ABB000EEE7002400E00024002C0BD02000FFF77B
:10ABC0007FFEA48B002CF6D080231B059C4664449A
:10ABD000A400F1E710BDC046843E01208017032089
:10ABE000EC1003201C0E0320002802DBFF2802DCEF
:10ABF00070470020FCE7FF20FAE7000070B5050071
:10AC0000144B1C680301E4182368002B21D0A068B2
:10AC1000D8F700FF002801D1002304E0A068D8F78E
:10AC2000EFFEF9E701330C4A12689A4208DDAB42A5
:10AC3000F8D0206807491A0109688A589042F1D172
:10AC4000206800F067FB4368013B436000232360FA
:10AC5000636070BDAC3A0120F827002070B5050094
:10AC60000E00002400E001341A4B1B68A3420EDDE5
:10AC7000194B22011B689B181A68002A07D0002D67
:10AC8000F1D05B68AB42EED12000FFF7B7FF114B6C
:10AC90001968A14207D0104B1B6822019B181E6047
:10ACA0005D60200070BD0024A14209DD0A4A230135
:10ACB0001268D3585A7A737A9A4201D20134F3E770
:10ACC000A14203D02000FFF799FFE4E7012464428A
:10ACD000E7E7C046F8270020AC3A012010B58269AA
:10ACE000054B1A4200D110BD044B054A7C21054892
:10ACF000FF31DEF7BFFBC046010000107467031090
:10AD0000A42405108C670310F8B5CE46474680B5DD
:10AD100007000D0091469846C0680A68841AE31738
:10AD2000E4185C4039696B68CD1AEE17AD197540AF
:10AD30006619B446AC4200DD2C00641065462D1B3C
:10AD4000314C247864B2082C03D09624E404A54244
:10AD500057DCFDF70BFC04003800FFF7BFFFC36AA8
:10AD6000A34223D2E41AE40C284B6200D15A2401F6
:10AD700080235B021C40091BC020C003D6F761FF83
:10AD800003148020C01A43461860C8231B049D4248
:10AD90000FDA1F4B1B684A4613604B461B68D817D7
:10ADA000C01AC00FC0BCB946B046F8BDE41A013C99
:10ADB000D9E7154B1B785BB2082B0DD09623DB042B
:10ADC0005B1B1B14124A10685843FA218900DFF7F5
:10ADD0005FFD4B461860E0E79623DB049D4200DDF3
:10ADE0001D000B4B1B680F3B9620C004401B00143A
:10ADF0005843FA218900DFF74BFD0F304B461860AE
:10AE0000CBE70020CEE7C046F22E0320FCE903107A
:10AE10009814032010B50100002000E00130084B19
:10AE20001B6883420BDD074B02011B689B181A68E5
:10AE3000002AF3D05B688B42F0D1FFF7DFFE10BD34
:10AE4000F8270020AC3A012010B5002800D00C30C3
:10AE5000FFF7E0FF10BD0000F0B587B006000D0061
:10AE60004D4B1B6804934B1E6C2B00D900BE6C002D
:10AE70006419E400494BE418E368002B0CD06269C4
:10AE80000499521804922769002A73DD424B1B680B
:10AE90009A4202DD049300E07F27002E28D0404B29
:10AEA000404A00215156D4224A43D05803000C3363
:10AEB000B3421DD005AB04AA3100FFF725FF31686E
:10AEC000374B0393374A127852B29446D4226346E2
:10AED0005A43039BD358DA68914202D0002809D123
:10AEE00048E072681B699A42F8D180230593F5E720
:10AEF000802305932B000A3B032B0BD9202D10D068
:10AF0000572D0ED0EEF7F2F81F2318400F3B181AFA
:10AF10003F1806E0EEF7EAF80F231840073B181A2F
:10AF20003F183800FFF760FE07003000FFF772FFA0
:10AF300021003000FFF792FE051E1BDB200000F011
:10AF4000E9F943685A1C4260002B15DB200000F031
:10AF5000E1F90022835E002B14DB134B2A011E68EB
:10AF6000B618F760059B049A009729002000D8F7CF
:10AF700029FDB06007B0F0BD200000F0CBF901233F
:10AF80004360E3E72000D8F7E5FC0600200000F06E
:10AF9000C1F90680E1E7C04698140320E8240510B3
:10AFA00048070320D22E0320AC3A012010B5002818
:10AFB00000D00C30FFF750FF10BD10B5010000208D
:10AFC000FFF74AFF10BD000010B5074B1B68002BB0
:10AFD00003D0064B1B78002B00D010BDD8F73EFDE8
:10AFE000024B01221A70F8E750040320132F0320AC
:10AFF00010B5074B1B68002B03D0064B1B78002BAA
:10B0000000D110BDD8F734FD024B00221A70F8E7CA
:10B0100050040320132F0320F0B583B00700D8F7A6
:10B02000A5FC00260DE03000FFF7E8FD08E0009ADF
:10B030000199A068D8F7AEFC02E03000FFF7DEFD12
:10B0400001361A4B1B68B3422DDD194B1C683301C6
:10B05000E4182568002DF3D0A068D8F7DBFC0028A1
:10B06000EBD0144B1A68019280230093EB68002BFD
:10B0700007D06B69D3180193002BD4DD9A4200DA14
:10B08000019261680029DBD03B000C339942D7D094
:10B090006B4601AA3800FFF737FE0028C7D1300001
:10B0A000FFF7ACFDCCE703B0F0BDC046F8270020A9
:10B0B000AC3A01209814032010B57F2800D900BEB7
:10B0C000D8F7C2FC10BD00007F2800D900BE014B9C
:10B0D000186070479814032070B505000C00244BCD
:10B0E0001B78012B0BD1234B1B78002B03D10020A5
:10B0F000D8F7EAFB06E00120D8F7E6FB02E00220E1
:10B10000D8F7E2FB1C486D21D8F790FC2800FFF728
:10B11000DBFF2000FFF7D0FF184B1868000101216A
:10B12000D7F78EFC164B1860002304E01A01821832
:10B13000002111600133114A12689A42F6DC114B6A
:10B1400000221A70013207E00F4BD1005C18012079
:10B1500040426060C85201326C2AF5DD0B4B1B780F
:10B160005BB2013300D070BD084B00221A70FAE7C1
:10B1700054250020F32E0320E8240510F827002092
:10B18000AC3A0120132F0320C43000201F230020DD
:10B1900010B50D4B1B68002B11D00C4B1B78002BEE
:10B1A0000ED1D8F78FFC084C2368D868D8F776FC06
:10B1B00023680820185ED7F72FFB0023236010BDFB
:10B1C000D8F756FCEDE7C04650040320132F0320A8
:10B1D00070B584B00D001D2827D0431E422B26D900
:10B1E00000BE0024194B1B68A3421CD0FFF7D0FF00
:10B1F0000822A35E002B1ED00823E05E8300144AC1
:10B200001268D3581B021B0A124A1668F618D7F7A1
:10B21000DBFA01003000D8F735FCE060E9B2D8F77E
:10B2200047FC0A4B1C6004B070BD0330D5E7000139
:10B23000094C0419D6E7094A2300092101A8D8F7C7
:10B24000D7FC01A8D7F7B8FA2081D5E7500403202E
:10B25000C0F802201823002004280020B4B50310F1
:10B2600030B58BB0002400E00134204B1B68A342B2
:10B2700009DD1F4A23011268D358002BF4D02000A7
:10B28000FFF7BCFCF0E71B4B00221A701A4B1B782F
:10B29000022B19D001A9194A130031CB31C11A0070
:10B2A0000B0013CA13C313CA13C3154B1B785BB22D
:10B2B000032B12DC013BDA00D3180133114A0020C2
:10B2C0001056C018013803E00E4B002018562030ED
:10B2D0000121FFF77DFF0BB030BD0A4B1B785BB23D
:10B2E000013B9B0001AA9858F2E7C046F8270020CE
:10B2F000AC3A0120132F032055250020B02405105F
:10B30000F12E0320F22E032010B50021FFF760FF7D
:10B3100010BD000010B50D4BC01AC21093009B1851
:10B3200019015B1819025B1819045B185B009B1864
:10B33000074A904203D8DB000648181810BD064B98
:10B34000064A822106484900DEF794F8E8240510F1
:10B35000380A0000C4300020BCB50310D424051006
:10B36000CCB5031070470000014B33221A707047B0
:10B37000572F032001804280044A4282029A0271C0
:10B38000009A8260019AC260038270470F27000012
:10B39000F8B5DE4657464E464546E0B5060004255C
:10B3A000455783681B689B46028A3A4B1B685000CE
:10B3B000C35E9B0038480068C3581B021B0A37480D
:10B3C0000068C418C05CE378DB018024640023407B
:10B3D000184382460023F05E002906D11221735ED5
:10B3E0002F498B4201D09B4601E05B4673825B464E
:10B3F000002B0DDB5C4607002A4B9C423BD0002C07
:10B4000030D10223F15E5346C01AD7F74DF929E037
:10B41000022D04D0032D07D05C466442EBE70933CC
:10B42000F8DA09246442F8E75B46633301DB5C46E3
:10B43000F3E763246442F0E75346FF1A0222B35E47
:10B440009946358A0A212000DFF722FA6A1892B25B
:10B4500049463800D7F728F90A212000DFF718FA03
:10B4600004004546002C03D06B1E9846002DE3D106
:10B470005B46002B05DBF0BCBB46B246A946A046A6
:10B48000F8BD0223F15E084B1A7838000838D7F768
:10B490000BF9F0E7C42A0320C0F80220182300208B
:10B4A0000F270000CA070000572F032010B5C368FC
:10B4B0001B78002B00D110BDFFF76AFFFBE730B50A
:10B4C00085B004000AA8057803200290099801902D
:10B4D000089800902000FFF74DFF257505B030BD9E
:10B4E00001804280FF220274009A4260019A8260C9
:10B4F000C360704701704270FF220273009A42607D
:10B50000019A82608370704770B5040014496C2002
:10B51000A047002304E019007F39124AD1540133B7
:10B52000052BF8DD10498720A047002209E0D1B2A1
:10B530000D0079350D4B50001D546F311B1859709B
:10B540000132052AF3DD0A498820A047002304E0E0
:10B5500019003431074AD1540133292BF8DD70BD6D
:10B56000592F032040F20220C12E0320882C0120F5
:10B57000332F0320A03E01200870704710B5826968
:10B58000054B1A4200D110BD044B054A7C210548E9
:10B59000FF31DDF76FFFC046010000107467031034
:10B5A000382F05108C67031010B50C4B1B681C6AF4
:10B5B000642C00DD64240A4B1B68A3420BD0642377
:10B5C0001B1B9800C0186521DFF762F9C000054B0E
:10B5D0001860034B1C60034B186810BDD40A03208D
:10B5E0004C2C00207CF3022070B58B4B1B68092B80
:10B5F0000DDC8A4B1B681B6A002B08D1864B092285
:10B600001A60874B20321A70864B283A1A60824B98
:10B610001B68082B05DC814B1868A823C358002B36
:10B620006ED17D4B1B68072B1DDC7C4B1B68A42255
:10B630009A58002A17D0AC229A58002A13D01868BA
:10B64000824210D0744907240C601B6A764909684D
:10B650005B1A142B65DD734B23221A60FFF7A4FFDE
:10B6600005306F4B18706C4B1B68062B17DC6B4B4F
:10B670001B68A4229A58002A11D01B6A6A4A1268D1
:10B680009B1A142B00DC82E0634B07221A60654B87
:10B690001C321A60FFF788FF0530614B18705E4B53
:10B6A0001B68052B00DD86E05C4B1A688823D356A7
:10B6B000002B7CD05D4B1B685A1C74D0013B5B4A4D
:10B6C0001360002B77D1544B05221A60FFF76CFFF3
:10B6D0000730534B1870534B01221A60534B1A60BA
:10B6E00069E00133082B0EDC514AD15CC2185E328E
:10B6F000127852B29142F4D04D49CA540124F0E775
:10B7000000240023EEE7002C8BD0434B08221A6064
:10B71000444B3E321A60FFF747FF0630404B18702B
:10B720007FE71369D2680169C068FCF71FFF050055
:10B730003A4B1B681868FFF721FFC36AAB4214D26B
:10B74000ED1A80242406AC42A4416442354B2322E6
:10B750001A60FFF729FF324B187080239B059D422A
:10B760000BD22F4B073018707DE75D1B0024802320
:10B770001B06AB426441E4B2E8E7002C03D0284B3F
:10B78000033018706FE7264B043018706BE7224BBC
:10B7900006221A60234B1D321A60FFF705FF07309F
:10B7A0001F4B18707BE7214B46221A6003E01F4BAA
:10B7B000012252421A60184B1B68042B11DC174BF4
:10B7C0001A688C23D3589B0702D4D36A002B08D065
:10B7D000114B04221A60124B24321A70114B273A73
:10B7E0001A60104B1B68002B04D00E4A1368013BF3
:10B7F000136070BDFFF7D8FE04000E4B18680321DC
:10B80000DFF746F86418064B1C70064B11221A60CD
:10B81000014B00221A60E8E7E80A0320D40A03205B
:10B82000472F032090170320502C0020482C002085
:10B83000B4040320A417032010B53D4B19685C2302
:10B84000C85C3C4A43001B189800835C052B06D05B
:10B850001A339B00CB18384A9360002311E0364B13
:10B86000364A9A60F9E701204042354AD054DA1C42
:10B870008A1844321278002A02D0DA1C3048C254A6
:10B880000133022B06DCCA1844321278002AEAD0AF
:10B8900058B2EAE7FFF7A8FE2A4B1B785BB2594281
:10B8A0005941294A1170294A1278002A03D0002BE5
:10B8B0000AD0002000E0002025490870002B05D0A8
:10B8C000002A04D0012202E00120F5E70022214BEA
:10B8D0001A70214B00221A6000230BE0144A1268F0
:10B8E000190012318900521850681B490A68121A4F
:10B8F0000A600133032B10DC184A127852B29A42C4
:10B90000ECD00B4A126819001231890052185068A5
:10B9100011490A6812180A60EBE7114A1368013BE3
:10B920001360002B03D10F4B0F4A12781A7010BD11
:10B93000D40A0320A49B041084290320442C002053
:10B940003CF20220DD2E03204A2F03204C2F03203F
:10B95000432F0320482F032098170320D22E0320C3
:10B960009C170320442F03204B2F032010B5084AB7
:10B97000136801331360EDF7B9FB064B1860FFF74E
:10B980005BFF054B1B681A6A044B1A6010BDC0466A
:10B990008C170320A4170320D40A0320502C002066
:10B9A000F8B504001C4B1B78002B00D1F8BDD9F76B
:10B9B00030FF1A4A1368C31A1060632B10D8184E50
:10B9C000327818498F5C184D2868C01B28608B544A
:10B9D000FF210B401B182B6001320F231A403270DD
:10B9E000631C11D1104B19680A00A13A0F4B9A42FF
:10B9F000DCD8FA208001DEF74BFF0D4B18600D48B4
:10BA00000121FFF753FDD1E7094B1C6009480121D3
:10BA1000FFF74CFDCAE7C0463B2F032078F3022016
:10BA2000122F03203C0403204C1B03209E1E000009
:10BA3000941703201825032010B504001C4B1B7815
:10BA4000002B06D01B4A127852B2002A0DD00021DA
:10BA500000E00021184A1170164A127852B2002AEA
:10BA600005D0002B1DD1002202E00121F2E70022C7
:10BA7000124B1A70124B1A78A8210020D6F714FE28
:10BA8000002C09D00F4B1B78002B03D00E4B1B78DA
:10BA90005E33DBB20D4A13700C4B1A78002A02D1C8
:10BAA00010BD0122E4E7A8218F20D6F7FDFDF7E7BE
:10BAB0004C2F0320DD2E0320432F0320482F03208B
:10BAC000332F0320182F0320D22E0320EA2E032029
:10BAD00010B5FFF7B1FF10BD10B50248FFF714FD18
:10BAE00010BDC04679B5021010B5FFF7F5FF10BDC7
:10BAF000F0B5C64600B584B0884B1B78002B03D048
:10BB000004B080BCB846F0BD844B01221A70844C4E
:10BB100022685C23D05C834943001B189B005B5C5C
:10BB2000814803210291814D01951A339B00D2185F
:10BB300000926223AB222931FFF71CFC23687C486A
:10BB40007C4A127802920195203300936223AB2243
:10BB50005A21FFF7B4FC784B1B7878480195784A56
:10BB60000092A8226821FFF7C5FC002425E0A5006B
:10BB70002D19AD00734BED1803212000DEF788FE70
:10BB80004E007618B60003212000DEF781FE820009
:10BB90001218520063006C495B186149086801344F
:10BBA000AC3231006F31694E01962600583680194B
:10BBB000063000902800FFF793FC052CD7DD644881
:10BBC00002230293634B0193634B00936223AB22E6
:10BBD0008A21FFF7CFFB614B6148544C0194614AC5
:10BBE0000092A8228F21FFF77BFC4D4D2B685E4809
:10BBF000504A127802920194243300936223AB22BC
:10BC0000DD21FFF75CFC594F594E0194594B984682
:10BC100000933B00AB22EF213000FFF761FC3000C6
:10BC2000143001944346013300933B00B522EF21C9
:10BC3000FFF756FC3000283001944346023300934E
:10BC40003B00BF22EF21FFF74BFC2B6890225200F4
:10BC50009046494E032702970194683300936D2361
:10BC6000733A41463000FFF785FB2B6830001430F3
:10BC7000029701946C3300936D23B3224146FFF782
:10BC800079FB2B68300028300297019470330093C1
:10BC90006D23BF224146FFF76DFB2B6830003C301F
:10BCA00002970194743300936D23B9224146FFF744
:10BCB00061FB2B689D2252009046304E0297019402
:10BCC000783300936D238D3A41463000FFF752FBE5
:10BCD0002B6830001430029701947C3300936D235D
:10BCE000B3224146FFF746FB2B683000283002970D
:10BCF0000194803300936D23BF224146FFF73AFB46
:10BD00002B6830003C3002970194843300936D23FC
:10BD1000B9224146FFF72EFBF2E6C046FB2E032078
:10BD2000D40A0320A49B0410842903204C2F032051
:10BD300040250320592F0320C12E03207C240320FB
:10BD40004A2F032004240320882C0120432F0320A2
:10BD50002C250320482F032098170320A03E012004
:10BD600004250320472F0320EC23032040F2022068
:10BD7000382703203CF202209C2303207427032051
:10BD800000B585B0FFF7B0FE9F2109480423029358
:10BD9000084B0193084B00936D2302224900FFF7E3
:10BDA000E9FA064B064A1A60FFF7A2FE05B000BD8D
:10BDB00018250320542C002094170320D40A0320B4
:10BDC0004807032010B51B4B1B785BB2D4205843A7
:10BDD000194BC018194B1860194A00231360194AEF
:10BDE0001370194A01211170184A1170184A137002
:10BDF000184A1370184A1370184A1370184B01220E
:10BE000052421A60174B1A60002305E0C2185E32D6
:10BE10001178154AD1540133082BF7DD002303E0D4
:10BE2000124AFF21D1540133022BF9DDFFF79CFAAE
:10BE300010BDC046D22E032048070320D40A032099
:10BE40008C170320452F0320492F03204C2F03205C
:10BE5000442F03204B2F0320462F0320472F03207E
:10BE6000A0170320502C0020B40403203CF2022031
:10BE700010B5064B1B78002B00D010BD0020DAF760
:10BE8000F9FB024B01221A70F7E7C046D82C0020BC
:10BE900010B5074B1B78002B07D0FFF793FFFFF778
:10BEA00027FE034B00221A7010BDFFF7E1FFF4E7F5
:10BEB000D82C002070B584B004000378012B12D078
:10BEC000002B0DD1B94B1B78002B04D1B84B1B783C
:10BED0005BB2042B1BD1B54B1B78002B00D1ABE11F
:10BEE000002004B070BD41680A0C1204B1488242BF
:10BEF000E6D1B14B994206D0B04B9942F0D1B04B4C
:10BF000001221A70ECE7AE4B00221A70E8E7217AA2
:10BF1000AC48D5F723FE051E1AD0AB4B1D688C210B
:10BF20006B58022253406B501A420DD028680028EB
:10BF300003D0FFF723FB6423838464232B62A34B8A
:10BF4000A022AB500025D0E0A14BA022AB50F9E7D6
:10BF5000217AA048D5F702FE061E1ED09A4B19681A
:10BF6000C8234B62C63B8B622B0004E0CA185E32CA
:10BF7000012010700133082BF8DD08E02B001E3380
:10BF80009B005A582B001A339B005A500135032D41
:10BF9000F4DD914BA0228B50D4E7217A8F48D5F75E
:10BFA000DDFD002827D0884B1968C8234B62C63BAB
:10BFB0008B62330004E0CA185E3201201070013336
:10BFC000082BF8DD330008E01A001E3292005058AA
:10BFD0001A001A32920050500133032BF4DD04E0B2
:10BFE0008B19443301221A700136052EF8DD7C4B83
:10BFF000A0228B50A6E7217A7A48D5F7AFFD00281A
:10C000000FD1794B1B78002B4ED0774B1B78002B30
:10C0100098D0A168C9B27548D5F7A0FD002891D085
:10C0200049E0694B1968724BA0228B506D4803A9F7
:10C03000D5F7D6FD6F4B1B78022B03D06E4B1B78C8
:10C04000042B1AD803A90A78303A0A23534318005C
:10C0500021304A78801831389B18532B09DD664B04
:10C060001B78022B05D9584B1968644BA0228B50C2
:10C0700068E70121FFF7ACF864E703A90A78313AD1
:10C0800009235343581C4A781100313940189B1832
:10C09000502B05DD4C4B1968584BA0228B5051E7B3
:10C0A0000121FFF795F84DE7A168C9B25448D5F7CB
:10C0B00055FD0028A9D0444B1B688C201A5801213B
:10C0C0004A401A500A4203D04E4A9F315A5039E72B
:10C0D0004D4AA0215A5035E72900F0F7DDFC3A4BD4
:10C0E00019684A4BA0228B500135052D20DC217A9E
:10C0F000E800474BC018D5F731FD0028F4D0324B8B
:10C1000018682B000A339B00C3185B68002BE3D030
:10C11000012D06D02B000A339B00C0180123436079
:10C12000DDE72B000A339B00C01800234360D6E7ED
:10C13000217A3848D5F712FD002805D0224B19681E
:10C14000354BA0228B50C6E6217A3448D5F706FD40
:10C15000002809D01C4B1B68012265215A54DA6261
:10C160002F4A3B315A50B6E6217A2E48D5F7F6FCD5
:10C17000002800D1AFE62C4B2C4A00215156D42286
:10C180004A43D6583000FFF7F9F9C36A284A294DC7
:10C1900031690191F168009134212800D7F728FD19
:10C1A000094B1A68A023D55095E6C046182F0320E6
:10C1B000F42E032000006D6100656D6100786D61F3
:10C1C000492F0320C82C0020D40A032008B60310EE
:10C1D00020B60310B82C002038B60310C02C002065
:10C1E00050B60310D02C0020F32E0320A82C0020E2
:10C1F00068B60310552500205425002078B603109A
:10C20000B02C002090B60310A4B60310BCB60310E7
:10C21000702C0020A02C0020D0B60310682C002029
:10C2200000B70310582C002048070320D22E03200B
:10C2300018B70310642E0120217A2248D5F78EFC0E
:10C24000002800D14CE61F4803A9D5F7C9FC1E4BB6
:10C250001878022813D003AB197830395A78303A5D
:10C2600002281CD0002900DC3AE6042900DD37E66C
:10C2700010D0002A00DC33E6092A16DD30E603A9D7
:10C280000B78303B9A00D21852004B78D218303AD3
:10C290000021E5E70D4B1B78042BEAD820E6002AA5
:10C2A00000DC1DE6282A00DD1AE6094B1C68094B54
:10C2B000A0202350084B002018560023EAF738FA34
:10C2C0000EE6C046602C0020552500205425002095
:10C2D000D40A032034B70310F42E032010B51F4BEB
:10C2E0001A68A423D358116B002905D089110C209A
:10C2F000411A8B4200DA0B00002B13D00733D81001
:10C300003F2B00DD07200130154B1B68834220D1F5
:10C31000124B1B681B6A134A1268934201D0114AE0
:10C32000136010BDA823D358002B06D00733D810B4
:10C330001F2B00DD03200930E6E7936B802B06DC22
:10C340000822100018401A42DED00D20DCE70D2034
:10C35000DAE7034B1860DAF78DF9D9E7D40A03203E
:10C36000A017032060F3022010B50C00002805D0B0
:10C37000084B1B78002B0AD0012200E00122064B5B
:10C380001A70FFF7ABFF2000FFF7A2FB10BD0022E1
:10C39000F5E7C046C42E03204C2F032008707047D9
:10C3A0007047000030B585B00400244B1B78022B89
:10C3B00033D0234B1B681B68DA009B18F433214AE7
:10C3C0001380214D2900A320A047691CA420A04769
:10C3D0001E49A520A0471E4BAA221A801D4B043AD5
:10C3E0001A80164B1B78022B1CD01B4B1B78042B7E
:10C3F00004D9134B1B681B68032B19D0104B1B6807
:10C400001B68164A092101A8DEF7D0F901A8D6F762
:10C41000D3F9134B188005B030BD0A4B8C22520063
:10C420001A80D8E70F499D3A01A8D7F7B9FBEDE785
:10C430000C49092201A8D7F7B3FBE7E755250020EF
:10C44000082A03207A2E0320B02B03207C17032018
:10C45000982E0320662E032054250020ECB70310ED
:10C46000AC2E0320FC690310F0B5D6464F46464675
:10C47000C0B5424B1B78022B07D1414B1B689A6811
:10C48000404B1B785BB29A4256DA3F4B99461A886A
:10C490003B4B98461B689B68D21892B23B4B9A461E
:10C4A0001B685100CB5E9B00394F3968CB581B028B
:10C4B0001B0A384E3168C818CB5CC178C901802589
:10C4C0006D0029400B43A0246400E31AD80FC01864
:10C4D00040100221D6F7E8F853461A684B461B88ED
:10C4E0004146096889685B189BB25B009B5E3F68A8
:10C4F0009B003068FB581B021B0AC3185B7899002D
:10C5000059188910023195235B00D35E9B00FB58BC
:10C510001B021B0AC618C25CF378DB012B401343D5
:10C52000E41AE00F001940109522D6F7BDF8E0BCE0
:10C53000BA46B146A846F0BD9A42F8D1134B1A68E4
:10C5400095235B00D35E9B00114A1268D3581B02EF
:10C550001B0A104A1268D118D25CCB78DB0180210B
:10C5600049000B401A43A0235B009B1AD80FC01848
:10C5700040109522FE39D6F797F8D8E755250020C8
:10C58000082A0320B22E03207A2E0320C42A032077
:10C59000C0F8022018230020F0B5C64600B5224B93
:10C5A00098461A6896235B00D35E9B001F4F3A683B
:10C5B000D3581B021B0A1E4E3268D118D35CCA78AE
:10C5C000D20180256D002A401343A0246400E31AA1
:10C5D000D80FC018401096220221D6F765F8154BE7
:10C5E0001A88154B1B68DB68D21892B243461B6849
:10C5F0005100CB5E9B003968CB581B021B0A306888
:10C60000C018437899005918891002310678C37808
:10C61000DB012B403343E41AE00F00194010D6F73A
:10C6200043F880BCB846F0BDC42A0320C0F80220FD
:10C63000182300207A2E0320082A0320F0B5C646CE
:10C6400000B582B084460E000024254B1B68196893
:10C65000244ACB005B1863449B00985ED2180223E7
:10C66000D15E0191335D204F3F685B00DB5F9B0033
:10C670001E4F3F68FB581B021B0A1D4F3F68FA18EC
:10C68000FF5CD378DB0180256D002B403B431B18FA
:10C6900057787F18002807DBA0225200934203DA64
:10C6A000002901DBC72F06DD0134022C05D0335DE4
:10C6B000002BCAD102E0012300E00023002B01D0AF
:10C6C000012C08DD614601310A48DFF7D1FB02B0D9
:10C6D00080BCB846F0BD325DD5F7E6FFF7E7C0464F
:10C6E000082A0320B02F0510C42A0320C0F8022016
:10C6F00018230020F4B7031070B51F4B1B78022BD2
:10C7000038D01E4B1B681B68022B33DC00250AE067
:10C710001B4B1E680136ECF7E9FC6178DEF7B8F8D0
:10C720007618E6600135154B1B681B68154AD25612
:10C73000AA421FDD144A9B009C58AB005B199B006A
:10C74000E418FF2323742378002BE1D0012B06D0BB
:10C75000022BE7D10A4B1B680133E360E2E7084B89
:10C760001E680136ECF7C2FC217ADEF791F87618E4
:10C77000E660D7E770BDC04655250020082A032093
:10C78000A82C0120AC2F05109C2F051070B5344B40
:10C790001B78022B63D0334B1B681B68022B5EDCBB
:10C7A000002503E062789B18E36001352D4B196882
:10C7B0000B682D4AD256AA4251DD2C4A9B009C5848
:10C7C000AB005B199B00E418E268294B1B689A4296
:10C7D000EBD12278012A0FD0022A26D0002AE4D1F8
:10C7E0001022A256013252B22274022161568A42AC
:10C7F000D8DB00222274D5E71022A256013252B2B1
:10C800002274022161568A4203D062789B18E36049
:10C81000CBE7FF232374ECF769FC217ADEF738F8C5
:10C82000134B1B68C918E160BFE7124A127852B275
:10C83000002A01D1072DB8D0C968227A9142B4D11B
:10C84000102161564A1C52B22274022020568242A4
:10C8500003D062789B18E360A7E72174F9E770BD05
:10C8600055250020082A0320AC2F05109C2F051009
:10C87000A82C0120522F032070B5144B1B78022BDB
:10C8800023D0134B1B681B68022B1EDC002400E026
:10C8900001340F4B1B681B680E4AD256A24214DDAE
:10C8A0000D4A9B009B58A200121991005B1810259D
:10C8B0005D57002DECDB0422985E0622995E5A89B2
:10C8C000521992B2D5F7F0FEE2E770BD552500206F
:10C8D000082A0320AC2F05109C2F0510F0B5D64672
:10C8E0004F464646C0B505008A4691461F002B4B71
:10C8F0001A6889235B00D35E9B00294A1268D358CB
:10C900001B021B0A274A1268D118D25CCB78DB01C4
:10C91000802149000B401A439046002F08DB4B460C
:10C92000002B14DB4C46204B9C4224D1002528E0F0
:10C930004B46002B09D04846002703E00A21DDF7CB
:10C94000A7FF01370028F9D1E9E70127E7E75C42B3
:10C95000E9E74346ED1A0A212000DDF799FF893106
:10C960008AB251462800D5F79FFE0A212000DDF744
:10C970008FFF040037007E1E002FEAD14B46002BAC
:10C9800005DB2800E0BCBA46B146A846F0BD083D2C
:10C99000932251462800D5F787FEF2E7C42A0320E8
:10C9A000C0F8022018230020CA07000070B5050057
:10C9B0000E00141E09DB9422D5F776FE01235B429C
:10C9C000220031002800FFF789FF70BDF0B5C64690
:10C9D00000B505008846161E5BDBE1231B019A4269
:10C9E0003DDA01270AE09C2241462800D5F75CFE8B
:10C9F00021003000DDF74CFF00284AD0390030001C
:10CA0000DDF746FF3C21DDF743FF0A0002234146E4
:10CA10002800FFF763FF204B1A689C235B00D35E5E
:10CA20009B001E4A1268D3581B021B0A1C4A12683C
:10CA3000D118D55CCB78DB018022520013401D4316
:10CA4000451B3B003C01E41BA4002700012BCAD07E
:10CA500021003000DDF71CFF0028C9D0C3E70E4BD2
:10CA60001A689E235B00D35E9B000C4A1268D35861
:10CA70001B021B0A0A4A1268D118D25CCB78DB0170
:10CA8000802149000B401343C01A9E224146D5F72E
:10CA90000BFE80BCB846F0BDC42A0320C0F80220BB
:10CAA00018230020044BFF221A70044B00221A7036
:10CAB000034B0A321A607047522F0320BE2E032008
:10CAC000C43A012010B5FFF761FE054A1368013B27
:10CAD0001360002B00D010BDE9F7F0FCFBE7C04667
:10CAE000C43A012010B5064B01221A70054B0022F2
:10CAF0001A70054B8C321A60FFF7FEFD10BDC04660
:10CB0000522F0320BE2E0320C43A012010B5FFF798
:10CB10003DFE0C4A1368013B1360002B04D00A4A07
:10CB2000127852B2002A02D0FFF7BCFF10BD1F22BC
:10CB30001A4013210023002091424341034A1370FD
:10CB4000F4E7C046C43A0120BE2E0320402F032044
:10CB500070B5FFF791FE1E4B1B78022B1FD01D4BAB
:10CB60001B681A68022A04DC9D68082D04D0002482
:10CB70000AE0FFF711FD1DE0DD68013DF7E716490A
:10CB80002000FFF75BFD0134AC42F8DD114B1B6860
:10CB90001B79002B0FD1114B1B78002B10D10C4BA4
:10CBA0001B78022B04D10B4B1B68DB681E2B01D0BA
:10CBB000FFF7F2FC70BD08490820FFF73FFDEAE7E8
:10CBC000044B1B680649D868FFF738FDE7E7C04605
:10CBD00055250020082A03207C170320402F03201E
:10CBE000B02B032010B5034B01221A70FFF7B0FFE2
:10CBF00010BDC046402F032010B50024002300E0E4
:10CC00000133032B11DC0F4AD25C002AF8D0834297
:10CC1000F6D00D4A81000918C90012685218191D72
:10CC2000890052185268A418EAE7074B82001218CC
:10CC3000D2001B689A1804308300D3185868201A51
:10CC400010BDC04644070320D00A032010B5154B81
:10CC500000221A70144B1A70144B01321A60144BD4
:10CC600022321A60002212E00133032B0ADC114940
:10CC7000C95C0029F8D010489100C9188900002427
:10CC80000C50F1E70D4B91000020C8500132032AEF
:10CC900005DC084B9B5C002BF8D00023E5E7FFF791
:10CCA0002BFD10BD522F0320BE2E0320083D012076
:10CCB000FC3A012044070320C83C01200C3D012020
:10CCC00070B5FFF763FD6A4B1B785BB2002B33D066
:10CCD000684B1B68042B2FD0654B00221A70002470
:10CCE0001CE00133032B12DC634AD25C002AF8D02B
:10CCF0006249A2001019C00009680918181D8000B7
:10CD0000091848685E49D21892005050E9E720009F
:10CD1000FFF772FF5B4BA20098500134032C05DC37
:10CD2000554B1B5D002BF8D00023DBE75220FEF7AC
:10CD300044F9504B04221A604E4B1B68022B10D052
:10CD4000042B00D181E0DA0776D54F490A68013A11
:10CD50000A60002A70D1474A0133136023220A6017
:10CD60006AE04A4B1B689B0702D00025002459E06B
:10CD70000120FEF722F9F8E74149A200D2189200FB
:10CD8000013850501FE001250133032B36DC3A4AAD
:10CD9000D25C002AF8D03A49A200D018800040584E
:10CDA00036491219D20009688A18191D89005218CB
:10CDB00052689042E8D0002ADEDB3149A200D21846
:10CDC0009200013050502E49A200D21892005258C1
:10CDD000632A04DDA200D218920063205050284933
:10CDE000A200D218920052586332CCDAA200D218B4
:10CDF00092006320404250500125C5E72000FFF714
:10CE0000FBFE204BA200D050632801DD6321D150EE
:10CE10001C4BA200D358633303DA1A4B63214942F7
:10CE2000D1500134032C05DC134B1B5D002BF8D0D3
:10CE30000023AAE7002D00D070BD5220FEF7BDF8F8
:10CE40000C4A136801331360F6E7094B1B785BB299
:10CE5000002BF1D01F20FEF7B0F80D4B1B78022BF2
:10CE600002D0FFF73FFEE7E7FFF71CFEE4E7C0460E
:10CE7000BE2E0320083D012044070320D00A0320D2
:10CE8000C83C01200C3D0120FC3A0120A82C0120C7
:10CE900055250020F8B5DE4657464E464546E0B5D6
:10CEA000FFF7EAFCFFF7E0FA844B1A68A2235B0065
:10CEB000D35E9B00824A1268D3581B021B0A814A28
:10CEC0001268D118D05CCB78DB018022520013406D
:10CED0001843401040420E30FF305E3A2D21D5F706
:10CEE000E3FBA02264210A20D5F7DEFBA122322138
:10CEF0000520D5F7D9FB44265225002402E0283529
:10CF000021360134032C00DD90E06F4B1B5D002BBC
:10CF1000F5D06E4B9B461A88A7B2D21992B2674BD6
:10CF20009A461B685100CB5E9B006549894609689B
:10CF3000CB581B021B0A634988460968C8188446F7
:10CF4000C85C6346DB78DB01802149000B40184355
:10CF50004010281ADD39D5F7A7FB5B461A88D2198D
:10CF600092B253461B685100CB5E9B004846016855
:10CF7000CB581B021B0A40460168C8188446C85C8F
:10CF80006346DB78DB01802149000B4018434010E9
:10CF900040422A303100D5F787FB4D4B1B785BB2FE
:10CFA000A342ACD1494B9B461B88DB199BB2434A39
:10CFB000924612685B009B5E9B00414A9146126854
:10CFC000D3581B021B0A3F4A90461268D118D05C06
:10CFD000CB78DB01802252001340184340103D4BB8
:10CFE0001A78281A2321D5F75FFB5B461B88DB19CB
:10CFF0009BB251460A685B009B5E9B0049460A68EB
:10D00000D3581B021B0A41460A68D118D05CCB7862
:10D01000DB018022520013401843401040422E4B47
:10D020001A782A303100D5F73FFB68E7234B1A689E
:10D0300089235B00D35E9B00214A1268D3581B02F0
:10D040001B0A204A1268D118D25CCB78DB01802100
:10D0500049000B401A4390464E2600251FE0283712
:10D060000134032C0FDC184B1B5D002BF7D01B4A3F
:10D07000AB001B199B009A584346F8180223310055
:10D08000FFF72CFCEBE7164BAA00D2580223310025
:10D0900040460E30FF30FFF721FC21360135032DCD
:10D0A00006DC094B5B5D002BF7D052270024D8E744
:10D0B000F0BCBB46B246A946A046F8BDC42A032030
:10D0C000C0F802201823002044070320982E0320D4
:10D0D0000B2F0320CA2E03204D2F0320C83C012014
:10D0E0000C3D012010B5174B00221A70164B1A7018
:10D0F000164B01321A60164B22321A60002400E0EF
:10D100000134032C15DC134B1B5D002BF8D01249A6
:10D11000A30000225A5011495A5011495A5011493E
:10D120005A502000FFF768FD0F4A13681B18136060
:10D13000E6E70D4A1368591E8B411360FFF7DCFACE
:10D1400010BDC046522F0320BE2E032070040320C2
:10D15000FC3A012044070320C83A0120003B01208B
:10D16000D83A0120E83A01202C3D0120F0B5C6460E
:10D1700000B5FFF70BFBA44B1B785BB2002B40D034
:10D18000A24B1B680A2B3CD09F4B00221A70002434
:10D1900000E00134032C2EDC9D4B1B5D002BF8D0EE
:10D1A0009C4AA7003B19DB001668F61870686425D6
:10D1B0006843994B1B6898461969DDF769FB974BE3
:10D1C000D851B068684343465969DDF761FB944B19
:10D1D000D851F068684343469969DDF759FB914B94
:10D1E000D851914B1B68002BD3D02000FFF704FDD2
:10D1F0008E4BD851CDE75220FDF7DFFE834B0A223C
:10D200001A60824B1A680A2A00D9ECE09300884918
:10D21000CB589F46874B1B689B0702D000260024F3
:10D2200005E00120FDF7C9FEF8E701260134032CD3
:10D230001BDC774B1B5D002BF8D0784AA3009D5870
:10D2400002359D50734A1B19DB001268D3185B68C6
:10D2500064205843704B1B681969DDF719FB854240
:10D26000E3DB6E4BA200D050E0E7002E02D080BC82
:10D27000B846F0BD5220FDF7A0FE644A13680133A2
:10D280001360F4E76B4B1B689B0702D00026002459
:10D2900005E00120FDF791FEF8E701260134032C9B
:10D2A0001BDC5B4B1B5D002BF8D05D4AA3009D5837
:10D2B00002359D50574A1B19DB001268D3189B6832
:10D2C00064205843544B1B685969DDF7E1FA8542E5
:10D2D000E3DB534BA200D050E0E7002EC7D1522031
:10D2E000FDF76BFE494A136801331360BFE7514BEA
:10D2F0001B689B0702D00026002405E00120FDF7F3
:10D300005CFEF8E701260134032C1BDC404B1B5D5F
:10D31000002BF8D0434AA3009D5802359D503D4A4A
:10D320001B19DB001268D318DB68642058433A4BA2
:10D330001B689969DDF7ACFA8542E3DB394BA20043
:10D34000D050E0E7002E00D091E75220FDF735FEE7
:10D35000354B1B68002B05D103212C4A13685B1841
:10D36000136084E70121F8E7324B1B689B0702D06A
:10D370000026002405E00120FDF71FFEF8E7012646
:10D380000134032C11DC224B1B5D002BF8D0274B02
:10D39000A200D5580135D5502000FFF72DFC85425D
:10D3A000EDDB224BA200D050EAE7002E00D05EE772
:10D3B0003920FDF702FE154A13680133136056E762
:10D3C000114B1B785BB2002B00D150E70320FDF717
:10D3D000F4FD194B1B78022B02D0FFF783FB46E7C5
:10D3E000FFF760FB43E7D30700D440E713490B681E
:10D3F000013B0B60002B00D039E7044B01321A606F
:10D4000023220A6033E7C046BE2E032070040320A7
:10D4100044070320D00A0320082A0320E83A012009
:10D42000D83A0120003B01202C3D0120C83A0120C0
:10D43000442F0510A82C012055250020FC3A01207E
:10D44000F8B5CE46474680B5BB4D2A6894235B00AD
:10D45000D35E9B00B94C2268D3581B021B0AB84EFE
:10D460003268D118D75CCB78DB01802252001340A0
:10D470001F43FFF701FAFEF7F7FF2968B14B1B784E
:10D480005B005B5E24689B003268E3581B021B0A4A
:10D49000D318587840082030AB4B1B68002B00D0C5
:10D4A00086E02033C018403097235B00CB5E9B00A2
:10D4B000E3581B021B0AD118D25CCB78DB01802118
:10D4C00049000B401343C01A9722CE39D5F7ECF828
:10D4D000994B1C689B4B1B785B001B5F974A11683C
:10D4E0009B00974A1268CB581B021B0AD318587826
:10D4F00040082030944B1B68002B5BD12033C018B0
:10D5000080309A235B00E35E9B00CB581B021B0A12
:10D51000D118D25CCB78DB01802149000B4013434A
:10D52000C01A9A22CE39D5F7BFF8834B1C68854BB9
:10D530001B785B001B5F814A11689B00804A126860
:10D54000CB581B021B0AD3185878400820307E4B5A
:10D550001B68002B30D12033C018C03098235B00EB
:10D56000E35E9B00CB581B021B0AD118D25CCB7820
:10D57000DB01802149000B401343C01A9822CE39A9
:10D58000D5F792F8704B1B68002B17D16A4B1A68BD
:10D5900097235B00D35E9B00684A1268D3581B0236
:10D5A0001B0A674A1268D3185E783236002576E087
:10D5B000002377E70023A2E70023CDE75E4B1C683A
:10D5C000604B1B785B001B5F5C4A11689B005C4AE8
:10D5D0001268CB581B021B0AD31858784008213018
:10D5E000FF309B235B00E35E9B00CB581B021B0AB2
:10D5F000D118D25CCB78DB01802149000B4013436A
:10D60000C01A9B22CE39D5F74FF8BFE70023E418A4
:10D610004E4B1A88ABB29846424493B299465B008F
:10D6200062469B5E9B00C3581B021B0ACA18C85C5B
:10D63000D378DB01802149000B401843201A4A4669
:10D640003100D5F731F8424B1B785BB2AB4246D084
:10D65000200040300A239846B0443E4BAA00914631
:10D66000D258C01B4146FFF7A1F9200080303A4B49
:10D670004A46D258C01B4146FFF798F92000C030F7
:10D68000364B4A46D258C01B4146FFF78FF9601C03
:10D69000FF302D4B1B68002B40D121360135032D67
:10D6A00045DC2F4B5B5D002BF8D0234B1B689C4661
:10D6B000244B1B785B0062469B5E204A10689B00EF
:10D6C0001F4A1168C3581B021B0ACB185C786408F8
:10D6D00020341D4B1B68002B98D1203397E71B4B40
:10D6E0001B8843449BB2144A12685B009B5E9B00FC
:10D6F000124A1268D3581B021B0A114A1268D11829
:10D70000D05CCB78DB0180225200134018430D4BD4
:10D710001A78201A3100D4F7C7FF99E70123114A7C
:10D7200049468A585B424146FFF7D8F8B5E7C0BC86
:10D73000B946B046F8BDC046C42A0320C0F802204E
:10D74000182300204D2F03202C3D0120982E03206C
:10D750000B2F0320E83A0120D83A0120003B01209A
:10D7600044070320C83A012010B50D4B00221A705F
:10D770000C4B1A700C4B01321A600C4A01235B42AD
:10D7800013600B4A13600B4A13600B4A13600B4A79
:10D7900013600B4B23221A60FEF7AEFF10BDC0468C
:10D7A000522F0320BE2E032028170320003B012008
:10D7B000D83A0120E83A0120F83A0120103B012034
:10D7C000FC3A012070B5FEF7E1FF944B1B785BB289
:10D7D000002B03D0924B1B680A2B08D1904B1A6880
:10D7E0000A2A00D909E193008E49CB589F468B4BFA
:10D7F00000221A708C4A8D4B002159568B005B1801
:10D80000DB001468E418606864256843884B1E6870
:10D810003169DDF73DF8874B1860A068684371698E
:10D82000DDF736F8844B1860E0686843B169DDF7CE
:10D830002FF8824B186020692321DDF729F8804BEF
:10D840001860306A2321DDF723F87E4B18605220E0
:10D85000FDF7B3FB724B0A221A60BFE7754A1368E3
:10D8600002331360784B1B689B0715D0714B1C6803
:10D870006D4A6E4B002159568B005B18DB00126815
:10D88000D3185B6864205843694B1B681969DCF73F
:10D89000FFFF844204DA70BD0120FDF78EFBE5E74F
:10D8A000644B18605220FDF788FB5D4A1368013312
:10D8B0001360F0E7604A136802331360624B1B6821
:10D8C0009B071ED05C4B1C68574A584B0021595689
:10D8D0008B005B18DB001268D3189B6864205843E8
:10D8E000534B1B685969DCF7D3FF8442D3DB524B9F
:10D8F00018605220FDF761FB494A13680133136039
:10D90000C9E70120FDF759FBDCE74C4A13680233F5
:10D9100013604D4B1B689B071ED0484B1C68424A46
:10D92000424B002159568B005B18DB001268D3185C
:10D93000DB68642058433E4B1B689969DCF7A8FFFD
:10D940008442A8DB3D4B18605220FDF736FB344A79
:10D950001368013313609EE70120FDF72EFBDCE71F
:10D96000394B1B689B0731D0354B1D6803351D6053
:10D970002D4A2E4B002159568B005B18DB00126894
:10D98000D31818692321DCF783FF0400854201DBEB
:10D990002B4B18602B4B1D6803351D60244B1B68F7
:10D9A000186A2321DCF774FF854200DA73E7254B00
:10D9B0001860234B1B689C4200DD6CE75220FDF78A
:10D9C000FCFA174A13680133136064E70120FDF77E
:10D9D000F4FAC9E7114B1B785BB2002B00D15AE770
:10D9E0000320FDF7EAFA194B1B78022B02D0FFF750
:10D9F00079F850E7FFF756F84DE7D30700D44AE728
:10DA000013490B68013B0B60002B00D043E7044B2C
:10DA100001321A6023220A603DE7C046BE2E032071
:10DA200028170320702F0510D00A03200B2F032086
:10DA3000082A0320E83A0120D83A0120003B0120BF
:10DA4000103B0120F83A0120A82C01205525002088
:10DA5000FC3A012070B5334B1A6889235B00D35E12
:10DA60009B00314A1268D3581B021B0A2F4A1268C6
:10DA7000D3185C786300E4186410FEF7FDFEFEF72F
:10DA8000F3FC972232213220D4F70EFE284B1A687D
:10DA900087256D0032212800FEF788FF26003236E8
:10DAA0009A2231003220D4F7FFFD224B1A68310050
:10DAB0002800FEF77BFF19346400992221003220F0
:10DAC000D4F7F2FD1C4B1A6821002800FEF76EFF08
:10DAD0009D22A8211020D4F7E7FD184B1A68A82131
:10DAE0009020FEF773FF164B1B681B68022B00DDAE
:10DAF00070BD9F22A821B020D4F7D6FD114B1B7812
:10DB0000022B07D10E4B1B689A680F4B1B785BB238
:10DB10009A42EDD00D4B1A689820A8214000FEF7DC
:10DB200055FFE5E7C42A0320C0F80220182300208F
:10DB3000E83A0120D83A0120003B0120103B0120A7
:10DB4000082A032055250020B22E0320F83A012090
:10DB500010B5174A002308E088200024145417E069
:10DB60008921012050540133D432032B1EDC11498A
:10DB7000C95C0029F7D0D17AC807EDD588201056A6
:10DB8000002802D10C480124047088200124145478
:10DB9000890707D5892151560029E1D1064901207D
:10DBA0000870DDE7892100205054DCE710BDC04635
:10DBB0004807032044070320BE2E032010B51C4A4B
:10DBC000136801331360012B0DD0FFF7C1FF194B10
:10DBD0001B785BB2002B14D0012B24D0013324D14D
:10DBE000FEF770FF21E0144B1B78022B04D00121BB
:10DBF0001C20FDF7EDFAE8E701214320FDF7E8FAE4
:10DC0000E3E70E4B1B785BB2002B06D10C4B1B7865
:10DC1000002B05D0FFF7AAFA07E0FFF751F804E060
:10DC2000FFF7D0FD01E0FEF771FFD5F79FFE10BDB5
:10DC3000A82C0120522F032055250020DD2E032083
:10DC4000182F032010B5094B1B78022B09D0084868
:10DC5000FEF7A8FB074B35221A70074B28321A70C3
:10DC600010BD064B20221A70F1E7C0465525002052
:10DC70009DC302104D2F0320CA2E0320B22E032075
:10DC800010B50248FEF78EFB10BDC046A1C30210BE
:10DC900010B5FFF7F5FF10BD10B5104B1B785BB248
:10DCA000002B06D0012B16D0013316D1FEF79AFFB8
:10DCB00013E00B4B1B785BB2002B06D1094B1B7892
:10DCC000002B05D0FFF7BCFB07E0FFF7E3F804E00B
:10DCD000FFF7C0FE01E0FEF73BFF10BD522F03200F
:10DCE000DD2E0320182F0320154B1860154A002342
:10DCF0001370154A1360154A1360154B01221A6000
:10DD0000426A144B1A7002002832134B1A600369DE
:10DD1000002B01D1013303614369002B01D1013391
:10DD200043618369002B01D1013383610B4B1B7865
:10DD3000042B04D80368022B01DD033B036070470A
:10DD4000082A0320BE2E0320A82C0120C43A01205B
:10DD5000E03E01200B2F0320D00A03205425002091
:10DD600010B5FFF7C1FFFFF76DFF094B1B785BB2E2
:10DD7000002B06D1074B1B78002B05D0FFF7B2F91B
:10DD800010BDFEF763FFFBE7FFF7EEFCF8E7C046C8
:10DD9000DD2E0320182F032010B50B1482B25A4336
:10DDA0000414634389B280B24843614311441B04A5
:10DDB000000C0844184410BD00BE7047D0231B0659
:10DDC00058617047D0231B0698617047FFE7FFE753
:10DDD000FFE7FFE77047C04610B5D0242406206651
:10DDE0006166FFF7F3FF206F10BDC04610B5D02469
:10DDF0002406A066E166FFF7E9FF206F10BDC0466C
:10DE000001600023436083600373704710B5D3083B
:10DE1000C9180160002343600724144008231B1B1A
:10DE200003734B1C03600B782341836010BDC04615
:10DE3000044B4200D35A0001802252021040181AAB
:10DE40007047C046FCE90310014B185C7047C046A0
:10DE5000DCF3041003681F2293430A40134303605A
:10DE60007047C04610B50368064C23404901F824AA
:10DE7000A40021400B439202F821C9010A40134338
:10DE8000036010BD1F80FFFF0368054A134000298F
:10DE900004D0802252021343036070470022FAE745
:10DEA000FFFFFEFF0368054A1340002904D08022CB
:10DEB000D2021343036070470022FAE7FFFFFBFF23
:10DEC000F820C0017047C04613680A318900401825
:10DED00043607047044B1A68830004490868D358AC
:10DEE0001B021B0AC0187047C0F80220182300202C
:10DEF000F0B57F27059E069D1C143C40145D9B19C0
:10DF00002C5D04704130FF300139F5D2F0BDC046C0
:10DF10007F2318407047C046F8B57F250F4B05405A
:10DF20006A000600D05E431C10D07F270C4903E036
:10DF30000220185E431C09D03C004300CA5ACB188B
:10DF40001440AC4204D1B242F2D1F8BDE843FCE740
:10DF5000044A0548054B0649DBF78CFA44170120B3
:10DF60004818012040B8031068B8031018B803100F
:10DF700057060000D02310B51B061B680024002B99
:10DF800006D0084B01221C781A70611E8C41E4B245
:10DF9000D5F7ECFCD0231B061B68002B01D0014BEE
:10DFA0001C7010BDFC2E032070B51E4C0023E25ED9
:10DFB000002A0BDB53001C489B189B00C15E1B18FA
:10DFC0002180012149421980100070BD17490023AA
:10DFD000CA5EE1231B019A420AD0531C0B805300F6
:10DFE00011499B189B005B18012149421980E7E702
:10DFF000A0235B0098420DD21F22012384102240EF
:10E0000093400B49C01180004258134301224350F2
:10E010005242D9E75421074B074A0848FF31DBF742
:10E0200029FAC046562E032034340020582E0320EF
:10E03000F82E0020A4B80310BCB8031068B8031071
:10E04000622110B5024A0348034BFF31DBF712FA95
:10E05000ECB8031068B80310DCB80310F0B55746ED
:10E0600045464E46DE469D4BE0B54700FD5EFF1837
:10E070009B4BB94688461F00824683B04800434602
:10E08000C618B600BE19B278F17891423CD3FF2988
:10E090003AD0002D5FDB4B468C4604E00023E55E62
:10E0A0002300002D37DB6C006419A4003C19E178D3
:10E0B0009142F3D300949946009B0C009B786146F3
:10E0C0009C469C4234D3FF2C32D0994237D373689C
:10E0D0001B021B0A0193009B5B681B021B0A9B46E9
:10E0E000019B5B453BD2624553D88C4269D8009C6A
:10E0F0007C4B0021625E49460A801A881D804B468F
:10E10000228000255D5FBAE79421774B774A7848F3
:10E11000FF31DBF7AFF92700013500D0D6E04346E9
:10E120003B8003B0F0BCBB46B246A946A046F0BD5A
:10E13000A421704B6D4A6E48FF31DBF79BF94246D4
:10E140004B461A800022B35E35809846002BE8DBF0
:10E15000B146580093E74F460023FD5EDCE7624579
:10E1600020D38C423AD30022B35E4246002A00DA22
:10E17000A3E040465B4A118810803180002BD0DB41
:10E180004A460021525EAA4200D08FE098465800CD
:10E1900075E78C422CD8009B013A9946DA7000252D
:10E1A0005D5F6CE78C4245D36346013BF3704246AA
:10E1B0004B461A800022B35E35809846002BC7DAA2
:10E1C000AFE7009B0131C9B299708C42EFD2E021D8
:10E1D000494B464A46484900DBF74CF9631CDBB221
:10E1E000B3708B426BD8009B994600255D5F46E774
:10E1F0005046FFF7D9FE051E43DB43001B189B006A
:10E200009C46BC446246009919C919C26346F2781B
:10E21000009801329A70B278013AC2700021425ED1
:10E220001A80434603800022B35E35809846002B57
:10E230008EDA76E75046FFF7B7FE8446002832DBD9
:10E2400042000192624492009346BB445A46300019
:10E250001AC81AC25B46009C4146E278E046013289
:10E260009A70A2780198013AF2704A461180002211
:10E27000B35E5A46138023003580A14600255D5FBA
:10E28000FDE6B3780099013BCB700022B35E30808D
:10E290009846002B00DA44E70B0000255D5F4346FB
:10E2A00089465800EBE6009B9B787EE7C821134B1C
:10E2B0000E4A0F484900DBF7DDF8FFF7C1FE842165
:10E2C0000D4B0A4A0A488900DBF7D4F89E210C4B13
:10E2D000064A0748FF31DBF7CDF8C046F8EC0020CE
:10E2E00034340020562E032058B9031034B90310DB
:10E2F00068B803108CB90310ACB903100CB9031043
:10E3000070B90310F0B557464E464546DE4688467E
:10E31000E0B54E00794F4644794BB6004200BE1935
:10E320009D5E9246B378F278814683B0934201D8DD
:10E33000FF2A0ED1734A7448744B7549DBF79AF87B
:10E340006C006419A4003C19E178994222D20021A2
:10E35000655E002DF4DA4346002B14DB5A0042447C
:10E360009200BB5EBA18002B06DB5A00D21892004E
:10E37000BB5EBA18002BF8DA514650464446654B4E
:10E38000595A1C52118003B0F0BCBB46B246A94694
:10E39000A046F0BD0194A078814224D3FF2922D069
:10E3A000904226D874682402240AA346019C64681B
:10E3B0002402240AA3452ED291423DD90021735E46
:10E3C000514650464446534A515A14523180002B0C
:10E3D000D9DB5E00F618B600BE199846B378F2781D
:10E3E0009A42A7D3A4E7474A47484B4B4B49DBF730
:10E3F00041F80021725E514650464446454B595AF9
:10E400001C523180002ABEDB5600B618B600BE1979
:10E410009046B378E3E7984218D8914226D3002279
:10E42000B35E4246002A66DB40463D4A11881080B2
:10E430003180002BCDDAA6E7019B00255D5F4346C6
:10E440005E004644B600BE19B378C8E7314B53446A
:10E450009B46914215D341461A8819800021735E6C
:10E460000138F0703280002BB3DA8CE70131C9B289
:10E47000B1709142E0D9234A23482A4B2A49DAF75E
:10E48000F9FF4846FFF790FD002820DB43001B18EA
:10E490009B009C46BC443200634632CA32C362468B
:10E4A00001994546CB7880460133DBB293708A7878
:10E4B000013AF2700024325F644622805A465C467C
:10E4C00012882580328000228D5E664687E7019B98
:10E4D00041469B78013BF3705B461A881980002106
:10E4E000735E3280002B00DA4DE70C265E43BE19C6
:10E4F0009846B37873E7FFF7A3FDC0463434002095
:10E50000F8EC0020BCB9031068B8031058B9031028
:10E510005D02000078EF00208CB903106A02000051
:10E52000562E0320ACB90310A602000010B501223C
:10E5300000211748DAF786FA012200211548DAF798
:10E5400081FA012200211448DAF77CFAF12298219D
:10E550007824124B1248520003609952114A5C8091
:10E560001148995201220021DAF76CFA01220021A8
:10E570000E48DAF767FA80220121520049420C481E
:10E58000DDF7D2FAE0220B4BD2001A8010BDC04654
:10E59000803B0120583B0120703B012000041050BB
:10E5A0009823032042040000603B0120683B0120C7
:10E5B000441701205C2E0320F0B54646D6464F4650
:10E5C000534DC0B5534E2B6832689A4259DB012037
:10E5D000514B40421968FFF7FFFB041E00DA6EE062
:10E5E00080235B03984200DB4C4C4D4B4D4F1A6827
:10E5F0004D4B1B689A460023F95E002946DB012338
:10E600005B429C464B0049485B189B008046C05AC1
:10E6100043443880604618802F7835789F70DD70CD
:10E62000A72F61D8A72D5FD8414D2D68AD0761D4C4
:10E630002402250A0124002664421C80DC79240679
:10E640002C435C603B4CA6573B4CA24200DD2200B1
:10E65000FE242406A24200DA22001F25374C2E4059
:10E660002078D711D87264787F012540640964014D
:10E6700092143D43344350469A721D81DC71FFF77A
:10E68000EDFCE0BCBA46B146A846F0BDE1232C49FA
:10E690001B018C460020095E994213D001235B4286
:10E6A000984640463B804B00204F5B189B00DB198F
:10E6B000188060464F1C07800029ADDAE1E7FFF7BC
:10E6C0007BFB92E7A0235B009A4519D253461F2299
:10E6D0009C1001232240934052461A49D0118000D9
:10E6E000425813434350CCE7174A1848184B19496E
:10E6F000DAF7C0FE144A1548174B1849DAF7BAFE84
:10E700005421174B174A1148FF31DAF7B3FEC046C0
:10E71000B43B0120B03B012014070320FFFF0F0092
:10E72000A83B0120562E0320AC3B012034340020AE
:10E730000C070320D72E03207FFFFF01A43B0120FD
:10E74000582E0320F82E002080BA031068B803105A
:10E75000E4B903106D030000A4BA03106E030000B7
:10E76000A4B80310BCB80310F0B55746DE464546C2
:10E770004E4601220B00E0B5D649070009688FB06C
:10E7800050429846FFF728FB8246002800DA5BE1FA
:10E7900080235B03984200DB41E1CF4B99461B6825
:10E7A00018009B46FFF700FC051E0C9000DA2FE1D5
:10E7B00084464400C94E64443A78A4003419A270D7
:10E7C0007B78E370A72A00D97EE1A72B00D97BE1F3
:10E7D0003A789A4200D971E10222C14B1F211B688D
:10E7E000E07913405A42534152465B421A401302A9
:10E7F00000061B0A0343BB4863600D90E379007871
:10E800008B4301400B43E371B74B80221968B74B30
:10E8100052049A46802350461B040068CB1805908A
:10E82000934203D280239B04984209DB059AB048A7
:10E83000DDF71EFB53461B6805934B461B689B4642
:10E840001F22AC4BE17918781140E0725B78207A96
:10E8500090431A405B095B01104319432072E17138
:10E86000BB78059A1B04D31AA34A934200DD130018
:10E87000FE221206934200DA13001F222189DB11C7
:10E880000A405905DB0AA3724346090C0A43228158
:10E89000012B00DCB1E0994AE1239446984A1B0120
:10E8A00091464246520042449246099362460123F1
:10E8B0000021515E5B424A460793FE230024125F0B
:10E8C0008D4C1B06A04606935C46002301924A46E7
:10E8D000BA44D146E346B2460893F81C0B9402951D
:10E8E00004910A923EE0029954008C46A4180392C7
:10E8F00002925246A4004B00079E125F63449B00A5
:10E9000054445344019226801E00270026CE26C779
:10E91000039A1A80037846789E4200D2B5E0A3702D
:10E920004678E670A72B00D99DE0A72E00D99AE083
:10E930008378059E1B04F31A434500DD6E4B069E4B
:10E94000B34201DAFE231B061F272689DB113E4056
:10E950005F053F0CDB0A3E430330A372268101238F
:10E9600048455FD0019A002ABDDA099A049991427C
:10E970001DD08C460A004C0002996444079B8C46CB
:10E98000A400544423804B00110063449B000132D7
:10E990000D00534412B2002959DB0499049201225C
:10E9A000524201920122039102950892ACE70A9823
:10E9B000DC4681460B98564683460898029D019A8C
:10E9C000002801D060460180002B01D04B461A8000
:10E9D000A0235B009B456AD259461F220123881061
:10E9E000024093405A464749D211920050586C0059
:10E9F00064190343A400535034190D9B58461A78E8
:10EA000001235B420C9923807F2A1AD8FFF726FB4B
:10EA10000FB0F0BCBB46B246A946A046F0BD3A4B8B
:10EA20009A46BAE60A9BDC4699460B9B019A9B469E
:10EA3000089B0499002B01D0634619804B461A802D
:10EA4000DBE7FFF75FFCE3E7FFF7B6F9A5E6DC4697
:10EA50000A991C0089460B998B4661460A804A46F2
:10EA600007991180C9E70A9B019A9946089B049966
:10EA7000002B01D05B4619804C4624492280244853
:10EA80000A00244B2449DAF7F5FC0A9B019A9946BF
:10EA9000089B0499002B01D05B4619804846FF2152
:10EAA00002801E4B194A1A488900DAF7E3FC542108
:10EAB0001B4B1C4A1648FF31DAF7DCFC134A14489A
:10EAC000194B1A49DAF7D6FC104A1148114B18496C
:10EAD000DAF7D0FC14070320AC3B012034340020CB
:10EAE0000C070320D72E0320A03B0120A83B0120C8
:10EAF000F0BA0310A43B01207FFFFF01582E032032
:10EB0000562E0320F82E0020FFFF0F00B4BA03108A
:10EB100068B80310E4B90310FF03000018BB03102A
:10EB2000A4B80310BCB80310E0BA0310CF03000070
:10EB3000CD030000F0B5C6463F4B170000229D5E96
:10EB400080460E0000B5002D42DB01226C003B49DF
:10EB50006419A400085B52426418188022800120C6
:10EB6000374B40421968FFF737F9B7422DDBF6B251
:10EB7000FFB2A670E770A72E51D8A72F4FD8022159
:10EB8000304A079B1268E3720A4051424A4152429E
:10EB90001040012203021F2020217F2652422280A2
:10EBA000E2791B0A120613436360274B49421A7825
:10EBB000E379024083431343E371238940460B43C7
:10EBC000A67229002381FFF749FA80BCB846F0BD40
:10EBD000E1221E49120100200D5E95420DD0012256
:10EBE0006C0052421A806419144BA400E4186B1C88
:10EBF00022800B80002DE8DBB1E7A0235B00984565
:10EC000013D243461F2298100123024093404246EC
:10EC10000F49D2119200505803435350D5E70D4A83
:10EC20000D480E4B0E49DAF725FC54210D4B0E4AC8
:10EC30000948FF31DAF71EFC562E03203434002039
:10EC4000140703200C070320D72E0320582E03207F
:10EC5000F82E002034BB031068B80310E4B9031089
:10EC600047040000A4B80310BCB80310D02370B54B
:10EC70001B061B6805000800002B13D1124E3388B9
:10EC8000AB4215D073889D4217D0B3889D4216D0F1
:10EC9000F3889D4215D00D4C210005F0F5FA2000B7
:10ECA000358070BD0A4C210005F0EEFA2000F8E72F
:10ECB0000020064B0002C018F3E70120F9E702200C
:10ECC000F7E70320F5E7C046482601203813012066
:10ECD00038110120F8B5084B084F15025400ED1803
:10ECE000E35B06000800B34203D0290005F0CCFA2C
:10ECF000E6532800F8BDC0463813012048260120FD
:10ED00000A6803689A4200DB70470800FCE7C046C7
:10ED100002680B689A4200DB70470800FCE7C046B7
:10ED20000A6803689A4200D370470800FCE7C046AF
:10ED3000F0B5C646002000B5D8F744FD234C01E0ED
:10ED4000D4F714FE200005F0EFFA0028F8D02000D8
:10ED500005F072FA1E4D1F4B2A781A70032A12D042
:10ED600002231D482B7005F01FFA01E0D4F7FEFDC9
:10ED7000200005F0D9FA0028F8D0200005F05CFA50
:10ED800080BCB846F0BD0122144B154E1B7830688C
:10ED90005340DBB29846D2F781FF0020FCF74CFECF
:10EDA0004346D900C91A0B015B1A0E490E4A8C461C
:10EDB0005B020E4F63449B183B60D3F785FC3068C1
:10EDC000D2F776FF0A4B1B683B60C9E7C03C0120C5
:10EDD0001C2F0320B32E0320080B0320B62E032084
:10EDE0009823032000D8FFFFBC400120C030002042
:10EDF0004418012010B5044A044B127804481A70D4
:10EE000005F0D2F910BDC046B32E03201C2F0320FD
:10EE1000080B032010B50148DAF7C4FB70BB0310E0
:10EE200010B5037B172B0DD8026841688A420FD0BA
:10EE3000511C016012789A4081680A43826008334D
:10EE4000037310BD034B044A04488D21DAF712FB0B
:10EE5000FFF7E0FF584303107CBB03106843031027
:10EE600070B504000D00202908DD0A4B0A4A0B4842
:10EE70009A21DAF7FFFA2000FFF7D2FF237BAB429B
:10EE8000F9DB5B1B2373A2681000E840A060A84078
:10EE9000504070BDA4430310A0BB0310684303108F
:10EEA00010B50300027B002A09D1026841688A423A
:10EEB0000ED0511C016012788260082202731A7B06
:10EEC000013A1A739A680120104052089A6010BDE6
:10EED000FFF7A0FFF8B5CE46474680B506000C0008
:10EEE00090460388012B2FD9137B072B33D9434638
:10EEF0009A68FF231340E15C37887F00B946B1442C
:10EF000000293AD008292AD80820401A834018003E
:10EF1000FF2303402D48C35C48002D4C04196400B6
:10EF2000A45B9C4222D94446247B641A45462C7338
:10EF3000CA40AA604000825B9B1A5B004A46985A0E
:10EF4000C0BCB946B046F8BD224B234A91212348A4
:10EF50004900DAF78FFA1000FFF762FFC7E7204B8E
:10EF60001D4A32211D48FF31DAF784FA1D4B1A4A37
:10EF700034211A48FF31DAF77DFA120A41468A60D5
:10EF80000A7B083A0A733288013AD10F8A1857105F
:10EF90000E4AD45C2236082564004046FFF780FF05
:10EFA00004433388A3420BD804360135EDB2BD4289
:10EFB000F2D30D4B084A58210848FF31DAF75AFAC4
:10EFC0007388E01A40004B46C05AB9E72CC30310BF
:10EFD000FFFFFF7FB4440310C8BB03106843031056
:10EFE000C4440310D0440310FC440310F8B5CE46CB
:10EFF000474680B506000C0017000388012B2BD96B
:10F00000137B072B2ED9BA68FF231340E15C3088AD
:10F0100040008046B044002934D0082926D8082072
:10F02000401A83401800FF2303402A48C35C48006D
:10F03000294C04196400A45B9C421DD93C7B641AD2
:10F040003C73CA40BA604000825B9B1A4246D05C67
:10F05000C0BCB946B046F8BD204B214A2148E72143
:10F06000DAF708FA1000FFF7DBFECCE71E4B1C4A6C
:10F070001C48F621DAF7FEF91C4B194A1948F82109
:10F08000DAF7F8F9120ABA603A7B083A3A7332882A
:10F09000013AD10F8A18521091460E4AD45C22369A
:10F0A000082564003800FFF7FBFE04433388A342C1
:10F0B0000BD804360135EDB24D45F2D30C4B084A5E
:10F0C0008E2108484900DAF7D5F97388E01A4346DB
:10F0D000185CBDE72CC30310FFFFFF7FB44403108F
:10F0E00018BC031068430310C4440310D044031039
:10F0F000FC440310034B1B68034A9B1A0360100077
:10F100007047C046D02E00203434002000207047C5
:10F1100070B5FFF7FBFF00282DD100251B4B012404
:10F120001B481D6005F040F8F8F724FFA022644258
:10F130002100D2001748DCF7F7FCD222002152014F
:10F140001548DCF7F1FC00210020144B144A18602C
:10F150005960A7219D60134B1D7013680133136024
:10F16000114B124A1970124B15801C80FFF7CEFF0D
:10F17000002805D170BD8020C002FEF71FFECCE73D
:10F180008020C002FEF71EFEF4E7C04644180120AE
:10F19000803B0120F8EC0020F8F10020F82E002040
:10F1A00010070320B82E0320B72E0320582E03206B
:10F1B000562E032000207047F0B5DE4657464E46D7
:10F1C0004546E0B5614B89B01A680303D31A8346FC
:10F1D0009A460391FFF7EEFF002800D0A4E05C4BB5
:10F1E00001211888039B9C46604400B2FEF772FE22
:10F1F000010004A8FEF704FE04A8FFF751FE8022D8
:10F20000544E554F920033003900009200283ED0F2
:10F2100004A8D1F7F5F9514B984200D390E0504A39
:10F220003100981805F030F804A8FFF739FE0028DF
:10F2300031D000235546D0469946403504A8FFF703
:10F240002FFE4446002840D13100380004AAFFF7C1
:10F25000CDFE20700134A542F6D101239C463F33F8
:10F26000E1449C464B46E0444035402BE6D15A46AB
:10F270003C4B03999954FFF79DFF002820D150463D
:10F2800009B0F0BCBB46B246A946A046F0BD04A8F2
:10F2900005F00AF8BFE7802554466D01554431005A
:10F2A000380004AAFFF7A2FE20700134AC42F6D168
:10F2B0005A462C4B03999954FFF77CFF0028DED067
:10F2C0008020C002FEF77EFDD9E74B46D8B2FEF79C
:10F2D000BBFD010004A8FFF7C3FD814529D94B46BA
:10F2E000C31A9B01E258434422605A6862609A68DC
:10F2F000A260DA68E2601A6922615A6962619A69F9
:10F30000A261DA69E2611A6A22625A6A62629A6AE0
:10F31000A262DA6AE2621A6B22635A6B62639A6BC8
:10F32000A263DB6BE36398E78020C002FEF746FD33
:10F3300055E79B210C4B0D4A0D48C900DAF79AF8A6
:10F340000A4A0B480B4B0C49DAF794F8F4EC00200E
:10F350006E2E032038110120380D012038110120B4
:10F3600000FCFFFF38170120C0BC031098BC03103D
:10F3700068B8031064BC0310CA0400000020704782
:10F38000002070470300D748F0B5D74ADE465746FD
:10F390004E464546048812682404A4188022E0B52D
:10F3A0001201E40C9BB0A01813910B93FEF740FDE3
:10F3B000030020001C00FEF73BFD21008024CB4B06
:10F3C00064021B8805001C432000D2F73AFC0300AE
:10F3D000290020000693D2F734FC02231693002361
:10F3E0009B46C34B3E000893C24B079017935B4666
:10F3F000C34602970A93139B002B00DC54E10023C1
:10F400001293BD4BD8460D93BC4BBD4C9A46BD4B99
:10F41000009F149353461593179BCA469B460D9B1A
:10F420001B789946159B1A684B46D31821331B78D5
:10F43000FF2B03D0B449CB56D35C99464A46149B64
:10F440009B565A1C00D122E1B0490B980C9103E065
:10F45000C3565A1C00D11AE15A008A5E0132F7D015
:10F460000122AB4D2B7813432B70FEF783FD012255
:10F470002B7893432B70FEF723FD0121199019A8D7
:10F48000FEF710FD042119A8FEF7E4FC0B2206216B
:10F4900019A8FEF7E7FC19AA00219948FEF714FD08
:10F4A000FEF70EFD0121199019A8FEF7EDFC1A21B7
:10F4B00019A8FEF7CFFC0522002119A8FEF7D2FCFF
:10F4C00001218F4819AAFEF7FFFC169B022B00D1E1
:10F4D00036E10A9B01330A938E4B1B78002B00D137
:10F4E00085E20A9A934201DC00230A9349460A986E
:10F4F000FFF762FE0090FFF741FF002800D067E1B0
:10F50000FFF73EFF002800D06BE14946FF23824A07
:10F510000E92824A0F92824A1092824A1192149A53
:10F5200055565354009B2A0023615346009343468B
:10F530003100DA4601930E98D300C518C058042351
:10F54000EB5E0F9D1B112D68401BC51740196840CD
:10F550000590109800681B1800D5C1E00F2B00DD46
:10F560000F230F20C31A9B000C9809935300C35E0E
:10F57000581C77D00120404283461198904600687D
:10F58000039069480490694881465D00ED18049B2A
:10F590006D009C4665446E795E4500D18BE0089B0A
:10F5A000B600F1580598FEF7F7FB534619680600B8
:10F5B000FEF7F2FB4B46009019683000FEF7ECFBBB
:10F5C000310001900698FEF7E7FB594B31001B68AC
:10F5D000C3180293574B07981F68FEF7DDFB564B85
:10F5E0007F421B783F1A5BB2002B68D0534A1B0244
:10F5F00011686888C9186B7900059B461E00000DCC
:10F60000029ABB0292111B0C1204120C1B0413432E
:10F610002360009A019B92119B021B0C1204120C96
:10F620001B041343A360A3682A7943436363EB7805
:10F6300012011B091A43B3009B199B01121A1B18D4
:10F640000398844663449A18934206D2E06900788E
:10F65000085C187001339A42F8D10022AB5E5A1C44
:10F6600093D142460B9B9A56531C00D063E7019BF3
:10F67000D3469846009B0E009A46FFF781FE00286D
:10F6800000D0B8E0FFF77AFE002800D0AEE00D9A77
:10F69000129B08320D92139A013312939A4200D0B2
:10F6A000BDE6D146C3460097169B012B00D1A7E0CB
:10F6B000012316939FE668880005000DA0E7311529
:10F6C00050200131FEF792FB099B1B1A1F2B02DD14
:10F6D0001F235BB28AE7DA43D21713405BB285E798
:10F6E00000233EE7001F0510101C03208C2105108D
:10F6F000B42B0320A02C0120521D0320342A032008
:10F70000C00000D0380C01200C2A03204C1C032020
:10F710002E2F0320B52E03204C1D03203C1C03205C
:10F72000843E01204418012034340020A42C012000
:10F73000341C0320381C0320EC2E0320143B012032
:10F74000AE4B18780A900028A1D0AD4BAD4A19787D
:10F750001268494500D18DE0012898D05978494573
:10F7600055D0022893D09978494500D1EEE0002188
:10F77000009103288BD0D978494500D18DE00A99B2
:10F7800004291BD0197949455AD00A99052915D061
:10F790005979494500D1F3E00A9906290ED09979A3
:10F7A000494500D192E00A99072907D0D9794945FE
:10F7B00000D1B6E00A99082900D0F6E0009A002AA4
:10F7C00000D164E70092FFF7D9FD002800D197E649
:10F7D00080200003FEF7F2FAFFF7D2FD002800D1E7
:10F7E00093E680200003FEF7E9FA8EE6802000030E
:10F7F000FEF7E8FA4BE780200003FEF7E3FA41E763
:10F800001BB0F0BCBB46B246A946A046F0BD7E493F
:10F810000A988C46944461460091022800DC6AE60E
:10F820009978494500D191E0032800D163E6D97861
:10F83000494532D0042800D15DE619794945A4D163
:10F8400072490A988C46944461460091052800DC70
:10F8500051E65979494500D192E0062800D14AE69F
:10F860009979494532D0072800D144E6D9794945EC
:10F87000A0D156E00128A2D059784945C7D00A99AD
:10F8800002299CD09978494560D00A99032996D0DD
:10F890000092D978494500D071E75D490A988C46B5
:10F8A000944461460091042800DC24E61979494516
:10F8B000C6D0052800D11EE65979494560D00628F2
:10F8C00000D118E69979494500D06CE751490A986A
:10F8D0008C46944461460091072800DC0BE6D979F8
:10F8E00049451ED0082800D105E6197A49456FD050
:10F8F000092800D1FFE5597A494560D146498C462F
:10F900009444614600910A990A2900DCF3E59B7A48
:10F910004B4500D0EFE5414913008C46634400930A
:10F92000E9E53F490A988C469444614600910828CD
:10F9300000DCE0E5197A49454AD0092800D1DAE52A
:10F94000597A4945DAD00A283DD1D4E535490A9893
:10F950008C46944461460091032800DCCBE5D978BD
:10F9600049459AD0042800D1C5E51979494500D107
:10F9700066E7052800D1BEE55979494500D00BE777
:10F9800029490A988C46944461460091062800DC77
:10F99000B1E59979494599D0072800D1ABE5D979E6
:10F9A0004945BED0082800D1A5E5197A49450FD0B0
:10F9B0000A99092900D101E7597A49459ED00A9947
:10F9C0000A2900D1FAE69B7A4B45A4D0009AF6E6C4
:10F9D00016490A988C46944461460091092800DC37
:10F9E00089E5597A494589D00A2890D183E5104A9A
:10F9F0001048114B1149D9F73DFDC046B52E0320E3
:10FA000038170120F4EC002000F0FFFF00C0FFFFDA
:10FA100000D0FFFF00A0FFFF0070FFFF0060FFFFAE
:10FA20000090FFFF00E0FFFF00B0FFFF0080FFFF3E
:10FA3000E4BC031068B80310D0BC03101905000023
:10FA400000207047F0B50C00DE46454657464E464E
:10FA5000A446E0B5570093B0BF18804608900491C3
:10FA6000FF00082100B267440593FEF733FAD02364
:10FA7000050038601B0640461C68FEF74DFA01235E
:10FA80002A7809901340D91C0791002C35D1002801
:10FA900000DA83E00C00A446D04A49004E5D4300E2
:10FAA000D05A6644B3469918404500D090E13800DA
:10FAB00006339B18BB6006221030DCF73BF85B4630
:10FAC00080225B00EB187B60AB7852001B02134076
:10FAD000A022697852000B43591E914200D3A9E13C
:10FAE0005E460136F6187600FE60FB8213B0F0BC6D
:10FAF000BB46B246A946A046F0BDFFF7A1FF0028CD
:10FB00000CD08020C002FEF759F93B68B44D9B78B9
:10FB10005B089B000C930633994606E0AB78B04D2A
:10FB20005B089B000C93063399460798089B844614
:10FB30002B803968AA1D4300BA60CE5C90465A1CDF
:10FB400089180EA86644FEF75BF901210EA8FFF79D
:10FB500087F901236A7918407E331340C2011343A9
:10FB6000B3466B71002C00D116E19E4B9A460028DB
:10FB700000D0BCE00EA8FFF793F953464A46414631
:10FB8000002800D00BE18026F6000EA8009604F0B5
:10FB90008BFBB968421A53109846B7E0FFF750FF45
:10FBA000002800D052E1AB785B089B000C93063331
:10FBB00099468D4B8D4A0A931B88118898464B466F
:10FBC0000B92CB1A0A00984500DAFFE0E023DB0035
:10FBD0009B4600239A460293059B804D9C465E00FF
:10FBE000049B66449C46824BF6000693230008362D
:10FBF000664454460D979A46039607E0E0224B462A
:10FC0000D20011000124D31A434557DC594506D1CF
:10FC100001230293002300220021984601244F0073
:10FC2000E85BEF190028E9D0FEF772F9069B400067
:10FC3000C35E5E1C0DD0934200D1C3E0039884469E
:10FC400001E0934217D05B00E8180226835F5E1C38
:10FC5000F7D1029BA246002B02D042460A9B1A8093
:10FC60005346002B01D00B9B1980624A6248634BBC
:10FC70006349D9F7FFFB6246023003925B00EB1841
:10FC800002229B5E059A0380049B0833002A0ADD4A
:10FC9000039E18893A88904201D100221A601833D5
:10FCA0009E42F6D10396BB8801245B045B0CC91805
:10FCB00089B20A004B46D31A4345A7DD029B54463E
:10FCC0000D9F002B02D042460A9B1A800B9B198085
:10FCD000099B4246DB435200AD187F2B00DDBCE0A0
:10FCE0004046434A5B00995A985269801DE7802636
:10FCF000F600414653464A460EA8009604F08CFA98
:10FD0000B968431A5B105A009046984404229446FE
:10FD10000C9E66449E4200DC80E0304A334B9446A1
:10FD20001B885B006344984200D97DE0002C21D100
:10FD30008023344A5B001480984537DC324A904275
:10FD400000D97DE00630431A30495B105018AA886C
:10FD50002549D20BD20394460A885B0490465A0C7C
:10FD6000424492B20A80614600245B0C0B4352006D
:10FD7000AB8014523800290006221030DBF7DAFE7F
:10FD8000FFF75EFE002801D13D6898E68020C002A2
:10FD9000FEF718F83D6892E61D4B9A46E7E6802686
:10FDA000F6000EA80096D0F72BFCF2E680235480D4
:10FDB0009B009845C2DDC02394809B009845BDDD23
:10FDC000D480BBE7069A9446604457E7034D7FE72B
:10FDD000084A09480F4B1049D9F74CFB4818012035
:10FDE000380D0120381101205A2E03205C2E0320EB
:10FDF0004417012028BD031068B8031064BD031028
:10FE00008C060000482601204626012002F2FFFF52
:10FE10003813012008BD031067060000124A13487A
:10FE2000134B1449D9F726FB0F4A1048124B1349BC
:10FE3000D9F720FB0C4A0D48114B1249D9F71AFB90
:10FE4000094A0A48104B1149D9F714FB8020C00217
:10FE5000FDF7B4FF3B689B78A6E6034A03480C4BCA
:10FE60000C49D9F707FBC04628BD031068B803103A
:10FE70009CBD0310CC060000E0BD0310CD060000C1
:10FE800078BE0310E70600002CBE0310DA0600005F
:10FE900070BD0310A1060000F0B5DE4657464E4681
:10FEA0004546E0B591B08A4693460AA900221D0056
:10FEB00001230600FFF7C6FD8021A0220A98490011
:10FEC000837800241B020B40417852000B43190039
:10FED00003930190C378914200D0BBE0C82B00D0BF
:10FEE000B8E00C9B300099460B9B49460293FEF705
:10FEF000BDFE5B4652469A1A93009B189B01013B3C
:10FF000004931A9B8046002B00DA8CE001230593B2
:10FF10001A9B013303931A9B029A5B00D25A130A6D
:10FF2000FF2B00D176E0042601980D9903781E423C
:10FF300069D08446891806AF38006144FDF760FF38
:10FF4000252206AB9B181B787F2B00D87CE05346FC
:10FF50000026002B22DD2A003B004D4647469146F5
:10FF6000984603E00136C4B2B24510D0424639008B
:10FF70002800FEF7AFFFFF28F4D9FF230340062B2C
:10FF80005CD8033824180136E4B2B245EED14B46B2
:10FF90004246A946B8461D0017005646B34522DD25
:10FFA00053460093059BBA464F46994605E0C4B2B6
:10FFB00001362C704D44B34512D0524641463800AC
:10FFC000FEF788FFFF28F2D9FF230340062B2FD826
:10FFD00003382418E4B201362C704D44B345ECD1FB
:10FFE000009BB9469A461A9B039A01331A93049BC5
:10FFF000ED1A1A9B93428EDB11B0F0BCBB46B246A1
:020000041003E7
:10000000A946A046F0BD844606AF38006144FDF71E
:10001000FDFE95E71A4006ABDB8C934220D9029B8C
:100020005200D25A7FE7039B059300231A9372E78D
:100030000E4A0F480F4B1049D9F71CFA0B4A0C48CF
:100040000C4B0E49D9F716FA084A09480C4B0D49D2
:10005000D9F710FA054A06480B4B0C49D9F70AFAAA
:10006000024A03480A4B0B49D9F704FAA4BE03100D
:1000700068B80310F0BE0310880900007E09000074
:100080004C4903106D0900008CBE0310510900009B
:10009000D4BE031063090000F0B54E4657464546EE
:1000A000DE46E0B5D14BE5B002AF3B611B680022F4
:1000B00098467A64424643001B1868465B00D25A51
:1000C0007B61FA62434452009946D31DDB08DB0092
:1000D000C31A9D4609230E0001216B445B085B0097
:1000E000180049427B62DBF71FFD731C01D100F051
:1000F000F6FC0023BB6580337B6500239A46BC4B2E
:10010000BC4A1D683B637B6A93467A63BD643B606F
:1001100018E0802B53DC502254239B18D919503BF4
:10012000F818FEF7EDFD036850227B65B4239B1899
:10013000D919FC3B9B18D819FEF7EAFD0368BB658B
:10014000731C42D073045A0C1B0C9B189B005B441D
:10015000D9791A7A4909D206D20E49011143FA6AAD
:100160008A4201D800F0B5FC5A6849001202FA64CC
:100170003A689868555E3A6800025652FA6C401325
:10018000110A00229E5EFA6CC0011D80002A01D176
:1001900080214902A4249A78BD6C3C19521B4A4321
:1001A000121812142260DB785B1B4B43B4211B181E
:1001B000502009181B14C9190B600132A9DA5346E3
:1001C0007B658023BB65731CBCD14B46DB78002B61
:1001D00001D100F078FC4A4692885B004244944684
:1001E00000217F20FD6ABA60634402E001338D4242
:1001F0000AD904001A781440013452B20919002AAD
:10020000F4DA03338D42F4D85424502500224020E0
:1002100065195821ED192A5250206A520C310918DB
:10022000C9190A807C210918C9190A8000211A7885
:10023000F963591CB961F96A0132BA628A4201D97B
:1002400000F03BFC6C4A7A606C4AFA607A6C934628
:100250005A780333FF2A16D1FA6AB96A8A4201D85A
:1002600000F0FEFB08001A7801315218591CB961E0
:10027000F96AF863914201D200F01FFCBA625A7821
:100280000333FF2AE8D0FB6BB86A834209D2796A4C
:1002900003E00133834200D19CE35A008A5E0132BD
:1002A000F7D0BA6A934200D194E340229146BA6DE6
:1002B0000023002690465A46B2469B46BD69FB6421
:1002C0007A640DE0C24506DC7A6DA24200DA4FE1A5
:1002D0009A0600D54CE176B2A2460435002E49DBE1
:1002E0004A462B786E781A4202D0AA780135924697
:1002F0007F24344001345AB2FC665444002AE1DAC7
:10030000C24532DC7A6DA24201DB9A062DD55A46EF
:10031000072A00DDBFE3102250202C2113405A1E73
:1003200093415A460918504692005A44C9195054EC
:10033000FE338A189370AB78BA6413714346013365
:100340001B1A5022B4208218D1190B601C23B43A16
:100350009B18D9191C3BC318D819FEF7D1FC0123EF
:100360009C46BA6C0368E344537076B2A2460335E8
:10037000002EB5DA5B46FB617B6CBD619B460024B9
:100380000125FB6C2E00E3401E401D4218D02200C8
:1003900054218C460439884653009B18B844DB002E
:1003A000C44463449968188A002900D125E31400E5
:1003B000FEF790FC0C2250215218A300D219D05005
:1003C0000134042CDDD1FB6BBA6A934200D323E3E2
:1003D000FA69DA46944693002C2263449446243208
:1003E0009046B844C44463443B6410E0402A032070
:1003F000DC3001203434002064300510EC2E032062
:10040000FB6BBA6A0133FB63934200D103E3FB6BDE
:100410007A6A5B00D65E731CF2D0FB69002B2CDD80
:100420002C2350229B18DB19544698463E624346C3
:100430001E785D787319802B00DD19E343469B78A5
:10044000FB64FD2B00D802E1FE2B00D117E2013D39
:100450000BD3434650221979B4239B18DB19591842
:100460009B194A5D5A55013DFBD205239C463B6CC6
:10047000E0449845DBD1A2463E6A7A693B699446DE
:100480001B6863449B78802B0AD05020B4227F21C4
:100490001218D21910785054D11801390978D15452
:1004A000DD4B98464246DD4B12681D68FB681B78A1
:1004B0005BB2002B00D041E2A0335B009946802361
:1004C0005B00BB64D64B30009B467D6415E03D6B02
:1004D000DB012D68551B4D43AC46E5780091AA1A07
:1004E000110063440196B42250255219D219FDF728
:1004F000FFFC0023E05E431C82D0BB6C4404C009B7
:1005000018407B6B620C9C46240CA418A400644425
:10051000E179A278C906C90CF964150049464D4332
:10052000AC4641467D6C6044AC46E67AA3688019CF
:100530000E68F96C60448C461B025B1366445B4595
:1005400000D1A2E2616809028C466546090A002DC5
:10055000BDD1D90180235B029C463B6B1B68D31A3B
:100560001B045B18E1780196891A62460092BAE78B
:100570000F22B96813405B00CA185078CB5C0002A8
:100580005022184364239B18DB191B88834200D137
:100590005CE27C239B18DB191B88984200D151E256
:1005A00050214B4604325118C919CB5A984200D1F8
:1005B00044E2502158235218D219D35A984200D1FC
:1005C00038E2FB6C0E2B00D971E27A689B009B58D5
:1005D000542150249846091904234246C919FFF7AB
:1005E00031FA012342469340FA6C1A435B46FA649F
:1005F000082B00DD55E250212C225218D419524606
:100600009B005B441A55E4184346A370AB78FA6B21
:100610009B1AE370BB6D52469846EB7823714346B4
:1006200001339B1AB4225118C9190B6050211C23A5
:100630005B18D9191C3BD318D819FEF761FB0123AD
:100640009C460368E3446370FC6E544443E61A001E
:1006500080235B009C469146530054205022821810
:10066000D019503A7B644B449146043A9246BA44BE
:10067000D144DB00C0584B44FA6B5968434691465D
:10068000DB7882784B44DBB29946634612021A400B
:1006900043781A43FB6C93469B009C460C223B60BC
:1006A0005023D2186346D219D3589A46D94500DB55
:1006B000D0E14B465B005A5A130AFF2B00D1D6E01B
:1006C000F96C7B6C8C46542163448C460439894612
:1006D000B944DB00CC446344D96803785B075CD53C
:1006E0001C23994634339C46BC448918E144411884
:1006F0004846FDF785FBFB6C7A6C9C4654239B4671
:10070000043B62449C46BC44D200E34493445B46B1
:100710005022597DB4239B18DB199B19BB644346B7
:1007200000261B797F2943D8002B0FD0BD63554687
:10073000A2461C005B464A46290098680136FEF72F
:1007400055FCA642F6DB5446AA46BD6B0026002D9A
:1007500000D18AE6FA6C7B6C944654229346043AA4
:1007600063449446BC44DB00E3449B445346A246A6
:100770001C005B464A4698682100FEF737FCBB6CBC
:1007800098550136B542F4DC05239C463B6CE044A9
:100790005446984500D04AE66DE61C23994634330A
:1007A0009C46BC44E14441184846FDF72FFBA2E7B4
:1007B000002B1CD0BD6355469A4603E00136C4B2F7
:1007C000564512DA5B464A4629009868FEF782FBD6
:1007D000FF28F3D9FF230340062B00D924E1033877
:1007E00024180136E4B25645ECDBAA46BD6B002D59
:1007F00000D13AE6FA6C7B6C944654229346043A54
:1008000063449446BC44DB00E3449B444346FB649E
:10081000BB6C002698460BE0143B012044180120D5
:10082000FFFF03004346C4B29C550136B54214DDB8
:100830005B464A4651469868FEF74CFBFF28F1D9C3
:10084000FF230340062B00D9E8E043460338241871
:10085000E4B29C550136B542EADCFB6C98460523B0
:100860009C463B6CE044984500D0E0E503E61A4026
:10087000FB6A934200D801E15200525A20E7002D52
:1008800000D1F2E542466B1E1179062B50D9502259
:10089000B4239B18DB1998198446721E5818814698
:1008A000521A022A34D962460243920730D1A8086C
:1008B00080008346FD64654648468C46A14600227A
:1008C0009A465C46290083588B5004329442FAD1F0
:1008D000FD6C200061464C465346A84200D1C4E559
:1008E00059180A5C9B191A54421C954200DCBCE55D
:1008F0008E5C02309E54854200DCB6E50A5C1A54D8
:1009000005239C463B6CE044984500D08FE5B2E55A
:10091000002259189B19885C985401329542FADCE0
:1009200005239C463B6CE044984500D07FE5A2E55A
:10093000B42350201B180022DB19EAE793461B0260
:100940009B44A02380245B0098466300FB646A4BB1
:1009500030009946BD6415E0D9013B6B1B68D31A82
:1009600073435B18E1785025891A5A460192B422E4
:1009700052190096D219FDF7BBFA0023E05E431C22
:1009800000D13DE5FB6C4404C00918407B6B620C50
:100990009C46240CA418A4006444A2784546110087
:1009A00069434018B96CE67A8C46A36880191B022B
:1009B0005B1360444B4500D197E0616809020E0A61
:1009C0000029C9D18026D9013B6B76021B68D31A56
:1009D0001B04C6E70120BB6905E004329B1864B222
:1009E000002C00DA38E419785C788A0949B20240B0
:1009F0000029F2DA03329B18F1E750245431091927
:100A00000423C919FFF71EF8FB6C0022DB0700D591
:100A1000BEE43400B5E4D346BB691DE4374A384828
:100A2000384B3949D8F726FD344A3548354B3749D4
:100A3000D8F720FD032208239046D5E5022204239F
:100A40009046D1E5012202239046CDE50022012304
:100A50009046C9E5294A2A482D4B2E49D8F70AFD68
:100A6000BD4663B0F0BCBB46B246A946A046F0BD49
:100A7000224A2348284B2949D8F7FCFC8721284BD8
:100A80001E4A1F480901D8F7F5FC1C4A1C48254B93
:100A90002549D8F7EFFC194A1948244B2449D8F7BF
:100AA000E9FC164A1648234B2349D8F7E3FC134ABE
:100AB0001348224B2249D8F7DDFC104A1048214B3D
:100AC0002149D8F7D7FC0D4A0D48204B2049D8F7CB
:100AD000D1FC0A4A0A481F4B1F49D8F7CBFC074AEA
:100AE00007481E4B1E49D8F7C5FC044A04480D4B65
:100AF0001C49D8F7BFFCC046FFFF0300C0BF03106E
:100B000068B80310F0BE03109A0800008F080000B8
:100B100070C003106D08000054C003105B08000093
:100B200090C00310A8C00310BE08000000C003104E
:100B30000408000034C003103508000020C0031072
:100B400025080000F4BF0310DF070000F0BF03100A
:100B5000C7070000E8BF0310AC070000B8BF0310D0
:100B6000A4070000AF080000F0B557464546DE4632
:100B70004E46E0B5DDB00493D04B05000A900E93CD
:100B80000020185E0C009246A84200D139E215AB55
:100B90009B460022012359462800FEF753FF5A4680
:100BA0008123D68A5B009E4200D364E20121504635
:100BB00072004942DAF7B8FF631C00D171E2C04B02
:100BC0009946C04D159BA846DB78059365046B0CD0
:100BD0002D0CED18AD004D44EB792A7A5B09D20655
:100BE0005B01D20E13439E4200D863E251465A0085
:100BF0008F5E51468C52A9680022AC5E6A68090279
:100C0000491312022F80C901100A002A01D1802045
:100C100040024246126894466646AA78ED78921BD6
:100C20004243521812148026013207DB6246AD1A85
:100C3000684340180614F243D2171640059A9642AC
:100C400000DB561E049A94466344013707D01A7895
:100C5000B24204DB631C05D05B46DE8AB6E71E7039
:100C6000631CF9D15A46D02352681B061B680B92AD
:100C70005A4645469068002B00D0ECE1924C0A9A07
:100C800023889A4200D1ECE163889A4200D1EEE1D8
:100C9000A3889A4200D1ECE1E3889A4200D107E2AE
:100CA0008A4E310003F0F0FA0A9B089623805B46D7
:100CB0000022DB8A0392002B00D1C0E0844B0C930E
:100CC000844B0D935346CA460993039B099A5E00D1
:100CD000945F3F221A4205D1D0273F063B68002B84
:100CE00000D057E1631C00D1A1E00B9B9A5B130A73
:100CF000FF2B00D1FAE05B4659461B68C96818789B
:100D0000400700D4A2E08918591811AB1800984682
:100D1000FDF776F85B465B7D7F2B00D9A1E00027CD
:100D2000A9464546A046049C1BAE5B462A0098682F
:100D30000899FEF75BF9039B0137E35C30700136DD
:100D4000BB42F2DA44464D46669A002A00D044E19E
:100D5000059B7E2B08DC7F221BAB197899540599E3
:100D60005A18013A12785A540C9B0D9A1B7816683F
:100D70005BB2002B00D0C3E00E9A0021525E0A99AC
:100D80008A4200D1BCE0A0335B00994680235B001F
:100D900098465B462200504F06960F9313E0079348
:100DA00063462E688E1B5E43B346079BE67801922E
:100DB00062465B440092711A1BAAFDF799F8002362
:100DC000E25E531C31D043465404610C240C641879
:100DD000A4005444D2091A40E379A178DB06DB0C65
:100DE0009C46E37A4E469B46080070431018069ACC
:100DF00058449346A3683A68384E1B025B13584424
:100E00006244B34200D161E16668DB013602B34659
:100E1000360AB4465E46002EC1D180267602B4461C
:100E20002E688E1B3604B346C0E70F9B9B465B467D
:100E3000039A01320392DB8A934200DD45E75DB0FD
:100E4000F0BCBB46B246A946A046F0BD591811AB4E
:100E500018009846FCF7DAFF5B465B7D7F2B00D8D5
:100E60005DE70EAB33279C46002667445B4642464F
:100E700098680899FEF72EF8FF2814D9002E06D19D
:100E8000EB21174B174A1848C900D8F7F3FA030AA1
:100E90009BB2012B00D02CE1C3B2062B00D922E17A
:100EA0003B7803381818049B039AC0B29B5C013648
:100EB00078700137B342D9DA46E7C046A62E032040
:100EC00034340020DC300120482601203813012072
:100ED000EC2E032044180120143B0120FFFF0300E7
:100EE0004CC10310ECC0031068B8031013405A46FD
:100EF000D28A9A4200D8F0E00B9A5B009A5AFAE63E
:100F00007F4F0A993A6891467E4A914201D01B026E
:100F10009944A02380275B0098467B00200006931D
:100F2000079611E0D9012B68D31A63435B18F9784F
:100F30000094891A4A4601921BAAFCF7D9FF0023A4
:100F4000F85E431C00D172E7069B4704C0091840B5
:100F50007B0C3F0CFF18BF005744BA78464611007F
:100F6000714340180799FC7A8C46BB6866491B029E
:100F700000195B1360448B4200D1A1E0796809023B
:100F80000C0A0029CED18024D9012B686402D31A1F
:100F90001B04CBE75D4B012199465D4B3E3A9846D9
:100FA0004B461B780B4349460B70434641461B7822
:100FB0000A70DBB20693D2F7D9FC3B68002B05D050
:100FC000069B5A1E93414246DBB213704B460122E8
:100FD0001B7893434A46137084E60427BF1A0F22F6
:100FE000002094467F011BA90A781609072E03D119
:100FF00066463240D2190A70013001318342F3DA79
:10100000A6E64B1C3DD0434B80220D001800520237
:101010006D046B0C2D0CED18AD004119CB79002639
:101020008D5F1B0613434B606B1CF1D115AB9B46C8
:1010300000220123814659460A98FEF703FD5A46CD
:101040008123D68A5B009E4215D229005046720049
:10105000DAF76AFDB5E5304C210003F015F9089484
:1010600025E600232D4A1B029B1808931FE6012347
:10107000F8E70223F6E72A4A2A482B4B2B49D8F7F0
:10108000F9F915AD012300222900FEF7DBFC8123CD
:10109000EA8A5B009A42EED2210050465200DAF70B
:1010A00043FDE321224B1E4A1E48C900D8F7E2F94E
:1010B0000323D7E71A4A1B481E4B1F49D8F7DAF912
:1010C000174A18481D4B1E49D8F7D4F9F1211B4B7C
:1010D000134A1448C900D8F7CDF9114A1148194BE1
:1010E0001949D8F7C7F90E4A0E48184B1849D8F7CE
:1010F000C1F90B4A0B48174B1749D8F7BBF9C04643
:10110000143B0120B3040000FFFF03002E2F032037
:10111000FC2E032034340020381101203813012024
:10112000ECC0031068B80310CCC003101207000015
:10113000B8BF031028C103101D070000A8C003108A
:101140007907000034C103104207000060C103109A
:101150005B07000054C1031059070000F0B5DE46DC
:1011600057464E464546E0B55E4B87B002AF9B46BC
:1011700078601B7800283FD1002B35D000245A4DD1
:101180005A4E0FE041464846FEF786FFFEF7F8F854
:10119000002824D15B461B78013402350236A34275
:1011A00000DC93E000216A5E90460132F4D0002119
:1011B000725E9146002AEFDDFEF7E2F80028E1D0EA
:1011C0008020C002FCF7FAFD0022B35E414699463A
:1011D0004846FEF761FFFEF7D3F80028DAD08020FA
:1011E000C002FCF7EFFDD5E7BD4605B0F0BCBB463D
:1011F000B246A946A046F0BD3D4AFA60002BF3D0A6
:101200003C4A002492463C4A374D384EBA6004E0CE
:10121000013402350236A342E6DD00216A5E9046C3
:101220000132F5D0EFF3108272B653461B68002BE3
:10123000FBD0BFF35F8F0021735E9946002B09DB63
:10124000BFF35F8F00215346196082F310885B461D
:101250001B78DDE700233380BFF35F8F51460B60BF
:1012600082F31088FEF78CF8002821D1BA68137831
:10127000A3421BD05378A34231D093781B1B5A4210
:10128000534103225B42134000931C4A4B46944651
:101290005842FB684146FA686344FFF765FCFEF775
:1012A0006FF800280BD15B461B78B1E70123EBE711
:1012B00001207B6898408004FCF780FDD6E7012080
:1012C0007B6898408004FCF77DFDECE70C4A94466F
:1012D0000F22E5446A44D208D200FA608EE7022366
:1012E000D2E7C046212F032050260120C0E402206F
:1012F000F8F100203C0100D0741B03200202000022
:10130000F8FCFFFFF0B5DE4657464E464546E0B5D1
:10131000CB488FB002F090FFCA4C01E0FCF72AFEE8
:101320000121200002F0F8FF0028F7D00121C64A71
:10133000C64BC74C166800229B5E21700B93002E93
:1013400000D15AE10121C34FC348F61BF3105A00E4
:10135000494204930690DAF7E7FB80220121BF4D52
:10136000520049422800DAF7DFFB0121BC48049A09
:1013700049420A90DAF7D8FB002E16DD0023B9495E
:10138000BA1D0E68B84F1078311821310978FF293D
:1013900000D142E279560832715C685C6B540A995C
:1013A000C854049901339942EDDCFCF789FD012111
:1013B0000D900DA8FCF776FD04210DA8FCF74AFD61
:1013C0000B2206210DA8FCF74DFD0DAA0021A74810
:1013D000FCF77AFDFCF774FD01210D900DA8FCF7D8
:1013E00053FD1A210DA8FCF735FD052200210DA89B
:1013F000FCF738FD01219D480DAAFCF765FD9C4BCB
:1014000009931B68002B00DCF7E09A4A0B9B0792BC
:1014100028229B4600239246974D0393974BAA445C
:101420005E46A046D3462C0099460123039A5B42B0
:101430009446059393004A461268634492469B0182
:101440009A4425005046002322780294002A0BD1AA
:101450000822D31AC0186B1C5B4500D1B8E06A782B
:101460001D000023002AF3D014000127DC401900DE
:10147000274200D098E0029CA44614000131CC40E1
:1014800001272742F9D067460297072900D908E2C9
:10149000C01A435C40180093FF2B00D107E2574667
:1014A000C71B0197049F9F4200DC8AE001270123AC
:1014B00027400897234200D181E1431C9C464B1CE6
:1014C000072900D1E8E047783C00009FBC4200D0EB
:1014D0007CE117000124DF403C4200D176E1831C0F
:1014E0009C468B1C062900D1D6E08478009FBC4224
:1014F00000D06BE117000124DF403C4200D165E1E0
:10150000C31C9C46CB1C052900D1C5E0C478009FB4
:10151000BC4200D05AE117000124DF403C4200D118
:1015200054E1031D9C460B1D042900D1B4E004794D
:10153000009FBC4200D049E114000127DC40274253
:1015400000D143E1431D9C464B1D032900D1A3E07C
:101550004479009FBC4200D038E114000127DC40F0
:10156000274200D132E1831D9C468B1D022900D108
:1015700092E08479009FBC4200D027E1140001274B
:10158000DC40274200D121E1C41D012900D19DE1A9
:10159000C37900998B4200D095E10830D30900D07F
:1015A0007BE0200007330BE103780093FF2B00D191
:1015B0007DE11F005346C31A0193049BBB4200DD2B
:1015C00074E7BB212E4B2F4A2F48C900D7F752FF93
:1015D000029C28239C46099B039A1B6801320392B4
:1015E0002834E3449A4200DA1FE70B9B4446B34297
:1015F00003D004990A98FDF7C5FE0023234D2370FC
:1016000001E0FCF7B7FC0121280002F085FE00286C
:10161000F7D00120FFF7A2FD1D4C01E0FCF7AAFC6A
:101620000121200002F078FE0028F7D0194802F0CE
:10163000BBFD0FB0F0BCBB46B246A946A046F0BD0C
:10164000803B0120603B012088F302206A2E0320AA
:10165000FC2E03204C1D03204C1C0320380C0120C1
:10166000F43E0120342A03200C2A0320C00000D0BD
:101670001C1C032034340020F8F100204418012001
:10168000BCC1031088C1031068B80310683B012077
:10169000583B0120703B0120604669786C1CFF2993
:1016A0003BD0250000235C454FD3721C40D00799E6
:1016B0000F278C46019A1405009A240D52000092BF
:1016C00072009219520062445188090B09032143A8
:1016D0005180D17839405746C41B0F2727403F011E
:1016E00039432409D170147103995171009C069FEC
:1016F000395B3E530024165F11805D4500D167E7DA
:101700002A780599140099408C4300D19EE6704ACE
:101710007048714B7149D7F7ADFE0378009A934238
:1017200056D0250000235C45BFD22170721CBED16B
:1017300004990A98029CFDF725FE80223100069844
:101740005200DAF7F1F90B9E43E70278009F217807
:10175000BA42EAD101220A42E7D04378421CBB4296
:1017600066D102230B4263D08378821CBB4265D1D1
:101770004B0763D5C378C21CBB4265D108230B421B
:1017800062D00379021DBB4264D1CB0662D5437996
:10179000421DBB4272D18B0670D58379821DBB423C
:1017A00065D14B0663D5C3790730BB4271D1C909F6
:1017B0006BD0474A47484A4B4A49D7F75BFE0B0074
:1017C000012199404942114029706EE76046F7E7D0
:1017D00013009C460321120262441304D2180B002A
:1017E0000340084269D15D465C4558D202998C4657
:1017F00019005B468B4609E001688A4209D14168BD
:101800008A4206D1013408309C422AD02178FF292F
:10181000F2D09B466346029343E7295C2B540A9817
:101820000832C15404990133994200DDABE5BCE5AF
:10183000100001229143089B217077E7032399430D
:101840001000013B217071E7072399431000043B0E
:1018500021706BE70F239943100025000B3B21708B
:1018600064E7624602925A469B4613001DE73F23F7
:10187000994310002500393B217057E71F239943F6
:10188000100025001A3B217050E725000723217026
:101890004CE77F2399432500783B217046E72500DC
:1018A00003E70B4A0B48104B1049D7F7E3FD084AF2
:1018B00008480F4B0F49D7F7DDFD054A05480E4B89
:1018C0000E49D7F7D7FD2000072379E72000E4E68B
:1018D00088C1031068B8031064C10310C705000075
:1018E000F4C10310ED050000A8C10310D1050000EC
:1018F000B0C10310D2050000D8C10310E2050000FA
:10190000F0B5C64600B55A4CA544051E40DB002183
:101910000023CD93574AAB001268D2181368DB023C
:101920005B151B04544884466344CA9313685B15D3
:10193000A020C01AC59013681B04504C2340013BE3
:101940001B14C018C6904E4B4E481B68006883405D
:10195000C89300291FD04C4B1B685B42C993136886
:101960001B042340013BC793C3A805622423002224
:10197000C254464C02262368334323600021F8F703
:101980000FFE2368B343236000210124644220E05A
:10199000C5430121BCE73C4B1B68C9930023C79397
:1019A000E2E71C8014000200002A11DB53009B18A0
:1019B0009B0037481B18081201D036480243002606
:1019C000985FD972DE78872EEBD98726DE70E8E73C
:1019D0000131A0235B00994203DA2F4B4A00D25E0B
:1019E000E2E72E4B98461B7801225340DBB2DA0027
:1019F000D21A13019B1A5B02294FDB19294E33605F
:101A00002948D0F7D9FE3368012252420092B232FF
:101A10002921FEF741FA254B0020185E40190023CA
:101A20000093234B6B4402AA2100FFF79DF8434625
:101A30001A78D3009B1A1801C01A4002C0193468E2
:101A4000CD239B019C4660441A4A2100DAF772F8C4
:101A5000AA231B02E018174BE118B4221201DAF78F
:101A600069F8CE239B009D4480BCB846F0BDC046BB
:101A7000C8FCFFFF3C2A03200080D3FF0000FF03C7
:101A8000F80A0320B83C0120F40A03200C070320C5
:101A9000343400200080FFFFF8EC0020B62E032035
:101AA000BC40012044180120ACBF0310702E03205D
:101AB0000A020000C09E0000F0B557464E4645465B
:101AC000DE46E0B5BE4F00240022BB5E00250600C6
:101AD00099B0002B09D0012B00D196E019B0F0BCD1
:101AE000BB46B246A946A046F0BD0422B54B1A70CB
:101AF000B54BB64A1978CB005B1A1D01ED1A6D0281
:101B000001230CA9AD180022FDF79CFF8021A02223
:101B10000C984900837852001B020B4041780090DA
:101B20000B43C178934200D037E1C82900D034E19B
:101B30000E9B30009A460D9B51461E000293FDF706
:101B400095F8A022B3468146FF2692005A4401929E
:101B500003975B461A88130AFF2B4CD00427009882
:101B60000F9903781F423FD08446511804AF3800C4
:101B70006144FCF745F9352204AB9B181B787F2B99
:101B800000D810E1D2231B0298463B00A8444746E8
:101B9000984607E02B004133C4B2FF332C70BB42A0
:101BA00015D01D00424649465046FDF793F9FF28DF
:101BB000F0D933000340062B00D9E2E02B000338B4
:101BC00024184133E4B2FF332C70BB42E9D1022325
:101BD0009C467F4BE3449C46019B65445B45B8D1E2
:101BE0000123039F3B8079E7844604AF38006144BA
:101BF000FCF70CF9BFE704ABDB8E3240934200D810
:101C0000D7E0029B5200D25AA8E701226E4B12A9DC
:101C10001B785340DBB2DA00D31A1C01E41AAA2362
:101C20001B029C466402694B64440022E4180123B1
:101C3000FDF708FF8021A022129849008378520006
:101C40001B020B40417800900B43C178934200D0B7
:101C5000A3E0C82900D0A0E0149B30009946139B54
:101C600049461E000293FDF701F8FF22B346804665
:101C700092468232FF325A44019203975B461A8899
:101C8000130AFF2B71D004260098159903781E4281
:101C900064D08446891808AF38006144FCF7B0F876
:101CA0004D2204AB9B181B787F2B7CD94B463A0006
:101CB000A1464746A82690461C0003E0013EC5B257
:101CC000002E10D0424639002000FDF703F9FF280E
:101CD000F4D953460340062B59D803382D18013E3A
:101CE000EDB2002EEED14346B8461F00A0232200DD
:101CF0004C469B01E61891463B00320047464E4653
:101D00009846914607E023004133C5B2FF33257062
:101D10004B4514D01C00424639003000FDF7DAF87C
:101D2000FF28F0D953460340062B2AD82300033856
:101D30002D184133EDB2FF3325704B45EAD1022314
:101D40009C46244BE3449C46019BB146B846644400
:101D50005B4593D10223039F3B80BFE6844608AFD7
:101D600038006144FCF752F89AE753464E211A4076
:101D700004AB5B181B8893421BD9029B5200D25ABA
:101D800081E7154A1548164B1649D7F773FB124AD7
:101D90001248134B1449D7F76DFB0F4A0F48134BEA
:101DA0001349D7F767FB0C4A0C48124B1249D7F777
:101DB00061FB094A0948114B1149D7F75BFBC04643
:101DC000542E03201C2F0320B62E0320BC400120DC
:101DD000412FFFFF41D9FFFFA4BE031068B80310D5
:101DE000F0BE0310880900007E0900008CBE0310BD
:101DF000510900004C4903106D090000D4BE0310C6
:101E00006309000000207047F0B54E465746DE4695
:101E100045460023E0B5E1B09A46994600260F9367
:101E20000490119314931593FDF770F9002800D0D6
:101E300020E3A02301275B0098460025B346CB4A48
:101E4000CB4C13927F420023D65E1780002E0CDB12
:101E5000039273009B199B003100E65E2800E75255
:101E6000FCF750FA002EF4DA039A013502324545A8
:101E7000E9D15E46BF4C01E0D1F778FD200002F0C9
:101E800053FA0028F8D0200002F0D6F9BA4BBB4A2A
:101E90000A9312921B7812781092002B00D08CE2D9
:101EA000B74BB8490B931B780D780C91002B00D1E0
:101EB00090E2EA00521B13019B1AB34A5B0294465C
:101EC0000D92B24A63440E9213600693FFF79AFF95
:101ED000109A002800D0C6E2AD491991002A00D01E
:101EE00057E2AC4B1B78002B00D1B2E20A9B1B7867
:101EF000002B01D100F01AFC0B98A74C02700420B3
:101F0000A64F2070A6483A800270049A002A01D099
:101F100001F0C5F8A34B069A09931A60A24B0F0073
:101F20009946A24BA24E9B46A24D8B44A24B19A8A8
:101F300019009846FCF7F4FEA04B04689C46A04BA1
:101F400064441A68944206D001210B229D484942FC
:101F50001C60D9F7E9FD43461F605B46E01A9A4BC7
:101F600000229A5E53009B189B00C31ADA171205D1
:101F7000120DD21812130132002A00DC9CE2D4B2F6
:101F80003078824205DD8F4B121AFF21C018D9F735
:101F9000CBFD109B3470002B00D070E2C0230022D8
:101FA0005B000393894B110098465B46AB46424663
:101FB0001768002F00D01CE204229446039A803157
:101FC000E0449142F3D15D469B4601235A429F3340
:101FD0005B00089300234C4699467D4B1795984625
:101FE0007C4B924607934B46250016940393072398
:101FF0000124039A2F0013409C4000216B5ED210F5
:10200000E4B20592002B45DBA946049404E01F00CE
:1020100000229B5E002B3CDB5E00F3189B005B44C0
:102020009A68120252134245F1D1059C9D78A4464C
:10203000A900079C4919CA006244A446D8786244A2
:10204000A84218D3039889018446069861448446BF
:10205000300061448446DC7A2600049C0E701078BF
:10206000413120431070D8780135FF312832854244
:10207000F4DD6646049400215A5E3A805246DA80C6
:10208000B2B201321A8033B29A460022BB5E002BF4
:10209000C2DA4D46039B089A0133039302359342FB
:1020A000A5D15246169B4C489A464C4B179D1A8018
:1020B00002F07AF880220121280052004942D9F723
:1020C00033FDA0235B009846002753465C46002260
:1020D000995E00291EDB38124042C00BC00300B2DB
:1020E0009C4682464A0052189200A2189068384BCB
:1020F00000024013984200D1C9E15346D07A1943F7
:1021000040002E5E29520023D15ED772168000292E
:10211000E8DA6346013702334745D8D1304802F048
:1021200043F80020FFF71AF80A9BA3461B78022BFE
:1021300000D1B2E12B4802F037F82B4802F07CF8CE
:1021400000239C460E9B29491B68002798460D00DA
:102150002748284E139C0022A35E2968002B00DA32
:1021600090E0AA46A1460D004AE0C04678EF002064
:1021700034340020C03C0120F52E0320F92E03202A
:10218000672F0320B62E0320BC40012044180120F5
:10219000F4EC0020BB2E03201C2F0320542E032020
:1021A000B42E0320C0300020F8EC00204047FFFF91
:1021B000B52E032050260120D02E002000F0FFFF76
:1021C000F4EC002038170120582E0320F82E0020B0
:1021D000FFFF0300F8F10020603B01206A2E03207E
:1021E000683B0120583B0120703B0120143B01203B
:1021F000EE2E0320A030051000228B5E002B3FDB6B
:102200005900C918890059448A78CB78A82A00DD7A
:10221000A5E2A82B00DD9CE2002A00D10132A62B0A
:1022200000DDA6239342E7DB9B1A01339400A2183A
:102230009C00E4180023C356039161469201624456
:102240004244A401141904915B00F35EC021C9004B
:102250008C46D35CEB1863441B78137003784132CF
:1022600001335BB2FF32322B00D1BCE003709442E9
:10227000EAD1049B03999C4600228B5E002BBFDAB7
:102280004C465546012399469F33CC4402345B00AB
:102290009C4500D05FE7FFF7B5FD002800D04DE377
:1022A000CEF708FF0A9B1B78022B01D101F0AEFC90
:1022B000D64B98464246D64B10681A780893D300FE
:1022C0009B185B009B185B01E133FF33C018CFF70D
:1022D000E5FC109A002A00D047E2CE4B1A700A9B08
:1022E0001B78022B01D101F052F801D900F064FFF4
:1022F000002B01D101F0A0FD0B9B1B78002B01D01E
:1023000001F050F8C44C2378012B01D801F07DF87E
:10231000C24D2B78002B01D001F06BF8FBF7BCFC11
:102320002B78002B01D101F041F8D0F7CDF94346CD
:10233000A826BB4C18682670CFF7BAFC01220C9F68
:1023400009993B785340DBB2DA00D21A13019B1A89
:10235000B44A5B0294460D9A6344944663440B600E
:10236000D0F7B2F9C82323704346AF4C18682670E3
:10237000CFF79EFC002323703B780999DA00D21A2C
:1023800013019B1A0D9A5B0294466344A74C0B60A1
:10239000BAE2A74B069A09931A600B9B1B78002B95
:1023A00000D1BBE5A34BA44E9946A44BA44D9B463C
:1023B000A44B8B44CF181997B8E5A34B00229B5E22
:1023C000002B01D001F063FDA04BA14A1D780C93B6
:1023D0000B926EE5002A00D0A1E101235D400C9B29
:1023E000EDB21D7065E50770944200D141E700230E
:1023F0002AE7C824974D00202D7801226C43AC4673
:10240000069D6418AA46944D54442D780026AA4689
:102410004546059104959846554603E0013004343D
:10242000202811D0130083401F42F7D02300AC4571
:10243000F4DC61461E6001314133FF33A942F9DD0E
:10244000013004342028EDD1049A43460599904682
:10245000B2E50B9B1B78052B01D901F00AFD7F4AE1
:102460009B00D3589F468020C002FBF7A7FC129B1D
:102470001A7831E580200003FBF7A0FCD9E4A02204
:1024800001214846D2004942D9F74EFB9DE5744AE6
:102490007448754B7549D6F7EDFF754B1B78022BC9
:1024A00000D047E60B9B1B78002B00D042E6E2F7FA
:1024B00087FDFFF725FA3DE60C21D8F711FAA02396
:1024C0005B009C46A0234A469B009846069B110051
:1024D00000275A460024CB469946049605950025C8
:1024E0004B5F0E00002B24DB03915D00ED18AD0067
:1024F0005519984228DC674515DAAB78E9789A4691
:10250000C91A9B0053449B01DB194B4400290ADB89
:1025100001318A4689005144890159181C704133A0
:10252000FF339942FAD100216B5E3380002BDCDA55
:102530000399013702314745D1D1D9460124934649
:10254000049E0122059D1BE52E0000216B5EEDE738
:1025500001236B40DBB2DA00D31A1C01E41A0A9B98
:1025600064021B78002B00D15BE3AA22120294467E
:102570000D9A64449046A044022B00D1AEE3032B95
:1025800000D19DE3012B00D167E32B4E0E9B1B680E
:102590000693274B0993099B069A1A6005230B9A09
:1025A0001370344B9B460BE0334B1B78402B00D908
:1025B00035E31F4B069A09931A602E4B1E4E9B461D
:1025C0002E4F1C4B5F4499461D4D1997AEE4802257
:1025D00001211B4D520049422800D9F7A5FA154B9D
:1025E00088209946A7231B494A4608701A49A726FE
:1025F0000B70DA33FF334B4488279C461D4C002177
:10260000535E90461100181E48DA54E098230320C8
:10261000B92E0320BB2E0320B42E0320292F032024
:102620001523002000D8FFFF652F03201C2F032057
:10263000C0300020F8EC0020B52E03204047FFFFFB
:102640005026012000F0FFFF582E0320B62E032055
:10265000672F0320B82E0320B72E0320403005102B
:1026600030C2031068B80310A8C003108A04000029
:10267000EB2E032034340020662F0320C0A8000076
:102680009A78A72A11DC872A00DC9F70A72800DD32
:10269000DE7019000023C85E00280BDB43001B1806
:1026A0009B00E318D8788728EADC0020185E0880B1
:1026B0000028F3DA424602329445A0D10A9B1B78E7
:1026C000002B01D001F075F8C44E03230B9AC44FC0
:1026D0001370C44B069A09931A60C34B9B465F4420
:1026E000199723E4C14B1B78202B00D861E7022304
:1026F0000B9A13705DE7BD4B1B78C72B01D801F017
:10270000B8FB0A9BBA4C1B780B985A1E93410022C7
:1027100003332370B74B02701A70FFF7FBFBB64B05
:102720001B78002B01D0FFF7C4FB56E60B9BB04C87
:102730001A7003232370AF4BB04F1A70049B3A807A
:10274000002B01D1FFF7E6FBA64BA44EAC4F09933B
:1027500085E1AC4AAC48AD4BAD49D6F78BFEA94AF2
:10276000A948AC4BAC49D6F785FEA34A1378002B99
:1027700001D101F015F80A9B1B78002B01D101F063
:102780000BF87F23129A12781340013BDBB2022B25
:1027900000D9B7E0A14A9B009858A14B1A68904213
:1027A00001D101F0CBF818600023944F3B80D0F7A3
:1027B00003F80022BB5E0600002B01D101F00EF8E9
:1027C000012B00D09EE001220C9B5AA91B7853409C
:1027D000DBB2DA00D31A1C01E41AAA231B029C46BE
:1027E0000D9B640264449C46002201236444FDF76F
:1027F00029F95A9B802199469B7849001B020B407E
:1028000049464978A0220B4349465200C978934271
:1028100000D03EE3C82900D03BE35C9B30009A46E1
:102820005B9B51461D000493FCF720FAA022AC46A6
:102830008346920062440697159F03950592039B79
:102840001A88130AFF2B01D100F097FF4B46042092
:102850001B785D99184201D100F088FF891832ADCC
:1028600028004944FBF7CCFA262216ABFF329B180E
:102870001B787F2B00D81EE3A82603E0013EC7B2D9
:10288000002E12D02A0059465046FCF723FBFF28A1
:10289000F4D9FF230340062B01D900F0FAFB0338DB
:1028A0003F18013EFFB2002EECD1A0239B01E61899
:1028B00007E023004133C7B2FF3327709E4215D093
:1028C0001C002A0059465046FCF704FBFF28F0D9AB
:1028D000FF230340062B00D9E7E2230003383F180B
:1028E0004133FFB2FF3327709E42E9D14D4A039B2B
:1028F0009446059A02330393644493429FD1022382
:10290000069F3B803A4C484D01204042F9F748F879
:10291000464B1E78002E16D12B78002B01D000F0EC
:1029200018FF2378032B14D1129B1B78002B10D196
:1029300043461868CFF7B2F9012605E08020C002AF
:10294000FBF740FAACE400260A9B2A781B78002AA1
:1029500007D10A9B0B9A1B7812781A4301D100F019
:10296000E6FE022B01D100F0D2FEE5F725FD002E98
:1029700005D0CFF7A9FE43461868CFF799F92B7811
:10298000012B01D101332B700C9B21781878012386
:10299000089C227853402370254B1870254B1A70E1
:1029A00004290DD0244801F0FFFBFCF7AFFB002801
:1029B0000ED161B0F0BCBB46B246A946A046F0BD00
:1029C0000A9B1B78022BEDD000221C4B1A60E9E712
:1029D00080200003FBF7F6F9EBE7C046B52E032095
:1029E000C0A80000C030002034340020662F03202F
:1029F0001C2F0320B42E0320BB2E0320542E0320B3
:102A00003817012074C2031068B8031090C2031075
:102A1000380900005CC20310370900005830051067
:102A20005027012041D9FFFF292F0320BF2E03206B
:102A30001A2F03201B2F0320080B032068040320F8
:102A4000049B002B01D1FFF765FA0A9B1B78002B32
:102A500000D024E3DA4BDB4EDB4FDC4C09932378C8
:102A6000032B00D1B9E080220121D94D5200494207
:102A70002800D9F759F8D74B002199461800872329
:102A800087229C46D44BA2461970D44B1A70D44B63
:102A90009B46A0239B004B445C469846B3460600E9
:102AA0000022B35E3000002B14DB039604955A001D
:102AB000D2189200A2189178D6780025535F872902
:102AC00048D8872E01D96146D1701000002BEEDA6C
:102AD000039E049D0236B045E2D1012105235E46E6
:102AE000A346544638000B2249422370D9F71CF8FC
:102AF000BC4FBD4BA0221F609846A0239B00F81836
:102B0000BA4B002152009A461860D9F70DF80623F7
:102B1000B749B84A5B42791800248B52039704E006
:102B200000233B80B44B9C4216D0E6F7DFFA4346C5
:102B300003211F68D7F7ACFE3B5B01395B180234F9
:102B40001BB23F19002BEBDC1A000C32E9D10B232E
:102B50005B42E6E70380B9E7A02253465200944661
:102B60001B680C999C4401230C7860466340DBB2DF
:102B70001B1BE100091BDC00E41A0B015B1A0D9919
:102B80005B0288469D49434488462101091BA024D5
:102B9000A4014344A0469A4C49020022039F4144A9
:102BA000206004E0CC184133013210C0FF33A72A63
:102BB000F8DD08C001324133FF33C82AF7D10123C1
:102BC0000B9A1997137000228E4B1A700E9B099A5C
:102BD0001B6806931360FFF7A9F98B4B98460C9B73
:102BE0001D7843461868CFF759F80020F8F724FFFE
:102BF000EA00521B13019B1A804A5B0294460D9A0D
:102C000063449446099D63442B60CFF75DFD4346C2
:102C10001868CFF74DF80E9B1B682B6023E7042341
:102C200066E5794B18689846CFF738F80120F8F731
:102C300003FF724B9C460D9B64449C46604B64446E
:102C400009931C60CFF740FD43461868CFF730F872
:102C50000E9B5C4E1B6806939DE46C4B00241C5F2E
:102C6000002C4AD1574E684BC82718689846CFF7B2
:102C700015F8FBF711F801220C9B51491B780991BB
:102C80005340DBB2DA00D21A13019B1A5B4A5B0293
:102C900094460D9A6344944663440B60CFF714FD49
:102CA00043461868A8235A4C5A4D23702F70CEF70C
:102CB000FFFF002323700E9B2F701B6806936AE4AE
:102CC000554B1868CFF778FD0400002C15D13D4E08
:102CD0000A9B1B78012B00D058E4C4E74F4B1B78AC
:102CE000002B00D1F5E0012B00D1EAE0022B00D14E
:102CF000CDE1334B334E09934DE40123002242A929
:102D00002000FCF79FFE8021A022429F4900BB7853
:102D100052001B020B4079780B43F978934200D0A4
:102D2000B7E0C82900D0B4E0449B20009946439BFB
:102D300049461C000393FBF799FF2300A022A446F9
:102D4000BB46824644461F009200624404923A8881
:102D5000130AFF2B00D191E05B4604201B784599B4
:102D6000184200D184E0891822AD28005944FBF7AD
:102D700047F8C52216AB9B181B787F2B00D89AE02A
:102D8000A823A0461C0003E0013CC6B2002C11D0D1
:102D90002A0051464846FCF79DF8FF28F4D9FF2346
:102DA0000340062B00D974E103383618013CF6B213
:102DB000002CEDD1A0239B0144469846A04437E067
:102DC000C0300020B52E0320381701201C2F03200F
:102DD00050260120F8EC0020B82E0320B72E032047
:102DE00034340020F4DC0020D42A0320D02A03202D
:102DF0004057FFFFC0A800007E02000000D8FFFF80
:102E0000CC2A0320662F032098230320AC2E032016
:102E1000652F032015230020FC040320EB2E032044
:102E200023004133C6B2FF332670434514D01C0043
:102E30002A0051464846FCF74DF8FF28F0D9FF23F9
:102E40000340062B31D82300033836184133F6B23D
:102E5000FF3326704345EAD1B14B02379C46049BB1
:102E60006444BB4200D072E70A9BAE4E1B7831E748
:102E700022AD28005944FAF7C9FF7AE7C6211A4063
:102E800016AB5B181B88934209D9039B5200D25A98
:102E900062E7A54AA548A64BA649D6F7EBFAA24A8F
:102EA000A248A54BA549D6F7E5FA9F4A9F48A44BEF
:102EB000A449D6F7DFFA9C4A9C48A34BA349D6F70E
:102EC000D9FAE2F7FDF8002857D0CFF775FC0400D7
:102ED000FBE69F4B1868CFF76FFC011EC4D0914EE4
:102EE0003278002A00D1CCE09A4B9B4F18683B788F
:102EF000994200D1BAE0012A36D07B78994200D1BC
:102F00009EE00023022A2FD0BC78A14200D1A2E08B
:102F1000032A26D0FC78A14200D186E0042A20D0E2
:102F20003C79A14277D0052A1BD07C79A14268D098
:102F3000062A16D0BC79A14259D0072A11D0FC79B3
:102F4000A1424AD0082A0CD03C7AA1423BD0092A9F
:102F500007D07C7AA14215D00A2A02D0BA7A9142CF
:102F600017D01800031E16D17C4B002000229B5E58
:102F7000C91AFCF721F903000DE07948CFF71CFCD2
:102F80000400A2E6774BC3180A2A04DDBA7A8A4203
:102F900001D1754BC318A027A8203F259C46444665
:102FA0007F002B0000220340290011408901614469
:102FB000C95CA1540132BA42F6D141340130FF3428
:102FC000C828EED184E6694BC318092AE3DD7C7A70
:102FD000A142D7D00A2AC1D1DDE7654BC318082A20
:102FE000D9DD3C7AA142EED0092AB2D1D3E7614BB8
:102FF000C318072ACFDDFC79A142EED0082AA3D15D
:10300000C9E75D4BC318062AC5DDBC79A142EED0E5
:10301000072A94D1BFE7594BC318052ABBDD7C7939
:10302000A142EED0062A85D1B5E7554BC318042A34
:10303000B1DD3C79A142EED0052A00D075E7AAE7C0
:10304000504BC318022AA6DDBC78A14203D0032A44
:1030500000D05FE79FE74C4BC318032A9BDDFC7849
:10306000A142E2D0042A00D05AE794E7012A00D115
:1030700078E77B789942E3D0022A00D172E7030017
:1030800042E7424A2948424B4249D6F7F3F94248BF
:103090001BE7254A25482A4B4049D6F7EBF9012280
:1030A0000C996A40D2B20A70D100891A0A01521AE8
:1030B0000D9952028D180E9A1560394A09921560C1
:1030C000022B00D152E1032B00D142E1012B00D0B1
:1030D000FFE0344B00241C5F002C00D088E0114E30
:1030E0001D4F314B98461868CEF7D8FDFAF7D4FD3E
:1030F000CFF7EAFA434618680023984642462B4C1D
:103100002B4D883323702A70CEF7D2FD43462B70A7
:10311000C83323700E9B099A1B68264C13609EE4EB
:1031200041D9FFFFB52E0320A4BE031068B80310D9
:103130008CBE031051090000D4BE031063090000C7
:10314000F0BE0310880900004C4903106D0900000F
:10315000D83E0120F4EC0020381701206E2E032009
:10316000A4BF03100070FFFF0060FFFF0080FFFF9F
:103170000090FFFF00A0FFFF00B0FFFF00C0FFFFB7
:1031800000D0FFFF00F0FFFF00E0FFFF08BF0310CB
:10319000D0BC0310D5090000ACBF03107E090000AD
:1031A000C0300020AC2E03209823032015230020DC
:1031B000652F03201C2F0320032B01D0FFF7A2FB58
:1031C0000B9B1B78002B01D0FFF79CFBD04C237886
:1031D000002B00D19BE0CF4B1868CFF7EDFA002809
:1031E00000D18EE0FEF768FCCB4CCC4DFFF78CFB9A
:1031F0000123002236A92000FCF724FC8021A02214
:10320000369E4900B37852001B020B4071780B4385
:10321000F178934200D03CE6C82900D039E6389BCB
:1032200020009A46379B51469B46FBF71FFDFF2324
:103230004C465F46B14698468233FF335B44039069
:1032400005933A88130AFF2B4ED04B4604201B7877
:103250003999184242D089181AAE30004944FAF719
:10326000CFFD952216AB9B181B787F2B00D822E64A
:10327000AA231B029C46AC446346049308E0C4B2F4
:103280002B00049A4133FF332C70934210D01D0061
:10329000320050460399FBF71DFEFF28EFD9434645
:1032A0000340062B00D900E603382418E4B2E7E710
:1032B0009B4B02379C46059B6544BB42C1D10A9B90
:1032C000984E1B78984F012B00D10AE7924CFFF7DC
:1032D000C6FB944E944F904CFFF7C1FB1AAE3000E2
:1032E0004944FAF793FDBCE7434696211A4016ABD2
:1032F0005B181B88934200D8D1E55B465200D25A36
:10330000A3E78A4A8A488B4B8B49D6F7B3F84346E2
:1033100018680C9B1D78CEF7C1FC0020F8F78CFBD9
:10332000EA00521B13019B1A844A5B0294460D9AD1
:1033300063449446099D63442B60CFF7C5F9434627
:103340001868CEF7B5FC0E9B1B682B600123237019
:1033500041E7704B1868CFF72FFA0400002C00D01B
:1033600046E7704E704F0A9B1B78ACE7744B1B7896
:10337000002B01D100F0E4FC012B01D100F0D4FCC2
:10338000022BA6D16F48CFF717FA0400E6E76C4B83
:103390001B78012B0DD000226B4B5F4C5F4D1A60E8
:1033A000FFF7B2FA5D4D2B78002B22D15A4CFFF774
:1033B000ABFAE1F785FE0028EDD10B9B1B78002BC3
:1033C000E9D1A024E1F72AFE604E640033880500AD
:1033D000241AA34201DD109B33803388A34226DBED
:1033E0000022594B1A60E1F731FE4B4C4B4DFFF771
:1033F0008BFA43461868CEF751FC0B9B1B78002BC9
:1034000001D0FEF78DFFFEF789FF012B2AD00023A4
:10341000424D013323702B78002BEAD10B9B1B7894
:10342000002B01D1FEF77AFF3B4CFFF76DFAC8275E
:103430000C9B454A1B7846487B435B44136091468E
:10344000CFF7BAF9A0235B009C4207D04B46013D61
:1034500000953A0000211B68FCF71EFD33880133FC
:103460003380C0E73B4A07920025555F002DCFD03F
:103470000C9AD13312781B0253430D9A4EA9D618D9
:10348000280001230022FCF7DDFA8021A0224E9FB4
:103490004900BB7852001B020B4079780B43F97846
:1034A000934200D0F5E4C82900D0F2E44F9B509934
:1034B00028009B460391FBF7D9FBA0239B005B44AC
:1034C00005933B00FF255F46A246994604903A8843
:1034D000130AFF2B00D1F9E04B4604201B785199C9
:1034E000184200D1ECE089182AAC20004944FAF7D0
:1034F00087FCF52216AB9B181B787F2B00D8DAE4EB
:10350000D2231B029C46B4446346069325E0C04682
:10351000BA2E0320FC0403201C2F0320292F032094
:103520004157FFFFB52E03203817012018C20310A2
:1035300068B80310B0C203103B0B000000D8FFFFB7
:10354000EB2E0320ACBF0310680403205E2E032083
:10355000A8C20310AC2E03201E0022000499039879
:10356000FBF7B8FCFF2808D92B000340062B00D935
:103570009BE4119B03389C466044C3B211933370A3
:103580003300069A4133FF339342E5D1DC4B0237D7
:103590009C46059B66449F4299D1079BD2220025F9
:1035A0005D5F01230C9912020978280059404A43B3
:1035B000AA2109028C460D9962448E18002248A95E
:1035C000FCF740FA8021A022489F4900BB7854466E
:1035D0001B020B40797852000B43F978934200D0DC
:1035E00057E4C82900D054E4499B4A9928009B46D7
:1035F0000391FBF73BFBFF239A468233FF335B4487
:10360000069323005C46994604902288130AFF2BF8
:103610006FD004203B784B99184264D0891826ADAE
:1036200028007918FAF7ECFBDD2216AB9B181B7803
:103630007F2B00D83FE4A82305932A000499039820
:10364000FBF748FCFF2808D953460340062B00D956
:103650001FE50F9B03389C466044C3B20F93059B44
:10366000013B0593002BE8D1A0239B019C46B44469
:103670006346059300E01E002A0004990398FBF7B7
:1036800029FCFF2809D953460340062B01D9FFF72F
:103690000CFC0F9B03389C466044C3B20F933370FD
:1036A0003300059A4133FF339342E4D1954B023402
:1036B0009C46069B6644A342A7D14C462378A7E6C6
:1036C0002AAC20004944FAF7A1FB12E7F62116AB19
:1036D0005B181B882A40934201D8FFF7E0FB5B464A
:1036E0005200D25AF8E626AD28007918FAF78EFB78
:1036F0009AE75346DE211A4016AB5B181B889342AB
:1037000001D8FFF7CCFB5B465200D25A81E77E4BD3
:103710001B78022B01D0FFF728F90B9B1B78002B9D
:1037200001D0FFF722F9E1F76BFCFFF71EF9774BA9
:103730001B68002B01D1FFF718F9129B1B78002B97
:1037400001D0FFF712F9E3F79DFF0A9B1B78FFF703
:1037500008F90A9B1B78022B03D0E4F72DFEFFF734
:103760000EF9694B1B78022BF7D1D6E732AD280052
:103770004944FAF74BFBFFF777F893211A404900C9
:1037800016AB5B181B88934201D8FFF788FB049B9C
:103790005200D25AFFF75AF8F8F7A0FDFEF7F1FFF2
:1037A0000120042110705A4C5A4A21701360FEF710
:1037B000E2FFAA2109028C46069A62449046022B37
:1037C00000D1EAE0032B00D1D9E0012B00D1B8E011
:1037D000514E0E9B1B680693FEF777FF0C9A4C4CDC
:1037E000127804332370D3009B1A1D01ED1A0D9B30
:1037F00000229C4654A901236D026544FCF722F97E
:10380000549B802199469B7849001B020B404946F6
:103810004978A0220B4349465200C978934201D00F
:10382000FFF737FBC82901D0FFF733FB569B300069
:103830009A46559B51461E000593FBF717FAA022A6
:10384000B44643468346A046920062440797149FBD
:10385000039604920693039B1A88130AFF2B5FD0EA
:103860004B4604201B785799184242D089182EAE37
:1038700030004944FAF7C4FA0E2216ABFF329B1807
:103880001B787F2B01D8FFF716FBD2231B02EC1805
:1038900007E02B004133C7B2FF332F709C4216D094
:1038A0001D00320059465046FBF714FBFF28F0D9A3
:1038B000FF230340062B01D9FFF7F7FA2B0003384B
:1038C0003F184133FFB2FF332F709C42E8D10C4ABE
:1038D000039B9446049A0233039365449342BAD1FE
:1038E000069B444698460123079F0C4D3B80FFF7FB
:1038F0000BF82EAE30004944FAF788FABCE7C04610
:10390000412FFFFF41D9FFFFEB2E0320ECE5022002
:103910001C2F032050270120B52E0320292F032020
:1039200087211A40490016AB5B181B88934201D8C7
:10393000FFF7B5FA059B5200D25A91E7D04FFEF738
:1039400036FFD04B00241C5F002C37D1CE4ECF4B1E
:1039500098461868CEF7A2F9FAF79EF9CEF7B4FEAA
:10396000434688221868A823C94FCA4C3A7023706E
:10397000CEF79EF900233B70C833237029E7C64B6E
:103980001868CEF719FF0400002C17D1BE4E0A9B11
:103990001B78012B00D01CE7D9E7C04B1B78002B0C
:1039A00000D1B7E0012B00D1AAE0022B01D0FEF735
:1039B0008BFEBB48CEF700FF0400E5E701230022A1
:1039C0003CA92000FCF73EF88021A0223C9F490042
:1039D000BB7852001B020B4079780B43F978934275
:1039E00001D0FFF756FAC82901D0FFF752FA3E9BE3
:1039F00020009B463D9B59461C000593FBF736F97A
:103A0000A022A44646460494B8465446AA469200CC
:103A1000624403900692049B1A88130AFF2B62D01B
:103A2000434604201B783F99184256D089181EAD92
:103A300028004144FAF7E4F9AD2216AB9B181B7835
:103A40007F2B01D8FFF737FA882703E0013FC4B284
:103A5000002F12D02A0058460399FBF73BFAFF28A3
:103A6000F4D9FF230340062B01D9FFF712FB0338DB
:103A70002418013FE4B2002FECD1A0239B01F718DA
:103A800007E033004133C4B2FF333470BB4216D079
:103A90001E002A0058460399FBF71CFAFF28F0D9AC
:103AA000FF230340062B01D9FFF7FFF9330003384A
:103AB00024184133E4B2FF333470BB42E8D1794A71
:103AC000049B9446069A0233049366449342A2D11F
:103AD00055460A9B6C4E1B785BE71EAD280041449F
:103AE000FAF794F9A8E7AE211A4016AB5B181B88C9
:103AF000934201D8FFF7D3F9059B5200D25A8FE7C2
:103B0000E1F7DEFA002800D054E76748CEF754FE0C
:103B1000040039E7654B1868CEF74EFE0028D8D070
:103B2000594E3278002A01D1FFF7ABFA604B614F52
:103B300019683B78834259D00023012A5DD07C78F4
:103B4000A0424ED0022A32D0BC78A04200D1E5E09B
:103B5000032A2CD0FC78A04200D1D9E0042A26D038
:103B60003C79A04200D1CDE0052A20D07C79A0424A
:103B700000D1C1E0062A1AD0BC79A04200D1B5E03C
:103B8000072A14D0FC79A04200D1A9E0082A0ED05F
:103B90003C7AA04200D19DE0092A08D07C7AA0425C
:103BA00000D191E00A2A02D0BA7A904222D0002BAA
:103BB00023D0A0246200924608203F27002239002B
:103BC0004446114089015918095CA15401325245FB
:103BD000F5D1A022520094460130E0442828EDD1CE
:103BE000D5E6354BCB18022AAED1E2E70B00012A0D
:103BF000A5D1DCE7314BCB18DBE7314B0021595E17
:103C0000411A0020FBF7D8FA0300D2E71F4BA82582
:103C100098461868CEF742F8E1F788FACEF754FDD7
:103C200043461C4C18682570CEF742F801220C9EC2
:103C30000D9F33785340DBB2DA00D21A13019B1A7E
:103C4000204A5B0294466344BC46099A634413606D
:103C5000CEF73AFDC823237043460D4C18682570F3
:103C6000CEF726F80023BC4623703378DA00D21A48
:103C700013019B1A5B02099A63441360FEF71AFB57
:103C8000542E0320AC2E0320B52E032098230320AE
:103C9000652F032015230020FC040320EB2E0320B6
:103CA000ACBF031041D9FFFFA4BF0310D83E0120D1
:103CB000F4EC00203817012000F0FFFF0060FFFF48
:103CC0006E2E032000D8FFFF8A4BCB180A2A00D0A3
:103CD0006AE76EE7884BCB18092A00D05EE768E7F1
:103CE000864BCB18082A00D052E762E7844BCB18EA
:103CF000072A00D046E75CE7824BCB18062A00D0A3
:103D00003AE756E7804BCB18052A00D02EE750E75C
:103D10007E4BCB18042A00D022E74AE77C4BCB1815
:103D2000032A00D016E744E7E1F7CAF9002801D0DA
:103D3000FFF729FB7748CEF73FFD0400FFF70EFBA6
:103D4000754B1868CEF738FD002801D1FFF7B7FA98
:103D5000724E3278002A01D1FFF793F9704B714F00
:103D600019683B78984260D00023012A54D07C78AF
:103D7000A0424CD0022A2FD0BC78A04200D1B3E0A0
:103D8000032A29D0FC78A04200D1A7E0042A23D03E
:103D90003C79A04200D19BE0052A1DD07C79A0424D
:103DA00000D18FE0062A17D0BC79A04200D183E071
:103DB000072A11D0FC79A04279D0082A0CD03C7A8D
:103DC000A0426FD0092A07D07C7A844265D00A2AA3
:103DD00002D0BA7A90422CD0002B1DD0A0225200E3
:103DE00094463F220020904644460022044041462B
:103DF000114089015918095DA95401326245F6D173
:103E000041350130FF358828EED1FFF7ACFA464B3B
:103E1000CB18022AB0D1E1E7444B0021595E411A88
:103E20000020FBF7C9F90300D8E70B00012A9ED157
:103E3000D2E73F4BCB18D1E70B9B1B78002B01D06F
:103E4000FEF760FD3B4B1B78002B0FD13A4D002055
:103E500029784B425941C9B2F8F786FA0021032369
:103E6000364A374C11802370FEF74EFDDFF720FFF6
:103E7000ECE7344B069A09931A60334B334F9B4659
:103E8000334B264E9946334D1997FEF74FF8324A79
:103E90003248334B3349D5F7EDFA164BCB180A2A83
:103EA00097D19BE7144BCB18092A8DD196E7134B7A
:103EB000CB18082A83D191E7114BCB18072A00D0E1
:103EC00078E78BE70F4BCB18062A00D06CE785E725
:103ED0000D4BCB18052A00D060E77FE70B4BCB18C2
:103EE000042A00D054E779E7094BCB18032A00D005
:103EF00048E773E70070FFFF0080FFFF0090FFFFBF
:103F000000A0FFFF00B0FFFF00C0FFFF00D0FFFFD9
:103F100000E0FFFFA4BF0310D83E0120B52E032010
:103F2000F4EC00203817012000F0FFFF6E2E032074
:103F30000060FFFFC42E0320292F0320542E0320EE
:103F40001C2F0320C030002034340020F4DC00207B
:103F5000F8EC00205026012018C2031068B80310A6
:103F600000C20310360A000030B5032A1AD90B002C
:103F700003439B0711D0551E002303E05A1C9D42AA
:103F800013D01300C25CCC5CA242F7D0101B0DE032
:103F9000043A04300431032A04D904680B689C42B3
:103FA000F6D0E8E7551E002AE6D1002030BDC04615
:103FB000F0B588420AD98B18984207D2531E002ABE
:103FC00003D0CA5CC254013BFBD2F0BD05000F2AEE
:103FD0000AD8561E002AF8D00023CC5C1A00EC54F4
:103FE00001339642F9D1F0E703273E000D430C0060
:103FF00003002E402F422DD11500103D2D09AC4657
:104000002F013F1825681D6065685D60A5689D608B
:10401000E5681034DD601D001033BD42F2D1654605
:104020000F230C2401352D01491913404519144261
:1040300013D0043B9B0801339B008C59AC510436D0
:104040009E42FAD103231A40AD198919561E002A3F
:10405000C2D1BAE70500561EBEE71A00B9E7C0464E
:104060000B00034370B506009B070ED1032A0CD941
:10407000114D04E0043A043110C6032A05D90C6836
:104080000E4BE318A3432B42F4D03300002406E088
:104090000D5D013A355501330134002D02D0002A5F
:1040A000F6D170BD00219C18002AFAD01970013396
:1040B000A342FBD1F5E7C04680808080FFFEFEFE74
:1040C000024670B50A4392072AD11E4DEE0104C87C
:1040D00008C9541B9443344017D0D0B2D9B2401A07
:1040E0002106014310D190B299B2401A2104014334
:1040F0000AD110021902000A090A401A21020143DA
:1041000002D1100E190E401A70BD9A42DFD010BABB
:1041100019BA884201D9012070BD0020C04370BD8A
:1041200002780B7801300131002A09D09A4207D178
:1041300002780B7801300131002A01D09A42EFD089
:10414000D01A70BD0101010110B583070AD0030028
:10415000032102E001330B4205D01A78002AF9D17D
:10416000181A10BD030019680C4A0D4C8A188A43AE
:1041700022420FD15968094A04338A188A432242DD
:1041800008D15968054A04338A188A432242F1D07B
:1041900000E001331A78002AFBD1E1E7FFFEFEFEC2
:1041A00080808080F8B5C04601B40248844601BCD6
:1041B000604700BF030A002001B40248844601BCE6
:1041C000604700BF210C002001B40248844601BCB6
:1041D000604700BF710B002001B40248844601BC57
:1041E000604700BF2121002001B40248844601BC81
:1041F000604700BF3520002001B40248844601BC5E
:10420000604700BFD104002001B40248844601BCCD
:10421000604700BF911F002001B40248844601BCE2
:10422000604700BFF902002001B40248844601BC87
:10423000604700BF2121002001B40248844601BC30
:10424000604700BF4B09002001B40248844601BC0E
:10425000604700BF4D0A002001B40248844601BCFB
:10426000604700BF550B002001B40248844601BCE2
:10427000604700BFF91F002001B40248844601BC1A
:10428000604700BF3D12002001B40248844601BCD3
:10429000604700BFC100002001B40248844601BC51
:1042A000604700BFC10F002001B40248844601BC32
:1042B000604700BF6D01002001B40248844601BC84
:1042C000604700BFA51E002001B40248844601BC1F
:1042D000604700BF210B002001B40248844601BCA6
:1042E000604700BF6511002001B40248844601BC4C
:1042F000604700BF6D07002001B40248844601BC3E
:10430000604700BF0111002001B40248844601BC8F
:10431000604700BF0D11002001B40248844601BC73
:10432000604700BFE909002001B40248844601BC8F
:10433000604700BF4509002001B40248844601BC23
:10434000604700BF950F002001B40248844601BCBD
:08435000604700BFF90C0020DA
:1043580062692D3E62697473203C2032340000008B
:104368002F55736572732F7A6170702F6465762F7D
:10437800646333325F6E6962626C65722F72703289
:104388003034302D646F6F6D2F7372632F74696EC4
:10439800795F687566662E68000000006E3C3D33E4
:1043A800320000006C656E677468203E203020265D
:1043B80026206C656E677468203C3D206D61785FCF
:1043C800636F64655F6C656E677468002F5573650D
:1043D80072732F7A6170702F6465762F646333323D
:1043E8005F6E6962626C65722F7270323034302D84
:1043F800646F6F6D2F7372632F74696E795F687560
:1044080066662E6300000000636F756E74202A20B4
:1044180032202B2031203C20746D705F6275665FFE
:1044280073697A65000000006275666665725F737D
:10443800697A65203E3D2074685F6465636F6465D2
:10444800725F73697A6528636F756E742C206D616D
:10445800785F636C29000000636F756E74203C20E0
:10446800746D705F6275665F73697A65000000003D
:104478002F55736572732F7A6170702F6465762F6C
:10448800646333325F6E6962626C65722F72703278
:104498003034302D646F6F6D2F7372632F6D7573A9
:1044A800785F6465636F6465722E63006465636F2B
:1044B8006465725B305D203E203100006C656E677C
:1044C8007468203C3D203800636F6465203C20649C
:1044D80065636F6465725B54485F4944585F434540
:1044E800494C494E47202B20322A6C656E67746808
:1044F8002D315D006C656E677468203C206D6178B5
:104508005F636F64655F6C656E67746800000000C8
:104518006D696E5F636C203C206D61785F636C0031
:104528002F55736572732F7A6170702F6465762FBB
:10453800646333325F6E6962626C65722F727032C7
:104548003034302D646F6F6D2F7372632F696D6116
:1045580067655F6465636F6465722E6300000000C1
:10456800636F756E74202A2033202B2032203C2064
:10457800746D705F6275665F73697A65000000002C
:10458800706F73203C20627566666572202B20620E
:1045980075666665725F73697A650000446F6F6D52
:1045A80020494900706C75746F6E69612E7761647B
:1045B8000000000046696E616C20446F6F6D3A2000
:1045C800506C75746F6E6961204578706572696D9D
:1045D800656E7400746E742E7761640046696E614E
:1045E8006C20446F6F6D3A20544E543A20457669DA
:1045F8006C7574696F6E0000646F6F6D2E776164FF
:1046080000000000446F6F6D00000000446F6F6D84
:10461800205368617265776172650000667265652E
:10462800646D2E776164000046726565444D000034
:1046380066726565646F6F6D322E77616400000085
:1046480046726565646F6F6D3A20506861736520C6
:104658003200000066726565646F6F6D312E776198
:104668006400000046726565646F6F6D3A2050689B
:1046780061736520310000005761726E696E673A98
:104688002057414420636F6E7461696E73206465BE
:104698006D6F20776974682061206E6F6E2D76616A
:1046A8006E696C6C6120657874656E73696F6E20D5
:1046B800282573290A0000005761726E696E673AEF
:1046C80020506C6179696E67206261636B2061209C
:1046D80064656D6F2066696C652077697468206110
:1046E800206E6F6E2D76616E696C6C6120657874D2
:1046F800656E73696F6E20282573292E20557365A2
:10470800202D73747269637464656D6F7320746FA0
:104718002064697361626C652074686973206578C8
:1047280074656E73696F6E2E0A000000642D3E6317
:1047380068616E6E656C5F6E6F74655F66726565E5
:10474800203E3D20300000002F55736572732F7A8C
:104758006170702F6465762F646333325F6E6962AF
:10476800626C65722F7270323034302D646F6F6DE9
:104778002F7372632F6D7573785F6465636F6465FB
:10478800722E6800642D3E6368616E6E656C5F6EA4
:104798006F74655F686561645B6368616E6E656CA4
:1047A8005D3D3D2D31000000642D3E6368616E6EF5
:1047B800656C5F6E6F74655F7461696C5B6368617B
:1047C8006E6E656C5D3D3D2D31000000646973744B
:1047D800203C20642D3E6368616E6E656C5F6E6F71
:1047E80074655F636F756E745B6368616E6E656C2C
:1047F8005D00000066726565645F696E64657820B7
:104808003E3D203000000000642D3E6368616E6EFE
:10481800656C5F6E6F74655F686561645B63686132
:104828006E6E656C5D3E3D3000000000642D3E6399
:1048380068616E6E656C5F6E6F74655F7461696CDC
:104848005B6368616E6E656C5D3E3D300000000024
:10485800707265765F696E646578203E3D20300031
:104868006465636F6465725B305D00004D55535835
:10487800000000004D5553585F4C6F61645241571A
:104888002044617461207761736E277420636F6DB3
:1048980070726573736564204D5553582E0000007F
:1048A80066696C652D3E747261636B735B305D2E57
:1048B8006275666665725F73697A65203D3D206C36
:1048C800656E202D203800002F55736572732F7A7E
:1048D8006170702F6465762F646333325F6E69622E
:1048E800626C65722F7270323034302D646F6F6D68
:1048F8002F7372632F6D69646966696C652E630036
:10490800636F6E74726F6C6C6572203E3D2031204F
:10491800262620636F6E74726F6C6C6572203C3D46
:1049280020390000642D3E6368616E6E656C5F6EB1
:104938006F74655F636F756E745B6368616E6E65D7
:104948006C5D000066616C736500000074726163E1
:104958006B203C206D69646966696C655F6E756D76
:10496800747261636B732866696C652900000000C6
:104978006B65795F6D756C74695F6D7367706C6179
:104988007965722569000000706174636800000031
:104998002F55736572732F7A6170702F6465762F47
:1049A800646333325F6E6962626C65722F72703253
:1049B8003034302D646F6F6D2F7372632F765F768E
:1049C8006964656F2E6300007670617463685F6860
:1049D80061735F7368617265645F70616C6574743C
:1049E800652870617463682900000000767061743E
:1049F80063685F636F6C6F72636F756E7428706144
:104A080074636829000000007670617463685F73DE
:104A180068617265645F70616C6574746528706143
:104A280074636829203C204E554D5F5348415245D8
:104A3800445F50414C4554544553000070203C3D60
:104A48002077000070203C3D2070656E64000000F7
:104A580074797065203D3D207670385F72756E738D
:104A68005F636C6970706564207C7C207479706504
:104A7800203D3D207670345F736F6C69645F636CB2
:104A880069707065640000007670617463686C69B1
:104A98007374000020636F756C646E2774206F70E8
:104AA800656E2025730A00004E6F20574844206128
:104AB800742025700A0000003C686572653E00009D
:104AC80057484420617420307831303036303030E7
:104AD80030000000763E3D307832303030303030B3
:104AE800342026262076203C3D2030783230303461
:104AF8003030303020262620212876263329000021
:104B08002F55736572732F7A6170702F6465762FD5
:104B1800646333325F6E6962626C65722F727032E1
:104B28003034302D646F6F6D2F7372632F646F6F25
:104B38006D747970652E680073697A65203C20363B
:104B4800353533362A3400002F55736572732F7A42
:104B58006170702F6465762F646333325F6E6962AB
:104B6800626C65722F7270323034302D646F6F6DE5
:104B78002F7372632F7A5F7A6F6E652E6300000061
:104B88006F7574206F66206D656D6F727900000017
:104B9800746167203C2050555F50555247454C453D
:104BA80056454C0073697A65202D2073697A656FC4
:104BB80066286D656D626C6F636B5F7429203E3D7E
:104BC80020340000766F6C756D65203C20323536D8
:104BD800000000002F55736572732F7A6170702F73
:104BE8006465762F646333325F6E6962626C6572E6
:104BF8002F7270323034302D646F6F6D2F73726383
:104C08002F695F6F706C6D757369632E63000000A8
:104C180067656E6D6964690053797374656D2063A7
:104C28006C6F636B206F66202575206B487A206354
:104C3800616E6E6F742062652065786163746C794B
:104C48002061636869657665640000004932532015
:104C580044494E7C4932532042434B7C49325320CD
:104C68004C52434B000000007A6F6E65206D656DF5
:104C78006F72793A2025702C20257820616C6C6F32
:104C8800636174656420666F72207A6F6E650A00CE
:104C980020414E4421584F522044433332204E691C
:104CA80062626C6572206973206672656520736F35
:104CB8006674776172652C20636F7665726564200F
:104CC80062792074686520474E552047656E657285
:104CD800616C205075626C69630A204C6963656E6B
:104CE80073652E20205468657265206973204E4FC5
:104CF8002077617272616E74793B206E6F742065E3
:104D080076656E20666F72204D45524348414E5479
:104D18004142494C495459206F72204649544E45E6
:104D280053530A20464F5220412050415254494380
:104D3800554C415220505552504F53452E20596FD3
:104D480075206172652077656C636F6D6520746F7F
:104D5800206368616E676520616E6420646973749E
:104D68007269627574650A20636F7069657320756E
:104D78006E646572206365727461696E20636F6E1C
:104D8800646974696F6E732E205365652074686555
:104D980020736F7572636520666F72206D6F726520
:104DA80020696E666F726D6174696F6E2E00000007
:104DB800444F4F4D2E45584500000000434C5300CA
:104DC80043440000413A5C00496E76616C69642096
:104DD8006469726563746F72790000004449520017
:104DE8004469726563746F7279206F6620413A5C1A
:104DF8000000000031312F30322F31393934202072
:104E080030313A323020414D2020202020202020EF
:104E18002020202020202020202020444F4F4D2ECD
:104E28004558450031312F30322F3139393420205F
:104E380030373A303320504D2020202020202020A9
:104E48002020202020202020202020257300000062
:104E580031322F31312F32303231202030343A3252
:104E68003120504D202020202020202020202020CC
:104E78002020202020202025642E445347000000B5
:104E8800202020202020202025642046696C6528C9
:104E980073292020202020202020202020202020AE
:104EA8002020627974657300202020202020202093
:104EB80030204469722873292020202020202020B7
:104EC800202020202020202020627974657320660D
:104ED8007265650042616420636F6D6D616E642068
:104EE8006F722066696C65206E616D650000000058
:104EF80041073A075C07000021286765745F636F04
:104F080072655F6E756D2829202626206469736195
:104F18006C6C6F775F636F7265315F6D616C6C6F1E
:104F2800632900002F55736572732F7A6170702F93
:104F38006465762F646333325F6E6962626C657292
:104F48002F7270323034302D646F6F6D2F7372632F
:104F58002F7069636F2F695F73797374656D2E6342
:104F680000000000636861696E5F746F203C3D203B
:104F78004E554D5F444D415F4348414E4E454C535D
:104F8800000000002F55736572732F7A6170702FBF
:104F98006465762F646333325F6E6962626C657232
:104FA8002F7069636F2D73646B2F7372632F727028
:104FB800325F636F6D6D6F6E2F68617264776172B7
:104FC800655F646D612F696E636C7564652F6861D8
:104FD8007264776172652F646D612E68000000004D
:104FE80064726571203C3D20445245515F464F52E2
:104FF800434500006C656E203C20636F756E745FDE
:105008006F66286C617267655F6275666665725F58
:10501800313629002F55736572732F7A6170702F9E
:105028006465762F646333325F6E6962626C6572A1
:105038002F7270323034302D646F6F6D2F7372633E
:105048002F7069636F2F7069636F6E65742E6300CC
:1050580075735F73696E63655F626F6F74203C3D43
:1050680020494E5436345F4D415800002F55736522
:1050780072732F7A6170702F6465762F6463333290
:105088005F6E6962626C65722F7069636F2D7364FD
:105098006B2F7372632F636F6D6D6F6E2F70696303
:1050A8006F5F626173652F696E636C7564652F70DD
:1050B80069636F2F74797065732E680049324320D5
:1050C8006D756C74692D706C6179657200000000F3
:1050D800776970655F796F666673657473202626D5
:1050E80020776970655F6C696E656C6F6F6B757042
:1050F800000000002F55736572732F7A6170702F4E
:105108006465762F646333325F6E6962626C6572C0
:105118002F7270323034302D646F6F6D2F7372635D
:105128002F7069636F2F695F766964656F2E6300FE
:105138007370203C204E554D5F5348415245445FA3
:1051480050414C4554544553000000006469737045
:105158006C61795F7370695F6D61737465725F69A3
:105168006E697428292053657474696E6720757098
:1051780020444D4100000000646973706C61795FE0
:105188007370695F6D61737465725F696E697428A5
:1051980029205573696E6720444D41206368616E0C
:1051A8006E656C3A2025640A00000000646973701B
:1051B8006C61795F7370695F6D61737465725F6943
:1051C8006E697428292053657474696E6720757038
:1051D800205350492064726571000000693C5049B1
:1051E800434F5F5343414E564944454F5F534341F4
:1051F8004E4C494E455F4255464645525F434F55D2
:105208004E540000746578745F6461746100000036
:105218006F7665726C6179735B695D2E656E747209
:10522800792E79203C20636F756E745F6F662876DF
:1052380070617463686C697374732D3E7670617401
:1052480063685F737461727465727329000000008B
:10525800504C415950414C007670617463685F74DA
:1052680079706528737462617229203D3D207670DB
:10527800345F736F6C6964007670617463685F6330
:105288006F6C6F72636F756E7428706174636829D0
:10529800203C3D20313600006E65775F7769706588
:1052A8005F6D696E203E3D20776970655F6D696E40
:1052B800000000006275666665722D3E6461746167
:1052C800203C20746578745F7363616E6C696E65E9
:1052D8005F6275666665725F7374617274207C7C48
:1052E800206275666665722D3E64617461203E3D7C
:1052F80020746578745F7363616E6C696E655F6254
:1053080075666665725F7374617274202B205445EC
:1053180058545F5343414E4C494E455F42554646AB
:1053280045525F544F54414C5F574F52445300000D
:105338007363616E6C696E65203C20636F756E7473
:105348005F6F66287670617463686C697374732D17
:105358003E7670617463685F7374617274657273AA
:10536800290000007072657620213D2076700000CB
:105378007670617463686C697374732D3E767061BE
:105388007463685F6E6578745B707265765D202102
:105398003D2076700000000073697A65203E3D5418
:1053A8004558545F5343414E4C494E455F4255461C
:1053B8004645525F544F54414C5F574F5244532017
:1053C8002A2034202B2038302A32352A32202B202C
:1053D8003430393600000000647325730000000083
:1053E8006368616E6E656C2D3E6465636F6D707287
:1053F80065737365645F73697A6520262620636820
:10540800616E6E656C2D3E6465636F6D7072657359
:105418007365645F73697A65203C3D2073697A65BA
:105428006F66286368616E6E656C2D3E6465636F98
:105438006D70726573736564290000002F5573657C
:1054480072732F7A6170702F6465762F64633332BC
:105458005F6E6962626C65722F7270323034302D03
:10546800646F6F6D2F7372632F7069636F2F695F3D
:105478007069636F736F756E642E63002169735F63
:105488006368616E6E656C5F706C6179696E6728C0
:105498006368616E6E656C2900000000636F6E6E54
:1054A8006563745F696E7465726E616C5F666C616A
:1054B800736820262620666C6173685F6578697456
:1054C8005F78697020262620666C6173685F726158
:1054D8006E67655F70726F6772616D202626206641
:1054E8006C6173685F666C7573685F636163686538
:1054F800000000002F55736572732F7A6170702F4A
:105508006465762F646333325F6E6962626C6572BC
:105518002F7270323034302D646F6F6D2F73726359
:105528002F7069636F2F7069636F666C6173682E83
:10553800630000007364615F74785F686F6C645F18
:10554800636F756E74203C3D206C636E74202D2053
:10555800320000002F55736572732F7A6170702FB7
:105568006465762F646333325F6E6962626C65725C
:105578002F7069636F2D73646B2F7372632F727052
:10558800325F636F6D6D6F6E2F68617264776172E1
:10559800655F6932632F6932632E63006C6F636BDA
:1055A8005F6E756D203C204E554D5F5350494E5FE0
:1055B8004C4F434B530000002F55736572732F7A7D
:1055C8006170702F6465762F646333325F6E696231
:1055D800626C65722F7069636F2D73646B2F7372C1
:1055E800632F7270325F636F6D6D6F6E2F686172BB
:1055F80064776172655F73796E632F73796E632E5A
:10560800630000004E6F207370696E6C6F636B737C
:105618002061726520617661696C61626C65000069
:105628006964202626206964203C3D20706F6F6CD9
:105638002D3E686561702D3E6D61785F6E6F6465A3
:10564800730000002F55736572732F7A6170702F85
:105658006465762F646333325F6E6962626C65726B
:105668002F7069636F2D73646B2F7372632F636F71
:105678006D6D6F6E2F7069636F5F74696D652F74E0
:10568800696D652E63000000696420262620696420
:10569800203C3D20686561702D3E6D61785F6E6FBE
:1056A800646573002F55736572732F7A6170702F5C
:1056B8006465762F646333325F6E6962626C65720B
:1056C8002F7069636F2D73646B2F7372632F636F11
:1056D8006D6D6F6E2F7069636F5F7574696C2F697C
:1056E8006E636C7564652F7069636F2F7574696C70
:1056F8002F70686561702E68000000007061726527
:105708006E745F69640000006368696C645F696453
:1057180000000000706172656E745F696420213D4D
:10572800206368696C645F69640000006964000054
:105738006964202626202170685F636F6E74616932
:105748006E735F6E6F646528686561702C2069648C
:105758002900000021686561702D3E667265655FED
:105768007461696C5F6964002170685F636F6E744F
:1057780061696E735F6E6F646528706F6F6C2D3E24
:10578800686561702C2072657573655F69642900AE
:1057980072656D6F7665645F6964203D3D206E6556
:1057A80078745F696400000063616C6C6261636BAC
:1057B80000000000706F6F6C2D3E616C61726D5F50
:1057C800696E5F70726F6772657373203D3D206DFF
:1057D800616B655F7075626C69635F696428696491
:1057E8005F686967682C206E6578745F6964290052
:1057F80064656661756C745F616C61726D5F706F12
:105808006F6C5F696E697469616C697A656428296F
:1058180000000000616C61726D5F696420213D20A9
:10582800706F6F6C2D3E616C61726D5F696E5F7039
:10583800726F6772657373007263000041747465F8
:105848006D7074656420746F20736C656570206971
:105858006E73696465206F6620616E206578636584
:105868007074696F6E2068616E646C65723B207538
:10587800736520627573795F776169742069662042
:10588800796F75206D75737400000000486172644B
:105898007761726520616C61726D20256420616C8E
:1058A800726561647920636C61696D6564000000EC
:1058B80074696D65725F68772D3E696E7473202612
:1058C800203175203C3C20616C61726D5F6E756D96
:1058D800000000002F55736572732F7A6170702F66
:1058E8006465762F646333325F6E6962626C6572D9
:1058F8002F7069636F2D73646B2F7372632F7270CF
:10590800325F636F6D6D6F6E2F686172647761725D
:10591800655F74696D65722F74696D65722E6300B9
:1059280063757272656E74203D3D205F5F756E68A9
:10593800616E646C65645F757365725F697271200E
:105948007C7C2063757272656E74203D3D206861B1
:105958006E646C65720000002F55736572732F7A40
:105968006170702F6465762F646333325F6E69628D
:10597800626C65722F7069636F2D73646B2F73721D
:10598800632F7270325F636F6D6D6F6E2F68617217
:1059980064776172655F6972712F6972712E630035
:1059A8004E6F20757365722049525173206172657C
:1059B80020617661696C61626C650000746F746166
:1059C8006C0000002F55736572732F7A6170702F09
:1059D8006465762F646333325F6E6962626C6572E8
:1059E8002F7069636F2D73646B2F7372632F636FEE
:1059F8006D6D6F6E2F7069636F5F73796E632F6D56
:105A0800757465782E6300006D74782D3E636F722F
:105A1800652E7370696E5F6C6F636B006C6F636B80
:105A28005F69735F6F776E65725F69645F76616CDB
:105A38006964286D74782D3E6F776E657229000051
:105A48006D74782D3E656E7465725F636F756E74E4
:105A580000000000726F6F745F6964002F557365F2
:105A680072732F7A6170702F6465762F6463333296
:105A78005F6E6962626C65722F7069636F2D736403
:105A88006B2F7372632F636F6D6D6F6E2F70696309
:105A98006F5F7574696C2F70686561702E630000A4
:105AA8002170685F6765745F6E6F646528686561FB
:105AB800702C20726F6F745F6964292D3E73696260
:105AC8006C696E67000000002170685F6765745F2D
:105AD8006E6F646528686561702C20726F6F745FE3
:105AE8006964292D3E706172656E7400666F756E0B
:105AF800640000006E65775F7375625F7472656538
:105B080020213D20686561702D3E726F6F745F695A
:105B1800640000007372635F66726571203E3D2009
:105B280066726571000000002F55736572732F7AD5
:105B38006170702F6465762F646333325F6E6962BB
:105B4800626C65722F7069636F2D73646B2F73724B
:105B5800632F7270325F636F6D6D6F6E2F68617245
:105B680064776172655F636C6F636B732F636C6FCF
:105B7800636B732E6300000076636F5F66726571F6
:105B8800203E3D20285049434F5F504C4C5F5643C0
:105B98004F5F4D494E5F465245515F4B485A202A48
:105BA800204B485A292026262076636F5F66726547
:105BB80071203C3D20285049434F5F504C4C5F5664
:105BC800434F5F4D41585F465245515F4B485A20FD
:105BD8002A204B485A2900002F55736572732F7A73
:105BE8006170702F6465762F646333325F6E69620B
:105BF800626C65722F7069636F2D73646B2F73729B
:105C0800632F7270325F636F6D6D6F6E2F68617294
:105C180064776172655F706C6C2F706C6C2E6300BA
:105C28006662646976203E3D20313620262620664D
:105C380062646976203C3D203332300028706F73EF
:105C4800745F64697631203E3D203120262620701D
:105C58006F73745F64697631203C3D2037292026B4
:105C6800262028706F73745F64697632203E3D2069
:105C78003120262620706F73745F64697632203C69
:105C88003D203729000000007265665F6672657105
:105C9800203C3D202876636F5F66726571202F2057
:105CA800313629002C2066756E6374696F6E3A2050
:105CB80000000000617373657274696F6E2022259D
:105CC8007322206661696C65643A2066696C652098
:105CD800222573222C206C696E6520256425732586
:105CE800730A000031203D3D202875696E74707478
:105CF800725F74296C2D3E7370696E5F6C6F636B95
:105D0800000000002F55736572732F7A6170702F31
:105D18006465762F646333325F6E6962626C6572A4
:105D28002F7069636F2D73646B2F7372632F72709A
:105D3800325F636F6D6D6F6E2F7069636F5F727521
:105D48006E74696D652F72756E74696D652E63006A
:105D58000A2A2A2A2050414E4943202A2A2A0A0080
:105D68006E6F7420737570706F72746564000000D4
:105D7800666E692B00000000666E69006E616E0039
:105D8800666E692D000000002A282875696E74382F
:105D98005F74202A29726F6D5F646174615F6C6F34
:105DA8006F6B757028726F6D5F7461626C655F638D
:105DB8006F6465282753272C2027462729292D3249
:105DC80029202A2034203E3D2053465F5441424C2E
:105DD800455F56325F53495A450000002F55736599
:105DE80072732F7A6170702F6465762F6463333213
:105DF8005F6E6962626C65722F7069636F2D736480
:105E08006B2F7372632F7270325F636F6D6D6F6E7D
:105E18002F7069636F5F646F75626C652F646F754F
:105E2800626C655F696E69745F726F6D2E630000E6
:105E38002A282875696E74385F74202A29726F6D54
:105E48005F7461626C652D3229202A2034203E3D22
:105E58002053465F5441424C455F56325F53495A7E
:105E6800450000002F55736572732F7A6170702F8B
:105E78006465762F646333325F6E6962626C657243
:105E88002F7069636F2D73646B2F7372632F727039
:105E9800325F636F6D6D6F6E2F7069636F5F666CD5
:105EA8006F61742F666C6F61745F696E69745F727D
:105EB8006F6D2E6300000000446562756700000086
:105EC800626F6F74325F67656E657269635F3033E6
:105ED80068000000312E352E310000006E696262C4
:105EE8006C657200646F6F6D5F74696E795F6E695F
:105EF80062626C65720000004A756E20323520328D
:105F0800303234002F55736572732F7A6170702F99
:105F18006465762F646333325F6E6962626C6572A2
:105F28002F7069636F2D73646B2F7372632F727098
:105F3800325F636F6D6D6F6E2F7069636F5F73741F
:105F480064696F5F7573622F737464696F5F7573CB
:105F5800622E630055534220737464696E202F20AB
:105F68007374646F75740000526173706265727245
:105F780079205069000000005069636F000000003C
:105F8800426F6172642043444300000052657365A8
:105F9800740000006C656E203E2030002F5573653C
:105FA80072732F7A6170702F6465762F6463333251
:105FB8005F6E6962626C65722F7069636F2D7364BE
:105FC8006B2F7372632F7270325F636F6D6D6F6EBC
:105FD8002F7069636F5F756E697175655F69642F8E
:105FE800756E697175655F69642E6300666C6173AF
:105FF800685F6F666673202B20636F756E74203C34
:106008003D205049434F5F464C4153485F53495ADE
:10601800455F4259544553002F55736572732F7A63
:106028006170702F6465762F646333325F6E6962C6
:10603800626C65722F7069636F2D73646B2F737256
:10604800632F7270325F636F6D6D6F6E2F68617250
:1060580064776172655F666C6173682F666C6173E3
:10606800682E6300636F6E6E6563745F696E746536
:10607800726E616C5F666C61736820262620666CA0
:106088006173685F657869745F7869702026262077
:10609800666C6173685F72616E67655F6572617374
:1060A8006520262620666C6173685F666C75736868
:1060B8005F63616368650000636F6E6E6563745F3C
:1060C800696E7465726E616C5F666C6173682026B8
:1060D8002620666C6173685F657869745F7869709B
:1060E80020262620666C6173685F666C7573685F2E
:1060F8006361636865000000282875696E747074B0
:10610800725F7420296E6578745F62756666657261
:106118005F7074722026203062313131313131752F
:1061280029203D3D203000002F55736572732F7A6A
:106138006170702F6465762F646333325F6E6962B5
:10614800626C65722F7069636F2D73646B2F6C6955
:10615800622F74696E797573622F7372632F706F13
:10616800727461626C652F726173706265727279A4
:1061780070692F7270323034302F6463645F7270CC
:10618800323034302E63000068775F646174615F79
:106198006F6666736574286E6578745F6275666687
:1061A80065725F70747229203C3D205553425F44EC
:1061B8005052414D5F4D415800000000556E6861D6
:1061C8006E646C65642049525120307825780A0045
:1061D8007268706F7274203D3D203000212862750E
:1061E800665F6374726C2026205553425F425546A1
:1061F8005F4354524C5F46554C4C29002F557365EC
:1062080072732F7A6170702F6465762F64633332EE
:106218005F6E6962626C65722F7069636F2D73645B
:106228006B2F6C69622F74696E797573622F737244
:10623800632F706F727461626C652F726173706224
:106248006572727970692F7270323034302F7270C3
:10625800323034305F7573622E6300006275665F9A
:106268006374726C2026205553425F4255465F4343
:1062780054524C5F46554C4C000000006570202578
:10628800642025732077617320616C72656164797D
:1062980020617661696C61626C65000043616E27FC
:1062A8007420636F6E74696E7565207866657220F8
:1062B8006F6E20696E61637469766520657020254C
:1062C80064202573000000006F757400216C6F63F3
:1062D8006B6F75745F696E5F70726F6772657373E9
:1062E800000000002F55736572732F7A6170702F4C
:1062F8006465762F646333325F6E6962626C6572BF
:106308002F7069636F2D73646B2F7372632F7270B4
:10631800325F636F6D6D6F6E2F7069636F5F6D7540
:106328006C7469636F72652F6D756C7469636F72D5
:10633800652E63002128737461636B5F73697A65E6
:106348005F62797465732026203375290000000088
:10635800217368617265645F73746174652E646D1E
:10636800612E627566666572735F746F5F72656CC5
:1063780065617365000000002F55736572732F7A8D
:106388006170702F6465762F7069636F2F70696311
:106398006F2D6578747261732F7372632F72703208
:1063A8005F636F6D6D6F6E2F7069636F5F7363618D
:1063B8006E766964656F5F6470692F7363616E766A
:1063C8006964656F2E630000217368617265645F9C
:1063D80073746174652E646D612E646D615F636FA3
:1063E8006D706C6574696F6E5F73746174650000BD
:1063F8004853796E637C5653796E63005265642006
:10640800302D3500477265656E20302D350000004F
:10641800426C756520302D35000000005379737487
:10642800656D20636C6F636B2028256429206D756A
:10643800737420626520616E20696E746567657289
:10644800206D756C7469706C65206F662074686562
:106458002072657175657374656420706978656C00
:1064680020636C6F636B20282564292E00000000D0
:106478006D61785F696E737472756374696F6E733A
:10648800203E3D2070726F6772616D2D3E6C656EA7
:106498006774680053657474696E6720757020535B
:1064A8004D2025640A000000444D41206368616E58
:1064B8006E656C20256420697320616C7265616467
:1064C8007920636C61696D656400000070726F67A4
:1064D80072616D2D3E6C656E677468203C3D20507E
:1064E800494F5F494E535452554354494F4E5F43A9
:1064F8004F554E54000000002F55736572732F7A64
:106508006170702F6465762F646333325F6E6962E1
:10651800626C65722F7069636F2D73646B2F737271
:10652800632F7270325F636F6D6D6F6E2F6861726B
:1065380064776172655F70696F2F70696F2E630091
:106548004E6F2070726F6772616D20737061636542
:106558000000000050494F203120534D2028256469
:10656800202D20342920616C726561647920636C68
:1065780061696D656400000050494F203020534D1B
:1065880020256420616C726561647920636C61699F
:106598006D656400496E76616C6964204C454420E1
:1065A800696E646578202564203E2025640000001B
:1065B800496E697469616C697A696E6720415041F6
:1065C8003130322050494F2044726976657200009C
:1065D8002128286F706C2D3E7265675B3078626485
:1065E8005D203E3E2035292026203129000000006C
:1065F8002F55736572732F7A6170702F6465762FCB
:10660800646333325F6E6962626C65722F727032D6
:106618003034302D646F6F6D2F6F706C2F656D7512
:10662800383935302E6300006E73616D706C657398
:10663800203C3D2073697A656F66286C666F5F61E0
:106648006D5F6275666665725F6C736C33290000F6
:106658006F706C2D3E6F75745F73746570203D3D6F
:10666800206F706C2D3E696E705F737465700000EA
:106678005741524E494E472054494D455231204CBE
:1066880041544348000000005741524E494E4720AC
:1066980054494D455232204C4154434800000000B3
:1066A8005741524E494E47205345542043534D209D
:1066B8004D4F444500000000696420262620696487
:1066C800203C3D206F706C5F686561702E6D61784D
:1066D8005F6E6F64657300002F55736572732F7A50
:1066E8006170702F6465762F646333325F6E696200
:1066F800626C65722F7270323034302D646F6F6D3A
:106708002F6F706C2F6F706C5F7069636F2E6300F2
:1067180064617461207C7C2063616C6C6261636B72
:10672800203D3D2052657374617274536F6E67002B
:106738002164617461207C7C2063616C6C6261639C
:106748006B203D3D20547261636B54696D657243E3
:10675800616C6C6261636B005F7175657565203D86
:106768003D2026717565756500000000216D6F621A
:106778006A5F69735F737461746963286D6F626AB5
:10678800290000002F55736572732F7A6170702F7E
:106798006465762F646333325F6E6962626C65721A
:1067A8002F7270323034302D646F6F6D2F737263B7
:1067B8002F646F6F6D2F705F6D6F626A2E680000B7
:1067C800466F6C6C6F77204D6F6465204F4E0000EC
:1067D800466F6C6C6F77204D6F6465204F4646009E
:1067E80047726964204F4E0047726964204F4646DD
:1067F800000000004D61726B65642053706F740077
:106808002573202564000000416C6C204D61726B7B
:106818007320436C6561726564000000665F6820E0
:106828003C3D204D41494E5F5649455748454947EB
:10683800485400002F55736572732F7A6170702F5A
:106848006465762F646333325F6E6962626C657269
:106858002F7270323034302D646F6F6D2F73726306
:106868002F646F6F6D2F616D5F6D61702E63000017
:10687800696464740000000064656D6F2569000038
:10688800205741524E494E473A20596F7520617240
:106898006520706C6179696E67207573696E672011
:1068A8006F6E65206F662074686520446F6F6D2079
:1068B800436C61737369630A2049574144206669D0
:1068C8006C65732073686970706564207769746893
:1068D8002074686520446F6F6D20333A2042464724
:1068E8002045646974696F6E2E205468657365204D
:1068F8006172650A206B6E6F776E20746F20626517
:1069080020696E636F6D70617469626C6520776968
:1069180074682074686520726567756C61722049B7
:106928005741442066696C657320616E640A206D66
:1069380061792063617573652064656D6F7320618B
:106948006E64206E6574776F726B2067616D657316
:1069580020746F20676574206F7574206F662073CC
:10696800796E632E00000000445F446F6F6D4C6FBA
:106978006F702829202D2053746172742047616D2F
:1069880065204C6F6F700000445F446F6F6D4C6FF3
:106998006F702829202D2047616D65206C6F6F70FE
:1069A800207374617274696E670000005449544C16
:1069B800455049430000000064656D6F31000000D8
:1069C800435245444954000064656D6F320000002D
:1069D80048454C503200000064656D6F330000007C
:1069E80064656D6F340000007469746C6570696368
:1069F80000000000494E5445525049430000000031
:106A08004D4150303100000045314D31000000004B
:106A180045344D310000000045334D310000000081
:106A2800556E6B6E6F776E0054686520556C74698F
:106A38006D61746520444F4F4D000000444F4F4D29
:106A4800205265676973746572656400444F4F4DE1
:106A5800205368617265776172650000444F4F4D3D
:106A680020323A2048656C6C206F6E204561727444
:106A780068000000444F4F4D20323A20506C757426
:106A88006F6E6961204578706572696D656E740016
:106A9800444F4F4D20323A20544E54202D204576F5
:106AA800696C7574696F6E00456D756C6174696E9B
:106AB8006720746865206265686176696F72206F07
:106AC80066207468652027257327206578656375B7
:106AD8007461626C652E0A00454E444F4F4D0000AC
:106AE800414E4421584F522044433332204E69626C
:106AF800626C657220332E362E3200005A5F496E62
:106B080069743A20496E6974207A6F6E65206D65E4
:106B18006D6F727920616C6C6F636174696F6E2040
:106B28006461656D6F6E2E20000000004D5F4C6F34
:106B3800616444656661756C74733A204C6F616476
:106B48002073797374656D2064656661756C747300
:106B58002E000000575F496E69743A20496E6974C7
:106B68002057414466696C65732E000046524545BE
:106B7800444F4F4D0000000046524545444D00002B
:106B8800444D454E5550494300000000205741529E
:106B98004E494E473A20596F752061726520706CD6
:106BA8006179696E67207573696E67206F6E6520FD
:106BB8006F66207468652046726565646F6F6D2026
:106BC800495741440A2066696C65732C20776869C7
:106BD8006368206D69676874206E6F7420776F72C0
:106BE8006B20696E207468697320706F72742E2030
:106BF800536565207468697320706167650A20664B
:106C08006F72206D6F726520696E666F726D617448
:106C1800696F6E206F6E20686F7720746F20706CBC
:106C28006179207573696E672046726565646F6F58
:106C38006D3A0A20202068747470733A2F2F777782
:106C4800772E63686F636F6C6174652D646F6F6D09
:106C58002E6F72672F77696B692F696E6465782E5E
:106C68007068702F46726565646F6F6D0000000074
:106C7800495F496E69743A2053657474696E672078
:106C88007570206D616368696E65207374617465E1
:106C98002E0000004D5F496E69743A20496E697490
:106CA800206D697363656C6C616E656F75732069BF
:106CB8006E666F2E00000000525F496E69743A20BC
:106CC800496E697420444F4F4D2072656672657332
:106CD80068206461656D6F6E202D20000A505F4941
:106CE8006E69743A20496E697420506C61796C6FD2
:106CF8006F702073746174652E000000535F496ED5
:106D080069743A2053657474696E672075702073CE
:106D18006F756E642E00000048555F496E69743ABD
:106D28002053657474696E672075702068656164A6
:106D38007320757020646973706C61792E0000008F
:106D480053545F496E69743A20496E6974207374AC
:106D580061747573206261722E0000006D6170307D
:106D680031000000446F6F6D20312E36363600003A
:106D7800312E363636000000446F6F6D20312E37C5
:106D88002F312E3761000000312E3700446F6F6DB0
:106D980020312E3800000000312E3800446F6F6D0E
:106DA80020312E3900000000312E3900556C7469ED
:106DB8006D61746520446F6F6D000000756C7469B7
:106DC8006D6174650000000046696E616C20446F57
:106DD8006F6D000066696E616C00000046696E6147
:106DE8006C20446F6F6D2028616C742900000000CE
:106DF80066696E616C320000506C61796572203191
:106E0800206C656674207468652067616D65000094
:106E18004E4F54453A205475726E696E67207265FC
:106E2800736F6C7574696F6E206973207265647511
:106E38006365643B20746869732069732070726F9E
:106E48006261626C7920626563617573652074683C
:106E5800657265206973206120636C69656E7420B2
:106E68007265636F7264696E6720612056616E692E
:106E78006C6C612064656D6F2E0000006172652086
:106E8800796F75207375726520796F752077616EDB
:106E98007420746F0A717569742074686973206747
:106EA800726561742067616D653F0000796F7520B8
:106EB80077616E7420746F20717569743F0A746805
:106EC800656E2C2074686F752068617374206C6F10
:106ED800737420616E20656967687468210000001A
:106EE800646F6E277420676F206E6F772C2074682C
:106EF80065726527732061200A64696D656E736920
:106F08006F6E616C207368616D626C657220776169
:106F18006974696E670A61742074686520646F73A8
:106F28002070726F6D707421000000006765742016
:106F38006F75747461206865726520616E6420677E
:106F48006F206261636B0A746F20796F75722062BB
:106F58006F72696E672070726F6772616D732E0051
:106F680069662069207765726520796F757220627D
:106F78006F73732C20692764200A20646561746824
:106F88006D6174636820796120696E2061206D6984
:106F98006E757465210000006C6F6F6B2C20627534
:106FA800642E20796F75206C65617665206E6F7729
:106FB8000A616E6420796F7520666F726665697400
:106FC80020796F757220626F647920636F756E74B3
:106FD800210000006A757374206C656176652E2047
:106FE8007768656E20796F7520636F6D650A6261D9
:106FF800636B2C2069276C6C20626520776169744B
:10700800696E6720776974682061206261742E0058
:10701800796F75277265206C75636B7920692064B8
:107028006F6E277420736D61636B0A796F752066C4
:107038006F72207468696E6B696E672061626F7524
:1070480074206C656176696E672E0000706C6561EE
:10705800736520646F6E2774206C656176652C20DB
:1070680074686572652773206D6F72650A64656D53
:107078006F6E7320746F20746F6173742100000049
:107088006C657427732062656174206974202D2DE6
:107098002074686973206973207475726E696E67ED
:1070A8000A696E746F206120626C6F6F646261742C
:1070B800682100006920776F756C646E2774206CF6
:1070C8006561766520696620692077657265207933
:1070D8006F752E0A646F73206973206D756368205D
:1070E800776F7273652E0000796F7527726520744B
:1070F8007279696E6720746F2073617920796F7572
:10710800206C696B6520646F730A626574746572BC
:10711800207468616E206D652C2072696768743F01
:1071280000000000646F6E2774206C65617665202E
:10713800796574202D2D2074686572652773206128
:107148000A64656D6F6E2061726F756E6420746875
:10715800617420636F726E65722100007961206B23
:107168006E6F772C206E6578742074696D65207950
:107178006F7520636F6D6520696E20686572650A9A
:1071880069276D20676F6E6E6120746F617374205C
:1071980079612E00676F20616865616420616E64A3
:1071A800206C656176652E207365652069662069A7
:1071B80020636172652E0000564943544F5259327C
:1071C80000000000454E4450494300002F557365A8
:1071D80072732F7A6170702F6465762F646333320F
:1071E8005F6E6962626C65722F7270323034302D56
:1071F800646F6F6D2F7372632F646F6F6D2F665F8F
:1072080066696E616C652E63000000005A4F4D423E
:1072180049454D414E00000053484F5447554E20B4
:1072280047555900484541565920574541504F4EFA
:107238002044554445000000494D50004C4F5354DC
:1072480020534F554C0000004341434F44454D4F98
:107258004E00000048454C4C204B4E4947485400CE
:107268004241524F4E204F462048454C4C000000AA
:1072780041524143484E4F54524F4E005041494E9F
:1072880020454C454D454E54414C0000524556450D
:107298004E414E54000000004D414E435542555357
:1072A80000000000415243482D56494C450000005B
:1072B80054484520535049444552204D4153544564
:1072C800524D494E44000000544845204359424518
:1072D8005244454D4F4E00004F5552204845524F9D
:1072E80000000000464C4F4F52345F380000000049
:1072F8004F6E636520796F752062656174207468CC
:1073080065206269672062616461737365732061D7
:107318006E640A636C65616E206F757420746865AD
:10732800206D6F6F6E206261736520796F752772AB
:107338006520737570706F7365640A746F20776960
:107348006E2C206172656E277420796F753F20411D
:1073580072656E277420796F753F2057686572656E
:1073680027730A796F757220666174207265776178
:10737800726420616E64207469636B657420686F41
:107388006D653F20576861740A7468652068656C8C
:107398006C20697320746869733F204974277320CF
:1073A8006E6F7420737570706F73656420746F0AE4
:1073B800656E64207468697320776179210A0A49C7
:1073C80074207374696E6B73206C696B6520726FBF
:1073D8007474656E206D6561742C20627574206C00
:1073E8006F6F6B730A6C696B6520746865206C6FCE
:1073F8007374204465696D6F7320626173652E2014
:10740800204C6F6F6B73206C696B650A796F7527F9
:10741800726520737475636B206F6E2054686520E5
:1074280053686F726573206F662048656C6C2E0A0E
:10743800546865206F6E6C7920776179206F757458
:10744800206973207468726F7567682E0A0A546F12
:1074580020636F6E74696E75652074686520444F8B
:107468004F4D20657870657269656E63652C207074
:107478006C61790A5468652053686F726573206F70
:10748800662048656C6C20616E64206974732061A5
:107498006D617A696E670A73657175656C2C204930
:1074A8006E6665726E6F210A0000000053464C52EA
:1074B800365F3100596F7527766520646F6E6520D9
:1074C8006974212054686520686964656F75732044
:1074D80063796265722D0A64656D6F6E206C6F72D8
:1074E8006420746861742072756C656420746865C2
:1074F800206C6F7374204465696D6F730A6D6F6FCC
:107508006E206261736520686173206265656E2014
:10751800736C61696E20616E6420796F750A61729F
:107528006520747269756D7068616E74212042758A
:1075380074202E2E2E207768657265206172650A88
:10754800796F753F20596F7520636C616D62657244
:1075580020746F207468652065646765206F6620F5
:107568007468650A6D6F6F6E20616E64206C6F6F52
:107578006B20646F776E20746F2073656520746864
:107588006520617766756C0A74727574682E0A0ACC
:107598004465696D6F7320666C6F617473206162F6
:1075A8006F76652048656C6C20697473656C66211C
:1075B8000A596F75277665206E657665722068654D
:1075C800617264206F6620616E796F6E65206573E5
:1075D800636170696E670A66726F6D2048656C6CCE
:1075E8002C2062757420796F75276C6C206D616B27
:1075F80065207468652062617374617264730A73CC
:107608006F72727920746865792065766572206872
:1076180065617264206F6620796F752120517569E4
:10762800636B6C792C0A796F752072617070656C68
:1076380020646F776E20746F2020746865207375DE
:107648007266616365206F660A48656C6C2E0A0A6B
:107658004E6F772C2069742773206F6E20746F200B
:107668007468652066696E616C2063686170746512
:1076780072206F660A444F4F4D21202D2D20496EF0
:107688006665726E6F2E00004D464C52385F3400AE
:10769800546865206C6F617468736F6D65207370D2
:1076A8006964657264656D6F6E20746861740A6DD3
:1076B80061737465726D696E6465642074686520B1
:1076C800696E766173696F6E206F662074686520D5
:1076D8006D6F6F6E0A626173657320616E642063FB
:1076E800617573656420736F206D756368206465C8
:1076F80061746820686173206861640A6974732022
:10770800617373206B69636B656420666F722061B7
:107718006C6C2074696D652E0A0A4120686964647E
:10772800656E20646F6F72776179206F70656E7314
:1077380020616E6420796F7520656E7465722E0AFB
:10774800596F752776652070726F76656E20746F35
:107758006F20746F75676820666F722048656C6C5F
:1077680020746F0A636F6E7461696E2C20616E6499
:10777800206E6F772048656C6C206174206C617393
:107788007420706C6179730A66616972202D2D20EE
:10779800666F7220796F7520656D65726765206602
:1077A800726F6D2074686520646F6F720A746F2041
:1077B8007365652074686520677265656E20666903
:1077C800656C6473206F66204561727468210A488D
:1077D8006F6D65206174206C6173742E0A0A596F8D
:1077E8007520776F6E6465722077686174277320DF
:1077F8006265656E2068617070656E696E67206F7E
:107808006E0A4561727468207768696C6520796FC3
:1078180075207765726520626174746C696E672083
:107828006576696C0A756E6C6561736865642E208F
:107838004974277320676F6F642074686174206EC1
:107848006F2048656C6C2D0A737061776E20636FCA
:10785800756C64206861766520636F6D6520746857
:10786800726F75676820746861740A646F6F72203C
:107878007769746820796F75202E2E2E000000001D
:107888004D464C52385F33007468652073706964E4
:107898006572206D61737465726D696E64206D75B3
:1078A800737420686176652073656E7420666F72E4
:1078B80074680A697473206C6567696F6E73206FEA
:1078C800662068656C6C737061776E206265666FA0
:1078D800726520796F75720A66696E616C20636FD4
:1078E8006E66726F6E746174696F6E207769746802
:1078F8002074686174207465727269626C650A62CA
:10790800656173742066726F6D2068656C6C2E20DB
:107918002062757420796F75207374657070656462
:1079280020666F72776172640A616E642062726F9A
:107938007567687420666F72746820657465726E06
:10794800616C2064616D6E6174696F6E20616E6434
:107958000A737566666572696E672075706F6E204A
:1079680074686520686F7264652061732061207493
:10797800727565206865726F0A776F756C64206927
:107988006E207468652066616365206F6620736F7A
:107998006D657468696E6720736F206576696C2EF3
:1079A8000A0A626573696465732C20736F6D656F6D
:1079B8006E652077617320676F6E6E6120706179E4
:1079C80020666F7220776861740A68617070656EEE
:1079D800656420746F2064616973792C20796F75F0
:1079E8007220706574207261626269742E0A0A627C
:1079F8007574206E6F772C20796F752073656520FC
:107A0800737072656164206265666F726520796F54
:107A180075206D6F72650A706F74656E7469616C3C
:107A2800207061696E20616E6420676962626974A2
:107A38007564652061732061206E6174696F6E0AD8
:107A48006F662064656D6F6E732072756E20616D50
:107A58006F6B20616D6F6E67206F7572206369743C
:107A68006965732E0A0A6E6578742073746F702CBA
:107A78002068656C6C206F6E2065617274682100E7
:107A8800534C494D45313600594F552048415645CC
:107A980020454E544552454420444545504C5920B4
:107AA800494E544F2054484520494E464553544565
:107AB800440A53544152504F52542E204255542098
:107AC800534F4D455448494E472049532057524F2C
:107AD8004E472E205448450A4D4F4E535445525355
:107AE80020484156452042524F5547485420544853
:107AF800454952204F574E205245414C4954590A46
:107B080057495448205448454D2C20414E44205450
:107B180048452053544152504F52542753205445FE
:107B280043484E4F4C4F47590A4953204245494E06
:107B380047205355425645525445442042592054F3
:107B4800484549522050524553454E43452E0A0A4E
:107B580041484541442C20594F5520534545204123
:107B68004E204F5554504F5354204F462048454CB3
:107B78004C2C20410A464F52544946494544205A04
:107B88004F4E452E20494620594F552043414E20FF
:107B980047455420504153542049542C0A594F55B5
:107BA8002043414E2050454E4554524154452049AA
:107BB8004E544F20544845204841554E5445442082
:107BC80048454152540A4F46205448452053544191
:107BD800524241534520414E442046494E44205488
:107BE800484520434F4E54524F4C4C494E470A5338
:107BF800574954434820574849434820484F4C4424
:107C080053204541525448275320504F50554C411A
:107C180054494F4E0A484F53544147452E000000DF
:107C280052524F434B313400594F55204841564525
:107C380020574F4E2120594F555220564943544FF3
:107C480052592048415320454E41424C45440A4828
:107C5800554D414E4B494E4420544F2045564143C3
:107C68005541544520454152544820414E442045F1
:107C780053434150450A544845204E494748544DBE
:107C88004152452E20204E4F5720594F55204152E2
:107C98004520544845204F4E4C590A48554D414EB1
:107CA800204C454654204F4E2054484520464143D9
:107CB80045204F462054484520504C414E45542EAF
:107CC8000A43414E4E4942414C204D555441544976
:107CD8004F4E532C204341524E49564F524F555305
:107CE80020414C49454E532C0A414E4420455649A3
:107CF8004C20535049524954532041524520594F22
:107D08005552204F4E4C59204E45494748424F52F4
:107D1800532E0A594F5520534954204241434B2072
:107D2800414E44205741495420464F522044454132
:107D380054482C20434F4E54454E540A54484154FD
:107D480020594F5520484156452053415645442017
:107D5800594F555220535045434945532E0A0A421C
:107D68005554205448454E2C2045415254482043F0
:107D78004F4E54524F4C204245414D5320444F578B
:107D88004E20410A4D4553534147452046524F4DD9
:107D98002053504143453A202253454E534F5253A6
:107DA8002048415645204C4F43415445440A5448C5
:107DB8004520534F55524345204F462054484520AF
:107DC800414C49454E20494E564153494F4E2E206D
:107DD800494620594F550A474F2054484552452C8B
:107DE80020594F55204D41592042452041424C458C
:107DF80020544F20424C4F434B2054484549520A87
:107E0800454E5452592E202054484520414C49454E
:107E18004E204241534520495320494E205448455D
:107E2800204845415254204F460A594F5552204F39
:107E3800574E20484F4D4520434954592C204E4F0A
:107E480054204641522046524F4D205448450A532B
:107E5800544152504F52542E2220534C4F574C5994
:107E680020414E44205041494E46554C4C592059CA
:107E78004F55204745540A555020414E44205245FD
:107E88005455524E20544F2054484520465241598B
:107E98002E00000052524F434B303700594F5520A7
:107EA8004152452041542054484520434F52525591
:107EB8005054204845415254204F462054484520AC
:107EC800434954592C0A535552524F554E44454430
:107ED8002042592054484520434F5250534553207F
:107EE8004F4620594F555220454E454D4945532E32
:107EF8000A594F5520534545204E4F205741592088
:107F0800544F2044455354524F5920544845204318
:107F18005245415455524553270A454E54525957D4
:107F28004159204F4E205448495320534944452C29
:107F380020534F20594F5520434C454E4348205914
:107F48004F55520A544545544820414E4420504C00
:107F5800554E4745205448524F5547482049542EBE
:107F68000A0A5448455245204D555354204245204D
:107F7800412057415920544F20434C4F53452049E5
:107F880054204F4E205448450A4F544845522053D8
:107F98004944452E205748415420444F20594F55B5
:107FA800204341524520494620594F552756450AF6
:107FB800474F5420544F20474F205448524F55475D
:107FC800482048454C4C20544F2047455420544F96
:107FD8002049543F0000000052524F434B313700B4
:107FE80054484520484F5252454E444F5553205609
:107FF8004953414745204F46205448452042494768
:10800800474553540A44454D4F4E20594F5527561E
:10801800452045564552205345454E204352554D1F
:10802800424C4553204245464F52450A594F552C1C
:1080380020414654455220594F552050554D502007
:10804800594F555220524F434B45545320494E5493
:108058004F0A484953204558504F534544204252EF
:1080680041494E2E20544845204D4F4E53544552B9
:10807800205348524956454C530A555020414E44C6
:1080880020444945532C20495453205448524153C5
:1080980048494E47204C494D42530A44455641539E
:1080A800544154494E4720554E544F4C44204D4955
:1080B8004C4553204F462048454C4C27530A5355AE
:1080C80052464143452E0A0A594F552756452044E2
:1080D8004F4E452049542E2054484520494E56417C
:1080E80053494F4E204953204F5645522E0A454179
:1080F8005254482049532053415645442E20484560
:108108004C4C204953204120575245434B2E20596F
:108118004F550A574F4E444552205748455245201F
:1081280042414420464F4C4B532057494C4C204722
:108138004F205748454E20544845590A4449452C34
:10814800204E4F572E20574950494E4720544845F6
:108158002053574541542046524F4D20594F5552B0
:108168000A464F52454845414420594F55204245FB
:1081780047494E20544845204C4F4E4720545245BD
:108188004B204241434B0A484F4D452E2052454211
:1081980055494C44494E47204541525448204F5573
:1081A80047485420544F20424520410A4C4F542000
:1081B8004D4F52452046554E205448414E20525569
:1081C800494E494E47204954205741532E0A000032
:1081D80052524F434B313300434F4E47524154554F
:1081E8004C4154494F4E532C20594F552756452042
:1081F800464F554E44205448452053454352455414
:108208000A4C4556454C21204C4F4F4B53204C4966
:108218004B452049542753204245454E2042554955
:108228004C542042590A48554D414E532C20524136
:1082380054484552205448414E2044454D4F4E53D2
:108248002E20594F5520574F4E4445520A57484FF4
:108258002054484520494E4D41544553204F46200F
:108268005448495320434F524E4552204F462048C8
:10827800454C4C0A57494C4C2042452E0000000002
:1082880052524F434B313900434F4E475241545598
:108298004C4154494F4E532C20594F552756452091
:1082A800464F554E44205448450A53555045522090
:1082B800534543524554204C4556454C212020599E
:1082C8004F552744204245545445520A424C415A7E
:1082D80045205448524F5547482054484953204F49
:1082E8004E45210A00000000596F75277665206603
:1082F8006F7567687420796F757220776179206F60
:108308007574206F662074686520696E666573747D
:1083180065640A6578706572696D656E74616C2054
:108328006C6162732E2020204974207365656D731B
:10833800207468617420554143206861730A6F6E28
:10834800636520616761696E2067756C706564207C
:10835800697420646F776E2E2020576974682074C2
:10836800686569720A68696768207475726E6F76E5
:1083780065722C206974206D75737420626520689D
:1083880061726420666F7220706F6F720A6F6C641E
:108398002055414320746F2062757920636F727095
:1083A8006F72617465206865616C746820696E73AA
:1083B8007572616E63650A6E6F7761646179732E99
:1083C8002E0A0A4168656164206C696573207468C7
:1083D80065206D696C697461727920636F6D706C6A
:1083E80065782C206E6F770A737761726D696E6796
:1083F80020776974682064697365617365642068AF
:108408006F72726F727320686F7420746F20676563
:10841800740A746865697220746565746820696E89
:10842800746F20796F752E2057697468206C756396
:108438006B2C207468650A636F6D706C65782073A7
:1084480074696C6C2068617320736F6D6520776147
:10845800726C696B65206F72646E616E63650A6C1D
:108468006179696E672061726F756E642E00000015
:10847800596F752068656172207468652067726934
:108488006E64696E67206F66206865617679206D15
:10849800616368696E6572790A61686561642E2036
:1084A80020596F75207375726520686F7065207428
:1084B800686579277265206E6F74207374616D70BA
:1084C800696E670A6F7574206E65772068656C6CD5
:1084D800737061776E2C2062757420796F752772BE
:1084E8006520726561647920746F0A7265616D2018
:1084F8006F757420612077686F6C65206865726499
:1085080020696620796F75206861766520746F2E02
:108518000A54686579206D696768742062652070FF
:108528006C616E6E696E67206120626C6F6F64208B
:1085380066656173742C206275740A796F7520669C
:1085480065656C2061626F7574206173206D65616B
:108558006E2061732074776F2074686F7573616E15
:10856800640A6D616E69616373207061636B656431
:1085780020696E746F206F6E65206D6164206B6971
:108588006C6C65722E0A0A596F7520646F6E2774B9
:1085980020706C616E20746F20676F20646F776E37
:1085A80020656173792E00005468652076697374BC
:1085B80061206F70656E696E67206168656164200F
:1085C8006C6F6F6B73207265616C2064616D6E0AED
:1085D80066616D696C6961722E20536D656C6C7390
:1085E8002066616D696C6961722C20746F6F202D33
:1085F8002D206C696B650A6672696564206578630D
:1086080072656D656E742E20596F75206469646E8D
:108618002774206C696B6520746869730A706C61D3
:108628006365206265666F72652C20616E642079CF
:108638006F7520737572652061732068656C6C2096
:1086480061696E27740A706C616E6E696E6720745A
:108658006F206C696B65206974206E6F772E2054CB
:108668006865206D6F726520796F750A62726F6F29
:1086780064206F6E2069742C20746865206D6164B5
:1086880064657220796F75206765742E0A4865667F
:1086980074696E6720796F75722067756E2C20611A
:1086A8006E206576696C206772696E2074726963E2
:1086B8006B6C65730A6F6E746F20796F75722066C4
:1086C8006163652E2054696D6520746F2074616B39
:1086D8006520736F6D65206E616D65732E000000F7
:1086E80053756464656E6C792C20616C6C206973B9
:1086F8002073696C656E742C2066726F6D206F6EC6
:108708006520686F72697A6F6E0A746F2074686585
:10871800206F746865722E205468652061676F6EDB
:10872800697A696E67206563686F206F662048659F
:108738006C6C0A666164657320617761792C2074BA
:108748006865206E696768746D61726520736B79FE
:10875800207475726E7320746F0A626C75652C20B4
:10876800746865206865617073206F66206D6F6E30
:108778007374657220636F727073657320737461AC
:108788007274200A746F20657661706F7261746507
:1087980020616C6F6E672077697468207468652043
:1087A8006576696C207374656E6368200A74686105
:1087B800742066696C6C65642074686520616972F0
:1087C8002E204A65657A652C206D6179626520796D
:1087D8006F752776650A646F6E652069742E204868
:1087E80061766520796F75207265616C6C79207788
:1087F8006F6E3F0A0A536F6D657468696E67207201
:10880800756D626C657320696E2074686520646993
:108818007374616E63652E0A4120626C7565206C05
:108828006967687420626567696E7320746F206772
:108838006C6F7720696E73696465207468650A7265
:1088480075696E656420736B756C6C206F66207437
:1088580068652064656D6F6E2D73706974746572D8
:108868002E00000057686174206E6F773F204C6FB0
:108878006F6B7320746F74616C6C792064696666C1
:108888006572656E742E204B696E640A6F66206C83
:10889800696B65204B696E67205475742773206374
:1088A8006F6E646F2E2057656C6C2C0A7768617444
:1088B80065766572277320686572652063616E2727
:1088C8007420626520616E7920776F7273650A740F
:1088D80068616E20757375616C2E2043616E206926
:1088E800743F20204F72206D61796265206974277A
:1088F8007320626573740A746F206C657420736CDE
:10890800656570696E6720676F6473206C69652E92
:108918002E00000054696D6520666F722061207614
:1089280061636174696F6E2E20596F7527766520B3
:108938006275727374207468650A626F77656C7308
:10894800206F662068656C6C20616E6420627920F7
:10895800676F6C6C7920796F752772652072656115
:1089680064790A666F72206120627265616B2E20DD
:10897800596F75206D757474657220746F20796FE6
:10898800757273656C662C0A4D6179626520736F28
:108998006D656F6E6520656C73652063616E206B15
:1089A80069636B2048656C6C2773206173730A6E6A
:1089B8006578742074696D652061726F756E642EB8
:1089C800204168656164206C696573206120717558
:1089D80069657420746F776E2C0A776974682070E3
:1089E8006561636566756C20666C6F77696E672074
:1089F80077617465722C20717561696E740A62758D
:108A0800696C64696E67732C20616E64207072658E
:108A180073756D61626C79206E6F2048656C6C733C
:108A28007061776E2E0A0A417320796F752073740E
:108A38006570206F666620746865207472616E7355
:108A4800706F72742C20796F7520686561720A7472
:108A580068652073746F6D70206F6620612063797C
:108A680062657264656D6F6E27732069726F6E2020
:108A780073686F652E000000596F7520676C6F6111
:108A880074206F7665722074686520737465616DF3
:108A9800696E672063617263617373206F66207407
:108AA80068650A477561726469616E2E202057698E
:108AB8007468206974732064656174682C20796F08
:108AC8007527766520777265737465640A746865BE
:108AD80020416363656C657261746F722066726FA2
:108AE8006D20746865207374696E6B696E672063A6
:108AF8006C6177730A6F662048656C6C2E2020596C
:108B08006F752072656C617820616E6420676C6196
:108B18006E63652061726F756E64207468650A7291
:108B28006F6F6D2E202044616D6E21202054686582
:108B380072652077617320737570706F7365642038
:108B4800746F2062652061740A6C65617374206FAC
:108B58006E6520776F726B696E672070726F746FC5
:108B6800747970652C2062757420796F7520636143
:108B78006E27740A7365652069742E205468652011
:108B880064656D6F6E73206D7573742068617665AA
:108B98002074616B656E2069742E0A0A596F7520FE
:108BA8006D7573742066696E6420746865207072D0
:108BB8006F746F747970652C206F7220616C6C20F3
:108BC800796F75720A7374727567676C657320774D
:108BD800696C6C2068617665206265656E207761D6
:108BE800737465642E204B6565700A6D6F76696EC7
:108BF800672C206B656570206669676874696E67A5
:108C08002C206B656570206B696C6C696E672E0A29
:108C18004F68207965732C206B656570206C6976C8
:108C2800696E672C20746F6F2E0000004576656EA4
:108C38002074686520646561646C7920417263689A
:108C48002D56696C65206C61627972696E74682052
:108C5800636F756C640A6E6F742073746F7020791B
:108C68006F752C20616E6420796F75277665206793
:108C78006F7474656E20746F207468650A70726F03
:108C8800746F7479706520416363656C6572617493
:108C98006F7220776869636820697320736F6F6EDD
:108CA8000A656666696369656E746C7920616E64CD
:108CB800207065726D616E656E746C792064656193
:108CC80063746976617465642E0A0A596F75277230
:108CD8006520676F6F642061742074686174206B0D
:108CE800696E64206F66207468696E672E000000E4
:108CF800596F752776652062617368656420616EB7
:108D08006420626174746572656420796F7572207D
:108D180077617920696E746F0A7468652068656187
:108D28007274206F662074686520646576696C2D9E
:108D3800686976652E202054696D6520666F7220FB
:108D4800610A5365617263682D616E642D446573B1
:108D580074726F79206D697373696F6E2C20616905
:108D68006D6564206174207468650A476174656B79
:108D780065657065722C2077686F736520666F75FE
:108D88006C206F6666737072696E672069730A6318
:108D98006173636164696E6720746F2045617274E2
:108DA800682E2020596561682C2068652773206229
:108DB80061642E204275740A796F75206B6E6F7727
:108DC8002077686F277320776F727365210A0A47C7
:108DD80072696E6E696E67206576696C6C792C2095
:108DE800796F7520636865636B20796F757220678A
:108DF8006561722C20616E640A6765742072656112
:108E0800647920746F2067697665207468652062CC
:108E18006173746172642061206C6974746C65207C
:108E280048656C6C0A6F6620796F7572206F776E73
:108E3800206D616B696E6721000000005468652031
:108E4800476174656B65657065722773206576691F
:108E58006C20666163652069732073706C6174743B
:108E6800657265640A616C6C206F7665722074683F
:108E78006520706C6163652E2020417320697473CE
:108E880020746174746572656420636F72707365B1
:108E98000A636F6C6C61707365732C20616E206956
:108EA8006E766572746564204761746520666F72BA
:108EB8006D7320616E640A7375636B7320646F77DA
:108EC8006E2074686520736861726473206F662011
:108ED800746865206C6173740A70726F746F74794A
:108EE800706520416363656C657261746F722C20D4
:108EF8006E6F7420746F206D656E74696F6E207468
:108F080068650A6665772072656D61696E696E6766
:108F18002064656D6F6E732E2020596F75277265FA
:108F280020646F6E652E2048656C6C0A686173203A
:108F3800676F6E65206261636B20746F20706F7558
:108F48006E64696E6720626164206465616420668E
:108F58006F6C6B73200A696E7374656164206F6649
:108F680020676F6F64206C697665206F6E65732E5D
:108F7800202052656D656D62657220746F0A746594
:108F88006C6C20796F7572206772616E646B6964AE
:108F98007320746F20707574206120726F636B6525
:108FA800740A6C61756E6368657220696E20796FEA
:108FB800757220636F6666696E2E20496620796F28
:108FC8007520676F20746F2048656C6C0A77686538
:108FD8006E20796F75206469652C20796F75276C10
:108FE8006C206E65656420697420666F7220736FEB
:108FF8006D650A66696E616C20636C65616E696E89
:10900800672D7570202E2E2E00000000596F7527D1
:10901800766520666F756E64207468652073656375
:109028006F6E642D68617264657374206C65766513
:109038006C2077650A676F742E20486F70652079F9
:109048006F7520686176652061207361766564209C
:1090580067616D652061206C6576656C206F720AAA
:1090680074776F2070726576696F75732E2020494A
:1090780066206E6F742C2062652070726570617254
:10908800656420746F206469650A61706C656E742C
:10909800792E20466F72206D6173746572206D6140
:1090A80072696E6573206F6E6C792E004265746309
:1090B800686120776F6E6465726564206A75737481
:1090C800207768617420574153207468652068616F
:1090D80072646573740A6C6576656C2077652068C0
:1090E800616420726561647920666F722079613FDE
:1090F80020204E6F7720796F75206B6E6F772E0A60
:109108004E6F206F6E652067657473206F757420CD
:10911800616C6976652E00002F55736572732F7A1E
:109128006170702F6465762F646333325F6E696295
:10913800626C65722F7270323034302D646F6F6DCF
:109148002F7372632F7069636F2F2E2E2F646F6FCA
:109158006D747970652E6800626F2D3E637572209C
:109168003C20626F2D3E656E640000002F557365CC
:1091780072732F7A6170702F6465762F646333324F
:109188005F6E6962626C65722F7270323034302D96
:10919800646F6F6D2F7372632F7069636F2F2E2E3C
:1091A8002F74696E795F687566662E680000000026
:1091B800626F2D3E62697473202B206E203C3D2027
:1091C8003332000062697473203C20283175203CDA
:1091D8003C206E2900000000465F534B59310000C7
:1091E8006D61703331000000475F446F53617665ED
:1091F80047616D652829205341564520434F4D50FE
:109208005245535345440000475F446F53617665A8
:1092180047616D65282920736176655F62756666AA
:1092280065723D3078253038782073697A653D2538
:10923800640A0000475F446F5361766547616D6556
:10924800282920646F6E652073657474696E6720C1
:10925800757020627566666572000000475F446F2E
:109268005361766547616D6528292077726974694D
:109278006E672067616D65206865616465720000CE
:10928800504C20415420253038780A00574F20414F
:109298005420253038780A0054482041542025307D
:1092A80038780A00535020415420253038780A0075
:1092B800534156452047414D452053495A4520259D
:1092C800640A0000475F446F5361766547616D65C6
:1092D8002829202D20736176696E6720746F2073AA
:1092E8006C6F743A202564206174203078253038FA
:1092F800780A00004E6F7420656E6F75676820737A
:109308007061636520746F20736176652067616D95
:109318006520746F20736C6F742025640000000052
:10932800546865726520776173206E6F7420656E6E
:109338006F75676820737061636520746F2073614F
:109348007665207468652067616D652E0A576F75AC
:109358006C6420796F75206C696B6520746F20636D
:109368006C656172207468697320736C6F74206116
:109378006E640A2074727920736176696E67206161
:109388006761696E20696E2061206469666665722E
:10939800656E7420736C6F743F0A0A70726573731C
:1093A8002079206F72206E2E0000000067616D65C5
:1093B8002073617665642E004C6F61642066616974
:1093C8006C65643A20696E76616C69642067616DCA
:1093D80065206F7220574144206D69736D61746315
:1093E800682E0000446F6F6D20312E39312064657E
:1093F8006D6F20666F726D61740000006465636F45
:1094080064655F776F726473203D3D2069647800FE
:109418002F55736572732F7A6170702F6465762F7C
:10942800646333325F6E6962626C65722F72703288
:109438003034302D646F6F6D2F7372632F646F6FCC
:109448006D2F675F67616D652E6300006368616EED
:10945800676573203C3D203136000000216C6F6E3B
:10946800677469637300000025732069732074753D
:1094780072626F21000000004E45542047414D455F
:1094880000000000556E6B6E6F776E206C65766518
:109498006C0000006C6576656C20313A20656E744E
:1094A80072797761790000006C6576656C20323AD4
:1094B80020756E64657268616C6C73006C657665A6
:1094C8006C20333A207468652067616E746C65742B
:1094D800000000006C6576656C20343A207468657D
:1094E80020666F63757300006C6576656C20353A8D
:1094F800207468652077617374652074756E6E6575
:109508006C7300006C6576656C20363A207468656B
:109518002063727573686572000000006C6576657B
:109528006C20373A20646561642073696D706C65DE
:10953800000000006C6576656C20383A207472690A
:10954800636B7320616E6420747261707300000035
:109558006C6576656C20393A20746865207069748A
:10956800000000006C6576656C2031303A20726529
:109578006675656C696E672062617365000000003E
:109588006C6576656C2031313A20276F27206F662D
:10959800206465737472756374696F6E21000000CE
:1095A8006C6576656C2031323A2074686520666196
:1095B80063746F72790000006C6576656C203133D6
:1095C8003A20646F776E746F776E00006C6576650D
:1095D8006C2031343A2074686520696E6D6F73743D
:1095E8002064656E730000006C6576656C2031350B
:1095F8003A20696E647573747269616C207A6F6E53
:10960800650000006C6576656C2031363A2073750C
:1096180062757262730000006C6576656C20313784
:109628003A2074656E656D656E7473006C65766559
:109638006C2031383A2074686520636F75727479CC
:10964800617264006C6576656C2031393A20746803
:1096580065206369746164656C0000006C657665FB
:109668006C2032303A20676F746368612100000013
:109678006C6576656C2032313A206E697276616E5F
:10968800610000006C6576656C2032323A2074689F
:10969800652063617461636F6D6273006C657665E4
:1096A8006C2032333A2062617272656C73206F27C6
:1096B8002066756E000000006C6576656C2032349B
:1096C8003A2074686520636861736D006C6576651F
:1096D8006C2032353A20626C6F6F6466616C6C7313
:1096E800000000006C6576656C2032363A2074689C
:1096F80065206162616E646F6E6564206D696E6578
:10970800730000006C6576656C2032373A206D6F07
:109718006E7374657220636F6E646F006C65766536
:109728006C2032383A2074686520737069726974E5
:1097380020776F726C6400006C6576656C20323936
:109748003A20746865206C6976696E6720656E6476
:10975800000000006C6576656C2033303A20696340
:109768006F6E206F662073696E0000006C65766509
:109778006C2033313A20776F6C66656E7374656957
:109788006E0000006C6576656C2033323A20677293
:109798006F737365000000006C6576656C20313A64
:1097A80020636F6E676F00006C6576656C20323AD7
:1097B8002077656C6C206F6620736F756C73000082
:1097C8006C6576656C20333A20617A7465630000B5
:1097D8006C6576656C20343A2063616765640000C7
:1097E8006C6576656C20353A2067686F73742074F1
:1097F8006F776E006C6576656C20363A2062617210
:109808006F6E2773206C6169720000006C65766565
:109818006C20373A206361756768747961726400F7
:109828006C6576656C20383A207265616C6D000055
:109838006C6576656C20393A2061626174746F6971
:10984800726500006C6576656C2031303A206F6E69
:10985800736C6175676874006C6576656C2031316E
:109868003A2068756E746564000000006C65766562
:109878006C2031323A207370656564006C657665DA
:109888006C2031333A2074686520637279707400F3
:109898006C6576656C2031343A2067656E6573694E
:1098A800730000006C6576656C2031353A20746869
:1098B80065207477696C6967687400006C65766503
:1098C8006C2031363A20746865206F6D656E000033
:1098D8006C6576656C2031373A20636F6D706F75F3
:1098E8006E6400006C6576656C2031383A206E65D0
:1098F80075726F7370686572650000006C657665D7
:109908006C2031393A206E6D650000006C65766513
:109918006C2032303A207468652064656174682070
:10992800646F6D61696E00006C6576656C2032311C
:109938003A20736C61796572000000006C65766589
:109948006C2032323A20696D706F737369626C658E
:10995800206D697373696F6E000000006C65766531
:109968006C2032333A20746F6D6273746F6E6500C9
:109978006C6576656C2032343A20746865206669B7
:109988006E616C2066726F6E74696572000000000B
:109998006C6576656C2032353A207468652074658C
:1099A8006D706C65206F66206461726B6E65737391
:1099B800000000006C6576656C2032363A206275CE
:1099C8006E6B6572000000006C6576656C2032373E
:1099D8003A20616E74692D636872697374000000BF
:1099E8006C6576656C2032383A207468652073653A
:1099F80077657273000000006C6576656C203239FB
:109A08003A206F647973736579206F66206E6F6989
:109A1800736573006C6576656C2033303A20746822
:109A2800652067617465776179206F662068656C69
:109A38006C0000006C6576656C2033313A206379E0
:109A480062657264656E00006C6576656C20333201
:109A58003A20676F20322069740000006C657665D3
:109A68006C20313A2073797374656D20636F6E745E
:109A7800726F6C006C6576656C20323A2068756D83
:109A8800616E2062627100006C6576656C20333A05
:109A980020706F77657220636F6E74726F6C000050
:109AA8006C6576656C20343A20776F726D686F6CE0
:109AB800650000006C6576656C20353A2068616E3B
:109AC800676572006C6576656C20363A206F706544
:109AD8006E20736561736F6E000000006C657665BB
:109AE8006C20373A20707269736F6E006C6576650A
:109AF8006C20383A206D6574616C00006C65766581
:109B08006C20393A207374726F6E67686F6C6400EA
:109B18006C6576656C2031303A20726564656D70CD
:109B280074696F6E000000006C6576656C203131D9
:109B38003A2073746F7261676520666163696C6946
:109B4800747900006C6576656C2031323A20637256
:109B580061746572000000006C6576656C203133B5
:109B68003A206E756B6167652070726F63657373F9
:109B7800696E67006C6576656C2031343A207374C1
:109B880065656C20776F726B730000006C65766595
:109B98006C2031353A2064656164207A6F6E650007
:109BA8006C6576656C2031363A206465657065733E
:109BB8007420726561636865730000006C65766582
:109BC8006C2031373A2070726F63657373696E6702
:109BD80020617265610000006C6576656C20313823
:109BE8003A206D696C6C00006C6576656C203139C3
:109BF8003A207368697070696E672F726573706157
:109C0800776E696E670000006C6576656C2032308F
:109C18003A2063656E7472616C2070726F6365734D
:109C280073696E67000000006C6576656C203231E0
:109C38003A2061646D696E697374726174696F6EDC
:109C48002063656E746572006C6576656C203232CF
:109C58003A20686162697461740000006C65766519
:109C68006C2032333A206C756E6172206D696E69B2
:109C78006E672070726F6A65637400006C65766544
:109C88006C2032343A2071756172727900000000DC
:109C98006C6576656C2032353A206261726F6E278A
:109CA800732064656E0000006C6576656C20323642
:109CB8003A2062616C6C6973747978006C657665BA
:109CC8006C2032373A206D6F756E74207061696E42
:109CD800000000006C6576656C2032383A206865B3
:109CE800636B00006C6576656C2032393A207269C6
:109CF8007665722073747978000000006C6576656B
:109D08006C2033303A206C6173742063616C6C0092
:109D18006C6576656C2033313A2070686172616FCA
:109D2800680000006C6576656C2033323A20636108
:109D38007269626265616E0045314D313A20486151
:109D48006E6761720000000045314D323A204E7551
:109D5800636C65617220506C616E740045314D33DF
:109D68003A20546F78696E20526566696E6572791B
:109D78000000000045314D343A20436F6D6D616E2F
:109D88006420436F6E74726F6C00000045314D356E
:109D98003A2050686F626F73204C616200000000C7
:109DA8004E45574C4556454C0000000045314D3650
:109DB8003A2043656E7472616C2050726F636573EC
:109DC80073696E670000000045314D373A20436FD4
:109DD8006D70757465722053746174696F6E0000DC
:109DE80045314D383A2050686F626F7320416E6F6D
:109DF8006D616C790000000045314D393A204D699C
:109E08006C697461727920426173650045324D3125
:109E18003A204465696D6F7320416E6F6D616C798E
:109E28000000000045324D323A20436F6E7461697C
:109E38006E6D656E742041726561000045324D3368
:109E48003A20526566696E657279000045324D3474
:109E58003A204465696D6F73204C61620000000010
:109E680045324D353A20436F6D6D616E6420436510
:109E78006E7465720000000045324D363A20486124
:109E88006C6C73206F66207468652044616D6E6524
:109E98006400000045324D373A20537061776E698F
:109EA8006E6720566174730045324D383A20546FFE
:109EB800776572206F6620426162656C0000000061
:109EC80045324D393A20466F727472657373206F4C
:109ED80066204D79737465727900000045334D3101
:109EE8003A2048656C6C204B6565700045334D32EF
:109EF8003A20536C6F756768206F662044657370ED
:109F08006169720045334D333A2050616E64656D66
:109F18006F6E69756D00000045334D343A20486F07
:109F2800757365206F66205061696E0045334D3545
:109F38003A20556E686F6C79204361746865647265
:109F4800616C000045334D363A204D742E20457221
:109F5800656275730000000045334D373A204C693F
:109F68006D626F0045334D383A2044697300000034
:109F780045334D393A2057617272656E730000009F
:109F880045344D313A2048656C6C2042656E6561F8
:109F98007468000045344D323A2050657266656336
:109FA80074204861747265640000000045344D33C4
:109FB8003A20536576657220546865205769636B4B
:109FC8006564000045344D343A20556E72756C79DD
:109FD800204576696C00000045344D353A205468B8
:109FE80065792057696C6C20526570656E74000045
:109FF80045344D363A20416761696E737420546860
:10A008006565205769636B65646C790045344D3725
:10A018003A20416E642048656C6C20466F6C6C6F0A
:10A028007765640045344D383A20556E746F205476
:10A03800686520437275656C0000000045344D3931
:10A048003A20466561720000477265656E3A2000E5
:10A05800496E6469676F3A200000000042726F77AA
:10A068006E3A20005265643A200000004E6F0000EE
:10A0780049276D20726561647920746F206B69636C
:10A088006B2062757474210049276D204F4B2E0098
:10A0980049276D206E6F74206C6F6F6B696E672037
:10A0A800746F6F20676F6F642100000048656C70E3
:10A0B80021000000596F75207375636B2100000043
:10A0C8004E6578742074696D652C207363756D62B4
:10A0D80061672E2E2E000000436F6D652068657243
:10A0E8006521000049276C6C2074616B65206361F1
:10A0F8007265206F662069742E0000005965730030
:10A108004D65737361676573204F46460000000014
:10A118004D65737361676573204F4E00656D70748C
:10A128007920736C6F7400005F000000534156453E
:10A1380047414D45000000000A287072657373207E
:10A148007920746F207175697420746F20646F733F
:10A158002E290000796F752063616E277420646F63
:10A16800206C6F6164207768696C6520696E206176
:10A17800206E65742067616D65210A0A70726573C7
:10A18800732061206B65792E00000000796F7520BF
:10A1980063616E27742073746172742061206E6528
:10A1A800772067616D650A7768696C6520696E203C
:10A1B80061206E6574776F726B2067616D652E0A1A
:10A1C8000A70726573732061206B65792E00000038
:10A1D8007468697320697320746865207368617294
:10A1E80065776172652076657273696F6E206F6638
:10A1F80020646F6F6D2E0A0A796F75206E6565642D
:10A2080020746F206F726465722074686520656EB3
:10A2180074697265207472696C6F67792E0A0A70A6
:10A22800726573732061206B65792E0061726520F9
:10A23800796F75207375726520796F752077616EF7
:10A248007420746F20656E64207468652067616D82
:10A25800653F0A0A70726573732079206F72206EE9
:10A268002E000000796F752063616E277420646F7B
:10A278002074686973207768656E20616C72656107
:10A28800647920696E2061206E65742067616D6550
:10A29800210A0A70726573732061206B65792E003C
:10A2A800796F752063616E27742073617665206904
:10A2B8006620796F75206172656E277420706C61F5
:10A2C80079696E67210A0A70726573732061206B61
:10A2D80065792E00796F752063616E27742071751A
:10A2E80069636B6C6F616420647572696E67206165
:10A2F800206E657467616D65210A0A7072657373F3
:10A308002061206B65792E00796F7520686176650C
:10A318006E2774207069636B6564206120717569AC
:10A32800636B7361766520736C6F74207965742133
:10A338000A0A70726573732061206B65792E0000BC
:10A34800646F20796F752077616E7420746F207147
:10A358007569636B6C6F6164207468652067616DF3
:10A3680065206E616D65640A0A272573273F0A0A0E
:10A3780070726573732079206F72206E2E00000052
:10A38800717569636B73617665206F766572207984
:10A398006F75722067616D65206E616D65640A0A6C
:10A3A800272573273F0A0A70726573732079206F17
:10A3B80072206E2E00000000546865726520697373
:10A3C800206E6F2067616D6520746F20636F6E6EFD
:10A3D80065637420746F2E005468652067616D652D
:10A3E8002068617320616C7265616479207374619F
:10A3F800727465642E000000546865206E65747779
:10A408006F726B2067616D65206973206E6F7420B1
:10A41800636F6D70617469626C6500007769746858
:10A4280020796F757220574144206F7220636C69E0
:10A43800656E742E0000000025642E002573202808
:10A44800796F7529000000002028686F737429004F
:10A45800507265737320456E74657220746F207333
:10A46800746172742067616D6500000050726573D5
:10A47800732045534320746F2063616E63656C00DD
:10A48800444F4F4D4755590061726520796F7520CB
:10A49800737572653F207468697320736B696C6C9F
:10A4A800206C6576656C0A69736E2774206576651D
:10A4B8006E2072656D6F74656C7920666169722EA5
:10A4C8000A0A70726573732079206F72206E2E00ED
:10A4D800596F75206E656564206120626C75652012
:10A4E8006B657920746F2061637469766174652087
:10A4F80074686973206F626A65637400596F7520A8
:10A508006E656564206120726564206B65792074CE
:10A518006F2061637469766174652074686973205B
:10A528006F626A6563740000596F75206E656564B3
:10A5380020612079656C6C6F77206B657920746F6A
:10A548002061637469766174652074686973206F2B
:10A55800626A656374000000596F75206E656564F2
:10A56800206120626C7565206B657920746F206F9F
:10A5780070656E207468697320646F6F72000000E4
:10A58800596F75206E65656420612079656C6C6F04
:10A5980077206B657920746F206F70656E20746802
:10A5A800697320646F6F7200596F75206E656564FA
:10A5B800206120726564206B657920746F206F704C
:10A5C800656E207468697320646F6F720000000004
:10A5D80045565F566572746963616C446F6F723A71
:10A5E80020547269656420746F20636C6F736520F2
:10A5F800736F6D657468696E67207468617420771D
:10A6080061736E2774206120646F6F722E000000E2
:10A61800736F756E64626C6F636B73203C3D2031A1
:10A62800000000002F55736572732F7A6170702FC8
:10A638006465762F646333325F6E6962626C65723B
:10A648002F7270323034302D646F6F6D2F737263D8
:10A658002F646F6F6D2F705F656E656D792E630067
:10A66800212868202620534543544F5248454947DE
:10A6780048545F5A45524F5F4D41534B29000000E3
:10A688002F55736572732F7A6170702F6465762FFA
:10A69800646333325F6E6962626C65722F72703206
:10A6A8003034302D646F6F6D2F7372632F646F6F4A
:10A6B8006D2F725F646566732E6800002128642020
:10A6C8002620534543544F524845494748545F5AFA
:10A6D80045524F5F4D41534B290000005069636B51
:10A6E8006564207570207468652061726D6F722EC4
:10A6F800000000005069636B656420757020746801
:10A7080065204D65676141726D6F72210000000020
:10A718005069636B65642075702061206865616CA1
:10A72800746820626F6E75732E0000005069636B49
:10A73800656420757020616E2061726D6F72206291
:10A748006F6E75732E0000005375706572636861D3
:10A7580072676521000000004D6567615370686588
:10A76800726521005069636B6564207570206120F3
:10A77800626C7565206B6579636172642E000000F8
:10A788005069636B656420757020612079656C6C15
:10A798006F77206B6579636172642E005069636B13
:10A7A8006564207570206120726564206B6579632B
:10A7B8006172642E000000005069636B6564207547
:10A7C80070206120626C756520736B756C6C206BF2
:10A7D80065792E005069636B65642075702061206F
:10A7E80079656C6C6F7720736B756C6C206B657911
:10A7F8002E0000005069636B65642075702061202D
:10A8080072656420736B756C6C206B65792E000023
:10A818005069636B65642075702061207374696D7D
:10A828007061636B2E0000005069636B656420756E
:10A83800702061206D6564696B6974207468617447
:10A8480020796F75205245414C4C59206E656564DE
:10A85800210000005069636B6564207570206120D9
:10A868006D6564696B69742E00000000496E767529
:10A878006C6E65726162696C697479210000000010
:10A888004265727365726B2100000000506172743A
:10A8980069616C20496E7669736962696C6974795B
:10A8A80000000000526164696174696F6E2053682A
:10A8B80069656C64696E67205375697400000000EF
:10A8C800436F6D70757465722041726561204D61CA
:10A8D800700000004C6967687420416D706C69668F
:10A8E80069636174696F6E205669736F7200000046
:10A8F8005069636B6564207570206120636C6970B2
:10A908002E0000005069636B65642075702061201B
:10A91800626F78206F662062756C6C6574732E00A8
:10A928005069636B6564207570206120726F636B7A
:10A9380065742E005069636B656420757020612012
:10A94800626F78206F6620726F636B6574732E0078
:10A958005069636B656420757020616E20656E6553
:10A968007267792063656C6C2E0000005069636B18
:10A97800656420757020616E20656E657267792048
:10A9880063656C6C207061636B2E00005069636BAB
:10A99800656420757020342073686F7467756E2045
:10A9A8007368656C6C732E005069636B6564207501
:10A9B80070206120626F78206F662073686F7467FB
:10A9C800756E207368656C6C732E00005069636B3C
:10A9D80065642075702061206261636B7061636BD0
:10A9E8002066756C6C206F6620616D6D6F210000AC
:10A9F800596F7520676F742074686520424647391F
:10AA08003030302120204F682C207965732E0000CB
:10AA1800596F7520676F7420746865206368616971
:10AA28006E67756E210000004120636861696E736E
:10AA3800617721202046696E6420736F6D65206DF3
:10AA48006561742100000000596F7520676F7420DC
:10AA580074686520726F636B6574206C61756E63D2
:10AA68006865722100000000596F7520676F7420B7
:10AA780074686520706C61736D612067756E210064
:10AA8800596F7520676F74207468652073686F74D8
:10AA980067756E2100000000596F7520676F74207C
:10AAA8007468652073757065722073686F74677554
:10AAB8006E210000537065636869744F7665727221
:10AAC800756E3A205761726E696E673A20756E61CD
:10AAD800626C6520746F20656D756C617465616E5C
:10AAE800206F76657272756E207768657265206E64
:10AAF800756D737065636869743D25690A000000A7
:10AB0800217468696E672D3E73705F626E65787434
:10AB1800000000002F55736572732F7A6170702FD3
:10AB28006465762F646333325F6E6962626C657246
:10AB38002F7270323034302D646F6F6D2F737263E3
:10AB48002F646F6F6D2F705F6D617075746C2E63FD
:10AB5800000000006865696768740000666C6F6FC4
:10AB6800727A00006365696C696E677A000000009C
:10AB7800616E676C6500000072616469757300003E
:10AB88006D6F6D78000000006D6F6D79000000003A
:10AB98006D6F6D7A00000000746963730000000037
:10ABA8007374617465000000666C6167730000006F
:10ABB8006865616C746800006D6F76650000000060
:10ABC8007265616374696F6E000000007468726575
:10ABD80073686F6C64000000216D6F626A5F69734F
:10ABE8005F737461746963287374722900000000CC
:10ABF8002F55736572732F7A6170702F6465762F85
:10AC0800646333325F6E6962626C65722F72703290
:10AC18003034302D646F6F6D2F7372632F646F6FD4
:10AC28006D2F705F73617665672E6300666C6F6F5A
:10AC380072686569676874006365696C696E6768DE
:10AC48006569676874000000666C6F6F727069638D
:10AC5800000000006365696C696E677069630000D5
:10AC68006C696768746C6576656C0000216C696E48
:10AC7800655F7370656369616C286C6929207C7CE9
:10AC8800206C696E655F7370656369616C286C69B7
:10AC980029203D3D207768645F6C696E655F73703D
:10ACA800656369616C28286C69292900736C6F7465
:10ACB800735B6C6173745F736C6F745D2E64617425
:10ACC8006100000066726F6D5F746F70202D2066E2
:10ACD800726F6D5F626F74746F6D203E203000007C
:10ACE8002F55736572732F7A6170702F6465762F94
:10ACF800646333325F6E6962626C65722F727032A0
:10AD08003034302D646F6F6D2F7372632F646F6FE3
:10AD18006D2F705F73657475702E63006E756D6C42
:10AD2800696E6573203E3D206E756D736563746F43
:10AD3800727300006D617030256900006D617025C7
:10AD48006900000069203C20636F756E745F6F6650
:10AD5800287768645F746578747572657472616E5B
:10AD6800736C6174696F6E29000000002F5573655C
:10AD780072732F7A6170702F6465762F6463333233
:10AD88005F6E6962626C65722F7270323034302D7A
:10AD9800646F6F6D2F7372632F646F6F6D2F705FA9
:10ADA800737065632E63000069203C20636F756EC5
:10ADB800745F6F66287768645F666C61747472612B
:10ADC8006E736C6174696F6E2900000045565F44AC
:10ADD8006F446F6E75743A206C696E6564656620A1
:10ADE800686164206E6F207365636F6E6420736999
:10ADF80064656465662120556E6578706563746561
:10AE080064206265686176696F72206D6179206F70
:10AE18006363757220696E2056616E696C6C61207F
:10AE2800446F6F6D2E20000045565F446F446F6E6F
:10AE380075743A205741524E494E473A20656D7510
:10AE48006C6174696E6720627566666572206F76DC
:10AE5800657272756E2064756520746F204E554C4E
:10AE68004C206261636B20736563746F722E20558A
:10AE78006E6578706563746564206265686176697B
:10AE88006F72206D6179206F6363757220696E201F
:10AE980056616E696C6C6120446F6F6D2E00000006
:10AEA8006C69202D206C696E6573203C2036353521
:10AEB8003336000074696D65203C20323536000059
:10AEC8002F55736572732F7A6170702F6465762FB2
:10AED800646333325F6E6962626C65722F727032BE
:10AEE8003034302D646F6F6D2F7372632F646F6F02
:10AEF8006D2F705F7377697463682E6300000000BC
:10AF0800212873697A652026203329002F55736517
:10AF180072732F7A6170702F6465762F6463333291
:10AF28005F6E6962626C65722F7270323034302DD8
:10AF3800646F6F6D2F7372632F646F6F6D2F705F07
:10AF48007469636B2E6300007468696E6B65725F69
:10AF58006E657874287468696E6B65727461696C63
:10AF680029203D3D20267468696E6B6572636170A7
:10AF780000000000736C6F74203E3D2030202626B0
:10AF880020736C6F74203C20380000007468696E70
:10AF98006B65722D3E706F6F6C5F696E666F2026F1
:10AFA800203078380000000074797065203C3D201E
:10AFB8004D41585F5448494E4B45525F504F4F4C96
:10AFC8005300000021282A626974736574202620C2
:10AFD800283175203C3C20736C6F742929000000CF
:10AFE80066726F6E74736563746F722D3E666C6FF4
:10AFF8006F72706963203D3D20736B79666C617474
:10B008006E756D207C7C2028666C6F6F72706C6129
:10B018006E652D3E686569676874203D3D207365DF
:10B0280063746F725F666C6F6F7268656967687466
:10B038002866726F6E74736563746F722920262692
:10B0480020666C6F6F72706C616E652D3E706963FF
:10B058006E756D203D3D2066726F6E747365637406
:10B068006F722D3E666C6F6F727069632900000005
:10B078002F55736572732F7A6170702F6465762F00
:10B08800646333325F6E6962626C65722F7270320C
:10B098003034302D646F6F6D2F7372632F646F6F50
:10B0A8006D2F725F6273702E6300000066726F6EA0
:10B0B80074736563746F722D3E6365696C696E673E
:10B0C800706963203D3D20736B79666C61746E75A1
:10B0D8006D207C7C20286365696C696E67706C6183
:10B0E8006E652D3E686569676874203D3D2073650F
:10B0F80063746F725F6365696C696E6768656967B9
:10B1080068742866726F6E74736563746F72292031
:10B118002626206365696C696E67706C616E652DA3
:10B128003E7069636E756D203D3D2066726F6E746A
:10B13800736563746F722D3E6365696C696E6770C1
:10B14800696329006E756D5F6672616D6564726111
:10B158007761626C6573203C204D41585F465241CF
:10B168004D455F4452415741424C45530000000051
:10B178002F55736572732F7A6170702F6465762FFF
:10B18800646333325F6E6962626C65722F7270320B
:10B198003034302D646F6F6D2F7372632F646F6F4F
:10B1A8006D2F725F646174615F7768642E6300005D
:10B1B8007768645F74657874757265735B736B79AF
:10B1C800746578747572655D2E70617463685F6309
:10B1D8006F756E74203D3D20310000005445585471
:10B1E80055524531000000006E756D7465787475B0
:10B1F800726573203E3D204E554D5F53504543497F
:10B20800414C5F544558545552455300465F53547A
:10B2180041525400465F454E440000006E756D660D
:10B228006C617473203C3D2032353600575F4C7595
:10B238006D704C656E677468286669727374666CA5
:10B2480061742D3129203D3D204E554D5F535045A9
:10B258004349414C5F464C415453202B206E756D39
:10B26800666C617473000000535F5354415254007C
:10B27800535F454E4400000034202A206E756D73DC
:10B2880070726974656C756D7073203D3D20575FF1
:10B298004C756D704C656E67746828666972737456
:10B2A8007370726974656C756D702D3129000000BA
:10B2B800505F535441525400434F4C4F524D4150EC
:10B2C80000000000696E646578203C206E756D6C26
:10B2D800696E6573000000002F55736572732F7ACD
:10B2E8006170702F6465762F646333325F6E6962B4
:10B2F800626C65722F7270323034302D646F6F6DEE
:10B308002F7372632F646F6F6D2F725F6D61696E3B
:10B318002E630000696E646578203C206E756D733D
:10B328006563746F7273000074203C3D204C415378
:10B33800545F5357495443485F54455854555245F0
:10B34800000000006E6F726D616C203D3D2074201E
:10B358007C7C206E6F726D616C203D3D20287420CE
:10B368005E20312900000000636F6C203E3D3020D4
:10B37800262620636F6C203C203235360000000002
:10B388002F55736572732F7A6170702F6465762FED
:10B39800646333325F6E6962626C65722F727032F9
:10B3A8003034302D646F6F6D2F7372632F646F6F3D
:10B3B8006D2F725F646174612E680000666400001E
:10B3C80066645F6E756D203E3D30202626206664DB
:10B3D8005F6E756D203C204D41585F4652414D458A
:10B3E8005F4452415741424C4553000066642D3E2C
:10B3F8007265616C5F6964203E3D2030000000008A
:10B408007768645F74657874757265735B66642DBC
:10B418003E7265616C5F69645D2E7769647468204B
:10B42800213D20300000000064635F736F75726314
:10B43800652E7265616C5F6964203E3D20300000B6
:10B448002F55736572732F7A6170702F6465762F2C
:10B45800646333325F6E6962626C65722F72703238
:10B468003034302D646F6F6D2F7372632F646F6F7C
:10B478006D2F725F736567732E630000706E203CDA
:10B48800207063006D6964203E3D20302026262010
:10B498006D6964203C3D20766965776865696768F1
:10B4A800740000007968202B2031203E3D20302098
:10B4B8002626207968202B2031203C3D207669659E
:10B4C800776865696768740066642D3E7265616CAB
:10B4D8005F6964203C3D2030000000002F557365F3
:10B4E80072732F7A6170702F6465762F64633332BC
:10B4F8005F6E6962626C65722F7270323034302D03
:10B50800646F6F6D2F7372632F646F6F6D2F725F2F
:10B518007468696E67732E6300000000636F6C7552
:10B528006D6E2E636F6C203E3D3020262620636FA3
:10B538006C756D6E2E636F6C203C2070617463684F
:10B548005F77696474682870617463682900000013
:10B558006E6578745F636F6C756D6E203C207061EA
:10B568007463685F776964746828706174636829B4
:10B578000000000073697A65203E3D20310000001C
:10B58800626173655F6F6666736574203C2032354F
:10B59800360000007365675F636F756E74203C202A
:10B5A8004D41585F5345475300000000645F2573C1
:10B5B80000000000696E646578203C204E554D5FA0
:10B5C800534658002F55736572732F7A6170702F28
:10B5D8006465762F646333325F6E6962626C65728C
:10B5E8002F7270323034302D646F6F6D2F73726329
:10B5F8002F646F6F6D2F736F756E64732E63000009
:10B608004465677265656C6573736E657373204D09
:10B618006F6465204F6E00004465677265656C65F0
:10B6280073736E657373204D6F6465204F66660093
:10B63800416D6D6F20286E6F206B657973292041ED
:10B648006464656400000000566572792048617082
:10B65800707920416D6D6F2041646465640000005D
:10B668004D75736963204368616E6765000000006B
:10B67800494D504F535349424C452053454C45433F
:10B6880054494F4E000000004E6F20436C697070A3
:10B69800696E67204D6F6465204F4E004E6F2043E2
:10B6A8006C697070696E67204D6F6465204F4646FF
:10B6B80000000000506F7765722D757020546F6719
:10B6C800676C656400000000696E56756C6E2C200E
:10B6D8005374722C20496E7669736F2C2052616402
:10B6E8002C20416C6C6D61702C206F72204C697439
:10B6F800652D616D700000002E2E2E20646F65731D
:10B708006E2774207375636B202D20474D00000051
:10B71800616E673D307825783B782C793D28307804
:10B7280025782C3078257829000000004368616E60
:10B7380067696E67204C6576656C2E2E2E000000BA
:10B7480069646D79706F73006964636C6576000075
:10B75800696463686F70706572730000696462651C
:10B76800686F6C647600000069646265686F6C6479
:10B778007300000069646265686F6C6469000000AA
:10B7880069646265686F6C64720000006964626570
:10B79800686F6C646100000069646265686F6C645E
:10B7A8006C00000069646265686F6C6400000000EA
:10B7B8006964636C69700000696473706973706FA1
:10B7C80070640000696466610000000069646B666B
:10B7D80061000000696464716400000069646D754B
:10B7E8007300000057494D4150256400436F756C44
:10B7F80064206E6F7420706C61636520706174637F
:10B8080068206F6E206C6576656C202564000000EA
:10B81800736C6F74203D3D2070617463685F68616C
:10B828007368286865616465722D3E706174636829
:10B838005F6E756D29000000696E74207061746315
:10B84800685F6F66667365745F6F725F696E766551
:10B858007273655F736C6F7428696E7429000000D9
:10B868002F55736572732F7A6170702F6465762F08
:10B87800646333325F6E6962626C65722F72703214
:10B888003034302D646F6F6D2F7372632F70645F67
:10B8980072656E6465722E6370700000783E3D308C
:10B8A80020262620783C53435245454E5749445458
:10B8B80048000000696E7431365F7420616C6C6FEB
:10B8C800635F70645F636F6C756D6E28696E742951
:10B8D8000000000072635F696E646578203E3D2059
:10B8E80030000000766F696420667265655F706479
:10B8F8005F636F6C756D6E28696E7431365F74297D
:10B90800000000006578697374696E675F696E642A
:10B918006578203D3D202A707265765F6578697389
:10B9280074696E675F70747200000000766F6964F6
:10B9380020707573685F646F776E5F785F67757482
:10B948007328696E742C20696E7431365F7429000F
:10B9580021636F6C756D6E5F69735F6E696C286EBD
:10B9680065775F636F6C29002A707265765F65780A
:10B97800697374696E675F707472203D3D202D3164
:10B988000000000021636F6C756D6E5F69735F6EF8
:10B99800696C286578697374696E675F636F6C2971
:10B9A8000000000063622E796C203C3D2063622E0B
:10B9B80079680000766F696420707573685F646FDA
:10B9C800776E5F785F66757A7A7928696E742C204D
:10B9D800696E7431365F74290000000072656E6408
:10B9E80065725F636F6C735B72635F696E646578C1
:10B9F8005D2E796C203E3D20302026262072656E13
:10BA08006465725F636F6C735B72635F696E6465B4
:10BA1800785D2E796C203C204D41494E5F56494552
:10BA2800574845494748542026262072656E646564
:10BA3800725F636F6C735B72635F696E6465785D78
:10BA48002E7968203E3D20302026262072656E64BF
:10BA580065725F636F6C735B72635F696E64657850
:10BA68005D2E7968203C204D41494E5F5649455727
:10BA78004845494748540000766F69642070645F00
:10BA88006164645F636F6C756D6E2870645F636F6B
:10BA98006C756D6E5F74797065290000212870647B
:10BAA8005F666C616720262032290000766F696422
:10BAB8002070645F6164645F6D61736B65645F636C
:10BAC8006F6C756D6E732875696E74385F742A2C87
:10BAD80020696E742900000079735B315D203E3D5A
:10BAE8002079735B305D000070645F636F6C756D07
:10BAF8006E20667261637320737572707269736900
:10BB08006E67202530387820253038780A00000004
:10BB180079735B69202A2033202B20315D203E3D3C
:10BB28002079735B69202A20335D0000766F696491
:10BB38002070645F6164645F706C616E655F636FE1
:10BB48006C756D6E28696E742C20696E742C206972
:10BB58006E742C2066697865645F742C20696E7435
:10BB68002C20696E74290000424954204F564552D2
:10BB780052554E00766F69642074685F66696C6C14
:10BB88005F627974652874685F6269745F696E7052
:10BB980075742A290000000075696E742074685F46
:10BBA800726561645F626974732874685F6269743E
:10BBB8005F696E7075742A2C20696E742900000004
:10BBC80075696E7431365F742074685F6465636F7D
:10BBD80064655F7461626C655F7370656369616CED
:10BBE8005F31362874685F6465636F6465722C2002
:10BBF800636F6E73742075696E74385F742A2C20B5
:10BC080074685F6269745F696E7075742A290000D0
:10BC180075696E74385F742074685F6465636F64F7
:10BC2800655F7461626C655F7370656369616C28D8
:10BC380074685F6465636F6465722C20636F6E73EC
:10BC4800742075696E74385F742A2C2074685F627A
:10BC580069745F696E7075742A290000706F7320AB
:10BC68003C20666C61745F6465636F6465725F62D3
:10BC78007566202B20636F756E745F6F6628666C1F
:10BC880061745F6465636F6465725F6275662900DD
:10BC980075696E74385F742A206465636F64655FC4
:10BCA800666C61745F746F5F736C6F7428696E740F
:10BCB8002C20696E742900007866203C202875695C
:10BCC8006E742920780000006361636865645F66AC
:10BCD8006C61745F736C6F7473000000766F6964D5
:10BCE80020666C7573685F766973706C616E6573D6
:10BCF80028696E74385F742A2C20696E74290000D4
:10BD08006865616465722D3E70617463685F6E7505
:10BD18006D203D3D2070617463685F6E756D000035
:10BD2800766F6964206765745F70617463685F64C7
:10BD380065636F64657228696E742C207061746322
:10BD4800685F6465636F64655F696E666F2A2C203F
:10BD5800696E742C20696E74290000002A6C617366
:10BD68007420213D202D3100736C6F74203E3D30CE
:10BD780020262620736C6F74203C20504154434881
:10BD88005F4445434F4445525F484153485F5349D8
:10BD98005A450000706F73202D207064692E646509
:10BDA800636F646572203C3D2073706163655F6EEC
:10BDB8006565646564202D2050415443485F4841BF
:10BDC80053485F454E5452595F4845414445525F78
:10BDD80048574F5244530000706F73203C3D207009
:10BDE800617463685F6465636F6465725F636972D9
:10BDF80063756C61725F627566202B207061746375
:10BE0800685F6465636F6465725F63697263756CAC
:10BE180061725F6275665F77726974655F6C696D80
:10BE280069740000706F73203C3D20706174636812
:10BE38005F6465636F6465725F63697263756C6183
:10BE4800725F627566202B2050415443485F444519
:10BE5800434F4445525F43495243554C41525F4218
:10BE680055464645525F53495A45202D203100001A
:10BE780077203E20302026262077203C3D20333274
:10BE88003000000077203D3D203332302026262028
:10BE980068203D3D2032303000000000766F696434
:10BEA80020647261775F73706C61736828696E745F
:10BEB8002C20696E742C20696E742C2075696E7440
:10BEC800385F742A2C20696E7429000028636F6C0F
:10BED8005F6F666673657420262030786666292051
:10BEE8003C207064692E770070203C2037000000E9
:10BEF800746F70203C20626F74746F6D00000000D6
:10BF0800766F696420647261775F66756C6C7363C1
:10BF18007265656E5F6261636B67726F756E6428C8
:10BF2800696E742C20696E742900000028746F7083
:10BF3800203C204D41494E5F5649455748454947A1
:10BF4800485420262620626F74746F6D203C3D2073
:10BF58004D41494E5F564945574845494748542938
:10BF6800207C7C2028746F70203E3D204D41494E36
:10BF78005F56494557484549474854202626206278
:10BF88006F74746F6D203E204D41494E5F56494590
:10BF98005748454947485429000000005046554233
:10BFA80031000000424F53534241434B0000000010
:10BFB8006920213D202D3100766F6964206472610B
:10BFC800775F636F6D706F736974655F636F6C75AE
:10BFD8006D6E7328696E742C20696E7429000000D8
:10BFE800636F6C203C207700706300006C696D699A
:10BFF80074203C3D2077000072756E5F636F756E2C
:10C0080074203C205748445F4D41585F434F4C5F74
:10C018005345475300000000757365645F74686991
:10C02800735F74696D65203C2031350072756E5FF1
:10C03800636F756E74203C3D205748445F4D4158EE
:10C048005F434F4C5F5345475300000072756E2E97
:10C0580079202B2072756E2E636F756E74203C3DAF
:10C06800203132380000000070636F6C203C207073
:10C07800617463685F7769647468287064692E7096
:10C08800617463682900000028636F6C5F6F6666DF
:10C098007365742026203078666629203C20770056
:10C0A800632E746578747572656D696420213D200E
:10C0B800544558545552454D49445F504C414E459E
:10C0C800000000007064692E77203C3D20574844EA
:10C0D8005F50415443485F4D41585F574944544865
:10C0E80000000000766F696420647261775F706198
:10C0F8007463685F636F6C756D6E7328696E742CFA
:10C1080020696E742C20696E7431365F742A2C2075
:10C1180075696E74385F742A2C20696E7429000062
:10C12800636F6C203C207064692E770028636F6C05
:10C138005F6F66667365742630786666293C70643E
:10C14800692E7700707265763E3D300031203D3DA6
:10C158002070203E3E203800703C370030203D3DA6
:10C1680020282A767020262028283175203C3C205B
:10C17800286269742929202D20312929000000000E
:10C18800766F696420647261775F766973706C6139
:10C198006E657328696E7431365F7429000000007B
:10C1A800626974203C2038002A7020213D203235F5
:10C1B80035000000706C616E655F6E756D203C2007
:10C1C8006E756D766973706C616E65730000000042
:10C1D8002128282875696E747074725F742920701C
:10C1E8002920262030783329000000006269742055
:10C1F800213D20380000000072656E6465725F633F
:10C208006F6C5F636F756E74203D3D2030000000D9
:10C21800766F69642070645F656E645F6672616DD5
:10C228006528696E74290000766F69642072655FFD
:10C23800736F72745F726567756C61725F636F6C40
:10C24800756D6E735F62795F66645F6E756D2829C0
:10C2580000000000796C203C3D204D41494E5F565E
:10C26800494557484549474854000000766F696476
:10C2780020647261775F66757A7A5F636F6C756D3B
:10C288006E732829000000007968203C3D204D414C
:10C29800494E5F56494557484549474854000000AC
:10C2A8005046554232000000706E756D0000000067
:10C2B80048454C503100000048454C5000000000F3
:10C2C80074685F66696C6C5F627974650000000071
:10C2D80074685F726561645F62697473000000006E
:10C2E80074685F726561645F73696D706C655F64C3
:10C2F80065636F646572000074685F63726561747A
:10C30800655F6465636F6465725F313600000000C5
:10C3180074685F6372656174655F6465636F6465A3
:10C3280072000000008040C020A060E0109050D053
:10C3380030B070F0088848C828A868E8189858D815
:10C3480038B878F8048444C424A464E4149454D415
:10C3580034B474F40C8C4CCC2CAC6CEC1C9C5CDCB5
:10C368003CBC7CFC028242C222A262E2129252D2FD
:10C3780032B272F20A8A4ACA2AAA6AEA1A9A5ADAB5
:10C388003ABA7AFA068646C626A666E6169656D6B5
:10C3980036B676F60E8E4ECE2EAE6EEE1E9E5EDE55
:10C3A8003EBE7EFE018141C121A161E1119151D1C1
:10C3B80031B171F1098949C929A969E9199959D985
:10C3C80039B979F9058545C525A565E5159555D585
:10C3D80035B575F50D8D4DCD2DAD6DED1D9D5DDD25
:10C3E8003DBD7DFD038343C323A363E3139353D36D
:10C3F80033B373F30B8B4BCB2BAB6BEB1B9B5BDB25
:10C408003BBB7BFB078747C727A767E7179757D724
:10C4180037B777F70F8F4FCF2FAF6FEF1F9F5FDFC4
:10C428003FBF7FFF74685F66696C6C5F6279746593
:10C438000000000074685F726561645F626974730C
:10C4480000000000726561645F6368616E6E656C10
:10C458005F6576656E745F6465636F64657200001E
:10C4680074685F6465636F64655F7461626C655F5F
:10C478007370656369616C006465636F64655F64AC
:10C4880061746100726561645F7261775F70697879
:10C49800656C735F6465636F6465725F6333000026
:10C4A80074685F66696C6C5F62797465000000008F
:10C4B80074685F726561645F62697473000000008C
:10C4C800726561645F7261775F706978656C735FCC
:10C4D8006465636F646572003C46031001020000E6
:10C4E800A4450310AC45031003020000BC4503102B
:10C4F800DC45031002020000E44503100046031067
:10C50800000300000C460310604603100000000002
:10C51800144603102446031001020000304603109D
:10C528003846031001020000484603105C46031019
:10C53800000300006C460310061A0010241A0010AD
:10C54800B21900101E1900108E1700108018001064
:10C55800EC170010D218001074685F6465636F648C
:10C568006500000074685F66696C6C5F6279746569
:10C578000000000074685F726561645F62697473CB
:10C58800000000006D7573785F7265636F72645F99
:10C598006E6F74655F6F6666000000006D75737876
:10C5A8005F7265636F72645F6E6F74655F6F6E0054
:10C5B8007065656B5F6576656E7400004D55535800
:10C5C8005F4C6F6164526177000000004D49444937
:10C5D8005F49746572617465547261636B00000031
:10C5E800002001070A0B5B5D4043787B7E7F790062
:10C5F80002040507080A0B0C0E0F10121314151766
:10C6080018191A1B1D1E1F20212224252627282918
:10C618002A2C2D2E2F3031323334363738393A3BE5
:10C628003C3D3E3F4041424345464748494A4B4CC2
:10C638004D4E4F505152535455565758595A5B5CAA
:10C648005D5E5F606162636465666768696A6B6C9A
:10C658006D6E6F707172737475767778797A7B7C8A
:10C668007D7E7F80818182838485868788898A8B85
:10C678008C8D8E8F90919293949495969798999A81
:10C688009B9C9D9E9FA0A1A2A3A3A4A5A6A7A8A981
:10C69800AAABACADAEAFAFB0B1B2B3B4B5B6B7B884
:10C6A800B9BABABBBCBDBEBFC0C1C2C3C4C4C5C68B
:10C6B800C7C8C9CACBCCCDCDCECFD0D1D2D3D4D593
:10C6C800D6D6D7D8D9DADBDCDDDEDEDFE0E1E2E39F
:10C6D800E4E5E6E6E7E8E9EAEBECEDEDEEEFF0F1AC
:10C6E800F2F3F4F5F5F6F7F8F9FAFBFCFCFDFEFFBA
:10C6F8000407090B0D0F11131516181A1B1D1E2000
:10C708002123242627282A2B2D2E2F303233343666
:10C718003738393B3C3D3E3F414243444546484912
:10C728004A4B4C4D4E4F5052535455565758595AE0
:10C738005B5C5D5E5F6061626465666768696A6BC1
:10C748006C6D6E6F70717272737475767778797AB2
:10C758007B7C7D7E7F8081828384858586878889AE
:10C768008A8B8C8D8E8F90909192939495969798B2
:10C7780099999A9B9C9D9E9FA0A0A1A2A3A4A5A6BF
:10C78800A6A7A8A9AAABACACADAEAFB0B1B2B2B3D4
:10C79800B4B5B6B7B7B8B9BABBBCBCBDBEBFC0C1EB
:10C7A800C1C2C3C4C5C5C6C7C8C9C9CACBCCCDCE0A
:10C7B800CECFD0D1D2D2D3D4D5D5D6D7D8D9D9DA2D
:10C7C800DBDCDDDDDEDFE0E0E1E2E3E4E4E5E6E753
:10C7D800E7E8E9EAEBEBECEDEEEEEFF0F1F1F2F37E
:10C7E800F4F4F5F6F7F7F8F9FAFBFBFCFDFEFEFFAB
:10C7F800080C101316181B1D1F22242628292B2D60
:10C808002F3132343537393A3C3D3F404143444675
:10C8180047484A4B4C4D4F50515254555657585A09
:10C828005B5C5D5E5F6062636465666768696A6BCE
:10C838006C6D6E6F707172737475767778797A7BB8
:10C848007C7D7E7F80818283848586878788898AAC
:10C858008B8C8D8E8F8F90919293949596969798B6
:10C86800999A9B9B9C9D9E9FA0A0A1A2A3A4A5A5CD
:10C87800A6A7A8A9A9AAABACADADAEAFB0B0B1B2EE
:10C88800B3B4B4B5B6B7B7B8B9BABABBBCBDBDBE18
:10C89800BFC0C0C1C2C3C3C4C5C5C6C7C8C8C9CA4A
:10C8A800CACBCCCDCDCECFCFD0D1D2D2D3D4D4D584
:10C8B800D6D6D7D8D8D9DADBDBDCDDDDDEDFDFE0C2
:10C8C800E1E1E2E3E3E4E5E5E6E7E7E8E9E9EAEB05
:10C8D800EBECEDEDEEEEEFF0F0F1F2F2F3F4F4F54F
:10C8E800F6F6F7F7F8F9F9FAFBFBFCFDFDFEFEFF9B
:10C8F80010171C2024272A2D30323537393C3E406A
:10C9080042444547494B4C4E505153545657595A37
:10C918005C5D5E60616264656667696A6B6C6D6EBA
:10C92800707172737475767778797A7B7C7D7E8086
:10C93800808182838485868788898A8B8C8D8E8F77
:10C948008F90919293949596969798999A9B9B9C81
:10C958009D9E9F9FA0A1A2A3A3A4A5A6A6A7A8A9A0
:10C96800A9AAABACACADAEAFAFB0B1B1B2B3B4B4D1
:10C97800B5B6B6B7B8B8B9BABBBBBCBDBDBEBFBF0C
:10C98800C0C1C1C2C3C3C4C4C5C6C6C7C8C8C9CA52
:10C99800CACBCBCCCDCDCECFCFD0D0D1D2D2D3D3A2
:10C9A800D4D5D5D6D6D7D8D8D9D9DADBDBDCDCDDF7
:10C9B800DDDEDFDFE0E0E1E1E2E3E3E4E4E5E5E654
:10C9C800E6E7E8E8E9E9EAEAEBEBECECEDEDEEEFB7
:10C9D800EFF0F0F1F1F2F2F3F3F4F4F5F5F6F6F71F
:10C9E800F7F8F8F9F9FAFAFBFBFCFCFDFEFEFFFF8D
:10C9F80000000000CC170500982F0A0063470F00BD
:10CA08002E5F1400F9761900C28E1E008BA6230033
:10CA180053BE280019D62D00DEED3200A1053800DE
:10CA2800631D3D0023354200E04C47009C644C00E8
:10CA3800557C51000B945600BFAB5B0070C360007F
:10CA48001EDB6500C8F26A00700A700013227500C8
:10CA5800B4397A0050517F00E96884007D808900EC
:10CA68000D988E0098AF93001FC79800A1DE9D0017
:10CA78001EF6A200960DA8000925AD00773CB2006D
:10CA8800DE53B700416BBC009D82C100F399C6001C
:10CA980043B1CB008DC8D000D0DFD5000CF7DA0049
:10CAA800420EE0007025E500983CEA00B853EF001C
:10CAB800D16AF400E281F900EB98FE00ECAF0301C3
:10CAC800E6C60801D6DD0D01BEF412019E0B180161
:10CAD80076221D01443922010A502701C6662C011D
:10CAE800787D310120943601C0AA3B0156C140012E
:10CAF800E2D7450162EE4A01DA045001461B5501AE
:10CB0800A8315A0100485F014C5E64018C746901C8
:10CB1800C28A6E01ECA073010CB778011ECD7D01AD
:10CB280026E3820120F98701100F8D01F22492017A
:10CB3800C83A970190509C014E66A101FC7BA60162
:10CB48009E91AB0134A7B001BCBCB50134D2BA0187
:10CB5800A0E7BF01FEFCC4014E12CA019027CF0115
:10CB6800C43CD401E851D901FE66DE01047CE3012E
:10CB7800FC90E801E6A5ED01BEBAF20188CFF70105
:10CB880042E4FC01ECF80102880D070210220C02B5
:10CB98008C361102F44A16024C5F1B029473200271
:10CBA800CC872502F49B2A0208B02F020CC4340259
:10CBB800FCD73902DCEB3E02A8FF430264134902AA
:10CBC80010274E02A83A53022C4E5802A0615D026B
:10CBD800007562024C886702849B6C02ACAE7102DD
:10CBE800BCC17602BCD47B02A8E7800280FA850229
:10CBF800440D8B02F41F90028C32950214459A0260
:10CC080084579F02E469A402287CA9025C8EAE02C4
:10CC180078A0B30280B2B80274C4BD0250D6C20272
:10CC280018E8C702C8F9CC02640BD202E81CD70284
:10CC3800542EDC02AC3FE102EC50E6021462EB0237
:10CC48002473F0022084F5020495FA02CCA5FF02B1
:10CC580080B604031CC70903A0D70E030CE813030E
:10CC680060F8180398081E03BC182303C428280377
:10CC7800B4382D038C48320348583703EC673C031B
:10CC880074774103E88646033C964B0378A5500326
:10CC98009CB45503A4C35A0390D25F0364E16403B0
:10CCA8001CF06903B8FE6E033C0D7403A01B7903E6
:10CCB800EC297E031C3883033046880328548D03EF
:10CCC80000629203C06F9703647D9C03EC8AA10302
:10CCD8005498A603A0A5AB03D0B2B003E4BFB50334
:10CCE800DCCCBA03B4D9BF036CE6C4030CF3C903A4
:10CCF80088FFCE03EC0BD4032C18D9035424DE038D
:10CD08005830E303403CE8030848ED03B453F2030A
:10CD18003C5FF703A86AFC03F87501042081060448
:10CD2800308C0B0418971004E8A1150498AC1A0469
:10CD380020B71F0490C12404D8CB290400D62E04A0
:10CD480010E03304F8E93804C0F33D0468FD4204F8
:10CD5800E806480450104D0490195204B0225704B4
:10CD6800B02B5C0488346104403D6604D8456B04EC
:10CD7800484E700498567504C85E7A04D8667F04D5
:10CD8800C06E840480768904207E8E04A085930476
:10CD9800F88C980430949D04409BA20428A2A70410
:10CDA800F0A8AC0498AFB10418B6B60470BCBB04C4
:10CDB800A8C2C004B8C8C504A0CECA0468D4CF04A9
:10CDC80008DAD40480DFD904D0E4DE0400EAE304FE
:10CDD80008EFE804E8F3ED04A0F8F20438FDF704DE
:10CDE800A801FD04E8050205080A0705000E0C0560
:10CDF800D81111058015160500191B05581C2005AA
:10CE0800881F250598222A0578252F0530283405FE
:10CE1800C02A3905282D3E05682F4305803148056D
:10CE280070334D0530355205C836570540385C0516
:10CE380080396105A03A6605983B6B05603C700532
:10CE4800003D7505703D7A05C03D7F05E03D8405D0
:10CE5800D03D8905A03D8E05403D9305B03C980521
:10CE6800F83B9D05183BA205083AA705D038AC0544
:10CE78006837B105D835B6051834BB052832C00562
:10CE88001030C505D02DCA05602BCF05C028D405A4
:10CE9800F825D9050023DE05D81FE305881CE80519
:10CEA8000819ED055815F2057811F705700DFC0500
:10CEB80038090106D004060638000B0678FB0F0671
:10CEC80088F6140660F1190610EC1E0690E6230693
:10CED800E8E0280608DB2D06F8D43206B8CE370677
:10CEE80050C83C06B0C14106E0BA4606E8B34B0656
:10CEF800B8AC500658A55506C89D5A0608965F0650
:10CF0800188E6406F8856906A07D6E06207573067E
:10CF1800686C780680637D06685A82061851870611
:10CF280098478C06F03D910608349606F8299B062A
:10CF3800B01FA0063815A506880AAA06A8FFAE06DF
:10CF480098F4B30650E9B806D8DDBD0628D2C20663
:10CF580048C6C70638BACC06F0ADD10670A1D606C9
:10CF6800C094DB06D887E006C07AE506786DEA0645
:10CF7800F05FEF063852F4065044F9063036FE06E4
:10CF8800D827030748190807880A0D0790FB1107D7
:10CF980060EC160700DD1B0768CD200798BD250744
:10CFA80090AD2A07589D2F07E88C3407387C39073D
:10CFB800586B3E07405A4307F848480770374D07F3
:10CFC800B0255207C013570790015C0730EF600780
:10CFD80098DC6507C0C96A07B8B66F0770A37407FD
:10CFE800F88F7907407C7E0750688307305488079C
:10CFF800D03F8D07382B92076816970758019C0772
:10D0080018ECA00798D6A507E0C0AA07F0AAAF07B2
:10D01800C894B407607EB907C067BE07E850C30765
:10D02800D839C8078822CD07000BD20738F3D607AE
:10D0380038DBDB0700C3E00788AAE507D891EA07D1
:10D04800F078EF07C85FF4076046F907C82CFE07B9
:10D05800F0120308D0F8070880DE0C08F0C31108A6
:10D0680020A91608208E1B08D072200850572508C2
:10D07800903B2A08A01F2F0860033408F0E6380800
:10D0880030CA3D0840AD420810904708A0724C08CD
:10D098000055510810375608F0185B0880FA5F08E9
:10D0A800E0DB640800BD6908E09D6E08807E7308B7
:10D0B800E05E7808003F7D08E01E820890FE860842
:10D0C800F0DD8B0810BD9008F09B9508A07A9A08AF
:10D0D80000599F082037A4081015A908B0F2AD0818
:10D0E80010D0B20840ADB708208ABC08C066C10895
:10D0F8002043C608401FCB0820FBCF08C0D6D40861
:10D1080020B2D908408DDE082068E308B042E8085C
:10D11800101DED0820F7F108F0D0F60880AAFB08EA
:10D12800D0830009E05C0509B0350A09300E0F0903
:10D1380080E6130980BE180940961D09C06D2209B2
:10D14800F0442709F01B2C09A0F2300910C9350951
:10D15800309F3A0920753F09C04A440920204909EF
:10D1680040F54D0910CA5209B09E570900735C0971
:10D1780000476109D01A660950EE6A0980C16F0933
:10D188008094740930677909A0397E09C00B830936
:10D19800A0DD870940AF8C09A0809109B05196099C
:10D1A80070229B0900F39F0940C3A4093093A90981
:10D1B800E062AE095032B3098001B80950D0BC0909
:10D1C800F09EC109406DC609503BCB091009D00932
:10D1D80090D6D409C0A3D909B070DE09503DE3093F
:10D1E800B009E809C0D5EC0990A1F109206DF6094C
:10D1F8006038FB095003000A00CE040A6098090A47
:10D2080080620E0A502C130AE0F5170A20BF1C0A88
:10D218002088210AD050260A40192B0A50E12F0AEB
:10D2280030A9340AC070390A00383E0AF0FE420AB2
:10D23800A0C5470A008C4C0A2052510AF017560A1A
:10D2480080DD5A0AB0A25F0AA067640A502C690AF6
:10D25800B0F06D0AC0B4720A8078770A003C7C0A84
:10D2680030FF800A20C2850AB0848A0A00478F0AE4
:10D278000009940AC0CA980A308C9D0A504DA20A27
:10D28800200EA70AB0CEAB0AF08EB00AE04EB50A5F
:10D29800800EBA0AE0CDBE0AE08CC30AA04BC80AC9
:10D2A800100ACD0A40C8D10A1086D60AA043DB0A64
:10D2B800E000E00AD0BDE40A807AE90AD036EE0A36
:10D2C800E0F2F20A90AEF70A006AFC0A2025010B88
:10D2D80000E0050B809A0A0BB0540F0BA00E140B3C
:10D2E80040C8180B80811D0B803A220B30F3260BA7
:10D2F80090AB2B0BA063300B701B350BE0D2390BB6
:10D30800008A3E0BE040430B60F7470BA0AD4C0B87
:10D318008063510B2019560B60CE5A0B60835F0B4C
:10D328000038640B60EC680B70A06D0B2054720B16
:10D338009007770BB0BA7B0B706D800BF01F850BD5
:10D3480010D2890BF0838E0B7035930BA0E6970BE8
:10D3580090979C0B2048A10B60F8A50B50A8AA0B2E
:10D36800F057AF0B4007B40B40B6B80BF064BD0BD9
:10D378005013C20B50C1C60B106FCB0B701CD00BD7
:10D3880080C9D40B4076D90BB022DE0BD0CEE20B8D
:10D39800A07AE70B1026EC0B40D1F00B107CF50BB4
:10D3A8009026FA0BC0D0FE0B907A030C2024080CB0
:10D3B80050CD0C0C3076110CC01E160CF0C61A0C91
:10D3C800E06E1F0C7016240CB0BD280CA0642D0C48
:10D3D800300B320C80B1360C70573B0C10FD3F0CF3
:10D3E80050A2440C4047490CE0EB4D0C3090520CD5
:10D3F8003034570CD0D75B0C207B600C101E650CAA
:10D40800C0C0690C10636E0C0005730CB0A6770CD5
:10D4180000487C0CF0E8800CA089850CF0298A0C67
:10D42800E0C98E0C9069930CE008980CE0A79C0C5E
:10D438008046A10CD0E4A50CC082AA0C6020AF0CD9
:10D44800B0BDB30CB05AB80C50F7BC0C9093C10CDB
:10D45800802FC60C20CBCA0C7066CF0C6001D40C90
:10D46800F09BD80C3036DD0C20D0E10CB069E60C0E
:10D47800F002EB0CD09BEF0C6034F40CA0CCF80C51
:10D488008064FD0C00FC010D3093060D102A0B0D75
:10D4980090C00F0DB056140D80EC180D00821D0DB4
:10D4A8002017220DF0AB260D60402B0D70D42F0DE8
:10D4B8003068340DA0FB380DB08E3D0D6021420D53
:10D4C800C0B3460DD0454B0D70D74F0DD068540DE5
:10D4D800C0F9580D708A5D0DB01A620DA0AA660DCC
:10D4E800403A6B0D70C96F0D6058740DE0E6780D09
:10D4F80010757D0DF002820D7090860D901D8B0DBC
:10D5080050AA8F0DC036940DE0C2980DA04E9D0D07
:10D5180000DAA10D0065A60DB0EFAA0D007AAF0DD7
:10D528000004B40DA08DB80DE016BD0DC09FC10D4F
:10D538005028C60D90B0CA0D6038CF0DE0BFD30D8E
:10D548000047D80DD0CDDC0D3054E10D50DAE50D93
:10D558000060EA0D60E5EE0D606AF30D00EFF70D6F
:10D568004073FC0D30F7000EC07A050E00FE090E60
:10D57800D0800E0E5003130E7085170E40071C0E38
:10D58800A088200EB009250E608A290EB00A2E0E3A
:10D59800B08A320E500A370E90893B0E7008400E42
:10D5A800F086440E2005490EF0824D0E6000520EA2
:10D5B800707D560E30FA5A0E80765F0E80F2630E3A
:10D5C800206E680E60E96C0E4064710ED0DE750E38
:10D5D80000597A0EC0D27E0E304C830E50C5870E8D
:10D5E800003E8C0E50B6900E502E950EE0A5990E6A
:10D5F800201D9E0E0094A20E800AA70EA080AB0EDE
:10D6080070F6AF0ED06BB40EE0E0B80E8055BD0ECC
:10D61800D0C9C10EC03DC60E50B1CA0E8024CF0E6F
:10D628005097D30EC009D80ED07BDC0E90EDE00EDB
:10D63800E05EE50EE0CFE90E7040EE0EB0B0F20EFF
:10D648008020F70E0090FB0E20FFFF0EE06D040F08
:10D6580040DC080F304A0D0FD0B7110F1025160FF8
:10D66800F0911A0F70FE1E0F906A230F50D6270FE5
:10D67800B0412C0FB0AC300F6017350FA081390FB7
:10D6880080EB3D0F0055420F20BE460FE0264B0FA2
:10D69800408F4F0F40F7530FE05E580F20C65C0FC6
:10D6A800002D610F8093650FA0F9690F505F6E0F11
:10D6B800B0C4720FB029770F508E7B0F80F27F0FA6
:10D6C8006056840FD0B9880FF01C8D0FA07F910F82
:10D6D80000E2950FF0439A0F80A59E0FB006A30FA6
:10D6E8008067A70FF0C7AB0F0028B00FB087B40F43
:10D6F80000E7B80FE045BD0F70A4C10F9002C60F38
:10D708005060CA0FB0BDCE0FB01AD30F5077D70FE5
:10D7180090D3DB0F702FE00FE08AE40F00E6E80FEC
:10D72800B040ED0F009BF10FF0F4F50F804EFA0FAB
:10D73800B0A7FE0F80000310E0580710E0B00B10F0
:10D7480080081010C05F1410A0B61810200D1D100E
:10D7580040632110E0B82510400E2A1020632E10D7
:10D76800C0B73210E00B3710A05F3B1000B33F107A
:10D7780000064410A0584810E0AA4C10C0FC5010F5
:10D78800404E5510409F591000F05D104040621007
:10D7980020906610A0DF6A10C02E6F10807D731075
:10D7A800E0CB7710C0197C106067801080B48410BB
:10D7B80060018910C04D8D10C099911060E59510D9
:10D7C800A0309A10607B9E10E0C5A210E00FA71051
:10D7D800A059AB10E0A2AF10C0EBB3104034B810A2
:10D7E800607CBC1000C4C010600BC5104052C9104A
:10D7F800E098CD1000DFD110C024D610006ADA10EE
:10D8080000AFDE10A0F3E210C037E710807BEB100A
:10D81800E0BEEF10E001F4108044F810C086FC1060
:10D8280080C80011000A0511004B0911A08B0D11C9
:10D83800E0CB1111A00B1611204B1A11208A1E11D2
:10D84800E0C822112007271100452B1160822F11F3
:10D8580080BF331120FC371160383C1160744011CF
:10D86800C0AF4411E0EA4811A0254D11E05F511105
:10D87800C099551140D35911600C5E1120456211B1
:10D88800607D661140B56A11E0EC6E1100247311D9
:10D89800A05A771100917B11E0C67F1160FC8311BB
:10D8A8008031881140668C11A09A901180CE941115
:10D8B8000002991120359D11E067A111409AA51128
:10D8C80020CCA911C0FDAD11E02EB211A05FB61198
:10D8D800E08FBA11E0BFBE1160EFC211801EC71100
:10D8E800404DCB11807BCF1180A9D31100D7D71120
:10D8F8002004DC11E030E011205DE4112089E811FA
:10D90800A0B4EC11C0DFF011800AF511C034F91190
:10D91800C05EFD114088011260B1051200DA0912DB
:10D9280060020E12402A1212C0511612E0781A1222
:10D93800809F1E12E0C52212C0EB261220112B1266
:10D9480040362F12005B3312407F371220A33B1260
:10D9580080C63F12A0E94312400C4812802E4C1298
:10D9680060505012E0715412E092581280B35C1269
:10D97800C0D36012A0F364120013691200326D1252
:10D98800A0507112E06E7512A08C791200AA7D1257
:10D9980000C78112A0E38512E0FF8912A01B8E1236
:10D9A8000037921200529612806C9A12A0869E122C
:10D9B80060A0A212C0B9A612C0D2AA1240EBAE1241
:10D9C8006003B312201BB7126032BB124049BF126A
:10D9D800C05FC312E075C712808BCB12E0A0CF12D4
:10D9E800C0B5D31220CAD71240DEDB12E0F1DF1235
:10D9F8002005E4120018E812602AEC12603CF012CC
:10DA0800004EF412405FF8120070FC1260800013A0
:10DA18006090041300A0081320AF0C13E0BD10138E
:10DA280040CC141320DA1813A0E71C13C0F42013F9
:10DA380080012513E00D2913C0192D13402531133A
:10DA480040303513003B391340453D13204F4113F7
:10DA58008058451380614913206A4D136072511331
:10DA6800207A5513A0815913A0885D13208F611364
:10DA780040956513209B691360A06D1360A5711311
:10DA8800E0A9751300AE7913C0B17D1300B58113F9
:10DA9800E0B7851360BA891360BC8D1320BE91135B
:10DAA80060BF951320C09913A0C09D13A0C0A113F7
:10DAB80040C0A51360BFA91340BEAD13A0BCB113ED
:10DAC80080BAB51320B8B91340B5BD1300B2C1135D
:10DAD80040AEC51320AAC913A0A5CD13C0A0D11369
:10DAE800609BD513C095D913808FDD130089E1138E
:10DAF8000082E513A07AE913E072ED13A06AF1132E
:10DB08000062F5130059F913804FFD13C045011445
:10DB1800603B0514C0300914A0250D14201A1114F7
:10DB2800400E1514E001191440F51C1400E82014E7
:10DB380080DA241480CC281420BE2C1460AF301452
:10DB480020A034148090381480803C140070401455
:10DB5800205F4414E04D4814403C4C14202A5014D3
:10DB6800A0175414C004581460F15B14A0DD5F14AE
:10DB780080C96314E0B46714E09F6B14808A6F1443
:10DB8800C0747314805E7714E0477B14E0307F1410
:10DB9800601983148001871440E98A1480D08E1498
:10DBA80060B79214E09D961400849A14A0699E149C
:10DBB800E04EA214A033A6142018AA1420FCAD1419
:10DBC800A0DFB114E0C2B514A0A5B9140088BD1433
:10DBD800E069C114604BC514802CC914400DCD14E4
:10DBE80080EDD01460CDD414C0ACD814E08BDC1414
:10DBF800806AE014C048E4148026E814E003EC14BA
:10DC0800E0E0EF1460BDF314A099F7144075FB141D
:10DC1800A050FF14802B03150006071520E00A15F5
:10DC2800C0B90E1500931215E06B161540441A156D
:10DC3800601C1E15E0F3211520CB2515E0A1291540
:10DC480040782D15204E3115C0233515E0F83815CC
:10DC580080CD3C15E0A14015C075441520494815F4
:10DC6800401C4C15E0EE4F1520C15315E092571596
:10DC780060645B1540355F15E005631500D66615D1
:10DC8800C0A56A1520756E150044721580127615A8
:10DC9800A0E0791540AE7D15807B8115604885151B
:10DCA800E0148915E0E08C1580AC9015A0779415E8
:10DCB80080429815E00C9C15C0D69F1560A0A3154E
:10DCC8008069A7152032AB1580FAAE1560C2B2156F
:10DCD800E089B615E050BA158017BE15C0DDC1152C
:10DCE800A0A3C5150069C915002ECD15A0F2D01541
:10DCF800C0B6D415807AD815E03DDC15C000E01513
:10DD080040C3E3156085E7152047EB156008EF155C
:10DD180040C9F215C089F615C049FA156009FE1503
:10DD2800A0C8011660870516C0450916C0030D1660
:10DD380040C11016607E1416203B181680F71B167B
:10DD480060B31F16E06E2316002A2716A0E42A16D1
:10DD5800E09E2E16C05832162012361620CB3916E1
:10DD6800C0833D16003C4116C0F3441620AB48164C
:10DD780020624C16A0185016C0CE53168084571631
:10DD8800C0395B16A0EE5E1620A3621640576616D1
:10DD9800E00A6A1620BE6D160071711660237516AA
:10DDA80060D5781600877C1620388016E0E8831640
:10DDB8004099871640498B16C0F88E16E0A7921630
:10DDC800A0569616E0049A16C0B29D164060A11699
:10DDD800400DA51600BAA8162066AC160012B0169B
:10DDE80060BDB3166068B7160013BB1640BDBE16FB
:10DDF8000067C2166010C61640B9C916C061CD16B4
:10DE0800E009D116A0B1D416E058D816E0FFDB1609
:10DE180040A6DF16604CE31600F2E6164097EA16B5
:10DE2800203CEE1680E0F1168084F5162028F916BD
:10DE380060CBFC16206E00178010041760B207171D
:10DE480000540B1720F50E17E095121720361617F9
:10DE580000D6191780751D17A014211740B3241771
:10DE68008051281760EF2B17E08C2F17E029331704
:10DE780080C63617C0623A1780FE3D17E0994117F1
:10DE8800E034451780CF4817A0694C176003501736
:10DE9800C09C5317A035571720CE5A1740665E17F7
:10DEA80000FE611740956517202C6917A0C26C17F2
:10DEB800C058701760EE7317A083771780187B1708
:10DEC800E0AC7E17E040821780D48517C0678917B9
:10DED80080FA8C17E08C9017E01E941780B0971783
:10DEE800A0419B1760D29E17C062A217A0F2A51787
:10DEF8002082A9174011AD1700A0B017402EB41703
:10DF080040BCB717C049BB17C0D6BE178063C2173D
:10DF1800C0EFC517807BC9170007CD170092D0172F
:10DF2800A01CD417E0A6D717C030DB1720BADE171D
:10DF38002043E217C0CBE517E053E917C0DBEC1725
:10DF48002063F01700EAF317A070F717C0F6FA1766
:10DF5800807CFE17E0010218C0860518400B0918DE
:10DF6800608F0C1820131018809613186019171852
:10DF7800E09B1A18001E1E18A09F2118E0202518E3
:10DF8800C0A1281840222C1840A22F1800223318AC
:10DF980040A1361800203A18809E3D18801C411870
:10DFA800209A44186017481840944B18A0104F182E
:10DFB800A08C5218400856186083591840FE5C1807
:10DFC800A0786018A0F26318206C671860E56A18DA
:10DFD800205E6E1880D67118804E751800C67818A5
:10DFE800203D7C18E0B37F18402A831840A086188B
:10DFF800C0158A18E08A8D18A0FF9018E07394184D
:10E00800E0E79718605B9B1880CE9E184041A218E5
:10E0180080B3A5186025A918E096AC180008B018B8
:10E02800C078B31800E9B618E058BA1860C8BD1827
:10E038008037C11840A6C4188014C8186082CB184D
:10E04800E0EFCE18005DD218A0C9D518E035D91870
:10E05800C0A1DC18400DE0186078E31800E3E6186A
:10E06800404DEA1820B7ED18A020F118A089F4183F
:10E0780060F2F718A05AFB1880C2FE18E0290219AE
:10E0880000910519A0F70819E05D0C19C0C30F1914
:10E0980040291319408E1619E0F2191940571D1915
:10E0A80000BB2019801E2419A081271940E42A19D1
:10E0B80080462E1960A83119E0093519E06A381927
:10E0C80080CB3B19E02B3F19A08B421920EB451957
:10E0D800404A4919E0A84C192007501900655319FE
:10E0E80080C25619A01F5A19407C5D1980D8601942
:10E0F80060346419E08F671900EB6A19A0456E193E
:10E1080000A07119E0F974196053781980AC7B1973
:10E1180020057F19805D821960B58519E00C891981
:10E1280000648C19C0BA8F190011931900679619E9
:10E1380080BC9919A0119D196066A019C0BAA319CD
:10E14800A00EA7194062AA1960B5AD192008B11927
:10E15800805AB41960ACB71900FEBA19204FBE191D
:10E1680000A0C11960F0C4196040C819E08FCB192C
:10E1780020DFCE19002ED219607CD51960CAD819B3
:10E188000018DC194065DF1900B2E21980FEE519B4
:10E19800804AE9194096EC1980E1EF19602CF319CF
:10E1A800C076F619E0C0F919800AFD19E053001A83
:10E1B800C09C031A40E5061A602D0A1A20750D1A2C
:10E1C80060BC101A6003141AE049171A00901A1A52
:10E1D800C0D51D1A201B211A2060241AC0A4271A92
:10E1E800E0E82A1AC02C2E1A2070311A20B3341AEB
:10E1F800C0F5371A00383B1AE0793E1A40BB411A7D
:10E2080060FC441A003D481A407D4B1A40BD4E1A26
:10E21800C0FC511AC03B551A807A581AE0B85B1AEC
:10E22800C0F65E1A6034621A8071651A40AE681AC8
:10E23800A0EA6B1AA0266F1A4062721A809D751A9E
:10E2480040D8781AC0127C1AC04C7F1A6086821A8D
:10E25800C0BF851AA0F8881A20318C1A20698F1A35
:10E26800E0A0921A40D8951A200F991AC0459C1A16
:10E27800E07B9F1AA0B1A21A00E7A51A201CA91AD0
:10E28800A050AC1AE084AF1AC0B8B21A40ECB51A64
:10E29800401FB91A0052BC1A4084BF1A20B6C21ACD
:10E2A800C0E7C51AE018C91AA049CC1A007ACF1AD3
:10E2B800E0A9D21A80D9D51AC008D91AA037DC1A11
:10E2C8000066DF1A0094E21AC0C1E51A00EFE81AE6
:10E2D800E01BEC1A6048EF1A8074F21A40A0F51A95
:10E2E800A0CBF81AA0F6FB1A4021FF1A804B021B9C
:10E2F8004075051BC09E081BC0C70B1B80F00E1B7A
:10E30800C018121BA040151B4068181B608F1B1BF0
:10E3180020B61E1B80DC211B8002251B2028281B01
:10E32800604D2B1B20722E1BA096311BC0BA341BCC
:10E3380060DE371BC0013B1BC0243E1B4047411B0E
:10E348006069441B408B471BA0AC4A1BA0CD4D1BEA
:10E3580060EE501BA00E541B802E571B004E5A1BFC
:10E36800206D5D1BE08B601B40AA631B40C8661BC9
:10E37800E0E5691B20036D1B0020701B803C731BAC
:10E388008058761B4074791BA08F7C1BA0AA7F1B2A
:10E3980020C5821B60DF851B40F9881BA0128C1BDF
:10E3A800C02B8F1B6044921BC05C951BA074981BEC
:10E3B800408C9B1B60A39E1B20BAA11BA0D0A41B52
:10E3C800A0E6A71B60FCAA1BA011AE1B8026B11BF0
:10E3D800203BB41B404FB71B0063BA1B8076BD1BA4
:10E3E8008089C01B209CC31B60AEC61B60C0C91BB4
:10E3F800E0D1CC1B00E3CF1BE0F3D21B4004D61BBB
:10E408004014D91BE023DC1B4033DF1B2042E21BF6
:10E41800A050E51BC05EE81BA06CEB1B007AEE1B4E
:10E428000087F11BC093F41B00A0F71BE0ABFA1B9D
:10E4380080B7FD1BA0C2001C60CD031CE0D7061CE2
:10E44800E0E1091CA0EB0C1CE0F40F1CE0FD121C21
:10E458006006161CA00E191C60161C1CE01D1F1C53
:10E46800E024221CA02B251C0032281CE0372B1C82
:10E47800803D2E1CC042311CA047341C004C371C68
:10E4880020503A1CE0533D1C4057401C405A431C46
:10E49800E05C461C205F491C00614C1C80624F1CDC
:10E4A800A063521C8064551CE064581CE0645B1C2B
:10E4B800A0645E1CE063611CC062641C6061671C30
:10E4C800805F6A1C605D6D1CE05A701CE057731C0D
:10E4D800A054761C0051791C004D7C1CA0487F1C60
:10E4E800E043821CC03E851C4039881C60338B1C6D
:10E4F800402D8E1CA026911CC01F941C6018971CD0
:10E50800C0109A1CA0089D1C4000A01C80F7A21CEB
:10E5180060EEA51CC0E4A81CE0DAAB1CC0D0AE1CA1
:10E5280020C6B11C20BBB41CC0AFB71C20A4BA1CA9
:10E538000098BD1CA08BC01CC07EC31CA071C61C4B
:10E548002064C91C4056CC1C0048CF1C6039D21C22
:10E55800602AD51C201BD81C600BDB1C60FBDD1C53
:10E56800E0EAE01C20DAE31C00C9E61C80B7E91CDD
:10E57800A0A5EC1C6093EF1CC080F21CC06DF51CBC
:10E58800805AF81CC046FB1CC032FE1C601E011DD0
:10E598008009041D60F4061D00DF091D20C90C1D3B
:10E5A800E0B20F1D409C121D6085151D206E181DC0
:10E5B80080561B1D603E1E1D2026211D600D241D3A
:10E5C80040F4261DC0DA291D00C12C1DE0A62F1D10
:10E5D800408C321D6071351D2056381DA03A3B1DF8
:10E5E800A01E3E1D6002411DA0E5431DA0C8461D9A
:10E5F80040AB491D808D4C1D606F4F1DE050521D72
:10E608002032551DE012581D60F35A1D80D35D1D40
:10E6180040B3601DA092631DC071661D6050691DE6
:10E62800C02E6C1DC00C6F1D60EA711DA0C7741D43
:10E6380080A4771D20817A1D405D7D1D2039801DB5
:10E64800A014831DC0EF851D80CA881D00A58B1DE1
:10E65800007F8E1DC058911D2032941D200B971DE0
:10E66800E0E3991D20BC9C1D20949F1DC06BA21D3A
:10E678000043A51DE019A81D60F0AA1DA0C6AD1D88
:10E68800609CB01DE071B31D0047B61DE01BB91DAD
:10E6980040F0BB1D60C4BE1D2098C11D806BC41D09
:10E6A800803EC71D2011CA1D80E3CC1D80B5CF1D3B
:10E6B8002087D21D6058D51D4029D81DE0F9DA1DE4
:10E6C80020CADD1D009AE01D8069E31DA038E61D03
:10E6D8008007E91D00D6EB1D20A4EE1DE071F11D99
:10E6E800403FF41D600CF71D20D9F91D80A5FC1DC5
:10E6F8008071FF1D403D021EA008051EA0D3071E05
:10E70800409E0A1E80680D1E8032101E20FC121EBC
:10E7180060C5151E408E181EE0561B1E001F1E1ECB
:10E72800E0E6201E80AE231EA075261E803C291E12
:10E7380000032C1E20C92E1EE08E311E6054341E8C
:10E748008019371E40DE391EA0A23C1EC0663F1E3F
:10E75800802A421EE0ED441EE0B0471EA0734A1E08
:10E7680000364D1E00F84F1EA0B9521E007B551EE4
:10E77800003C581EA0FC5A1EE0BC5D1EE07C601EDA
:10E78800803C631EC0FB651EA0BA681E40796B1EE4
:10E7980080376E1E60F5701E00B3731E2070761EE3
:10E7A800002D791EA0E97B1EC0A57E1EA061811EDA
:10E7B800201D841E40D8861E2093891EA04D8C1EC5
:10E7C800C0078F1EA0C1911E007B941E4034971E67
:10E7D80000ED991E60A59C1E805D9F1E6015A21EFF
:10E7E800C0CCA41EE083A71EA03AAA1E00F1AC1E4E
:10E7F80020A7AF1EE05CB21E4012B51E60C7B71E50
:10E80800207CBA1E8030BD1E80E4BF1E4098C21E08
:10E81800A04BC51EA0FEC71E60B1CA1EC063CD1E98
:10E82800C015D01E80C7D21EE078D51EE029D81E9C
:10E8380080DADA1EE08ADD1EE03AE01EA0EAE21E77
:10E84800009AE51E0049E81EA0F7EA1E00A6ED1E84
:10E858000054F01EA001F31E00AFF51E005CF81E68
:10E86800C008FB1E00B5FD1E0061001FC00C031F81
:10E8780000B8051F0063081FC00D0B1F20B80D1F2F
:10E888002062101FC00B131F20B5151F205E181F14
:10E89800C0061B1F20AF1D1F2057201FE0FE221F90
:10E8A80020A6251F404D281FE0F32A1F409A2D1F40
:10E8B8004040301F00E6321F608B351F6030381F24
:10E8C80000D53A1F60793D1F801D401F20C1421F9F
:10E8D800A064451FA007481F60AA4A1FC04C4D1FCF
:10E8E800E0EE4F1F8090521F0032551F00D3571F74
:10E8F800C0735A1F40145D1F60B45F1F2054621F0D
:10E9080080F3641FA092671F60316A1FE0CF6C1FFD
:10E91800006E6F1FE00B721F40A9741F8046771F9F
:10E9280040E3791FC07F7C1F001C7F1FC0B7811F79
:10E938004053841F80EE861F6089891FE0238C1F47
:10E9480020BE8E1F0058911FA0F1931FE08A961FCA
:10E95800C023991F60BC9B1FA0549E1F80ECA01F62
:10E968002084A31F801BA61F80B2A81F2049AB1FAD
:10E9780060DFAD1F6075B01F200BB31F80A0B51FEF
:10E988008035B81F40CABA1FA05EBD1FA0F2BF1FC6
:10E998006086C21FE019C51FE0ACC71FC03FCA1F71
:10E9A80020D2CC1F4064CF1F20F6D11FA087D41FD0
:10E9B800C018D71FA0A9D91F203ADC1F60CADE1FC4
:10E9C800405AE11FE0E9E31F2079E61F0008E91F2C
:10E9D800A096EB1FE024EE1FE0B2F01F8040F31F6B
:10E9E800E0CDF51FE05AF81FA0E7FA1F0074FD1FDD
:10E9F8000000002019004B007D00AF00E200140168
:10EA080046017801AB01DD010F0242027402A60241
:10EA1800D8020B033D036F03A103D4030604380493
:10EA28006A049D04CF040105330566059805CA05E7
:10EA3800FC052F0661069306C506F8062A075C073B
:10EA48008E07C107F307250857088A08BC08EE088F
:10EA5800200953098509B709E9091B0A4E0A800AE2
:10EA6800B20AE40A170B490B7B0BAD0BDF0B120C38
:10EA7800440C760CA80CDB0C0D0D3F0D710DA30D8D
:10EA8800D50D080E3A0E6C0E9E0ED00E030F350FE4
:10EA9800670F990FCB0FFD0F301062109410C6103E
:10EAA800F8102A115D118F11C111F3112512571297
:10EAB8008912BC12EE12201352138413B613E813F2
:10EAC8001A144D147F14B114E3141515471579154C
:10EAD800AB15DD150F1641167416A616D8160A17AB
:10EAE8003C176E17A017D2170418361868189A180A
:10EAF800CC18FE18301962199419C619F8192A1A6F
:10EB08005C1A8E1AC01AF21A241B561B881BBA1BD1
:10EB1800EC1B1E1C501C821CB41CE61C181D4A1D34
:10EB28007C1DAE1DE01D111E431E751EA71ED91E9D
:10EB38000B1F3D1F6F1FA11FD31F04203620682005
:10EB48009A20CC20FE20302161219321C521F72174
:10EB580029225A228C22BE22F022222353238523E3
:10EB6800B723E9231B244C247E24B024E224132554
:10EB780045257725A825DA250C263E266F26A126C9
:10EB8800D3260427362768279927CB27FD272E2841
:10EB980060289228C328F528262958298A29BB29BC
:10EBA800ED291E2A502A822AB32AE52A162B482B39
:10EBB800792BAB2BDC2B0E2C3F2C712CA22CD42CBC
:10EBC800052D372D682D9A2DCB2DFD2D2E2E602E3F
:10EBD800912EC22EF42E252F572F882FBA2FEB2FC8
:10EBE8001C304E307F30B030E23013314431763152
:10EBF800A731D8310A323B326C329D32CF320033E2
:10EC0800313362339433C533F633273459348A3475
:10EC1800BB34EC341D354F358035B135E23513360C
:10EC280044367536A636D83609373A376B379C37A7
:10EC3800CD37FE372F3860389138C238F338243949
:10EC480055398639B739E839193A4A3A7B3AAC3AEC
:10EC5800DD3A0E3B3F3B6F3BA03BD13B023C333C94
:10EC6800643C953CC53CF63C273D583D893DBA3D42
:10EC7800EA3D1B3E4C3E7D3EAD3EDE3E0F3F3F3FF4
:10EC8800703FA13FD23F0240334064409440C540AA
:10EC9800F540264157418741B841E84119424A4267
:10ECA8007A42AB42DB420C433C436D439D43CE4327
:10ECB800FE432F445F448F44C044F04421455145EE
:10ECC8008145B245E245134643467346A446D446B9
:10ECD8000447344765479547C547F547264856488A
:10ECE8008648B648E748174947497749A749D74961
:10ECF800074A384A684A984AC84AF84A284B584B3B
:10ED0800884BB84BE84B184C484C784CA84CD84C1E
:10ED1800084D384D684D984DC84DF74D274E574E04
:10ED2800874EB74EE74E164F464F764FA64FD64FF3
:10ED38000550355065509550C450F45024515351E6
:10ED48008351B351E251125241527152A152D052E1
:10ED580000532F535F538E53BE53ED531D544C54E1
:10ED68007C54AB54DB540A55395569559855C855E8
:10ED7800F755265656568556B456E35613574257F6
:10ED88007157A157D057FF572E585D588C58BC580B
:10ED9800EB581A5949597859A759D659055A345A26
:10EDA800635A925AC15AF05A1F5B4E5B7D5BAC5B4B
:10EDB800DB5B0A5C395C685C975CC65CF45C235D71
:10EDC800525D815DB05DDE5D0D5E3C5E6B5E995EA1
:10EDD800C85EF75E255F545F835FB15FE05F0F60D9
:10EDE8003D606C609A60C960F76026615461836118
:10EDF800B161E0610E623D626B629962C862F6625F
:10EE0800256353638163B063DE630C643A646964A9
:10EE18009764C564F364216550657E65AC65DA6501
:10EE28000866366664669266C066EE661C674A6760
:10EE38007867A667D467026830685E688C68BA68C5
:10EE4800E8681669436971699F69CD69FB69286A31
:10EE5800566A846AB16ADF6A0D6B3A6B686B966BA7
:10EE6800C36BF16B1E6C4C6C7A6CA76CD56C026D25
:10EE7800306D5D6D8A6DB86DE56D136E406E6D6EAB
:10EE88009B6EC86EF56E236F506F7D6FAA6FD86F3B
:10EE9800057032705F708C70BA70E77014714171D0
:10EEA8006E719B71C871F57122724F727C72A97272
:10EEB800D672037330735D738973B673E37310741A
:10EEC8003D7469749674C374F0741C7549757675CD
:10EED800A275CF75FC75287655768176AE76DA768A
:10EEE8000777337760778C77B977E57712783E784C
:10EEF8006A789778C378EF781C7948797479A0791B
:10EF0800CD79F979257A517A7D7AAA7AD67A027BEF
:10EF18002E7B5A7B867BB27BDE7B0A7C367C627CCE
:10EF28008E7CBA7CE67C117D3D7D697D957DC17DB9
:10EF3800EC7D187E447E707E9B7EC77EF37E1E7FAE
:10EF48004A7F767FA17FCD7FF87F24804F807B80AA
:10EF5800A680D280FD80298154817F81AB81D681B2
:10EF680001822D8258828382AE82DA8205833083C1
:10EF78005B838683B183DC83078433845E848984DE
:10EF8800B484DF84098534855F858A85B585E08505
:10EF98000B86368660868B86B686E1860B87368733
:10EFA80061878B87B687E1870B88368860888B886E
:10EFB800B588E0880A8935895F898A89B489DE89B4
:10EFC800098A338A5D8A888AB28ADC8A068B318B01
:10EFD8005B8B858BAF8BD98B038C2D8C578C818C5D
:10EFE800AB8CD58CFF8C298D538D7D8DA78DD18DC4
:10EFF800FB8D248E4E8E788EA28ECB8EF58E1F8F33
:10F00800498F728F9C8FC58FEF8F199042906C90AB
:10F018009590BF90E89011913B9164918E91B79132
:10F02800E0910A9233925C928592AF92D8920193C2
:10F038002A9353937C93A593CE93F7932094499462
:10F0480072949B94C494ED9416953F956895909509
:10F05800B995E2950B9633965C968596AD96D696BD
:10F06800FF96279750977897A197C997F2971A987C
:10F0780043986B989398BC98E4980C9935995D9946
:10F088008599AD99D699FE99269A4E9A769A9E9A1E
:10F09800C69AEE9A169B3E9B669B8E9BB69BDE9B02
:10F0A800069C2E9C559C7D9CA59CCD9CF49C1C9DEF
:10F0B800449D6C9D939DBB9DE29D0A9E319E599EE9
:10F0C800809EA89ECF9EF79E1E9F459F6D9F949FF2
:10F0D800BB9FE39F0AA031A058A07FA0A7A0CEA005
:10F0E800F5A01CA143A16AA191A1B8A1DFA106A224
:10F0F8002DA254A27BA2A1A2C8A2EFA216A33CA350
:10F1080063A38AA3B0A3D7A3FEA324A44BA471A48A
:10F1180098A4BEA4E5A40BA532A558A57EA5A5A5CF
:10F12800CBA5F1A518A63EA664A68AA6B0A6D7A622
:10F13800FDA623A749A76FA795A7BBA7E1A707A87F
:10F148002DA853A878A89EA8C4A8EAA810A935A9EC
:10F158005BA981A9A6A9CCA9F2A917AA3DAA62AA66
:10F1680088AAADAAD3AAF8AA1EAB43AB68AB8EABEC
:10F17800B3ABD8ABFDAB23AC48AC6DAC92ACB7AC81
:10F18800DCAC01AD26AD4BAD70AD95ADBAADDFAD24
:10F1980004AE29AE4EAE73AE97AEBCAEE1AE06AFCE
:10F1A8002AAF4FAF73AF98AFBDAFE1AF06B02AB08B
:10F1B8004FB073B097B0BCB0E0B004B129B14DB155
:10F1C80071B196B1BAB1DEB102B226B24AB26EB22C
:10F1D80092B2B6B2DAB2FEB222B346B36AB38EB313
:10F1E800B2B3D5B3F9B31DB441B464B488B4ACB404
:10F1F800CFB4F3B416B53AB55DB581B5A4B5C8B505
:10F20800EBB50EB632B655B678B69BB6BFB6E2B613
:10F2180005B728B74BB76EB791B7B4B7D7B7FAB732
:10F228001DB840B863B886B8A9B8CCB8EEB811B95B
:10F2380034B956B979B99CB9BEB9E1B903BA26BA95
:10F2480048BA6BBA8DBAB0BAD2BAF4BA17BB39BBDE
:10F258005BBB7EBBA0BBC2BBE4BB06BC28BC4ABC34
:10F268006DBC8FBCB1BCD2BCF4BC16BD38BD5ABD98
:10F278007CBD9EBDBFBDE1BD03BE24BE46BE68BE0B
:10F2880089BEABBECCBEEEBE0FBF31BF52BF74BF8E
:10F2980095BFB6BFD8BFF9BF1AC03BC05CC07EC01F
:10F2A8009FC0C0C0E1C002C123C144C165C186C1BD
:10F2B800A7C1C8C1E8C109C22AC24BC26BC28CC26D
:10F2C800ADC2CDC2EEC20FC32FC350C370C391C32A
:10F2D800B1C3D1C3F2C312C432C453C473C493C4F8
:10F2E800B3C4D3C4F4C414C534C554C574C594C5D3
:10F2F800B4C5D4C5F3C513C633C653C673C692C6C0
:10F30800B2C6D2C6F1C611C731C750C770C78FC7BA
:10F31800AFC7CEC7EEC70DC82CC84CC86BC88AC8C3
:10F32800A9C8C9C8E8C807C926C945C964C983C9DD
:10F33800A2C9C1C9E0C9FFC91ECA3DCA5BCA7ACA07
:10F3480099CAB8CAD6CAF5CA14CB32CB51CB6FCB3F
:10F358008ECBACCBCBCBE9CB07CC26CC44CC62CC88
:10F3680081CC9FCCBDCCDBCCF9CC17CD36CD54CDE0
:10F3780072CD90CDADCDCBCDE9CD07CE25CE43CE48
:10F3880060CE7ECE9CCEBACED7CEF5CE12CF30CFC1
:10F398004DCF6BCF88CFA6CFC3CFE0CFFECF1BD04A
:10F3A80038D056D073D090D0ADD0CAD0E7D004D1E1
:10F3B80021D13ED15BD178D195D1B2D1CFD1EBD18A
:10F3C80008D225D242D25ED27BD297D2B4D2D1D241
:10F3D800EDD20AD326D342D35FD37BD397D3B4D30A
:10F3E800D0D3ECD308D424D441D45DD479D495D4E3
:10F3F800B1D4CDD4E9D405D520D53CD558D574D5CC
:10F4080090D5ABD5C7D5E3D5FED51AD635D651D6C6
:10F418006CD688D6A3D6BED6DAD6F5D610D72CD7D2
:10F4280047D762D77DD798D7B3D7CED7EAD704D8EE
:10F438001FD83AD855D870D88BD8A6D8C1D8DBD819
:10F44800F6D811D92BD946D960D97BD995D9B0D955
:10F45800CAD9E5D9FFD919DA34DA4EDA68DA82DAA4
:10F468009DDAB7DAD1DAEBDA05DB1FDB39DB53DB00
:10F478006DDB87DBA1DBBADBD4DBEEDB08DC21DC70
:10F488003BDC54DC6EDC88DCA1DCBBDCD4DCEDDCF2
:10F4980007DD20DD39DD53DD6CDD85DD9EDDB8DD82
:10F4A800D1DDEADD03DE1CDE35DE4EDE67DE7FDE23
:10F4B80098DEB1DECADEE3DEFBDE14DF2DDF45DFDA
:10F4C8005EDF76DF8FDFA7DFC0DFD8DFF1DF09E09F
:10F4D80021E03AE052E06AE082E09AE0B2E0CAE075
:10F4E800E2E0FAE012E12AE142E15AE172E18AE15E
:10F4F800A2E1B9E1D1E1E9E100E218E22FE247E255
:10F508005EE276E28DE2A5E2BCE2D3E2EBE202E360
:10F5180019E330E347E35FE376E38DE3A4E3BBE37A
:10F52800D2E3E9E3FFE316E42DE444E45BE471E4A9
:10F5380088E49FE4B5E4CCE4E2E4F9E40FE526E5E9
:10F548003CE552E569E57FE595E5ABE5C2E5D8E53B
:10F55800EEE504E61AE630E646E65CE672E688E69C
:10F568009EE6B3E6C9E6DFE6F5E60AE720E736E712
:10F578004BE761E776E78CE7A1E7B6E7CCE7E1E799
:10F58800F6E70CE821E836E84BE860E875E88AE831
:10F598009FE8B4E8C9E8DEE8F3E808E91DE931E9DD
:10F5A80046E95BE96FE984E999E9ADE9C2E9D6E999
:10F5B800EBE9FFE913EA28EA3CEA50EA64EA79EA67
:10F5C8008DEAA1EAB5EAC9EADDEAF1EA05EB19EB49
:10F5D8002DEB41EB54EB68EB7CEB90EBA3EBB7EB3B
:10F5E800CBEBDEEBF2EB05EC19EC2CEC3FEC53EC3F
:10F5F80066EC79EC8CECA0ECB3ECC6ECD9ECECEC5A
:10F60800FFEC12ED25ED38ED4BED5EED71ED83ED80
:10F6180096EDA9EDBBEDCEEDE1EDF3ED06EE18EEBE
:10F628002BEE3DEE4FEE62EE74EE86EE99EEABEE0B
:10F63800BDEECFEEE1EEF3EE05EF17EF29EF3BEF6E
:10F648004DEF5FEF71EF82EF94EFA6EFB7EFC9EFE1
:10F65800DBEFECEFFEEF0FF021F032F043F055F066
:10F6680066F077F089F09AF0ABF0BCF0CDF0DEF000
:10F67800EFF000F111F122F133F144F154F165F1A9
:10F6880076F187F197F1A8F1B8F1C9F1D9F1EAF16A
:10F69800FAF10BF21BF22BF23CF24CF25CF26CF238
:10F6A8007CF28CF29CF2ADF2BDF2CCF2DCF2ECF220
:10F6B800FCF20CF31CF32BF33BF34BF35AF36AF312
:10F6C80079F389F398F3A8F3B7F3C7F3D6F3E5F31F
:10F6D800F5F304F413F422F431F440F44FF45EF437
:10F6E8006DF47CF48BF49AF4A9F4B8F4C6F4D5F468
:10F6F800E4F4F2F401F50FF51EF52CF53BF549F5A8
:10F7080058F566F574F582F591F59FF5ADF5BBF5FD
:10F71800C9F5D7F5E5F5F3F501F60FF61DF62BF665
:10F7280038F646F654F662F66FF67DF68AF698F6DF
:10F73800A5F6B3F6C0F6CEF6DBF6E8F6F5F603F76F
:10F7480010F71DF72AF737F744F751F75EF76BF70D
:10F7580078F785F792F79EF7ABF7B8F7C5F7D1F7C3
:10F76800DEF7EAF7F7F703F810F81CF828F835F889
:10F7780041F84DF85AF866F872F87EF88AF896F863
:10F78800A2F8AEF8BAF8C6F8D2F8DDF8E9F8F5F854
:10F7980001F90CF918F923F92FF93BF946F951F950
:10F7A8005DF968F973F97FF98AF995F9A0F9ABF968
:10F7B800B7F9C2F9CDF9D8F9E3F9EDF9F8F903FA8F
:10F7C8000EFA19FA23FA2EFA39FA43FA4EFA58FAC7
:10F7D80063FA6DFA78FA82FA8CFA97FAA1FAABFA18
:10F7E800B5FAC0FACAFAD4FADEFAE8FAF2FAFCFA7A
:10F7F80005FB0FFB19FB23FB2DFB36FB40FB4AFBEC
:10F8080053FB5DFB66FB70FB79FB83FB8CFB95FB75
:10F818009EFBA8FBB1FBBAFBC3FBCCFBD5FBDEFB15
:10F82800E7FBF0FBF9FB02FC0BFC14FC1CFC25FCC1
:10F838002EFC36FC3FFC48FC50FC59FC61FC69FC82
:10F8480072FC7AFC82FC8BFC93FC9BFCA3FCABFC5B
:10F85800B3FCBBFCC3FCCBFCD3FCDBFCE3FCEBFC48
:10F86800F2FCFAFC02FD09FD11FD19FD20FD28FD41
:10F878002FFD36FD3EFD45FD4CFD54FD5BFD62FD53
:10F8880069FD70FD77FD7FFD86FD8CFD93FD9AFD7A
:10F89800A1FDA8FDAFFDB5FDBCFDC3FDC9FDD0FDB3
:10F8A800D6FDDDFDE3FDEAFDF0FDF7FDFDFD03FE00
:10F8B80009FE10FE16FE1CFE22FE28FE2EFE34FE59
:10F8C8003AFE40FE46FE4BFE51FE57FE5DFE62FECE
:10F8D80068FE6DFE73FE78FE7EFE83FE89FE8EFE58
:10F8E80093FE99FE9EFEA3FEA8FEADFEB2FEB7FEF5
:10F8F800BCFEC1FEC6FECBFED0FED5FEDAFEDEFEA5
:10F90800E3FEE8FEECFEF1FEF6FEFAFEFFFE03FF64
:10F9180007FF0CFF10FF14FF19FF1DFF21FF25FF34
:10F9280029FF2DFF31FF35FF39FF3DFF41FF45FF1F
:10F9380048FF4CFF50FF53FF57FF5BFF5EFF62FF1E
:10F9480065FF69FF6CFF6FFF73FF76FF79FF7CFF30
:10F9580080FF83FF86FF89FF8CFF8FFF92FF95FF53
:10F9680097FF9AFF9DFFA0FFA2FFA5FFA8FFAAFF90
:10F97800ADFFAFFFB2FFB4FFB7FFB9FFBBFFBEFFDC
:10F98800C0FFC2FFC4FFC6FFC8FFCAFFCCFFCEFF3F
:10F99800D0FFD2FFD4FFD6FFD8FFD9FFDBFFDDFFB2
:10F9A800DEFFE0FFE1FFE3FFE4FFE6FFE7FFE9FF3B
:10F9B800EAFFEBFFECFFEEFFEFFFF0FFF1FFF2FFD6
:10F9C800F3FFF4FFF5FFF6FFF7FFF7FFF8FFF9FF86
:10F9D800FAFFFAFFFBFFFBFFFCFFFCFFFDFFFDFF4B
:10F9E800FEFFFEFFFEFFFFFFFFFFFFFFFFFFFFFF22
:10F9F800FFFFFFFFFFFFFFFFFFFFFFFFFFFFFFFF0F
:10FA0800FFFFFEFFFEFFFEFFFDFFFDFFFCFFFCFF0B
:10FA1800FBFFFBFFFAFFFAFFF9FFF8FFF7FFF7FF1D
:10FA2800F6FFF5FFF4FFF3FFF2FFF1FFF0FFEFFF42
:10FA3800EEFFECFFEBFFEAFFE9FFE7FFE6FFE4FF7D
:10FA4800E3FFE1FFE0FFDEFFDDFFDBFFD9FFD8FFCB
:10FA5800D6FFD4FFD2FFD0FFCEFFCCFFCAFFC8FF2E
:10FA6800C6FFC4FFC2FFC0FFBEFFBBFFB9FFB7FFA1
:10FA7800B4FFB2FFAFFFADFFAAFFA8FFA5FFA2FF2B
:10FA8800A0FF9DFF9AFF97FF95FF92FF8FFF8CFFC6
:10FA980089FF86FF83FF80FF7CFF79FF76FF73FF76
:10FAA8006FFF6CFF69FF65FF62FF5EFF5BFF57FF3B
:10FAB80053FF50FF4CFF48FF45FF41FF3DFF39FF13
:10FAC80035FF31FF2DFF29FF25FF21FF1DFF19FFFE
:10FAD80014FF10FF0CFF07FF03FFFFFEFAFEF6FE00
:10FAE800F1FEECFEE8FEE3FEDEFEDAFED5FED0FE19
:10FAF800CBFEC6FEC1FEBCFEB7FEB2FEADFEA8FE42
:10FB0800A3FE9EFE99FE93FE8EFE89FE83FE7EFE78
:10FB180078FE73FE6DFE68FE62FE5DFE57FE51FEC6
:10FB28004BFE46FE40FE3AFE34FE2EFE28FE22FE26
:10FB38001CFE16FE10FE09FE03FEFDFDF7FDF0FD9E
:10FB4800EAFDE3FDDDFDD6FDD0FDC9FDC3FDBCFD2D
:10FB5800B5FDAFFDA8FDA1FD9AFD93FD8CFD86FDC9
:10FB68007FFD77FD70FD69FD62FD5BFD54FD4CFD79
:10FB780045FD3EFD36FD2FFD28FD20FD19FD11FD3B
:10FB880009FD02FDFAFCF2FCEBFCE3FCDBFCD3FC18
:10FB9800CBFCC3FCBBFCB3FCABFCA3FC9BFC93FC05
:10FBA8008BFC82FC7AFC72FC69FC61FC58FC50FC02
:10FBB80048FC3FFC36FC2EFC25FC1CFC14FC0BFC12
:10FBC80002FCF9FBF0FBE7FBDEFBD5FBCCFBC3FB40
:10FBD800BAFBB1FBA8FB9EFB95FB8CFB83FB79FB77
:10FBE80070FB66FB5DFB53FB4AFB40FB36FB2DFBC2
:10FBF80023FB19FB0FFB05FBFCFAF2FAE8FADEFA25
:10FC0800D4FACAFAC0FAB5FAABFAA1FA97FA8CFA9A
:10FC180082FA78FA6DFA63FA58FA4EFA43FA39FA20
:10FC28002EFA23FA19FA0EFA03FAF8F9EDF9E3F9BC
:10FC3800D8F9CDF9C2F9B7F9ABF9A0F995F98AF96C
:10FC48007FF973F968F95DF951F946F93BF92FF92C
:10FC580023F918F90CF901F9F5F8E9F8DDF8D2F803
:10FC6800C6F8BAF8AEF8A2F896F88AF87EF872F8EC
:10FC780066F85AF84DF841F835F828F81CF810F8E5
:10FC880003F8F7F7EAF7DEF7D1F7C5F7B8F7ABF7F8
:10FC98009EF792F785F778F76BF75EF751F744F719
:10FCA80037F72AF71DF710F703F7F5F6E8F6DBF64E
:10FCB800CEF6C0F6B3F6A5F698F68AF67DF66FF698
:10FCC80062F654F646F638F62BF61DF60FF601F6F0
:10FCD800F3F5E5F5D7F5C9F5BBF5ADF59FF591F564
:10FCE80082F574F566F558F549F53BF52CF51EF5E2
:10FCF8000FF501F5F2F4E4F4D5F4C6F4B8F4A9F478
:10FD08009AF48BF47CF46DF45EF44FF440F431F41F
:10FD180022F413F404F4F5F3E5F3D6F3C7F3B7F3D9
:10FD2800A8F398F389F379F36AF35AF34BF33BF3A7
:10FD38002BF31CF30CF3FCF2ECF2DCF2CCF2BDF288
:10FD4800ADF29CF28CF27CF26CF25CF24CF23CF27A
:10FD58002BF21BF20BF2FAF1EAF1D9F1C9F1B8F181
:10FD6800A8F197F187F176F165F154F144F133F197
:10FD780022F111F100F1EFF0DEF0CDF0BCF0ABF0C4
:10FD88009AF089F077F066F055F043F032F021F000
:10FD98000FF0FEEFECEFDBEFC9EFB7EFA6EF94EF54
:10FDA80082EF71EF5FEF4DEF3BEF29EF17EF05EFB4
:10FDB800F3EEE1EECFEEBDEEABEE99EE86EE74EE2D
:10FDC80062EE4FEE3DEE2BEE18EE06EEF3EDE1EDB2
:10FDD800CEEDBBEDA9ED96ED83ED71ED5EED4BED4E
:10FDE80038ED25ED12EDFFECECECD9ECC6ECB3ECFC
:10FDF800A0EC8CEC79EC66EC53EC3FEC2CEC19ECB9
:10FE080005ECF2EBDEEBCBEBB7EBA3EB90EB7CEB8B
:10FE180068EB54EB41EB2DEB19EB05EBF1EADDEA6E
:10FE2800C9EAB5EAA1EA8DEA79EA64EA50EA3CEA65
:10FE380028EA13EAFFE9EBE9D6E9C2E9ADE999E96D
:10FE480084E96FE95BE946E931E91DE908E9F3E886
:10FE5800DEE8C9E8B4E89FE88AE875E860E84BE8B6
:10FE680036E821E80CE8F6E7E1E7CCE7B6E7A1E7F2
:10FE78008CE776E761E74BE736E720E70AE7F5E640
:10FE8800DFE6C9E6B3E69EE688E672E65CE646E6A5
:10FE980030E61AE604E6EEE5D8E5C2E5ABE595E519
:10FEA8007FE569E552E53CE526E50FE5F9E4E2E49E
:10FEB800CCE4B5E49FE488E471E45BE444E42DE435
:10FEC80016E4FFE3E9E3D2E3BBE3A4E38DE376E3DF
:10FED8005FE347E330E319E302E3EBE2D3E2BCE29A
:10FEE800A5E28DE276E25EE247E22FE218E200E266
:10FEF800E9E1D1E1B9E1A2E18AE172E15AE142E145
:10FF08002AE112E1FAE0E2E0CAE0B2E09AE082E037
:10FF18006AE052E03AE021E009E0F1DFD8DFC0DF33
:10FF2800A7DF8FDF76DF5EDF45DF2DDF14DFFBDE47
:10FF3800E3DECADEB1DE98DE7FDE67DE4EDE35DE6A
:10FF48001CDE03DEEADDD1DDB8DD9EDD85DD6CDD9E
:10FF580053DD39DD20DD07DDEDDCD4DCBBDCA1DCE5
:10FF680088DC6EDC54DC3BDC21DC08DCEEDBD4DB3B
:10FF7800BADBA1DB87DB6DDB53DB39DB1FDB05DBA2
:10FF8800EBDAD1DAB7DA9DDA82DA68DA4EDA34DA1D
:10FF980019DAFFD9E5D9CAD9B0D995D97BD960D9A9
:10FFA80046D92BD911D9F6D8DBD8C1D8A6D88BD841
:10FFB80070D855D83AD81FD804D8EAD7CED7B3D7EF
:10FFC80098D77DD762D747D72CD710D7F5D6DAD6AA
:10FFD800BED6A3D688D66CD651D635D61AD6FED577
:10FFE800E3D5C7D5ABD590D574D558D53CD520D554
:08FFF80005D5E9D4CDD4B1D444
:020000041004E6
:1000000095D479D45DD441D424D408D4ECD3D0D3BE
:10001000B4D397D37BD35FD342D326D30AD3EDD2C5
:10002000D1D2B4D297D27BD25ED242D225D208D2DC
:10003000EBD1CFD1B2D195D178D15BD13ED121D105
:1000400004D1E7D0CAD0ADD090D073D056D038D03C
:100050001BD0FECFE0CFC3CFA6CF88CF6BCF4DCF85
:1000600030CF12CFF5CED7CEBACE9CCE7ECE60CEDC
:1000700043CE25CE07CEE9CDCBCDADCD90CD72CD43
:1000800054CD36CD17CDF9CCDBCCBDCC9FCC81CCBB
:1000900062CC44CC26CC07CCE9CBCBCBACCB8ECB43
:1000A0006FCB51CB32CB14CBF5CAD6CAB8CA99CADA
:1000B0007ACA5BCA3DCA1ECAFFC9E0C9C1C9A2C982
:1000C00083C964C945C926C907C9E8C8C9C8A9C838
:1000D0008AC86BC84CC82CC80DC8EEC7CEC7AFC7FE
:1000E0008FC770C750C731C711C7F1C6D2C6B2C6D5
:1000F00092C673C653C633C613C6F3C5D4C5B4C5BA
:1001000094C574C554C534C514C5F4C4D3C4B3C4AC
:1001100093C473C453C432C412C4F2C3D1C3B1C3B1
:1001200091C370C350C32FC30FC3EEC2CDC2ADC2C3
:100130008CC26BC24BC22AC209C2E8C1C8C1A7C1E6
:1001400086C165C144C123C102C1E1C0C0C09FC016
:100150007EC05CC03BC01AC0F9BFD8BFB6BF95BF58
:1001600074BF52BF31BF0FBFEEBECCBEABBE89BEA7
:1001700068BE46BE24BE03BEE1BDBFBD9EBD7CBD04
:100180005ABD38BD16BDF4BCD2BCB0BC8FBC6DBC72
:100190004ABC28BC06BCE4BBC2BBA0BB7EBB5BBBED
:1001A00039BB17BBF4BAD2BAB0BA8DBA6BBA48BA77
:1001B00026BA03BAE1B9BEB99CB979B956B934B90E
:1001C00011B9EEB8CCB8A9B886B863B840B81DB8B4
:1001D000FAB7D7B7B4B791B76EB74BB728B705B76B
:1001E000E2B6BFB69BB678B655B632B60EB6EBB52C
:1001F000C8B5A4B581B55DB53AB516B5F3B4CFB4FD
:10020000ACB488B464B441B41DB4F9B3D5B3B2B3DB
:100210008EB36AB346B322B3FEB2DAB2B6B292B2CA
:100220006EB24AB226B202B2DEB1BAB196B171B1C3
:100230004DB129B104B1E0B0BCB097B073B04FB0CC
:100240002AB006B0E1AFBDAF98AF73AF4FAF2AAFE2
:1002500006AFE1AEBCAE97AE73AE4EAE29AE04AE05
:10026000DFADBAAD95AD70AD4BAD26AD01ADDCAC3B
:10027000B7AC92AC6DAC48AC23ACFDABD8ABB3AB78
:100280008EAB68AB43AB1EABF8AAD3AAADAA88AAC3
:1002900062AA3DAA17AAF2A9CCA9A6A981A95BA91D
:1002A00035A910A9EAA8C4A89EA878A853A82DA883
:1002B00007A8E1A7BBA795A76FA749A723A7FDA6F6
:1002C000D7A6B0A68AA664A63EA618A6F1A5CBA579
:1002D000A5A57EA558A532A50BA5E5A4BEA498A406
:1002E00071A44BA424A4FEA3D7A3B0A38AA363A3A1
:1002F0003CA316A3EFA2C8A2A1A27BA254A22DA246
:1003000006A2DFA1B8A191A16AA143A11CA1F5A0F9
:10031000CEA0A7A080A058A031A00AA0E39FBB9FB9
:10032000949F6D9F459F1E9FF79ECF9EA89E809E87
:10033000599E319E0A9EE29DBB9D939D6C9D449D5E
:100340001C9DF49CCD9CA59C7D9C559C2E9C069C44
:10035000DE9BB69B8E9B669B3E9B169BEE9AC69A37
:100360009E9A769A4E9A269AFE99D699AD99859933
:100370005D9935990C99E498BC9893986B9843983B
:100380001A98F297C997A197789750972797FF9651
:10039000D696AD9685965C9633960B96E295B99572
:1003A000909568953F951695ED94C4949B9472949E
:1003B00049942094F793CE93A5937C9353932A93D7
:1003C0000193D892AF9285925C9233920A92E09117
:1003D000B7918E9164913B911191E890BF90959067
:1003E0006C9042901990EF8FC58F9C8F728F498FC0
:1003F0001F8FF58ECC8EA28E788E4E8E248EFB8D26
:10040000D18DA78D7D8D538D298DFF8CD58CAB8C97
:10041000818C578C2D8C038CD98BAF8B858B5B8B10
:10042000318B068BDC8AB28A888A5D8A338A098A94
:10043000DE89B4898A895F8935890A89E088B58827
:100440008B88608836880B88E187B6878B876187C1
:1004500036870B87E186B6868B86608636860B8666
:10046000E085B5858A855F8534850985DF84B48418
:1004700089845E8433840784DC83B18386835B83D1
:1004800030830583DA82AE82838258822D82018294
:10049000D681AB817F8154812981FD80D280A68065
:1004A0007B804F802480F87FCD7FA17F767F4A7F3D
:1004B0001E7FF37EC77E9B7E707E447E187EEC7D21
:1004C000C17D957D697D3D7D117DE67CBA7C8E7C0C
:1004D000627C367C0A7CDE7BB27B867B5A7B2E7B01
:1004E000027BD67AAA7A7D7A517A257AF979CD7902
:1004F000A079747948791C79EF78C37897786A780D
:100500003E781278E577B9778C776077337707771D
:10051000DA76AE76817655762876FC75CF75A2753B
:10052000767549751C75F074C374967469743D745E
:100530001074E373B67389735D7330730373D6728B
:10054000A9727C724F722272F571C8719B716E71C3
:1005500041711471E770BA708C705F703270057001
:10056000D86FAA6F7D6F506F236FF56EC86E9B6E4C
:100570006D6E406E136EE56DB86D8A6D5D6D306D9C
:10058000026DD56CA76C7A6C4C6C1E6CF16BC36BF6
:10059000966B686B3A6B0D6BDF6AB16A846A566A58
:1005A000286AFB69CD699F69716943691669E868C2
:1005B000BA688C685E6830680268D467A667786736
:1005C0004A671C67EE66C0669266646636660866B1
:1005D000DA65AC657E6550652165F364C564976432
:1005E00069643A640C64DE63B063816353632563BA
:1005F000F662C86299626B623D620E62E061B1614F
:10060000836154612661F760C9609A606C603D60E7
:100610000F60E05FB15F835F545F255FF75EC85E88
:10062000995E6B5E3C5E0D5EDE5DB05D815D525D30
:10063000235DF45CC65C975C685C395C0A5CDB5BE0
:10064000AC5B7D5B4E5B1F5BF05AC15A925A635A9A
:10065000345A055AD659A759785949591A59EB5855
:10066000BC588C585D582E58FF57D057A15771571A
:1006700042571357E356B456855656562656F755E5
:10068000C8559855695539550A55DB54AB547C54B7
:100690004C541D54ED53BE538E535F532F53005390
:1006A000D052A152715241521252E251B351835170
:1006B00053512451F450C450955065503550055055
:1006C000D64FA64F764F464F164FE74EB74E874E42
:1006D000574E274EF74DC84D984D684D384D084D33
:1006E000D84CA84C784C484C184CE84BB84B884B2D
:1006F000584B284BF84AC84A984A684A384A074A29
:10070000D749A749774947491749E748B64886482E
:1007100056482648F547C547954765473447044737
:10072000D446A446734643461346E245B245814546
:1007300051452145F044C0448F445F442F44FE435B
:10074000CE439D436D433C430C43DB42AB427A4274
:100750004A421942E841B841874157412641F54094
:10076000C5409440644033400240D23FA13F703FB7
:100770003F3F0F3FDE3EAD3E7D3E4C3E1B3EEA3DE1
:10078000BA3D893D583D273DF63CC53C953C643C0F
:10079000333C023CD13BA03B6F3B3F3B0E3BDD3A41
:1007A000AC3A7B3A4A3A193AE839B7398639553979
:1007B0002439F338C238913860382F38FE37CD37B6
:1007C0009C376B373A370937D836A63675364436F4
:1007D0001336E235B13580354E351D35EC34BB343A
:1007E0008A3459342734F633C53394336233313382
:1007F0000033CF329D326C323B320A32D831A731CE
:10080000763144311331E230B0307F304E301C301D
:10081000EB2FBA2F882F572F252FF42EC22E912E73
:10082000602E2E2EFD2DCB2D9A2D682D372D052DCA
:10083000D42CA22C712C3F2C0E2CDC2BAB2B792B27
:10084000482B162BE52AB32A822A502A1E2AED2984
:10085000BB298A2958292629F528C32892286028E7
:100860002E28FD27CB279927682736270427D3264C
:10087000A1266F263E260C26DA25A82577254525B4
:100880001325E224B0247E244C241B24E923B7231F
:10089000852353232223F022BE228C225A2229228E
:1008A000F721C521932161213021FE20CC209A20FF
:1008B000682036200420D31FA11F6F1F3D1F0B1F70
:1008C000D91EA71E751E431E111EE01DAE1D7C1DE8
:1008D0004A1D181DE61CB41C821C501C1E1CEC1B5F
:1008E000BA1B881B561B241BF21AC01A8E1A5C1ADC
:1008F0002A1AF819C619941962193019FE18CC1859
:100900009A18681836180418D217A0176E173C17D3
:100910000A17D816A616741641160F16DD15AB1554
:10092000791547151515E314B1147F144D141A14D5
:10093000E813B613841352132013EE12BC1289125B
:1009400057122512F311C1118F115D112A11F810E0
:10095000C610941062103010FD0FCB0F990F670F67
:10096000350F030FD00E9E0E6C0E3A0E080ED50DED
:10097000A30D710D3F0D0D0DDB0CA80C760C440C76
:10098000120CDF0BAD0B7B0B490B170BE40AB20A01
:10099000800A4E0A1B0AE909B7098509530920098B
:1009A000EE08BC088A0857082508F307C1078E0718
:1009B0005C072A07F806C506930661062F06FC05A4
:1009C000CA059805660533050105CF049D046A0430
:1009D00038040604D403A1036F033D030B03D802BC
:1009E000A602740242020F02DD01AB01780146014A
:1009F0001401E200AF007D004B001900E7FFB5FFD6
:100A000083FF51FF1EFFECFEBAFE88FE55FE23FE5B
:100A1000F1FDBEFD8CFD5AFD28FDF5FCC3FC91FCEB
:100A20005FFC2CFCFAFBC8FB96FB63FB31FBFFFA77
:100A3000CDFA9AFA68FA36FA04FAD1F99FF96DF903
:100A40003BF908F9D6F8A4F872F83FF80DF8DBF78F
:100A5000A9F776F744F712F7E0F6ADF67BF649F61C
:100A600017F6E4F5B2F580F54EF51CF5E9F4B7F4A8
:100A700085F453F421F4EEF3BCF38AF358F325F331
:100A8000F3F2C1F28FF25DF22BF2F8F1C6F194F1BC
:100A900062F130F1FDF0CBF099F067F035F003F042
:100AA000D0EF9EEF6CEF3AEF08EFD6EEA3EE71EECB
:100AB0003FEE0DEEDBEDA9ED77ED44ED12EDE0EC50
:100AC000AEEC7CEC4AEC18ECE6EBB3EB81EB4FEBD5
:100AD0001DEBEBEAB9EA87EA55EA23EAF1E9BFE957
:100AE0008CE95AE928E9F6E8C4E892E860E82EE8DB
:100AF000FCE7CAE798E766E734E702E7D0E69EE658
:100B00006CE63AE608E6D6E5A4E572E540E50EE5D2
:100B1000DCE4AAE478E446E414E4E2E3B0E37EE350
:100B20004CE31AE3E8E2B6E284E252E220E2EFE1CB
:100B3000BDE18BE159E127E1F5E0C3E091E05FE041
:100B40002DE0FCDFCADF98DF66DF34DF02DFD0DEB6
:100B50009FDE6DDE3BDE09DED7DDA6DD74DD42DD26
:100B600010DDDEDCADDC7BDC49DC17DCE5DBB4DB97
:100B700082DB50DB1EDBEDDABBDA89DA58DA26DA03
:100B8000F4D9C2D991D95FD92DD9FCD8CAD898D86F
:100B900067D835D803D8D2D7A0D76ED73DD70BD7D3
:100BA000DAD6A8D676D645D613D6E2D5B0D57ED538
:100BB0004DD51BD5EAD4B8D487D455D424D4F2D398
:100BC000C1D38FD35ED32CD3FBD2C9D298D266D2F5
:100BD00035D203D2D2D1A0D16FD13ED10CD1DBD04E
:100BE000A9D078D046D015D0E4CFB2CF81CF50CFA6
:100BF0001ECFEDCEBCCE8ACE59CE28CEF6CDC5CDF9
:100C000094CD63CD31CD00CDCFCC9ECC6CCC3BCC44
:100C10000ACCD9CBA7CB76CB45CB14CBE3CAB1CA90
:100C200080CA4FCA1ECAEDC9BCC98BC95AC928C9D6
:100C3000F7C8C6C895C864C833C802C8D1C7A0C71A
:100C40006FC73EC70DC7DCC6ABC67AC649C618C655
:100C5000E7C5B6C585C554C523C5F2C4C1C491C492
:100C600060C42FC4FEC3CDC39CC36BC33BC30AC3C4
:100C7000D9C2A8C277C246C216C2E5C1B4C183C1F7
:100C800053C122C1F1C0C1C090C05FC02EC0FEBF21
:100C9000CDBF9CBF6CBF3BBF0BBFDABEA9BE79BE48
:100CA00048BE18BEE7BDB6BD86BD55BD25BDF4BC6A
:100CB000C4BC93BC63BC32BC02BCD1BBA1BB71BB86
:100CC00040BB10BBDFBAAFBA7FBA4EBA1EBAEDB99D
:100CD000BDB98DB95CB92CB9FCB8CCB89BB86BB8B0
:100CE0003BB80BB8DAB7AAB77AB74AB719B7E9B6BB
:100CF000B9B689B659B629B6F9B5C8B598B568B5C3
:100D000038B508B5D8B4A8B478B448B418B4E8B3C2
:100D1000B8B388B358B328B3F8B2C8B298B268B2BF
:100D200038B209B2D9B1A9B179B149B119B1EAB0B2
:100D3000BAB08AB05AB02AB0FBAFCBAF9BAF6BAFA3
:100D40003CAF0CAFDCAEADAE7DAE4DAE1EAEEEAD8B
:100D5000BFAD8FAD5FAD30AD00ADD1ACA1AC72AC6D
:100D600042AC13ACE3ABB4AB84AB55AB25ABF6AA4A
:100D7000C7AA97AA68AA38AA09AADAA9AAA97BA920
:100D80004CA91DA9EDA8BEA88FA85FA830A801A8EE
:100D9000D2A7A3A774A744A715A7E6A6B7A688A6B7
:100DA00059A62AA6FBA5CCA59DA56EA53FA510A575
:100DB000E1A4B2A483A454A425A4F6A3C7A398A332
:100DC00069A33AA30CA3DDA2AEA27FA250A222A2E5
:100DD000F3A1C4A195A167A138A109A1DBA0ACA092
:100DE0007DA04FA020A0F19FC39F949F669F379F37
:100DF000099FDA9EAC9E7D9E4F9E209EF29DC39DD4
:100E0000959D679D389D0A9DDB9CAD9C7F9C509C69
:100E1000229CF49BC69B979B699B3B9B0D9BDF9AF7
:100E2000B09A829A549A269AF899CA999C996E997E
:100E300040991299E498B69888985A982C98FE97F9
:100E4000D097A297749746971897EA96BD968F9673
:100E5000619633960596D895AA957C954F952195E0
:100E6000F394C69498946A943D940F94E293B49347
:100E7000869359932B93FE92D092A39276924892A6
:100E80001B92ED91C0919391659138910B91DD90FA
:100E9000B090839056902890FB8FCE8FA18F748F47
:100EA000468F198FEC8EBF8E928E658E388E0B8E8C
:100EB000DE8DB18D848D578D2A8DFD8CD08CA38CC9
:100EC000778C4A8C1D8CF08BC38B978B6A8B3D8BF8
:100ED000108BE48AB78A8A8A5E8A318A048AD88922
:100EE000AB897F8952892689F988CD88A088748842
:100EF00047881B88EE87C287968769873D87118759
:100F0000E486B8868C86608633860786DB85AF8567
:100F1000838556852A85FE84D284A6847A844E846D
:100F20002284F683CA839E83728346831A83EF8268
:100F3000C38297826B823F821482E881BC81908158
:100F4000658139810D81E280B6808A805F8033803F
:100F50000880DC7FB17F857F5A7F2E7F037FD77E1D
:100F6000AC7E817E557E2A7EFF7DD37DA87D7D7DF2
:100F7000527D267DFB7CD07CA57C7A7C4F7C247CBA
:100F8000F97BCD7BA27B777B4C7B217BF77ACC7A7C
:100F9000A17A767A4B7A207AF579CA79A07975792F
:100FA0004A791F79F578CA789F7875784A781F78DA
:100FB000F577CA77A07775774B772077F676CB767B
:100FC000A17676764C762276F775CD75A375787511
:100FD0004E752475FA74CF74A5747B74517427749C
:100FE000FD73D373A9737F7355732B730173D7721A
:100FF000AD72837259722F720572DC71B271887191
:101000005E7135710B71E170B7708E7064703B70FA
:101010001170E76FBE6F946F6B6F416F186FEF6E5B
:10102000C56E9C6E726E496E206EF66DCD6DA46DB0
:101030007B6D516D286DFF6CD66CAD6C846C5B6CF8
:10104000326C096CE06BB76B8E6B656B3C6B136B32
:10105000EA6AC16A986A706A476A1E6AF569CD6968
:10106000A4697B6953692A690169D968B06888688D
:101070005F6837680E68E667BD6795676D674467A8
:101080001C67F466CB66A3667B6653662A660266B7
:10109000DA65B2658A6562653A651265EA64C264BA
:1010A0009A6472644A642264FA63D263AB638363B2
:1010B0005B6333630C63E462BC6295626D6245629C
:1010C0001E62F661CF61A76180615861316109617B
:1010D000E260BB6093606C6045601D60F65FCF5F4F
:1010E000A85F815F595F325F0B5FE45EBD5E965E15
:1010F0006F5E485E215EFA5DD35DAC5D855D5F5DD0
:10110000385D115DEA5CC45C9D5C765C505C295C7A
:10111000025CDC5BB55B8F5B685B425B1B5BF55A1B
:10112000CE5AA85A825A5B5A355A0F5AE859C259B0
:101130009C597659505929590359DD58B758915837
:101140006B5845581F58F957D357AD5788576257B2
:101150003C571657F056CB56A5567F565A5634561E
:101160000E56E955C3559E55785553552D5508557E
:10117000E254BD54985472544D5428540354DD53D2
:10118000B85393536E5349532453FF52DA52B55216
:1011900090526B5246522152FC51D751B2518D514F
:1011A000695144511F51FA50D650B1508D5068507A
:1011B00043501F50FA4FD64FB14F8D4F694F444F98
:1011C000204FFC4ED74EB34E8F4E6A4E464E224EA7
:1011D000FE4DDA4DB64D924D6E4D4A4D264D024DA7
:1011E000DE4CBA4C964C724C4E4C2B4C074CE34B9D
:1011F000BF4B9C4B784B544B314B0D4BEA4AC64A84
:10120000A34A7F4A5C4A384A154AF249CE49AB495B
:101210008849654941491E49FB48D848B548924824
:101220006F484C4829480648E347C0479D477A47DE
:10123000574734471247EF46CC46AA46874664468E
:1012400042461F46FD45DA45B8459545734550452C
:101250002E450C45E944C744A544824460443E44BD
:101260001C44FA43D843B6439443714350432E433E
:101270000C43EA42C842A6428442624241421F42B3
:10128000FD41DC41BA419841774155413441124119
:10129000F140CF40AE408C406B404A402840074070
:1012A000E63FC53FA43F823F613F403F1F3FFE3EB8
:1012B000DD3EBC3E9B3E7A3E593E383E183EF73DF1
:1012C000D63DB53D953D743D533D333D123DF13C1A
:1012D000D13CB03C903C6F3C4F3C2F3C0E3CEE3B35
:1012E000CE3BAD3B8D3B6D3B4D3B2D3B0C3BEC3A40
:1012F000CC3AAC3A8C3A6C3A4C3A2C3A0D3AED393D
:10130000CD39AD398D396E394E392E390F39EF3827
:10131000CF38B03890387138513832381238F33706
:10132000D437B43795377637573737371837F936D4
:10133000DA36BB369C367D365E363F362036013691
:10134000E235C335A5358635673548352A350B3541
:10135000EC34CE34AF3491347234543435341734E1
:10136000F933DA33BC339E337F3361334333253370
:101370000733E932CA32AC328E32703253323532F0
:101380001732F931DB31BD31A03182316431463160
:1013900029310B31EE30D030B330953078305A30BF
:1013A0003D3020300230E52FC82FAA2F8D2F702F0F
:1013B000532F362F192FFC2EDF2EC22EA52E882E4E
:1013C0006B2E4E2E312E152EF82DDB2DBE2DA22D7F
:1013D000852D692D4C2D2F2D132DF62CDA2CBE2C9E
:1013E000A12C852C692C4C2C302C142CF82BDC2BAC
:1013F000BF2BA32B872B6B2B4F2B332B172BFB2AAE
:10140000E02AC42AA82A8C2A702A552A392A1D2A99
:10141000022AE629CB29AF29942978295D29422976
:1014200026290B29F028D428B9289E288328682843
:101430004D2832281628FC27E127C627AB279027FE
:1014400075275A273F2725270A27EF26D526BA26AC
:10145000A02685266B26502636261B260126E72544
:10146000CC25B22598257E25632549252F251525D0
:10147000FB24E124C724AD24932479245F2446244B
:101480002C241224F823DF23C523AC2392237823B2
:101490005F2345232C231323F922E022C722AD2208
:1014A00094227B22622248222F221622FD21E4214F
:1014B000CB21B2219921812168214F2136211D2183
:1014C0000521EC20D320BB20A2208A2071205920A6
:1014D000402028200F20F71FDF1FC61FAE1F961FBA
:1014E0007E1F661F4E1F361F1E1F061FEE1ED61EB6
:1014F000BE1EA61E8E1E761E5E1E471E2F1E171EA9
:10150000001EE81DD11DB91DA21D8A1D731D5B1D86
:10151000441D2D1D151DFE1CE71CD01CB91CA11C53
:101520008A1C731C5C1C451C2E1C171C011CEA1B0E
:10153000D31BBC1BA51B8F1B781B611B4B1B341BB8
:101540001E1B071BF11ADA1AC41AAE1A971A811A4F
:101550006B1A551A3E1A281A121AFC19E619D019D4
:10156000BA19A4198E19781962194D193719211948
:101570000B19F618E018CA18B5189F188A187418AD
:101580005F184A1834181F180A18F417DF17CA17FB
:10159000B517A0178B17761761174C173717221737
:1015A0000D17F816E316CF16BA16A51691167C1667
:1015B000671653163E162A1615160116ED15D81580
:1015C000C415B0159C15871573155F154B15371588
:1015D00023150F15FB14E714D314BF14AC1498147F
:1015E000841470145D144914351422140E14FB1362
:1015F000E713D413C113AD139A1387137413601335
:101600004D133A13271314130113EE12DB12C812F1
:10161000B512A2128F127D126A125712451232129F
:101620001F120D12FA11E811D511C311B1119E113B
:101630008C117A1167115511431131111F110D11C0
:10164000FB10E910D710C510B310A1108F107E1039
:101650006C105A1049103710251014100210F10F99
:10166000DF0FCE0FBD0FAB0F9A0F890F770F660FED
:10167000550F440F330F220F110F000FEF0EDE0E28
:10168000CD0EBC0EAC0E9B0E8A0E790E690E580E56
:10169000480E370E270E160E060EF50DE50DD50D6C
:1016A000C40DB40DA40D940D840D740D640D530D73
:1016B000430D340D240D140D040DF40CE40CD50C65
:1016C000C50CB50CA60C960C870C770C680C580C46
:1016D000490C390C2A0C1B0C0B0CFC0BED0BDE0B14
:1016E000CF0BC00BB10BA20B930B840B750B660BCE
:1016F000570B480B3A0B2B0B1C0B0E0BFF0AF10A76
:10170000E20AD40AC50AB70AA80A9A0A8C0A7E0A0B
:101710006F0A610A530A450A370A290A1B0A0D0A89
:10172000FF09F109E309D509C809BA09AC099E09FD
:1017300091098309760968095B094D094009320955
:10174000250918090B09FD08F008E308D608C9089F
:10175000BC08AF08A208950888087B086E086208D4
:10176000550848083B082F08220816080908FD07F5
:10177000F007E407D807CB07BF07B307A6079A0708
:101780008E07820776076A075E07520746073A0701
:101790002E07230717070B07FF06F406E806DD06EA
:1017A000D106C506BA06AF06A30698068D068106C1
:1017B00076066B066006550649063E063306280681
:1017C0001D0613060806FD05F205E705DD05D20531
:1017D000C705BD05B205A8059D05930588057E05CD
:1017E000740569055F0555054B05400536052C0553
:1017F000220518050E050405FB04F104E704DD04C9
:10180000D304CA04C004B604AD04A3049A0490042B
:1018100087047D0474046B04620458044F04460476
:101820003D0434042B042204190410040704FE03AD
:10183000F503EC03E403DB03D203CA03C103B803DB
:10184000B003A7039F0397038E0386037E037503EC
:101850006D0365035D0355034D0345033D033503E8
:101860002D0325031D0315030E030603FE02F702D5
:10187000EF02E702E002D802D102CA02C202BB02B2
:10188000B402AC02A5029E02970290028902810274
:101890007A0274026D0266025F02580251024B0224
:1018A00044023D02370230022A0223021D021602C0
:1018B000100209020302FD01F701F001EA01E4014F
:1018C000DE01D801D201CC01C601C001BA01B501C7
:1018D000AF01A901A3019E01980193018D01880127
:1018E00082017D01770172016D01670162015D0175
:1018F000580153014E01490144013F013A013501AC
:1019000030012B01260122011D01180114010F01D4
:101910000A0106010101FD00F900F400F000EC00ED
:10192000E700E300DF00DB00D700D300CF00CB00EF
:10193000C700C300BF00BB00B800B400B000AD00DA
:10194000A900A500A2009E009B00970094009100B2
:101950008D008A008700840080007D007A00770077
:10196000740071006E006B00690066006300600027
:101970005E005B0058005600530051004E004C00C2
:10198000490047004500420040003E003C003A004C
:10199000380036003400320030002E002C002A00BF
:1019A0002800270025002300220020001F001D0022
:1019B0001C001A0019001700160015001400120070
:1019C000110010000F000E000D000C000B000A00AB
:1019D00009000900080007000600060005000500D0
:1019E00004000400030003000200020002000100E2
:1019F00001000100010001000100010001000100DF
:101A000001000100010001000100020002000200CB
:101A100003000300040004000500050006000600A2
:101A200007000800090009000A000B000C000D0067
:101A30000E000F0010001100120014001500160017
:101A4000170019001A001C001D001F0020002200B2
:101A500023002500270028002A002C002E0030003B
:101A600032003400360038003A003C003E004000AE
:101A700042004500470049004C004E005100530011
:101A8000560058005B005E0060006300660069005D
:101A90006B006E007100740077007A007D0080009A
:101AA000840087008A008D009100940097009B00BD
:101AB0009E00A200A500A900AD00B000B400B800CF
:101AC000BB00BF00C300C700CB00CF00D300D700CE
:101AD000DB00DF00E300E700EC00F000F400F900B9
:101AE000FD00010106010A010F01140118011D0189
:101AF000220126012B01300135013A013F01440149
:101B000049014E01530158015D01620167016D01F8
:101B1000720177017D01820188018D019301980195
:101B20009E01A301A901AF01B501BA01C001C6011F
:101B3000CC01D201D801DE01E401EA01F001F70194
:101B4000FD0103020902100216021D0223022A02ED
:101B5000300237023D0244024B02510258025F023A
:101B600066026D0274027A02810289029002970273
:101B70009E02A502AC02B402BB02C202CA02D1029A
:101B8000D802E002E702EF02F702FE0206030E03AC
:101B900015031D0325032D0335033D0345034D03A5
:101BA00055035D0365036D0375037E0386038E0392
:101BB00097039F03A703B003B803C103CA03D2036B
:101BC000DB03E403EC03F503FE030704100419042C
:101BD00022042B0434043D0446044F0458046204D8
:101BE0006B0474047D04870490049A04A304AD0478
:101BF000B604C004CA04D304DD04E704F104FB0402
:101C000004050E05180522052C05360540054B0573
:101C100055055F05690574057E05880593059D05D5
:101C2000A805B205BD05C705D205DD05E705F20526
:101C3000FD05080613061D06280633063E0649065E
:101C4000550660066B06760681068D069806A30685
:101C5000AF06BA06C506D106DD06E806F406FF069D
:101C60000B07170723072E073A07460752075E0799
:101C70006A07760782078E079A07A607B307BF078A
:101C8000CB07D807E407F007FD0709081608220864
:101C90002F083B084808550862086E087B0888082A
:101CA0009508A208AF08BC08C908D608E308F008E0
:101CB000FD080B0918092509320940094D095B097E
:101CC00068097609830991099E09AC09BA09C8090E
:101CD000D509E309F109FF090D0A1B0A290A370A88
:101CE000450A530A610A6F0A7E0A8C0A9A0AA80AF0
:101CF000B70AC50AD40AE20AF10AFF0A0E0B1C0B46
:101D00002B0B3A0B480B570B660B750B840B930B85
:101D1000A20BB10BC00BCF0BDE0BED0BFC0B0B0CB6
:101D20001B0C2A0C390C490C580C680C770C870CCE
:101D3000960CA60CB50CC50CD50CE40CF40C040DDB
:101D4000140D240D340D430D530D640D740D840DCD
:101D5000940DA40DB40DC40DD50DE50DF50D060EB5
:101D6000160E270E370E480E580E690E790E8A0E83
:101D70009B0EAC0EBC0ECD0EDE0EEF0E000F110F43
:101D8000220F330F440F550F660F770F890F9A0FED
:101D9000AB0FBD0FCE0FDF0FF10F02101410251087
:101DA000371049105A106C107E108F10A110B3100C
:101DB000C510D710E910FB100D111F11311143117F
:101DC000551167117A118C119E11B111C311D511E2
:101DD000E811FA110D121F123212451257126A122F
:101DE0007D128F12A212B512C812DB12EE1201136D
:101DF000141327133A134D136013741387139A1394
:101E0000AD13C113D413E713FB130E1422143514AE
:101E100049145D14701484149814AC14BF14D314B2
:101E2000E714FB140F15231537154B155F157315A4
:101E300087159C15B015C415D815ED150116151686
:101E40002A163E16531667167C169116A516BA1654
:101E5000CF16E316F8160D17221737174C17611710
:101E600076178B17A017B517CA17DF17F4170A18BC
:101E70001F1834184A185F1874188A189F18B51854
:101E8000CB18E018F6180B19211937194D196219DA
:101E900078198E19A419BA19D019E619FC19121A51
:101EA000281A3E1A551A6B1A811A971AAE1AC41AB2
:101EB000DA1AF11A071B1E1B341B4B1B611B781B04
:101EC0008F1BA51BBC1BD31BEA1B011C171C2E1C44
:101ED000451C5C1C731C8A1CA11CB91CD01CE71C73
:101EE000FE1C151D2D1D441D5B1D731D8A1DA21D8D
:101EF000B91DD11DE81D001E171E2F1E471E5E1E98
:101F0000761E8E1EA61EBE1ED61EEE1E061F1E1F8F
:101F1000361F4E1F661F7E1F961FAE1FC61FDF1F78
:101F2000F71F0F2028204020592071208A20A2204E
:101F3000BB20D320EC2005211D2136214F21682113
:101F400081219921B221CB21E421FD2116222F22CA
:101F5000482262227B229422AD22C722E022F9226B
:101F600013232C2345235F2378239223AC23C523FB
:101F7000DF23F82312242C2446245F24792493247D
:101F8000AD24C724E124FB2415252F2549256325ED
:101F90007E259825B225CC25E72501261B26362649
:101FA00050266B268526A026BA26D526EF260A2798
:101FB00025273F275A2775279027AB27C627E127D4
:101FC000FC27162832284D28682883289E28B928FF
:101FD000D428F0280B29262942295D29782994291B
:101FE000AF29CB29E629022A1D2A392A552A702A27
:101FF0008C2AA82AC42AE02AFB2A172B332B4F2B22
:102000006B2B872BA32BBF2BDC2BF82B142C302C0A
:102010004C2C692C852CA12CBE2CDA2CF62C132DE3
:102020002F2D4C2D692D852DA22DBE2DDB2DF82DAC
:10203000152E312E4E2E6B2E882EA52EC22EDF2E63
:10204000FC2E192F362F532F702F8D2FAA2FC82F0C
:10205000E52F023020303D305A3078309530B330A3
:10206000D030EE300B312931463164318231A0312C
:10207000BD31DB31F93117323532533270328E32A5
:10208000AC32CA32E93207332533433361337F330D
:102090009E33BC33DA33F933173435345434723465
:1020A0009134AF34CE34EC340B352A3548356735AE
:1020B0008635A535C335E235013620363F365E36E6
:1020C0007D369C36BB36DA36F93618373737573710
:1020D00076379537B437D437F3371238323851382A
:1020E00071389038B038CF38EF380F392E394E3933
:1020F0006E398D39AD39CD39ED390D3A2C3A4C3A2E
:102100006C3A8C3AAC3ACC3AEC3A0C3B2D3B4D3B1A
:102110006D3B8D3BAD3BCE3BEE3B0E3C2F3C4F3CF5
:102120006F3C903CB03CD13CF13C123D333D533DC3
:10213000743D953DB53DD63DF73D183E383E593E80
:102140007A3E9B3EBC3EDD3EFE3E1F3F403F613F30
:10215000823FA43FC53FE63F074028404A406B40CE
:102160008C40AE40CF40F14012413441554177415F
:102170009841BA41DC41FD411F42414262428442E2
:10218000A642C842EA420C432E434F437143934355
:10219000B643D843FA431C443E4460448244A544B9
:1021A000C744E9440C452E45504573459545B8450F
:1021B000DA45FD451F46424664468746AA46CC4658
:1021C000EF461247354757477A479D47C047E34791
:1021D000064829484C486F489248B548D848FB48BB
:1021E0001E49414965498849AB49CE49F249154ADA
:1021F000384A5C4A7F4AA34AC64AEA4A0D4B314BE9
:10220000554B784B9C4BBF4BE34B074C2B4C4E4CE8
:10221000724C964CBA4CDE4C024D264D4A4D6E4DDA
:10222000924DB64DDA4DFE4D224E464E6A4E8F4EC1
:10223000B34ED74EFC4E204F444F694F8D4FB14F98
:10224000D64FFA4F1F50435068508D50B150D65062
:10225000FA501F51445169518D51B251D751FC511F
:10226000215246526B529052B552DA52FF522453C9
:1022700049536E539353B853DD53035428544D546C
:1022800072549854BD54E25408552D555355785501
:102290009E55C355E9550E5634565A567F56A55687
:1022A000CB56F05616573C5762578857AD57D35701
:1022B000F9571F5845586B589158B758DD5803596E
:1022C0002959505976599C59C259E8590F5A355ACB
:1022D0005B5A825AA85ACE5AF55A1B5B425B685B1E
:1022E0008F5BB55BDC5B025C295C505C765C9D5C63
:1022F000C45CEA5C115D385D5F5D855DAC5DD35D9E
:10230000FA5D215E485E6F5E965EBD5EE45E0B5FC9
:10231000325F595F815FA85FCF5FF65F1D604560E8
:102320006C609360BB60E2600961316158618061FB
:10233000A761CF61F6611E6245626D629562BC6203
:10234000E4620C6333635B638363AB63D263FA63FE
:1023500022644A6472649A64C264EA6412653A65EB
:1023600062658A65B265DA6502662A6653667B66CF
:10237000A366CB66F4661C6744676D679567BD67A7
:10238000E6670E6837685F688868B068D968016971
:102390002A6953697B69A469CD69F5691E6A476A30
:1023A000706A986AC16AEA6A136B3C6B656B8E6BE4
:1023B000B76BE06B096C326C5B6C846CAD6CD66C8B
:1023C000FF6C286D526D7B6DA46DCD6DF66D206E2A
:1023D000496E726E9C6EC56EEF6E186F416F6B6FBB
:1023E000946FBE6FE76F11703B7064708E70B77042
:1023F000E1700B7134715E718871B271DC710572BC
:102400002F7259728372AD72D77201732B73557329
:102410007F73A973D373FD73277451747B74A57490
:10242000CF74FA7424754E757875A375CD75F775EC
:1024300022764C767676A176CB76F67620774B7739
:102440007577A077CA77F5771F784A7875789F787F
:10245000CA78F5781F794A797579A079CA79F579BA
:10246000207A4B7A767AA17ACC7AF77A217B4C7BE8
:10247000777BA27BCD7BF97B247C4F7C7A7CA57C0F
:10248000D07CFB7C267D527D7D7DA87DD37DFF7D2C
:102490002A7E557E817EAC7ED77E037F2E7F5A7F3B
:1024A000857FB17FDC7F088033805F808A80B68043
:1024B000E2800D81398165819081BC81E88114823F
:1024C0003F826B829782C382EF821A834683728334
:1024D0009E83CA83F68322844E847A84A684D2841F
:1024E000FE842A8556858385AF85DB8507863386FE
:1024F00060868C86B886E48611873D8769879687D3
:10250000C287EE871B8847887488A088CD88F988A1
:10251000268952897F89AB89D889048A318A5E8A63
:102520008A8AB78AE48A108B3D8B6A8B978BC38B20
:10253000F08B1D8C4A8C778CA38CD08CFD8C2A8DD3
:10254000578D848DB18DDE8D0B8E388E658E928E7B
:10255000BF8EEC8E198F468F748FA18FCE8FFB8F1D
:10256000289056908390B090DD900B9138916591B2
:102570009391C091ED911B9248927692A392D09242
:10258000FE922B9359938693B493E2930F943D94C8
:102590006A949894C694F39421954F957C95AA9546
:1025A000D8950596339661968F96BD96EA961897BC
:1025B00046977497A297D097FE972C985A98889828
:1025C000B698E498129940996E999C99CA99F8998D
:1025D000269A549A829AB09ADF9A0D9B3B9B699BEC
:1025E000979BC69BF49B229C509C7F9CAD9CDB9C44
:1025F0000A9D389D679D959DC39DF29D209E4F9E8F
:102600007D9EAC9EDA9E099F379F669F949FC39FD5
:10261000F19F20A04FA07DA0ACA0DBA009A138A114
:1026200067A195A1C4A1F3A122A250A27FA2AEA24C
:10263000DDA20CA33AA369A398A3C7A3F6A325A47C
:1026400054A483A4B2A4E1A410A53FA56EA59DA5A2
:10265000CCA5FBA52AA659A688A6B7A6E6A615A7C7
:1026600044A774A7A3A7D2A701A830A860A88FA8E1
:10267000BEA8EDA81DA94CA97BA9AAA9DAA909AAF7
:1026800038AA68AA97AAC7AAF6AA25AB55AB84AB05
:10269000B4ABE3AB13AC42AC72ACA1ACD1AC00AD0B
:1026A00030AD5FAD8FADBFADEEAD1EAE4DAE7DAE0C
:1026B000ADAEDCAE0CAF3CAF6BAF9BAFCBAFFBAF07
:1026C0002AB05AB08AB0BAB0EAB019B149B179B1FA
:1026D000A9B1D9B109B238B268B298B2C8B2F8B2E9
:1026E00028B358B388B3B8B3E8B318B448B478B4CF
:1026F000A8B4D8B408B538B568B598B5C8B5F9B5B3
:1027000029B659B689B6B9B6E9B619B74AB77AB78C
:10271000AAB7DAB70BB83BB86BB89BB8CCB8FCB863
:102720002CB95CB98DB9BDB9EDB91EBA4EBA7FBA34
:10273000AFBADFBA10BB40BB71BBA1BBD1BB02BCFF
:1027400032BC63BC93BCC4BCF4BC25BD55BD86BDC6
:10275000B6BDE7BD18BE48BE79BEA9BEDABE0BBF86
:102760003BBF6CBF9CBFCDBFFEBF2EC05FC090C043
:10277000C1C0F1C022C153C183C1B4C1E5C116C2F9
:1027800046C277C2A8C2D9C20AC33BC36BC39CC3AB
:10279000CDC3FEC32FC460C491C4C1C4F2C423C559
:1027A00054C585C5B6C5E7C518C649C67AC6ABC601
:1027B000DCC60DC73EC76FC7A0C7D1C702C833C8A4
:1027C00064C895C8C6C8F7C828C95AC98BC9BCC946
:1027D000EDC91ECA4FCA80CAB1CAE3CA14CB45CBE1
:1027E00076CBA7CBD9CB0ACC3BCC6CCC9ECCCFCC78
:1027F00000CD31CD63CD94CDC5CDF6CD28CE59CE0B
:102800008ACEBCCEEDCE1ECF50CF81CFB2CFE4CF9B
:1028100015D047D078D0A9D0DBD00CD13ED16FD124
:10282000A0D1D2D103D235D266D298D2C9D2FBD2AE
:102830002CD35ED38FD3C1D3F2D324D455D487D431
:10284000B8D4EAD41BD54DD57ED5B0D5E2D513D6B4
:1028500045D676D6A8D6DAD60BD73DD76ED7A0D731
:10286000D2D703D835D867D898D8CAD8FCD82DD9AC
:102870005FD991D9C2D9F4D926DA58DA89DABBDA24
:10288000EDDA1EDB50DB82DBB4DBE5DB17DC49DC99
:102890007BDCADDCDEDC10DD42DD74DDA6DDD7DD0A
:1028A00009DE3BDE6DDE9FDED0DE02DF34DF66DF79
:1028B00098DFCADFFCDF2DE05FE091E0C3E0F5E0E8
:1028C00027E159E18BE1BDE1EFE120E252E284E250
:1028D000B6E2E8E21AE34CE37EE3B0E3E2E314E4B9
:1028E00046E478E4AAE4DCE40EE540E572E5A4E51C
:1028F000D6E508E63AE66CE69EE6D0E602E734E77F
:1029000066E798E7CAE7FCE72EE860E892E8C4E8E3
:10291000F6E828E95AE98DE9BFE9F1E923EA55EA41
:1029200087EAB9EAEBEA1DEB4FEB81EBB3EBE6EBA1
:1029300018EC4AEC7CECAEECE0EC12ED44ED77EDFB
:10294000A9EDDBED0DEE3FEE71EEA3EED6EE08EF56
:102950003AEF6CEF9EEFD0EF03F035F067F099F0AF
:10296000CBF0FDF030F162F194F1C6F1F8F12BF209
:102970005DF28FF2C1F2F3F225F358F38AF3BCF360
:10298000EEF321F453F485F4B7F4E9F41CF54EF5B5
:1029900080F5B2F5E4F517F649F67BF6ADF6E0F60C
:1029A00012F744F776F7A9F7DBF70DF83FF872F85E
:1029B000A4F8D6F808F93BF96DF99FF9D1F904FAB2
:1029C00036FA68FA9AFACDFAFFFA31FB63FB96FB06
:1029D000C8FBFAFB2CFC5FFC91FCC3FCF5FC28FD5A
:1029E0005AFD8CFDBEFDF1FD23FE55FE88FEBAFEAC
:1029F000ECFE1EFF51FF83FFB5FFE7FF19004B0000
:102A00007D00AF00E200140146017801AB01DD0159
:102A10000F0242027402A602D8020B033D036F03A9
:102A2000A103D403060438046A049D04CF040105FD
:102A3000330566059805CA05FC052F066106930651
:102A4000C506F8062A075C078E07C107F3072508A5
:102A500057088A08BC08EE08200953098509B709F8
:102A6000E9091B0A4E0A800AB20AE40A170B490B4D
:102A70007B0BAD0BDF0B120C440C760CA80CDB0CA3
:102A80000D0D3F0D710DA30DD60D080E3A0E6C0EF7
:102A90009E0ED00E030F350F670F990FCB0FFD0F52
:102AA000301062109410C610F8102A115D118F11A9
:102AB000C111F311251257128912BC12EE12201304
:102AC00052138413B613E8131A144D147F14B1145F
:102AD000E314151547157915AB15DD150F164116BD
:102AE0007316A616D8160A173C176E17A017D2171A
:102AF0000418361868189A18CC18FE18301962197C
:102B00009419C619F8192A1A5C1A8E1AC01AF21AE0
:102B1000241B561B881BBA1BEC1B1E1C501C821C42
:102B2000B41CE61C181D4A1D7C1DAE1DE01D111EA7
:102B3000431E751EA71ED91E0B1F3D1F6F1FA11F11
:102B4000D31F0420362068209A20CC20FE2030217C
:102B500061219321C521F72129225A228C22BE22EC
:102B6000F022222353238523B723E9231B244C245B
:102B70007E24B024E224132545257725A825DA25CF
:102B80000C263E266F26A126D32604273627682743
:102B90009927CB27FD272E2860289228C328F528BF
:102BA000262958298A29BB29ED291E2A502A822A3A
:102BB000B32AE52A162B482B792BAB2BDC2B0E2CBA
:102BC0003F2C712CA22CD42C052D372D682D9A2D3D
:102BD000CB2DFD2D2E2E602E912EC22EF42E252FC4
:102BE000572F882FBA2FEB2F1C304E307F30B0304C
:102BF000E230133144317631A731D8310A323B32D9
:102C00006C329D32CF320033313362339433C5336B
:102C1000F633273459348A34BB34EC341D354F3500
:102C20008035B135E235133644367536A636D8369A
:102C300009373A376B379C37CD37FE372F38603836
:102C40009138C238F338243955398639B739E839DB
:102C5000193A4A3A7B3AAC3ADD3A0E3B3F3B6F3B7E
:102C6000A03BD13B023C333C643C953CC53CF63C2C
:102C7000273D583D893DBA3DEA3D1B3E4C3E7D3ED9
:102C8000AD3EDE3E0F3F3F3F703FA13FD23F02408F
:102C9000334064409440C540F54026415741874148
:102CA000B841E84119424A427A42AB42DB420C4306
:102CB0003C436D439D43CE43FE432F445F448F44CA
:102CC000C044F044214551458145B245E245134693
:102CD00043467346A446D446044734476547954760
:102CE000C547F547264856488648B648E748174935
:102CF00047497749A749D749074A384A684A984A0D
:102D0000C84AF84A284B584B884BB84BE84B184CEC
:102D1000484C784CA84CD84C084D384D684D984DCF
:102D2000C84DF74D274E574E874EB74EE74E164FBC
:102D3000464F764FA64FD64F0550355065509550AB
:102D4000C450F450245153518351B351E2511252A3
:102D500041527152A152D05200532F535F538E53A0
:102D6000BE53ED531D544C547C54AB54DB540A55A4
:102D7000395569559855C855F755265656568556AE
:102D8000B456E356135742577157A057D057FF57C1
:102D90002E585D588C58BC58EB581A5949597859D7
:102DA000A759D659055A345A635A925AC15AF05AF9
:102DB0001F5B4E5B7D5BAC5BDB5B0A5C395C685C1C
:102DC000975CC65CF45C235D525D815DB05DDE5D49
:102DD0000D5E3C5E6B5E995EC85EF75E255F545F7C
:102DE000835FB15FE05F0F603D606C609A60C960B7
:102DF000F760266154618361B161E0610E623D62FA
:102E00006B629962C862F662256353638163B06343
:102E1000DE630C643A6469649764C564F364216595
:102E200050657E65AC65DA650866366664669266EE
:102E3000C066EE661C674A677867A667D467026853
:102E400030685E688C68BA68E868166943697169B9
:102E50009F69CD69FB69286A566A846AB16ADF6A2C
:102E60000D6B3A6B686B966BC36BF16B1E6C4C6CA5
:102E70007A6CA76CD56C026D306D5D6D8A6DB86D26
:102E8000E56D136E406E6D6E9B6EC86EF56E236FB2
:102E9000506F7D6FAA6FD86F057032705F708C7045
:102EA000BA70E770147141716E719B71C871F571E0
:102EB00022724F727C72A972D672037330735D7383
:102EC0008973B673E37310743D7469749674C37434
:102ED000F0741C7549757675A275CF75FC752876EA
:102EE00055768176AE76DB760777347760778C77A8
:102EF000B977E57712783E786A789778C378EF7873
:102F00001C7948797479A079CD79F979257A517A43
:102F10007D7AAA7AD67A027B2E7B5A7B867BB27B1D
:102F2000DE7B0A7C367C627C8E7CBA7CE67C117D02
:102F30003D7D697D957DC17DEC7D187E447E707EF2
:102F40009B7EC77EF37E1E7F4A7F767FA17FCD7FEB
:102F5000F87F24804F807B80A680D280FD802981ED
:102F600054817F81AB81D68101822D8258828382F8
:102F7000AE82DA82058330835B838683B183DC8310
:102F8000078433845E848984B484DF84098534852E
:102F90005F858A85B585E0850B86368660868B865B
:102FA000B686E1860B87368761878B87B687E18790
:102FB0000B88368860888B88B588E0880A893589CF
:102FC0005F898A89B489DE89098A338A5D8A888A19
:102FD000B28ADC8A068B318B5B8B858BAF8BD98B6E
:102FE000038C2D8C578C818CAB8CD58CFF8C298DD0
:102FF000538D7D8DA78DD18DFB8D248E4E8E788E39
:10300000A28ECC8EF58E1F8F498F728F9C8FC58FAD
:10301000EF8F199042906C909590BF90E89011912D
:103020003B9164918E91B791E0910A9233925C92B8
:103030008592AF92D89201932A9353937C93A59350
:10304000CE93F7932094499472949B94C494ED94F6
:1030500016953F9568959095B995E2950B963396A0
:103060005C968596AD96D696FF962797509778975B
:10307000A197C997F2971A9843986B989398BC9820
:10308000E4980C9935995D998599AD99D699FE99F1
:10309000269A4E9A769A9E9AC69AEE9A169B3E9BCE
:1030A000669B8E9BB69BDE9B069C2E9C559C7D9CB6
:1030B000A59CCD9CF49C1C9D449D6B9D939DBB9DAC
:1030C000E29D0A9E319E599E809EA89ECF9EF79EAD
:1030D0001E9F459F6D9F949FBB9FE39F0AA031A0B9
:1030E00058A07FA0A7A0CEA0F5A01CA143A16AA1D3
:1030F00091A1B8A1DFA106A22DA254A27BA2A1A2F8
:10310000C8A2EFA216A33CA363A38AA3B0A3D7A32C
:10311000FEA324A44BA471A498A4BEA4E5A40BA56B
:1031200032A558A57EA5A5A5CBA5F1A518A63EA6B6
:1031300064A68AA6B0A6D7A6FDA623A749A76FA70F
:1031400095A7BBA7E1A707A82DA853A878A89EA874
:10315000C4A8EAA810A935A95BA981A9A6A9CCA9E8
:10316000F2A917AA3DAA62AA88AAADAAD3AAF8AA68
:103170001EAB43AB68AB8EABB3ABD8ABFDAB23ACF4
:1031800048AC6DAC92ACB7ACDCAC01AD26AD4BAD90
:1031900070AD95ADBAADDFAD04AE29AE4EAE73AE37
:1031A00097AEBCAEE1AE06AF2AAF4FAF73AF98AFEC
:1031B000BDAFE1AF06B02AB04FB073B097B0BCB0AE
:1031C000E0B004B129B14DB171B196B1BAB1DEB17F
:1031D00002B226B24AB26EB292B2B6B2DAB2FEB25F
:1031E00022B346B36AB38EB3B2B3D5B3F9B31DB449
:1031F00041B464B488B4ACB4CFB4F3B416B53AB542
:103200005DB581B5A4B5C8B5EBB50EB632B655B649
:1032100078B69BB6BFB6E2B605B728B74BB76EB760
:1032200091B7B4B7D7B7FAB71DB840B863B886B886
:10323000A9B8CCB8EEB811B934B956B979B99CB9B6
:10324000BEB9E1B903BA26BA48BA6BBA8DBAB0BAF8
:10325000D2BAF5BA17BB39BB5BBB7EBBA0BBC2BB46
:10326000E4BB06BC28BC4ABC6DBC8FBCB1BCD2BCA4
:10327000F4BC16BD38BD5ABD7CBD9EBDBFBDE1BD11
:1032800003BE24BE46BE68BE89BEABBECCBEEEBE8B
:103290000FBF31BF52BF74BF95BFB6BFD8BFF9BF14
:1032A0001AC03BC05CC07EC09FC0C0C0E1C002C1AC
:1032B00023C144C165C186C1A7C1C8C1E8C109C253
:1032C0002AC24BC26BC28CC2ADC2CDC2EEC20FC30A
:1032D0002FC350C370C390C3B1C3D1C3F2C312C4D0
:1032E00032C453C473C493C4B3C4D3C4F4C414C5A4
:1032F00034C554C574C594C5B4C5D4C5F3C513C687
:1033000033C653C673C692C6B2C6D2C6F1C611C77B
:1033100031C750C770C78FC7AFC7CEC7EEC70DC87C
:103320002CC84CC86BC88AC8A9C8C9C8E8C807C98E
:1033300026C945C964C983C9A2C9C1C9E0C9FFC9B1
:103340001ECA3DCA5BCA7ACA99CAB8CAD6CAF5CAE1
:1033500014CB32CB51CB6FCB8ECBACCBCBCBE9CB21
:1033600007CC26CC44CC62CC81CC9FCCBDCCDBCC72
:10337000F9CC17CD36CD54CD72CD90CDADCDCBCDD2
:10338000E9CD07CE25CE43CE60CE7ECE9CCEBACE42
:10339000D7CEF5CE12CF30CF4DCF6BCF88CFA6CFC3
:1033A000C3CFE0CFFECF1BD038D056D073D090D053
:1033B000ADD0CAD0E7D004D121D13ED15BD178D1F4
:1033C00095D1B2D1CFD1EBD108D225D242D25ED2A3
:1033D0007BD298D2B4D2D1D2EDD20AD326D342D363
:1033E0005FD37BD397D3B4D3D0D3ECD308D425D435
:1033F00041D45DD479D495D4B1D4CDD4E9D405D514
:1034000020D53CD558D574D590D5ABD5C7D5E3D507
:10341000FED51AD635D651D66CD688D6A3D6BED60A
:10342000DAD6F5D610D72CD747D762D77DD798D71D
:10343000B3D7CED7EAD704D81FD83AD855D870D842
:103440008BD8A6D8C1D8DBD8F6D811D92BD946D974
:1034500060D97BD995D9B0D9CAD9E5D9FFD919DABC
:1034600034DA4EDA68DA82DA9DDAB7DAD1DAEBDA10
:1034700005DB1FDB39DB53DB6DDB87DBA1DBBADB75
:10348000D4DBEEDB08DC21DC3BDC54DC6EDC88DCEE
:10349000A1DCBBDCD4DCEDDC07DD20DD39DD53DD78
:1034A0006CDD85DD9EDDB8DDD1DDEADD03DE1CDE11
:1034B00035DE4EDE67DE7FDE98DEB1DECADEE3DEBD
:1034C000FBDE14DF2DDF45DF5EDF76DF8FDFA7DF7A
:1034D000C0DFD8DFF1DF09E021E03AE052E06AE046
:1034E00082E09AE0B2E0CAE0E2E0FAE012E12AE12A
:1034F00042E15AE172E18AE1A2E1B9E1D1E1E9E117
:1035000000E218E22FE247E25EE276E28DE2A5E217
:10351000BCE2D3E2EBE202E319E330E347E35FE32B
:1035200076E38DE3A4E3BBE3D2E3E9E3FFE316E450
:103530002DE444E45BE471E488E49FE4B5E4CCE486
:10354000E2E4F9E40FE526E53CE552E569E57FE5CF
:1035500095E5ABE5C2E5D8E5EEE504E61AE630E62A
:1035600046E65CE672E688E69EE6B3E6C9E6DFE696
:10357000F5E60AE720E736E74BE761E776E78CE711
:10358000A1E7B6E7CCE7E1E7F6E70CE821E836E8A3
:103590004BE860E875E88AE89FE8B4E8C9E8DEE847
:1035A000F3E808E91DE931E946E95BE96FE984E9F7
:1035B00099E9ADE9C2E9D6E9EBE9FFE913EA28EABE
:1035C0003CEA50EA64EA79EA8DEAA1EAB5EAC9EA96
:1035D000DDEAF1EA05EB19EB2DEB41EB54EB68EB7F
:1035E0007CEB90EBA3EBB7EBCBEBDEEBF2EB05EC7C
:1035F00019EC2CEC3FEC53EC66EC79EC8CECA0EC89
:10360000B3ECC6ECD9ECECECFFEC12ED25ED38EDAB
:103610004BED5EED71ED83ED96EDA9EDBBEDCEEDDD
:10362000E1EDF3ED06EE18EE2BEE3DEE4FEE62EE21
:1036300074EE86EE99EEABEEBDEECFEEE1EEF3EE7C
:1036400005EF17EF29EF3BEF4DEF5FEF71EF82EFE3
:1036500094EFA6EFB7EFC9EFDBEFECEFFEEF0FF063
:1036600021F032F043F055F066F077F089F09AF0EF
:10367000ABF0BCF0CDF0DEF0EFF000F111F122F193
:1036800033F144F154F165F176F187F197F1A8F146
:10369000B8F1C9F1D9F1EAF1FAF10BF21BF22BF210
:1036A0003CF24CF25CF26CF27CF28CF29CF2ADF2E9
:1036B000BDF2CCF2DCF2ECF2FCF20CF31CF32BF3D7
:1036C0003BF34BF35AF36AF379F389F398F3A8F3D6
:1036D000B7F3C7F3D6F3E5F3F5F304F413F422F4E8
:1036E00031F440F44FF45EF46DF47CF48BF49AF40E
:1036F000A9F4B8F4C6F4D5F4E4F4F2F401F50FF546
:103700001EF52CF53BF549F558F566F574F582F58F
:1037100091F59FF5ADF5BBF5C9F5D7F5E5F5F3F5F1
:1037200001F60FF61DF62BF638F646F654F662F65D
:103730006FF67DF68AF698F6A5F6B3F6C0F6CEF6E5
:10374000DBF6E8F6F5F603F710F71DF72AF737F77B
:1037500044F751F75EF76BF778F785F792F79EF726
:10376000ABF7B8F7C5F7D1F7DEF7EAF7F7F703F8E5
:1037700010F81CF828F835F841F84DF85AF866F8B2
:1037800072F87EF88AF896F8A2F8AEF8BAF8C6F899
:10379000D2F8DDF8E9F8F5F801F90CF918F923F990
:1037A0002FF93BF946F951F95DF968F973F97FF999
:1037B0008AF995F9A0F9ABF9B7F9C2F9CDF9D8F9B9
:1037C000E3F9EDF9F8F903FA0EFA19FA23FA2EFAE9
:1037D00039FA43FA4EFA58FA63FA6DFA78FA82FA2D
:1037E0008CFA97FAA1FAABFAB5FAC0FACAFAD4FA87
:1037F000DEFAE8FAF2FAFCFA05FB0FFB19FB23FBF1
:103800002DFB36FB40FB4AFB53FB5DFB66FB70FB6D
:1038100079FB83FB8CFB95FB9EFBA8FBB1FBBAFB02
:10382000C3FBCCFBD5FBDEFBE7FBF0FBF9FB02FCAB
:103830000BFC14FC1CFC25FC2EFC36FC3FFC48FC5D
:1038400050FC58FC61FC69FC72FC7AFC82FC8BFC2D
:1038500093FC9BFCA3FCABFCB3FCBBFCC3FCCBFC10
:10386000D3FCDBFCE3FCEBFCF2FCFAFC02FD09FD03
:1038700011FD19FD20FD28FD2FFD36FD3EFD45FD06
:103880004CFD54FD5BFD62FD69FD70FD77FD7FFD24
:1038900086FD8CFD93FD9AFDA1FDA8FDAFFDB5FD54
:1038A000BCFDC3FDC9FDD0FDD6FDDDFDE3FDEAFD98
:1038B000F0FDF7FDFDFD03FE09FE10FE16FE1CFEE9
:1038C00022FE28FE2EFE34FE3AFE40FE46FE4BFE51
:1038D00051FE57FE5DFE62FE68FE6DFE73FE78FED1
:1038E0007EFE83FE89FE8EFE93FE99FE9EFEA3FE63
:1038F000A8FEADFEB2FEB7FEBCFEC1FEC6FECBFE0C
:10390000D0FED5FEDAFEDEFEE3FEE8FEECFEF1FEC2
:10391000F6FEFAFEFFFE03FF07FF0CFF10FF14FF89
:1039200019FF1DFF21FF25FF29FF2DFF31FF35FF67
:1039300039FF3DFF41FF45FF48FF4CFF50FF53FF5C
:1039400057FF5BFF5EFF62FF65FF69FF6CFF6FFF64
:1039500073FF76FF79FF7CFF80FF83FF86FF89FF7F
:103960008CFF8FFF92FF95FF97FF9AFF9DFFA0FFAF
:10397000A2FFA5FFA8FFAAFFADFFAFFFB2FFB4FFF4
:10398000B7FFB9FFBBFFBEFFC0FFC2FFC4FFC6FF4A
:10399000C8FFCAFFCCFFCEFFD0FFD2FFD4FFD6FFB7
:1039A000D8FFD9FFDBFFDDFFDEFFE0FFE1FFE3FF34
:1039B000E4FFE6FFE7FFE9FFEAFFEBFFECFFEEFFC6
:1039C000EFFFF0FFF1FFF2FFF3FFF4FFF5FFF6FF6B
:1039D000F7FFF7FFF8FFF9FFFAFFFAFFFBFFFBFF26
:1039E000FCFFFCFFFDFFFDFFFEFFFEFFFEFFFFFFF4
:1039F000FFFFFFFFFFFFFFFFFFFFFFFFA01DD0F551
:103A000088C59AFCA878F6FD7C7B8BFEFC43DEFE25
:103A100011F212FF916A37FF552952FF199D66FF77
:103A20009BC276FFC9D483FF08A18EFF01B397FF25
:103A3000FE6C9FFF2916A6FF50E3ABFF75FCB0FF9D
:103A40007280B5FF7987B9FFC224BDFFC767C0FF89
:103A5000215DC3FF2A0FC6FF7A86C8FF43CACAFF8B
:103A600093E0CCFF92CECEFFA598D0FF9342D2FF39
:103A7000A2CFD3FFA942D5FF229ED6FF3BE4D7FFBA
:103A8000DC16D9FFB837DAFF4E48DBFFF649DCFF1A
:103A9000E13DDDFF2125DEFFAC00DFFF61D1DFFF6F
:103AA0000798E0FF5555E1FFF009E2FF6EB6E2FF2F
:103AB000575BE3FF2AF9E3FF5190E4FF4421E5FF60
:103AC0005CACE5FFF331E6FF5AB2E6FFDE2DE7FF1F
:103AD000C4A4E7FF4E17E8FFB885E8FF39F0E8FF18
:103AE0000757E9FF52BAE9FF471AEAFF1077EAFFE2
:103AF000D6D0EAFFBC27EBFFE77BEBFF76CDEBFFF1
:103B0000881CECFF3969ECFFA6B3ECFFE6FBECFF89
:103B10001342EDFF4386EDFF8AC8EDFFFF08EEFF7D
:103B2000B247EEFFB784EEFF1FC0EEFFFAF9EEFFDB
:103B30005732EFFF4469EFFFD19EEFFF09D3EFFF4C
:103B4000FA05F0FFAE37F0FF3368F0FF9297F0FF11
:103B5000D5C5F0FF07F3F0FF321FF1FF5D4AF1FF1B
:103B60009174F1FFD79DF1FF36C6F1FFB6EDF1FF7D
:103B70005F14F2FF363AF2FF435FF2FF8B83F2FFEE
:103B800016A7F2FFE7C9F2FF07ECF2FF780DF3FF8B
:103B9000412EF3FF664EF3FFED6DF3FFDA8CF3FF7A
:103BA00031ABF3FFF7C8F3FF2FE6F3FFDD02F4FFBD
:103BB000061FF4FFAD3AF4FFD455F4FF8170F4FF13
:103BC000B68AF4FF75A4F4FFC3BDF4FFA2D6F4FFD8
:103BD00015EFF4FF1E07F5FFC11EF5FF0036F5FFD8
:103BE000DD4CF5FF5A63F5FF7B79F5FF418FF5FF5B
:103BF000AFA4F5FFC6B9F5FF88CEF5FFF8E2F5FFF3
:103C000018F7F5FFE80AF6FF6C1EF6FFA531F6FF80
:103C10009544F6FF3C57F6FF9D69F6FFBA7BF6FF29
:103C2000938DF6FF2B9FF6FF82B0F6FF9AC1F6FF49
:103C300075D2F6FF13E3F6FF77F3F6FFA003F7FF65
:103C40009113F7FF4B23F7FFCE32F7FF1B42F7FF2D
:103C50003551F7FF1B60F7FFD06EF7FF537DF7FF7D
:103C6000A68BF7FFC999F7FFBFA7F7FF86B5F7FF48
:103C700022C3F7FF91D0F7FFD6DDF7FFF0EAF7FF99
:103C8000E2F7F7FFAA04F8FF4B11F8FFC51DF8FF94
:103C9000182AF8FF4636F8FF4F42F8FF334EF8FF78
:103CA000F359F8FF9165F8FF0C71F8FF657CF8FF98
:103CB0009D87F8FFB492F8FFAB9DF8FF82A8F8FF4C
:103CC0003AB3F8FFD4BDF8FF4FC8F8FFADD2F8FF04
:103CD000EEDCF8FF13E7F8FF1BF1F8FF08FBF8FF35
:103CE000D904F9FF900EF9FF2C18F9FFAF21F9FF65
:103CF000182BF9FF6734F9FF9E3DF9FFBD46F9FF28
:103D0000C44FF9FFB358F9FF8B61F9FF4C6AF9FF13
:103D1000F772F9FF8B7BF9FF0984F9FF728CF9FFC9
:103D2000C694F9FF059DF9FF2FA5F9FF45ADF9FFF1
:103D300048B5F9FF36BDF9FF11C5F9FFD9CCF9FF38
:103D40008ED4F9FF30DCF9FFC0E3F9FF3EEBF9FF59
:103D5000AAF2F9FF05FAF9FF4E01FAFF8608FAFF09
:103D6000AE0FFAFFC516FAFFCB1DFAFFC124FAFF0A
:103D7000A82BFAFF7E32FAFF4539FAFFFD3FFAFF22
:103D8000A646FAFF404DFAFFCB53FAFF475AFAFF17
:103D9000B560FAFF1667FAFF686DFAFFAC73FAFFB9
:103DA000E379FAFF0C80FAFF2886FAFF378CFAFFD6
:103DB0003992FAFF2F98FAFF189EFAFFF4A3FAFF40
:103DC000C4A9FAFF88AFFAFF40B5FAFFECBAFAFFD0
:103DD0008CC0FAFF21C6FAFFAACBFAFF29D1FAFF5D
:103DE0009CD6FAFF04DCFAFF61E1FAFFB3E6FAFFC2
:103DF000FBEBFAFF38F1FAFF6BF6FAFF94FBFAFFE0
:103E0000B200FBFFC705FBFFD20AFBFFD30FFBFF8E
:103E1000CA14FBFFB719FBFF9C1EFBFF7723FBFFB8
:103E20004828FBFF112DFBFFD031FBFF8736FBFF3E
:103E3000343BFBFFD93FFBFF7644FBFF0949FBFF07
:103E4000954DFBFF1852FBFF9356FBFF055BFBFFF5
:103E5000705FFBFFD263FBFF2D68FBFF806CFBFFF5
:103E6000CB70FBFF0E75FBFF4A79FBFF7E7DFBFFEE
:103E7000AB81FBFFD185FBFFEF89FBFF068EFBFFCC
:103E80001692FBFF1F96FBFF219AFBFF1C9EFBFF78
:103E900010A2FBFFFEA5FBFFE4A9FBFFC5ADFBFFE6
:103EA0009EB1FBFF71B5FBFF3EB9FBFF04BDFBFFFD
:103EB000C4C0FBFF7EC4FBFF32C8FBFFDFCBFBFFB0
:103EC00087CFFBFF28D3FBFFC4D6FBFF5ADAFBFFEB
:103ED000E9DDFBFF73E1FBFFF8E4FBFF77E8FBFFA5
:103EE000F0EBFBFF63EFFBFFD1F2FBFF3AF6FBFFCA
:103EF0009DF9FBFFFBFCFBFF5400FCFFA703FCFF4D
:103F0000F506FCFF3E0AFCFF820DFCFFC110FCFF22
:103F1000FB13FCFF3017FCFF601AFCFF8B1DFCFF3E
:103F2000B220FCFFD323FCFFF026FCFF082AFCFF95
:103F30001C2DFCFF2B30FCFF3533FCFF3B36FCFF18
:103F40003C39FCFF393CFCFF323FFCFF2642FCFFC2
:103F50001645FCFF0148FCFFE94AFCFFCC4DFCFF85
:103F6000AB50FCFF8553FCFF5C56FCFF2E59FCFF59
:103F7000FD5BFCFFC75EFCFF8E61FCFF5164FCFF34
:103F80000F67FCFFCA69FCFF816CFCFF346FFCFF0C
:103F9000E471FCFF9074FCFF3877FCFFDC79FCFFD8
:103FA0007D7CFCFF1A7FFCFFB381FCFF4984FCFF92
:103FB000DB86FCFF6A89FCFFF68BFCFF7E8EFCFF34
:103FC0000291FCFF8393FCFF0196FCFF7C98FCFFB1
:103FD000F39AFCFF679DFCFFD79FFCFF45A2FCFF07
:103FE000AFA4FCFF16A7FCFF7AA9FCFFDBABFCFF2C
:103FF00038AEFCFF93B0FCFFEBB2FCFF3FB5FCFF1B
:1040000091B7FCFFDFB9FCFF2BBCFCFF73BEFCFFCC
:10401000B9C0FCFFFCC2FCFF3CC5FCFF79C7FCFF3C
:10402000B3C9FCFFEBCBFCFF20CEFCFF51D0FCFF63
:1040300081D2FCFFADD4FCFFD7D6FCFFFED8FCFF3D
:1040400023DBFCFF44DDFCFF64DFFCFF80E1FCFFC1
:104050009AE3FCFFB2E5FCFFC7E7FCFFD9E9FCFFF0
:10406000E9EBFCFFF6EDFCFF01F0FCFF0AF2FCFFC0
:1040700010F4FCFF13F6FCFF14F8FCFF13FAFCFF2E
:1040800010FCFCFF0AFEFCFF0200FDFFF701FDFF34
:10409000EA03FDFFDB05FDFFCA07FDFFB609FDFFD3
:1040A000A10BFDFF890DFDFF6E0FFDFF5211FDFFFE
:1040B0003313FDFF1315FDFFF016FDFFCB18FDFFB9
:1040C000A31AFDFF7A1CFDFF4F1EFDFF2220FDFFFE
:1040D000F221FDFFC123FDFF8D25FDFF5827FDFFC8
:1040E0002029FDFFE72AFDFFAB2CFDFF6E2EFDFF13
:1040F0002E30FDFFED31FDFFAA33FDFF6535FDFFDD
:104100001E37FDFFD538FDFF8A3AFDFF3E3CFDFF1F
:10411000EF3DFDFF9F3FFDFF4D41FDFFF942FDFFDC
:10412000A344FDFF4C46FDFFF247FDFF9749FDFF0D
:104130003B4BFDFFDC4CFDFF7C4EFDFF1A50FDFFAD
:10414000B651FDFF5153FDFFEA54FDFF8156FDFFBF
:104150001758FDFFAB59FDFF3D5BFDFFCE5CFDFF3A
:104160005D5EFDFFEB5FFDFF7761FDFF0163FDFF1E
:104170008A64FDFF1166FDFF9767FDFF1B69FDFF68
:104180009D6AFDFF1E6CFDFF9E6DFDFF1C6FFDFF18
:104190009870FDFF1372FDFF8D73FDFF0575FDFF28
:1041A0007B76FDFFF077FDFF6479FDFFD67AFDFF9A
:1041B000477CFDFFB67DFDFF247FFDFF9180FDFF65
:1041C000FC81FDFF6683FDFFCE84FDFF3586FDFF8C
:1041D0009B87FDFFFF88FDFF628AFDFFC48BFDFF0B
:1041E000248DFDFF838EFDFFE18FFDFF3D91FDFFDF
:1041F0009992FDFFF293FDFF4B95FDFFA296FDFF07
:10420000F897FDFF4D99FDFFA09AFDFFF29BFDFF82
:10421000439DFDFF939EFDFFE29FFDFF2FA1FDFF4C
:104220007BA2FDFFC6A3FDFF10A5FDFF58A6FDFF65
:104230009FA7FDFFE6A8FDFF2BAAFDFF6EABFDFFCC
:10424000B1ACFDFFF3ADFDFF33AFFDFF72B0FDFF7D
:10425000B0B1FDFFEDB2FDFF29B4FDFF64B5FDFF78
:104260009DB6FDFFD6B7FDFF0DB9FDFF44BAFDFFBA
:1042700079BBFDFFADBCFDFFE0BDFDFF13BFFDFF42
:1042800044C0FDFF74C1FDFFA2C2FDFFD0C3FDFF0E
:10429000FDC4FDFF29C6FDFF54C7FDFF7EC8FDFF1D
:1042A000A6C9FDFFCECAFDFFF5CBFDFF1BCDFDFF6F
:1042B00040CEFDFF63CFFDFF86D0FDFFA8D1FDFFFF
:1042C000C9D2FDFFE9D3FDFF08D5FDFF26D6FDFFCE
:1042D00043D7FDFF5FD8FDFF7AD9FDFF95DAFDFFDB
:1042E000AEDBFDFFC6DCFDFFDEDDFDFFF4DEFDFF26
:1042F0000AE0FDFF1FE1FDFF33E2FDFF46E3FDFFA6
:1043000058E4FDFF69E5FDFF79E6FDFF89E7FDFF64
:1043100097E8FDFFA5E9FDFFB2EAFDFFBEEBFDFF5B
:10432000C9ECFDFFD3EDFDFFDDEEFDFFE5EFFDFF89
:10433000EDF0FDFFF4F1FDFFFAF2FDFFFFF3FDFFED
:1043400004F5FDFF07F6FDFF0AF7FDFF0CF8FDFF82
:104350000DF9FDFF0EFAFDFF0DFBFDFF0CFCFDFF4F
:104360000AFDFDFF08FEFDFF04FFFDFF0000FEFF4C
:10437000FB00FEFFF501FEFFEE02FEFFE703FEFF7E
:10438000DF04FEFFD605FEFFCC06FEFFC207FEFFE0
:10439000B708FEFFAB09FEFF9F0AFEFF910BFEFF71
:1043A000830CFEFF750DFEFF650EFEFF550FFEFF31
:1043B0004410FEFF3311FEFF2012FEFF0D13FEFF1F
:1043C000F913FEFFE514FEFFD015FEFFBA16FEFF3F
:1043D000A417FEFF8D18FEFF7519FEFF5C1AFEFF85
:1043E000431BFEFF291CFEFF0F1DFEFFF41DFEFFF9
:1043F000D81EFEFFBB1FFEFF9E20FEFF8021FEFF9A
:104400006222FEFF4323FEFF2324FEFF0325FEFF5F
:10441000E225FEFFC026FEFF9E27FEFF7B28FEFF53
:104420005729FEFF332AFEFF0E2BFEFFE92BFEFF6E
:10443000C32CFEFF9C2DFEFF752EFEFF4D2FFEFFB1
:104440002530FEFFFC30FEFFD231FEFFA832FEFF1A
:104450007D33FEFF5234FEFF2635FEFFFA35FEFFA8
:10446000CC36FEFF9F37FEFF7138FEFF4239FEFF5C
:10447000123AFEFFE23AFEFFB23BFEFF813CFEFF36
:104480004F3DFEFF1D3EFEFFEA3EFEFFB73FFEFF33
:104490008340FEFF4E41FEFF1942FEFFE442FEFF55
:1044A000AE43FEFF7744FEFF4045FEFF0946FEFF98
:1044B000D046FEFF9847FEFF5E48FEFF2549FEFFFF
:1044C000EA49FEFFB04AFEFF744BFEFF384CFEFF88
:1044D000FC4CFEFFBF4DFEFF824EFEFF444FFEFF31
:1044E0000650FEFFC750FEFF8851FEFF4852FEFFF8
:1044F0000753FEFFC653FEFF8554FEFF4355FEFFE4
:104500000156FEFFBE56FEFF7B57FEFF3758FEFFEB
:10451000F358FEFFAE59FEFF695AFEFF235BFEFF14
:10452000DD5BFEFF975CFEFF505DFEFF085EFEFF59
:10453000C05EFEFF785FFEFF2F60FEFFE660FEFFBD
:104540009C61FEFF5262FEFF0763FEFFBC63FEFF3D
:104550007064FEFF2465FEFFD865FEFF8B66FEFFDC
:104560003D67FEFFEF67FEFFA168FEFF5369FEFF98
:10457000036AFEFFB46AFEFF646BFEFF146CFEFF6D
:10458000C36CFEFF726DFEFF206EFEFFCE6EFEFF5F
:104590007B6FFEFF2870FEFFD570FEFF8171FEFF6E
:1045A0002D72FEFFD972FEFF8473FEFF2E74FEFF94
:1045B000D974FEFF8275FEFF2C76FEFFD576FEFFD6
:1045C0007E77FEFF2678FEFFCE78FEFF7579FEFF30
:1045D0001C7AFEFFC37AFEFF697BFEFF0F7CFEFFA5
:1045E000B47CFEFF5A7DFEFFFE7DFEFFA37EFEFF34
:1045F000477FFEFFEA7FFEFF8D80FEFF3081FEFFDA
:10460000D381FEFF7582FEFF1783FEFFB883FEFF96
:104610005984FEFFFA84FEFF9A85FEFF3A86FEFF6C
:10462000D986FEFF7987FEFF1788FEFFB688FEFF5A
:104630005489FEFFF289FEFF8F8AFEFF2C8BFEFF5E
:10464000C98BFEFF658CFEFF018DFEFF9D8DFEFF79
:10465000388EFEFFD38EFEFF6E8FFEFF0890FEFFAA
:10466000A290FEFF3C91FEFFD591FEFF6E92FEFFF1
:104670000693FEFF9F93FEFF3794FEFFCE94FEFF4E
:104680006695FEFFFD95FEFF9396FEFF2997FEFFC0
:10469000BF97FEFF5598FEFFEA98FEFF7F99FEFF49
:1046A000149AFEFFA89AFEFF3C9BFEFFD09BFEFFE4
:1046B000649CFEFFF79CFEFF8A9DFEFF1C9EFEFF92
:1046C000AE9EFEFF409FFEFFD29FFEFF63A0FEFF57
:1046D000F4A0FEFF84A1FEFF15A2FEFFA5A2FEFF2F
:1046E00034A3FEFFC4A3FEFF53A4FEFFE2A4FEFF1B
:1046F00070A5FEFFFFA5FEFF8DA6FEFF1AA7FEFF19
:10470000A8A7FEFF35A8FEFFC1A8FEFF4EA9FEFF29
:10471000DAA9FEFF66AAFEFFF2AAFEFF7DABFEFF4E
:1047200008ACFEFF93ACFEFF1DADFEFFA8ADFEFF83
:1047300031AEFEFFBBAEFEFF44AFFEFFCEAFFEFFCD
:1047400056B0FEFFDFB0FEFF67B1FEFFEFB1FEFF28
:1047500077B2FEFFFEB2FEFF86B3FEFF0CB4FEFF93
:1047600093B4FEFF1AB5FEFFA0B5FEFF25B6FEFF0F
:10477000ABB6FEFF30B7FEFFB5B7FEFF3AB8FEFF9F
:10478000BFB8FEFF43B9FEFFC7B9FEFF4BBAFEFF3D
:10479000CEBAFEFF52BBFEFFD5BBFEFF57BCFEFFED
:1047A000DABCFEFF5CBDFEFFDEBDFEFF60BEFEFFAD
:1047B000E1BEFEFF62BFFEFFE3BFFEFF64C0FEFF7F
:1047C000E5C0FEFF65C1FEFFE5C1FEFF65C2FEFF5D
:1047D000E4C2FEFF63C3FEFFE3C3FEFF61C4FEFF4E
:1047E000E0C4FEFF5EC5FEFFDCC5FEFF5AC6FEFF4D
:1047F000D8C6FEFF55C7FEFFD2C7FEFF4FC8FEFF5B
:10480000CCC8FEFF48C9FEFFC4C9FEFF40CAFEFF78
:10481000BCCAFEFF38CBFEFFB3CBFEFF2ECCFEFFA3
:10482000A9CCFEFF23CDFEFF9ECDFEFF18CEFEFFDE
:1048300092CEFEFF0CCFFEFF85CFFEFFFECFFEFF28
:1048400077D0FEFFF0D0FEFF69D1FEFFE1D1FEFF81
:1048500059D2FEFFD1D2FEFF49D3FEFFC0D3FEFFE7
:1048600038D4FEFFAFD4FEFF26D5FEFF9CD5FEFF59
:1048700013D6FEFF89D6FEFFFFD6FEFF75D7FEFFDB
:10488000EBD7FEFF60D8FEFFD5D8FEFF4AD9FEFF6A
:10489000BFD9FEFF33DAFEFFA8DAFEFF1CDBFEFF06
:1048A00090DBFEFF04DCFEFF77DCFEFFEBDCFEFFAF
:1048B0005EDDFEFFD1DDFEFF44DEFEFFB6DEFEFF65
:1048C00028DFFEFF9BDFFEFF0DE0FEFF7EE0FEFF28
:1048D000F0E0FEFF61E1FEFFD2E1FEFF43E2FEFFFA
:1048E000B4E2FEFF25E3FEFF95E3FEFF05E4FEFFD5
:1048F00075E4FEFFE5E4FEFF55E5FEFFC4E5FEFFBF
:1049000034E6FEFFA3E6FEFF12E7FEFF80E7FEFFB0
:10491000EFE7FEFF5DE8FEFFCBE8FEFF39E9FEFFB3
:10492000A7E9FEFF15EAFEFF82EAFEFFEFEAFEFFBF
:104930005CEBFEFFC9EBFEFF36ECFEFFA2ECFEFFD8
:104940000FEDFEFF7BEDFEFFE7EDFEFF53EEFEFFFA
:10495000BEEEFEFF2AEFFEFF95EFFEFF00F0FEFF2A
:104960006BF0FEFFD6F0FEFF40F1FEFFABF1FEFF65
:1049700015F2FEFF7FF2FEFFE9F2FEFF53F3FEFFAA
:10498000BCF3FEFF26F4FEFF8FF4FEFFF8F4FEFFFB
:1049900061F5FEFFC9F5FEFF32F6FEFF9AF6FEFF57
:1049A00003F7FEFF6BF7FEFFD3F7FEFF3AF8FEFFBB
:1049B000A2F8FEFF09F9FEFF70F9FEFFD7F9FEFF2E
:1049C0003EFAFEFFA5FAFEFF0CFBFEFF72FBFEFFA8
:1049D000D8FBFEFF3EFCFEFFA4FCFEFF0AFDFEFF2F
:1049E00070FDFEFFD5FDFEFF3BFEFEFFA0FEFEFFBD
:1049F00005FFFEFF6AFFFEFFCEFFFEFF3300FFFF55
:104A00009700FFFFFB00FFFF5F01FFFFC301FFFFF8
:104A10002702FFFF8B02FFFFEE02FFFF5103FFFFA4
:104A2000B503FFFF1804FFFF7B04FFFFDD04FFFF5A
:104A30004005FFFFA205FFFF0406FFFF6706FFFF1B
:104A4000C906FFFF2A07FFFF8C07FFFFEE07FFFFE6
:104A50004F08FFFFB008FFFF1109FFFF7209FFFFBA
:104A6000D309FFFF340AFFFF940AFFFFF50AFFFF97
:104A7000550BFFFFB50BFFFF150CFFFF750CFFFF7C
:104A8000D50CFFFF340DFFFF940DFFFFF30DFFFF6B
:104A9000520EFFFFB10EFFFF100FFFFF6F0FFFFF62
:104AA000CD0FFFFF2C10FFFF8A10FFFFE810FFFF64
:104AB0004611FFFFA411FFFF0212FFFF5F12FFFF6D
:104AC000BD12FFFF1A13FFFF7813FFFFD513FFFF7F
:104AD0003214FFFF8F14FFFFEB14FFFF4815FFFF99
:104AE000A415FFFF0116FFFF5D16FFFFB916FFFFBC
:104AF0001517FFFF7117FFFFCC17FFFF2818FFFFE7
:104B00008318FFFFDF18FFFF3A19FFFF9519FFFF1A
:104B1000F019FFFF4B1AFFFFA51AFFFF001BFFFF55
:104B20005A1BFFFFB51BFFFF0F1CFFFF691CFFFF98
:104B3000C31CFFFF1D1DFFFF761DFFFFD01DFFFFE4
:104B4000291EFFFF831EFFFFDC1EFFFF351FFFFF37
:104B50008E1FFFFFE71FFFFF3F20FFFF9820FFFF93
:104B6000F020FFFF4921FFFFA121FFFFF921FFFFF7
:104B70005122FFFFA922FFFF0123FFFF5923FFFF5F
:104B8000B023FFFF0824FFFF5F24FFFFB624FFFFD1
:104B90000D25FFFF6425FFFFBB25FFFF1226FFFF4A
:104BA0006826FFFFBF26FFFF1527FFFF6C27FFFFCB
:104BB000C227FFFF1828FFFF6E28FFFFC428FFFF52
:104BC0001929FFFF6F29FFFFC529FFFF1A2AFFFFE1
:104BD0006F2AFFFFC52AFFFF1A2BFFFF6F2BFFFF76
:104BE000C32BFFFF182CFFFF6D2CFFFFC12CFFFF15
:104BF000162DFFFF6A2DFFFFBE2DFFFF132EFFFFB7
:104C0000672EFFFFBA2EFFFF0E2FFFFF622FFFFF61
:104C1000B62FFFFF0930FFFF5C30FFFFB030FFFF12
:104C20000331FFFF5631FFFFA931FFFFFC31FFFFCA
:104C30004F32FFFFA132FFFFF432FFFF4633FFFF89
:104C40009933FFFFEB33FFFF3D34FFFF8F34FFFF4E
:104C5000E134FFFF3335FFFF8535FFFFD635FFFF1A
:104C60002836FFFF7936FFFFCB36FFFF1C37FFFFEB
:104C70006D37FFFFBE37FFFF0F38FFFF6038FFFFC4
:104C8000B138FFFF0239FFFF5239FFFFA339FFFFA1
:104C9000F339FFFF433AFFFF943AFFFFE43AFFFF87
:104CA000343BFFFF843BFFFFD33BFFFF233CFFFF71
:104CB000733CFFFFC23CFFFF123DFFFF613DFFFF62
:104CC000B03DFFFF003EFFFF4F3EFFFF9E3EFFFF58
:104CD000ED3EFFFF3B3FFFFF8A3FFFFFD93FFFFF56
:104CE0002740FFFF7640FFFFC440FFFF1241FFFF58
:104CF0006141FFFFAF41FFFFFD41FFFF4B42FFFF5F
:104D00009842FFFFE642FFFF3443FFFF8143FFFF6E
:104D1000CF43FFFF1C44FFFF6A44FFFFB744FFFF80
:104D20000445FFFF5145FFFF9E45FFFFEB45FFFF99
:104D30003846FFFF8446FFFFD146FFFF1D47FFFFB8
:104D40006A47FFFFB647FFFF0248FFFF4F48FFFFDC
:104D50009B48FFFFE748FFFF3349FFFF7F49FFFF05
:104D6000CA49FFFF164AFFFF624AFFFFAD4AFFFF35
:104D7000F94AFFFF444BFFFF8F4BFFFFDA4BFFFF6A
:104D8000264CFFFF714CFFFFBC4CFFFF064DFFFFA1
:104D9000514DFFFF9C4DFFFFE74DFFFF314EFFFFE1
:104DA0007C4EFFFFC64EFFFF104FFFFF5B4FFFFF24
:104DB000A54FFFFFEF4FFFFF3950FFFF8350FFFF6D
:104DC000CD50FFFF1651FFFF6051FFFFAA51FFFFBB
:104DD000F351FFFF3D52FFFF8652FFFFCF52FFFF0F
:104DE0001953FFFF6253FFFFAB53FFFFF453FFFF65
:104DF0003D54FFFF8654FFFFCE54FFFF1755FFFFC2
:104E00006055FFFFA855FFFFF155FFFF3956FFFF23
:104E10008256FFFFCA56FFFF1257FFFF5A57FFFF88
:104E2000A257FFFFEA57FFFF3258FFFF7A58FFFFF4
:104E3000C258FFFF0959FFFF5159FFFF9859FFFF63
:104E4000E059FFFF275AFFFF6F5AFFFFB65AFFFFD7
:104E5000FD5AFFFF445BFFFF8B5BFFFFD25BFFFF51
:104E6000195CFFFF605CFFFFA75CFFFFED5CFFFFCD
:104E7000345DFFFF7B5DFFFFC15DFFFF075EFFFF4E
:104E80004E5EFFFF945EFFFFDA5EFFFF205FFFFFD5
:104E9000675FFFFFAD5FFFFFF35FFFFF3860FFFF5E
:104EA0007E60FFFFC460FFFF0A61FFFF4F61FFFFED
:104EB0009561FFFFDA61FFFF2062FFFF6562FFFF80
:104EC000AA62FFFFF062FFFF3563FFFF7A63FFFF17
:104ED000BF63FFFF0464FFFF4964FFFF8E64FFFFB1
:104EE000D264FFFF1765FFFF5C65FFFFA065FFFF52
:104EF000E565FFFF2966FFFF6E66FFFFB266FFFFF5
:104F0000F666FFFF3A67FFFF7E67FFFFC367FFFF9D
:104F10000768FFFF4B68FFFF8E68FFFFD268FFFF47
:104F20001669FFFF5A69FFFF9D69FFFFE169FFFFF7
:104F3000246AFFFF686AFFFFAB6AFFFFEF6AFFFFAB
:104F4000326BFFFF756BFFFFB86BFFFFFB6BFFFF63
:104F50003E6CFFFF816CFFFFC46CFFFF076DFFFF1E
:104F60004A6DFFFF8D6DFFFFCF6DFFFF126EFFFFDC
:104F7000556EFFFF976EFFFFDA6EFFFF1C6FFFFF9E
:104F80005E6FFFFFA16FFFFFE36FFFFF2570FFFF65
:104F90006770FFFFA970FFFFEB70FFFF2D71FFFF30
:104FA0006F71FFFFB171FFFFF371FFFF3472FFFFFD
:104FB0007672FFFFB872FFFFF972FFFF3B73FFFFCE
:104FC0007C73FFFFBD73FFFFFF73FFFF4074FFFFA4
:104FD0008174FFFFC274FFFF0475FFFF4575FFFF7B
:104FE0008675FFFFC775FFFF0776FFFF4876FFFF57
:104FF0008976FFFFCA76FFFF0A77FFFF4B77FFFF37
:105000008C77FFFFCC77FFFF0D78FFFF4D78FFFF18
:105010008D78FFFFCE78FFFF0E79FFFF4E79FFFFFF
:105020008E79FFFFCE79FFFF0F7AFFFF4F7AFFFFE8
:105030008E7AFFFFCE7AFFFF0E7BFFFF4E7BFFFFD6
:105040008E7BFFFFCD7BFFFF0D7CFFFF4D7CFFFFC5
:105050008C7CFFFFCC7CFFFF0B7DFFFF4B7DFFFFB8
:105060008A7DFFFFC97DFFFF087EFFFF487EFFFFAF
:10507000877EFFFFC67EFFFF057FFFFF447FFFFFA8
:10508000837FFFFFC27FFFFF0180FFFF3F80FFFFA5
:105090007E80FFFFBD80FFFFFC80FFFF3A81FFFFA6
:1050A0007981FFFFB781FFFFF681FFFF3482FFFFA9
:1050B0007382FFFFB182FFFFEF82FFFF2D83FFFFAF
:1050C0006C83FFFFAA83FFFFE883FFFF2684FFFFB7
:1050D0006484FFFFA284FFFFE084FFFF1E85FFFFC3
:1050E0005C85FFFF9985FFFFD785FFFF1586FFFFD2
:1050F0005286FFFF9086FFFFCE86FFFF0B87FFFFE4
:105100004887FFFF8687FFFFC387FFFF0188FFFFF8
:105110003E88FFFF7B88FFFFB888FFFFF688FFFF10
:105120003389FFFF7089FFFFAD89FFFFEA89FFFF29
:10513000278AFFFF648AFFFFA08AFFFFDD8AFFFF47
:105140001A8BFFFF578BFFFF938BFFFFD08BFFFF67
:105150000D8CFFFF498CFFFF868CFFFFC28CFFFF89
:10516000FF8CFFFF3B8DFFFF778DFFFFB48DFFFFAF
:10517000F08DFFFF2C8EFFFF688EFFFFA48EFFFFD8
:10518000E18EFFFF1D8FFFFF598FFFFF958FFFFF00
:10519000D18FFFFF0C90FFFF4890FFFF8490FFFF2F
:1051A000C090FFFFFC90FFFF3791FFFF7391FFFF5F
:1051B000AF91FFFFEA91FFFF2692FFFF6192FFFF91
:1051C0009D92FFFFD892FFFF1493FFFF4F93FFFFC5
:1051D0008A93FFFFC593FFFF0194FFFF3C94FFFFFD
:1051E0007794FFFFB294FFFFED94FFFF2895FFFF38
:1051F0006395FFFF9E95FFFFD995FFFF1496FFFF74
:105200004F96FFFF8A96FFFFC496FFFFFF96FFFFB2
:105210003A97FFFF7597FFFFAF97FFFFEA97FFFFF2
:105220002498FFFF5F98FFFF9998FFFFD498FFFF36
:105230000E99FFFF4999FFFF8399FFFFBD99FFFF7B
:10524000F899FFFF329AFFFF6C9AFFFFA69AFFFFC3
:10525000E09AFFFF1A9BFFFF549BFFFF8E9BFFFF0F
:10526000C89BFFFF029CFFFF3C9CFFFF769CFFFF5B
:10527000B09CFFFFEA9CFFFF249DFFFF5D9DFFFFA9
:10528000979DFFFFD19DFFFF0A9EFFFF449EFFFFFA
:105290007E9EFFFFB79EFFFFF19EFFFF2A9FFFFF4D
:1052A000649FFFFF9D9FFFFFD69FFFFF10A0FFFFA2
:1052B00049A0FFFF82A0FFFFBBA0FFFFF5A0FFFFFB
:1052C0002EA1FFFF67A1FFFFA0A1FFFFD9A1FFFF54
:1052D00012A2FFFF4BA2FFFF84A2FFFFBDA2FFFFB0
:1052E000F6A2FFFF2FA3FFFF68A3FFFFA1A3FFFF0D
:1052F000D9A3FFFF12A4FFFF4BA4FFFF84A4FFFF6D
:10530000BCA4FFFFF5A4FFFF2EA5FFFF66A5FFFFCE
:105310009FA5FFFFD7A5FFFF10A6FFFF48A6FFFF31
:1053200081A6FFFFB9A6FFFFF1A6FFFF2AA7FFFF97
:1053300062A7FFFF9AA7FFFFD3A7FFFF0BA8FFFFFE
:1053400043A8FFFF7BA8FFFFB3A8FFFFEBA8FFFF69
:1053500023A9FFFF5BA9FFFF93A9FFFFCBA9FFFFD5
:1053600003AAFFFF3BAAFFFF73AAFFFFABAAFFFF41
:10537000E3AAFFFF1BABFFFF52ABFFFF8AABFFFFB0
:10538000C2ABFFFFFAABFFFF31ACFFFF69ACFFFF21
:10539000A1ACFFFFD8ACFFFF10ADFFFF47ADFFFF93
:1053A0007FADFFFFB6ADFFFFEEADFFFF25AEFFFF08
:1053B0005CAEFFFF94AEFFFFCBAEFFFF02AFFFFF7F
:1053C0003AAFFFFF71AFFFFFA8AFFFFFDFAFFFFFF7
:1053D00017B0FFFF4EB0FFFF85B0FFFFBCB0FFFF6F
:1053E000F3B0FFFF2AB1FFFF61B1FFFF98B1FFFFEC
:1053F000CFB1FFFF06B2FFFF3DB2FFFF74B2FFFF68
:10540000ABB2FFFFE2B2FFFF18B3FFFF4FB3FFFFE6
:1054100086B3FFFFBDB3FFFFF3B3FFFF2AB4FFFF67
:1054200061B4FFFF97B4FFFFCEB4FFFF05B5FFFFE8
:105430003BB5FFFF72B5FFFFA8B5FFFFDFB5FFFF6C
:1054400015B6FFFF4CB6FFFF82B6FFFFB8B6FFFFF1
:10545000EFB6FFFF25B7FFFF5BB7FFFF92B7FFFF78
:10546000C8B7FFFFFEB7FFFF34B8FFFF6BB8FFFF01
:10547000A1B8FFFFD7B8FFFF0DB9FFFF43B9FFFF8A
:1054800079B9FFFFAFB9FFFFE6B9FFFF1CBAFFFF15
:1054900052BAFFFF88BAFFFFBDBAFFFFF3BAFFFFA2
:1054A00029BBFFFF5FBBFFFF95BBFFFFCBBBFFFF30
:1054B00001BCFFFF37BCFFFF6CBCFFFFA2BCFFFFBE
:1054C000D8BCFFFF0EBDFFFF43BDFFFF79BDFFFF4F
:1054D000AFBDFFFFE4BDFFFF1ABEFFFF4FBEFFFFE2
:1054E00085BEFFFFBABEFFFFF0BEFFFF25BFFFFF77
:1054F0005BBFFFFF90BFFFFFC6BFFFFFFBBFFFFF0C
:1055000031C0FFFF66C0FFFF9BC0FFFFD1C0FFFFA0
:1055100006C1FFFF3BC1FFFF71C1FFFFA6C1FFFF37
:10552000DBC1FFFF10C2FFFF46C2FFFF7BC2FFFFD0
:10553000B0C2FFFFE5C2FFFF1AC3FFFF4FC3FFFF6B
:1055400084C3FFFFB9C3FFFFEEC3FFFF23C4FFFF08
:1055500058C4FFFF8DC4FFFFC2C4FFFFF7C4FFFFA5
:105560002CC5FFFF61C5FFFF96C5FFFFCBC5FFFF41
:1055700000C6FFFF35C6FFFF69C6FFFF9EC6FFFFDF
:10558000D3C6FFFF08C7FFFF3DC7FFFF71C7FFFF7F
:10559000A6C7FFFFDBC7FFFF0FC8FFFF44C8FFFF21
:1055A00079C8FFFFADC8FFFFE2C8FFFF17C9FFFFC3
:1055B0004BC9FFFF80C9FFFFB4C9FFFFE9C9FFFF67
:1055C0001DCAFFFF52CAFFFF86CAFFFFBBCAFFFF0B
:1055D000EFCAFFFF23CBFFFF58CBFFFF8CCBFFFFB2
:1055E000C1CBFFFFF5CBFFFF29CCFFFF5ECCFFFF58
:1055F00092CCFFFFC6CCFFFFFACCFFFF2FCDFFFF01
:1056000063CDFFFF97CDFFFFCBCDFFFF00CEFFFFA8
:1056100034CEFFFF68CEFFFF9CCEFFFFD0CEFFFF52
:1056200004CFFFFF38CFFFFF6CCFFFFFA1CFFFFFFD
:10563000D5CFFFFF09D0FFFF3DD0FFFF71D0FFFFA7
:10564000A5D0FFFFD9D0FFFF0DD1FFFF41D1FFFF54
:1056500074D1FFFFA8D1FFFFDCD1FFFF10D2FFFF05
:1056600044D2FFFF78D2FFFFACD2FFFFE0D2FFFFB2
:1056700013D3FFFF47D3FFFF7BD3FFFFAFD3FFFF62
:10568000E3D3FFFF16D4FFFF4AD4FFFF7ED4FFFF12
:10569000B2D4FFFFE5D4FFFF19D5FFFF4DD5FFFFC3
:1056A00080D5FFFFB4D5FFFFE7D5FFFF1BD6FFFF77
:1056B0004FD6FFFF82D6FFFFB6D6FFFFE9D6FFFF2A
:1056C0001DD7FFFF51D7FFFF84D7FFFFB8D7FFFFDC
:1056D000EBD7FFFF1FD8FFFF52D8FFFF86D8FFFF91
:1056E000B9D8FFFFECD8FFFF20D9FFFF53D9FFFF48
:1056F00087D9FFFFBAD9FFFFEDD9FFFF21DAFFFFFE
:1057000054DAFFFF88DAFFFFBBDAFFFFEEDAFFFFB4
:1057100022DBFFFF55DBFFFF88DBFFFFBBDBFFFF6B
:10572000EFDBFFFF22DCFFFF55DCFFFF88DCFFFF24
:10573000BCDCFFFFEFDCFFFF22DDFFFF55DDFFFFDD
:1057400088DDFFFFBCDDFFFFEFDDFFFF22DEFFFF97
:1057500055DEFFFF88DEFFFFBBDEFFFFEEDEFFFF53
:1057600022DFFFFF55DFFFFF88DFFFFFBBDFFFFF0B
:10577000EEDFFFFF21E0FFFF54E0FFFF87E0FFFFC8
:10578000BAE0FFFFEDE0FFFF20E1FFFF53E1FFFF85
:1057900086E1FFFFB9E1FFFFECE1FFFF1FE2FFFF42
:1057A00052E2FFFF85E2FFFFB8E2FFFFEBE2FFFFFF
:1057B0001DE3FFFF50E3FFFF83E3FFFFB6E3FFFFBF
:1057C000E9E3FFFF1CE4FFFF4FE4FFFF82E4FFFF7C
:1057D000B4E4FFFFE7E4FFFF1AE5FFFF4DE5FFFF3D
:1057E00080E5FFFFB3E5FFFFE5E5FFFF18E6FFFFFC
:1057F0004BE6FFFF7EE6FFFFB0E6FFFFE3E6FFFFBD
:1058000016E7FFFF49E7FFFF7BE7FFFFAEE7FFFF7C
:10581000E1E7FFFF14E8FFFF46E8FFFF79E8FFFF3D
:10582000ACE8FFFFDEE8FFFF11E9FFFF44E9FFFFFF
:1058300076E9FFFFA9E9FFFFDCE9FFFF0EEAFFFFC2
:1058400041EAFFFF73EAFFFFA6EAFFFFD9EAFFFF85
:105850000BEBFFFF3EEBFFFF70EBFFFFA3EBFFFF48
:10586000D6EBFFFF08ECFFFF3BECFFFF6DECFFFF0B
:10587000A0ECFFFFD2ECFFFF05EDFFFF38EDFFFFCF
:105880006AEDFFFF9DEDFFFFCFEDFFFF02EEFFFF93
:1058900034EEFFFF67EEFFFF99EEFFFFCCEEFFFF58
:1058A000FEEEFFFF31EFFFFF63EFFFFF96EFFFFF1D
:1058B000C8EFFFFFFBEFFFFF2DF0FFFF5FF0FFFFE3
:1058C00092F0FFFFC4F0FFFFF7F0FFFF29F1FFFFA9
:1058D0005CF1FFFF8EF1FFFFC0F1FFFFF3F1FFFF6F
:1058E00025F2FFFF58F2FFFF8AF2FFFFBDF2FFFF34
:1058F000EFF2FFFF21F3FFFF54F3FFFF86F3FFFFFB
:10590000B8F3FFFFEBF3FFFF1DF4FFFF50F4FFFFC1
:1059100082F4FFFFB4F4FFFFE7F4FFFF19F5FFFF88
:105920004BF5FFFF7EF5FFFFB0F5FFFFE2F5FFFF50
:1059300015F6FFFF47F6FFFF79F6FFFFACF6FFFF16
:10594000DEF6FFFF10F7FFFF43F7FFFF75F7FFFFDE
:10595000A7F7FFFFDAF7FFFF0CF8FFFF3EF8FFFFA6
:1059600071F8FFFFA3F8FFFFD5F8FFFF08F9FFFF6D
:105970003AF9FFFF6CF9FFFF9FF9FFFFD1F9FFFF35
:1059800003FAFFFF35FAFFFF68FAFFFF9AFAFFFFFD
:10599000CCFAFFFFFFFAFFFF31FBFFFF63FBFFFFC6
:1059A00095FBFFFFC8FBFFFFFAFBFFFF2CFCFFFF8F
:1059B0005FFCFFFF91FCFFFFC3FCFFFFF5FCFFFF57
:1059C00028FDFFFF5AFDFFFF8CFDFFFFBEFDFFFF1F
:1059D000F1FDFFFF23FEFFFF55FEFFFF88FEFFFFE7
:1059E000BAFEFFFFECFEFFFF1EFFFFFF51FFFFFFB0
:1059F00083FFFFFFB5FFFFFFE7FFFFFF1900000078
:105A00004B0000007D000000AF000000E20000003D
:105A1000140100004601000078010000AB01000005
:105A2000DD0100000F0200004202000074020000CD
:105A3000A6020000D80200000B0300003D03000096
:105A40006F030000A1030000D4030000060400005F
:105A5000380400006B0400009D040000CF04000027
:105A600001050000340500006605000098050000EF
:105A7000CB050000FD0500002F06000061060000B8
:105A800094060000C6060000F80600002B07000080
:105A90005D0700008F070000C2070000F407000048
:105AA00026080000590800008B080000BD0800000F
:105AB000F0080000220900005409000087090000D6
:105AC000B9090000EB0900001E0A0000500A00009E
:105AD000820A0000B50A0000E70A0000190B000066
:105AE0004C0B00007E0B0000B00B0000E30B00002D
:105AF000150C0000480C00007A0C0000AC0C0000F3
:105B0000DF0C0000110D0000430D0000760D0000B9
:105B1000A80D0000DB0D00000D0E0000400E00007F
:105B2000720E0000A40E0000D70E0000090F000046
:105B30003C0F00006E0F0000A10F0000D30F00000B
:105B400005100000381000006A1000009D100000D1
:105B5000CF10000002110000341100006711000096
:105B600099110000CC110000FE110000311200005C
:105B70006312000096120000C8120000FB12000021
:105B80002E1300006013000093130000C5130000E3
:105B9000F81300002A1400005D14000090140000A7
:105BA000C2140000F5140000271500005A1500006B
:105BB0008D150000BF150000F2150000241600002E
:105BC000571600008A160000BC160000EF160000F1
:105BD000221700005417000087170000BA170000B2
:105BE000EC1700001F180000521800008518000074
:105BF000B7180000EA1800001D1900005019000035
:105C000082190000B5190000E81900001B1A0000F5
:105C10004D1A0000801A0000B31A0000E61A0000B6
:105C2000191B00004C1B00007E1B0000B11B000074
:105C3000E41B0000171C00004A1C00007D1C000033
:105C4000B01C0000E31C0000151D0000481D0000F2
:105C50007B1D0000AE1D0000E11D0000141E0000B1
:105C6000471E00007A1E0000AD1E0000E01E00006E
:105C7000131F0000461F0000791F0000AC1F00002A
:105C8000DF1F0000122000004520000078200000E7
:105C9000AB200000DE2000001221000045210000A2
:105CA00078210000AB210000DE210000112200005D
:105CB0004422000078220000AB220000DE22000017
:105CC000112300004423000078230000AB230000D0
:105CD000DE23000011240000452400007824000089
:105CE000AB240000DE240000122500004525000042
:105CF00078250000AC250000DF25000013260000F9
:105D00004626000079260000AD260000E0260000AF
:105D100014270000472700007A270000AE27000064
:105D2000E127000015280000482800007C2800001A
:105D3000AF280000E3280000172900004A290000CE
:105D40007E290000B1290000E5290000192A000081
:105D50004C2A0000802A0000B32A0000E72A000035
:105D60001B2B00004E2B0000822B0000B62B0000E6
:105D7000EA2B00001D2C0000512C0000852C000097
:105D8000B92C0000ED2C0000202D0000542D000047
:105D9000882D0000BC2D0000F02D0000242E0000F6
:105DA000582E00008C2E0000BF2E0000F32E0000A5
:105DB000272F00005B2F00008F2F0000C32F000053
:105DC000F72F00002B3000005F30000094300000FF
:105DD000C8300000FC3000003031000064310000A9
:105DE00098310000CC310000003200003532000054
:105DF000693200009D320000D132000006330000FD
:105E00003A3300006E330000A2330000D7330000A5
:105E10000B3400003F34000074340000A83400004C
:105E2000DD34000011350000453500007A350000F2
:105E3000AE350000E3350000173600004C36000098
:105E400080360000B5360000E93600001E3700003D
:105E50005337000087370000BC370000F1370000DF
:105E6000253800005A3800008F380000C338000081
:105E7000F83800002D390000623900009739000021
:105E8000CB390000003A0000353A00006A3A0000C1
:105E90009F3A0000D43A0000093B00003E3B00005E
:105EA000733B0000A83B0000DD3B0000123C0000FB
:105EB000473C00007C3C0000B13C0000E63C000098
:105EC0001B3D0000503D0000853D0000BA3D000034
:105ED000F03D0000253E00005A3E00008F3E0000CD
:105EE000C53E0000FA3E00002F3F0000653F000065
:105EF0009A3F0000CF3F0000054000003A400000FC
:105F000070400000A5400000DB4000001041000090
:105F1000464100007B410000B1410000E641000025
:105F20001C4200005142000087420000BD420000B8
:105F3000F2420000284300005E430000944300004A
:105F4000C9430000FF430000354400006B440000DB
:105F5000A1440000D74400000D4500004345000067
:105F600078450000AE450000E44500001A460000F8
:105F70005146000087460000BD460000F346000081
:105F8000294700005F47000095470000CC4700000C
:105F900002480000384800006E480000A548000094
:105FA000DB48000011490000484900007E4900001C
:105FB000B4490000EB490000214A0000584A0000A3
:105FC0008E4A0000C54A0000FB4A0000324B000028
:105FD000694B00009F4B0000D64B00000D4C0000A9
:105FE000434C00007A4C0000B14C0000E84C00002B
:105FF0001E4D0000554D00008C4D0000C34D0000AB
:10600000FA4D0000314E0000684E00009F4E000027
:10601000D64E00000D4F0000444F00007B4F0000A3
:10602000B24F0000E94F000021500000585000001E
:106030008F500000C6500000FE5000003551000097
:106040006C510000A4510000DB510000125200000E
:106050004A52000081520000B9520000F052000084
:10606000285300005F53000097530000CF530000F7
:10607000065400003E54000076540000AE54000068
:10608000E55400001D550000555500008D550000D9
:10609000C5550000FD550000355600006D56000046
:1060A000A5560000DD560000155700004D570000B2
:1060B00085570000BD570000F55700002D5800001F
:1060C000665800009E580000D65800000F59000086
:1060D000475900007F590000B8590000F0590000EE
:1060E000295A0000615A00009A5A0000D25A000052
:1060F0000B5B0000445B00007C5B0000B55B0000B4
:10610000EE5B0000275C00005F5C0000985C000014
:10611000D15C00000A5D0000435D00007C5D000072
:10612000B55D0000EE5D0000275E0000605E0000CF
:10613000995E0000D25E00000B5F0000455F00002A
:106140007E5F0000B75F0000F05F00002A60000083
:10615000636000009C600000D66000000F610000DA
:106160004961000082610000BC610000F66100002E
:106170002F62000069620000A3620000DC62000080
:1061800016630000506300008A630000C4630000CF
:10619000FE6300003864000072640000AC6400001C
:1061A000E6640000206500005A6500009465000068
:1061B000CE65000008660000436600007D660000B2
:1061C000B7660000F26600002C67000067670000F9
:1061D000A1670000DC67000016680000516800003D
:1061E0008B680000C6680000016900003C6900007F
:1061F00076690000B1690000EC690000276A0000C0
:10620000626A00009D6A0000D86A0000136B0000FB
:106210004E6B0000896B0000C46B0000FF6B000038
:106220003B6C0000766C0000B16C0000EC6C000070
:10623000286D0000636D00009F6D0000DA6D0000A6
:10624000166E0000516E00008D6E0000C96E0000D9
:10625000046F0000406F00007C6F0000B86F00000A
:10626000F46F00002F7000006B700000A77000003A
:10627000E37000001F7100005C7100009871000065
:10628000D4710000107200004C720000897200008E
:10629000C5720000017300003E7300007A730000B5
:1062A000B7730000F3730000307400006D740000D9
:1062B000A9740000E67400002375000060750000FA
:1062C0009C750000D975000016760000537600001A
:1062D00090760000CD7600000A7700004877000035
:1062E00085770000C2770000FF7700003D7800004E
:1062F0007A780000B8780000F57800003279000064
:1063000070790000AE790000EB790000297A000076
:10631000677A0000A47A0000E27A0000207B000087
:106320005E7B00009C7B0000DA7B0000187C000094
:10633000567C0000947C0000D37C0000117D00009E
:106340004F7D00008D7D0000CC7D00000A7E0000A6
:10635000497E0000877E0000C67E0000047F0000AA
:10636000437F0000827F0000C17F0000FF7F0000AC
:106370003E8000007D800000BC800000FB800000AB
:106380003A81000079810000B8810000F8810000A6
:106390003782000076820000B5820000F58200009E
:1063A0003483000074830000B3830000F383000093
:1063B0003384000072840000B2840000F284000084
:1063C0003285000072850000B1850000F185000073
:1063D0003286000072860000B2860000F28600005D
:1063E0003287000073870000B3870000F387000046
:1063F0003488000074880000B5880000F68800002A
:106400003689000077890000B8890000F98900000A
:10641000398A00007A8A0000BB8A0000FC8A0000EA
:106420003E8B00007F8B0000C08B0000018C0000C1
:10643000438C0000848C0000C58C0000078D000098
:10644000488D00008A8D0000CC8D00000D8E00006C
:106450004F8E0000918E0000D38E0000158F00003B
:10646000578F0000998F0000DB8F00001D90000007
:106470005F900000A2900000E490000026910000D0
:1064800069910000AB910000EE9100003192000094
:1064900073920000B6920000F99200003C93000055
:1064A0007F930000C2930000059400004894000010
:1064B0008B940000CE9400001195000055950000CB
:1064C00098950000DC9500001F9600006396000080
:1064D000A6960000EA9600002E9700007297000032
:1064E000B5970000F99700003D98000082980000E1
:1064F000C69800000A9900004E9900009299000089
:10650000D79900001B9A0000609A0000A49A00002E
:10651000E99A00002E9B0000729B0000B79B0000D0
:10652000FC9B0000419C0000869C0000CB9C00006E
:10653000109D0000569D00009B9D0000E09D000006
:10654000269E00006B9E0000B19E0000F69E00009B
:106550003C9F0000829F0000C89F00000DA000002B
:1065600053A0000099A00000E0A0000026A10000B8
:106570006CA10000B2A10000F9A100003FA2000040
:1065800085A20000CCA2000013A3000059A30000C4
:10659000A0A30000E7A300002EA4000075A4000043
:1065A000BCA4000003A500004AA5000091A50000BE
:1065B000D9A5000020A6000068A60000AFA6000034
:1065C000F7A600003EA7000086A70000CEA70000A7
:1065D00016A800005EA80000A6A80000EEA8000013
:1065E00036A900007EA90000C7A900000FAA00007C
:1065F00058AA0000A0AA0000E9AA000032AB0000DF
:106600007AAB0000C3AB00000CAC000055AC00003E
:106610009EAC0000E7AC000031AD00007AAD000098
:10662000C3AD00000DAE000056AE0000A0AE0000ED
:10663000EAAE000033AF00007DAF0000C7AF00003E
:1066400011B000005BB00000A5B00000F0B0000089
:106650003AB1000084B10000CFB1000019B20000CF
:1066600064B20000AFB20000FAB2000044B3000010
:106670008FB30000DAB3000026B4000071B400004C
:10668000BCB4000007B5000053B500009EB5000083
:10669000EAB5000036B6000081B60000CDB60000B5
:1066A00019B7000065B70000B1B70000FEB70000E1
:1066B0004AB8000096B80000E3B800002FB9000007
:1066C0007CB90000C8B9000015BA000062BA000029
:1066D000AFBA0000FCBA000049BB000096BB000046
:1066E000E4BB000031BC00007FBC0000CCBC00005B
:1066F0001ABD000068BD0000B5BD000003BE00006B
:1067000051BE00009FBE0000EEBE00003CBF000076
:106710008ABF0000D9BF000027C0000076C000007B
:10672000C5C0000013C1000062C10000B1C100007B
:1067300000C2000050C200009FC20000EEC2000074
:106740003EC300008DC30000DDC300002DC4000067
:106750007CC40000CCC400001CC500006CC5000057
:10676000BDC500000DC600005DC60000AEC600003D
:10677000FEC600004FC70000A0C70000F1C7000020
:1067800042C8000093C80000E4C8000035C90000FA
:1067900087C90000D8C900002ACA00007BCA0000CF
:1067A000CDCA00001FCB000071CB0000C3CB00009E
:1067B00015CC000067CC0000BACC00000CCD000066
:1067C0005FCD0000B1CD000004CE000057CE000028
:1067D000AACE0000FDCE000050CF0000A4CF0000E4
:1067E000F7CF00004AD000009ED00000F2D0000099
:1067F00046D1000099D10000EDD1000042D2000046
:1068000096D20000EAD200003FD3000093D30000EC
:10681000E8D300003DD4000091D40000E6D400008D
:106820003BD5000091D50000E6D500003BD6000026
:1068300091D60000E7D600003CD7000092D70000B8
:10684000E8D700003ED8000094D80000EBD8000044
:1068500041D9000098D90000EED9000045DA0000C7
:106860009CDA0000F3DA00004ADB0000A1DB000044
:10687000F8DB000050DC0000A7DC0000FFDC0000BB
:1068800057DD0000AFDD000007DE00005FDE000026
:10689000B7DE000010DF000068DF0000C1DF00008D
:1068A00019E0000072E00000CBE0000024E10000ED
:1068B0007DE10000D7E1000030E200008AE2000044
:1068C000E3E200003DE3000097E30000F1E3000095
:1068D0004BE40000A6E4000000E500005BE50000DA
:1068E000B5E5000010E600006BE60000C6E600001B
:1068F00021E700007DE70000D8E7000034E8000051
:106900008FE80000EBE8000047E90000A3E9000081
:10691000FFE900005CEA0000B8EA000015EB0000A7
:1069200071EB0000CEEB00002BEC000088EC0000C7
:10693000E6EC000043ED0000A1ED0000FEED0000DC
:106940005CEE0000BAEE000018EF000076EF0000E9
:10695000D4EF000033F0000091F00000F0F00000F0
:106960004FF10000AEF100000DF200006CF20000EB
:10697000CCF200002BF300008BF30000EBF30000DF
:106980004BF40000ABF400000BF500006CF50000C8
:10699000CCF500002DF600008EF60000EFF60000AA
:1069A00050F70000B1F7000012F8000074F8000082
:1069B000D6F8000037F9000099F90000FCF9000052
:1069C0005EFA0000C0FA000023FB000085FB000017
:1069D000E8FB00004BFC0000AFFC000012FD0000D3
:1069E00075FD0000D9FD00003DFE0000A1FE000085
:1069F00005FF000069FF0000CDFF0000320001002C
:106A000096000100FB00010060010100C5010100CA
:106A10002B02010090020100F60201005C0301005C
:106A2000C2030100280401008E040100F4040100E7
:106A30005B050100C2050100290601009006010066
:106A4000F70601005E070100C60701002D080100DE
:106A500095080100FD08010066090100CE0901004A
:106A6000370A01009F0A0100080B0100710B0100A9
:106A7000DA0B0100440C0100AD0C0100170D010000
:106A8000810D0100EB0D0100550E0100C00E01004B
:106A90002A0F0100950F0100001001006B1001008A
:106AA000D610010042110100AD11010019120100C0
:106AB00085120100F11201005E130100CA130100EA
:106AC00037140100A4140100111501007E15010006
:106AD000EB15010059160100C7160100351701001A
:106AE000A31701001118010080180100EE18010021
:106AF0005D190100CC1901003C1A0100AB1A01001C
:106B00001B1B01008B1B0100FB1B01006B1C010008
:106B1000DB1C01004C1D0100BD1D01002E1E0100EB
:106B20009F1E0100101F0100821F0100F31F0100C2
:106B300065200100D82001004A210100BC2101008C
:106B40002F220100A2220100152301008923010048
:106B5000FC23010070240100E424010058250100F9
:106B6000CD25010041260100B62601002B2701009A
:106B7000A0270100152801008B2801000129010030
:106B800077290100ED290100642A0100DA2A0100B9
:106B9000512B0100C82B0100402C0100B72C010033
:106BA0002F2D0100A72D01001F2E0100972E01009F
:106BB000102F0100892F0100023001007B300100FD
:106BC000F43001006E310100E83101006232010051
:106BD000DD32010057330100D23301004D34010092
:106BE000C834010044350100C03501003C360100C5
:106BF000B836010034370100B13701002E380100EA
:106C0000AB38010028390100A6390100243A0100FF
:106C1000A23A0100203B01009F3B01001D3C010006
:106C20009D3C01001C3D01009B3D01001B3E0100FD
:106C30009B3E01001B3F01009C3F01001D400100E5
:106C40009E4001001F410100A041010022420100BD
:106C5000A442010026430100A94301002B44010086
:106C6000AE44010032450100B5450100394601003E
:106C7000BD46010041470100C64701004B480100E5
:106C8000D048010055490100DB490100604A01007C
:106C9000E64A01006D4B0100F44B01007A4C010003
:106CA000024D0100894D0100114E0100994E010075
:106CB000214F0100AA4F010032500100BC500100D9
:106CC00045510100CF51010058520100E35201002B
:106CD0006D530100F8530100835401000E5501006B
:106CE0009A55010026560100B25601003F57010097
:106CF000CB57010058580100E658010073590100B4
:106D0000015A0100905A01001E5B0100AD5B0100B9
:106D10003C5C0100CC5C01005B5D0100EB5D0100AF
:106D20007C5E01000C5F01009D5F01002E60010090
:106D3000C060010052610100E4610100766201005F
:106D4000096301009C63010030640100C464010018
:106D500058650100EC6501008166010016670100BD
:106D6000AB67010041680100D76801006D6901004F
:106D7000036A01009A6A0100326B0100C96B0100CD
:106D8000616C0100FA6C0100926D01002B6E010034
:106D9000C46E01005E6F0100F86F01009270010087
:106DA0002D710100C871010063720100FF720100C2
:106DB0009B73010037740100D474010071750100E8
:106DC0000E760100AC7601004A770100E9770100F8
:106DD0008778010027790100C6790100667A0100F1
:106DE000067B0100A77B0100487C0100E97C0100D3
:106DF0008B7D01002D7E0100D07E0100737F01009C
:106E000016800100B98001005D810100028201004D
:106E1000A68201004C830100F183010097840100E8
:106E20003D850100E48501008B8601003287010069
:106E3000DA870100828801002B890100D4890100D2
:106E40007E8A0100278B0100D28B01007C8C01001F
:106E5000278D0100D38D01007F8E01002B8F010053
:106E6000D88F01008590010032910100E09101006E
:106E70008E9201003D930100EC9301009C9401006F
:106E80004C950100FD950100AD9601005F97010052
:106E900011980100C398010075990100289A01001A
:106EA000DC9A0100909B0100449C0100F99C0100C8
:106EB000AE9D0100649E01001A9F0100D19F010058
:106EC00088A0010040A10100F8A10100B0A20100CA
:106ED00069A3010023A40100DDA4010097A501001E
:106EE00052A601000DA70100C9A7010085A8010055
:106EF00042A90100FFA90100BDAA01007BAB01006E
:106F00003AAC0100F9AC0100B8AD010078AE010067
:106F100039AF0100FAAF0100BCB001007EB1010041
:106F200041B2010004B30100C8B301008CB40100F8
:106F300050B5010016B60100DBB60100A2B7010092
:106F400068B8010030B90100F7B90100C0BA01000A
:106F500089BB010052BC01001CBD0100E7BD01005E
:106F6000B2BE01007DBF010049C0010016C1010091
:106F7000E3C10100B1C201007FC301004EC40100A2
:106F80001EC50100EEC50100BEC601008FC701008D
:106F900061C8010034C9010006CA0100DACA010053
:106FA000AECB010083CC010058CD01002ECE0100F4
:106FB00004CF0100DBCF0100B3D001008BD1010071
:106FC00064D201003DD3010017D40100F2D40100C6
:106FD000CDD50100A9D6010085D7010062D80100F6
:106FE00040D901001EDA0100FDDA0100DDDB0100FD
:106FF000BDDC01009EDD010080DE010062DF0100DA
:1070000045E0010028E101000CE20100F1E201008D
:10701000D7E30100BDE40100A4E501008BE6010017
:1070200073E701005CE8010046E9010030EA010075
:107030001BEB010007EC0100F3EC0100E0ED0100A7
:10704000CDEE0100BCEF0100ABF001009BF10100AF
:107050008BF201007DF301006FF4010061F5010086
:1070600055F6010049F701003EF8010034F901002E
:107070002AFA010021FB010019FC010012FD0100A8
:107080000BFE010005FF010000000200FC000200F1
:10709000F8010200F6020200F4030200F304020009
:1070A000F2050200F3060200F4070200F6080200EF
:1070B000F9090200FC0A0200010C0200060D0200A0
:1070C0000C0E0200130F02001B100200231102001D
:1070D0002D12020037130200421402004E15020066
:1070E0005B16020069170200771802008719020078
:1070F000971A0200A81B0200BA1C0200CD1D020054
:10710000E11E0200F61F02000C21020022220200F2
:107110003A230200522402006B2502008626020058
:10712000A1270200BD280200DA290200F82A020085
:10713000172C0200372D0200582E02007A2F020071
:107140009D300200C0310200E53202000B34020023
:10715000323502005A36020082370200AC38020093
:10716000D7390200033B0200303C02005E3D0200C2
:107170008C3E0200BC3F0200ED40020020420200B3
:107180005343020087440200BC450200F34602005C
:107190002A480200634902009C4A0200D74B0200C1
:1071A000134D0200504E02008E4F0200CD500200DF
:1071B0000D5202004F53020092540200D5550200B6
:1071C0001A57020061580200A8590200F05A020042
:1071D0003A5C0200855D0200D15E02001E60020082
:1071E0006D610200BD6202000E6402006065020073
:1071F000B3660200086802005E690200B56A020018
:107200000E6C0200676D0200C36E02001F70020068
:107210007D710200DC7202003C7402009E75020067
:107220000177020065780200CB790200327B020010
:107230009A7C0200047E02006F7F0200DC80020064
:107240004A820200B98302002A8502009C8602005D
:107250001088020085890200FB8A0200738C0200FC
:10726000ED8D0200688F0200E4900200629202003D
:10727000E293020063950200E5960200699802001D
:10728000EF990200769B0200FF9C0200899E02009B
:1072900015A00200A3A1020032A30200C3A40200B1
:1072A00055A60200E9A702007FA9020016AB020062
:1072B000AFAC02004AAE0200E6AF020084B10200A9
:1072C00024B30200C5B4020069B602000EB8020081
:1072D000B4B902005DBB020007BD0200B3BE0200EC
:1072E00061C0020011C20200C2C3020076C50200E2
:1072F0002BC70200E2C802009BCA020056CC020063
:1073000013CE0200D2CF020092D1020055D3020068
:1073100019D50200E0D60200A8D8020073DA0200F4
:107320003FDC02000EDE0200DEDF0200B1E10200FF
:1073300086E302005DE5020035E7020010E9020085
:10734000EDEA0200CDEC0200AEEE020092F0020087
:1073500077F202005FF402004AF6020036F80200FB
:1073600025FA020016FC020009FE0200FEFF0200E0
:10737000F6010300F0030300ED050300EC07030032
:10738000ED090300F00B0300F60D0300FF0F0300EF
:107390000A1203001714030027160300391803000C
:1073A0004E1A0300661C0300801E03009C2003008D
:1073B000BC220300DD240300022703002929030067
:1073C000532B03007F2D0300AF2F0300E031030098
:1073D000153403004D36030087380300C43A030018
:1073E000043D0300473F03008D410300D5430300E4
:1073F000214603006F480300C14A0300154D0300F6
:107400006D4F0300C8510300255403008656030046
:10741000EA580300515B0300BB5D030029600300D1
:10742000996203000D65030084670300FF69030090
:107430007D6C0300FE6E0300827103000A7403007A
:107440009676030025790300B77B03004D7E030089
:10745000E68003008383030024860300C8880300BA
:10746000708B03001C8E0300CC9003007F930300FD
:1074700036960300F1980300AF9B0300729E030051
:1074800039A1030003A40300D2A60300A4A90300AA
:107490007BAC030055AF030034B2030017B5030003
:1074A000FFB70300EABA0300DABD0300CEC0030051
:1074B000C7C30300C4C60300C5C90300CBCC030087
:1074C000D5CF0300E4D20300F8D5030010D90300A0
:1074D0002DDC03004EDF030075E20300A0E503008E
:1074E000D0E8030005EC03003FEF03007EF2030049
:1074F000C2F503000BF9030059FC0300ACFF0300C5
:107500000503040063060400C60904002F0D0400EF
:107510009D1004001014040089170400081B0400C7
:107520008D1E040017220400A62504003C29040037
:10753000D82C04007930040021340400CE37040034
:10754000823B04003C3F0400FC420400C2460400AD
:107550008F4A0400624E04003B5204001C56040093
:10756000025A0400F05D0400E4610400DF650400D9
:10757000E1690400EA6D0400FA7104001176040068
:107580002F7A0400557E040082820400B68604002F
:10759000F28A0400358F040080930400D39704001E
:1075A0002E9C040090A00400FBA404006DA904001C
:1075B000E8AD04006BB20400F7B604008ABB040017
:1075C00027C00400CCC4040079C9040030CE0400F4
:1075D000EFD20400B8D7040089DC040064E10400A1
:1075E00049E6040036EB04002DF004002EF50400FB
:1075F00039FA04004EFF04006C04050095090500EB
:10760000C80E0500051405004D1905009F1E050054
:10761000FC23050064290500D72E0500563405001B
:10762000DF390500743F050014450500C04A050018
:10763000785005003C5605000C5C0500E86105002B
:10764000D1670500C76D0500C9730500D87905002D
:10765000F47F05001D860500548C050098920500F6
:10766000EA9805004B9F0500B9A5050035AC05005B
:10767000C0B205005AB9050003C00500BBC605002D
:1076800082CD050058D405003FDB050035E205003A
:107690003BE9050052F005007AF70500B2FE05004F
:1076A000FB050600560D0600C2140600401C06002D
:1076B000D0230600722B060027330600EF3A06009F
:1076C000CA420600B84A0600BB520600D15A06005C
:1076D000FB6206003A6B06008E730600F77B06001D
:1076E00075840600098D0600B4950600759E060097
:1076F0004DA706003CB0060043B9060062C2060072
:1077000099CB0600E8D4060051DE0600D4E7060057
:1077100070F1060027FB0600F8040700E50E0700DD
:10772000ED18070012230700532D0700B13707009B
:107730002C420700C64C07007E5707005562070021
:107740004C6D0700637807009B830700F48E0700E9
:107750006F9A07000DA60700CDB10700B1BD070065
:10776000BAC90700E8D507003BE20700B5EE0700FD
:1077700056FB07001E080800101508002A22080002
:107780006F2F0800DE3C08007A4A080041580800C4
:10779000376608005A740800AD820800309108006E
:1077A000E59F0800CBAE0800E5BD080032CD08001B
:1077B000B5DC08006FEC080060FC0800890C0900CB
:1077C000ED1C09008B2D0900663E09007E4F090063
:1077D000D56009006D7209004684090063960900AE
:1077E000C4A809006BBB09005BCE090094E1090045
:1077F00018F50900E8080A00081D0A0078310A0097
:107800003A460A00515B0A00BF700A0085860A00EA
:10781000A69C0A0023B30A0000CA0A003FE10A003E
:10782000E2F80A00EB100B005E290B003D420B0052
:107830008B5B0B004A750B007F8F0B002CAA0B0093
:1078400053C50B00FAE00B0023FD0B00D1190C000F
:1078500009370C00CF540C0026730C0013920C0057
:107860009AB10C00BFD10C0088F20C00F9130D0086
:1078700019360D00EA580D00757C0D00BDA00D00F5
:10788000CAC50D00A1EB0D004A120E00CA390E0048
:1078900029620E006F8B0E00A3B50E00CEE00E0025
:1078A000F90C0F002B3A0F006E680F00CD970F00F8
:1078B00052C80F0006FA0F00F72C10002F611000BD
:1078C000BC961000A9CD100006061100E13F110082
:1078D000497B11004EB8110001F7110076371200F4
:1078E000BD791200EDBD12001A0413005A4C1300AA
:1078F000C796130078E313008A3214001984140029
:1079000044D814002A2F1500F0881500B9E5150099
:10791000AE451600F9A81600C70F1700487A1700E1
:10792000B2E817003C5B180022D21800A64D1900DF
:107930000DCE1900A4531A00BCDE1A00AF6F1B0055
:10794000D6061C00A9A41C0092491D0010F61D00BB
:10795000ABAA1E00F9671F009F2E200054FF2000D5
:10796000DFDA21001FC222000AB62300B2B72400CA
:1079700048C8250024E92600C51B2800DE6129002F
:1079800057BD2A005E302C006DBD2D005B672F00B7
:107990006E3131006D1F3300BD35350086793700FB
:1079A000D6F03900DFA23C0039983F003EDB4200B0
:1079B000877846008E7F4A008B034F00B01C54002E
:1079C000D7E9590002936000FF4C6800F85E71002F
:1079D000372B7C00653D8900E7629900ABD6AD008E
:1079E0006F95C800EF0DED0004BC21018484740183
:1079F00058870902783A650360E22F0AF8210010DF
:107A00004E210010AC1F00100E230010A622001003
:107A1000DE1D00108C2200100A1F00100824001028
:107A2000761E00108C220010D41D0010565F447288
:107A3000617750617463684E00000000565F4472C5
:107A4000617750617463684C6973740088B5A700EE
:107A500071280010592800105B280010507A04107B
:107A60000000061000000000C04A0310060052503B
:107A700053B4F4A1C84A03105A5F4D616C6C6F6334
:107A80004E6F5573657200007365745F6D656D624E
:107A90006C6F636B5F73697A650000007074725F6E
:107AA000746F5F73686F727470747200536574568C
:107AB0006F696365566F6C756D650000F07A041030
:107AC000020000007D38001001380010FD34001065
:107AD000B9360010A1360010E9370010D137001078
:107AE0002537001031360010012E00100000000074
:107AF000020300000001030506080A0B0D0E101119
:107B000013141617191A1B1D1E202122242527299C
:107B10002B2D2F3132343637393B3C3D3F404243E9
:107B200044454748494A4B4C4D4F50515253545489
:107B300055565758595A5B5C5C5D5E5F6060616288
:107B400063636465656667676869696A6B6B6C6DBA
:107B50006D6E6E6F7070717172727373747575760D
:107B6000767777787879797A7A7B7B7B7C7C7D7D78
:107B70007E7E7F7F330133013401340135013601CC
:107B800036013701370138013801390139013A012D
:107B90003B013B013C013C013D013D013E013F01F8
:107BA0003F014001400141014201420143014301C3
:107BB000440144014501460146014701470148018E
:107BC000490149014A014A014B014C014C014D0157
:107BD0004D014E014F014F01500150015101520121
:107BE00052015301530154015501550156015701EA
:107BF00057015801580159015A015A015B015B01B3
:107C00005C015D015D015E015F015F016001610179
:107C10006101620162016301640164016501660141
:107C2000660167016801680169016A016A016B0107
:107C30006C016C016D016E016E016F0170017001CC
:107C40007101720172017301740174017501760191
:107C5000760177017801780179017A017A017B0157
:107C60007C017C017D017E017E017F01800181011B
:107C700081018201830183018401850185018601DF
:107C800087018801880189018A018A018B018C01A1
:107C90008D018D018E018F018F0190019101920163
:107CA0009201930194019401950196019701970126
:107CB000980199019A019A019B019C019D019D01E6
:107CC0009E019F01A001A001A101A201A301A301A6
:107CD000A401A501A601A601A701A801A901A90166
:107CE000AA01AB01AC01AD01AD01AE01AF01B00124
:107CF000B001B101B201B301B401B401B501B601E3
:107D0000B701B801B801B901BA01BB01BC01BC019E
:107D1000BD01BE01BF01C001C001C101C201C3015B
:107D2000C401C401C501C601C701C801C901C90117
:107D3000CA01CB01CC01CD01CE01CE01CF01D001D2
:107D4000D101D201D301D301D401D501D601D7018C
:107D5000D801D801D901DA01DB01DC01DD01DE0146
:107D6000DE01DF01E001E101E201E301E401E501FF
:107D7000E501E601E701E801E901EA01EB01EC01B7
:107D8000ED01ED01EE01EF01F001F101F201F3016E
:107D9000F401F501F601F601F701F801F901FA0124
:107DA000FB01FC01FD01FE01FF01000201020102D5
:107DB0000202030204020502060207020802090287
:107DC0000A020B020C020D020E020F021002100238
:107DD00011021202130214021502160217021802EF
:107DE00019021A021B021C021D021E021F0220029F
:107DF000210222022302240225022602270228024F
:107E000029022A022B022C022D022E022F023002FE
:107E100031023202330234023502360237023802AE
:107E200039023A023B023C023D023E023F0240025E
:107E30004102420244024502460247024802490208
:107E40004A024B024C024D024E024F0250025102B6
:107E500052025302540256025702580259025A0261
:107E60005B025C025D025E025F026002620263020C
:107E70006402650266026702680269026A026C02B5
:107E80006D026E026F02700271027202730275025D
:107E900076027702780279027A027B027D027E0204
:107EA0007F028002810282028402850286028702AA
:107EB000880289028B028C028D028E028F02900250
:107EC00092029302940295029602980299029A02F3
:107ED0009B029C029E029F02A002A102A202A40297
:107EE000A502A602A702A902AA02AB02AC02AE0238
:107EF000AF02B002B102B202B402B502B602B702DA
:107F0000B902BA02BB02BD02BE02BF02C002C20277
:107F1000C302C402C502C702C802C902CB02CC0216
:107F2000CD02CE02D002D102D202D402D502D602B4
:107F3000D802D902DA02DC02DD02DE02E002E1024E
:107F4000E202E402E502E602E802E902EA02EC02E9
:107F5000ED02EE02F002F102F202F402F502F60284
:107F6000F802F902FB02FC02FD02FF020003020319
:107F7000030304030603070309030A030B030D03AA
:107F80000E03100311031203140315031703180340
:107F90001A031B031C031E031F03210322032403D4
:107FA00025032703280329032B032C032E032F0368
:107FB0003103320334033503370338033A033B03F9
:107FC0003D033E0340034103430344034603470389
:107FD00049034A034C034D034F0350035203530319
:107FE0005503570358035A035B035D035E036003A5
:107FF0006103630365036603680369036B036C0332
:108000006E037003710373037403760378037903BB
:108010007B037C037E038003810383038403860345
:10802000880389038B038D038E03900392039303CC
:108030009503970398039A039C039D039F03A10351
:10804000A203A403A603A703A903AB03AC03AE03D7
:10805000B003B103B303B503B703B803BA03BC035A
:10806000BD03BF03C103C303C403C603C803CA03DC
:10807000CB03CD03CF03D103D203D403D603D8035C
:10808000DA03DB03DD03DF03E103E303E403E603D9
:10809000E803EA03EC03ED03EF03F103F303F50355
:1080A000F603F803FA03FC03FE036C030000000070
:1080B00001000000020000000800000009000000AC
:1080C0000A00000010000000110000001200000073
:1080D0000300000004000000050000000B00000089
:1080E0000C0000000D000000130000001400000050
:1080F0001500000009005250800000C0544C0310CD
:10810000183C0010303C00101C3C0010243C0010B7
:10811000183C0010303C0010203C0010000102030D
:108120000405060708090A0B0C0D0E0F1011121397
:108130001415161718191A1B1C1D1E1F2021222387
:108140002425262228292A2B3C5F3E3F2921402333
:1081500024255E262A283A3A3C2B3E3F40414243A2
:108160004445464748494A4B4C4D4E4F5051525357
:108170005455565758595A5B215D225F2741424357
:108180004445464748494A4B4C4D4E4F5051525337
:108190005455565758595A7B7C7D7E7F000000000D
:1081A000000000000000000000000000610000006E
:1081B0006200000063000000640000006500000031
:1081C0006600000067000000680000006900000011
:1081D0006A0000006B0000006C0000006D000000F1
:1081E0006E0000006F0000007000000071000000D1
:1081F00072000000730000007400000075000000B1
:108200007600000077000000780000007900000090
:108210007A0000003100000032000000330000004E
:108220003400000035000000360000003700000078
:108230003800000039000000300000000D00000090
:108240001B0000007F00000009000000200000006B
:108250002D0000003D0000005B0000005D000000FC
:108260005C000000000000003B0000002700000050
:10827000600000002C0000002E0000002F00000015
:10828000BA000000BB000000BC000000BD00000000
:10829000BE000000BF000000C0000000C1000000E0
:1082A000C2000000C3000000C4000000D7000000AE
:1082B000D8000000D9000000C6000000FF00000048
:1082C000D2000000C7000000C9000000D300000079
:1082D000CF000000D1000000AE000000AC000000A4
:1082E000AF000000AD000000C50000002F0000003E
:1082F0002A0000002D0000002B0000000D000000EF
:10830000CF000000AF000000D1000000AC00000072
:10831000CC000000AE000000C7000000AD0000006F
:10832000C9000000D20000000000000000000000B2
:1083300000000000000000003D0000005F5F777259
:1083400061705F66726565005F5F777261705F6321
:10835000616C6C6F630000005F5F777261705F6DCE
:10836000616C6C6F630000007570646174655F75AB
:10837000735F73696E63655F626F6F740000000006
:108380000600525053B4F4A1C450031008005250D8
:108390001AF71E00686F73745F73656E645F6C6FAD
:1083A000636B6564000000006368616E6E656C5FFE
:1083B000636F6E6669675F7365745F647265710091
:1083C0006368616E6E656C5F636F6E6669675F732D
:1083D00065745F636861696E5F746F00265F00108B
:1083E000E85D00109A600010A05F001000610010AE
:1083F000825E0010495F456E646F6F6D0000000083
:1084000072656E6465725F746578745F6D6F6465C4
:108410005F7363616E6C696E650000006368616E16
:108420006E656C5F636F6E6669675F7365745F64CA
:10843000726571006368616E6E656C5F636F6E6616
:1084400069675F7365745F636861696E5F746F000D
:10845000647261775F7670617463680066696C6CE2
:108460005F7363616E6C696E657300006E65775F44
:108470006672616D655F696E69745F6F7665726C57
:108480006179735F70616C657474655F616E645F60
:108490007769706500000000636865636B5F7465F1
:1084A00078745F6275666665720000007363616E62
:1084B0006C696E655F66756E635F776970650000F5
:1084C000D4840410F08404104001C80002000500A8
:1084D0000000000020BCBE004001E8031800380086
:1084E0004C0300000D0003002A04000000000000FF
:1084F000E08C041000000000515A0010A964001024
:10850000000000A8400540AD150015A8950255AD26
:108510008A528AFACA57CAFF9F529FFADF57DFFF73
:10852000828769B1E28825B6B84C0BAF792F5155D7
:10853000B958AC3BF296154F3532858B20F2E2628A
:10854000AB122976DDE4C591C9BD23716AABE9C2DE
:1085500008D004824B221051E5A531854B355EEFE2
:10856000BA02378629CE0F5C23A6BA000038FFF482
:108570001F3FFDF4979F7FFAE90C9CF7FB7DBF7CC2
:10858000DEF733C0BC6DDBB61E1F033C3EAEDB7AAC
:108590007C0C9065F9FCF973B200B29CF7FD9C2C41
:1085A00000645902ECFBBEEFFBE7CBE5F3BEEFFB4B
:1085B000BE83A5FEE94F7501FBBEEFFBE5E7BFFCFF
:1085C000E5E7CBBEEFFBCEDB37FFF80FD7D3344D5B
:1085D000D7C0526BAD4BCE09F0FB7FFD3E0CC3F014
:1085E000E4F008F8DB2F7FFBE5975F7EF9BFCFAFA4
:1085F0003A20B95F3E2FF709F8A67B74B8D96E0E02
:108600008FBA6FC077A7376F7FDC7E7CFBE6F41DE7
:1086100090E59CE4BC04506BADB556B5027FBBBF82
:10862000BFFFDF4F9F3E7DFA04D6D21FE752E6E33D
:108630005856006CDBB60159CE49CE4BCE409673EE
:108640009224019224C97909808CDB18000CFDD694
:108650000F00D075DD06803FD4BDFE0180C7C7E3A3
:10866000BA6E1B806D5BD7E3F131000020CBB224E2
:1086700091805AEB1F008079DEE679DEE61992B52B
:10868000BCE8D6D3E9CF654D801765CCD0973F03C2
:10869000C7793EDEDD4ED374078661E801C098617C
:1086A000188661C8080C19C7711CC70C00EAB22FE4
:1086B0001500C9390100241900D800004800BE3B4C
:1086C0008D19FAEE1B60A997CBFDFDE5521720C767
:1086D000EB2449CEC05A4E6386BE2B1BB096D3699D
:1086E000399D4E6505C667CB3C6DE338BE05B6AE19
:1086F000EB9E9F4EA7B202C7BEEB9E9752CA0A6C72
:10870000E5741A330CC300ACA594B5945256602D91
:10871000A59C4FA7D3780D90200190201900A73178
:10872000433F643C01387306A01F329EC60C3DB027
:108730009632269100D652DEBD7B77DBADC0E3E3F7
:108740005CCA564A29C0F35AEB5A6BADCF81A5BE1D
:10875000E8BAAE7B5117E066AEB5D65AE71B60AB00
:10876000DF7F7BFD6DFF7DDD80AD7EFFEDF5B77DAD
:10877000DF1F80A5BEE8BA77A5D47F024A29652B02
:10878000A594022C4992240BF0761CC7719CA6E993
:108790001A7855EB7C7D3DD7FA0A38F47DDFF7FD7A
:1087A000F775032E9FF7FDFE72B95C2E4079F57ABE
:1087B0007BF74329A5006B29A59452CA0A3CAFB5A3
:1087C000AE7DDFF707602DA59452FEE5DD3ABE8150
:1087D000E7B5D675AEB5BE02D652FAE3782A65057E
:1087E000F6FB9F93245980524A29A594B20297CB55
:1087F000E572B95CEA12E072B95C2EF7F77BADC0A6
:10880000E5529764A9970B70B95CEA92240BB05FAC
:10881000FE3C66E8FFFDB203CB300CC3300CC30254
:10882000F8A67BF4E4F8ECCDE93B6019C7711CC7EE
:10883000715CE0F1712E00000076862100005C8FF3
:10884000EB344D77C0A3BEBF9E6BAD7505B096AE41
:10885000EBCA0A3C1BC7659EA669BA03B096ADEB8E
:10886000CA0A1CE73FF687BEEFFB0380BB699AA6E6
:10887000691DA76B3CEAFBF9AED65A5F018963928A
:1088800064014E276F4EA7D3E974AA75C1A3BEAF8A
:10889000F3F5F55C5F01C724499205C0ABFDFEFE10
:1088A000FEFE1EC06DADB5D60A602DA594B202B80D
:1088B000ADB5D6BAF6FD01B89BA6699AD6717C0B08
:1088C000DCDED5BEEF0F00D6D21FC7B2028F87E124
:1088D000F9300C437B06609AA6699AEE005C2E97ED
:1088E0004B5D02E072B9DCDFEF15C0A52E59EA0539
:1088F0004029A594723E8D37C03665E8CB06BC4949
:10890000F22449DE00492249023C49F226499E00F0
:1089100077B700008F8F732965032CF545D7752F26
:10892000EA329E569898A6699AA63B3066B096ADF4
:10893000EBCA0A1E1F67D7E33A4DD31D30713DAE17
:10894000D334DD817E88EB719DA6E90E1CE7A3EB95
:10895000719DA6E90E60A97D5F97F1B4C0E3E36C59
:108960002D5BD7951528AC65EBBAB2827E88B56CC5
:108970005D5756A0724C922C204B754C922CA01F28
:10898000E298245940F1F83897B29552E0381F1D0B
:10899000E752B6520A64E86DB55FFBBE6E00FEF5A5
:1089A0007F3E9DAF6EBF003FCED3B44DD334FD00AC
:1089B0001E1F676B29A5941528ACA5945256D00F9D
:1089C000B196524A59C1703D99A6699AA63BD00FFB
:1089D000314DD3344D7740A194524A399FC66B8AAA
:1089E000B594524A292B284A29A5945256909C2F77
:1089F0005DD75DCE0938CE7FEC0F7DDFF7AF9E03EC
:108A000097BA64CF9E043CAF75FDBEFE7FADF5AF57
:108A1000E0CDA724E724C9D51364E85D8FEB344D7E
:108A20007760CCE09824594086DE5A4A29650519BA
:108A30007AD3344DD37407DCDDBAADB5D65AE1EE46
:108A40005679F57A7BF74329052CF3FCA33300C74D
:108A5000793E5A01300C86A1EF4A5901D8BAAEEBE3
:108A600000B09D4EA713D0752FCA94A1FFE1BF4F50
:108A7000E35774DD8B3265A83FFCF38FA713249274
:108A80002CCB12006DBE9A1B00AEE6365F01EF9F45
:108A9000BE7FFAFEE9FBA7EF9FBE7FFAFEE9FBA7C8
:108AA0001F5E7E78F9E1E587971F5E7E78F9E1E544
:108AB00087971FBF7CFCF2F1CBC72F1FBF7CFCF256
:108AC000F1CBC72F4992244992244992E426499236
:108AD000244972939B244992D65A6BADBD6EADB5B5
:108AE000D65A036CADB5D65A6BE02637499224AD01
:108AF000B5D65E9F5EB7D65A6BADB5D65A6BADB5DF
:108B0000D65A6BAD81EDF4BAB5D65A6BADB5D6DA9F
:108B1000EBD306D05A6BADB50D204972931B00C044
:108B20004D9224499224F90A9024497600C09E244B
:108B300049922449BE2649920076802449B22749A9
:108B4000922449BEE66B9224496BADB5D67E6DADDD
:108B5000B5D65A6BADB5F6EBF03B00F87DF8B5B580
:108B6000D65A6BADB5D6DA6F7600B0FBADB5D65A36
:108B70006BADB5D6DAAFC3AFADB5D65A6B60B70340
:108B8000B4D65AFBCD6FADB5D65A6B4992DD0ED037
:108B90005A6BADB51D00ECF6244912C0DE5A6BAD20
:108BA000B5D65A6BADB5DF0192245FF315007CCDCD
:108BB000D7244912C0EFADB5D65A6BADB5D65ADB46
:108BC0005B6BADB5D692247BF6244992244972039F
:108BD00000F89A2449B2EFFBBEEFFBBEEFFBBEEFFD
:108BE000FB0ED8F77DDFF77DDF0F87C3E170381C00
:108BF0000E87C3E170381C1E1E1E1E1E1E1E1E1E6A
:108C00001E1E1E1E1E1E1EF67DDFF77D0700EE6E69
:108C1000AFAEAE6EEF80EB699AAEA652CA046CA5F9
:108C2000745DD7755D07B0CDF33CCFF30CD84A3FE8
:108C300064E8CB06E07C75757575F504A0D65AEB33
:108C4000DAF71DE0EE364912C0394BAD75C919701F
:108C50009C4BD94A998FC0712EA5CCF33CFF1BF0D9
:108C600076C8F863ADB52E00CEF7F7F76700FF7949
:108C70003ADFDFFFF5DC77C0B3A1EFD7BEEF876740
:108C800080B594524A290560636303909C1376C0B3
:108C900090F1346670068C19FA21A333F0E6D3A75D
:108CA000244992244992245757574F0012670900CC
:108CB00077B7EE6E01C7793E020090000002F030F7
:108CC0008EE338FEFD3C2FCFC0D53CCFF30CC093D4
:108CD000ABA1FFBB1B00B0AEEBBAAE2B0000000097
:108CE000E88C0410000000006465636F6D707265AD
:108CF00073735F627566666572000000495F506954
:108D0000636F5F5374617274536F756E640000001B
:108D1000FFFFFFFFFFFFFFFFFFFFFFFFFFFFFFFF63
:108D2000020000000400000006000000080000002F
:108D30000700080009000A000B000C000D000E00DF
:108D40001000110013001500170019001C001F006F
:108D50002200250029002D00320037003C0042008F
:108D600049005000580061006B00760082008F00BF
:108D70009D00AD00BE00D100E600FD0017013301EB
:108D8000510173019801C101EE01200256029202C5
:108D9000D4021C036C03C30324048E040205830560
:108DA0001006AB0656071208E008C309BD0AD00B2F
:108DB000FF0C4C0EBA0F4C110713EE140617541982
:108DC000DC1BA51EB6211525CA28DF2C5B314B36CE
:108DD000B93BB24144487E4F71572F60CE696274EF
:108DE000FF7F00007069636F666C6173685F736515
:108DF00063746F725F70726F6772616D0000000064
:108E00006932635F7365745F626175647261746512
:108E1000000000007370696E5F6C6F636B5F696E5A
:108E200069740000616C61726D5F706F6F6C5F637D
:108E3000616E63656C5F616C61726D00616C617223
:108E40006D5F706F6F6C5F6765745F646566617599
:108E50006C7400006765745F656E7472795F696435
:108E60005F6869676800000070685F667265655FCB
:108E70006E6F64650000000070685F6164645F632A
:108E800068696C645F6E6F646500000070685F699C
:108E90006E736572745F6E6F6465000070685F6703
:108EA00065745F6E6F6465006164645F616C6172BC
:108EB0006D5F756E6465725F6C6F636B00000000C0
:108EC0007570646174655F75735F73696E63655F08
:108ED000626F6F7400000000616C61726D5F706F93
:108EE0006F6C5F616C61726D5F63616C6C6261631A
:108EF0006B0000006765745F656E74727900000036
:108F000068617264776172655F616C61726D5F73D5
:108F100065745F74617267657400000075706461E8
:108F200074655F75735F73696E63655F626F6F749D
:108F3000000000006972715F72656D6F76655F6831
:108F4000616E646C657200006972715F7365745F55
:108F50006578636C75736976655F68616E646C656E
:108F6000720000007570646174655F75735F73698A
:108F70006E63655F626F6F74000000006D757465ED
:108F8000785F6578697400006D757465785F656EEB
:108F90007465725F626C6F636B5F756E74696C0091
:108FA0007570646174655F75735F73696E63655F27
:108FB000626F6F740000000070685F72656D6F769D
:108FC000655F616E645F667265655F6E6F646500A4
:108FD00070685F72656D6F76655F616E795F6865F9
:108FE0006164000070685F6164645F6368696C64F9
:108FF0005F6E6F646500000070685F6765745F6E28
:109000006F646500636C6F636B5F636F6E66696747
:1090100075726500706C6C5F696E697400000000A9
:1090200072756E74696D655F696E69740000000029
:1090300086A100109EA100109EA1001092A1001018
:109040009EA100109EA100109EA100109EA10010E4
:109050009EA100109EA100109EA100107AA10010F8
:109060009EA100106EA100109EA100109EA10010F4
:1090700062A100106EA2001094A20010B6A200100F
:1090800094A200104EA2001094A2001094A200100E
:1090900094A2001094A2001094A2001094A20010B8
:1090A00094A200108AA2001094A2001094A20010B2
:1090B00094A2001094A2001094A20010C2A200106A
:1090C00026A700103CA700103CA700103CA70010EA
:1090D0003CA700103CA700103CA700103CA70010C4
:1090E0003CA700103CA700103CA700103CA70010B4
:1090F0003CA700103CA700103CA700103CA70010A4
:109100003CA700103CA700103CA700103CA7001093
:109110003CA700103CA700103CA700103CA7001083
:109120003CA700103CA700103CA700103CA7001073
:109130003CA700103CA700103CA700103CA7001063
:1091400068A500102AA5001068A500103CA7001013
:109150003CA700103CA700103CA700103CA7001043
:109160003CA700103CA700103CA700103CA7001033
:109170003CA700103CA700103CA700103CA7001023
:109180003CA700103CA700103CA700100EA3001045
:109190003CA700103CA700103CA700103CA7001003
:1091A0003CA700103CA700103CA700103CA70010F3
:1091B0003CA700100EA30010B6A500100EA30010CF
:1091C00068A500102AA5001068A500100000000086
:1091D000000000000000F03F0000000000002440FC
:1091E00000000000000059400000000000408F40D7
:1091F000000000000088C34000000000006AF84042
:109200000000000080842E4100000000D012634165
:109210000000000084D797410000000065CDCD41DB
:109220005F5F61656162695F646F75626C655F69EC
:109230006E6974005F5F61656162695F666C6F6132
:10924000745F696E6974000006005250D3F0754275
:10925000C05E031006005250E182887FC85E031092
:1092600006005250BBFF3CB6E45E03100D0A00003E
:109270007570646174655F75735F73696E63655F54
:10928000626F6F740000000091BE001095BE001068
:10929000A1BE0010F1BE0010D5BE001000000000FD
:1092A0000600525053B4F4A15C5F031073746469F8
:1092B0006F5F7573625F696E6974000075706461D9
:1092C00074655F75735F73696E63655F626F6F74FA
:1092D0000000000000000000705F0310805F0310BA
:1092E000D41B0320885F0310945F0310090254000D
:1092F000030100807D080B00020202000009040047
:1093000000010202000405240020010524010001DF
:109310000424020205240600010705810308001049
:1093200009040100020A00000007050202400000D3
:10933000070582024000000904020000FF00010549
:1093400012010002EF0201408A2E0A000001010210
:10935000030100007069636F5F6765745F756E6914
:109360007175655F626F6172645F69645F73747267
:10937000696E6700666C6173685F646F5F636D64DC
:10938000000000006463645F656470745F78666504
:10939000720000006463645F656470745F6F706581
:1093A0006E0000006463645F7365745F616464727F
:1093B000657373006463645F696E745F656E616298
:1093C0006C6500005F68775F656E64706F696E74CE
:1093D0005F616C6C6F6300006463645F696E6974E5
:1093E0000000000073796E635F65705F627566668A
:1093F00065720000DCCB001042CB001074CB001073
:10940000A6CB0010DCCB0010DCCB0010C2CB0010D0
:1094100074CB0010DCCB0010DCCB0010DCCB0010D8
:10942000DCCB0010DCCB0010DCCB0010DCCB001060
:1094300054CB0010D4D00010AED000107CD200105D
:1094400088D000107CD20010FCCF00107ED000101D
:109450007CD2001018D0001030D00010D2D20010F2
:10946000C4D2001016D30010D2D20010F8D30010CE
:1094700018D400102AD3001076D3001030D4001076
:1094800035D80010F1D8001035D90010F9D90010E6
:109490002DDB0010000000006D756C7469636F7245
:1094A000655F6C61756E63685F636F7265315F776E
:1094B0006974685F737461636B000000636F707937
:1094C0005F70726F6772616D00000000090052509A
:1094D000000000C0F863031009005250000000C0F3
:1094E0000464031009005250000000000C640310D3
:1094F0000900525000000000186403107570646188
:1095000074655F646D615F7472616E736665725FCE
:1095100073746174655F697271735F656E61626CAB
:1095200065640000A080F0702D70036042B04400BC
:109530005F70696F5F66696E645F6F66667365749E
:109540005F666F725F70726F6772616D000000001E
:109550005895041002FF0000016042B0757064610C
:1095600074655F706572635F6D6F64650000000015
:1095700008010200000000000200000004000000DA
:10958000010000000300000005000000FFFFFFFFD6
:10959000FFFFFFFF06000000080000000A000000B7
:1095A00007000000090000000B000000FFFFFFFFA4
:1095B000FFFFFFFF0C0000000E0000001000000085
:1095C0000D0000000F00000011000000FFFFFFFF72
:1095D000FFFFFFFFFFFFFFFFFFFFFFFFFFFFFFFF9B
:1095E000FFFFFFFFFFFFFFFFFFFFFFFFFFFFFFFF8B
:1095F000FFFFFFFF4F504C5F63616C635F627566F6
:109600006665725F73746572656F00000080A0B458
:10961000C0CCD4DCE0E8ECF0F4F8FCFF4F504C5F39
:1096200063616C635F6275666665725F6C696E65C7
:109630006172000000000000000000000101010153
:1096400001010101020202020202020203030303FA
:1096500003030303040404040404040405050505CA
:10966000050505050606060606060606070707079A
:10967000070707070808080808080808090909096A
:10968000090909090A0A0A0A0A0A0A0A0B0B0B0B3A
:109690000B0B0B0B0C0C0C0C0C0C0C0C0D0D0D0C0B
:1096A0000C0C0C0C0C0C0C0B0B0B0B0B0B0B0B0A04
:1096B0000A0A0A0A0A0A0A09090909090909090814
:1096C0000808080808080807070707070707070624
:1096D0000606060606060605050505050505050434
:1096E0000404040404040403030303030303030244
:1096F0000202020202020201010101010101010054
:109700000000000000000000010000000200000056
:109710000400000006000000080000000A0000002D
:109720000C0000000E0000001000000012000000FD
:1097300014000000140000001800000018000000D1
:109740001E0000001E000000FA07F507EF07EA07F9
:10975000E407DF07DA07D407CF07C907C407BF0745
:10976000B907B407AE07A907A4079F07990794078D
:109770008F078A0784077F077A07750770076A07CC
:10978000650760075B07560751074C074707420705
:109790003D07380733072E07290724071F071A0735
:1097A000150710070B0706070207FD06F806F30664
:1097B000EE06E906E506E006DB06D606D206CD068D
:1097C000C806C406BF06BA06B506B106AC06A806AA
:1097D000A3069E069A06950691068C0688068306C1
:1097E0007F067A06760671066D06680664065F06D1
:1097F0005B06570652064E064906450641063C06DC
:109800003806340630062B06270623061E061A06DF
:10981000160612060E06090605060106FD05F905DF
:10982000F505F005EC05E805E405E005DC05D805DF
:10983000D405D005CC05C805C405C005BC05B805D0
:10984000B405B005AC05A805A405A0059C059905BF
:10985000950591058D058905850581057E057A05A6
:10986000760572056F056B056705630560055C0588
:109870005805540551054D054905460542053E0567
:109880003B053705340530052C052905250522053E
:109890001E051B051705140510050C050905060511
:1098A0000205FF04FB04F804F404F104ED04EA04E7
:1098B000E704E304E004DC04D904D604D204CF04B2
:1098C000CC04C804C504C204BE04BB04B804B50477
:1098D000B104AE04AB04A804A404A1049E049B0438
:1098E0009804940491048E048B04880485048204F3
:1098F0007E047B047804750472046F046C046904AC
:109900006604630460045D045A045704540451045B
:109910004E044B044804450442043F043C0439040B
:109920003604330430042D042A04280425042204B8
:109930001F041C0419041604140411040E040B045F
:1099400008040604030400044F504C5F517565750C
:10995000655F41646A75737443616C6C6261636BCB
:109960007300000070685F6164645F6368696C64C1
:109970005F6E6F646500000070685F696E7365728A
:10998000745F6E6F6465000070685F6765745F6E1A
:109990006F6465004F504C5F51756575655F50751C
:1099A000736800006765745F656E7472790000000B
:1099B000805F03103D1A0110D517011071170110B7
:1099C000A51701106D1B0110CD1A01107D17011094
:1099D0007F17011081170110FD1D01106D6F626A64
:1099E0005F66756C6C000000700000006000000095
:1099F00040000000B0000000414D5F636C65617283
:109A0000464200000080FFFFCD4CFFFF0000010038
:109A10000000000000000100000000000080FFFFC7
:109A200033B300000080FFFF33B300000080FFFF6E
:109A3000CD4CFFFF0000F0FF0000000024491200A1
:109A400000000000244912000000000092240900D8
:109A5000300C030024491200000000009224090089
:109A6000D0F3FCFF0000F0FF00000000B86DEBFF3A
:109A7000300C03000000F0FF00000000B86DEBFFA9
:109A8000D0F3FCFF4992F4FF000000000000F0FF5B
:109A9000300C03004992F4FF000000000000F0FFCA
:109AA000D0F3FCFF6EDBF6FF000000006EDBF6FF7C
:109AB000D0F3FCFF6EDBF6FFD0F3FCFF9EE7F9FF6F
:109AC000D0F3FCFF9EE7F9FFD0F3FCFF9EE7F9FF20
:109AD00049920400D0F3FCFF00000000D0F3FCFF2B
:109AE000D0F3FCFFD0F3FCFFD0F3FCFF000000003C
:109AF000D0F3FCFF00000000D0F3FCFF00000000EA
:109B000049920400300C030049920400300C030019
:109B10004463FDFF300C03004463FDFF799E0300A6
:109B2000FBD0FCFF799E0300FBD0FCFF4DE004005E
:109B30004463FDFF0000F0FF000000002449120014
:109B400000000000244912000000000092240900D7
:109B500049920400244912000000000092240900E8
:109B6000B76DFBFF0000F0FF00000000B86DEBFFD9
:109B7000499204000000F0FF00000000B86DEBFF08
:109B8000B76DFBFF4992F4FF000000000000F0FFFA
:109B9000499204004992F4FF000000000000F0FF29
:109BA000B76DFBFF05000400030002000500000084
:109BB00000000C000B000A000D0011000100140051
:109BC0001300120015001E000000330032003100A7
:109BD0003400370003003B003A0039003C003F00EE
:109BE00002004C004B004A004D004F0002005300A1
:109BF0005200510054005800050046004500430043
:109C000047000000010022002100200023002F0057
:109C1000BA400110F240011002410110164101103A
:109C20001E4101105C410110644101106C6D031074
:109C3000786D031001000000806D0310906D03101B
:109C400002000000946D0310A06D031003000000DB
:109C5000A46D0310B06D031004000000B46D031078
:109C6000C46D031005000000D06D0310DC6D0310FF
:109C700006000000E46D0310F86D031007000000FB
:109C8000000000000000000000000000846E0310CF
:109C9000B46E0310E86E0310346F0310686F031086
:109CA000A06F0310DC6F031018700310846E031094
:109CB0005470031088700310BC700310F070031010
:109CC0002C710310647103109C710310465F417284
:109CD0007453637265656E4C756D704E616D650091
:109CE000000000000100000008000000EC720310FA
:109CF000F8720310000000000200000008000000DD
:109D0000B4740310BC7403100000000003000000D2
:109D10000800000090760310987603100000000001
:109D200004000000080000008878031090780310F9
:109D3000010000000100000006000000887A031006
:109D4000907A031001000000010000000B000000E9
:109D5000287C0310307C031001000000010000008B
:109D6000140000009C7E0310A47E0310010000007C
:109D7000010000001E000000E07F0310E87F0310D8
:109D800001000000010000000F000000D881031056
:109D9000E081031001000000010000001F0000002E
:109DA000888203109082031002000000010000006E
:109DB00006000000887A0310F08203100200000001
:109DC000010000000B000000287C031078840310C1
:109DD0000200000001000000140000009C7E03103F
:109DE000B085031002000000010000001E0000000A
:109DF000E07F0310E886031002000000010000006D
:109E00000F000000D88103106C88031002000000CE
:109E1000010000001F000000888203101C8903104D
:109E2000030000000100000006000000887A031013
:109E3000808A031003000000010000000B000000F6
:109E4000287C0310348C0310030000000100000084
:109E5000140000009C7E0310F88C03100300000027
:109E6000010000001E000000E07F0310448E03107C
:109E700003000000010000000F000000D881031063
:109E80001490031003000000010000001F000000F8
:109E900088820310B4900310366E0110326E0110E8
:109EA000666E0110766E01107C6E0110826E0110DC
:109EB000886E01108E6E0110946E01106E6E01108E
:109EC0009A6E0110475F446F506C617944656D6F05
:109ED0000000000074685F6465636F6465000000E3
:109EE000475F5265616444656D6F546963636D6477
:109EF0000000000074685F666C7573685F62797457
:109F00006573000074685F77726974655F62697475
:109F1000730000006D6F626A5F66756C6C00000014
:109F20007074725F746F5F73686F727470747200B4
:109F30001E005A00780078005A00960078007800D9
:109F40000E015A00D200960096009600D2009600AC
:109F5000A4019600D2009600F0009600B40096008E
:109F600096002C014A01A4012C01B40078001E00C7
:109F700000000000000000000000000000000000E1
:109F80000000000000001E004B0078005A00A500F1
:109F9000B400B4001E00A50000005A005A005A0088
:109FA00078005A006801F0001E00AA0000005A0064
:109FB0002D005A0096005A005A00A5001E00870086
:109FC0000000070001010202080203030404050562
:109FD0000606000000230020FF220020FE220020B1
:109FE000FD220020FC220020FB220020FA2200207B
:109FF000F92200208002000540010000180028001E
:10A00000190032009C940310B0940310C494031000
:10A01000DC940310F09403100C95031024950310A6
:10A020003C950310589503106C9503108895031008
:10A03000A8950310C0950310D4950310F095031054
:10A040000C96031020960310349603104C960310C0
:10A0500064960310789603108C960310A496031050
:10A06000C0960310D4960310EC9603100C970310BF
:10A0700024970310409703105C9703107497031004
:10A080008C970310A0970310B0970310C897031084
:10A09000D8970310E8970310FC9703101498031047
:10A0A00028980310389803104C98031060980310F8
:10A0B000749803108498031098980310AC980310B8
:10A0C000C4980310D8980310EC9803100499031057
:10A0D00014990310309903104499031064990310E4
:10A0E0007899031098990310BC990310D099031024
:10A0F000E8990310009A03101C9A03103C9A03106D
:10A10000509A0310649A03107C9A0310909A0310DB
:10A11000A89A0310BC9A0310CC9A0310E49A031077
:10A12000F49A0310049B0310189B0310309B031038
:10A130004C9B0310609B03107C9B0310949B0310AB
:10A14000A89B0310C49B0310E09B0310F09B03101B
:10A15000109C0310309C0310509C0310649C03104F
:10A16000849C0310989C0310B09C0310C49C0310A3
:10A17000DC9C0310EC9C0310049D0310189D03103D
:10A180002C9D0310EC820310EC820310EC82031070
:10A19000409D0310509D0310649D03107C9D03108F
:10A1A000949D0310B49D0310D09D0310E89D0310EF
:10A1B000009E0310149E03102C9E0310449E031057
:10A1C000549E0310689E0310809E03109C9E0310F3
:10A1D000B09E0310C89E0310E49E0310F49E03106B
:10A1E0000C9F0310209F0310349F03104C9F0310FB
:10A1F000609F03106C9F0310789F0310889F0310CB
:10A200009C9F0310B49F0310CC9F0310E09F03108A
:10A21000F89F031014A003102CA0031044A00310F7
:10A22000A89D0310A89D0310A89D0310A89D0310CE
:10A23000A89D0310A89D0310A89D0310A89D0310BE
:10A24000A89D031050A0031058A0031064A0031091
:10A250006CA00310FFFF9500640096000000000052
:10A260009C00FF00190000009A009E00A500390024
:10A270000000000000001000000038006400000032
:10A2800000000000060C000200000000BC0BAE0045
:10A290001400B00024080100BB00C8001B0000002F
:10A2A000B800BD00C2003B00080000000000140020
:10A2B0000000380064000000004B00000600400071
:10A2C000CB0000000900CF001E00D10025080000CF
:10A2D000DC00AA001B000000D900DE00E3003C0007
:10A2E00008000000000014000000380064000000B6
:10A2F000004B000006004000EC0000004000F100B0
:10A30000BC02F300300800000D010A001C00000030
:10A31000FF000F01000047000F00000000001400C4
:10A3200000003800F401000000500000060040006A
:10A3300000000000FFFF1901E80300000008000012
:10A34000000000000000000000000000000000000D
:10A350000000000000001400000010006400000075
:10A360000000000010020000000000004200410157
:10A370002C0143016A080000570164001B004F01D3
:10A380005301590100004A000A00000000001400B7
:10A3900000003800F40100000069000006004000E1
:10A3A0005F010000FFFF3C01E80300006B080000B4
:10A3B000000000000000000000003E01000052000C
:10A3C00000000A0000000B0000000800640000000C
:10A3D0000A0000001006010000000000FFFF370126
:10A3E000E80300000008000000000000000000007A
:10A3F0000000000000000000000000000000140049
:10A4000000001000640000000000000010020000C6
:10A410000000000043006A0158026C01310800008E
:10A42000820150001D0000007801840100006400DA
:10A43000080000000000300000004000E8030000B9
:10A44000004B0000060040008E010000FFFF650188
:10A45000E8030000100800000000000000000000F9
:10A460000000670100001100000014000000060059
:10A470000000080064000000080000001006010051
:10A4800000000000410096014600980125080000E8
:10A49000A401AA001B000000A001A601AD013C0020
:10A4A00008000000000014000000380064000000F4
:10A4B000004B000006004000B3010000B90BBA01D8
:10A4C0003C00BC0127080000C701C8001B00C401F4
:10A4D000C401C901CE013E000800000000001400C4
:10A4E0000000380064000000004C0000060040003E
:10A4F000D6010000BA0BDB019600DD01290834000B
:10A50000E801B4001A00E5010000EA010000400083
:10A510000A00000000001E0000003800900100004A
:10A52000004D000006004000F00100003A00DB0191
:10A530009600DD0129083400E801B4001A00E501A5
:10A540000000EA01000040000A00000000001E00B8
:10A550000000380090010000004D0000060044009B
:10A56000F0010000BD0BF6019001F7012A08000080
:10A57000FB0180001A000000F801FE01000041000C
:10A580000800000000001F000000380090010000DB
:10A59000004D00000642400004020000BB0B0F0209
:10A5A000E80311022B0800001C0232001A001902F5
:10A5B00019021E02000043000800000000001800FD
:10A5C00000004000E8030000004D000006004000CD
:10A5D00025020000FFFF0A02E80300001008000047
:10A5E000000000000000000000000C02000011004C
:10A5F00000000F00000006000000080064000000DA
:10A6000008000000100601000000000045002C02B8
:10A61000F4012E022F080000390232001A0036021F
:10A6200036023B020000480008000000000018004D
:10A6300000004000E8030000004D0000060040005C
:10A6400042020000BE0B490264004B0200083300C6
:10A65000510200011A0000004D02530200001100D7
:10A660000800000000001000000038003200000068
:10A67000034D0000064200000000000007005902E0
:10A68000B80B5B022D0802006B0228001A000000C4
:10A6900067026D02000045000C0000000000800011
:10A6A00000006400E8030000004D000006004000C8
:10A6B0000000000044007802F4017A022E08000035
:10A6C0008B0280001A00000087028D020000460005
:10A6D0000C00000000004000000040005802000094
:10A6E000004E000006004000940200001000A2028C
:10A6F000A00FA4022C080000B20214001A000000EF
:10A70000AC02B3020000440010000000000028006A
:10A7100000006E00E8030000004D0000060040004D
:10A72000000000004700BD029001BE023208000098
:10A73000C80280001E000000C402CA0200004900D6
:10A740000800000000001F00000038009001000019
:10A75000004D000006424000D00200005400D60226
:10A760003200D80265080000E602AA001B000000C3
:10A77000E002E802ED02660008000000000014009C
:10A780000000380064000000004B0000060040009C
:10A79000F60200004800FB02640000000008000010
:10A7A00008030001670000000000FC0200006800D0
:10A7B0000000000000001000000048008096980093
:10A7C00000000000060340000000000058000A03DB
:10A7D000FA000000000800000B03FF006100000009
:10A7E00000000C03000062000000000000001000E8
:10A7F0000000100080969800000000000600000095
:10A800000000000059001003E803110300080000D5
:10A810000000000000000000000000000000000038
:10A820000000000000001400000020006400000090
:10A8300000000000180000000000000057000000A9
:10A84000E803000000080000000000000000000015
:10A8500000000000000000000000000000001400E4
:10A86000000020006400000000000000180000004C
:10A8700000000000FFFF1303E80300005E08000073
:10A8800000000000000000000000000000001100B7
:10A8900000000A0000000600000020006400000024
:10A8A000030000001016010000000000FFFF170366
:10A8B000E8030000000800000000000000000000A5
:10A8C0000000000000000000000000000000140074
:10A8D00000001000640000000000000010020000F2
:10A8E00000000000F3072603140000000008000029
:10A8F00000000000000000000000280300005200DB
:10A900000000000000000A0000002A0064000000AF
:10A91000000000000600080000000000FFFF6100CA
:10A92000E803000010080000000000000000000024
:10A93000000063000000110000000A000000060093
:10A940000000080064000000030000001006010081
:10A9500000000000FFFF6600E80300001008000090
:10A96000000000000000000000006800000011006E
:10A9700000000A000000060000000800640000005B
:10A98000050000001006010000000000FFFF72003B
:10A99000E80300000E0800000000000000000000B6
:10A9A00000007F00000052000000140000000B00B7
:10A9B0000000080064000000140000001006010000
:10A9C00000000000FFFF6B00E80300000808000023
:10A9D000000000000000000000006D0000001100F9
:10A9E0000000190000000D000000080064000000D5
:10A9F000050000001006010000000000FFFF7300CA
:10AA0000E803000000080000000000000000000053
:10AA10000000750000000F000000190000000D008C
:10AA2000000008006400000064000000100601003F
:10AA300000000000FFFF9B02E80300000808000080
:10AA4000000000000000000000009D020000110056
:10AA50000000190000000D00000008006400000064
:10AA6000050000001006010000000000FFFF5D006F
:10AA7000E8030000000800000000000000000000E3
:10AA800000000000000000000000000000001400B2
:10AA90000000100064000000000000001002000030
:10AAA00000000000FFFF5A00E8030000000800005B
:10AAB0000000000000000000000000000000000096
:10AAC00000000000000014000000100064000000FE
:10AAD000000000001000000000000000FFFF8200E6
:10AAE000E803000000080000000000000000000073
:10AAF0000000000000000000000000000000140042
:10AB000000001000640000000000000010020000BF
:10AB100000000000FFFF8E00E803000000080000B6
:10AB20000000000000000000000000000000000025
:10AB3000000000000000140000001000640000008D
:10AB40000000000010020000000000000E000000E5
:10AB5000E803000000080000000000000000000002
:10AB600000000000000000000000000000001400D1
:10AB70000000100064000000000000001800000049
:10AB800000000000FFFF7B00E80300000008000059
:10AB900000000000000000000000000000000000B5
:10ABA000000000000000140000001000640000001D
:10ABB000000000001002000000000000E207220375
:10ABC000E803000000080000000000000000000092
:10ABD0000000000000000000000000000000140061
:10ABE00000001000640000000000000001000000F0
:10ABF00000000000E3072403E80300000008000051
:10AC00000000000000000000000000000000000044
:10AC100000000000000014000000100064000000AC
:10AC2000000000000100000000000000DE0730030B
:10AC3000E803000000080000000000000000000021
:10AC400000000000000000000000000000001400F0
:10AC500000001000640000000000000001008000FF
:10AC600000000000DF073603E803000000080000D2
:10AC700000000000000000000000000000000000D4
:10AC8000000000000000140000001000640000003C
:10AC900000000000010080000000000005003C03EF
:10ACA000E8030000000800000000000000000000B1
:10ACB0000000000000000000000000000000140080
:10ACC000000010006400000000000000010000020D
:10ACD000000000000D003E03E80300000008000033
:10ACE0000000000000000000000000000000000064
:10ACF00000000000000014000000100064000000CC
:10AD000000000000010000020000000006004003F7
:10AD1000E803000000080000000000000000000040
:10AD2000000000000000000000000000000014000F
:10AD3000000010006400000000000000010000029C
:10AD40000000000027004603E803000000080000A0
:10AD500000000000000000000000000000000000F3
:10AD6000000000000000140000001000640000005B
:10AD70000000000001000002000000002600440363
:10AD8000E8030000000800000000000000000000D0
:10AD9000000000000000000000000000000014009F
:10ADA000000010006400000000000000010000022C
:10ADB0000000000028004203E80300000008000033
:10ADC0000000000000000000000000000000000083
:10ADD00000000000000014000000100064000000EB
:10ADE000000000000100000200000000DB07480333
:10ADF000E803000000080000000000000000000060
:10AE0000000000000000000000000000000014002E
:10AE100000001000640000000000000001000000BD
:10AE200000000000DC074903E80300000008000000
:10AE30000000000000000000000000000000000012
:10AE4000000000000000140000001000640000007A
:10AE5000000000000100000000000000DD074A03C0
:10AE6000E8030000000800000000000000000000EF
:10AE700000000000000000000000000000001400BE
:10AE800000001000640000000000000001008000CD
:10AE900000000000E6075003E8030000000800007F
:10AEA00000000000000000000000000000000000A2
:10AEB000000000000000140000001000640000000A
:10AEC000000000000100800000000000E7075403BC
:10AED000E80300000008000000000000000000007F
:10AEE000000000000000000000000000000014004E
:10AEF000000010006400000000000000010080005D
:10AF000000000000E8075503E80300000008000007
:10AF10000000000000000000000000000000000031
:10AF20000000000000001400000010006400000099
:10AF3000000000000100800000000000E9075D0340
:10AF4000E80300000008000000000000000000000E
:10AF500000000000000000000000000000001400DD
:10AF6000000010006400000000000000010000006C
:10AF700000000000EA075E03E8030000000800008C
:10AF800000000000000000000000000000000000C1
:10AF90000000000000001400000010006400000029
:10AFA000000000000100800000000000FD076403B5
:10AFB000E80300000008000000000000000000009E
:10AFC000000000000000000000000000000014006D
:10AFD000000010006400000000000000010080007C
:10AFE0000000000053005903E803000000080000BF
:10AFF0000000000000000000000000000000000051
:10B0000000000000000014000000100064000000B8
:10B01000000000000100800000000000D707660368
:10B02000E80300000008000000000000000000002D
:10B0300000000000000000000000000000001400FC
:10B04000000010006400000000000000010000008B
:10B050000000000000086703E8030000000800008B
:10B0600000000000000000000000000000000000E0
:10B070000000000000001400000010006400000048
:10B08000000000000100000000000000DA07680373
:10B09000E8030000000800000000000000000000BD
:10B0A000000000000000000000000000000014008C
:10B0B000000010006400000000000000010000001B
:10B0C00000000000FE076903E8030000000800001C
:10B0D0000000000000000000000000000000000070
:10B0E00000000000000014000000100064000000D8
:10B0F000000000000100000000000000FF076A03DC
:10B10000E80300000008000000000000000000004C
:10B11000000000000000000000000000000014001B
:10B1200000001000640000000000000001000000AA
:10B130000000000011006B03E8030000000800009D
:10B1400000000000000000000000000000000000FF
:10B150000000000000001400000010006400000067
:10B16000000000000100000000000000D8076C0390
:10B17000E8030000000800000000000000000000DC
:10B1800000000000000000000000000000001400AB
:10B19000000010006400000000000000010000003A
:10B1A0000000000001086D03E80300000008000033
:10B1B000000000000000000000000000000000008F
:10B1C00000000000000014000000100064000000F7
:10B1D00000000000010000000000000008006E03F5
:10B1E000E80300000008000000000000000000006C
:10B1F000000000000000000000000000000014003B
:10B2000000001000640000000000000001000000C9
:10B2100000000000D6076F03E803000000080000EC
:10B22000000000000000000000000000000000001E
:10B230000000000000001400000010006400000086
:10B24000000000000100000000000000D2077003B1
:10B25000E8030000000800000000000000000000FB
:10B2600000000000000000000000000000001400CA
:10B270000000100064000000000000000100000059
:10B2800000000000D5077103E8030000000800007B
:10B2900000000000000000000000000000000000AE
:10B2A0000000000000001400000010006400000016
:10B2B000000000000100000000000000D30772033E
:10B2C000E80300000008000000000000000000008B
:10B2D000000000000000000000000000000014005A
:10B2E00000001000640000000000000001000000E9
:10B2F00000000000D4077303E8030000000800000A
:10B30000000000000000000000000000000000003D
:10B3100000000000000014000000100064000000A5
:10B32000000000000100000000000000D1077403CD
:10B33000E80300000008000000000000000000001A
:10B3400000000000000000000000000000001400E9
:10B350000000100064000000000000000100000078
:10B360000000000052007503E80300000008000020
:10B3700000000000000000000000000000000000CD
:10B380000000000000001400000010006400000035
:10B390000000000001000000000000005500BF0395
:10B3A000E8030000000800000000000000000000AA
:10B3B000000000000000000000000000000010007D
:10B3C00000001000640000000000000002000010F7
:10B3D000000000005600C303E8030000000800005E
:10B3E000000000000000000000000000000000005D
:10B3F00000000000000010000000100064000000C9
:10B40000000000000200001000000000EC077603BE
:10B41000E803000000080000000000000000000039
:10B42000000000000000000000000000000010000C
:10B430000000100064000000000000000200001086
:10B44000000000001E008B03E8030000000800005D
:10B4500000000000000000000000000000000000EC
:10B460000000000000001000000010006400000058
:10B470000000000002000010000000001F008C030C
:10B48000E8030000000800000000000000000000C9
:10B49000000000000000000000000000000010009C
:10B4A0000000100064000000000000000200001016
:10B4B0000000000020008D03E803000000080000E9
:10B4C000000000000000000000000000000000007C
:10B4D00000000000000010000000100064000000E8
:10B4E00000000000020000100000000021008E0398
:10B4F000E803000000080000000000000000000059
:10B50000000000000000000000000000000010002B
:10B5100000001000640000000000000002000010A5
:10B520000000000025009103E8030000000800006F
:10B53000000000000000000000000000000000000B
:10B540000000000000001000000010006400000077
:10B5500000000000020000100000000024009C0316
:10B56000E8030000000800000000000000000000E8
:10B5700000000000000000000000000000001000BB
:10B580000000100064000000000000000200001035
:10B590000000000029009503E803000000080000F7
:10B5A000000000000000000000000000000000009B
:10B5B0000000000000001000000010006400000007
:10B5C0000000000002000010000000002A009903A3
:10B5D000E803000000080000000000000000000078
:10B5E000000000000000000000000000000010004B
:10B5F00000001000640000000000000002000010C5
:10B60000000000002B009203E80300000008000087
:10B61000000000000000000000000000000000002A
:10B620000000000000001000000010006400000096
:10B630000000000002000010000000002C009E032B
:10B64000E803000000080000000000000000000007
:10B6500000000000000000000000000000001000DA
:10B660000000100064000000000000000200001054
:10B67000000000002D00A203E80300000008000005
:10B6800000000000000000000000000000000000BA
:10B690000000000000001000000010006400000026
:10B6A0000000000002000010000000002E00A603B1
:10B6B000E803000000080000000000000000000097
:10B6C000000000000000000000000000000010006A
:10B6D00000001000640000000000000002000010E4
:10B6E000000000003700AA03E80300000008000083
:10B6F000000000000000000000000000000000004A
:10B7000000000000000010000000100064000000B5
:10B710000000000002000010000000003800AE032E
:10B72000E803000000080000000000000000000026
:10B7300000000000000000000000000000001000F9
:10B740000000100064000000000000000200001073
:10B75000000000003900B203E80300000008000008
:10B7600000000000000000000000000000000000D9
:10B770000000000000001000000010006400000045
:10B780000000000002000010000000002F008A03EB
:10B79000E8030000000800000000000000000000B6
:10B7A0000000000000000000000000000000100089
:10B7B0000000100064000000000000000200001003
:10B7C0000000000030009403E803000000080000BF
:10B7D0000000000000000000000000000000000069
:10B7E00000000000000010000000100064000000D5
:10B7F00000000000020000100000000022008F0383
:10B80000E803000000080000000000000000000045
:10B810000000000000000000000000000000140014
:10B820000000100064000000000000000000001094
:10B830000000000023009003E8030000000800005F
:10B8400000000000000000000000000000000000F8
:10B850000000000000001000000010006400000064
:10B86000000000000200001000000000310078031A
:10B87000E8030000000800000000000000000000D5
:10B8800000000000000000000000000000001000A8
:10B8900000004400640000000000000002030010EB
:10B8A0000000000032008603E803000000080000EA
:10B8B0000000000000000000000000000000000088
:10B8C00000000000000010000000540064000000B0
:10B8D0000000000002030010000000003300870396
:10B8E000E803000000080000000000000000000065
:10B8F0000000000000000000000000000000100038
:10B90000000054006400000000000000020300106A
:10B910000000000034008803E80300000008000075
:10B920000000000000000000000000000000000017
:10B93000000000000000100000004400640000004F
:10B940000000000002030010000000003500890321
:10B95000E8030000000800000000000000000000F4
:10B9600000000000000000000000000000001000C7
:10B97000000034006400000000000000020300101A
:10B98000000000003B008603E80300000008000000
:10B9900000000000000000000000000000000000A7
:10B9A00000000000000014000000540064000000CB
:10B9B0000000000000030010000000003C008803AD
:10B9C000E803000000080000000000000000000084
:10B9D0000000000000000000000000000000140053
:10B9E000000044006400000000000000000300109C
:10B9F000000000003D008703E8030000000800008D
:10BA00000000000000000000000000000000000036
:10BA1000000000000000140000003400640000007A
:10BA20000000000000030010000000003E00890339
:10BA3000E803000000080000000000000000000013
:10BA400000000000000000000000000000001400E2
:10BA5000000034006400000000000000000300103B
:10BA6000000000003F007803E80300000008000029
:10BA700000000000000000000000000000000000C6
:10BA800000000000000014000000440064000000FA
:10BA90000000000000030010000000001600030278
:10BAA000E8030000000800000000000000000000A3
:10BAB0000000000000000000000000000000140072
:10BAC00000001000640000000000000000000010F2
:10BAD000000000000F00A400E803000000080000C0
:10BAE0000000000000000000000000000000000056
:10BAF00000000000000014000000100064000000BE
:10BB00000000000000000010000000001200C10052
:10BB1000E803000000080000000000000000000032
:10BB20000000000000000000000000000000140001
:10BB30000000100064000000000000000000001081
:10BB4000000000001500EF01E803000000080000FD
:10BB500000000000000000000000000000000000E5
:10BB6000000000000000140000001000640000004D
:10BB70000000000000000010000000001700580244
:10BB8000E8030000000800000000000000000000C2
:10BB90000000000000000000000000000000140091
:10BBA0000000100064000000000000000000001011
:10BBB000000000001400CD01E803000000080000B0
:10BBC0000000000000000000000000000000000075
:10BBD00000000000000014000000100064000000DD
:10BBE0000000000000000010000000001300E20050
:10BBF000E803000000080000000000000000000052
:10BC00000000000000000000000000000000140020
:10BC100000001000640000000000000000000010A0
:10BC2000000000000A00AD00E8030000000800006A
:10BC30000000000000000000000000000000000004
:10BC4000000000000000140000001000640000006C
:10BC50000000000000000010000000000C00AD001B
:10BC6000E8030000000800000000000000000000E1
:10BC700000000000000000000000000000001400B0
:10BC80000000100064000000000000000000001030
:10BC9000000000001C007E03E80300000008000014
:10BCA0000000000000000000000000000000000094
:10BCB0000000000000001000000010006400000000
:10BCC00000000000020000100000000018007F03C8
:10BCD000E803000000080000000000000000000071
:10BCE0000000000000000000000000000000140040
:10BCF00000001000640000000000000000000010C0
:10BD0000000000001B008003E803000000080000A2
:10BD10000000000000000000000000000000000023
:10BD2000000000000000100000001000640000008F
:10BD30000000000002000010000000001D00810350
:10BD4000E803000000080000000000000000000000
:10BD500000000000000000000000000000001000D3
:10BD6000000010006400000000000000020000104D
:10BD70000000000019008303E80300000008000031
:10BD800000000000000000000000000000000000B3
:10BD9000000000000000100000001000640000001F
:10BDA0000000000002000010000000001A008403E0
:10BDB000E803000000080000000000000000000090
:10BDC0000000000000000000000000000000100063
:10BDD00000001000640000000000000002000010DD
:10BDE0000000000036009303E80300000008000094
:10BDF0000000000000000000000000000000000043
:10BE0000000000000000200000001000640000009E
:10BE100000000000020000100000000046002D039A
:10BE2000E80300000008000000000000000000001F
:10BE300000000000000000000000000000001000F2
:10BE4000000010006400000000000000020000106C
:10BE5000000000004900B603E803000000080000ED
:10BE600000000000000000000000000000000000D2
:10BE700000000000000010000000580064000000F6
:10BE80000000000002030010000000004A00B70399
:10BE9000E8030000000800000000000000000000AF
:10BEA0000000000000000000000000000000100082
:10BEB00000005800640000000000000002030010B1
:10BEC000000000004B00B803E80300000008000079
:10BED0000000000000000000000000000000000062
:10BEE000000000000000100000004000640000009E
:10BEF0000000000002030010000000004C00B90325
:10BF0000E80300000008000000000000000000003E
:10BF10000000000000000000000000000000100011
:10BF20000000400064000000000000000203001058
:10BF3000000000004D00BA03E80300000008000004
:10BF400000000000000000000000000000000000F1
:10BF5000000000000000100000004000640000002D
:10BF60000000000002030010000000004E00BB03B0
:10BF7000E8030000000800000000000000000000CE
:10BF800000000000000000000000000000001000A1
:10BF900000004000640000000000000002030010E8
:10BFA000000000004F00BC03E80300000008000090
:10BFB0000000000000000000000000000000000081
:10BFC00000000000000014000000100064000000E9
:10BFD0000000000010000010000000005000BD0331
:10BFE000E80300000008000000000000000000005E
:10BFF000000000000000000000000000000014002D
:10C00000000010006400000000000000100000109C
:10C01000000000005100BE03E8030000000800001B
:10C020000000000000000000000000000000000010
:10C030000000000000001400000010006400000078
:10C0400000000000100000100000000000000000D0
:10C050000000000000000000010401008D22021019
:10C0600000000000020002001D1C0210020000007F
:10C0700002000200411D0210030000000200020045
:10C08000811D0210040000000201050000000000F4
:10C090000600000002020500E51D02100700000076
:10C0A0000203060000000000080000000202050074
:10C0B000000000000900000002010600091D021036
:10C0C00002000000030002001D1C02100A00000014
:10C0D00003000200411D02100B00000003000200DB
:10C0E000811D02100C00000003000500000000008C
:10C0F0000E000000030107008D2002100F00000059
:10C10000030205000000000010000000030106000B
:10C11000091D02100A000000048008009522021088
:10C1200001000000010002001D1C021012000000AE
:10C1300001000200411D0210130000000100020076
:10C14000811D021014000000010004000000000026
:10C150001600000001000800E9200210170000008E
:10C1600001010600000000001800000001020600A6
:10C17000000000001900000001030500000000009D
:10C180001A00000001020600000000001B00000071
:10C1900001010600000000001C0000000100040076
:10C1A000000000001D00000001000800091D021031
:10C1B0001200000005800500952202101F000000FB
:10C1C000058104009D22021001000000060002000B
:10C1D0001D1C02102000000006000200411D02107C
:10C1E0002100000006000200811D02102200000054
:10C1F0000600040000000000240000000600080003
:10C200004521021025000000060108000000000082
:10C210002600000006020800391D02102700000059
:10C220000603080023BB01102800000006040800D4
:10C230000000000029000000060508002FBB0110C7
:10C240002A00000006060700000000002B00000086
:10C25000060707003BBB01102C000000060006008B
:10C26000091D021020000000060108000000000067
:10C270002E00000006000400000000002100000065
:10C28000068806009522021030000000068905008D
:10C290009D22021001000000070002001D1C021078
:10C2A0003100000007000200411D021032000000B2
:10C2B00007000200811D0210330000000700050086
:10C2C000E92102103500000007010500E9210210F4
:10C2D0003600000007010100091D021031000000B6
:10C2E0000880060095220210010000000881060067
:10C2F0009D22021001000000090002001D1C021016
:10C300003900000009000200411D02103A0000003F
:10C3100009000200811D02103B0000000901090014
:10C32000B91D02103D00000009010D004D1F021053
:10C330003E00000009010100091D02103900000043
:10C340000A80040095220210400000000A810500C6
:10C3500000000000410000000A8205009D2202103A
:10C36000420000000A8305009D2202100100000027
:10C370000B0205001D1C0210440000000B03050009
:10C380001D1C0210430000000B020200411D0210A0
:10C39000450000000B020200811D02104600000053
:10C3A0000B000500751E0210480000000B0105007F
:10C3B000751E0210490000000B010100091D02104A
:10C3C000430000000C0002001D1C02104A00000087
:10C3D0000C000200411D02104B0000000C00020086
:10C3E000811D02104C0000000C0004009D1F021073
:10C3F0004E0000000C011500091D02104A0000004B
:10C400000D80050095220210010000000D8105003D
:10C4100095220210010000000E0002001D1C0210F7
:10C42000510000000E000200411D021052000000E9
:10C430000E000200811D0210530000000E001500C6
:10C4400055230210550000000E010B00B91D02100B
:10C45000560000000E010B00751F0210570000006F
:10C460000E011500091D0210510000000F800C0084
:10C4700095220210590000000F8107009D22021032
:10C480000100000010020900000000005B00000035
:10C4900010010900000000005C000000100009000D
:10C4A00000000000000000001180050000000000F6
:10C4B0005E00000011010500000000005F000000A8
:10C4C00011020500000000006000000011030500DB
:10C4D00000000000000000001280050000000000C5
:10C4E00062000000128105000000000061000000F1
:10C4F00012820700000000006400000012830700A1
:10C500000000000065000000128407000000000029
:10C51000000000001380050000000000670000001C
:10C520001381050000000000660000001382070070
:10C5300000000000690000001383070000000000F5
:10C540006A000000138407000000000000000000E3
:10C5500014800700000000006C0000001481070038
:10C56000000000006B0000001580050000000000C6
:10C570006E00000015810500000000006F00000043
:10C580001582050000000000700000001583050002
:10C59000000000007100000015840500000000008C
:10C5A0000000000016800200000000007200000081
:10C5B00017800500000000007400000017810500CE
:10C5C0000000000073000000188009000000000057
:10C5D00076000000188109000000000077000000CC
:10C5E00018820900A52202107800000018830900B3
:10C5F000000000007900000018840900000000001D
:10C600007A0000001885090000000000000000000A
:10C6100019800900000000007C0000001981090059
:10C62000000000007D0000001982090000000000E9
:10C630007E000000198309000000000000000000D7
:10C64000168109006DB901108000000016820700F4
:10C6500000000000810000001683050000000000BB
:10C66000000000001A8007000000000083000000A6
:10C670001A81070000000000840000001A800700F3
:10C6800000000000850000001A8107000000000083
:10C69000860000001A8207000000000087000000EA
:10C6A0001A83070000000000880000001A840700B9
:10C6B00000000000890000001A850700000000004B
:10C6C0008A0000001A860700000000008B000000AE
:10C6D0001A870700000000008C0000001A8807007D
:10C6E000000000008D0000001A8907000000000013
:10C6F000000000001B800700000000008F00000009
:10C700001B81070000000000900000001B80070054
:10C7100000000000910000001B81070000000000E5
:10C72000920000001B820700000000009300000040
:10C730001B83070000000000940000001B8407001A
:10C7400000000000000000001C00000000000000CD
:10C75000000000001C000500000000009700000021
:10C760001C01050000000000980000001C020500EC
:10C7700000000000990000001C03050000000000FC
:10C78000960000001C040D00000000009500000051
:10C790001C850700000000009A0000001C06050030
:10C7A000000000009D0000001C0605007DB801107F
:10C7B000950000001C070B00000000009F00000017
:10C7C0001C080B0099BE0110A00000001C090B0002
:10C7D0009DB80110A10000001C0A0B000000000021
:10C7E000A20000001C0B0B0000000000A3000000D2
:10C7F0001C0C0B0000000000A40000001C0D000039
:10C8000000000000000000001C0E060000000000F8
:10C81000A60000001C0F060071B80110A700000060
:10C820001C1006009DB80110A80000001C11060095
:10C8300000000000A90000001C120600000000001B
:10C84000AA0000001C13060000000000AB0000005E
:10C850001C14060000000000AC0000001C150600BF
:10C8600000000000AD0000001C16000000000000E9
:10C87000000000001D000B0005A40110AF00000027
:10C880001D010B0005A40110AE0000001D000500F5
:10C89000FDA40110B10000001D000500FDA4011061
:10C8A000B20000001D010500FDA40110B30000004E
:10C8B0001D010500FDA40110B40000001D020500CB
:10C8C000FDA40110B50000001D020500FDA401102B
:10C8D000B60000001D030500FDA40110B700000014
:10C8E0001D030500FDA40110B00000001D040B0095
:10C8F00055A70110B90000001D050900C9A70110C6
:10C90000BA0000001D04090000000000B000000093
:10C910001D06040000000000BC0000001D0604000D
:10C920007DB80110B00000001D07060000000000E7
:10C93000BE0000001D08060009B80110BF0000007D
:10C940001D0906009DB80110C00000001D0A060068
:10C9500000000000C10000001D0B000000000000EE
:10C96000000000001D0C060000000000C3000000D5
:10C970001D0D060071B80110C40000001D0E060058
:10C980009DB80110C50000001D0F0600000000004A
:10C99000C60000001D10060000000000C7000000D7
:10C9A0001D11060000000000C80000001D12060056
:10C9B00000000000C90000001D1306000000000078
:10C9C000CA0000001D14000000000000000000006C
:10C9D0001D0A060000000000CC0000001D09060032
:10C9E00000000000CD0000001D080600000000004F
:10C9F000CE0000001D07060000000000B00000008F
:10CA00001E000B0005A40110D00000001E010B0049
:10CA100005A40110CF0000001E000400FDA40110B9
:10CA2000D20000001E000400FDA40110D30000008D
:10CA30001E010400FDA40110D40000001E0104002A
:10CA4000FDA40110D50000001E020400FDA4011089
:10CA5000D60000001E020400FDA40110D700000053
:10CA60001E030400FDA40110D80000001E030400F2
:10CA7000FDA40110D10000001E040B0055A70110F9
:10CA8000DA0000001E850B002DA80110DB0000005D
:10CA90001E040B0000000000D10000001E06040070
:10CAA00000000000DD0000001E0604007DB801103B
:10CAB000D10000001E07060000000000DF0000009B
:10CAC0001E08060009B80110E00000001E0906005B
:10CAD0009DB80110E10000001E0A060000000000E1
:10CAE000E20000001E0B000000000000000000003B
:10CAF0001E0C060000000000E40000001E0D0600F1
:10CB000071B80110E50000001E0E06009DB801106E
:10CB1000E60000001E0F060000000000E700000015
:10CB20001E10060000000000E80000001E110600B4
:10CB300000000000E90000001E12060000000000D6
:10CB4000EA0000001E13060000000000EB000000D9
:10CB50001E14000000000000000000001E0B060074
:10CB600000000000ED0000001E0A060000000000AA
:10CB7000EE0000001E09060000000000EF000000AB
:10CB80001E08060000000000F00000001E0706005E
:10CB900000000000D10000001F000B0005A40110E0
:10CBA000F20000001F010B0005A40110F1000000BD
:10CBB0001F00030009AF0110F40000001F00030074
:10CBC00009AF0110F50000001F01030009AF0110BB
:10CBD000F60000001F01030009AF0110F70000007C
:10CBE0001F02030009AF0110F80000001F0203003C
:10CBF00009AF0110F90000001F03030009AF011085
:10CC0000FA0000001F03030009AF0110FB00000041
:10CC10001F04030009AF0110FC0000001F04030003
:10CC200009AF0110FD0000001F05030009AF01104E
:10CC3000FE0000001F05030009AF0110F300000013
:10CC40001F86010069B00110000100001F860B0063
:10CC500055A70110010100001F87090049B101100B
:10CC6000020100001F88090055A701100301000000
:10CC70001F89090055A70110040100001F8A09003F
:10CC800055A70110050100001F8B090055A70110D1
:10CC9000060100001F8C090055A7011007010000C4
:10CCA0001F8D090055A70110080100001F8E090003
:10CCB000D5B10110090100001F8F15000000000010
:10CCC000F30000001F9A0B00000000000B010000A1
:10CCD0001F9B0B00000000000C0100001F9C0B00BC
:10CCE00000000000F30000001F100600000000001C
:10CCF0000E0100001F1006007DB80110F3000000B7
:10CD00001F10080000000000100100001F110800A3
:10CD100009B80110110100001F1208009DB8011090
:10CD2000120100001F1308000000000013010000A2
:10CD30001F14080000000000140100001F15080067
:10CD400000000000150100001F1608000000000090
:10CD5000160100001F170600000000001701000068
:10CD60001F18060000000000180100001F19000035
:10CD700000000000000000002080030025B1011029
:10CD80001A0100002081030075B001101B01000092
:10CD90002080030075B001101C01000020810300F9
:10CDA00075B001101D0100002082030037B1011091
:10CDB0001E0100002081030075B001101F0100005A
:10CDC0002082030075B001102001000020810300C3
:10CDD00075B00110210100002082030075B0011020
:10CDE000220100002083030075B001102301000020
:10CDF0002082030075B0011024010000208303008D
:10CE000075B00110250100002082030075B00110EB
:10CE1000260100002083030075B0011027010000E7
:10CE20002084030075B00110280100002083030056
:10CE300075B00110290100002084030075B00110B5
:10CE40002A0100002083030075B001102B010000AF
:10CE50002084030037B101102C010000208503005D
:10CE600075B001102D0100002084030075B0011081
:10CE70002E0100002085030075B001102F01000075
:10CE80002084030075B001103001000020850300EC
:10CE900075B00110310100002086030075B001104B
:10CEA000320100002087030075B00110330100003B
:10CEB0002086030075B001103401000020870300B4
:10CEC00075B00110350100002086030075B0011017
:10CED000360100002087030075B00110000000003B
:10CEE00011010500000000003801000011020500DA
:10CEF00000000000390100001101050000000000E1
:10CF00003A01000011020500000000003B01000092
:10CF10001103050000000000000000002180030054
:10CF2000CDAC01103D01000021810300CDAC01100A
:10CF30003C01000022800900000000003F010000C9
:10CF4000228107000000000040010000228205004D
:10CF5000000000000000000023000B0005A40110E9
:10CF60004201000023010B0005A401104101000053
:10CF700023000300FDA4011044010000230003006E
:10CF8000FDA401104501000023010300FDA40110D0
:10CF90004601000023010300FDA401104701000029
:10CFA00023020300FDA40110480100002302030036
:10CFB000FDA401104901000023030300FDA401109A
:10CFC0004A01000023030300FDA401104B010000EF
:10CFD00023040300FDA401104C01000023040300FE
:10CFE000FDA401104D01000023050300FDA4011064
:10CFF0004E01000023050300FDA4011043010000C1
:10D000002306010055A70110500100002306070068
:10D0100081AE0110510100002307070055A7011040
:10D020005201000023080700A3AE011043010000D5
:10D030002389010055A701105401000023890B002A
:10D0400055A7011055010000230A0B0041AC011047
:10D0500056010000230A0B0055A7011043010000F0
:10D06000230B06000000000058010000230B0600FF
:10D070007DB8011043010000230B080000000000F0
:10D080005A010000230C0800000000005B010000B2
:10D09000230D080009B801105C010000230E0800F0
:10D0A0009DB801105D010000230F08000000000082
:10D0B0005E010000231000000000000000000000DE
:10D0C000231006000000000060010000230F06008E
:10D0D0000000000061010000230E060000000000B7
:10D0E00062010000230D0600000000006301000043
:10D0F000230C06000000000064010000230B060062
:10D100000000000043010000248005000000000032
:10D110006601000024810500000000006501000098
:10D120001681090000000000680100001682070057
:10D1300000000000690100001683050000000000E7
:10D14000000000002500100005A401106B01000084
:10D150002501100005A401106A010000250005004A
:10D16000FDA401106D01000025000500FDA40110C3
:10D170006E01000025010500FDA401106F010000F3
:10D1800025010500FDA40110700100002502050025
:10D19000FDA401107101000025020500FDA401108D
:10D1A0007201000025030500FDA4011073010000B9
:10D1B00025030500FDA401107401000025040500ED
:10D1C000FDA401107501000025040500FDA4011057
:10D1D0007601000025050500FDA40110770100007F
:10D1E00025050500FDA401106C01000025061500B1
:10D1F000D9B201107901000025870B00EDB20110B2
:10D200007A0100002508060055A701107B010000E7
:10D210002506060055A701107C01000025870B009C
:10D22000C5B301107D0100002508060055A70110B7
:10D230007E0100002506060055A701107F010000B1
:10D2400025870B009DB40110800100002508060011
:10D2500055A70110810100002506060055A7011001
:10D260006C0100002509040000000000830100009B
:10D27000250904007DB801106C010000250A070093
:10D280000000000085010000250B070009B801100F
:10D2900086010000250C07009DB8011087010000E1
:10D2A000250D07000000000088010000250E070082
:10D2B0000000000089010000250F070000000000A9
:10D2C0008A01000025100700000000008B0100000B
:10D2D00025110700000000008C0100002512070046
:10D2E000000000008D0100002513000095B9011019
:10D2F0000000000025110600000000008F01000062
:10D30000251006000000000090010000250F060017
:10D310000000000091010000250E06000000000042
:10D3200092010000250D060000000000930100009E
:10D33000250C06000000000094010000250B0600EB
:10D340000000000095010000250A06000000000012
:10D350006C01000026000B0005A4011097010000DD
:10D3600026010B0005A40110960100002600040010
:10D37000FDA401109901000026000400FDA4011085
:10D380009A01000026010400FDA401109B01000089
:10D3900026010400FDA401109C01000026020400E7
:10D3A000FDA401109D01000026020400FDA401104F
:10D3B0009E01000026030400FDA401109F0100004F
:10D3C00026030400FDA401109801000026040B00B0
:10D3D00055A70110A101000026850500A5A8011090
:10D3E000A201000026840500A5A80110A3010000E9
:10D3F0002605020011A90110A10100002606040063
:10D4000000000000A5010000260604007DB8011000
:10D41000980100002607060000000000A701000098
:10D420002608060009B80110A80100002609060018
:10D430009DB80110A9010000260A060000000000A6
:10D44000AA010000260B060000000000AB0100004E
:10D45000260C060000000000AC010000260D0000B4
:10D460000000000000000000260E06000000000082
:10D47000AE010000260F060071B80110AF010000D8
:10D48000261006009DB80110B0010000261106000C
:10D4900000000000B101000026120600000000009C
:10D4A000B201000026130000000000000000000090
:10D4B000260D060000000000B4010000260C060046
:10D4C00000000000B5010000260B0600000000006F
:10D4D000B6010000260A060000000000B7010000A7
:10D4E0002609060000000000B8010000260806001A
:10D4F00000000000B901000026070600000000003F
:10D500009801000000000B0005A40110BB01000001
:10D5100000010B0005A40110BA0100000000040086
:10D52000FDA40110BD01000000000400FDA40110D5
:10D53000BE01000000010400FDA40110BF010000B5
:10D5400000010400FDA40110C0010000000204005D
:10D55000FDA40110C101000000020400FDA401109F
:10D56000C201000000030400FDA40110C30100007B
:10D5700000030400FDA40110BC0100000004090028
:10D5800055A70110C50100000005090055A70110AD
:10D59000C6010000000607000FAA0110BC01000030
:10D5A0000007030000000000C8010000000703009E
:10D5B0007DB80110BC010000000809000000000057
:10D5C000CA0100000009090009B80110CB010000E0
:10D5D000000A070000000000CC010000000B07005B
:10D5E0009DB80110CD010000000C000000000000FB
:10D5F00000000000000D060000000000CF01000048
:10D60000000E060071B80110D0010000000F0600E6
:10D6100000000000D1010000001006009DB80110BC
:10D62000D20100000011060000000000D30100003C
:10D630000012060000000000D401000000130600E4
:10D6400000000000D50100000014000000000000F0
:10D6500000000000000C090000000000D7010000DD
:10D66000000B090000000000D8010000000A0700BC
:10D6700000000000D90100000009070000000000C0
:10D68000DA0100000008070000000000BC010000F3
:10D6900027000B0005A40110DC01000027010B008E
:10D6A00005A40110DB01000027000300FDA4011008
:10D6B000DE01000027000300FDA40110DF010000CF
:10D6C00027010300FDA40110E00100002701030071
:10D6D000FDA40110E101000027020300FDA40110D8
:10D6E000E201000027020300FDA40110E301000095
:10D6F00027030300FDA40110E40100002703030039
:10D70000FDA40110DD0100002704090055A7011048
:10D71000E60100002705090055A70110E7010000F8
:10D72000270609009DAA0110DD010000270703005C
:10D7300000000000E9010000270703007DB8011088
:10D74000DD0100002708090000000000EB010000D7
:10D750002709090009B80110EC010000270A05009B
:10D7600000000000ED010000270B05009DB801102E
:10D77000EE010000270C050000000000EF01000092
:10D78000270D00000000000000000000270D06002B
:10D7900000000000F1010000270C0600000000005E
:10D7A000F2010000270B060000000000F30100005A
:10D7B000270A060000000000F40100002709060007
:10D7C00000000000F501000027080600000000002E
:10D7D000DD01000028000B0005A40110F601000087
:10D7E00028000400FDA40110F70100002801060034
:10D7F00055A70110F90100002802060055A70110E5
:10D80000FA01000028830600F5AA0110F7010000C4
:10D810002804040000000000FC01000028040400AB
:10D820007DB80110FD010000280507000000000080
:10D83000F70100002806090000000000FF010000B9
:10D840002807090009B80110000200002808090093
:10D85000000000000102000028090900000000008B
:10D8600002020000280A09009DB80110030200000E
:10D87000280B00000000000000000000280B090039
:10D880000000000005020000280A09000000000056
:10D89000060200002809090000000000070200003D
:10D8A00028080900000000000802000028070900FD
:10D8B0000000000009020000280609000000000026
:10D8C000F701000029800500000000000B020000A5
:10D8D00029810500000000000A02000029820700DB
:10D8E000000000000D020000298307000000000076
:10D8F0000E02000029840700000000000000000064
:10D900002A000B0005A40110100200002A010B00E0
:10D9100005A401100F0200002A000400FDA401105C
:10D92000120200002A000400FDA4011013020000EE
:10D930002A010400FDA40110140200002A010400C1
:10D94000FDA40110150200002A020400FDA401102C
:10D95000160200002A020400FDA4011017020000B4
:10D960002A030400FDA40110180200002A03040089
:10D97000FDA40110110200002A04090055A701109E
:10D980001A0200002A05090055A701101B02000019
:10D990002A060900B5AB0110110200002A07030096
:10D9A000000000001D0200002A0703007DB80110DE
:10D9B000110200002A080900000000001F020000F8
:10D9C0002A09090009B80110200200002A0A0900EA
:10D9D00000000000210200002A0B09009DB8011080
:10D9E000220200002A0C09000000000023020000AF
:10D9F0002A0D090000000000240200002A0E000089
:10DA000095B90110000000002A0E09000000000076
:10DA1000260200002A0D0900000000002702000075
:10DA20002A0C090000000000280200002A0B09004F
:10DA300000000000290200002A0A0900000000007E
:10DA40002A0200002A090900000000002B02000041
:10DA50002A08090000000000110200002B000B0042
:10DA600005A401102D0200002B010B0005A40110DC
:10DA70002C0200002B000400FDA401102F02000066
:10DA80002B000400FDA40110300200002B01040053
:10DA9000FDA40110310200002B010400FDA40110BF
:10DAA000320200002B020400FDA40110330200002A
:10DAB0002B020400FDA40110340200002B0304001B
:10DAC000FDA40110350200002B030400FDA4011089
:10DAD0002E0200002B04090055A701103702000098
:10DAE0002B05090055A70110380200002B0609007C
:10DAF000B5AB01102E0200002B0703000000000050
:10DB00003A0200002B0703007DB801102E0200002E
:10DB10002B080900000000003C0200002B0909004E
:10DB200009B801103D0200002B0A090000000000A6
:10DB30003E0200002B0B09009DB801103F020000BF
:10DB40002B0C090000000000400200002B0D090012
:10DB500000000000410200002B0E00000000000049
:10DB6000000000002B0E090000000000430200002E
:10DB70002B0D090000000000440200002B0C0900DE
:10DB800000000000450200002B0B0900000000000F
:10DB9000460200002B0A09000000000047020000B6
:10DBA0002B09090000000000480200002B080900B2
:10DBB000000000002E0200002C800B0005A40110C4
:10DBC0004A0200002C810B0005A40110490200004C
:10DBD0002C800700FDA401104C0200002C810700DE
:10DBE000FDA401104B0200002C820B0055A7011070
:10DBF0004E0200002C830500CDB501104F0200003D
:10DC00002C82050000000000500200002C8305005B
:10DC1000000000004F0200002C84040000000000FF
:10DC2000520200002C8404007DB801104B02000059
:10DC30002C85070000000000540200002C8607001D
:10DC400009B80110550200002C87070000000000F1
:10DC5000560200002C8807009DB8011057020000F2
:10DC60002C09070000000000580200002C0A0700E1
:10DC700000000000000000002D000B0005A40110B2
:10DC80005A0200002D010B0005A4011059020000EA
:10DC90002D000400FFBA01105C0200002D000400FA
:10DCA000FDA401105D0200002D010400FDA401107F
:10DCB0005E0200002D010400FDA401105F020000BF
:10DCC0002D020400FFBA0110600200002D020400C2
:10DCD000FDA40110610200002D030400FDA4011049
:10DCE000620200002D030400FDA401106302000085
:10DCF0002D040400FFBA0110640200002D0404008A
:10DD0000FDA40110650200002D050400FDA4011012
:10DD1000660200002D050400FDA401105B02000056
:10DD20002D80150055A70110680200002D86050002
:10DD30002DA80110690200002D8705002DA80110F3
:10DD40006A0200002D87020071A90110680200001C
:10DD50002D080400000000006C0200002D080400E3
:10DD60007DB801105B0200002D09150009B80110F3
:10DD70006E0200002D0A0B009DB801106F0200001A
:10DD80002D0B0B0000000000700200002D0C0B009A
:10DD900000000000710200002D0D0B0000000000CB
:10DDA000720200002D0E0B00000000007302000044
:10DDB0002D0F0B0000000000740200002D100B005E
:10DDC00000000000750200002D110B000000000093
:10DDD000760200002D121F000000000077020000F4
:10DDE0002D12000095B90110000000002E000B005C
:10DDF00005A40110790200002E010B0005A40110FA
:10DE0000780200002E001500000000007B020000D8
:10DE10002E00040011BB01107C0200002E00040043
:10DE2000FDA401107D0200002E010400FDA40110DC
:10DE30007E0200002E010400FDA401107F020000FC
:10DE40002E020400FDA40110800200002E02040036
:10DE5000FDA40110810200002E03040011BB01107B
:10DE6000820200002E030400FDA4011083020000C2
:10DE70002E040400FDA40110840200002E040400FE
:10DE8000FDA40110850200002E050400FDA4011070
:10DE9000860200002E050400FDA401107B02000094
:10DEA0002E80150055A70110880200002E8605005F
:10DEB000D1A90110890200002E8705000000000092
:10DEC0008A0200002E87020071A90110880200005A
:10DED0002E080400000000008C0200002E08040040
:10DEE0007DB801107B0200002E09150009B8011051
:10DEF0008E0200002E0A08009DB801108F0200005B
:10DF00002E0B080000000000900200002E0C0800FC
:10DF100000000000910200002E0D0800000000002B
:10DF2000920200002E0E0800000000009302000084
:10DF30002E0F000095B90110000000002E0F060002
:10DF400000000000950200002E0E060000000000F8
:10DF5000960200002E0D060000000000970200004F
:10DF60002E0C060000000000980200002E0B060098
:10DF700000000000990200002E0A060000000000C8
:10DF80009A0200002E090600000000007B0200003B
:10DF90002F800600000000009C0200002F81060078
:10DFA000000000009B02000030800600000000001E
:10DFB0009E02000030810600000000009F02000069
:10DFC0003082060000000000A0020000308306003E
:10DFD00000000000A10200003084060000000000E4
:10DFE0000000000031000B0005A40110A302000096
:10DFF00031010B0005A40110A20200003100040051
:10E00000EDBA0110A502000031000400FDA40110CA
:10E01000A602000031010400FDA40110A7020000C7
:10E0200031010400FDA40110A80200003102040027
:10E03000FDA40110A902000031020400FDA401109A
:10E04000AA02000031030400FFBA0110AB02000075
:10E0500031030400FDA40110A402000031040700F4
:10E0600055A70110AD02000031050D0077AB01107E
:10E07000AE02000031040D0055A70110AF020000F0
:10E0800031050D0077AB0110B002000031040D0026
:10E0900055A70110B102000031050D0077AB01104A
:10E0A000A402000031060B007DB80110A40200009C
:10E0B00031070B0000000000B402000031080B0023
:10E0C00009B80110B502000031090B000000000082
:10E0D000B6020000310A0B0000000000B702000089
:10E0E000310B0B0000000000B8020000310C0B00E7
:10E0F0009DB80110B9020000310D0B0000000000B6
:10E10000BA020000310E0B0000000000BB0200004C
:10E11000310F1F0000000000BC020000310F0000A2
:10E1200095B901100000000032000B0005A4011099
:10E13000BD02000032000400FDA40110BF02000077
:10E1400032000400FDA40110C002000032010400EE
:10E15000FDA40110C102000032010400FDA4011061
:10E16000C202000032020400FDA40110C30200003C
:10E1700032020400FDA40110BE02000032030600BA
:10E1800055A70110C50200003204060055A7011072
:10E19000C60200003285060055A70110C702000024
:10E1A00032850100E1B70110BE020000320607000F
:10E1B00000000000C9020000320607007DB801100F
:10E1C000BE0200003287090000000000CB02000000
:10E1D0003288090009B80110CC0200003289090018
:10E1E00000000000CD020000328A0900000000009B
:10E1F000CE020000328B090021B90110CF020000CD
:10E20000328C09000000000000000000320C090000
:10E2100000000000D1020000320B090000000000E5
:10E22000D2020000320A090000000000D302000000
:10E230003209090000000000D40200003208090081
:10E2400000000000D50200003207090000000000B5
:10E25000BE02000033000B0005A40110D70200002D
:10E2600033010B0005A40110D602000033000400A6
:10E27000FDA40110D902000033000400FDA4011028
:10E28000DA02000033010400FDA40110DB020000EB
:10E2900033010400FDA40110DC020000330204007D
:10E2A000FDA40110DD02000033020400FDA40110F2
:10E2B000DE02000033030400FDA40110DF020000B1
:10E2C00033030400FDA40110D802000033040B0046
:10E2D00055A70110E102000033050B0055A70110FE
:10E2E000E202000033860500A5A80110E302000049
:10E2F0003305070055A70110E4020000338605002E
:10E30000A5A80110E50200003305020011A90110C3
:10E31000E10200003307040000000000E7020000F3
:10E32000330704007DB80110D8020000330806004E
:10E3300000000000E90200003309060009B80110DE
:10E34000EA020000330A06009DB80110EB0200004B
:10E35000330B060000000000EC020000330C00004C
:10E360000000000000000000330D06000000000067
:10E37000EE020000330E060071B80110EF0200003B
:10E38000330F06009DB80110F002000033100600A4
:10E3900000000000F1020000331106000000000040
:10E3A000F20200003312060000000000F302000039
:10E3B0003313060000000000F402000033140600CE
:10E3C00000000000F502000033150000000000000E
:10E3D00000000000330C060000000000F7020000FF
:10E3E000330B060000000000F8020000330A0600AC
:10E3F00000000000F90200003309060000000000E0
:10E40000FA0200003308060000000000D8020000F5
:10E410003400000000000000FB0200003400070090
:10E4200000000000FD0200003401070000000000B1
:10E43000FE0200003402070009B80110FF020000CC
:10E44000340307000000000000030000340407004C
:10E450000000000001030000340507000000000078
:10E460000203000034060700000000000303000060
:10E470003407070000000000040300003408070010
:10E480000000000005030000340907000000000040
:10E4900006030000340A0700A9B8011007030000B2
:10E4A000340B00000000000000000000340C0500E8
:10E4B0000000000009030000340C09007DB80110C1
:10E4C000FB0200003500000000000000000000001A
:10E4D00035012500D1BB01100A030000350065009D
:10E4E000DDBB01100D03000035000B000000000033
:10E4F0000E03000035000B00000000000F030000B9
:10E5000035000000C5BC01100000000033000B0006
:10E5100005A40110100300003300B60055BB011024
:10E520001203000033009700CDBC0110120300005D
:10E530003680040085BE01101403000036810400FB
:10E54000A1BD01101503000036820400A1BD011019
:10E550001603000036830400A1BD01101303000060
:10E560002080050075B0011018030000208105000F
:10E5700075B00110190300002082050075B001106C
:10E580001A0300002083050075B001101B03000072
:10E590002084050075B001101C03000020850500D3
:10E5A00075B001101D0300002086050075B0011034
:10E5B0001E0300002087050075B001100000000058
:10E5C00016810B00000000002003000016820B00E3
:10E5D000000000002103000016830B0069BC01103D
:10E5E00000000000370007000000000023030000C7
:10E5F00037810800000000002203000038000700F7
:10E600000000000025030000388107000000000022
:10E610002403000039000700000000002703000069
:10E620003901070000000000260300003A800600C0
:10E6300000000000290300003A81060009B801101B
:10E640002A0300003A820600000000002B030000AD
:10E650003A830B006DB901102C0300003A840B00C3
:10E6600000000000000000003B80050000000000EA
:10E670002E0300003B810500000000002F03000076
:10E680003B820500000000002D0300003C00070055
:10E6900000000000310300003C0107000000000002
:10E6A000320300003C0207000000000033030000BA
:10E6B0003C03070000000000340300003C02070098
:10E6C00000000000350300003C01070000000000CE
:10E6D000300300003D000700000000003703000089
:10E6E0003D01070000000000380300003D02070064
:10E6F00000000000390300003D0307000000000097
:10E700003A0300003D020700000000003B03000048
:10E710003D01070000000000360300003E000B0032
:10E72000000000003D0300003E810B0000000000DF
:10E730003C0300003F000B00000000003F0300000E
:10E740003F810B00000000003E03000040000B0072
:10E75000000000004103000040810B0000000000A9
:10E760004003000041000B000000000043030000D4
:10E7700041810B00000000004203000042000B003A
:10E78000000000004503000042810B000000000073
:10E790004403000043000B0000000000470300009A
:10E7A00043810B000000000046030000440000000D
:10E7B0000000000000000000450000000000000014
:10E7C0000000000046800700000000004B0300002E
:10E7D00046810700000000004C030000468207004D
:10E7E000000000004D030000468307000000000009
:10E7F0004E03000046820700000000004F030000A7
:10E8000046810700000000004A030000478007001F
:10E8100000000000510300004781070000000000D5
:10E82000520300004782070000000000530300006D
:10E8300047830700000000005003000048800000EC
:10E8400000000000000000004980070000000000F8
:10E850005603000049810700000000005703000034
:10E8600049820700000000005803000049830700A8
:10E8700000000000550300004A800700000000006F
:10E880005A0300004A810700000000005B030000FB
:10E890004A820700000000005C0300004A83070072
:10E8A00000000000590300004B8000000000000041
:10E8B000000000004C800700000000005F03000023
:10E8C0004C81070000000000600300004C8207003C
:10E8D00000000000610300004C83070000000000FE
:10E8E000620300004C820700000000006303000088
:10E8F0004C810700000000005E0300004D8007000F
:10E9000000000000650300004D010700000000004A
:10E91000640300004E000000000000000000000042
:10E920004F00000000000000000000005000000048
:10E930000000000000000000510000000000000086
:10E940000000000052000000000000000000000075
:10E950005300000000000000000000005400000010
:10E960000000000000000000550000000000000052
:10E970000000000056000000000000000000000041
:10E9800057000000000000000000000058000000D8
:10E99000000000000000000059000000000000001E
:10E9A000000000005A00000000000000000000000D
:10E9B0005B00000000000000000000005C000000A0
:10E9C00000000000000000005D00000000000000EA
:10E9D000000000005E800000000000000000000059
:10E9E0005F000000000000000000000060000B005D
:10E9F000000000007903000060011000000000002A
:10EA00007A03000060020900000000007B030000A0
:10EA10006001070000000000780300001C0D0000EA
:10EA200000000000000000001C12000000000000B8
:10EA30000000000061000000000000000000000075
:10EA40006200000000000000000000006300000001
:10EA500000000000000000006480070000000000CB
:10EA600082030000648107000000000081030000B1
:10EA700065000000000000000000000066000700C4
:10EA8000000000008503000066010900000000008E
:10EA90008403000067000000000000000000000088
:10EAA0006800000000000000000000006900000095
:10EAB00000000000000000006A00000000000000EC
:10EAC000000000006B0000000000000000000000DB
:10EAD0006C00000000000000000000006D0000005D
:10EAE00000000000000000006E00000000000000B8
:10EAF000000000006F0000000000000000000000A7
:10EB00007080000000000000000000007180000024
:10EB10000000000000000000720000000000000083
:10EB20000000000073000000000000000000000072
:10EB300074000000000000000000000075000000EC
:10EB400000000000000000007680070000000000C8
:10EB50009603000076810700000000009703000084
:10EB6000768207000000000098030000768107000D
:10EB700000000000950300007780070000000000FF
:10EB80009A03000077810700000000009B0300004B
:10EB900077820700000000009903000078000F0052
:10EBA000000000009D03000078010F00000000003D
:10EBB0009C03000079800500000000009F03000016
:10EBC0007981050000000000A003000079820500A3
:10EBD00000000000A1030000798305000000000090
:10EBE0009E0300007A80050000000000A3030000DF
:10EBF0007A81050000000000A40300007A8205006D
:10EC000000000000A50300007A830500000000005A
:10EC1000A20300007B80050000000000A7030000A5
:10EC20007B81050000000000A80300007B82050036
:10EC300000000000A90300007B8305000000000025
:10EC4000A60300007C80050000000000AB0300006C
:10EC50007C81050000000000AC0300007C82050000
:10EC600000000000AD0300007C83050000000000F0
:10EC7000AA0300007D80050000000000AF03000033
:10EC80007D81050000000000B00300007D820500CA
:10EC900000000000B10300007D83050000000000BB
:10ECA000AE0300007E80050000000000B3030000FA
:10ECB0007E81050000000000B40300007E82050094
:10ECC00000000000B50300007E8305000000000086
:10ECD000B20300007F000000000000000000000000
:10ECE0008000000000000000000000008100000023
:10ECF0000000000000000000820000000000000092
:10ED00000000000083000000000000000000000080
:10ED100084000000000000000000000085000000EA
:10ED2000000000000000000086000000000000005D
:10ED3000000000008700000000000000000000004C
:10ED40008880050000000000C003000088810500E5
:10ED500000000000C10300008882050000000000E0
:10ED6000C20300008883050000000000BF0300000C
:10ED70008980050000000000C403000089810500AF
:10ED800000000000C50300008982050000000000AB
:10ED9000C60300008983050000000000C3030000D3
:10EDA000505D5F1F38484E34391A1B1F2324263408
:10EDB00002002E735D7F0110FFFF000000000000C5
:10EDC00002002F6D217F0110FFFF000000000000F6
:10EDD00001000000C17901100100B16E897E0110AF
:10EDE0000100AF68358201100100AF643582011067
:10EDF0000100AF66358201100100B06A0D8201107A
:10EE00000100B26EA179011001002965BD810110D8
:10EE100001002A6D9D78011001000F739179011096
:10EE20000100246915890110010025681589011068
:10EE30000100266815890110010027751589011048
:10EE40000100286E158901100100206B7D810110E1
:10EE5000010021747D810110010022697D81011072
:10EE6000010023747D81011047616D6D6120636F26
:10EE70007272656374696F6E204F46460000000031
:10EE8000000047616D6D6120636F72726563746924
:10EE90006F6E206C6576656C2031000047616D6D8A
:10EEA0006120636F7272656374696F6E206C657642
:10EEB000656C2032000047616D6D6120636F727276
:10EEC000656374696F6E206C6576656C2033000035
:10EED00047616D6D6120636F7272656374696F6EF7
:10EEE000206C6576656C20340000000000086DDC45
:10EEF000DEF1956B4BF8FE8C10424A15D32F50F281
:10EF00009A1BCD80A1594D245F6E5530D48CD3F916
:10EF1000164FC8321CBC348CCA7844913E46B8BEE9
:10EF20005BC598E0956819B2FCB6CAB68DC50451A8
:10EF3000B5F2912A27E39CC6E1C1DB5D7AAFF90007
:10EF4000AF8F46EF2EF6A335A36DA88702EB195CB1
:10EF500014918A4D45A64EB0ADD4A6715EA129325A
:10EF6000EF316FA4463C0225AB4B889C0B382A92AC
:10EF70008AE549924D3D62C4876A3FC5C35660CB5E
:10EF80007165AAF7B57150FA6C07FFED81E24F6B1E
:10EF900070A667F118DFEF78C63A3C528003B8429A
:10EFA0008FE091E051CEA32D3F5AA8723B219F5F85
:10EFB0001C8B7B627DC40F46C2FD360E6DE247118D
:10EFC000A15DBA57F48A14347BFB1A24112E34E75E
:10EFD000E84C1FDD5425D8A5D46AC5F2622B27AFB3
:10EFE000FE91BE5476DEBB8878A3ECF9B292011094
:10EFF0000A920110B2920110A6920110AC92011077
:10F000009C92011064930110E0930110649301102D
:10F01000589301102E930110589301107074725F71
:10F02000746F5F73686F727470747200A8950110CA
:10F03000B6950110A8950110D6950110D69501102E
:10F0400090950110D695011090950110149701101C
:10F05000C29601109E96011014970110449701105A
:10F06000DE960110DE960110749601107074725FC6
:10F07000746F5F73686F7274707472006D6F626A20
:10F080005F66756C6C0000006D6F626A5F66756C20
:10F090006C0000007074725F746F5F73686F7274DD
:10F0A00070747200505F5265637572736976655350
:10F0B0006F756E64000000000000000098B700004B
:10F0C0000000010098B70000000000006848FFFF42
:10F0D0000000FFFF6848FFFF0000010098B7000034
:10F0E000000000006848FFFF0000FFFF6848FFFFC6
:10F0F0000000000098B7000003010507040506079B
:10F1000000010203080000009EC20110B8C20110F5
:10F11000D2C2011006C301105AC30110FAC3011074
:10F1200050C5011078C30110B8C3011002C301100B
:10F130003CC30110FEC5011098C301107074725FCA
:10F14000746F5F73686F7274707472007365637448
:10F150006F725F64656C74615F6365696C696E672B
:10F160006865696768740000736563746F725F73C4
:10F1700065745F6365696C696E6768656967687403
:10F1800000000000736563746F725F64656C746186
:10F190005F666C6F6F726865696768740000000075
:10F1A000736563746F725F7365745F666C6F6F72A3
:10F1B0006865696768740000AACA0110EECA011088
:10F1C000B8CA0110E0CA011002CB0110D2CA011066
:10F1D00094CB0110AACB0110B4D00110B4D001100F
:10F1E000B4D00110C0CB011018CC011084CC011098
:10F1F000CCCC0110A8CC0110F0CC011038CD0110FE
:10F2000014CD01105CCD011074CD01103ACC011069
:10F210009CCD0110B4CD0110DCCD01105CCC0110EF
:10F22000F4CD01100CCE011024CE01103CCE011003
:10F23000E0CE0110FACE011014CF01102ECF011034
:10F2400048CF011062CF01107CCF011096CF011082
:10F25000DACF0110F4CF01101AD0011034D0011010
:10F260004ED0011068D001108ED001107074725F02
:10F27000746F5F73686F7274707472006D6F626A1E
:10F280005F66756C6C0000006D6F626A5F66756C1E
:10F290006C0000006D6F626A5F66756C6C00000048
:10F2A0007074725F746F5F73686F727470747200E1
:10F2B000505F556E7365745468696E67506F7369FB
:10F2C00074696F6E00000000040000000000000080
:10F2D000000000000400000000000000000000002A
:10F2E0000400000000000000000000000400000016
:10F2F000B8F802200000000004000000C804032049
:10F300000000000004000000D00403200000000002
:10F3100004000000CC0403200000000004000000F2
:10F320000000000000000000780000000000000065
:10F3300000000000080000000000000000000000C5
:10F3400004000000AC2E01200000000004000000BA
:10F3500000000000000000000400000000000000A9
:10F360000000000004000000000000000000000099
:10F3700028000000980A032001000000040000009B
:10F38000000000000000000004000000642E0320C4
:10F390000000000004000000000000000000000069
:10F3A00004000000C42C0120000000000400000044
:10F3B000C82C012000000000040000000000000034
:10F3C0000000000004000000622E03200000000086
:10F3D0000000000000000000000000000001020228
:10F3E00003030303040404040404040405050505DD
:10F3F00005050505050505050505050506060606B9
:10F40000060606060606060606060606060606069C
:10F410000606060606060606060606060707070788
:10F42000070707070707070707070707070707076C
:10F43000070707070707070707070707070707075C
:10F44000070707070707070707070707070707074C
:10F450000707070707070707070707070808080838
:10F46000080808080808080808080808080808081C
:10F47000080808080808080808080808080808080C
:10F4800008080808080808080808080808080808FC
:10F4900008080808080808080808080808080808EC
:10F4A00008080808080808080808080808080808DC
:10F4B00008080808080808080808080808080808CC
:10F4C00008080808080808080808080808080808BC
:10F4D0000808080808080808080808081021213248
:10F4E00021323243213232433243435421323243B8
:10F4F00032434354324343544354546521323243DC
:10F500003243435432434354435454653243435487
:10F5100043545465435454655465657621323243EF
:10F520003243435432434354435454653243435467
:10F53000435454654354546554656576324343548B
:10F540004354546543545465546565764354546537
:10F550005465657654656576657676877074725FF6
:10F56000746F5F73686F7274707472006D6F626A2B
:10F570005F66756C6C000000A81702103C17021043
:10F58000EA16021028160210721702107074725FC9
:10F59000746F5F73686F7274707472006D6F626AFB
:10F5A0005F66756C6C000000AE3F0210DA3F02101F
:10F5B0000A40021026400210E63F021034400210BA
:10F5C00042400210184002105040021080400210C9
:10F5D000C2400210E64002100A4102103A410210F5
:10F5E000544102106E4102108C410210505F536171
:10F5F000766547616D655772697465466C617368BD
:10F60000536C6F74000000007074725F746F5F73EE
:10F61000686F7274707472006D6F626A5F66756C89
:10F620006C00000073617665675F77726974655F6F
:10F630006D6F626A5F740000736563746F725F73ED
:10F6400065745F6365696C696E676865696768742E
:10F6500000000000736563746F725F7365745F66AA
:10F660006C6F6F726865696768740000505F417203
:10F670006368697665576F726C64000074685F66D2
:10F680006C7573685F6279746573000074685F7786
:10F69000726974655F6269747300000074685F6604
:10F6A000696C6C5F627974650000000074685F7259
:10F6B0006561645F6269747300000000505F4C6FA5
:10F6C000616452656A65637400000000505F4C6FAE
:10F6D00061644C696E6544656673000073656374AC
:10F6E0006F725F7365745F6365696C696E67686587
:10F6F0006967687400000000736563746F725F73FC
:10F7000065745F666C6F6F72686569676874000026
:10F710006D6F626A5F66756C6C000000A85802101D
:10F72000A8580210E2580210F258021002590210B2
:10F730001259021022590210A85802103259021010
:10F74000A858021042590210A85802105459021029
:10F7500064590210A8580210A858021074590210D7
:10F7600084590210A858021092590210A858021089
:10F77000A8580210A2590210A8580210A858021046
:10F78000B4590210A8580210A8580210A858021024
:10F79000A8580210C4590210A8580210A858021004
:10F7A000A8580210A8580210D4590210E4590210A7
:10F7B000F4590210045A0210145A0210265A021068
:10F7C000A8580210A8580210A85802103E5A021059
:10F7D000A8580210A8580210A8580210A8580210E1
:10F7E000A8580210A8580210A85802104E5A021029
:10F7F000545A0210665A0210A8580210745A021085
:10F80000845A0210925A0210A25A0210A8580210EA
:10F81000A8580210A8580210A8580210A8580210A0
:10F82000A8580210A8580210A8580210A858021090
:10F83000A8580210A8580210A85802106A5B0210BB
:10F84000745B02107E5B0210865B0210905B0210FC
:10F850009A5B0210A8580210AC5B0210B65B021053
:10F86000C05B0210CA5B0210D45B0210DE5B0210A8
:10F87000A8580210E85B0210F25B0210FE5B021057
:10F880000A5C0210125C02101C5C0210265C021062
:10F89000305C02103A5C0210445C0210505C0210B2
:10F8A0005A5C0210665C0210A8580210E05A02105E
:10F8B000A8580210A8580210A8580210B25A0210F4
:10F8C000705C02107A5C0210845C0210C05A021054
:10F8D000D05A0210F05A0210A8580210A85802106C
:10F8E000A8580210A8580210A8580210A8580210D0
:10F8F000A8580210A8580210005B02108E5C02107B
:10F90000105B0210A8580210A8580210225B0210C7
:10F91000285B02109A5C0210A8580210B65C021014
:10F92000C05C02104A5B0210A8580210A8580210CE
:10F93000A8580210A8580210A8580210A85802107F
:10F94000A8580210A8580210A8580210A85802106F
:10F950005A5B02109C5D0210685D0210FE5D021091
:10F96000825D0210FE5D0210C25D0210FE5D02109B
:10F97000D45D0210FE5D0210FE5D0210FE5D0210FD
:10F98000FE5D02109C5D0210706102106A6102103F
:10F9900094610210A0610210AC610210706102104B
:10F9A0007061021070610210C4610210CC6102101B
:10F9B000D661021070610210DE610210EA6102106D
:10F9C000F661021070610210706102100062021094
:10F9D000505F537061776E5370656369616C73003B
:10F9E0007074725F746F5F73686F7274707472009A
:10F9F000505F5570646174655370656369616C73C1
:10FA0000000000006D6F626A5F66756C6C0000003C
:10FA10000200000806030008080700080C09000897
:10FA20000F0D000813100008171400081B18000819
:10FA30001F1C000858560108555201085C5901085E
:10FA40005F5D010862600108646301086765010881
:10FA5000696801086C6A0108706D01087471010819
:10FA6000787501087C790108FA6B0210B4660210FF
:10FA7000FA6B0210FA6B0210FA6B0210FA6B0210AA
:10FA8000FA6B0210C0660210FA6B0210DC660210FC
:10FA9000FA6B0210F6660210FA6B0210FA6B021093
:10FAA0000667021024670210FA6B0210FA6B02104C
:10FAB00042670210FA6B02105E6702107C67021048
:10FAC000FA6B02109A670210FA6B0210FA6B0210BE
:10FAD000B4660210B4660210B4660210B667021073
:10FAE000FA6B0210B4660210B4660210B46602101B
:10FAF000B4660210FA6B0210FA6B0210FA6B021075
:10FB0000FA6B0210FA6B0210FA6B0210D267021045
:10FB10009A690210B6690210FA6B0210D2690210DB
:10FB2000FA6B0210FA6B0210FA6B02100A680210EC
:10FB30002668021042680210FA6B0210FA6B02107B
:10FB4000FA6B021052680210FA6B0210FA6B021084
:10FB5000FA6B0210FA6B0210EE6902100A6A0210C8
:10FB6000266A0210446A0210606A0210B86A021023
:10FB70007C6A02109A6A0210D46A0210F26A0210B9
:10FB80000E6B0210EE670210FA6B0210FA6B021095
:10FB9000FA6B0210FA6B0210FA6B0210FA6B021089
:10FBA000FA6B0210FA6B0210FA6B0210FA6B021079
:10FBB000FA6B0210FA6B0210FA6B0210FA6B021069
:10FBC000FA6B0210FA6B0210FA6B0210FA6B021059
:10FBD000FA6B0210FA6B0210FA6B0210FA6B021049
:10FBE000FA6B0210FA6B0210FA6B0210FA6B021039
:10FBF000FA6B0210A86B0210FA6B02106E6802100A
:10FC00008A680210A6680210FA6B0210FA6B0210E2
:10FC1000FA6B0210FA6B0210FA6B0210FA6B021008
:10FC2000FA6B0210C2680210DE680210FA68021055
:10FC30002A6B0210466B0210626B0210B46602104F
:10FC4000B4660210FA6B0210FA6B0210FA6B021023
:10FC5000166902107E6B0210FA6B0210FA6B02102A
:10FC6000FA6B021034690210FA6B0210FA6B021080
:10FC7000FA6B0210546902106D6F626A5F66756CF0
:10FC80006C000000505F5374617274427574746F3D
:10FC90006E000000020301040501060701080901C6
:10FCA0000A0B010C0D010E0F0110110112130114AA
:10FCB00015011617011819011A1B011C1D0120211D
:10FCC000012223011E1F014849014A4B0128290234
:10FCD0004C4D022425024E4F022627025051022A83
:10FCE0002B022C2D022E2F023031023233033435F9
:10FCF000033637033839033A3B033C3D033E3F03A9
:10FD00004041034243034445034647036D6F626A23
:10FD10005F66756C6C0000000C720210AC71021012
:10FD2000B6710210C0710210CA710210D4710210B3
:10FD3000DE710210E8710210F2710210FC71021003
:10FD40005A5F5468696E6B46726565007468696EC7
:10FD50006B65725F6E0000005A5F5468696E6B4D90
:10FD6000616C6C6F63496D706C000000505F4164A2
:10FD7000645468696E6B6572000000007074725F95
:10FD8000746F5F73686F7274707472006D6F626A03
:10FD90005F66756C6C000000525F5375627365633B
:10FDA000746F7200525F496E697453707269746542
:10FDB0004C756D7073000000525F496E6974466C3B
:10FDC00061747300525F496E69745465787475721A
:10FDD000657300006C6F6F6B75705F746578747518
:10FDE0007265000072657365745F6672616D65644B
:10FDF00072617761626C657300000000736964650D
:10FE00005F736574626F74746F6D74657874757206
:10FE100065000000736964655F7365746D6964747F
:10FE20006578747572650000736964655F736574E5
:10FE3000746F7074657874757265000063686563CB
:10FE40006B5F7377697463685F74657874757265E6
:10FE500000000000736563746F725F76616C6964A3
:10FE6000636F756E745F7570646174655F636865F8
:10FE7000636B5F696D706C006C696E655F73657450
:10FE80005F6D6170706564006C696E655F69735F5A
:10FE90006D617070656400006C696E655F76616CA1
:10FEA0006964636F756E745F7570646174655F63B8
:10FEB0006865636B5F696D706C0000006C696E65EE
:10FEC0005F7370656369616C000000007768645F50
:10FED0006C696E655F7370656369616C000000003A
:10FEE000636C6561725F6C696E655F737065636991
:10FEF000616C00006D6F626A5F66756C6C0000007B
:10FF000040014001400140014001400140014001E9
:10FF100040014001400140014001400140014001D9
:10FF200040014001400140014001400140014001C9
:10FF300040014001400140014001400140014001B9
:10FF400040014001400140014001400140014001A9
:10FF50004001400140014001400140014001400199
:10FF60004001400140014001400140014001400189
:10FF70004001400140014001400140014001400179
:10FF80004001400140014001400140014001400169
:10FF90004001400140014001400140014001400159
:10FFA0004001400140014001400140014001400149
:10FFB0004001400140014001400140014001400139
:10FFC0004001400140014001400140014001400129
:10FFD0004001400140014001400140014001400119
:10FFE0004001400140014001400140014001400109
:10FFF00040014001400140014001400140014001F9
:020000041005E5
:1000000040014001400140014001400140014001E8
:1000100040014001400140014001400140014001D8
:1000200040014001400140014001400140014001C8
:1000300040014001400140014001400140014001B8
:1000400040014001400140014001400140014001A8
:100050004001400140014001400140014001400198
:100060004001400140014001400140014001400188
:100070004001400140014001400140014001400178
:100080004001400140014001400140014001400168
:100090004001400140014001400140014001400158
:1000A0004001400140014001400140014001400148
:1000B0004001400140014001400140014001400138
:1000C0004001400140014001400140014001400128
:1000D0004001400140014001400140014001400118
:1000E0004001400140014001400140014001400108
:1000F00040014001400140014001400140014001F8
:1001000040014001400140014001400140014001E7
:1001100040014001400140014001400140014001D7
:1001200040014001400140014001400140014001C7
:1001300040014001400140014001400140014001B7
:1001400040014001400140014001400140014001A7
:100150004001400140014001400140014001400197
:100160004001400140014001400140014001400187
:100170004001400140014001400140014001400177
:100180004001400140014001400140014001400167
:100190004001400140014001400140014001400157
:1001A0004001400140014001400140014001400147
:1001B0004001400140014001400140014001400137
:1001C0004001400140014001400140014001400127
:1001D0004001400140014001400140014001400117
:1001E0004001400140014001400140014001400107
:1001F00040014001400140014001400140014001F7
:1002000040014001400140014001400140014001E6
:1002100040014001400140014001400140014001D6
:1002200040014001400140014001400140014001C6
:1002300040014001400140014001400140014001B6
:1002400040014001400140014001400140014001A6
:100250004001400140014001400140014001400196
:100260004001400140014001400140014001400186
:100270004001400140014001400140014001400176
:100280004001400140014001400140014001400166
:100290004001400140014001400140014001400156
:1002A0004001400140014001400140014001400146
:1002B0004001400140014001400140014001400136
:1002C0004001400140014001400140014001400126
:1002D0004001400140014001400140014001400116
:1002E0004001400140014001400140014001400106
:1002F00040014001400140014001400140014001F6
:1003000040014001400140014001400140014001E5
:1003100040014001400140014001400140014001D5
:1003200040014001400140014001400140014001C5
:1003300040014001400140014001400140014001B5
:1003400040014001400140014001400140014001A5
:100350004001400140014001400140014001400195
:100360004001400140014001400140014001400185
:100370004001400140014001400140014001400175
:100380004001400140014001400140014001400165
:100390004001400140014001400140014001400155
:1003A0004001400140014001400140014001400145
:1003B0004001400140014001400140014001400135
:1003C0004001400140014001400140014001400125
:1003D0004001400140014001400140014001400115
:1003E0004001400140014001400140014001400105
:1003F00040014001400140014001400140014001F5
:1004000040014001400140014001400140014001E4
:1004100040014001400140014001400140014001D4
:1004200040014001400140014001400140014001C4
:1004300040014001400140014001400140014001B4
:1004400040014001400140014001400140014001A4
:100450004001400140014001400140014001400194
:100460004001400140014001400140014001400184
:100470004001400140014001400140014001400174
:100480004001400140014001400140014001400164
:100490004001400140014001400140014001400154
:1004A0004001400140014001400140014001400144
:1004B0004001400140014001400140014001400134
:1004C0004001400140014001400140014001400124
:1004D0004001400140014001400140014001400114
:1004E0004001400140014001400140014001400104
:1004F00040014001400140014001400140014001F4
:1005000040014001400140014001400140014001E3
:1005100040014001400140014001400140014001D3
:1005200040014001400140014001400140014001C3
:1005300040014001400140014001400140014001B3
:1005400040014001400140014001400140014001A3
:100550004001400140014001400140014001400193
:100560004001400140014001400140014001400183
:100570004001400140014001400140014001400173
:100580004001400140014001400140014001400163
:100590004001400140014001400140014001400153
:1005A0004001400140014001400140014001400143
:1005B0004001400140014001400140014001400133
:1005C0004001400140014001400140014001400123
:1005D0004001400140014001400140014001400113
:1005E0004001400140014001400140014001400103
:1005F00040014001400140014001400140014001F3
:1006000040014001400140014001400140014001E2
:1006100040014001400140014001400140014001D2
:1006200040014001400140014001400140014001C2
:1006300040014001400140014001400140014001B2
:1006400040014001400140014001400140014001A2
:100650004001400140014001400140014001400192
:100660004001400140014001400140014001400182
:100670004001400140014001400140014001400172
:100680004001400140014001400140014001400162
:100690004001400140014001400140014001400152
:1006A0004001400140014001400140014001400142
:1006B0004001400140014001400140014001400132
:1006C0004001400140014001400140014001400122
:1006D0004001400140014001400140014001400112
:1006E0004001400140014001400140014001400102
:1006F00040014001400140014001400140014001F2
:1007000040014001400140013F013F013F013F01E5
:100710003E013E013E013E013D013D013D013D01E5
:100720003C013C013C013C013B013B013B013B01E5
:100730003A013A013A013A013A01390139013901E4
:1007400039013801380138013801370137013701E3
:1007500037013701360136013601360135013501E1
:1007600035013501340134013401340134013301E0
:1007700033013301330132013201320132013201DE
:1007800031013101310131013001300130013001DD
:1007900030012F012F012F012F012E012E012E01DB
:1007A0002E012E012D012D012D012D012C012C01D9
:1007B0002C012C012C012B012B012B012B012B01D6
:1007C0002A012A012A012A012901290129012901D5
:1007D00029012801280128012801280127012701D2
:1007E00027012701270126012601260126012501CF
:1007F00025012501250125012401240124012401CD
:1008000024012301230123012301230122012201C9
:1008100022012201220121012101210121012101C5
:10082000200120012001200120011F011F011F01C3
:100830001F011F011E011E011E011E011E011D01BF
:100840001D011D011D011D011C011C011C011C01BC
:100850001C011B011B011B011B011B011A011A01B9
:100860001A011A011A0119011901190119011901B5
:1008700019011801180118011801180117011701B1
:1008800017011701170116011601160116011601AD
:1008900015011501150115011501150114011401AA
:1008A00014011401140113011301130113011301A5
:1008B00012011201120112011201120111011101A2
:1008C000110111011101100110011001100110019D
:1008D00010010F010F010F010F010F010E010E0199
:1008E0000E010E010E010E010D010D010D010D0194
:1008F0000D010C010C010C010C010C010C010B0190
:100900000B010B010B010B010B010A010A010A018A
:100910000A010A0109010901090109010901090185
:100920000801080108010801080108010701070181
:10093000070107010701070106010601060106017B
:100940000601050105010501050105010501040177
:100950000401040104010401040103010301030172
:10096000030103010301020102010201020102016C
:100970000201010101010101010101010101000167
:1009800000010001000100010001FF00FF00FF0065
:10099000FF00FF00FF00FE00FE00FE00FE00FE0064
:1009A000FE00FD00FD00FD00FD00FD00FD00FC005F
:1009B000FC00FC00FC00FC00FC00FB00FB00FB005A
:1009C000FB00FB00FB00FB00FA00FA00FA00FA0053
:1009D000FA00FA00F900F900F900F900F900F9004D
:1009E000F800F800F800F800F800F800F700F70049
:1009F000F700F700F700F700F700F600F600F60042
:100A0000F600F600F600F500F500F500F500F5003B
:100A1000F500F400F400F400F400F400F400F40035
:100A2000F300F300F300F300F300F300F200F20030
:100A3000F200F200F200F200F200F100F100F10029
:100A4000F100F100F100F000F000F000F000F00023
:100A5000F000F000EF00EF00EF00EF00EF00EF001C
:100A6000EE00EE00EE00EE00EE00EE00EE00ED0017
:100A7000ED00ED00ED00ED00ED00EC00EC00EC0011
:100A8000EC00EC00EC00EC00EB00EB00EB00EB000A
:100A9000EB00EB00EB00EA00EA00EA00EA00EA0003
:100AA000EA00EA00E900E900E900E900E900E900FC
:100AB000E800E800E800E800E800E800E800E700F7
:100AC000E700E700E700E700E700E700E600E600F0
:100AD000E600E600E600E600E600E500E500E500E9
:100AE000E500E500E500E500E400E400E400E400E2
:100AF000E400E400E400E300E300E300E300E300DB
:100B0000E300E300E200E200E200E200E200E200D3
:100B1000E200E100E100E100E100E100E100E100CC
:100B2000E000E000E000E000E000E000E000DF00C6
:100B3000DF00DF00DF00DF00DF00DF00DE00DE00BF
:100B4000DE00DE00DE00DE00DE00DD00DD00DD00B8
:100B5000DD00DD00DD00DD00DC00DC00DC00DC00B1
:100B6000DC00DC00DC00DB00DB00DB00DB00DB00AA
:100B7000DB00DB00DA00DA00DA00DA00DA00DA00A3
:100B8000DA00D900D900D900D900D900D900D9009C
:100B9000D900D800D800D800D800D800D800D80094
:100BA000D700D700D700D700D700D700D700D6008E
:100BB000D600D600D600D600D600D600D600D50086
:100BC000D500D500D500D500D500D500D400D4007F
:100BD000D400D400D400D400D400D300D300D30078
:100BE000D300D300D300D300D300D200D200D20070
:100BF000D200D200D200D200D100D100D100D10069
:100C0000D100D100D100D100D000D000D000D00060
:100C1000D000D000D000CF00CF00CF00CF00CF0059
:100C2000CF00CF00CF00CE00CE00CE00CE00CE0051
:100C3000CE00CE00CD00CD00CD00CD00CD00CD004A
:100C4000CD00CD00CC00CC00CC00CC00CC00CC0042
:100C5000CC00CB00CB00CB00CB00CB00CB00CB003B
:100C6000CB00CA00CA00CA00CA00CA00CA00CA0033
:100C7000CA00C900C900C900C900C900C900C9002B
:100C8000C800C800C800C800C800C800C800C80024
:100C9000C700C700C700C700C700C700C700C7001C
:100CA000C600C600C600C600C600C600C600C50015
:100CB000C500C500C500C500C500C500C500C4000D
:100CC000C400C400C400C400C400C400C400C30005
:100CD000C300C300C300C300C300C300C300C200FD
:100CE000C200C200C200C200C200C200C200C100F5
:100CF000C100C100C100C100C100C100C000C000EE
:100D0000C000C000C000C000C000C000BF00BF00E5
:100D1000BF00BF00BF00BF00BF00BF00BE00BE00DD
:100D2000BE00BE00BE00BE00BE00BE00BD00BD00D5
:100D3000BD00BD00BD00BD00BD00BD00BC00BC00CD
:100D4000BC00BC00BC00BC00BC00BC00BB00BB00C5
:100D5000BB00BB00BB00BB00BB00BB00BA00BA00BD
:100D6000BA00BA00BA00BA00BA00BA00B900B900B5
:100D7000B900B900B900B900B900B900B800B800AD
:100D8000B800B800B800B800B800B800B700B700A5
:100D9000B700B700B700B700B700B700B600B6009D
:100DA000B600B600B600B600B600B600B500B50095
:100DB000B500B500B500B500B500B500B400B4008D
:100DC000B400B400B400B400B400B400B300B30085
:100DD000B300B300B300B300B300B300B200B2007D
:100DE000B200B200B200B200B200B200B100B10075
:100DF000B100B100B100B100B100B100B000B0006D
:100E0000B000B000B000B000B000B000AF00AF0064
:100E1000AF00AF00AF00AF00AF00AF00AE00AE005C
:100E2000AE00AE00AE00AE00AE00AE00AD00AD0054
:100E3000AD00AD00AD00AD00AD00AD00AC00AC004C
:100E4000AC00AC00AC00AC00AC00AC00AB00AB0044
:100E5000AB00AB00AB00AB00AB00AB00AB00AA003B
:100E6000AA00AA00AA00AA00AA00AA00AA00A90033
:100E7000A900A900A900A900A900A900A900A8002B
:100E8000A800A800A800A800A800A800A800A70023
:100E9000A700A700A700A700A700A700A700A6001B
:100EA000A600A600A600A600A600A600A600A50013
:100EB000A500A500A500A500A500A500A500A4000B
:100EC000A400A400A400A400A400A400A400A40002
:100ED000A300A300A300A300A300A300A300A300FA
:100EE000A200A200A200A200A200A200A200A200F2
:100EF000A100A100A100A100A100A100A100A100EA
:100F0000A000A000A000A000A000A000A000A000E1
:100F10009F009F009F009F009F009F009F009F00D9
:100F20009E009E009E009E009E009E009E009E00D1
:100F30009D009D009D009D009D009D009D009D00C9
:100F40009D009C009C009C009C009C009C009C00C0
:100F50009C009B009B009B009B009B009B009B00B8
:100F60009B009A009A009A009A009A009A009A00B0
:100F70009A009900990099009900990099009900A8
:100F800099009800980098009800980098009800A0
:100F90009800970097009700970097009700970098
:100FA0009700960096009600960096009600960090
:100FB0009600960095009500950095009500950087
:100FC000950095009400940094009400940094007F
:100FD0009400940093009300930093009300930077
:100FE000930093009200920092009200920092006F
:100FF0009200920091009100910091009100910067
:10100000910091009000900090009000900090005E
:10101000900090008F008F008F008F008F008F0056
:101020008F008F008E008E008E008E008E008E004E
:101030008E008E008D008D008D008D008D008D0046
:101040008D008D008C008C008C008C008C008C003E
:101050008C008C008B008B008B008B008B008B0036
:101060008B008B008A008A008A008A008A008A002E
:101070008A008A0089008900890089008900890026
:10108000890089008800880088008800880088001E
:101090008800880087008700870087008700870016
:1010A000870087008600860086008600860086000E
:1010B0008600860085008500850085008500850006
:1010C00085008500840084008400840084008400FE
:1010D00084008400830083008300830083008300F6
:1010E00083008300820082008200820082008200EE
:1010F00082008200810081008100810081008100E6
:1011000081008100800080008000800080008000DD
:1011100080007F007F007F007F007F007F007F00D6
:101120007F007E007E007E007E007E007E007E00CE
:101130007E007D007D007D007D007D007D007D00C6
:101140007D007C007C007C007C007C007C007C00BE
:101150007C007B007B007B007B007B007B007B00B6
:101160007A007A007A007A007A007A007A007A00AF
:1011700079007900790079007900790079007900A7
:1011800078007800780078007800780078007700A0
:101190007700770077007700770077007700760098
:1011A0007600760076007600760076007600750090
:1011B0007500750075007500750075007400740089
:1011C0007400740074007400740074007300730081
:1011D000730073007300730073007200720072007A
:1011E0007200720072007200720071007100710072
:1011F000710071007100710070007000700070006B
:1012000070007000700070006F006F006F006F0062
:101210006F006F006F006E006E006E006E006E005B
:101220006E006E006E006D006D006D006D006D0053
:101230006D006D006C006C006C006C006C006C004C
:101240006C006B006B006B006B006B006B006B0045
:101250006B006A006A006A006A006A006A006A003D
:101260006900690069006900690069006900680037
:10127000680068006800680068006800680067002F
:101280006700670067006700670067006600660028
:101290006600660066006600660065006500650021
:1012A000650065006500650064006400640064001A
:1012B0006400640064006300630063006300630013
:1012C000630063006200620062006200620062000C
:1012D0006200610061006100610061006100610005
:1012E00060006000600060006000600060005F00FF
:1012F0005F005F005F005F005F005F005E005E00F8
:101300005E005E005E005E005E005D005D005D00F0
:101310005D005D005D005D005C005C005C005C00E9
:101320005C005C005C005B005B005B005B005B00E2
:101330005B005B005A005A005A005A005A005A00DB
:101340005A005900590059005900590059005900D4
:1013500058005800580058005800580057005700CF
:1013600057005700570057005700560056005600C8
:1013700056005600560056005500550055005500C1
:1013800055005500550054005400540054005400BA
:1013900054005300530053005300530053005300B4
:1013A00052005200520052005200520051005100AF
:1013B00051005100510051005100500050005000A8
:1013C0005000500050004F004F004F004F004F00A2
:1013D0004F004F004E004E004E004E004E004E009B
:1013E0004D004D004D004D004D004D004D004C0096
:1013F0004C004C004C004C004C004B004B004B0090
:101400004B004B004B004A004A004A004A004A0089
:101410004A004A0049004900490049004900490082
:10142000480048004800480048004800470047007E
:101430004700470047004700460046004600460078
:101440004600460046004500450045004500450071
:10145000450044004400440044004400440043006C
:101460004300430043004300430042004200420067
:101470004200420042004100410041004100410061
:1014800041004000400040004000400040003F005C
:101490003F003F003F003F003F003E003E003E0057
:1014A0003E003E003E003D003D003D003D003D0051
:1014B0003D003C003C003C003C003C003C003B004C
:1014C0003B003B003B003B003A003A003A003A0048
:1014D0003A003A0039003900390039003900390042
:1014E000380038003800380038003800370037003E
:1014F0003700370037003600360036003600360039
:101500003600350035003500350035003500340033
:10151000340034003400340033003300330033002F
:10152000330033003200320032003200320031002A
:101530003100310031003100310030003000300026
:10154000300030002F002F002F002F002F002F0021
:101550002E002E002E002E002E002D002D002D001E
:101560002D002D002C002C002C002C002C002C0019
:101570002B002B002B002B002B002A002A002A0016
:101580002A002A0029002900290029002900280012
:10159000280028002800280028002700270027000E
:1015A000270027002600260026002600260025000A
:1015B0002500250025002500240024002400240007
:1015C0002400230023002300230023002200220004
:1015D0002200220022002100210021002100210000
:1015E000200020002000200020001F001F001F00FE
:1015F0001F001F001E001E001E001E001E001D00FA
:101600001D001D001D001D001C001C001C001C00F6
:101610001C001B001B001B001B001A001A001A00F4
:101620001A001A00190019001900190019001800F1
:1016300018001800180018001700170017001700EE
:1016400016001600160016001600150015001500ED
:1016500015001500140014001400140013001300EA
:1016600013001300130012001200120012001100E8
:1016700011001100110011001000100010001000E6
:101680000F000F000F000F000F000E000E000E00E5
:101690000E000D000D000D000D000D000C000C00E3
:1016A0000C000C000B000B000B000B000A000A00E2
:1016B0000A000A000A0009000900090009000800E0
:1016C00008000800080007000700070007000700DF
:1016D00006000600060006000500050005000500DE
:1016E00004000400040004000300030003000300DE
:1016F00002000200020002000100010001000100DE
:1017000001000000000000000000000000000000D8
:1017100000000000000000000000000000000000C9
:1017200000000000000000000000000000000000B9
:1017300000000000000000000000000000000000A9
:101740000000000000000000000000000000000099
:101750000000000000000000000000000000000089
:101760000000000000000000000000000000000079
:101770000000000000000000000000000000000069
:101780000000000000000000000000000000000059
:101790000000000000000000000000000000000049
:1017A0000000000000000000000000000000000039
:1017B0000000000000000000000000000000000029
:1017C0000000000000000000000000000000000019
:1017D0000000000000000000000000000000000009
:1017E00000000000000000000000000000000000F9
:1017F00000000000000000000000000000000000E9
:1018000000000000000000000000000000000000D8
:1018100000000000000000000000000000000000C8
:1018200000000000000000000000000000000000B8
:1018300000000000000000000000000000000000A8
:101840000000000000000000000000000000000098
:101850000000000000000000000000000000000088
:101860000000000000000000000000000000000078
:101870000000000000000000000000000000000068
:101880000000000000000000000000000000000058
:101890000000000000000000000000000000000048
:1018A0000000000000000000000000000000000038
:1018B0000000000000000000000000000000000028
:1018C0000000000000000000000000000000000018
:1018D0000000000000000000000000000000000008
:1018E00000000000000000000000000000000000F8
:1018F00000000000000000000000000000000000E8
:1019000000000000000000000000000000000000D7
:1019100000000000000000000000000000000000C7
:1019200000000000000000000000000000000000B7
:1019300000000000000000000000000000000000A7
:101940000000000000000000000000000000000097
:101950000000000000000000000000000000000087
:101960000000000000000000000000000000000077
:101970000000000000000000000000000000000067
:101980000000000000000000000000000000000057
:101990000000000000000000000000000000000047
:1019A0000000000000000000000000000000000037
:1019B0000000000000000000000000000000000027
:1019C0000000000000000000000000000000000017
:1019D0000000000000000000000000000000000007
:1019E00000000000000000000000000000000000F7
:1019F00000000000000000000000000000000000E7
:101A000000000000000000000000000000000000D6
:101A100000000000000000000000000000000000C6
:101A200000000000000000000000000000000000B6
:101A300000000000000000000000000000000000A6
:101A40000000000000000000000000000000000096
:101A50000000000000000000000000000000000086
:101A60000000000000000000000000000000000076
:101A70000000000000000000000000000000000066
:101A80000000000000000000000000000000000056
:101A90000000000000000000000000000000000046
:101AA0000000000000000000000000000000000036
:101AB0000000000000000000000000000000000026
:101AC0000000000000000000000000000000000016
:101AD0000000000000000000000000000000000006
:101AE00000000000000000000000000000000000F6
:101AF00000000000000000000000000000000000E6
:101B000000000000000000000000000000000000D5
:101B100000000000000000000000000000000000C5
:101B200000000000000000000000000000000000B5
:101B300000000000000000000000000000000000A5
:101B40000000000000000000000000000000000095
:101B50000000000000000000000000000000000085
:101B60000000000000000000000000000000000075
:101B70000000000000000000000000000000000065
:101B80000000000000000000000000000000000055
:101B90000000000000000000000000000000000045
:101BA0000000000000000000000000000000000035
:101BB0000000000000000000000000000000000025
:101BC0000000000000000000000000000000000015
:101BD0000000000000000000000000000000000005
:101BE00000000000000000000000000000000000F5
:101BF00000000000000000000000000000000000E5
:101C000000000000000000000000000000000000D4
:101C100000000000000000000000000000000000C4
:101C200000000000000000000000000000000000B4
:101C300000000000000000000000000000000000A4
:101C40000000000000000000000000000000000094
:101C50000000000000000000000000000000000084
:101C60000000000000000000000000000000000074
:101C70000000000000000000000000000000000064
:101C80000000000000000000000000000000000054
:101C90000000000000000000000000000000000044
:101CA0000000000000000000000000000000000034
:101CB0000000000000000000000000000000000024
:101CC0000000000000000000000000000000000014
:101CD0000000000000000000000000000000000004
:101CE00000000000000000000000000000000000F4
:101CF00000000000000000000000000000000000E4
:101D000000000000000000000000000000000000D3
:101D100000000000000000000000000000000000C3
:101D200000000000000000000000000000000000B3
:101D300000000000000000000000000000000000A3
:101D40000000000000000000000000000000000093
:101D50000000000000000000000000000000000083
:101D60000000000000000000000000000000000073
:101D70000000000000000000000000000000000063
:101D80000000000000000000000000000000000053
:101D90000000000000000000000000000000000043
:101DA0000000000000000000000000000000000033
:101DB0000000000000000000000000000000000023
:101DC0000000000000000000000000000000000013
:101DD0000000000000000000000000000000000003
:101DE00000000000000000000000000000000000F3
:101DF00000000000000000000000000000000000E3
:101E000000000000000000000000000000000000D2
:101E100000000000000000000000000000000000C2
:101E200000000000000000000000000000000000B2
:101E300000000000000000000000000000000000A2
:101E40000000000000000000000000000000000092
:101E50000000000000000000000000000000000082
:101E60000000000000000000000000000000000072
:101E70000000000000000000000000000000000062
:101E80000000000000000000000000000000000052
:101E90000000000000000000000000000000000042
:101EA0000000000000000000000000000000000032
:101EB0000000000000000000000000000000000022
:101EC0000000000000000000000000000000000012
:101ED0000000000000000000000000000000000002
:101EE00000000000000000000000000000000000F2
:101EF00000000000000000000000000000000000E2
:101F00000820E01FC01FA01F801F601F401F181F58
:101F1000F81ED81EB01E901E701E481E281E001EE1
:101F2000E01DB81D981D701D501D281D001DE01CD2
:101F3000B81C901C681C481C201CF81BD01BA81B3C
:101F4000801B581B301B081BE01AB81A901A681A1D
:101F5000381A101AE819C01990196819401910197F
:101F6000E818B8189018601838180818D817B0175B
:101F7000801750172017F816C816981668163816C6
:101F80000816D815A815781548151815E014B014BA
:101F9000801450141814E813B81380135013181336
:101FA000E812B012801248121812E011A811701134
:101FB00040110811D010981060102810F00FB80FC1
:101FC000800F480F100FD80EA00E680E300EF80DBF
:101FD000B80D800D480D080DD00C980C580C200C35
:101FE000E00BA80B680B300BF00AB80A780A380A25
:101FF000000AC009800948090809C8088808480873
:102000001008D007900750071007D006900650061A
:102010001006D005900550051005D004900450041A
:102020001004D003900350031003D002880248022A
:102030000802C801880148010801C0008000400072
:102040000000C0FF80FF40FFF8FEB8FE78FE38FEBB
:10205000F8FDB8FD78FD30FDF0FCB0FC70FC30FC04
:10206000F0FBB0FB70FB30FBF0FAB0FA70FA30FA1C
:10207000F0F9B0F970F930F9F0F8B0F870F830F81C
:10208000F0F7B8F778F738F7F8F6B8F680F640F6D4
:1020900000F6C8F588F548F510F5D0F498F458F432
:1020A00020F4E0F3A8F368F330F3F8F2B8F280F22A
:1020B00048F208F2D0F198F160F128F1F0F0B8F0B0
:1020C00080F048F010F0D8EFA0EF68EF30EFF8EEB6
:1020D000C0EE90EE58EE20EEE8EDB8ED80ED50ED5C
:1020E00018EDE8ECB0EC80EC48EC18ECE8EBB0EB69
:1020F00080EB50EB20EBE8EAB8EA88EA58EA28EAF5
:10210000F8E9C8E998E968E938E908E9E0E8B0E8F9
:1021100080E850E828E8F8E7C8E7A0E770E748E774
:1021200018E7F0E6C0E698E670E640E618E6F0E567
:10213000C8E598E570E548E520E5F8E4D0E4A8E4D2
:1021400080E458E430E408E4E0E3B8E398E370E3C3
:1021500048E320E300E3D8E2B0E290E268E248E23C
:1021600020E200E2D8E1B8E190E170E150E128E13D
:1021700008E1E8E0C0E0A0E080E060E040E020E0CE
:10218000F8DF0000FF7F00800080FF7F756A126922
:10219000FA67E466D065BF64B063626258615260FA
:1021A0000B5F0B5E0B5DCE5BD65A9F59AB587C57CD
:1021B0008B5661557554535332524E5134501B4F08
:1021C000084E2D4D1D4C134B0A4A02490048FF464C
:1021D000014606450D4419432642364118402D3F1D
:1021E000463E603D503C703B913A8B39B238B13736
:1021F000DE36E435163520342F3367327C319330A8
:10220000AE2FF12E102E332D582C802BAB2AD9292E
:102210000A293E287327AC26C725062546248B238A
:10222000B222FB2146217720C71FFD1E541E901DA0
:10223000EB1C2D1C8D1BD51A201A6E19D7182A18C5
:102240008017DA1635169415F6145A14C1132A138A
:10225000971206127711EB106210DB0F450FC30EB9
:10226000440EB60D3C0DC50C400CCD0B4E0BE00AD8
:10227000660AFE0989092609B7084B08F00789078D
:102280002507D00671061606BD0567051D05CC0499
:102290007E043304EA03A40360031E03E002A402E5
:1022A0006B0234020002CF01A00174014A01230134
:1022B000FD00DB00BB009E00800069005300400071
:1022C0003000220016000C0006000200010002008F
:1022D00005000B00150020002E003E005100660096
:1022E0007D009B00B800D700F9001E0145016F0179
:1022F0009A01C901FA012E0264029D02D902170354
:1023000058039A03E0032A047504C30414055C050A
:10231000B2050A066506C40619077C07E2073E08EF
:10232000AA0818097B09F009570AD10A3E0BBD0B10
:102330002F0CB40C2C0DA40D330EB10E310FC80FA1
:102340004F10D8106411F11182121513AC134414FC
:10235000DF147E151F16C21669171218BF185419FC
:10236000061ABA1A721B131CD01C751D371EE21EEA
:10237000AA1F5A202821DC2193226C232724E5243C
:10238000A6258C2652271B28E728B729882A5C2BEC
:10239000342C0E2DEA2DCB2E872F6D305531413246
:1023A0000733F833EB34BB35B436883787386039B8
:1023B000653A443B233C323D173EFE3EE93F054132
:1023C000F541E742DD43D444CF45CC46CB47CF4827
:1023D000D449DD4AE84BF74CD04DE54EFB4F165142
:1023E000FA5119533B5427554E563F576E5863596F
:1023F000975A905BCC5CCB5DCC5E106015611F6220
:102400006D637B648C659E66B367CC6870645F6146
:1024100064645F636F6C756D6E3200006D616B6537
:102420005F64726177636F6C756D6E00525F4765B4
:1024300074436F6C756D6E00525F52656E646572A9
:102440005365674C6F6F70006D6F626A5F66756C85
:102450006C0000006D616B655F64726177636F6C27
:10246000756D6E00525F4765745061746368436FA9
:102470006C756D6E0000000074685F726561645F6A
:102480006261636B77617264735F62697473000089
:10249000525F447261774D61736B6564436F6C7515
:1024A0006D6E00006D6F626A5F66756C6C00000097
:1024B00016000000140000001500000005000000D8
:1024C000100000000D0000000F0000000E000000D2
:1024D000090000006765745F6D75745F73667869E5
:1024E0006E666F5F740000006E6F6E650000000026
:1024F0000000000000000000FFFFFFFFFFFFFFFFE4
:10250000706973746F6C00000040000000000000F0
:10251000FFFFFFFFFFFFFFFF73686F74676E000030
:102520000040000000000000FFFFFFFFFFFFFFFF73
:102530007367636F636B00000040000000000000E1
:10254000FFFFFFFFFFFFFFFF64736874676E00000B
:102550000040000000000000FFFFFFFFFFFFFFFF43
:1025600064626F706E000000004000000000000018
:10257000FFFFFFFFFFFFFFFF6462636C730000005B
:102580000040000000000000FFFFFFFFFFFFFFFF13
:1025900064626C6F61640000004000000000000095
:1025A000FFFFFFFFFFFFFFFF706C61736D610000B5
:1025B0000040000000000000FFFFFFFFFFFFFFFFE3
:1025C000626667000000000000400000000000009C
:1025D000FFFFFFFFFFFFFFFF7361777570000000D3
:1025E0000040000000000000FFFFFFFFFFFFFFFFB3
:1025F00073617769646C00000076000000000000E1
:10260000FFFFFFFFFFFFFFFF73617766756C000040
:102610000040000000000000FFFFFFFFFFFFFFFF82
:1026200073617768697400000040000000000000DA
:10263000FFFFFFFFFFFFFFFF726C61756E6300001D
:102640000040000000000000FFFFFFFFFFFFFFFF52
:102650007278706C6F64000000460000000000009B
:10266000FFFFFFFFFFFFFFFF6669727368740000E2
:102670000046000000000000FFFFFFFFFFFFFFFF1C
:1026800066697278706C000000460000000000006F
:10269000FFFFFFFFFFFFFFFF7073746172740000A4
:1026A0000064000000000000FFFFFFFFFFFFFFFFCE
:1026B0007073746F70000000006400000000000080
:1026C000FFFFFFFFFFFFFFFF646F726F706E000080
:1026D0000064000000000000FFFFFFFFFFFFFFFF9E
:1026E000646F72636C7300000064000000000000FF
:1026F000FFFFFFFFFFFFFFFF73746E6D6F7600003B
:102700000077000000000000FFFFFFFFFFFFFFFF5A
:1027100073777463686E0000004E000000000000D4
:10272000FFFFFFFFFFFFFFFF737774636878000010
:10273000004E000000000000FFFFFFFFFFFFFFFF53
:10274000706C7061696E00000060000000000000A5
:10275000FFFFFFFFFFFFFFFF646D7061696E000008
:102760000060000000000000FFFFFFFFFFFFFFFF11
:10277000706F7061696E0000006000000000000072
:10278000FFFFFFFFFFFFFFFF76697061696E0000CA
:102790000060000000000000FFFFFFFFFFFFFFFFE1
:1027A0006D6E7061696E0000006000000000000046
:1027B000FFFFFFFFFFFFFFFF70657061696E0000A4
:1027C0000060000000000000FFFFFFFFFFFFFFFFB1
:1027D000736C6F7000000000004E000000000000ED
:1027E000FFFFFFFFFFFFFFFF6974656D757000005D
:1027F000004E000000000000FFFFFFFFFFFFFFFF93
:1028000077706E7570000000004E00000000000040
:10281000FFFFFFFFFFFFFFFF6F6F6600000000007C
:102820000060000000000000FFFFFFFFFFFFFFFF50
:1028300074656C65707400000020000000000000EA
:10284000FFFFFFFFFFFFFFFF706F73697431000030
:102850000062000000000000FFFFFFFFFFFFFFFF1E
:10286000706F7369743200000062000000000000A5
:10287000FFFFFFFFFFFFFFFF706F736974330000FE
:102880000062000000000000FFFFFFFFFFFFFFFFEE
:10289000626773697431000000620000000000008C
:1028A000FFFFFFFFFFFFFFFF6267736974320000E5
:1028B0000062000000000000FFFFFFFFFFFFFFFFBE
:1028C0007367747369740000006200000000000008
:1028D000FFFFFFFFFFFFFFFF636163736974000089
:1028E0000062000000000000FFFFFFFFFFFFFFFF8E
:1028F0006272737369740000005E000000000000E3
:10290000FFFFFFFFFFFFFFFF637962736974000041
:10291000005C000000000000FFFFFFFFFFFFFFFF63
:102920007370697369740000005A000000000000B1
:10293000FFFFFFFFFFFFFFFF62737073697400000A
:10294000005A000000000000FFFFFFFFFFFFFFFF35
:102950006B6E747369740000005A00000000000080
:10296000FFFFFFFFFFFFFFFF76696C7369740000D4
:10297000005A000000000000FFFFFFFFFFFFFFFF05
:102980006D616E7369740000005A00000000000061
:10299000FFFFFFFFFFFFFFFF70657369740000001A
:1029A000005A000000000000FFFFFFFFFFFFFFFFD5
:1029B000736B6C61746B0000004600000000000047
:1029C000FFFFFFFFFFFFFFFF73677461746B000081
:1029D0000046000000000000FFFFFFFFFFFFFFFFB9
:1029E000736B657063680000004600000000000023
:1029F000FFFFFFFFFFFFFFFF76696C61746B000054
:102A00000046000000000000FFFFFFFFFFFFFFFF88
:102A1000636C6177000000000046000000000000C9
:102A2000FFFFFFFFFFFFFFFF736B6573776700001A
:102A30000046000000000000FFFFFFFFFFFFFFFF58
:102A4000706C6465746800000020000000000000E5
:102A5000FFFFFFFFFFFFFFFF70646965686900000B
:102A60000020000000000000FFFFFFFFFFFFFFFF4E
:102A7000706F6474683100000046000000000000C0
:102A8000FFFFFFFFFFFFFFFF706F647468320000FD
:102A90000046000000000000FFFFFFFFFFFFFFFFF8
:102AA000706F64746833000000460000000000008E
:102AB000FFFFFFFFFFFFFFFF6267647468310000E4
:102AC0000046000000000000FFFFFFFFFFFFFFFFC8
:102AD0006267647468320000004600000000000075
:102AE000FFFFFFFFFFFFFFFF736774647468000060
:102AF0000046000000000000FFFFFFFFFFFFFFFF98
:102B00006361636474680000004600000000000018
:102B1000FFFFFFFFFFFFFFFF736B6C647468000033
:102B20000046000000000000FFFFFFFFFFFFFFFF67
:102B300062727364746800000020000000000000EE
:102B4000FFFFFFFFFFFFFFFF63796264746800000F
:102B50000020000000000000FFFFFFFFFFFFFFFF5D
:102B600073706964746800000020000000000000B9
:102B7000FFFFFFFFFFFFFFFF6273706474680000D8
:102B80000020000000000000FFFFFFFFFFFFFFFF2D
:102B900076696C647468000000200000000000008A
:102BA000FFFFFFFFFFFFFFFF6B6E746474680000A0
:102BB0000020000000000000FFFFFFFFFFFFFFFFFD
:102BC00070656474680000000020000000000000D0
:102BD000FFFFFFFFFFFFFFFF736B6564746800007A
:102BE0000020000000000000FFFFFFFFFFFFFFFFCD
:102BF000706F7361637400000078000000000000D3
:102C0000FFFFFFFFFFFFFFFF6267616374000000CB
:102C10000078000000000000FFFFFFFFFFFFFFFF44
:102C2000646D616374000000007800000000000023
:102C3000FFFFFFFFFFFFFFFF62737061637400001F
:102C40000064000000000000FFFFFFFFFFFFFFFF28
:102C5000627370776C6B000000640000000000007D
:102C6000FFFFFFFFFFFFFFFF76696C6163740000E9
:102C70000064000000000000FFFFFFFFFFFFFFFFF8
:102C80006E6F776179000000004E000000000000C8
:102C9000FFFFFFFFFFFFFFFF6261726578700000BA
:102CA000003C000000000000FFFFFFFFFFFFFFFFF0
:102CB00070756E63680000000040000000000000B6
:102CC000FFFFFFFFFFFFFFFF686F6F660000000060
:102CD0000046000000000000FFFFFFFFFFFFFFFFB6
:102CE0006D6574616C00000000460000000000008B
:102CF000FFFFFFFFFFFFFFFF636867756E000000C7
:102D000000400000002505109600000000000000B3
:102D100074696E6B00000000003C000000000000C1
:102D2000FFFFFFFFFFFFFFFF62646F706E00000098
:102D30000064000000000000FFFFFFFFFFFFFFFF37
:102D40006264636C73000000006400000000000017
:102D5000FFFFFFFFFFFFFFFF69746D626B00000064
:102D60000064000000000000FFFFFFFFFFFFFFFF07
:102D7000666C616D6500000000200000000000002E
:102D8000FFFFFFFFFFFFFFFF666C616D73740000C4
:102D90000020000000000000FFFFFFFFFFFFFFFF1B
:102DA000676574706F770000003C00000000000051
:102DB000FFFFFFFFFFFFFFFF626F7370697400008A
:102DC0000046000000000000FFFFFFFFFFFFFFFFC5
:102DD000626F73637562000000460000000000002F
:102DE000FFFFFFFFFFFFFFFF626F73736974000057
:102DF0000046000000000000FFFFFFFFFFFFFFFF95
:102E0000626F73706E00000000460000000000005A
:102E1000FFFFFFFFFFFFFFFF626F73647468000036
:102E20000046000000000000FFFFFFFFFFFFFFFF64
:102E30006D616E61746B00000046000000000000D0
:102E4000FFFFFFFFFFFFFFFF6D616E64746800000E
:102E50000046000000000000FFFFFFFFFFFFFFFF34
:102E600073737369740000000046000000000000E6
:102E7000FFFFFFFFFFFFFFFF737364746800000034
:102E80000046000000000000FFFFFFFFFFFFFFFF04
:102E90006B65656E706E000000460000000000006B
:102EA000FFFFFFFFFFFFFFFF6B65656E64740000AF
:102EB0000046000000000000FFFFFFFFFFFFFFFFD4
:102EC000736B656163740000004600000000000041
:102ED000FFFFFFFFFFFFFFFF736B65736974000067
:102EE0000046000000000000FFFFFFFFFFFFFFFFA4
:102EF000736B6561746B0000004600000000000009
:102F0000FFFFFFFFFFFFFFFF726164696F000000BA
:102F1000003C000000000000FFFFFFFFFFFFFFFF7D
:102F200000000000000000000000000000000000A1
:102F300000000000000000006D6F626A5F66756C43
:102F40006C000000E6D30210E6D3021014D2021087
:102F5000E6D3021084D20210E6D30210EED20210A1
:102F6000E6D3021068D30210E6D30210C0D30210D9
:102F7000FAD90210FAD902105CD80210FAD902105C
:102F8000B4D80210FAD902100AD90210FAD90210E4
:102F900060D90210FAD90210D4D90210082E0020EC
:102FA000542D0020DC2C0020000000000A0906003F
:102FB000B900A40094008F0045007A00D10066009B
:102FC00074005900A60037004700380087001D0034
:102FD00047001800FE00190061003200BC004000EC
:102FE00080004E00D6005C0085008200D000880082
:102FF00094008C00EB009E009C00A80030009A001A
:10300000AE005F0009014B0082003000170117007D
:10301000C60030008C001900190188000000000073
:1030200000000000000000000000000000000000A0
:103030000000000000000000000000000000000090
:10304000402A0310E4260310CE250310A825031000
:1030500050250310F6260310B8C20310D8690310D8
:10306000C0C20310030000000300000003000000C2
:103070000300000003000000030000000300000044
:103080000300000002000000020000000200000037
:10309000020000000100000001000000000000002C
:1030A0004001C0FE4001C0FE40014001C0FE4001A1
:1030B0004001C0FE400140014001C0FE400140010E
:1030C0004001C0FEC0FEC0FEC0FE4001C0FEC0FE0A
:1030D0004001400140014001C0FE4001C0FE4001EE
:1030E0004001C0FEC0FE40014001C0FEC0FEC0FE67
:1030F000C0FE4001400140014001C0FE40014001CE
:10310000C0FE400100202020202020202020282850
:103110002828282020202020202020202020202097
:1031200020202020208810101010101010101010D7
:103130001010101010040404040404040404041007
:103140001010101010104141414141410101010195
:10315000010101010101010101010101010101015F
:10316000101010101010424242424242020202026B
:10317000020202020202020202020202020202022F
:1031800010101010200000000000000000000000DF
:10319000000000000000000000000000000000002F
:1031A000000000000000000000000000000000001F
:1031B000000000000000000000000000000000000F
:1031C00000000000000000000000000000000000FF
:1031D00000000000000000000000000000000000EF
:1031E00000000000000000000000000000000000DF
:1031F00000000000000000000000000000000000CF
:083200000000000000000000C6
:103208006C7A0410F480041048920410549204104C
:10321800880200106092041094020010A0020010AE
:10322800AC0200108C83041080830410A092041058
:10323800F0940410E4940410D8940410CC9404106E
:10324800F0B557464546DE464E46E0B503880D00C4
:103258005B0883B01F1C082B00D90827BBB280224B
:10326800984652000021841C280002F055F8434675
:1032780001220026002B2FD008239A46073B9B46A5
:10328800A44611004046184F63461B88B3421BDD15
:1032980053465A465B1A9A40CCB28146984620005B
:1032A80014000191434632009A400023110019434B
:1032B800795C01336854A342F8D163461B88013610
:1032C800B342EFDC48460199042398460131760061
:1032D800C4448842D8DA8046404603B0F0BCBB46B6
:1032E800B246A946A046F0BD2CC30310F0B5DE4691
:1032F80057464E464546E0B585B01F000E9B0191E6
:10330800042105009A46029201F0CEFF042183466B
:10331800280001F0C9FF8146834552D000D380E0E0
:103328005A46801A02F080F820231B1A00934B4655
:10333800002603933B003700984602E00136202E12
:1033480027D0280002F030F80028F7D0F300DBB2CD
:10335800994643460024B0461E00280002F024F88F
:1033680000280DD02800009901F09EFF7A00531C18
:1033780058449A454DD949462143B1540137F05430
:103388000134082CE9D13300464601369846202EF0
:10339800D7D1039B3E00994647464946300002F084
:1033A8000BF8029B984252D84B46320039000198DC
:1033B80002F042F805B0F0BCBB46B246A946A046AA
:1033C800F0BD002398463B0000262F00454698464E
:1033D80002E00135202D22D0380001F0E5FF002859
:1033E800F7D0EB00DBB200249B4609E05946404683
:1033F8002143815449460136C1540134082CE8D090
:10340800380001F0D1FF0028F7D07200531C534553
:10341800ECD32121134A1448144B01F06DFF4746A1
:10342800BBE7202602E0013E002EB6D0280001F0BE
:10343800BBFF0028F7D00824280001F0B5FF0028BA
:103448000BD01E21074A0848094B01F055FF2921D6
:10345800044A0548074B01F04FFF013C002CEBD113
:10346800E1E7C046C8C40310284503101044031000
:103478001845031030440310F0B5DE464E46574653
:103488004546E0B587B01F00109B03910421050055
:103498009946049201F008FF0421040001902800D5
:1034A80001F002FF0290061B844200D073E0002363
:1034B80098469B462B00002445460596984602E010
:1034C8000135202D28D0404601F06EFF0028F7D0A6
:1034D800EB00DBB29A4643460026A8461D002800AA
:1034E80001F062FF00280ED063001B199A1C4A45A0
:1034F80000D392E051463143F9545946FB185970AC
:10350800029B0134BB540136082EE8D12B004546F6
:1035180001359846202DD6D14546059E701C01F0F0
:1035280083FF20231B1A9A46012352469340013BEE
:10353800984601239B462B00002655469A462900AB
:10354800504601F0B1FE80450DD0019B9C466300BA
:103558001B199A1C60444A4565D25946FE54FB180B
:1035680059700134B8540136F6B2072EE7D120005D
:10357800029901F021FF049B98425AD82200390091
:10358800029B039801F038FF07B0F0BCBB46B24677
:10359800A946A046F0BD300001F046FF20231B1AC3
:1035A8009B46002398463B000024474605969846CC
:1035B80002E00137202F2DD0280001F0F5FE002869
:1035C800F7D0FB00DBB29A4643460026B8461F00F8
:1035D800280001F0E9FE002813D05946280001F020
:1035E80063FE019B9C4663001B199A1C604491452D
:1035F80013D951463143F9540021FB18597001344D
:10360800B8540136082EE3D13B00474601379846A7
:10361800202FD1D14746059E80E73D21084A094819
:10362800094B01F069FE4C21054A0648064B01F09A
:1036380063FE5521024A0348044B01F05DFEC04673
:103648008CC4031028450310684503103044031048
:10365800F8B518C8DE46574645464E461800E0B548
:1036680092460D0001F060FE4E4B04341B689C46E8
:10367800C00600D54BE0A0220F2390469946073B91
:103688009B46494F494BA8444E465A466978200004
:103698000C0931404900224200D09443524664004C
:1036A800795A3C5B59801C80297809016144895CFE
:1036B80002224C0014401C5B0E0016409E5B360430
:1036C800344310C04C0814401C5B8E0816409E5BA7
:1036D8003604344310C0CC0814401C5B0E09164055
:1036E8009E5B3604344310C04C0914401C5B8E09A1
:1036F80016409E5B3604344310C00235040045452D
:10370800C2D1F0BCBB46B246A946A046F8BDA0222D
:10371800082390469B4607339946234F234BA844DA
:1037280037E049460A40514640005200385ABA5AD2
:1037380018805A802A78200012016244525C0221C3
:1037480054000C401C5B16000E409E5B360434434C
:1037580010C054080C401C5B96080E409E5B360453
:10376800344310C0D4080C401C5B16090E409E5B05
:103778003604344310C054090C401C5B96090E40B3
:103788009E5B3604344310C002350400454500D121
:10379800B7E759466A7810090142C2D08843020047
:1037A800C1E7C046001A032000850410183B012019
:1037B800024B8022D2051A607047C04600E200E042
:1037C800F0B5C64600B53F4B05000E001B7882B029
:1037D800A72964DC8C006418DA00A401D21A13014A
:1037E8009B1A5B02E418384BE418384B1F68002F0B
:1037F80007D040222100FF32601C01F0F5FDBB5DBF
:103808002370334B98461B78012B3ED0314B1B78E5
:10381800002B4ED101F098FD2F4F0021019001A8F7
:1038280001F0FAFD0722002101A801F0B5FD2B4E99
:1038380001AA0021380001F057FD102101A801F06C
:10384800EBFD01AA0021300001F04EFD082101A87E
:1038580001F0E2FD012101A801F086FD01AA012184
:10386800380001F041FD182101A801F0D5FD01AA99
:103878000121300001F038FD194B01225B08BB60C3
:10388800FB60B360F36043461A70A0222100280051
:10389800520000F067F802B080BCB846F0BD0122C3
:1038A80020395340DBB28C00DA006418D21AA40124
:1038B80095E70C49084801F027FD0B49074801F036
:1038C80023FDA7E7E12E0320BC4001200C1C0320A8
:1038D800FD2E0320152F0320800000D0C00000D04B
:1038E80004050320FCEF022018F0022010B5134C49
:1038F800200000F0E7F8002808D1114B114C18609F
:103908002378022B01D001F0D7FC10BD200000F075
:10391800DCF80D480D490E4A0E4B0A4C0078207011
:10392800087811781A680C4B18700C4B0C481970F1
:10393800034B1A6000F025F9E2E7C046080B0320A4
:103948000C1C0320E32E03201C2F03201A2F032016
:103958001B2F032068040320E12E0320E22E0320FE
:10396800C03C012030B50A4494461D4D04C92A6064
:103978002A642A6A925A6B6ADB5A1B0413432A6E1A
:10398800925A6C6E245B2404144318C06145EDD12F
:1039980030BD70B50A449446114D40C92E602E645E
:1039A8002A6A925A6B6ADB5A1B0413432A6E925A8C
:1039B8006C6E245B2404144318C0360C2E602E64ED
:1039C8002A6A925A6B6ADB5A1B0413432A6E925A6C
:1039D8006C6E245B2404144318C06145DDD170BDAE
:1039E800800000D0002305E09A0080214905515845
:1039F800815001333F2BF7DD704710B50130804708
:103A080010BD0000F0B5DE4657464E464546E0B5C7
:103A1800C1B082468B4618252B881424208821495A
:103A2800984706002B8820881F49984780462B888E
:103A380020881E49984707002B8820881C499847EA
:103A480081462B8820881B4998470500002E23D0E3
:103A58004346002B20D0002F1ED04B46002B1BD0F6
:103A68006846FFF7BFFFB047C04780228024640143
:103A7800D823520221005046A847220059465046F2
:103A8800B847C8476846FFF7B8FF41B0F0BCBB4627
:103A9800B246A946A046F0BD074B084A08482B2164
:103AA80001F02AFC49460000455800005250000029
:103AB8004643000052450000A4540310E48D04104E
:103AC800FC540310808800B270470268EFF310813D
:103AD80072B61368002BFCD0BFF35F8F0422835E9D
:103AE800002B08DC0368BFF35F8F00221A6081F3A4
:103AF800108820BFE9E7013B83800368BFF35F8F2D
:103B080000221A6081F310887047F0B5C64600B5E8
:103B1800040090461F002668EFF3108C72B63568D3
:103B2800002DFCD0BFF35F8F0423E55E002D0EDC73
:103B38002368BFF35F8F00221A608CF31088404619
:103B4800390001F0C1FB0028E5D0002009E0013D63
:103B5800A5802368BFF35F8F00221A608CF310885A
:103B6800012080BCB846F0BD10B582B0040068469C
:103B780001F002FC009A019B2000FFF7C6FF02B08B
:103B880010BD10B50268EFF3108172B61368002BF0
:103B9800FCD0BFF35F8F0422835E0624025F93424A
:103BA8000BDA013383800368BFF35F8F00221A604A
:103BB80081F3108840BF012010BD0368BFF35F8FF9
:103BC80000221A6081F310880020F5E703000068DE
:103BD800EFF3108C72B60268002AFCD0BFF35F8F37
:103BE80004229A56002A0BDB002910D00A60002014
:103BF8001B68BFF35F8F00221A608CF31088704730
:103C0800D0221206127852B21A710120F0E7002071
:103C1800EEE70000F8B5CE46474680B50400170029
:103C280098460368002B20D0D0231B061B785BB274
:103C380099462668EFF3108C72B63568002DFCD0D3
:103C4800BFF35F8F04256557002D14DB2368BFF38E
:103C58005F8F00221A608CF310883800414601F00B
:103C680033FB0028E5D000200FE00A4B0A4A0B4836
:103C7800852101F041FB4B4623712368BFF35F8F19
:103C880000221A608CF310880120C0BCB946B046E7
:103C9800F8BDC046105A0310888F0410CC59031081
:103CA80070B582B0060015001C0001A9FFF78EFF51
:103CB800002807D1019B5BB2D0221206127852B2BB
:103CC800934201D102B070BD2A0023003000FFF7F3
:103CD800A1FFF7E710B582B00400684601F03CFB8D
:103CE800009A019B2000FFF795FF02B010BD00006D
:103CF80010B50268EFF3108172B61368002BFCD080
:103D0800BFF35F8F0423C356002B0ADBFF23037125
:103D18000368BFF35F8F00221A6081F3108840BFE9
:103D280010BD034B034A0448B42101F0E5FAC0462C
:103D3800245A03107C8F0410CC590310094B1B78AC
:103D4800002B08D00CE09A0080214905511808681A
:103D58000549505001333F2BF5DD024B01221A7003
:103D68007047C046C82E0320142D012010B5014B02
:103D7800984710BD152D012000280AD003231B02E7
:103D8800054A12685340C02292001340034A136048
:103D980070470223F3E7C0460C8001400C900140B5
:103DA800F0B5D6464F464646C0B507000E0015008A
:103DB80018239A461B881422904610882849984749
:103DC800814653461B884246108826499847040076
:103DD80053461B88424610882349984780464B46DD
:103DE800002B0CD0002C0AD0002808D0FFF7A6FF23
:103DF800C847A0470020FFF7BFFF2A000FE01B4B72
:103E08001B4A1C48802101F077FA002B07D0002AB2
:103E180005D0C0235B051B6E3370013A01362B00B9
:103E2800134312D0C0235B059C6A08232340A407D0
:103E3800EBD5002DE9D0511B0D29E6D83878C021E3
:103E480049050866013D0137DFE70120FFF794FFC8
:103E5800C047FFF78BFFE0BCBA46B146A846F0BDA5
:103E6800494600004558000046430000C060031062
:103E7800749304102060031010B5002308E0013388
:103E8800DA00002108481150844662445160DBB2D0
:103E98000E2BF4D90548F0229200002101F03CFADB
:103EA800034B044A1A6010BD0000105030E602208F
:103EB8006404032080011050F0B5CE46474680B513
:103EC80085B0234B9F6D0024012603E0B74376009D
:103ED8000134E4B2002F36D01F2C34D83E42F6D03D
:103EE8001C4B9E65630899460123634001221A40D2
:103EF80090464B465D0045446D01174BED18280070
:103F080000F034FA0028E1D0134A4B465B004344E2
:103F18005B01D3189A789146DB8A98460C220021D7
:103F280001A801F0F9F907236A4653716B464A461E
:103F38001A7243460393012101A800F03FFA2800B2
:103F480000F09EF9C2E705B0C0BCB946B046F0BD66
:103F58000000115000301150F0E5022070B584B017
:103F6800634A9823D55880239B022C001C401D428D
:103F780040D0604B9A6A604B1A600024002109E027
:103F88005E4B5B183C3300221A7000F0ABF931002D
:103F98000134E4B20F2C18D8A60130002030574B5A
:103FA800C0189B193B331B78022BF1D1534B9B193B
:103FB8003A331E78002EEBD0504BA1015B183C33EE
:103FC8001B78002BDCD13100E2E7002908D14C4BEB
:103FD8001B78002B04D14B4A903380218902D150A1
:103FE800434B996C4905490D0122002001F00CFA58
:103FF8008024A402EB0609D4EB0329D580235B02B5
:104008001C4301AB404A1A8000260BE010231C43D6
:10401800FFF752FFF0E701AB985D01F0B5F9012316
:10402800C3700136012EF6D901AE0C2200213000F2
:1040380001F072F906237370344A02AB03CA03C352
:104048000121300000F0BAF92E4B802292021A6545
:10405800EB0407D46B041ED42B042FD4AC4241D1FB
:1040680004B070BD80235B011C43214B00221A6001
:10407800FFF702FF01AE0C220021300001F04CF9DD
:10408800012373700121300000F098F91D4B802244
:1040980012031A65DEE78023DB011C4301AE0C2204
:1040A8000021300001F038F9042373700121300039
:1040B80000F084F9134B10221A65CDE780231B0208
:1040C8001C4301AE0C220021300001F025F9052324
:1040D80073700121300000F071F90A4B802212013F
:1040E8001A65BBE721006940094801F0ADF9C046EF
:1040F8000000115000400540583D0120F0E5022025
:10410800BD2E0320003011500080FFFF000010502A
:10411800C4610310094B1B6C9B070CD48378DB0923
:10412800012B01D0002007E0C37E022B01D0002024
:1041380002E0012000E000207047C0460000115056
:1041480010B5FFF7E7FF002809D0064B9B6A064A1F
:1041580012689B1A054A94466344C62B00D810BDC2
:104168000020FCE700400540583D0120E0FCFFFF2F
:10417800F8B504000F00838A028B1E1C934200D9F5
:10418800161CB6B29B1BA3828022D2003243E3786E
:10419800002B13D08025AD01154301225340E37055
:1041A8006378002B0CD0A38A002B02D18023DB017B
:1041B8001D43002F00D02D042800F8BD0025EBE793
:1041C800E068BB01C0182169320001F0FDF82369DD
:1041D8009B19236180231B021D43E4E770B504008B
:1041E80083681B68002900D01B0C9D05AD0D627803
:1041F800002A12D11B0409D4E38A5B19E382238BBA
:10420800AB4201D90023A382280070BD0E4B0F4A90
:1042180081210F48490001F06FF81B040DD5206972
:10422800E368890159182A0001F0CEF8E38A5B197E
:10423800E38223695B192361E1E7064B034A0A21FC
:104248000348FF3101F058F8E4610310E4930410C7
:10425800046203106462031010B5040083681B68CD
:104268000021FFF7BBFF63681B685B0002D5238B47
:10427800834200D010BD01212000FFF7AFFFF9E70E
:10428800002383768382C3820361704710B50029B7
:1042980002D083681B681940002A0FD011435205C9
:1042A8000CD5826813685B050BD40B4B0B4013606D
:1042B800FFE7FFE7FFE7FFE7FFE7FFE7836819602E
:1042C80010BD83787F211940DB09044A9B0004480C
:1042D8009A5801F0B9F8C046FFFBFFFF08240020F8
:1042E8008462031070B5040043681E680021FFF75C
:1042F8003FFF80256D010543194B1B6C02221100FD
:1043080019401A4204D1A378DB0917D0002917D025
:10431800A3785B0616D10023A28A002A01D0002BBD
:1043280012D0104B1E4080239B05334362681360F4
:104338002A0000212000FFF7A9FF70BD0123EBE749
:104348000023E9E70123E7E701212000FFF710FF39
:104358000543054A3240A023DB051343E6E7C04680
:1043680000001150FFFFFFAFFFFFFFDF70B5040033
:10437800857E002D06D0FFF76FFFA38A002B0BD197
:10438800280070BD83787F211940DB09094A9B000A
:1043980009489A5801F058F82000FFF7D1FE051E89
:1043A80003D0012323770025EAE72000FFF79AFFCF
:1043B800E6E7C04608240020A462031030B585B0A3
:1043C80005004378042B55D006D8022B29D0032B9F
:1043D80000D0C2E0002479E0052B00D0BDE06B4B93
:1043E8001B78DB0744D5694A137804218B43137083
:1043F800674B1C686269EFF3108172B61368002B73
:10440800FCD0BFF35F8FA1612900200000F0E4FF1A
:104418006269A369BFF35F8F0021116083F310887D
:1044280026E05A4B1A7801218A431A701A7801310A
:104438008A431A7000225A701A7802318A431A7015
:10444800534B1C686269EFF3108172B61368002B36
:10445800FCD0BFF35F8FA1612900200000F0BCFFF2
:104468006269A369BFF35F8F0021116083F310882D
:1044780005B030BD454B1B78DB07F9D5434A1378A7
:1044880004210B431370424B1C686269EFF31081DF
:1044980072B61368002BFCD0BFF35F8FA1612900AF
:1044A800200000F099FF6269A369BFF35F8F0021C4
:1044B800116083F31088DBE762001219D200354BD4
:1044C8001B689B18002B13D10134E4B2324B1B78C4
:1044D800A34216D3314A002A11D0A342ECD8E31ADA
:1044E800DBB2002BF0D15A00D318DB002C4A9B1802
:1044F8005B69002BE8D0287869689847E4E72300CF
:10450800EFE7224B1B785B07B2D5204A13780421CA
:104518008B4313700C22002101A800F0FDFE2B78BC
:104528006A46137105235371194B1C686269EFF3CE
:10453800108172B61368002BFCD0BFF35F8FA161A6
:1045480001A9200000F048FF6269A369BFF35F8FEB
:104558000021116083F310888AE70D4B1C6862699B
:10456800EFF3108172B61368002BFCD0BFF35F8F96
:10457800A1612900200000F02FFF6269A369BFF341
:104588005F8F0021116083F3108871E7D42A01201E
:104598002C2B012054270120BC2E03204DBF0010D6
:1045A8008094041001207047F8B50122DE46574672
:1045B8004E464546704BE0B5196B0A4200D119E1E9
:1045C8006E4C1A63E368EFF3108072B61A68002A1B
:1045D800FCD0BFF35F8F2569002D00D1E3E2E368CB
:1045E800BFF35F8F00221A6080F3108800262A68C4
:1045F800A3699A4200D0624D626BEFF3108872B6DD
:104608001368002BFCD0BFF35F8F3D23E35C002BC6
:1046180000D055E2A36B002B00D054E33C23E35CAD
:10462800002B00D055E3626BBFF35F8F136088F3F4
:1046380010880027504A5368DB0107D48023D8200C
:1046480050491B060B600B604F4B1350D8224A4B46
:104658004E49985888420ED09950CC2159588C46CA
:10466800216C481C80466046002800DAC7E21F21FA
:10467800404601409950A0232A896968DB051960E2
:10468800DA61E268EFF3108972B61368002BFCD088
:10469800BFF35F8F20230021E1543D4B98464246EB
:1046A800A38B128A9B18E28B9BB2A383934200D2FE
:1046B8003AE29B1AA383324BA069ED1A6B1E9D4107
:1046C80043465A890304013AEDB21B0C934200D2C7
:1046D80052E28022520294466044C01A2D4BA061D7
:1046E8001B6898474346DB894343E38300232361E0
:1046F800626B1368002BFCD0BFF35F8F3D23012250
:10470800E254002D03D03B32A35C0133A354626B07
:10471800BFF35F8F00231360E268BFF35F8F1360FE
:1047280089F31088002F00D138E22268EFF310884F
:1047380072B61368002BFCD0BFF35F8F002362684A
:10474800781E9C4600270021002A13D09569002D69
:1047580000D10EE2012713699661002B1CD011616C
:104768009A611A001B69002BF9D1013816D316007B
:104778002A1EEBD10025EEE700002050E4130320A9
:10478800682A0120D010205060600000C42000007A
:10479800F81B0320882A01200138E8D26346002B41
:1047A80001D00023A360002F00D065602368BFF309
:1047B8005F8F0021196088F31088E16AEFF3108099
:1047C80072B60B68002BFCD0BFF35F8F1300190083
:1047D8009B69002BFBD1256B8D612263E26ABFF3D5
:1047E8005F8F136080F3108840BFAF4B1B68002BAE
:1047F80000D09847AD4A136B9B0700D4A3E003236E
:10480800AB4C616B1363EFF3108572B60B68002B2A
:10481800FCD0BFF35F8F3D23E35C002B00D0FDE0AD
:10482800A36B002B00D04EE23C33E35C002B00D09E
:104838004FE2626BBFF35F8F136085F31088002629
:10484800E268EFF3108772B61368002BFCD0BFF351
:104858005F8F002220239246E25C002A10D1A069D3
:10486800A2830132E25482B2002A07D0000C914B95
:10487800013000041B68A0619847E08301239A4631
:104888002369002B08D01A68A36900209B1A002B03
:1048980000DC8AE020610136606A002800D184E0EB
:1048A800A36900220021984645460368ED1A002DA9
:1048B8004FDD856903696562002D00D1E3E08261FF
:1048C8000200002B09D0020011619A611A001B69CD
:1048D800002BF9D1002D00D166E02800E4E7013E65
:1048E80000D38FE04346002B01D00023A36063462A
:1048F800002B00D067602368BFF35F8F0021196029
:1049080089F31088E16AEFF3108072B60B68002B08
:10491800FCD0BFF35F8F130019009B69002BFBD1FC
:10492800266B8E612263E26ABFF35F8F136080F3A8
:10493800108840BF5C4B1B68002B00D0984753463B
:10494800002B00D09BE0F0BCBB46B246A946A0466F
:10495800F8BD984528D183696362002B00D1A8E18E
:1049680000238361236819680029FCD0BFF35F8F97
:104978006368002B00D18EE101688C466546196892
:10498800691A002900DC87E1A16888460968691A64
:10499800002900DCFAE04346A06098612368BFF371
:1049A8005F8F0021196020611000E368BFF35F8FFB
:1049B80000221A6087F31088002E2AD02268EFF3AD
:1049C800108972B61368002BFCD0BFF35F8F0023E9
:1049D800626898469C460021013E002A15D09769D6
:1049E8000123002F13D09C4613699061002B00D13E
:1049F80075E711619A611A001B69002BF9D1013E14
:104A080000D26FE710003A1EE9D10027ECE798467C
:104A1800E9E7002800D192E7020073E7A16BA02321
:104A280089463C21615C244A8C460121DB05985863
:104A3800014212D04846995001282AD9985801268F
:104A4800804647460120394203D0985099580E4273
:104A5800FBD101234F461F43A76363460026002B63
:104A680003D000236646A363A38700F035FC636B7D
:104A7800BFF35F8F00221A6085F31088E0E60F48C5
:104A8800FFF77FF85FE7A5628261002B00D01AE785
:104A98008BE700236646626BA363A387BFF35F8F30
:104AA800136085F31088CBE6842A0120000020508B
:104AB800E4130320882A01200C040000EC1B0320C7
:104AC8003C22A0230121A25CA06B9146824ADB050F
:104AD80084469858014215D060469950012800D85C
:104AE80096E09858012782460120834650460142A5
:104AF80004D05946995099580F42FAD10123624679
:104B08001A43A2634B460027002B03D000234F46CD
:104B1800A363A38700F0E0FB636BBFF35F8F002202
:104B28001A6088F3108885E56C4B9D4226D02B7D52
:104B3800002B24D0013BDBB22B75002B1FD123683F
:104B48001A68002AFCD0BFF35F8F00222B692A6104
:104B58002A681A60AA699A61A268AB61954200D175
:104B6800ADE02268BFF35F8F00210125116023614A
:104B7800BEE501239C46EDE50130AFE52161002546
:104B8800B6E565461968691A002903DD98469B69E8
:104B9800002BF6D1836143469861FFE6002E00D1D1
:104BA80028E6320009E6666A002E1AD00022A769B4
:104BB8003368F91A002936DDB16933696162002961
:104BC80018D0B5613500002B08D035002A619D61E9
:104BD8001D001B69002BF9D1002901D00E00E7E761
:104BE8002E00E368BFF35F8F00221A6080F31088FD
:104BF8003A4D01E5A162B561002BE6D1F1E7D42079
:104C08001858404500D136E51F200140995032E53B
:104C180000234F46626BA363A387BFF35F8F1360C4
:104C280088F3108806E59F4239D1B3696362002B87
:104C380047D00023B36123681A68002AFCD0BFF369
:104C48005F8F6368002B36D031681A688A1A002A89
:104C580032DDA7683A688A1A002A15DDBE61A660A7
:104C68002268BFF35F8F00231360E2682661BFF3F9
:104C78005F8F136080F310882B0035001E00B6E4A8
:104C88001A688A1A002A03DD1F009B69002BF7D1D6
:104C9800B361BE61E4E7A060836160607EE6E368BB
:104CA800BFF35F8F00221A6080F310882E000B4D2F
:104CB800A2E4A36256E6A660B3616660D0E7A3608B
:104CC8004FE7A362B7E7064A0648074B074900F0D3
:104CD80013FB00F031FBC0460C040000682A0120D9
:104CE800FC94041080630310D06303104E0200008C
:104CF8008021F0B52248234D234F09032B6B9C4696
:104D0800AB8E06E0E25964462243AB86C261032BB0
:104D180008D842689C00160001339BB20E400A4234
:104D2800F0D0F0BDAB6B2A680133AE86AB6393421B
:104D3800E4DB6C68A34209DB2B6AAE637B606B6AB9
:104D4800BB60AB6AFB60AB693B60D7E7EC68A3422A
:104D5800D4DC934207D0AA6893420DD0A342CDD1A8
:104D68006B692B63CAE72B6A7B606B6ABB60EB6A73
:104D7800FB60EB693B60C1E72B692B63BEE7C0466C
:104D880000002050C41A03201C3D0120F8B5CE466F
:104D980047469D4880B5426BEFF3108672B613689C
:104DA800002BFCD0BFF35F8F3D23C35C002B4DD19C
:104DB800836B002B00D01EE13C23C35C002B00D08A
:104DC8001FE1426BBFF35F8F136086F310880025E5
:104DD800C268EFF3108C72B61368002BFCD0BFF3D7
:104DE8005F8F0269002A00D195E0C368BFF35F8F27
:104DF80000221A608CF31088002D4CD00024026821
:104E0800EFF3108872B61368002BFCD0BFF35F8FE6
:104E1800002342689C4600270021023D002A13D047
:104E28009669002E47D0012713699461002B05D09D
:104E380011619A611A001B69002BF9D16B1C3DD0D6
:104E48001400013D321EEBD10026EDE7A023816B53
:104E58006E4A89460121DB05456B9C58AC462142C8
:104E680012D04C469950012C19D99C580125A046BE
:104E780047460124394203D09C5099580D42FBD132
:104E880001234F461F438763BFF35F8F00236246AA
:104E9800136086F31088C0BCB946B046F8BD3C2301
:104EA800C55C002383638387BFF35F8F624613600B
:104EB80086F310888CE701239C46B4E76346002BF1
:104EC80001D000238360002F00D046600368BFF341
:104ED8005F8F0021196088F31088C16AEFF310848E
:104EE80072B60B68002BFCD0BFF35F8F130019005C
:104EF8009B69002BFBD1056B8D610263C26ABFF30E
:104F08005F8F136084F3108840BF414B1B68002BF0
:104F1800C1D09847BFE7446A002C62D00021876956
:104F28002368FE1A002E13DDA66923694662002E47
:104F380041D0A2612200002B08D0220011619A61A1
:104F48001A001B69002BF9D1002E24D03400E7E7A2
:104F58009F4220D1A3694362002B40D00023A36164
:104F6800036819680029FCD0BFF35F8F4368002BE2
:104F780031D026681968711A00292DDD87683968CB
:104F8800711A002920DDBC6184600368BFF35F8F5C
:104F98000021196004611400C368BFF35F8F002209
:104FA8001A608CF31088002D00D028E7002C00D15F
:104FB80071E7220091E78662A261002BBDD1EBE781
:104FC8001968711A002903DD1F009B69002BF7D1AE
:104FD800A361BC61D9E78460A3614460D5E78362BB
:104FE800BEE7C368BFF35F8F1C608CF31088002D89
:104FF80000D003E74FE7074A0748084B084900F085
:105008007BF900F099F9C046E41303200C04000072
:10501800842A0120FC94041080630310D0630310D9
:105028004E02000070B5384D00260400EA6AEFF31E
:10503800108C72B61368002BFCD0BFF35F8F286BFF
:1050480000280FD1EB6ABFF35F8F18608CF31088CC
:10505800002905D020BFEA6AEFF3108C72B6E9E7A1
:10506800002070BD0300012C09D9012201E0002BAA
:1050780033D001329B699442F9D1002B2DD0002204
:105088009C69E96A2C639A61BFF35F8F0A608CF3AD
:105098001088002103001A009B6991611361002B9D
:1050A800F9D1EA68EFF3108172B61368002BFCD0CF
:1050B800BFF35F8FAA696B69D41A002C14DD030053
:1050C8006A611A601B69002BFBD1EA68BFF35F8F26
:1050D800136081F310880375C3E7EB6ABFF35F8F32
:1050E8001E608CF31088B3E7084A54891A04013CFF
:1050F800120CA24201D25A1CE1E780246402A446A1
:1051080063449A1ADBE7C046E4130320F81B032024
:1051180030B5184CE268EFF3108C72B61368002BA8
:10512800FCD0BFF35F8F636A002B0CD001681A684C
:105138008A1A002A08DDA56A2A688A1A002A11DD57
:10514800A861A06202E0A06283616062E368BFF3C5
:105158005F8F00221A608CF3108830BD1A688A1A93
:10516800002A03DD1D009B69002BF7D18361A8612C
:10517800ECE7C046E413032010B504001000002239
:1051880005E0E3689B07FCD58B5CA3600132824293
:10519800F7D300E0A368E3685B07FBD4E368DB06AA
:1051A800FCD400E0A368E3685B07FBD40123236217
:1051B80010BD0000F0B5DE4657464E464546E0B500
:1051C80083B001900E000CA901C980460978894670
:1051D800120B12039246013B1B0B1B039B46002933
:1051E80001D0150038E05D4636E0802252018A1869
:1051F800691A8C46002110E0002A14DC0134B442FC
:1052080019DA63001B199B00019A944663441968D4
:10521800691AEAD4AC468022520188189F68B842BD
:10522800EADD7A1AE8E76046401B40445B68591893
:1052380000F0DAF8E2E7EFF3108472B64146F023A3
:105248001B06E818FEF7DEFB84F310884B46002B9C
:1052580014D080235B01ED184B46002B10D000239F
:105268005A46AA425B41DBB2002B0FD08022520182
:105278002900404600F0A8F80024C0E7074BEAE7F9
:105288000023524695425B41DBB2EDE703B0F0BC28
:10529800BB46B246A946A046F0BDC04600F0FFFF97
:1052A8007047C0460000000001B40248844601BCB3
:1052B800604700BF490C001001B40248844601BC95
:1052C800604700BF8166001001B40248844601BCF3
:1052D800604700BF4D84001001B40248844601BCF9
:1052E800604700BFF9E5001001B40248844601BCDC
:1052F800604700BF055A001001B40248844601BC4B
:10530800604700BF7594001001B40248844601BC90
:10531800604700BF115A001001B40248844601BC1E
:10532800604700BF29BB001001B40248844601BC95
:10533800604700BF9558001001B40248844601BC7C
:10534800604700BF25E6001001B40248844601BC4E
:10535800604700BFFD59001001B40248844601BCF3
:10536800604700BFFF8A001001B40248844601BCB0
:10537800604700BFE159001001B40248844601BCEF
:10538800604700BF258A001001B40248844601BC6A
:10539800604700BF51C5001001B40248844601BCF3
:1053A800604700BFBD59001001B40248844601BCE3
:1053B800604700BFC90B001001B40248844601BC15
:1053C800604700BFCD03001001B40248844601BC09
:1053D800604700BF35BB001001B40248844601BCD9
:1053E800604700BFAFE3001001B40248844601BC27
:1053F800604700BFB13F031001B40248844601BCB6
:10540800604700BFF104001001B40248844601BCA3
:10541800604700BF61C6001001B40248844601BC61
:10542800604700BFAD59001001B40248844601BC72
:10543800604700BF21A8001001B40248844601BC9F
:10544800604700BFE903001001B40248844601BC6C
:10545800604700BFA595001001D7C4C3C2C1C0BE34
:10546800BDBCBB6E790D7FAEACAFAD1B636D67661F
:1054780030092D3DACAEAFAD2B383736353433322D
:1054880031D8FFFFFFFFFFFFFF0201B6B8209D2EB6
:105498002CAFADACAEC8000000000610880302FFB8
:1054A80001000000010000000100000001000000F0
:1054B80001000000010000000100000001000000E0
:1054C80001FFFF003D6300100000000041060020BE
:1054D8000100042041060020655A0010FF01000069
:1054E8008C23002001000000617400104D7400102E
:1054F800AD740010497400109D73001031770010CE
:105508001D7400102174001099730010030000002E
:10551800008004400000000000400440000000003B
:1055280010000000BC23002000000000102F002005
:10553800283C01200000000000000000383C012049
:105548000000000000000000100000000000000043
:10555800503300004C330000543300005233000035
:105568004D5300004D430000533400004334000005
:1055780051C3001000000000C9C2001085BF001010
:105588000000000000010000D06203102C990310F5
:10559800302B012010000C0000000000000000006B
:1055A800000000000000000000000000FF000000F4
:1055B800030000F800000B000000010000000000DC
:1055C8000000803F0000803F000000000080008055
:1055D80000000000FF0FFF0F0000000000000000A7
:1055E8000000FF0F0000FF0F000000000000000097
:1055F800000000000000FF000000010000FFFFFFA6
:105608000000010000FFFEFF0001020100FFFEFF95
:105618000001020100FFFDFF0001030100FEFDFE85
:105628000001030100FEFCFE000000000000000075
:10563800000001000000FF000001020100FFFEFF62
:105648000001030100FFFDFF0002040200FEFCFE52
:105658000002050200FEFBFE0003060300FDFAFD42
:105668000003070300FDF9FDD40403200000000037
:10567800000000000B000000FFFF00000000000019
:105688000100000000786D610000000000000000CB
:10569800000000000100000000656D6100000000CE
:1056A80000000000000000000000000001000000F1
:1056B8007868031004000000010000003333000084
:1056C800FF0300000D3E0110A95401108946011086
:1056D800518F01100704000014720310010000002C
:1056E80020720310020000002C7203100A00000050
:1056F800407203100B000000547203100C000000ED
:105708004472031012000000507203100E000000D3
:105718005C72031011000000687203100F00000093
:105728007872031014000000847203101600000041
:105738009472031005000000A07203100800000016
:10574800AC72031003000000B872031013000000CD
:10575800D072031015000000E07203100000000072
:105768000000000000000000010000001A190000FD
:10577800060000005027002008260020F97D0110AF
:10578800500036000000000001000031D57F0110F4
:1057980001000032D57F011001000033D57F0110D0
:1057A80001000034D57F011001000035D57F0110BC
:1057B80001000036D57F01100600000050270020A8
:1057C80050260020D97B0110500036000000000050
:1057D80001000031A187011001000032A1870110EA
:1057E80001000033A187011001000034A1870110D6
:1057F80001000035A187011001000036A1870110C2
:105808000400000008270020B0ED0410657C01109A
:10581800500040000000000001000000B0260020F9
:10582800D0ED0410818701104A01AF00000000008C
:105838000100000050270020C826002061870110C1
:105848001801B9000000000001000000B179011042
:105858000100000020270020E826002015860110FE
:10586800FFFF000000000000010000008D8501100E
:105878000500000008270020D8ED0410257D011040
:1058880038002F000000000004000000502700200E
:1058980000EE0410057A01103C002500000000000D
:1058A800050000003827002020EE0410ED790110D3
:1058B80030003F00020000000400000050270020D4
:1058C80048EE0410DF79011030003F0000000000AE
:1058D800060000000000000068270020D1790110B0
:1058E800610040000000000001001B6E19810110DA
:1058F80001001C6F8179011001000B6CE980011017
:1059080001001D736182011001001E72717901107E
:1059180001001F71C180011030310A01050000002B
:105928000A0000000400000014000000010000004C
:10593800C8000000320000002C0100003200000006
:10594800010000000300020103000200030102003D
:105958000000000002000201000000000301030033
:10596800000000000200030102010301020103001C
:10597800000000000100000008000000080000000E
:105988000800000000000000000000000000000007
:105998000000000065316D310000000000000000CB
:1059A8000000000065316D320000000000000000BA
:1059B8000000000065316D330000000000000000A9
:1059C8000000000065316D34000000000000000098
:1059D8000000000065316D35000000000000000087
:1059E8000000000065316D36000000000000000076
:1059F8000000000065316D37000000000000000065
:105A08000000000065316D38000000000000000053
:105A18000000000065316D39000000000000000042
:105A28000000000065326D31000000000000000039
:105A38000000000065326D32000000000000000028
:105A48000000000065326D33000000000000000017
:105A58000000000065326D34000000000000000006
:105A68000000000065326D350000000000000000F5
:105A78000000000065326D360000000000000000E4
:105A88000000000065326D370000000000000000D3
:105A98000000000065326D380000000000000000C2
:105AA8000000000065326D390000000000000000B1
:105AB8000000000065336D310000000000000000A8
:105AC8000000000065336D32000000000000000097
:105AD8000000000065336D33000000000000000086
:105AE8000000000065336D34000000000000000075
:105AF8000000000065336D35000000000000000064
:105B08000000000065336D36000000000000000052
:105B18000000000065336D37000000000000000041
:105B28000000000065336D38000000000000000030
:105B38000000000065336D3900000000000000001F
:105B480000000000696E746572000000000000002B
:105B580000000000696E74726F0000000000000011
:105B68000000000062756E6E790000000000000001
:105B780000000000766963746F7200000000000086
:105B880000000000696E74726F6100000000000080
:105B98000000000072756E6E696E00000000000063
:105BA800000000007374616C6B730000000000005B
:105BB80000000000636F756E746400000000000050
:105BC8000000000062657477656500000000000051
:105BD80000000000646F6F6D00000000000000000E
:105BE800000000007468655F646100000000000048
:105BF80000000000736861776E000000000000007C
:105C080000000000646474626C750000000000000D
:105C180000000000696E5F63697400000000000006
:105C280000000000646561640000000000000000DE
:105C38000000000073746C6B7332000000000000F9
:105C48000000000074686564613200000000000014
:105C580000000000646F6F6D32000000000000005B
:105C680000000000646474626C32000000000000F0
:105C78000000000072756E6E6932000000000000BE
:105C8800000000006465616432000000000000004C
:105C98000000000073746C6B733300000000000098
:105CA80000000000726F6D65726F00000000000058
:105CB80000000000736861776E3200000000000089
:105CC800000000006D65737361670000000000004C
:105CD80000000000636F756E743200000000000061
:105CE80000000000646474626C330000000000006F
:105CF80000000000616D7069650000000000000090
:105D08000000000074686564613300000000000052
:105D18000000000061647269616E0000000000000C
:105D2800000000006D65737367320000000000001A
:105D380000000000726F6D65723200000000000004
:105D48000000000074656E7365000000000000002C
:105D580000000000736861776E33000000000000E7
:105D6800000000006F70656E696E000000000000A2
:105D7800000000006576696C00000000000000006B
:105D880000000000756C74696D610000000000007F
:105D980000000000726561645F6D00000000000093
:105DA80000000000646D3274746C00000000000094
:105DB80000000000646D32696E740000000000008D
:105DC80000000000CA070000FFFFFFFFFFFFFFFF02
:105DD800FFFFFFFF0100000048B7031007000000A5
:105DE80050B703100602000058B703100A0000005D
:105DF80064B703100900000070B703100900000021
:105E08007CB703100900000088B7031009000000E0
:105E180094B7031009000000A0B7031009000000A0
:105E2800ACB7031008000000B8B703100600000064
:105E3800C0B703100A000000CCB70310040000002C
:105E4800D4B7031005000000DCB7031005000000FC
:105E5800E4B703100502000001000000000B030076
:105E68006800A800000067010000000000000000B2
:105E7800000B03002800880000006A0100000000F1
:105E880000000000000B0300A000600000006D018E
:105E98000000000000000000000B03006800500034
:105EA800000070010000000000000000000B03006B
:105EB80078002000000073010000000000000000CE
:105EC8000008030028000000000076010000000020
:105ED80000000000020B01008000880001005D0145
:105EE8000000000000000000020B01008000880094
:105EF80002005E010000000000000000020B01002B
:105F08008000880003005F0100000000000000001E
:105F1800020B0100800088000400600100000000FE
:105F280000000000020B01008000880005006101EC
:105F38000000000000000000020B01008000880043
:105F4800060062010000000000000000020B0100D2
:105F580080008800070063010000000000000000C6
:105F6800020B0300C000900008006401000000005C
:105F780000000000020B0100800088000800610199
:105F88000000000000000000000B0300E0006800B3
:105F980000003F010000000000000000000B0300AB
:105FA800B800A0000000420100000000000000004E
:105FB800000B03007000880000004501000000008D
:105FC80000000000000B03004800700000004801BA
:105FD8000000000000000000000B030058006000F3
:105FE80000004B010000000000000000000B03004F
:105FF8004000300000004E010000000000000000DA
:10600800000B0300C0002800000051010000000040
:1060180000000000000B030088001000000054017D
:106028000000000000000000000B030050001000FA
:10603800000057010000000000000000000B0300F2
:106048004000180000005A01000000000000000095
:10605800F4EC0020000000000000000019BB001054
:1060680011A8001059AF0010B9B90010E5020010CE
:04607800A5C40010AB
:10607C00F0B5C64600B5050082B0A72903DD02B015
:10608C0080BCB846F0BD304B1A78D3009B1A1C016B
:10609C00E41A8B005B189B016402E4182B4B2C4A0E
:1060AC0098461B78A418012B3ED02A4B1B78002B4A
:1060BC0041D100F075F8284F0021019001A800F0A3
:1060CC0057F80722002101A800F062F8234E01AA1C
:1060DC000021380000F054F8102101A800F048F815
:1060EC0001AA0021300000F04BF8082101A800F0B3
:1060FC003FF8012101A800F05BF801AA012138004A
:10610C0000F03EF8182101A800F032F801AA012194
:10611C00300000F035F8124B01225B08BB60FB60CD
:10612C00B360F36043461A70A0222100280052008D
:10613C00C0F790FBA3E70B49074800F041F80A4968
:10614C00064800F03DF8B4E7E12E0320FD2E0320B5
:10615C00BC400120152F0320800000D0C00000D0CF
:10616C0004050320FCEF022018F0022000000000C0
:10617C0001B40248844601BC604700BFAD59001011
:10618C0001B40248844601BC604700BF055A0010A8
:10619C0001B40248844601BC604700BFBD590010E1
:1061AC0001B40248844601BC604700BFFD59001091
:1061BC0001B40248844601BC604700BFE15900109D
:1061CC0001B40248844601BC604700BF115A00105C
:1061DC0000000000000000000000000000000000B3
:1061EC0000000000000000000000000000000000A3
:1061FC000000000000000000000000000000000093
:10620C000000000000000000000000000000000082
:10621C000000000000000000000000000000000072
:10622C000000000000000000000000000000000062
:10623C000000000000000000000000000000000052
:10624C000000000000000000000000000000000042
:10625C000000000000000000000000000000000032
:10626C000000000000000000000000000000000022
:10627C000000000000000000000000000000000012
:10628C000000000000000000000000000000000002
:10629C0000000000000000000000000000000000F2
:1062AC0000000000000000000000000000000000E2
:1062BC0000000000000000000000000000000000D2
:1062CC0000000000000000000000000000000000C2
:0462DC0000000000BE
:1062E0005908C30607068B052E05E404A6047104AD
:1062F00043041A04F503D303B50398037E0365032F
:106300004E03390324031103FF02ED02DC02CD0228
:10631000BD02AF02A0029302860279026D02610201
:1063200056024B02400236022C02220218020F02D1
:106330000602FD01F501EC01E401DC01D401CD010F
:10634000C501BE01B701B001A901A2019B019501E0
:106350008F01880182017C01770171016B01660167
:1063600060015B01550150014B01460141013C01B7
:10637000370133012E012901250121011C011801DA
:1063800014010F010B0107010301FF00FB00F800DE
:10639000F400F000EC00E900E500E200DE00DB00C4
:1063A000D700D400D100CD00CA00C700C400C1008E
:1063B000BE00BB00B800B500B200AF00AC00A90041
:1063C000A700A400A1009F009C00990097009400E2
:1063D00092008F008D008A00880086008300810073
:1063E0007F007D007A0078007600740072007000F3
:1063F0006E006C006A006800660064006200600065
:106400005E005C005B0059005700550053005200CD
:1064100050004E004D004B004A0048004600450029
:106420004300420040003F003E003C003B0039007A
:1064300038003700350034003300310030002F00C1
:106440002E002D002B002A002900280027002600FE
:106450002500240023002200210020001F001E0030
:106460001D001C001B001A0019001800170017005F
:106470001600150014001400130012001100110082
:1064800010000F000F000E000D000D000C000C009E
:106490000B000A000A0009000900080008000700B4
:1064A00007000700060006000500050005000400BF
:1064B00004000400030003000300020002000200C5
:1064C00002000100010001000100010001000100C3
:1064D00000000000000000000000000000000000BC
:1064E00000000000000000000000000000000000AC
:1064F0000100010001000100010001000100020093
:106500000200020002000300030003000400040074
:10651000040005000500050006000600070007004E
:10652000070008000800090009000A000A000B0023
:106530000C000C000D000D000E000F000F001000ED
:1065400011001100120013001400140015001600B1
:1065500017001700180019001A001B001C001D006E
:106560001E001F002000210022002300240025001F
:1065700026002700280029002A002B002D002E00CD
:106580002F00300031003300340035003700380070
:1065900039003B003C003E003F0040004200430009
:1065A0004500460048004A004B004D004E00500098
:1065B000520053005500570059005B005C005E001C
:1065C000600062006400660068006A006C006E0093
:1065D000700072007400760078007A007D007F0001
:1065E00081008300860088008A008D008F00920061
:1065F0009400970099009C009F00A100A400A700B0
:10660000A900AC00AF00B200B500B800BB00BE00EE
:10661000C100C400C700CA00CD00D100D400D7001B
:10662000DB00DE00E200E500E900EC00F000F40031
:10663000F800FB00FF00030107010B010F0114012B
:1066400018011C012101250129012E013301370107
:106650003C01410146014B01500155015B016001C4
:1066600066016B01710177017C01820188018F0154
:1066700095019B01A201A901B001B701BE01C501AD
:10668000CD01D401DC01E401EC01F501FD010602BC
:106690000F02180222022C02360240024B0256025E
:1066A00061026D02790286029302A002AF02BD026E
:1066B000CD02DC02ED02FF021103240339034E0375
:1066C00065037E039803B503D303F5031A0443045B
:1066D0007104A604E4042E058B050706C3065908B9
:1066E000FA07F507EF07EA07E407DF07DA07D40739
:1066F000CF07C907C407BF07B907B407AE07A90783
:10670000A4079F07990794078F078A0784077F07C5
:106710007A07750770076A07650760075B07560702
:1067200051074C07470742073D07380733072E0735
:10673000290724071F071A07150710070B07060765
:106740000207FD06F806F306EE06E906E506E00692
:10675000DB06D606D206CD06C806C406BF06BA06B4
:10676000B506B106AC06A806A3069E069A069506CF
:1067700091068C06880683067F067A0676067106E1
:106780006D06680664065F065B06570652064E06EF
:106790004906450641063C063806340630062B06F7
:1067A000270623061E061A06160612060E060906F8
:1067B00005060106FD05F905F505F005EC05E805FA
:1067C000E405E005DC05D805D405D005CC05C805F1
:1067D000C405C005BC05B805B405B005AC05A805E1
:1067E000A405A0059C059905950591058D058905CC
:1067F000850581057E057A05760572056F056B05B1
:106800006705630560055C055805540551054D0590
:106810004905460542053E053B053705340530056B
:106820002C052905250522051E051B051705140540
:1068300010050C05090506050205FF04FB04F80414
:10684000F404F104ED04EA04E704E304E004DC04E6
:10685000D904D604D204CF04CC04C804C504C204AD
:10686000BE04BB04B804B504B104AE04AB04A80470
:10687000A404A1049E049B049804940491048E042F
:106880008B048804850482047E047B0478047504E8
:1068900072046F046C0469046604630460045D049C
:1068A0005A045704540451044E044B04480445044C
:1068B00042043F043C0439043604330430042D04FC
:1068C0002A042804250422041F041C0419041604A5
:1068D000140411040E040B04080406040304000449
:1068E000000100010001000100010001010100019F
:1068F000000101010001010100010101010101018B
:106900000101010101010101010101020101010275
:10691000010201020102010201020202010202025D
:106920000202020202020202020202040202020443
:106930000204020402040204020404040204040423
:106940000404040404040404000000000000000027
:1069500068808080808080808080808080A0C06807
:1069600068808080808080808080808080A0C060FF
:04000005100001E9FD
:00000001FF
