:020000041000EA
:1000000000B50C4B00219960082159610A4919601B
:100010000A490B480160002159600121996001BC27
:10002000002800D0004707480749086003C880F34C
:10003000088808470000001800031F00180200038A
:10004000F40000180001001008ED00E000000000BE
:1000500000000000000000000000000000000000A0
:100060000000000000000000000000000000000090
:100070000000000000000000000000000000000080
:100080000000000000000000000000000000000070
:100090000000000000000000000000000000000060
:1000A0000000000000000000000000000000000050
:1000B0000000000000000000000000000000000040
:1000C0000000000000000000000000000000000030
:1000D0000000000000000000000000000000000020
:1000E0000000000000000000000000000000000010
:1000F000000000000000000000000000A071FAAD48
:1001000000200420F7010010C3010010C5010010F9
:10011000C1010010C1010010C1010010C101001097
:10012000C1010010C1010010C1010010C701001081
:10013000C1010010C1010010C9010010CB01001065
:10014000CD010010CD010010CD010010CD01001037
:10015000CD010010CD010010CD010010A50B002035
:10016000ED120020CD010010CD01001089130020F8
:10017000CD010010CD010010CD010010CD01001007
:10018000CD010010CD010010CD010010CD010010F7
:10019000CD010010CD010010CD010010CD010010E7
:1001A000CD010010CD010010CD010010CD010010D7
:1001B000CD010010CD010010CD010010CD010010C7
:1001C00000BE00BE00BE00BE00BE00BEEFF3058054
:1001D000103800BEF2EB88715CFC041098FC04102F
:1001E0003402001090A31AE700201F49086006C8D7
:1001F00081F3088810471D48006800282FD10DA4FE
:100200000ECC002902D000F012F8F9E71849194A7B
:10021000002000E001C19142FCD1174988471749ED
:1002200088471749884700BEFDE701C901C29A42C5
:10023000FBD3704798FC0410C00000205426002017
:100240002C220510000004206402042090240510D4
:100250000010042090160420000000007047094898
:100260000AF0FCFA0047000008ED00E0000000D0B2
:1002700058260020DC1C0320D1940010193B0010EC
:10028000919400105756000006005250ABB36053D3
:10029000F82D031006005250861C0302082E03108E
:1002A000060052505422A29D142E031005005250F5
:1002B000DE65F468202B0510F8B5C04606480749EE
:1002C000091A8B10C90FC91810B5491003D0044B77
:1002D000002B00D0984710BD542600205426002043
:1002E00000000000054B10B5002B03D00449054861
:1002F00000E000BFFFF7E2FF10BDC04600000000B5
:100300002CF202209012031010B50400037B002B86
:100310000AD1026843689A420FD023685A1C2260AF
:100320001B78A36008232373237B013B2373A368FB
:10033000012018405B08A36010BD2BF057FDECE7CF
:1003400010B50400037B172B0FD8026843689A424C
:1003500011D023685A1C22601978237BA268994027
:100360000A43A2600833237310BD044B044A0548B6
:100370008D2109F091F82BF039FDEAE79012031076
:10038000388F0310A012031070B504000D0020294F
:1003900008DD0B4B0B4A0C489A2109F07DF8200030
:1003A000FFF7CEFF237BAB42F9DBEAB29B1A237344
:1003B000A2681000E840A060A840504070BDC04650
:1003C000DC120310488F0310A0120310002807D07E
:1003D000012807D049000130400808180130704753
:1003E0000120FCE70220FAE7F0B5D6464F46464624
:1003F000C0B58146884617001E00002A08D1023089
:1004000000234A461380E0BCBA46B146A846F0BD78
:10041000012A05D1012303800B7883700430F2E7B1
:100420005B0001339BB203805B009A46851CB200DF
:10043000002128000BF05EF90023BB4213D25A00C2
:1004400042445478002C08DDB44206D8013CA40094
:100450002A5B01322A530133EFE7224B224A234819
:10046000362109F019F8012309E05A1E9200A91853
:100470004988A85A9A0002320918A9520133B34296
:10048000F3D300210FE0480043461B185B78013B83
:100490009B000233EA5A541CEC52524443461B5C04
:1004A000484683540131B942EDD3002200239A46D5
:1004B0000FE09100685A8146881C84465046181AFD
:1004C0008046604644462C524B446B52CA445B0003
:1004D0000132B242EDD3760001377F08F61976007B
:1004E000A81990E7E4120310888F03100C1303106F
:1004F000F8B5DE4657464E464546E0B581460F0004
:1005000090461E00002A09D1023000234A4613807B
:10051000F0BCBB46B246A946A046F8BD012A07D1A9
:1005200002800B784A7812029B1843800430EFE770
:10053000730001339BB29A460380851CB2000021F0
:1005400028000BF0D7F80022424514D253009B1824
:10055000FB189C78002C08DDB44206D8013CA400AE
:100560002B5B01332B530132EEE7224B224A234807
:10057000702108F091FF012309E05A1E9200A9188A
:100580004988A85A9A0002320918A9520133B34285
:10059000F3D3002114E04A005218BC18A378013BA1
:1005A000BA5C9346647824029B000233EA5A501CDA
:1005B000E85252445200200058444B4698520131B0
:1005C0004145E8D3002200239A460CE091006C5A82
:1005D000881C814650461F1A48462F521B196B52E1
:1005E000A2445B000132B242F0D37600464476006A
:1005F000A8198DE7E4120310708F03100C13031079
:10060000F0B5DE4657464E464546E0B587B0050094
:100610008B4603920293FFF777FE00280BD15B46CF
:10062000981C00235A46138007B0F0BCBB46B24664
:10063000A946A046F0BD2800FFF766FE0700082186
:100640002800FFF7A1FE0600C4B208212800FFF72A
:100650009BFE0190C3B29C4221D004212800FFF7E9
:1006600093FE804604212800FFF78EFE82468045D7
:100670001BD04246801A0AF0E5F820231B1A99463F
:10068000002F00D1AAE0FF243440002653460493F3
:1006900000955B460593CB46029B9A4674E0012386
:1006A0005A4613809470101DBEE7FF243440002684
:1006B000019F029B994606E05D4B5E4A5E48BD2164
:1006C00008F0EAFE0134FF233B40A34278D3280020
:1006D000FFF71AFE0028F5D07200531C10998B42C8
:1006E000EAD249468C544A464146D1540136E9E79C
:1006F0004F4B504A5048CC2108F0CEFEAB4213D3AA
:1007000059460098FFF740FE40447200531C534581
:10071000EED26119B954F854013601354B461B1B12
:10072000072BEBDD0723E9E7BA462CE059463800F2
:10073000FFF72AFE404484464B465A00531C10994A
:100740008B4208D26119504681546146C15401233D
:100750009C46E14410E0364B364A3748D92108F030
:100760009BFEB1463E00009F07E0AB420ADB38002B
:10077000FFF7CAFD0028D9D10135331B072BF4DD63
:100780000723F2E74E460834FF27019B1F40A7428C
:1007900012DB009B99461800FFF7B6FD051EE0D05E
:1007A0004846FFF7B1FD0028EDD000231D00B946F3
:1007B0005746109B9A46B1E7049B9A46059B9B4679
:1007C00051463000FFF702FE039B98422AD8534659
:1007D000320002995846FFF707FE25E7FF24344010
:1007E0000026019F06E0124B124A1348E82108F048
:1007F00053FE0134FF233B40A342E1DB2800FFF717
:1008000083FD0028F5D049462800FFF7BDFD404490
:100810007200531C10998B42E5D202998C54C85433
:100820000136E6E7054B034A0348F32108F034FE9E
:1008300048130310588F03100C1303106813031090
:1008400010B50400037B002B0AD1026843689A426A
:100850000FD023685A1C22601B78A36008232373DF
:10086000237B013B2373A368012018405B08A3602E
:1008700010BD2BF0BBFAECE710B50400037B172B7F
:100880000FD8026843689A4211D023685A1C22602C
:100890001978237BA26899400A43A2600833237326
:1008A00010BD044B044A05488D2108F0F5FD2BF0DE
:1008B0009DFAEAE7901203109C900310A012031017
:1008C00070B504000D00202908DD0B4B0B4A0C48C5
:1008D0009A2108F0E1FD2000FFF7CEFF237BAB4219
:1008E000F9DBEAB29B1A2373A2681000E840A0600B
:1008F000A840504070BDC046DC120310AC900310FD
:10090000A0120310F0B5DE4657464E464546E0B508
:1009100085B007000291039298460E9B9B460421E6
:10092000FFF7CEFF814604213800FFF7C9FF82465A
:100930004A46801A09F086FF20231B1A01930026DD
:10094000002526E001993800FFF7BAFF80195D45C0
:1009500015D24B461B01DBB26A00234341468B5440
:100960000132885401350134072C0ED83800FFF7C6
:1009700067FF0028F7D05645E4D13000E7E7184B71
:10098000184A19481A2108F087FD33004E46994647
:1009900001360F2E09D83800FFF752FF0028F7D094
:1009A00000244B46B1461E00DEE751462800FFF703
:1009B0000DFD039B98420CD853462A0041460298ED
:1009C000FFF712FD05B0F0BCBB46B246A946A046F3
:1009D000F0BD064B034A0448222108F05DFDC046E5
:1009E00098130310BC900310B01303106813031086
:1009F000F0B5DE4657464E464546E0B583B00400A6
:100A0000884615001F000C9B99460D9B9A46E422D0
:100A100000210AF06FFEA560534600934B463A0052
:100A200029004046FFF76EFFA168431A5B10E3817F
:100A30001B041A0CDB0BBA1AC918534600934B4619
:100A40004046FFF7DDFDA168431A5B1023821B04BB
:100A50001A0CDB0BBA1AC918534600934B46404692
:100A6000FFF7CEFDA168431A5B1063821B041A0CCA
:100A7000DB0BBA1AC918534600934B464046FFF7A2
:100A8000BFFDA168431A5B10A3821B041A0CDB0B89
:100A9000BA1AC918534600934B464046FFF7B0FDBB
:100AA000A168431A5B10E3821B041A0CDB0BBA1A11
:100AB000C918534600934B464046FFF7A1FDA16875
:100AC000431A5B1023831B041A0CDB0BBA1AC918D8
:100AD000534600934B464046FFF792FDA168431AE8
:100AE0005B1063831B041A0CDB0BBA1AC91853463C
:100AF00000934B464046FFF783FDA568451B6D10EC
:100B0000ADB204214046FFF7DBFE8346022613E028
:100B100033000C335B00E318DD80A1686B007A1BA7
:100B2000C918534600934B464046FFF769FDA56838
:100B3000451B6D10ADB201365E45E9D9A583A168AC
:100B40006B007A1BC918534600934B464046FFF78B
:100B500057FDA568451B6D10002205E0511C530090
:100B6000E318AE3319700A00162AF7DD5200A218F6
:100B7000AE32FF23137020003E30102264210AF0B1
:100B8000B9FD20004E30102264210AF0B3FD200090
:100B90005E30102280210AF0ADFD20009E3001263B
:100BA0007642102231000AF0A5FD20008E3010227E
:100BB00031000AF09FFD2804000C03B0F0BCBB46D6
:100BC000B246A946A046F0BD10B50400037B002B39
:100BD0000AD1026843689A420FD023685A1C2260E7
:100BE0001B78A36008232373237B013B2373A36833
:100BF000012018405B08A36010BD2BF0F7F8ECE76C
:100C000010B50400037B172B0FD8026843689A4283
:100C100011D023685A1C22601978237BA26899405E
:100C20000A43A2600833237310BD044B044A0548ED
:100C30008D2108F031FC2BF0D9F8EAE7901203106F
:100C400018910310A012031070B504000D002029A4
:100C500008DD0B4B0B4A0C489A2108F01DFC2000C4
:100C6000FFF7CEFF237BAB42F9DBEAB29B1A23737B
:100C7000A2681000E840A060A840504070BDC04687
:100C8000DC12031028910310A0120310F8B5CE4611
:100C9000474680B506000C0017000388012B2BD9AE
:100CA000137B072B2ED9BA68FF231340E15C3088F1
:100CB00040008046B044002934D0082926D80820B6
:100CC000401A83401800FF2303402A48C35C4800B1
:100CD000294C04196400A45B9C421DD93C7B641A16
:100CE0003C73CA40BA604000825B9B1A4246D05CAB
:100CF000C0BCB946B046F8BD204B214A2148E72187
:100D000008F0CAFB1000FFF77BFFCCE71E4B1C4A24
:100D10001C48F62108F0C0FB1C4B194A1948F82161
:100D200008F0BAFB120ABA603A7B083A3A73328882
:100D3000013AD10F8A18521091460E4AD45C2236DD
:100D4000082564003800FFF73FFF04433388A342BF
:100D50000BD804360135EDB24D45F2D30C4B084AA1
:100D60008E210848490008F097FB7388E01A434633
:100D7000185CBDE79C8F0310FFFFFF7FEC1303108F
:100D8000D8900310A0120310FC13031008140310D2
:100D900034140310F0B5D6464F464646C0B582B06F
:100DA0008146884617001E000B9B9A461000FFF7ED
:100DB0000BFF002813D00C9B009353460A9A310076
:100DC0003800FFF71DFC04005146300030F020FAD7
:100DD0000A9B5B00F318A3420BD9002418E00C9B7C
:100DE000009353460A9A3100380030F019FA040093
:100DF000EAE70B4B0B4A0C48632108F04DFB4B46CE
:100E00001D193A0051463000FFF740FF28700134A9
:100E10004445F4D302B0E0BCBA46B146A846F0BDA2
:100E2000C0140310F09003106014031070B50A4C46
:100E300022680A4B51008918C9005B1862C862C356
:100E400062C862C30132D117490F521807231340F9
:100E50005B1A236070BDC046142F0120182F01209B
:100E60000B4B1B680B4A126893420ED05A00D218E3
:100E7000D000094A80180133D917490F5B1807229F
:100E800013405B1A024A136070470020FCE7C0461B
:100E9000D82F0120142F0120182F012070B5050034
:100EA0000024072C12D80A4A63001B199B0099588A
:100EB000280006F0CEFA002801D00134F1E7044BF7
:100EC0006200121992009B18187900E0042070BD8E
:100ED000509103100D4B1878002814D10C4B1B783F
:100EE000002B00D1012070470120C0B20133032B39
:100EF000F4D80028F8D1074AD25C002A01D001308A
:100F0000F3E70020F1E700230020F0E78C1C03202A
:100F10005E1C0320E8E50220002200E00132032AE3
:100F20000BD8D300C318002119715B795BB2002B79
:100F3000F4DAD300C3185971F0E77047002300E0DA
:100F40000133032B09D8054A127852B29A42F7D0DE
:100F5000DA0082180021D171F2E770474B1C0320A0
:100F6000002070470020704710B504F0CAFC074B02
:100F70001A68D3171B041B0C9B181B141818044A5F
:100F8000002300210AF0FCFA080010BD44F2022000
:100F90008FC2F50870B582B02A4B18682A4B002121
:100FA000595609F087FC050006F094F9274C226891
:100FB000126890472268D2689047254A1078002826
:100FC0003AD1244B1B78002B04D1234A1268521BC0
:100FD000022A34DC204B1C68651B042D2DDC6D4679
:100FE0000822002128000AF085FB184B1B685B686B
:100FF000210028009847184B1C680521200009F0A3
:1010000059FC164B00229A56154B89008918C900C5
:101010005A1841CD41C25B180122DA710D4B1B7881
:10102000002B05D10C4A136801331360012004E042
:10103000200004F09DFBF5E7002002B070BD180011
:10104000FBE7C04698D70220CF1C032060E60220B1
:101050005E1C03208C1C03209CE602204B1C0320FA
:10106000AC07032070B50F4B1C680F4B1B78002B8F
:1010700001D1200070BD0D4D286804F0A1FB28604F
:10108000094B1B78002B0AD0094B1B78002B03D18E
:10109000064B1B68A342ECDA044B1C68E9E704F03A
:1010A000D9FAF1E79CE602208C1C03209CF8022070
:1010B0005E1C032070B5134B1B78002B00D070BD55
:1010C000FFF752FF104B0021595609F0F3FB0F4B6D
:1010D0001D68451B18600E4B1B68AB420CDCED1AFB
:1010E0000B4B00221A600024A542E8DDFFF752FFF7
:1010F0000028E4D00134F7E7054A5B1B13600025A4
:10110000F1E7C046B21C0320CF1C032030E10220CF
:10111000DC01032010B5FFF727FF044B00215956CF
:1011200009F0C8FB024B186010BDC046CF1C03205D
:1011300030E10220F0B5C64600B504F0D5FB594BAE
:101140000021595609F0B6FB0600574B1860574B63
:101150001B78002B10D0FFF71DFFFFF783FF050062
:10116000534B504A00215156186809F0A3FB2C1A22
:10117000002C0EDC01240CE0FFF79CFFEDE74C4B4C
:10118000484A00215156186809F094FB0019A842FA
:101190001DDCFFF79FFE002809D0454B414A002186
:1011A0005156186809F086FB001985425BDAFFF793
:1011B00081FFFFF757FF05003D4B3A4A002151568A
:1011C000186809F077FBA842D9DD00BED7E704F024
:1011D0008BFB344B0021595609F06CFB801B042813
:1011E0005DDC012004F096FBD3E73800FFF7A6FE94
:1011F00053E0304BA2005218D2009B18DB792E4AE4
:101200005354C01801310329F3DD2C4B1B78002BFC
:1012100001D001281EDD2A4B1B689B686001254A0E
:10122000801825499847224A136801331360380013
:10123000FFF772FE01361B4B002159568E420FDA22
:101240001B4B186809F036FB854200DA00BE00210E
:101250000020D8E7194B00221A7004F0FBF9DAE7F6
:10126000FFF728FF4446631E9846002C17D0FFF76F
:1012700031FE002813D00E4B0A4A0021515618683F
:1012800009F018FB052109F015FB0C004F01094B73
:10129000FF180A4B1B78002BA7D00026CBE780BC99
:1012A000B846F0BDCF1C032058F20220B21C032028
:1012B00098D70220AC070320E8E502208C1C03200D
:1012C00060E60220014B18607047C04660E60220CD
:1012D00070B50C001500002813D0FFF741FE002860
:1012E00012D12000FFF73EFE041E05D0074829005A
:1012F0000AF08EFB012405E0054829000AF088FB6E
:1013000000E00400200070BD0024FBE7F815031086
:10131000B81503100C4A002313600C4A13600364D1
:101320000122C263436442600260094A137005E00F
:101330005A1E1A43D20F0749CA540133032BF7DD53
:101340000268054B1A70704744F202209CF8022094
:101350004B1C0320E8E50220CF1C0320054A002394
:101360001360054A1360054A1360054B01221A7089
:101370007047C0469CF802209CE6022098D70220C5
:101380008C1C0320F8B505240457002C1FDB6300D8
:10139000C518AE352D786DB2457145187E352E785D
:1013A000771C2F70002E24D145188E352D786DB204
:1013B000013512D145189E352D786DB2013512D107
:1013C00041180D009E352C708E310C701AE0124BB6
:1013D000124A1348532108F05FF8124B0F4A104885
:1013E000572108F059F8104B0C4A0D48582108F0C5
:1013F00053F841189E3100254D576D004519AE3503
:101400002C700C70C118AE31FF240C700133C01861
:10141000AE300270F8BDC0466C1603101492031073
:1014200088160310C4160310E816031070B543188D
:101430007E331B7893421AD944187E34013B2370C3
:10144000002A20D143188E3300229A56002A14DB3A
:101450005300C318AE3300241C5743188E331C703E
:10146000002C4ADA41189E31FF230B7045E02E4BC9
:101470002E4A2F48712108F00FF82E4B2B4A2C488A
:10148000762108F009F843188E331B785BB2002BE5
:1014900010DB44189E3400256557002D10DB012A0F
:1014A0001ADD5B00C318AE331B785BB2002B0DDB7B
:1014B000013AF4E7204B1D4A1D487E2107F0ECFF5E
:1014C0001E4B1A4A1A487F2107F0E6FF1C4B174AA9
:1014D0001748832107F0E0FF5C000219AE32127852
:1014E00052B2002A15DB954219D05300C318AE330F
:1014F0001B785BB20419AE342370530005240457E3
:10150000C118AE310C7042710133C018AE30007892
:1015100070BD084B054A0648862107F0BDFF4118FB
:101520009E310B70E1E7C0460C170310FC910310CD
:101530008816031034170310481703106C17031094
:101540009017031010B50400037B172B0FD8026807
:1015500043689A4211D023685A1C22601978237B71
:10156000A26899400A43A2600833237310BD044B5C
:10157000044A05488D2107F08FFF2AF037FCEAE77F
:1015800090120310DC910310A012031070B5040038
:101590000D00202908DD0B4B0B4A0C489A2107F05F
:1015A0007BFF2000FFF7CEFF237BAB42F9DBEAB2E3
:1015B0009B1A2373A2681000E840A060A840504026
:1015C00070BDC046DC120310EC910310A012031092
:1015D00010B50400037B002B0AD1026843689A42CD
:1015E0000FD023685A1C22601B78A3600823237342
:1015F000237B013B2373A368012018405B08A36091
:1016000010BD2AF0F3FBECE7F8B5CE46474680B5AF
:1016100089460388002B1DD05A0090468044012B38
:101620001ED0013BDF0FFF187F10851C0026002411
:1016300064004846FFF7CCFF04432B88A34212D82E
:1016400004350136B742F3D80B4B0C4A0C48DF2166
:1016500007F022FF0B4B094A0948CA2107F01CFF7B
:101660004346187803E06B88E01A4346185CC0BC18
:10167000B946B046F8BDC04634140310D0910310EB
:10168000A0120310A017031010B503F0A1F810BDAD
:101690000120704710B503F09BF810BD026B0123C9
:1016A0005A4093009B189B00C018806870474620E2
:1016B0007047000070B504000D000F4904222FF0A0
:1016C0003FFC00280CD10C2003F03CF8002806D089
:1016D00063684360083DAB4207D10834046070BDC5
:1016E00006480AF065F90020F9E7054B054A064867
:1016F000064907F0D1FEC046AC170310B41703101B
:10170000E01703103492031008180310DB030000E5
:10171000F0B5D6464F464646C0B582B00400056BCC
:1017200001235D4005634333984680440700343706
:10173000436B002B00D198E043461B79002B1CD053
:10174000E06C230044339B895B00C0183900FFF72D
:101750005BFF0609F6B2AB005B199B00E3181E6144
:101760000021996159610F2319000140072900D90F
:1017700063E18B00B649CB589F46C06C4646738BDD
:101780005B00C0183900FFF73FFF3071D8E7042134
:101790003800FFF7FBFE0190C6B208213800FFF7C2
:1017A000F5FE002E09D1AB005B199B00E318C022A7
:1017B0001A733F3202405A6138E0731EDBB2082BC5
:1017C0000ED8AB005B199B00E318B0221A73A14A34
:1017D000FF21019E0E40925D5A610140996125E012
:1017E0009D4B9E4A9E489F4907F056FEE06C2300A1
:1017F0004433DB895B00C0183900FFF705FFC307DE
:1018000039D50130C10F09184910230044339B1901
:101810003E331A785218D2B21A70AB005B199B0093
:10182000E318B0211973A93959619A61636B002BD0
:1018300000D108E1220044321379013BDBB213717D
:10184000002B00D001E10026E06C230044339B8B89
:101850005B00C0183900FFF7D7FE3618FF28F3D019
:10186000AB005B199B00E418A66002B0E0BCBA466E
:10187000B146A846F0BDC10F091849104942C4E756
:10188000E06C230044331B8A5B00C0183900FFF76B
:10189000BBFEC30718D50130C10F0918491022003B
:1018A000443292195E3213785B18DBB213709B01DD
:1018B000AA0052199200A218E0211173613919404F
:1018C0005161DB099361B1E7C10F09184910494221
:1018D000E5E7E06C230044335B8A5B00C018390005
:1018E000FFF792FEC30715D50130C10F0918491043
:1018F000230044339B196E331A785218D2B21A70EF
:10190000AB005B199B00E318B0211973AF39596123
:101910009A618BE7C10F091849104942E8E7E06C6A
:10192000092E2FD0230044339B8A5B00C018390056
:10193000FFF76AFE8146E06C230044331B8B5B009B
:10194000C0183900FFF760FE824681281FD080282A
:1019500028D022004432931919004E3108703E33CA
:10196000187090714A4631004046FFF70BFDAB00FE
:101970005B199B00E31890221A734A465A6152463B
:101980009A6153E723004433DB8A5B00CEE72300F0
:1019900044339A799B1919004E310A703E331A70FC
:1019A0009246DFE7230044339B194E331B789A4657
:1019B000D8E7230044339B197E331B78002B0ED0CD
:1019C000012B12D8002231004046FFF72FFDAB005B
:1019D0005B199B00E31880221A73586126E7224B9B
:1019E0001E4A1F48214907F057FDE06C0C332200C6
:1019F00044325B00D218D3885B00C0183900FFF76F
:101A000003FE0200DFE703213800FFF7BFFD0A30C5
:101A1000AB005B199B00E318B0221A730D4A125CED
:101A20005A6103E7AB005B199B00E318FF221A73AE
:101A3000D03A1A6100236363F8E60D4B074A084861
:101A40000C4907F029FD00260AE7002608E7C046F2
:101A5000B0910310589203104018031028920310FD
:101A600008180310FB030000641803103104000081
:101A7000841803104904000010B5026B93009B18F2
:101A80009B000833C3180B60FFF742FE012010BD16
:101A900030B5124CA5440400002343600363836007
:101AA00001680A684968426352188263C36301008F
:101AB00034310B7302002932FF32C03344308025A9
:101AC000AD00019502AD00955B00FEF791FF20008F
:101AD000FFF71EFE83239B009D4430BDF4FDFFFFF6
:101AE00070B506000C1E0DD18520C00002F02AFE44
:101AF000050063001B199B00F3180360FFF7C8FF84
:101B0000280070BD024B034A0348044907F0C4FC97
:101B10008C1803104492031008180310BE02000032
:101B200080231B06C3600360014B836043607047E2
:101B3000FFFFFF7F83688B4205DD8160436893422E
:101B400006DD42607047C3688B42F7DAC160F5E793
:101B500003689342F6DA0260F4E70000F0B583B060
:101B6000040001914679002E05D000682FF0D8FAC4
:101B7000237998422CD3A779256828002FF0D0FA32
:101B8000874216D2EB5D019A93420FD00023A371D6
:101B90000023E371A57920682FF0C2FA854219D39A
:101BA0000723E356B3420EDA002014E00137A77191
:101BB000EEE70723E356B342ECDA084A0199D15421
:101BC0000133E371E6E70023E371A371012002E032
:101BD000002000E0002003B0F0BDC046A4F40220C5
:101BE00010B5030008005A79014909F089FD10BDBC
:101BF000A4F40220704770477047704730B589B031
:101C00000500002406E00134044A23002021684630
:101C100001F0E0FFAC42F6D309B030BDB0180310BC
:101C2000704710B50B1482B25A430414634389B24F
:101C300080B24843614311441B04000C084418441B
:101C400010BD10B5FFF7EDFF10BD000010B50A0084
:101C5000C11743184B409B13D417111961408B4295
:101C600006DB504001D4054807E08020000604E070
:101C700001140004D31708F06BFE10BDFFFFFF7FB7
:101C80008000044B1B681B581B021B0A024A106889
:101C9000C01870476CE60220C01A0020034B186081
:101CA00001230370002343707047C04610110320C6
:101CB000F0B5DE4657464E464546E0B5B54B93B0C7
:101CC00009931B680590002B00D1D3E3059B59783D
:101CD0001A780B020B9206911A43012A00D8D0E021
:101CE000012317009A4604930E339B46AA4B1B68A8
:101CF0000D93AA4B0A93AA4B0C93AA4B0E93059AE9
:101D0000049B91469B0099444B465D789B78EA0979
:101D10005B001343984642460A9B52001B68012110
:101D2000D05E4B461E7853462B401B021E434B464B
:101D30000096DC78FFF7A4FF5246C378811D1A4055
:101D4000039252461A4209D0827882189279022A66
:101D500001D900F0FBFB0999920089586D06AA0E83
:101D600007920C9A457806781278029565190196C3
:101D70009E08954203DD121B0292002A7BDD0E9A1B
:101D80001278944209D2029D121B0892954272DD8C
:101D9000AA1A02920622944666448022039DDB0121
:101DA000AC4652001A40019B1A43837806336344C1
:101DB000C018A3001B19009C9B01A4460D9C634402
:101DC000A446634403930B2E00D95FE2764BB40024
:101DD0001B599F4608998C464B006344C0180299D2
:101DE00000293DD0039C0323A4468846A343013326
:101DF0009C444B004344511EC3188846069323005D
:101E000066461091D11E0B91911E43441191009290
:101E10000178009A2170022A15DD0B990A2900D851
:101E20001BE300270022611C851CA9425741002F9B
:101E30002ED1451C9D422BD2009A45780D70013160
:101E40009942FAD10092817841341970069941364D
:101E500041330330FF34FF36FF338842D8D1009A34
:101E6000079B002B00D0F4E0059B5A781B781702E3
:101E700006920B931F43049B013304939F4200DDA2
:101E80003DE713B0F0BCBB46B246A946A046F0BD44
:101E90000321E743A14300D1E6E2022245786570C1
:101EA0003A4200D1DDE20132A570144200D0DEE2F8
:101EB00045780132E5700192119A4578521A9708D7
:101EC0000F92BA002F022F43B846944642462F0481
:101ED0001743624631002D063D439719009A20C1F1
:101EE000B942FCD1019900920F9A61446245AAD08F
:101EF0004778109A4D1C67549542A4DA0231675511
:101F00009142A0DA457865549DE7089B002B00D1EB
:101F10001AE14C461E00039B00948C4604001800F6
:101F200000218146080015E040186178023401293B
:101F300006D98D1E6D086B00023001351818641922
:101F400053460B4201D001300134904200DDD7E20C
:101F500000D180E22178FF29E6D1484601344130A2
:101F6000013EFF30002EDBD1009B61469946030005
:101F70002000012464420894029C002C00D0EBE075
:101F8000079B002B00D176E74346142B00D072E765
:101F9000069BAAE270010320642E01204018032052
:101FA000BD1A0020D91C03206C460410039E029C1D
:101FB000002C00D154E7A446A30063449B01F3180E
:101FC000019353109C4653461340984663465D0068
:101FD0004B46069303006046AC46454690461C00BF
:101FE00037001A18002800D139E281460800110094
:101FF00000955A465D4623781A401D4201D0825C06
:102000003A701B0901D0C35C7B7001340237A142D6
:10201000EFD10A001300624601004846009DB41843
:10202000002D0AD05F461A781740B9465F4617421E
:1020300002D04A468A5C227001334136019AFF364B
:102040009642CCD1069B42469946079B002B00D175
:102050000AE74B4659789B78C9095B000B43143B50
:1020600059424B41D21A029B002B00D138E2079F04
:102070005743002F00DCF7E6032138000223884392
:10208000511E8B429B4102995B4201938B005E186B
:10209000039B01009C460325814601310230B601B5
:1020A000029103906644D919AC4698181D007B1E16
:1020B000069313004B440F93029BBC089846904430
:1020C00043460793039BA4009846904443460B93D2
:1020D000069B009798464346062B2ED92B00674651
:1020E00003431F4229D1019F0023002F25D0EF5821
:1020F000C7500433A342FAD1009FBC4211D04B46D3
:102100000F9FEB5CEB55009F029B9F4209DDEB5C50
:10211000079FEB55009F039B9F4202DDEB5C0B9FEB
:10212000EB55413541314130FF35FF31FF30AE4293
:1021300000D199E64346062BD0D82B001F789F5438
:1021400001338B42FAD1ECE701235B420893029CF6
:10215000039B002C00D113E72500AC46A4009D187A
:102160006444AC4606924D466246A4011C19019592
:1021700000921D0002009946A0461378FF2B00D163
:102180005AE15478ED180232012C17DD681E160052
:102190009446012302005846377801363840085CDF
:1021A0003F09D054C85DE85402339C42F3DC6246D8
:1021B000A31E5B080133D2185B00ED18534623427F
:1021C00006D05846137801320340CB5C2B700135A2
:1021D000009B9D4200D999E1CFD110004B46444667
:1021E000009A41334132FF32FF330092A342C0D103
:1021F000019B069A994633E6029C002C00D12FE6FB
:10220000A446A3005410A046039C6344A4465B016B
:1022100043445B006344019343465B009C46534642
:10222000134000934B4606931300260042469846FF
:1022300063466644050034009146F31A002A23D011
:102240005A462F7801353A408A5C3F091A70CA5DB8
:102250005A700233B342F3D14A468018009B002BD8
:1022600005D05D46037801302B40CB5C23704136AE
:10227000019BFF36B34200D1E4E66346050034001B
:102280009146F31A002ADBD11C00E7E73300042251
:10229000063B934300D1EEE57421AF4BAF4AB04803
:1022A000FF3107F0F9F8029B002B00D1D8E59C46DE
:1022B000039E9C006444B4460700A40135006444B6
:1022C000B6189446A0462A003B000C001978FF2956
:1022D00000D1BAE0521859780233002908D0002002
:1022E0001F5CE75D175401308142F9DC5B1852181E
:1022F000964200D211E1E9D1210062461F00444616
:1023000041354136FF35FF36A542DAD1A8E5029BBB
:10231000002B00D1A4E51D000323A846039E9C4684
:10232000AB004344B0469B0198444D46B3180F920E
:1023300037003F2442460B9500933E009146069796
:102340000278FF2A7DD04778831C9846B618032F61
:1023500070DD1D0063463200981B01966E78AB78E5
:1023600036021B0433432E780335334326001E40C8
:102370008E5D16709E0926408E5D56701E0B26409F
:102380008E5D9B0C9670CB5CD37004328318BB427D
:10239000E4DB3A1F920801325000019E801892003F
:1023A0004044B618654663463D403B4219D0220082
:1023B00007783A408A5C3270012D31D04278BF09EB
:1023C00092003A4327001740CF5D7770022D2ED040
:1023D000857892092D01154325404A5D0330B2707E
:1023E0000336009B9E4220D89E42A9D14A46069FB2
:1023F000009B41374133FF33FF37009397429CD115
:102400000B9B0F9A99462BE5089C531CA4465B1026
:102410006343C018A3006344039C9B01E618C6E510
:10242000009B013601309E42DED9A82176E00230C1
:102430000236D6E71800B5E710004B464446013097
:10244000CEE64A46069F0130D2E71F0021006246D1
:102450004446013754E7484681E5611CECE434000A
:10246000DEE50222019227E50122019224E5032202
:10247000019221E53B4A883315685B000121E85E43
:10248000FFF7FEFB00284FD00124C3781C4251D037
:102490008378002B54D0B523099E06305B00306052
:1024A0000121E85EFFF7ECFB00283DD0C3781C4219
:1024B00040D08378002B43D0A72306305B007060A8
:1024C0000121E85EFFF7DCFB00282DD0C3781C4219
:1024D00030D08378002B33D00630B060FFF7F6FBA6
:1024E000059B1A785B780B9206931F020B9B1F4388
:1024F000049B013304939F4201DDFFF700FCC0E41D
:10250000F021164A1648184B06F0C6FF0621174B55
:10251000124A1348FF3106F0BFFFB021134B0F4A98
:102520000F48490006F0B8FFBA210C4A0C48104B7E
:1025300006F0B2FFBB21094A09480E4B06F0ACFF7A
:10254000BC21064A06480C4B06F0A6FFC721034AE9
:1025500003480A4B06F0A0FF90190310AC46041084
:10256000D0180310401803207C190310841903109D
:10257000C8180310081903102C1903104819031068
:10258000F0B5C64600B5414C246855002C5FA40048
:102590003F4D2D682D592D022D0A3E4C246864199B
:1025A00004256557491B05256557401B11D425781F
:1025B000E678F60180277F003E4035432D18A0269F
:1025C0007600B54205DC002903DB64786418C82C6A
:1025D00000DD00BE304C2468002C4FD02678657892
:1025E0002D023543A778E67836023E43B54242D8FD
:1025F000AD006419012637001740FD01A846657833
:10260000AC467F2567463D4047463D4365705208CE
:10261000A270214C2268177855782D023D43AD00F9
:1026200052191070000A30405578B5432843507055
:1026300020680578427812022A4392008018C170FF
:10264000216808784A7812020243920089183F22D2
:102650001A4052004B787E20834313434B7022680C
:10266000117853781B020B43013399B28130034038
:102670001370090A517080BCB846F0BD074B084A78
:10268000CC210848FF3106F007FFC0464018032060
:102690006CE60220C01A002010110320C819031094
:1026A0009C460410D018031010B50023FFF768FFF4
:1026B00010BDC04610B5FFF7F7FF10BD10B5FFF70E
:1026C0005FFF10BD7047C046024B034A12681A6094
:1026D0007047C046642E01201828002070B5050000
:1026E00000F0A8F8041E25D0154B1B6819795A79FB
:1026F00012020A43997909041143DA7912060A434E
:1027000010490A60187A597A09020143987A00043C
:102710000843D97A0906014359180B48016018008B
:102720000C300A4908600A3292009B18084A13606C
:10273000200070BD0748290009F06AF9F8E7C04693
:10274000C01A002024F202206CE602204418032064
:1027500068E60220D4190310F0B5C64600B58046DD
:10276000134B1B689A7DDE7D3602164300270AE074
:10277000104B1B685B190A20185E80BCB846F0BD80
:102780002600B74211D0BB19DC0FE41864106500B5
:102790002D19AD00074B19684919404604F059FE40
:1027A0000028E5D0ECDB671CEBE701204042E4E7C2
:1027B0004418032068E6022010B5FFF7CDFF00287B
:1027C00000DB10BD00BEFCE7084B1B68984200D33D
:1027D00000BE8000064B1B681B1858681B68C01A97
:1027E0000002000A9B0FC01A7047C04624F2022064
:1027F0006CE6022010B5FFF7DFFF8000044B1B687A
:102800001B581B021B0A034A1068C01810BDC046A3
:102810006CE60220C01A0020024B1B68984200D3CD
:1028200000BE704724F2022010B5FFF7C5FFFFF786
:10283000F3FF10BD70B5050000240020002C00D06F
:1028400070BD044B1B68280098470028F8D101345C
:10285000F4E7C046C0460410704770B5050010008C
:102860001C006B685918220008F04AFF200070BD58
:1028700010B50B4B1B78492B0DD10A4B1B78572BEE
:1028800009D1094B1B78482B05D1084B1B78442BE9
:1028900001D1074810BD0748014906F095FEC04622
:1028A00000000610010006100200061003000610CA
:1028B000CC460410E819031010B500280FD0094ABF
:1028C000094BC318934204D8830702D18003000C3C
:1028D00010BD064B064A0748CC2106F0DDFD00205E
:1028E000F6E7C046FCFF0300FCFFFFDF141A0310ED
:1028F0000C470410401A031010B58023DB029942E4
:1029000007DA0331CA17032313405B189B10838037
:1029100010BD034B034A0448592106F0BDFDC046D3
:10292000781A0310F8460410881A0310013870470B
:1029300070B582B001A801F063FC04000D4B186073
:10294000019D0560060010363000FFF7B5FFE080FE
:10295000A0800123A372E660201DFFF7ADFF208257
:1029600060820423A375290010393000FFF7C4FFEB
:1029700002B070BD98E6022070B50600083E042340
:10298000B3717488002C13D080231B059C466444CB
:10299000A400A379042B0DD03388002B2DD08022E6
:1029A0001205944663449C00A379042B27D070BD84
:1029B0000024EEE7A18889000838050083889B0081
:1029C000C9182000FFF798FF2B882380002B0FD019
:1029D00080221205944663449D002000FFF76CFF9F
:1029E0006880164B1B68DA68964203D02600D3E74E
:1029F0000025F2E7DC602600CEE70024D4E7A188BA
:102A00008900B3889B00C9183000FFF775FF238841
:102A10003380002B0FD080221205944663449D0022
:102A20003000FFF749FF6880044B1B68DA68A24258
:102A3000BDD1DE60BBE70025F2E7C04698E6022084
:102A4000F8B5CE46474680B5884603300323984301
:102A500007000533994681444E465B4B1B68DB6893
:102A60005888002812D080221205944660448000C5
:102A70008279042A00D018004588002D08D08023D0
:102A80001B059C466544AD00040031E00020EFE7E3
:102A90000025F9E74D4806F097FD6388002B18D014
:102AA00080221205944663449C000830FFF764FFBF
:102AB0002488002C0FD080231B059C466444A4006E
:102AC0002088002828D080231B059C466044800075
:102AD0000BE00024E9E70024F2E7008800281DD07D
:102AE00080231B059C4660448000A379042B17D0EB
:102AF000A842CFD08379042BEFD0062BCDD8008805
:102B0000002806D080231B059C46604480000400FA
:102B1000EBE700240020E8E70020E6E70020E4E7F8
:102B2000A1888900B142E3DB4B46C91A402918DC71
:102B30004346062B37DCA371200008302388224A45
:102B40001268002B36D0802109058C4663449B0017
:102B5000D360032F30D90023A360C0BCB946B04670
:102B6000F8BDE5182800FFF7C7FE0423AB7120006D
:102B7000FFF7A2FE688023882B80002B11D08022D3
:102B80001205944663449E002800FFF795FE70806E
:102B90002800FFF791FE208049462000FFF7ACFE99
:102BA000C6E70026F0E70A4B0A4AC6210A48490050
:102BB00006F072FC0023CBE7084B064AA821064822
:102BC000FF3106F069FCC04698E60220C01A0310E7
:102BD000D01A0310E8460410881A0310E41A0310F0
:102BE00070B505000E00144B1B689888002805D0AE
:102BF00080231B059C466044800004E0002002E026
:102C000000240DE020000C4B1B680433834212D0DB
:102C10000388002BF4D080221205944663449C0064
:102C20008379042BEED0AB42ECDBB342EADC083014
:102C3000FFF7A2FEE6E770BD98E6022070470000AD
:102C400030B50F4B1D68002D17D00E4B1868013D95
:102C50000B4B1D60002306E0591C0A4A8C00A45847
:102C60009B009C500B009D42F6DC074A1368591CE0
:102C70001160064A9B00985030BD0020FCE7C0461A
:102C80005C0F0320140F0320100F0320C80E032035
:102C900070B5154B09221A60144B00221A600025EA
:102CA0001FE00921280007F005FE114C6B005A199E
:102CB000D20011550F4A880080585B19DB00E418D8
:102CC0006070093189008B58A3700921280007F032
:102CD000F1FD0002A08100232361074BAA00D4501C
:102CE0000135082DDDDD70BD5C0F0320100F0320C2
:102CF000600F03201C4D0410140F03208B68092B58
:102D000007D00F2B07D09800C0188000034BC018C5
:102D100070470F23F7E70923F5E7C046CC220120CF
:102D200070B543790169C4780A78D2070AD42201C0
:102D30008A18957CD27C12022A43120412149B1822
:102D400000E00C33002BFCDB00E00C3B5F2BFCDCD9
:102D500002335B01426912699A18002C03D08B7808
:102D60005B08403BD218002A1DDB8E235B009A4291
:102D70001ADB1D3AFF3A1400C0214900100007F089
:102D800099FD0D00C0214900200007F093FD0300CC
:102D9000062800D907231D35FF35054A6D00A85ABE
:102DA0009B02184303E00022014B5200D05A70BD31
:102DB000E447041010B50C00FFF7A0FFE268D30051
:102DC0009B189B00024A1268D318036010BDC046CE
:102DD00094E60220084B1B680360084B1B684360A5
:102DE00064228260642B01DD642343603023C3606E
:102DF000002303617047C04694E60220742D012031
:102E0000044B1878002804D0034B1868431E9841DF
:102E1000C0B270478A1C032020F2022010B50400C3
:102E20000068FEF73BFC0200074B186800230021F6
:102E300008F0A6FB054B1A68002307F0A1FD044A21
:102E4000230009F087FC10BD600903204C08032013
:102E5000C935001070B5194B1B78DA071CD4174A16
:102E600002218B431370164B164A12681A60164BD8
:102E7000164A12681A600024124B1B68A34210D92C
:102E8000A500134E33685859FEF702FE306840190A
:102E9000FFF7C4FF0134EFE7084A02210B43137028
:102EA0000BE0002407E0A3001B199800094BC01891
:102EB000FFF790FF01340F2CF5D970BDA31C032040
:102EC000B4FA022020F2022040050320742D0120D4
:102ED00000090320CC22012010B503000020185661
:102EE000B0309A89D989090A104309F0B2FB10BDA4
:102EF000F8B505001A4B1B68834205DC184B00220D
:102F00001A60184B1A60F8BD174B8200D658300073
:102F1000FFF7E2FF002373617371F3789C46104B57
:102F20001F68013F1F602B0006E0591C0E4A8800F5
:102F300084589B009C500B009F42F6DC094A1368A2
:102F4000591C1160094A9B009E506346002BDAD041
:102F5000074B1B78012BD6D82800FFF7C9FFD2E713
:102F6000100F03205C0F0320C80E0320140F032052
:102F7000C61A002070B50C00FFF7C0FE0500E66819
:102F8000002400E00134094B1B68A3420DDD084B0F
:102F9000A200D3585A69AA42F4D11B79B342F1D1A5
:102FA0002000FFF7A5FF013CECE770BD100F0320E8
:102FB000C80E032010B50020002200E00132094BAA
:102FC0001B6893420ADD084B9100C9584969840087
:102FD000E3585B699942F1D91000EFE7FFF788FFEA
:102FE00010BDC046100F0320C80E032070B50500A9
:102FF000802424020020002300E00133094A1268E3
:10300000033A9A420BDD084A99008A58917AA14204
:10301000F3DA5269AA42F0D30C001800EDE7FFF78B
:1030200067FF70BD100F0320C80E032010B50020ED
:10303000002301E0180001330A4A12689A420EDDAB
:10304000094A99008A58D1780029F3D15169064A72
:103050008400A25852699142EDD31800EBE7FFF7C4
:1030600047FF10BD100F0320C80E032070B50500E8
:10307000002400E00134084B1B68A3420ADD074B23
:10308000A200D3585B69AB42F4D12000FFF730FFB8
:10309000013CEFE770BDC046100F0320C80E0320AF
:1030A00070B504000D000979002A1CD03F2211439D
:1030B000C9B219702000403009F0CBFA29782000FD
:1030C000203009F0C6FA69782000603009F0C1FAB2
:1030D000A9782000803009F0BCFAE9782000E030BF
:1030E00009F0B7FA70BD6A791143E2E7F8B5040058
:1030F00003698B422DD02161E27012018D18AE7AE6
:1031000002202056A289E31D29000B311043012221
:10311000FFF7C6FF01202056A789230008330122AC
:103120003240291D3843FFF7BBFF00202056C03036
:10313000A389A97A627A1143184309F08AFA2A7B93
:10314000697B0F230B4012099B181E22D31AA3720E
:10315000F8BDC3789342CED1FAE770B50400FFF70B
:10316000DFFD0500E389834200D170BD00202056B9
:10317000A030A389FF212940184309F06AFA0020F2
:103180002056B030A389290A20221143184309F0A0
:1031900060FAE581E9E70000F0B5A5B00C00FFF7A3
:1031A000ADFD07002369403B036100240026002594
:1031B00009E0FFF7D2FF174BAA00D158B20012ABBB
:1031C000D15001360135144B1B68AB420ADD114B5F
:1031D000AA00D0584369BB42EBD0A3006A4698507E
:1031E0000134EFE7002305E09A0069465058094989
:1031F00050500133A342F7D3002307E01919980078
:1032000012AA8058034A890088500133B342F5D38B
:1032100025B0F0BDC80E0320100F0320F8B5040040
:10322000FF2915D881710569C67843695B68234811
:10323000C35C01335B00FF220A40825C53435B0A9C
:103240003F27FF1AE1793F230B40BB4206D1F8BD6F
:103250001B4B1C4A1C481D4906F01EF93F2399438D
:103260003943C9B2E171022020564030A389184386
:1032700009F0EFF93301EB189B7ADB07E7D533014F
:10328000EB185B7A3F2BE2D09F4200D81F00227AD6
:103290003F23110099430B003B439A42D7D023723E
:1032A000012020564030A2893601AD19297A3F24E9
:1032B000A1431943104309F0CCF9C8E7644704104F
:1032C000041B03101C470410141B031045020000CC
:1032D000F0B583B007000E0015000193124B1B7868
:1032E000002B00D10025FFF7ABFC041E17D047616F
:1032F000089B03713378DB0713D5F3784371FB68C0
:1033000063722A0031002000FFF7F0FE09992000C7
:10331000FFF784FF0023E3812000FFF71EFF03B0C7
:10332000F0BD019B4371EAE7C61A0020F0B5CE4616
:10333000474680B583B00C00CE680F69002F2DD0B2
:10334000FFF7DCFC0500A368092B2AD00468B0460F
:10335000227863781B02134304221A409146424BA1
:103360001B78002B37D0012B52D0404B1B68002B11
:1033700000D175E001970096434600222100280005
:10338000FFF7A6FF4B46002B34D00197009643462B
:10339000012221002800FFF79BFF2BE0FFF7EAFD49
:1033A00028E03300233B2E2B24D8314B1C68F3003C
:1033B0009B199B002F4A94466344E4182E490B68DE
:1033C0002E4AD65401330F2213400B603C239846FB
:1033D000BEE7FFF7EFFD2A4B1B68082BF9D84B46D9
:1033E000002B0CD1019700964346002221002800B3
:1033F000FFF76EFF03B0C0BCB946B046F0BD019701
:1034000000964346012221002800FFF761FFE9E70B
:103410001B4B1B68092B0FD0194B1B68082B0FD0B7
:103420004B46002B13D10197009643460022210002
:103430002800FFF74DFFDDE72800FFF7D7FDEBE79A
:103440004B46002BEFD02800FFF7D0FDE8E70197AF
:1034500000964346012221002800FFF739FFE2E7EA
:10346000FFF7E4FD86E7C046C61A00205C0F032084
:10347000B8F4022014FBFFFF20E1022010E102203B
:10348000100F032070B505008160104B1B688B4244
:1034900000D30B00002A04D00D4A12689A4200D2D1
:1034A00013006B60002400E00134082C0DD8094B98
:1034B00062001219D2009B185B69AB42F4D1054837
:1034C00080188179FFF7AAFEEEE770BD742D012008
:1034D00040050320600F032010B50C00FFF70EFC21
:1034E000E3682169072B04D07B2B05D1FFF7BEFDD4
:1034F00002E00122FFF7C6FF10BD000070B5050015
:103500000F4B1B6883421AD00D4B1860002409E052
:10351000A000001980000B4BC01800222900FFF703
:10352000B1FF01340F2C0AD8F2D00648A3001B19B2
:103530009B00C01881680022FFF7A4FFF1E770BD6F
:10354000742D0120CC22012070B50400034D2868A1
:10355000210009F031F92C6070BDC04660090320DC
:1035600010B50C69CA688B68512B00D010BD032AB6
:10357000FCD12078000463781B021843A378184319
:10358000FFF7E2FFF2E710B50B79C02B16D008D891
:10359000902B0DD0B02B0ED0802B01D1FFF7EAFC81
:1035A00010BDE02B0DD0FF2BFAD1FFF7D9FFF7E7C5
:1035B000FFF7BCFEF4E7FFF78FFFF1E7FFF7FAFB39
:1035C000EEE7FFF7E9FDEBE710B582B00400006815
:1035D00001A9FEF751FA002801D102B010BD0199EE
:1035E0002000FFF7D0FF019B1A79FF2A02D19B68C8
:1035F0002F2B03D02000FFF711FCEEE7084A1368D9
:10360000013B1360002BE8D1064B1B78002BE4D064
:10361000054A00230548002109F09CF8DDE7C04673
:10362000B4FA0220B61C0320552E001088130000A7
:1036300010B5174B1B78002B00D110BD09F09EF878
:1036400009F092F8002408E0A3001B199800114B20
:10365000C0180021FFF70AFD01340F2CF4D9002413
:1036600006E00D4BA2001B689858FEF713F80134D2
:103670000A4B1B68A342F4D8074C206801F0A8F855
:1036800000232360054A136009F082F8D5E7C0469D
:103690008A1C0320CC2201200009032020F20220F2
:1036A00010B5044B1B78002B00D110BD002009F091
:1036B00079F8FAE78A1C032010B5104B1B78002B11
:1036C00000D110BD012009F06DF8002400E00134A4
:1036D000082CF6D80A4B62001219D1005B185B69FE
:1036E000002BF4D0064B5B181A69064B1B689A42F4
:1036F000EDD2034BC818FFF7EFFBE8E78A1C032065
:10370000600F0320B8F4022010B5054B1C688B0035
:10371000E418FEF7E5F920602000FFF77FFB10BDFD
:103720000009032070B505000C001E4B1B78002B10
:1037300037D0002835D0FDF7ABFF800001F002F84C
:10374000194B18602800FDF7A3FF184B1860184BA1
:103750001860184B1C702800FDF7A9FF164B186065
:10376000164B174A1A60174B174A12681A60002442
:1037700004E021002800FFF7C7FF01340B4B1B6852
:10378000A342F6D8002407E0A000001980000F4BE8
:10379000C018FFF71FFB01340F2CF5D9002009F0EA
:1037A00001F870BD8A1C03200009032020F20220CA
:1037B000B4FA0220B61C03204C0803206009032041
:1037C00020A1070040050320742D0120CC220120F8
:1037D00010B5044B1B78002B03D0002801D0FDF757
:1037E00053FF10BD8A1C032010B5044B1B78002B1F
:1037F00002D0FDF75FFF10BD0020FCE78A1C03200C
:1038000010B5084B1B78002B00D110BDFFF710FF3F
:1038100008F0F6FE0448FFF707F8024B00221A7082
:10382000F3E7C0468A1C0320501B031010B50B4859
:103830000121FEF7DFFF02000832094B1A60094B35
:10384000C218094B1A60094BC218094B1A60094B80
:103850009C466044084B1860012010BD501B0310AB
:1038600094E6022008120000B8F40220A418000018
:1038700090E60220A4280000BCF4022010B50E4BF4
:103880000020185E08F0AEFE002008F003FFFFF7EE
:10389000CDFF041E0CD0FFF7FBF9084B00221A6085
:1038A000074B1A60074B01321A700124200010BD2B
:1038B00008F0A6FEFAE7C046C41A0020000903205B
:1038C00020F202208A1C0320014B18707047C0466A
:1038D000C61A002010B5044B9B689847002802D0F8
:1038E000024B014A1A6010BD081B0020B8040320D7
:1038F00010B5044B9B689847002802D0024B014A40
:103900001A6010BD2C47041004F202200B68002B33
:1039100004DBFE2B04DDFE230B6001E000230B60C3
:103920000368002B04DB7F2B04DD7F23036001E0B1
:10393000002303607047000010B5054B1B78002B77
:1039400000D010BDFFF7C6FFFFF7D2FFF9E7C04672
:10395000AA1C032010B5044B1B68002B02D01B6966
:10396000984710BD0020FCE7B804032010B5074BB2
:103970001B68002B01D05B699847054B1B68002B27
:1039800003D01B6B002B00D0984710BDB804032058
:1039900004F2022010B582B0040001910092084B9D
:1039A0001B68002B0AD0694601A8FFF7AFFF044B44
:1039B0001B689B69009A01992000984702B010BDCE
:1039C000B804032070B584B004000D000392029384
:1039D0000A4B1B68002B0FD002A903A8FFF796FF24
:1039E000064B1B68DE69029B039A08990091290027
:1039F0002000B04704B070BD0020FBE7B8040320EE
:103A000010B5034B1B68002B01D01B6A984710BDF3
:103A1000B804032010B5044B1B68002B02D05B6A6E
:103A2000984710BD0020FCE7B804032010B5044BF4
:103A30001B68002B03D09B6A002B00D0984710BD59
:103A4000B80403207047000010B5034B1B68002B1F
:103A500001D01B69984710BD04F2022010B5034B3A
:103A60001B68002B01D05B69984710BD04F202204F
:103A700010B5034B1B68002B01D09B69984710BD04
:103A800004F2022010B50300034A1068002802D097
:103A9000C2691800904710BD04F2022010B5034B14
:103AA0001B68002B01D01B6A984710BD04F202204E
:103AB00010B5034B1B68002B01D05B6A984710BD03
:103AC00004F2022010B5034B1B68002B01D09B6A47
:103AD000984710BD04F202207047000070B584B012
:103AE00006000C0001AB02AA03A905F06DFC051E3F
:103AF00004D1002C09D1200004B070BD019A0299B4
:103B0000039805F025FC2C00F5E70248310005F08C
:103B10005BFDC046581B031010B507F085FFFA2067
:103B2000400004F0FCFC0F2005F07EFB01210B4857
:103B3000FFF7D4FFC82004F0F2FC172005F0D4FAF8
:103B4000D0231B06802212045A625A6100F09AFBAD
:103B500001F01AFC0DF040FB002010BD90D00300D6
:103B600001E0037001300378002B07D0044AD15CD8
:103B700003220A40022AF4D1203BF2E77047C046F4
:103B800059FB041070B504000D00002A01D100207B
:103B900070BD013A83180021197029002DF04CFAEC
:103BA00020002DF0BDFA285C43425841C0B2EFE737
:103BB00070B505000C1E01D1002070BD06F01CFE82
:103BC000002801DBA042F8D3013C2D1900232B7003
:103BD0002000F2E70CB400B583B004AB04CB019332
:103BE000FFF7E6FF03B008BC02B0184782B000221E
:103BF0006B46D91D06E08369DB06FCD403680B70B5
:103C000001320131002AF6D06B46D87902B07047F4
:103C10000300E03B062B09D89B00094AD3589F4676
:103C20009D200AE0B82008E0B82006E0672805D803
:103C3000044B8000C05800E0B62070470020FCE72D
:103C4000704D0410244E041010B5FFF7E1FF10BDB5
:103C500000B587B001236A461370FFF7D9FF0190C2
:103C6000002302930393002801D107B000BD6846EA
:103C7000FDF7DCF8F9E7000010B50C00084B1B78E5
:103C8000002B0AD0FFF7C4FF002C07D0002805DB6B
:103C90007F2803D8034B185C00E0002010BDC0460D
:103CA000E81A0020A44D041070B586B00500140079
:103CB00000236A461370FFF7ABFF0600019028004F
:103CC000FFF7C2FF0290E41301231C4021002800EB
:103CD000FFF7D2FF03900A4B1B785BB2002B03D196
:103CE000002E09D106B070BD064B1A685023210082
:103CF000280000F0F9FAF5E76846FDF797F8F1E7D4
:103D00003C1C0320DC2F0120014B01221A7070475C
:103D1000E81A0020014B00221A707047E81A0020B0
:103D2000704710B50C2005F0EAF90C2005F0DCF91D
:103D3000002201210C2005F0BDF9D02424068023A7
:103D40005B01A3620D2005F0DAF90D2005F0CCF936
:103D5000002201210D2005F0ADF980239B01A36213
:103D6000162005F0CCF9162005F0BEF9002201213D
:103D7000162005F09FF98023DB03A362072005F0DE
:103D8000BEF9072005F0B0F900220121072005F057
:103D900091F98023A3620E2005F0B1F90E2005F001
:103DA000A3F9002201210E2005F084F98023DB0114
:103DB000A3620F2005F0A3F90F2005F095F900226A
:103DC00001210F2005F076F980231B02A362122047
:103DD00005F095F9122005F087F900220121122043
:103DE00005F068F98023DB02A362132005F087F950
:103DF000132005F079F900220121132005F05AF96A
:103E000080231B03A3621A2005F079F91B2005F01B
:103E100076F910BD10B5D0231B065B681B0350D488
:103E20000023804A12689A4210D07E4A1360002B09
:103E300049D1002200212C20FFF736FF002200216B
:103E4000E120FFF731FF784B01221A60D0231B06D7
:103E50005B685B0345D40023744A12689A4208D019
:103E6000724A1360002B3ED100220021E420FFF7AC
:103E70001BFFD0231B065B685B043AD400236C4A0B
:103E800012689A4246D06A4A1360002B33D100224E
:103E900000212820FFF708FF002200215720FFF70C
:103EA00003FF002200211C20FFF7FEFED0231B068B
:103EB0005B681B032ED4002200212B20FFF7F4FEA9
:103EC00028E00123ADE7002200212C20FFF7C0FEEF
:103ED00000220021E120FFF7BBFE534B00221A60B5
:103EE000B4E70123B8E700220021E420FFF7B0FE89
:103EF000BFE70123C3E7002200212820FFF7A8FE27
:103F0000002200215720FFF7A3FE002200211C20E1
:103F1000FFF79EFED0231B065B681B045AD40023C8
:103F2000444A12689A4208D0424A1360002B53D187
:103F3000002200212920FFF7B7FED0231B065B6873
:103F4000DB044FD400233C4A12689A4208D03A4A14
:103F50001360002B48D1002200215220FFF7A4FE5D
:103F6000D0231B065B689B0444D40023334A1268A9
:103F70009A4208D0314A1360002B3DD10022002123
:103F80005120FFF791FED0231B065B685B0239D4FA
:103F900000232B4A12689A4208D0294A1360002B4A
:103FA00032D1002200215020FFF77EFED0231B06D5
:103FB0005B681B062ED40023224A12689A4208D05E
:103FC000204A1360002B27D1002200214F20FFF749
:103FD0006BFE10BD0123A3E7002200212920FFF77B
:103FE00037FEAAE70123AEE7002200215220FFF7A7
:103FF0002FFEB5E70123B9E7002200215120FFF78A
:1040000027FEC0E70123C4E7002200215020FFF76C
:104010001FFECBE70123CFE7002200214F20FFF74F
:1040200017FED6E7E41A0020C4220120E01A00207F
:10403000DC1A0020D81A0020D41A0020D01A002040
:10404000CC1A0020C81A002010B5FFF76AFE10BD78
:1040500010B50400334B9B69DB0600D510BD314819
:10406000FFF7C4FD1A28F9D121002E4805F0FEF90A
:104070000028F3D02B48FFF7B9FD0528EED88000C3
:10408000294B1B589F462100264805F0EFF90028D0
:10409000E4D02448FFF7AAFDE12801D0E52805D1A6
:1040A000224A116880231B020B4313601F4B1A68BE
:1040B0000021FFF7F9FDD1E721001A4805F0D6F9F4
:1040C0000028CBD01748FFF791FDE12801D0E52863
:1040D00004D1164A136816490B401360134B1A6833
:1040E0000021FFF7B5FDB9E721000E4805F0BEF944
:1040F0000028B3D00B48FFF779FDAFE7210009484E
:1041000005F0B4F9002809D12100064805F0AEF900
:104110000028A3D00348FFF769FD9FE70148FFF798
:1041200065FDF1E7008003408C4D0410D0F10220C2
:10413000FF7FFFFF10B5FFF76DFE3220FFF788FF0E
:1041400010BD000030B50500002000280DD19142BF
:1041500000DA00BE054B03241800A043044C241AC7
:104160002C60032BF1D80139EFE730BDDC1C0320B4
:104170000000042010B501220021002005F0B0F855
:1041800010BD000070B50D4B00241C57182C03D037
:104190000A4B01341C7070BD094D28680100A03124
:1041A000F02212012CF0F0FE2868A3001B195A011E
:1041B0008018A022002107F09DFAECE7E91A002000
:1041C0009C07032010B50400FFF7DCFF094B1B68B8
:1041D000094A002151568A00521852019B1804E0E6
:1041E00001341A7007225A7002332278002AF7D15C
:1041F00010BDC0469C070320E91A0020704700004C
:1042000070B5050004221021FFF79CFF04002A6806
:104210000248210007F0FCFB200070BDA81B031022
:1042200070B506002CF07CFF400823252D1A0024D1
:1042300003E0202007F09EFB0134AC42F9DB3000A4
:1042400007F0B6FB70BD10B5002403E03D2007F079
:1042500091FB01344A2CF9DD0A2007F08BFB10BDDD
:1042600010B50400FFF7EFFF2000FFF7D9FFFFF7BD
:10427000EAFF034807F09CFBFFF7E5FF10BDC046CF
:10428000D01B031010B5FFF7DFFE10BDF0B5C6461A
:1042900000B505000F0016000024B44219DA0A2107
:1042A000280006F007FB0134331B98463031F954DF
:1042B0000A21280006F0FEFA051E0AD0032120007C
:1042C00006F0F8FA0029E8D1013F2C234246BB54FE
:1042D000E3E7B44205DA331B013B2022FA540134F0
:1042E000F7E780BCB846F0BDF0B5DE4657464E460F
:1042F0004546E0B5A5B007000091140010002CF071
:104300000FFF05000600CF4B1B785BB2002B0EDBC6
:10431000282F16D0292F00D169E12A2F00D169E179
:104320002B2F00D07AE1083507239D436DE1C54B63
:1043300018221A70282F00D157E12C2FE8D100271E
:10434000E8E7C04B00229A5693009B185B01690076
:10435000BD4A5B1807331268D31800221A70270071
:1043600000E001373B78202BFBD0390000E0013121
:104370000B78002B09D0202B07D01A00613AD2B25B
:10438000192AF4D8203B0B70F1E74B1C9846002308
:104390000B70AE4938002CF07FFE002805D0AC49E8
:1043A00038002CF079FE002817D1FFF7E3FE002338
:1043B0002370A54B1D68A34B00229A5693009B18AF
:1043C0005B01ED18A3490622280007F099F92000A7
:1043D0002CF0A6FE0022062365E19F4920002CF068
:1043E0005BFE002812D09D4938002CF055FE0028B5
:1043F0001AD09B4938002CF04FFE051E824634D05F
:10440000002E00D0EBE0FFF7BDFED0E78E4B186822
:10441000FA221201002107F06DF98A4B00221A706E
:10442000C5E701239C46E0446319434503D942464E
:104430001278202AF5D0434503D943461B78002B38
:1044400007D18848FFF7BEFEFFF79CFEFFF79AFEF4
:10445000ADE72E2B05D143465B78002BF4D0202B03
:10446000F2D08148FFF7AEFEEEE78048FFF7AAFEE4
:10447000FFF788FE10AF7E4B3A0043CB43C243CBDD
:1044800043C243CB43C243CB43C27A4B7A4A9E1AC0
:1044900001961CF087FD00900922532302A98C4647
:1044A000634419003000FFF7F1FE3800FFF78AFE81
:1044B000724E326808327249380006F073F931687A
:1044C0000B784A7812021A438B781B041343C8787E
:1044D000000618430922532302A98C46634419009D
:1044E000FFF7D4FE3800FFF76DFE072102A81CF08D
:1044F0007DFD2E00022700E00136062E1EDCF300B3
:1045000002AA9B58002BF7D05E49320010A806F093
:1045100049F9F30002AA9446634499465868083062
:10452000092253216144FFF7B1FE10A8FFF74AFEAC
:104530004B465B680833ED180137DDE74F4B9B4670
:1045400019680A784B781B0213438A7812041A43BD
:10455000CB781B0613434C4A126890469844FFF7E9
:1045600011FE4A4910AB99463A00180006F01AF9B4
:104570005B4619680A784B781B0213438A78120449
:104580001A43CB781B061343019AD0182818092226
:104590004F2102AB9C466144FFF778FE4846FFF787
:1045A00011FE3B4B4A4643CB43C243CB43C243CBB2
:1045B00043C203CB03C2009B42469B1A5B1B00D441
:1045C0009A4609224F2102AB9C4661445046FFF7B0
:1045D0005DFE10A8FFF7F6FDFFF7D4FDE7E62D48D6
:1045E000FFF7F0FDFFF7CEFD0DE7002792E6002371
:1045F0002370DEE6002E00D1DBE6013D65190023C5
:104600002B70D6E62023A3550136AE4201DA4B2E9D
:10461000F8DD0136A61900233370CAE60099380088
:10462000FFF72AFB002800D1C3E67E2800DDC0E6A4
:104630004B2E00DDBDE660550135651900232B705A
:10464000B7E6C046E91A00209C0703209036031005
:10465000F01C0310301E0310FC1C0310001D03107F
:104660001C1D0310041D0310081D0310201D031042
:10467000341D0310202B05100000001044180320E7
:10468000641D0310901D0310C01A0020C01D0310EC
:10469000E81D0310141E0310A15CE954591C0726E1
:1046A0006E54023301328242F6DB5F22EA545A1C16
:1046B0008721A954023304E05A1CAA180021117062
:1046C00002339F2BF8DD25B0F0BCBB46B246A946AD
:1046D000A046F0BD10B594B000F0BCFF0CF072FD28
:1046E000FFF7F0F901E0FFF741F911482CF0C0FDA8
:1046F0000028F8D00E482CF073FD0E4B01241C70DE
:104700000D482CF03DFD0D4B1C70002300220021B4
:104710000020FFF7F9FA00236A461370084B1A606D
:10472000FA208000FFF794FCFFF720F9F8E7C04675
:10473000702E0120921C0320A8F802203C1C0320AC
:10474000DC2F012010B5D0231B061B68002B03D0E3
:10475000064B1B78002B03D10121FEF771F910BD28
:10476000034B044A0448054904F096FE591C0320F3
:10477000381E0310E04F0410641E03107D02000079
:1047800070B5D0231B061B68002B03D00B4B1B7886
:10479000002B0CD141430C0001212000FEF750F901
:1047A00005002200002106F0A5FF280070BD044B83
:1047B000044A0548054904F06FFEC046591C032011
:1047C000381E0310D04F0410641E03108302000033
:1047D00010B5D0231B061B68002B03D0064B1B789B
:1047E000002B02D1FEF7C8F810BD044B044A05485F
:1047F000054904F051FEC046591C0320381E031021
:10480000C44F0410641E03108A020000094B5B7938
:10481000002B0ED0A022D205074B0B21D150A02295
:10482000D205054BD3580B221A42F8D1014B002276
:104830005A7170479CD7022044040000074B196846
:104840000B794A7912021A438B791B041343C879F6
:10485000000618431F300002000A70474418032066
:1048600004498A6A3F2313402033034A93718B6AB9
:1048700013607047004005409CD70220F8B51AE04D
:104880000133032B12DC1B4A5900C918C900521806
:104890005269002AF4D017495A00D218D2008A1857
:1048A000506A8A689042EBDC002500E00125002D6B
:1048B00003D1002D1DD00023E3E70E4B9E68013687
:1048C0009E60002412E00B4B62001219D2009B186C
:1048D0005F690521300005F0EDFF7B1E9F41064B0F
:1048E00089000919C9005B18DF710134032CEADD66
:1048F000DFE7F8BDECE50220AC07032010B50C297A
:1049000006D80368054A1340C9020B43036010BD73
:10491000034B044A0448C32104F0BEFDFF87FFFF98
:10492000A41E031048500410C41E031000B583B029
:1049300001000023019310330193134B019301A84D
:10494000FFF7DCFF019B0C22190091430A000821AC
:104950000A4301920D4A1A400A4301920C4A1A4036
:104960000A4301920B4A1A401143019109210A435B
:104970000192094A1A400A43019208481840084324
:10498000019003B000BDC04610801F0033F8FFFF48
:1049900033F8BFFF33F89FFF33F81FFF31F81FFFD5
:1049A00010B53F2906D80368054A1340C9030B43D5
:1049B000036010BD034B044A0448B52104F06CFDAC
:1049C000FF7FE0FF201F031030500410C41E0310AF
:1049D00030B583B005000C000920FFF7A7FF019058
:1049E000102302009A4313000192202213430193E3
:1049F0001C23984310430190232101A8FFF7D0FF07
:104A0000064B01225A71064B1A681032054B1A6088
:104A10005D609C60019ADA6003B030BD9CD70220D3
:104A2000381B00204002005030B583B005000C0058
:104A30000A20FFF77BFF019010220300134301932C
:104A40002023010099430B00134301932C23984327
:104A5000030013430C3A13430193222101A8FFF7EB
:104A60009FFF074B01225A71064B1A681032064B02
:104A70001D605A609C60019ADA6003B030BDC04688
:104A80009CD70220381B00208002005010B5144B28
:104A900004221A71002305E0124A590080246400A0
:104AA0008C5201331F2BF7DD0E4C22888023DB0054
:104AB00013432380E28F80239B001343E3870A4B39
:104AC0001B680022DA6658600132DA660748202146
:104AD000FFF77EFF20212000FFF7A6FF10BDC04694
:104AE0009CD70220F0010320381B002008E00220A0
:104AF00070B50600154B03221A71802901D84B1E90
:104B00000BE0134B134A1448144904F0C5FC5A1C1B
:104B1000134CE55C52001553013B002BF7DA802360
:104B2000DB000B430E4803804A00145A80239B008D
:104B3000234313520B4B1B680022DA665E6001327E
:104B4000DA660131FFF770FF70BDC0469CD70220C6
:104B5000341F03101C500410541F031003020000E4
:104B600008E00220381B002070B5614B1B78002B39
:104B700004D15F4B01221A7000225A705C4B1B78E3
:104B8000012B0BD0022B2BD0594B1B78032B2DD094
:104B9000574B1B78042B00D1A6E070BD544A01236B
:104BA000D35601335370524B01229A56032A0FDC1D
:104BB0004F4B51008918C9005B182833187800281A
:104BC00003D14B4B01325A70EDE7FFF75FFFE4E78B
:104BD00002221A7000221A749878FFF757FFDCE758
:104BE000434B03221A7000225A70CDE7404A01233A
:104BF000D356013353703E4B01241C57032C61DC08
:104C00003B4B62001219D2009B185B69002B03D149
:104C1000374B01345C70EEE7364A5360364B1978F7
:104C2000012917D0324B62001219D2009B185B6A1F
:104C30005A1C0FD0022921D02E4B00221A700821B5
:104C40002B4B62001219D2009B1828331878FFF7FB
:104C50004FFFA2E7264B62001219D2009B189A69F7
:104C6000254B9B689A42E7D0224802230370083004
:104C70002249702206F044FD7821E1E71D4A043103
:104C8000117093601A4A611C4B005B18DB00D3184B
:104C90009868936898420FDA0130164DE860052154
:104CA00005F008FE164B4901280010305918202243
:104CB00006F026FD3021C3E70E4B01225242DA6096
:104CC0001021BDE704221A701B7C002B00D15FE786
:104CD000084A1370064C63685360A0780821FFF7F8
:104CE00007FF0023237458E7014B05221A7054E78D
:104CF000ECE5022008E00220A4060320A806032019
:104D0000AC070320F0B5C64600B5BF4B1B68DA6A96
:104D1000BE4B1968EFF3108072B60B685C426341BA
:104D2000DCB2002BF9D1BFF35F8FB84B586053064C
:104D300027D4930600D4DDE0B34B1C68636B5B059E
:104D40001DD5636EB24B01221A71B24A00219172D5
:104D50001B68B14D6B60FFF771FD0002030A6B70B9
:104D6000030CAB70000EE870AC4B1B78012B00D12C
:104D700082E0022B00D18AE0A74B00221A70236D3B
:104D8000AEE0FFF743FDA04B1B685B6DA44B1B78A7
:104D9000012B0ED09E4B00221A719C4B1A685B6847
:104DA000BFF35F8F0021116083F3108880BCB84689
:104DB000F0BD974B1B79002BECD0964B1B78012B49
:104DC00005D0934B00221A71FFF7CEFEE2E7914B1C
:104DD000012018560600914B1B78012B3AD08D4BC1
:104DE00042001218D2009B1829331A780132D2B22D
:104DF0001A70102AE5D9874B42001118C9005918BA
:104E000000244C610B0028331C70FFF737FDD8E7F6
:104E1000711C824A73009C469C19E40014194B00D3
:104E200098465F18FF00D21914341432A8CAA8C4D7
:104E3000A8CAA8C4774A33006344DB00D3184446A9
:104E40006518ED0052191433143270CA70C370CA59
:104E500070C30E00022EDBDD704B5A7B013A5A7391
:104E60000022DA659968013199606A4BDA65702130
:104E70005A5401385870A4E767480370674B9B6821
:104E8000836068490C30122206F03AFC77E7624BE7
:104E900005221A705F4A51699960D0681369984277
:104EA00013DA01305C4DE860052105F003FD5E4B2F
:104EB000002018565D4A8B001B18DB0028001030BC
:104EC000D118082206F01CFC59E7534B012252422C
:104ED000DA6054E74F4A591C91724F4AD35C236100
:104EE000636F102B00D158E74A4B9B7A5BB21F2BA4
:104EF000F0DD52E7530718D5434B1B681B691A05B1
:104F000007D5434A02211171424A0021117253729E
:104F100043E740490A7A497A8A4200D33DE73D494E
:104F2000501C08723C498B5437E7920500D434E793
:104F3000354B1B681B6E3A4B1B78012B0ED0022B96
:104F400000D02AE7324B1B79012B00D1CAE0022B9B
:104F500000D1CCE02E4B00221A711EE72C4B1B799E
:104F6000042B08D0032B00D1B6E0294B00221A7184
:104F7000FFF7FAFD11E7A022D20591239B00D35839
:104F8000254A9B1A202BF0D11378012B54D0052BE6
:104F9000EBD1204A0124145713336343D318293328
:104FA000002119701378012BDFD11C4B1B78022BC9
:104FB000DBD11F4B996A1300601C182242439B18D7
:104FC0005960154A91689960D5686B1CCDD0114B1A
:104FD0009B689D42C9DD0F4BDB689D42C5DA052108
:104FE000280005F067FC114A8B001B19DB00D01864
:104FF0001049082206F084FB064B182262439B18D6
:105000005D62FFF73BFCB0E7381B0020642D0120F8
:105010009CD70220ECE5022008E00220A406032031
:10502000A41C0320D0F402204B1C0320AC07032057
:105030000040054018E00220614B1B78022B15D080
:10504000012B92D15F4B1B78012B8ED15C4B012041
:1050500018565D4A946A421C18214A439A185460B3
:105060005A4A926841435B189A617EE75468544BF0
:105070005C60544B1B78012B03D0514B04221A74F3
:1050800073E715682D0AFFF7D9FB854203D04C4B17
:1050900007221A7469E74B4B597B032918D8484AF1
:1050A000907818234B43D218546128321070454829
:1050B000C3185C611833464A70CA70C314681C6018
:1050C00092889A80013141738368013383604CE791
:1050D0003B4B03221A7448E7A022D205A0239B0071
:1050E000D35842E7384B9A6A354B1A6032E7344B53
:1050F0001A7A5B7A9A4200D02CE7364B1D68334B04
:105100005B689D4200D025E72F4B9A6A2C4B5A6072
:105110002E4B1B78022B0FD0062B29D0294A127850
:10512000012A00D016E7042B45D0072B00D011E749
:10513000244B03221A730DE7224B1B78012B00D05E
:1051400008E725482549702206F0DAFA1C4BFF22B1
:10515000DA7200E00134032C00DDFBE6194B182263
:1051600062439B185B699D42F4D1154BDC72F1E7F9
:10517000144B02221A70154BD868431C00D1E9E683
:10518000124B9A680E4BDA605B690133984200D08B
:10519000E0E60B4B9B69984200DBDBE6084B58616D
:1051A000052105F087FB0E4B490158180D492022B7
:1051B00006F0A6FACEE6034B01321A73CAE6C046E1
:1051C000ECE50220A40603200040054008E0022090
:1051D00014E002209CD70220A806032010E0022041
:1051E000AC07032018E0022010B5002B02DB0260A0
:1051F000436010BD024B034A03483F2104F04CF9C1
:10520000901F0310F04F0410AC1F031070B582B054
:10521000060014001D00FA229200002306980021C7
:1052200006F0AEF902000B0012196B41002B09DBEE
:105230006846FFF7D9FF009A019B32607360300027
:1052400002B070BD01225242004BF1E7FFFFFF7F29
:1052500010B582B0040003F0F3F902000B006846B9
:10526000FFF7C2FF009A019B22606360200002B03A
:1052700010BD30B585B004000D0002A8FFF7E8FFAF
:10528000029A039B00952000FFF7C0FF200005B0A5
:1052900030BD000030B583B02B4B1A68EFF310819E
:1052A00072B6136858424341DCB2002BF9D1BFF308
:1052B0005F8F254B5960254B1B79002B21D0244B48
:1052C0001B685A6B214A002111716C3380229201B4
:1052D000134302221A6014E0130020229A7017E090
:1052E0000132032A0BDC1B4950008018C300CB1885
:1052F000283318788B789842F2D10125F0E7002DF9
:1053000009D0144A93780133DBB29370602BE3D059
:1053100022000025E5E70F4B00241C70FFF724FC5A
:10532000094B1A685B68BFF35F8F146083F31088C2
:105330000A216846FFF79DFF009A019B012003F0B8
:105340002FFA03B030BDC046642D01209CD7022047
:10535000381B0020ECE5022010B508480822002187
:1053600006F0C8F906487422002106F0C3F9054882
:105370007422002106F0BEF910BDC0469CD7022061
:10538000ECE50220A406032010B5174B1B78174B41
:105390001B78174803F0ECFB1648174902F016FB80
:1053A00003210E2003F06EFE03210F2003F06AFE9E
:1053B000002201210E2003F07DFE002201210F209A
:1053C00003F078FE0D49182003F0C6FA0C490120BD
:1053D00003F09EF9C021012003F014FB01210120FC
:1053E00003F0A2FA10BDC04684FC041080FC041037
:1053F000642D0120381B002000350C00054D0010E5
:1054000095520010F0B5CE46474680B583B0814630
:1054100088461700354B1A68EFF3108172B613688F
:1054200058424341DCB2002BF9D1BFF35F8F2F4BC1
:105430005960012003F028FAFFF78EFF2C4B01265C
:105440001E702C4D2C4928001830122206F058F9F5
:105450002A4B9A6A2E706A612E736E734B46AB7339
:105460004346EB732F74AE60254B202199705A612F
:10547000012252429A600DE0214A63001B19DB00B1
:10548000D318012149425962013463001B19DB0022
:10549000D2189160032CEFDD1A4C23680025DD66DD
:1054A00000220021200002F0BDFA23689022920021
:1054B0001A630122DA660D4B1A685B68BFF35F8FCF
:1054C000156083F310880A216846FFF7D2FE009A20
:1054D000019B012003F064F90121182003F024FA54
:1054E00003B0C0BCB946B046F0BDC046642D012033
:1054F000A41C0320A4060320D0F402200040054091
:10550000ECE50220381B002070B51F4B1A68EFF342
:10551000108172B61368002BFCD0BFF35F8F1A4D59
:105520006960012003F0B0F9FFF716FF174B012661
:105530001E70174B02221A70164B033A5A61DA603A
:105540001A61FFF78DF9144B9A79144C0121200050
:1055500002F068FA21680022CA6680239B010B438F
:10556000802119602368E531FF311963DE662968FF
:105570006B68BFF35F8F0A6083F3108801211820E6
:1055800003F0D2F970BDC046642D0120A4060320AB
:10559000A41C0320ECE502209CD70220381B00202D
:1055A00010B5234B1A68EFF3108172B61368002B05
:1055B000FCD0BFF35F8F1E4B59601E4B1B78022B34
:1055C0000AD000201A4B1A685B68BFF35F8F002176
:1055D000116083F3108810BD174B1B79002B25D168
:1055E000164B9B6A164A12689B1A164A127B012AAE
:1055F00004D0154A934203D80020E3E7134AF9E7A1
:10560000FFF72EF90F4B1B78012B0AD0104B1B68AC
:105610000022DA66084A92799A600122DA6601204D
:10562000D0E7084B00221A739A60EFE70020C9E721
:10563000642D0120A41C03209CD7022000400540BB
:10564000ECE50220A406032040420F00A0860100E2
:10565000381B002010B5154B1A68EFF3108172B695
:105660001368002BFCD0BFF35F8F104B5960104BB9
:105670001B78002B09D10D4B1A685B68BFF35F8F55
:105680000021116083F3108810BDFFF7BFF80120DF
:1056900003F0FAF80021182003F046F9054B1A68C8
:1056A0000023D366024A1370E5E7C046642D01204B
:1056B000A41C0320381B002010B5154B1A68EFF30B
:1056C000108172B613685C426341DCB2002BF9D1E1
:1056D000BFF35F8F0E4B59600E4B1B78022B10D01F
:1056E000012B12D10C49702206F00AF8084B1A68F7
:1056F0005B68BFF35F8F0021116083F31088200087
:1057000010BD064B0B241C57ECE701246442E9E76B
:10571000642D0120A41C0320A8060320ECE5022030
:10572000104B1968EFF3108272B60B68002BFCD097
:10573000BFF35F8F0B4B5A600B4B0221197019732B
:105740000A4B1B78012B08D0064B1B68BFF35F8FF9
:105750000021196082F31088704703498B68013378
:105760008B60F1E7642D0120A4060320A41C032014
:1057700010B5104B1A68EFF3108172B61368002B46
:10578000FCD0BFF35F8F0B4B59600B4B1B78022B88
:105790000BD10A4B1861074B1A685B68BFF35F8F28
:1057A0000021116083F3108810BD044B5862FFF78D
:1057B00065F8F0E7642D0120A41C0320ECE502202D
:1057C00070B50400404B1A68EFF3108172B613688D
:1057D00058424341D8B2002BF9D1BFF35F8F3A4B07
:1057E00059603A4B1B78012B0CD0022B3BD0200088
:1057F000354B1A685B68BFF35F8F0021116083F33C
:10580000108870BD324B9B68A34205DD0134221D18
:105810002F4BDA602000EBE72E4B9E6A012500E05B
:105820000135032DF3DC2A4B6A005219D2009B1874
:105830005B69002BF4D0264B691C4A005218D20039
:105840009B185B68F31A244A9342E9D9204B6A00FB
:105850005219D2009B181900283100220A705A618F
:10586000FFF70CF8DCE71A4B5B69A34204DD601C10
:10587000031D174A9361BBE7164B9B6A144A526893
:105880009B1A154A93421DD9144B00221A70050029
:105890000AE0134B8A005219D2009B180022DA71D9
:1058A00001310429F5DD0135032D06DC0D4B1B7894
:1058B0005BB2AB42F7D00100F3E7084B00221A704D
:1058C0002000D5E72000D3E7642D0120A41C03208D
:1058D000ECE5022000400540A08601008C1C03205E
:1058E000AC0703204B1C032010B502F0A9FEFA22DE
:1058F0009200002305F044F883001818C300181A1A
:1059000010BD10B502F09CFEFA229200002305F0B3
:1059100037F810BD10B502F002FE10BD7047000050
:105920008000044B1B681B581B021B0A024A1068AC
:10593000C01870476CE60220C01A0020D0231B0656
:10594000D861704701238340002903D0D02212067A
:1059500053617047D02212069361FAE710B5040034
:105960001022002105F0C6FE80235B022360F8238D
:105970005B0263608023DB02A360C0231B03A36080
:10598000200010BD000C704780B2704770B5050054
:105990000C00FFF7E3FF22000B320D346B68044963
:1059A0000B40D2011343240323436B60280070BDD6
:1059B0007F00FEFF002904D0036810221343036018
:1059C0007047036810229343F9E7C046002904D0CA
:1059D0000368202213430360704703682022934327
:1059E000F9E7C046002A07D18001A023DB059C46C9
:1059F00060440B68036170478001A023DB059C466F
:105A000060440B68C360F6E7002A06D18001A0233A
:105A1000DB059C466044016070478001A023DB05E4
:105A20009C466044C163F7E770B504AC20CC247891
:105A30008001A026F605B44660440360426085609C
:105A4000002C02D10B68036170BD0B68C360FBE7DB
:105A50008001A023DB059C4660444160C261704721
:105A600001238340A021C905054A8B508301A02250
:105A7000D20594466344DB68DB01F7D47047C04627
:105A8000440400008301A022D205944663441B69AC
:105A9000DB01F7D47047C0467047C04603681F2239
:105AA00093430A40134303607047C04610B5036830
:105AB000064C23404901F824A40021400B439202E4
:105AC000F821C9010A401343036010BD1F80FFFF86
:105AD0000368054A1340002904D080225202134370
:105AE000036070470022FAE7FFFFFEFFF820C001C5
:105AF0007047C04613680A318900401843607047F8
:105B000003680B6043684B6083688B60C368CB603D
:105B100003690B61C36A4B61036B8B617047C046BD
:105B20000B6803604B6843608B688360CB68C3601D
:105B30000B6903614B69C3628B6903637047C0469D
:105B4000034B536001235381138101207047C046EA
:105B5000CCE90220F0B5D6464F464646C0B52A4BA2
:105B60001B78A7293BDCDA00D21A1301274E9B1AB7
:105B70005B02F318264A1568002D3ED0254A1268AC
:105B80009246002A39D08F00BC468C446746BF013C
:105B9000BC4663449846204BA0249C46D2235B021B
:105BA000994600226400B1440FE057469B00DB5940
:105BB000B34206D34B4504D267469B5C5B00DB5B7C
:105BC000038001320230A24204D0AB5CCB1AECD588
:105BD0004346F1E7E0BCBA46B146A846F0BD012213
:105BE0005340DBB2DA00D21A13019B1A0B4A074E5C
:105BF00094465B026344F318BCE7094A09480A4B20
:105C00000A4903F049FCC0465A1C032068320120AF
:105C10004C18032048180320A4F2022000D8FFFFEC
:105C2000345104103420031010200310AD02000082
:105C300010B50C2906D80368054A1340C9020B4366
:105C4000036010BD034B044A0448C32103F024FC45
:105C5000FF87FFFFA41E0310BC500410C41E0310D6
:105C600000B583B001000023019310330193134B5F
:105C7000019301A8FFF7DCFF019B0C22190091435F
:105C80000A0008210A4301920D4A1A400A43019270
:105C90000C4A1A400A4301920B4A1A4011430191DF
:105CA00009210A430192094A1A400A43019208480D
:105CB00018400843019003B000BDC04610801F008B
:105CC00033F8FFFF33F8BFFF33F89FFF33F81FFFB0
:105CD00031F81FFF10B53F2906D80368054A134065
:105CE000C9030B43036010BD034B044A0448B521AC
:105CF00003F0D2FBFF7FE0FF201F0310A45004102D
:105D0000C41E0310F0B557464E464546DE46E0B584
:105D10008BB01700059201228D787C780635A94654
:105D20003D7817008026274080463F026406039096
:105D3000C8783D43A70E76000197C4010F78344020
:105D40003C43A2464C46024014190C19E7186B005C
:105D50009C46029444466444A34604950693002A54
:105D600008D106318308172800D91CE3C34A9B00D9
:105D7000D3589F464B46CA5CC14B5501ED18022AC9
:105D800000D92AE3800800D16CE0022800D02AE381
:105D90005346581021003A000F263C18002800D125
:105DA000CEE2370013781F401E4202D07F007F5B97
:105DB0000F801B0902D05B005B5B4B80013204311A
:105DC0009442EED1800058445346DB0700D578E07A
:105DD000019B002B32D01900059B5A789B78D20981
:105DE0005B001343143B5A4253415246D31A594362
:105DF0009A46002922DD4B1E082B28D9049B039AC2
:105E000053445B00D0185A46024392071FD1069AAA
:105E100002329A421BD000235E464D08AD00F25874
:105E2000C25004339D42FAD101220B0093430A422F
:105E300004D05A00925B53445B009A53029BE01AD1
:105E40000BB0F0BCBB46B246A946A046F0BD5B46CF
:105E500052464900520059181888985202338B4212
:105E6000FAD1EBE7874B1B688B4200D1E9E153463F
:105E70005910230022009B0700D03BE23B000F207B
:105E80007C18002900D185E2197801330E097600CB
:105E90000140765B49004F5B3104394302C29C42AA
:105EA000F2D15346DB0700D492E70F232278013466
:105EB00013405B005A5B5946734B53445B005A5284
:105EC00086E70F221100237819401A4202D04900B8
:105ED0004B5B038001347BE753465B005B44994690
:105EE0000F232000984653463C0000930300674E62
:105EF0002278FF2A00D11FE2607852009B180234FA
:105F0000012823DD1A0001259C46A2462300040037
:105F100008002900150047461A7802311740C75D6E
:105F200012097F00F75B01332F80825C5200B25A66
:105F30006A8004358C42EEDC010020005446634642
:105F4000821E52080132A41892009B1801220242BC
:105F500008D040462278013402408A5C5200B25A8E
:105F60001A8002334B4500D931E2C1D1009B9A46D9
:105F70002EE73B78454E5B00F35A23807B785B002D
:105F8000F05A5346022B41DD069A0123941C039AD2
:105F9000013594466444620813405246D11E023AC9
:105FA000052900D8FBE1002B00D1BCE102218C4681
:105FB00020800399D21A88465B195B00510843443C
:105FC00089000404C918044310C38B42FCD1012387
:105FD00013421BD09A43624459465300C85251465B
:105FE000541C01398C4211DA5B44941C58808C4259
:105FF0000CDAD41C9880A14208DD141DD880A1427F
:1060000004DD05321881914200DD5881BB78FC1C0B
:106010005B00F25A4FE753463C00DC4658101DD057
:1060200082005A4484463D005B460F24B846100067
:10603000164E22002F7801353A408A5C3F09520003
:10604000B25A1A80CA5D5200B25A5A80043398423A
:10605000EFD10300474660469C463C185346DB0799
:1060600000D4B5E60F23227801341340CB5C074AF5
:106070005B009B5A62461380AAE6C0466450041037
:106080000402042048050320FFFFFF7FA4F2022042
:1060900053465B001A0003232500994653465A4491
:1060A00007933F263B0092462F00D24C1A78FF2AD6
:1060B00000D13BE15200BF185A780233944698460B
:1060C000032A00DC14E140463A0003250097477894
:1060D00083783F021B043B43077804353B4337007A
:1060E0001F40CF5D03307F00E75B17809F0937407B
:1060F000CF5D7F00E75B57801F0B3740CF5D9B0C68
:106100007F00E75B9780CB5C5B00E35AD38008326B
:10611000AC45DCDC63461A1F920801325300009F35
:106120009B18D2004344BF1862464846654610405B
:106130004A462A4221D032001D782A408A5C520009
:10614000A25A3A80012800D1CCE05A78AD099200D9
:106150002A43350015404D5D6D00655B7D8002284A
:1061600000D1C2E090099A78033312010243324011
:106170008A5C5200A25ABA800637574500D919E105
:1061800094D1079A1C00924622E653465B102500E4
:106190009C463A00FC18002B00D1FDE00F269548E4
:1061A000370013781F401E4203D0CF5D7F003F5A57
:1061B0002F801B0903D0CB5C5B00C35A6B8001327C
:1061C00004359442ECD16346980058445346DB07AB
:1061D00000D4FDE50F22150023781D401A4200D19E
:1061E00078E64B5D834A5B009B5A01340380EFE500
:1061F000534658005844050008007E4E3B78FF2B5C
:1062000000D197E079785B00E4180237002912D0BA
:10621000AC46002305000800FA5CAA5C5200B15AA3
:106220005A000133A1529842F6DC0100280065466D
:106230007F1849006418A54200D2C2E0DED13C00BC
:10624000C6E56D4B99461B68BB4200D17BE000233D
:1062500098466A4B00940793A02600237605B36105
:1062600098330B205B051B68F369FFF7F9FB0B20E4
:10627000FFF7F6FC0021099009A8FFF79BFB09A88E
:106280000121FFF7A3FB09A82521FFF723FD002229
:106290000B205B49FFF7B8FB3C0000220B2009A94B
:1062A000FFF7A0FB29234A46A03414607461B36150
:1062B00029220B200799FFF7CBFB43469F2B00DDDC
:1062C00086E50F21009A47443B78013718094000C2
:1062D0000B40405B5B005E5B0304334308C2BC427F
:1062E000F2D175E50133023747E70233043744E75B
:1062F000434619E700294DD08C005C448C460F269C
:1063000021003C0030002378013418404000405BFD
:106310001B0910805B005B5B538004328A42F1D121
:1063200061467C18BDE501218C4642E6079A5C1C5B
:1063300092464DE57C1C4BE5009B01349A4647E5AF
:106340003C00584640E5A023B626DB05B60098463B
:106350002C4A9B59934224D90F2321009C46009735
:10636000674608001478013223095B003C405B5B00
:106370006400645B1B042343036043469B59043160
:106380009A42EDD3009F00911C4B033A0793D31A16
:10639000984661E73C0084E53C00584616E7012238
:1063A0001AE60094F0E7CE21174B184A18488900E6
:1063B00003F072F8C721174B144A1548890003F0FF
:1063C0006BF8124A1248134B134903F065F80F4A51
:1063D0000F48104B114903F05FF80C4A0C48104B62
:1063E000104903F059F8094A0948074B0E4903F0D0
:1063F00053F8C046A4F2022050210120600104207D
:10640000000040506301042084180310D850041089
:1064100034200310841903102B030000DB0200005A
:10642000702003103E03000095030000A02210B569
:106430000021920005F05EF910BDC04670B50A1E3D
:1064400000D170BDD0252D0620236B610124213B96
:106450009C40AC61010002482AF0D2FE6C61F0E77A
:1064600000C0034030B583B06B46D91D0870D025FD
:106470002D062023AB610124213B9C40AC6101220D
:1064800002482AF0BDFE6C6103B030BD00C003407D
:1064900030B583B0052002F0EFFD0300009000222C
:1064A0000021062002F0E4FC0521052002F0EAFDAF
:1064B000D0252D0620236B6201200521404202F0E9
:1064C000E1FD012401235B429C406C62012102201A
:1064D00002F0D8FD0121032002F0D4FD6C61154DBE
:1064E000154C2900200006F043F82900200005F093
:1064F000DDFF062002F0C0FD052002F0BDFD0F48C3
:1065000005F056FA0E4C072323600E48072105F0CC
:106510007FFA2068FFF7A4FB0B4C20600C23984304
:1065200020600A4805F044FA10212000FFF7D2FB52
:1065300003B030BD006CDC0200C003408C200310AF
:106540006C2E0120B8200310C8220120EC2003107B
:1065500010B50D4805F066FD0C491E2002F0FCF94F
:1065600001211E2002F0E0F9094805F02FFB01206F
:1065700005F092FD1E2002F0DFF906482AF000FE29
:1065800027F0ACFEFCE7C04648510410D56D001062
:1065900031060020502D0120F0B5C64600B586B06A
:1065A00005000F0090461E0002AC19002000FFF706
:1065B000EDF900230093230032004146380005F036
:1065C00037FD2B0007CC07C322681A60280006B0ED
:1065D00080BCB846F0BDC046EF2110B5024A034862
:1065E000034B490002F058FF2051041034200310DF
:1065F0001C210310F0B5C6464F4B04001E6800B5C1
:10660000002E00D192E00723B046CA1713405B1852
:106610004A4ADB1015689A00D31847685B01984412
:10662000AF4200D36CE0464A1368002B00D173E000
:106630005368002B00D171E09368002B00D16FE00C
:10664000D3680320002B38D1C3001B1880001750DB
:10665000DA009B181B01EB18636007270F407F00CF
:106660003A00414620002AF0C3FDA1200021442227
:106670006368C00019509888266958803148FF32F5
:10668000988031481980195000232281002E34D07F
:10669000423AFF3A227570683375854236D9284AE6
:1066A0001368002B0BD05368002B3BD09368002B52
:1066B0003AD0D3680321002B02D0FFF78DFF0021D1
:1066C000CB005B1889005050DA009B181B01ED18B5
:1066D0007560414630007A1C2AF08AFDA120002115
:1066E00044227368C00019509888164C5880164888
:1066F000FF3219809C801950328180BCB846F0BDB1
:10670000A2235B01EB189F42A7D38CE7A2235B0176
:10671000EB189842DDD3C2E7002095E7012093E70C
:10672000022091E70121CBE70221C9E7074A084887
:10673000084B094902F0B0FE9C0703209407032090
:10674000ECFA02207D0200000405000088500410CD
:1067500034200310442103105A0200007047C04641
:106760007047C046014B18707047C046041B00209C
:10677000F0B5DE4657464E464546E0B5064B83B07B
:106780001C780093022C09D803B0F0BCBB46B2467B
:10679000A946A046F0BDC0465C1C0320D74B9822FA
:1067A0001D68D74B0021EE18300004F0A3FFFA2338
:1067B000DB00C8220021E81804F09CFFD4239822B3
:1067C000DB0000215200E81804F094FFCD4B1A784A
:1067D0009B46D3009B185B009B185B01E133FF33A2
:1067E000E9184A78EB5C12021A43013A002A10DDDC
:1067F0009300CB18DB78C72B00D95DE2FA20C000EC
:106800008446EB1863441878B0541A70013A002A91
:10681000EED10020BC4D2856431C00D164E1BB4C96
:106820002668002E00D1E6E1B94B1B78002B00D181
:10683000A5E1002800D1A2E1082800DC13E20C2821
:1068400000DD30E245239A4675339C461D33994658
:106850000838440380233100AE4E9B00F7185B4696
:106860003000A846B346019362464B788E78D21A20
:1068700062431214D21853469B1B63431B149B198B
:10688000D210DB109201DB0213434A460D7803312C
:10689000521B624312145219D21013430380023068
:1068A0008742E1D1019B5E4645469B46FF232B7004
:1068B000994B1B68DB789B0800D016E2974B0121AF
:1068C0001B6898464246964B99461B785B00985E3B
:1068D000FFF726F88378102B00D900E20124C37853
:1068E0001C4200D1F5E1037B8E4D5B00F25A8379A7
:1068F00001215B00F35A2B80C3795B00F35A6B8054
:10690000037A5B00F35AAB80437A5B00F35AEB8067
:10691000837A5B00F35A2B81C37AAA815B00F35A16
:1069200042466B81437B5B00F35AEB81837B5B00C8
:10693000F35A2B82C37B5B00F35A6B82037C5B00B0
:10694000F35AAB82437C5B00F35AEB82837C5B009F
:10695000F35A2B83C37C5B00F35A6B83037D5B008C
:10696000F35AAB83437D5B00F35AEB834B465B7872
:106970005B00985EFEF7D4FF8378102B00D9AEE160
:10698000C3781C4200D1A4E1837901215B00F35A52
:106990002B84C3795B00F35A6B84037A5B00F35A50
:1069A000AB84437A5B00F35AEB84837A5B00F35A3F
:1069B0002B85C37A5B00F35A6B85037B5B00F35A2C
:1069C000AB85437B5B00F35AEB85837B5B00F35A1B
:1069D0002B86C37B5B00F35A6B86037C5B00F35A08
:1069E000AB86427C4B465200B25A9B78EA86827C48
:1069F0005B005200B25A2A87C27C5200B25A6A87A0
:106A0000027D5200B25AAA87427D5200B25AEA87EA
:106A10004246985EFEF784FF8378102B00D95EE132
:106A2000C3781C4200D154E1422398464022474695
:106A300002339C46837946245B00F35A4821AB52CB
:106A4000C3790A325B00F35AEB534C2367469846EE
:106A5000037A5B00F35AEB534E2347469C46437A36
:106A60005B00F35A2B53837A0A345B00F35A6B5260
:106A7000C37A0A315B00F35AAB52037B0A325B00E4
:106A8000F35AEB53562367469946437B5B00F35A10
:106A9000EB5358239846837B4F465B00F35A2B53A6
:106AA0005A239C46C37B5B00F35A6B52037C0A312A
:106AB0005B00F35AAB52009B0A321C78437C5B00AC
:106AC000F35AEB534746837C5B00F35AEB5367461C
:106AD000C37C5B00F35AEB53037D5B00F35A6B52AC
:106AE000437D5B00F35AAB52052C00D04CE60E48B8
:106AF0000378C82B00D947E618E0C04614110320DC
:106B0000980800005B1C0320041B002064F802208E
:106B1000441C0320A4F2022048050320401803204F
:106B2000BC46041004020420DA1C03205B461B78D8
:106B30000025C822704C002B73D1A0267300984604
:106B400084466E4912E00F2800DD97E0431C5B107D
:106B50009BB21B189BB23B80D8B20F6878559A4203
:106B600000DD1A000135454500D195E023686F002E
:106B7000D85FDF190028E6DA00200023EDE70022C5
:106B80005F4B9A5643001B181B02F318002A14D1BE
:106B90005C4E802230009200B4185A7899781F78A1
:106BA000D210C9109201C9020A43FF103A43028071
:106BB000023003338442F0D178E65348013A12029E
:106BC000504E801880223100AC469200B4185F7895
:106BD0009A781D78C75D825C455DD210FF10BF01B9
:106BE000D2023A43EF103A430A80023103338C4217
:106BF000EDD165465AE64548FBF7DEFD012106006A
:106C0000FEF78EFE20603000FBF7DEFD404B26686D
:106C1000C3185A42534100203E4ADBB21370285633
:106C200004E6A0277B0098468446344910E00F28EC
:106C30002BDC831C5B109BB21B189BB23380D8B239
:106C40000E6870559A4200DD1A000135454523D083
:106C500026686B00F05EF6180028E8DA0130308014
:106C600000230020ECE70921000403F023FE0023A9
:106C70009A469C46FF3304009946EBE50423C4285A
:106C800000DC66E7C820C82367E7C42802DDC82007
:106C9000C823D5E70423CFE760460378934211DC8D
:106CA000D2B2027070E580235B009C4680240023F2
:106CB000A4019A469946CDE5174A1848184B194938
:106CC00002F0EAFB8021184B134A1448C90002F075
:106CD000E3FB114A1148154B154902F0DDFB0E4A42
:106CE0000E48144B144902F0D7FB0B4A0B48134BC8
:106CF000134902F0D1FBC046501803204C18032062
:106D0000D31C0320A4F202206892031090210310E8
:106D100000FDFFFF441C0320F45004103420031036
:106D200050210310AD030000D821031008190310EF
:106D3000E2030000B8210310E103000098210310D2
:106D4000DE030000F0B583B005000C0017001E0044
:106D5000022001F0C5FC1B4B1B88AB4203D11A4B30
:106D60001B88BB4210D02A20FFF77CFB01A82B0A0E
:106D7000037045703B0A8370C7700421FFF75EFB08
:106D8000104B1D80104B1F80104B1B88A34203D15A
:106D90000F4B1B88B34210D02B20FFF763FB01A8D9
:106DA000230A03704470330A8370C6700421FFF70E
:106DB00045FB064B1C80064B1E802C20FFF752FB28
:106DC00003B0F0BD161C0320181C03201A1C03205E
:106DD0001C1C0320F0B55746DE4645464E46E0B53E
:106DE000AA4B002118789A4601384342584189B08D
:106DF00001302AF01DFAA64BA64D1B78A64F2B702A
:106E000000233B70002800D185E00795BB460500B4
:106E1000A24B05932C682000FEF7B4FD0300200070
:106E20001C00FEF7B1FD0022059B64B29A56029049
:106E3000A2421AD01C702AF00BFA80208004FEF7C0
:106E40007DFD974B1868FEF71DFE4022DB231421C1
:106E50000020FF32FFF776FF01210520FEF772FDCB
:106E6000012000214042FEF76DFD53461B78012BA7
:106E700000D1EAE08B4A68681268904206D3A221EA
:106E800049018C466244904200D2F8E0864A9B0059
:106E90009B5802990430984753461B78022B4DD8D3
:106EA0003E24A120A2220021A3266B68FF349F88E4
:106EB000800092005F8019809C80195099502E812B
:106EC00028002AF075F9764BA0241E6801273000AF
:106ED000FEF7D8FD7548FEF7DFFD02006B68A400E1
:106EE000734909333000083201970094FEF79CFD86
:106EF00053461B780021012B14D001202AF098F969
:106F0000051E87D15F463B78079D002B03D02B7869
:106F1000002B00D09EE009B0F0BCBB46B246A946AB
:106F2000A046F0BD02202AF083F9051E00D071E7CB
:106F30005F463B78079D002BE9D1ECE7029BC72B0E
:106F400000D996E0FA22D20094465A4B00211F68DD
:106F50000693029BFB1863441E78002E1BD0564AF2
:106F6000BB199446634430001E7802E083424BDA3A
:106F70001900514B7A18D3181B78002BF6D1814297
:106F800071D04D498C463918614462440B70010040
:106F90001070002EE3D1494B47491A787E5CD3002C
:106FA0009B185B009B185B01E133FF330393002EBA
:106FB00000D175E700230493414BB8469946039BE3
:106FC000B4009C46644444446278A378D2095B00D0
:106FD00013434A4612685B00985E0121FEF7A0FC4D
:106FE0000100029AE3786868D31A4A789A4215DC5D
:106FF000314BBE199C46049B66443678FB186344AB
:107000001E70002EDBD14BE781422CD08342B8D1D9
:107010002C4A2D482D4B2E4902F03EFAD4239B00DA
:107020002200F4186400E35B0430FEF76BFE224A92
:10703000069B94461F68BB19385363441B78002B8A
:1070400000D12DE704961E00B9E728000299FFF74A
:10705000D1FA35E71F492048FEF762FD1F49204855
:10706000FEF75EFD57E7174A17481E4B1E4902F010
:1070700013FA144A14481D4B1D4902F00DFA8921D8
:107080001C4B104A1048C90002F006FA5C1C032091
:10709000751C03208B1C0320761C0320EA1A002099
:1070A0006C2E012094070320EC1A002000C003403E
:1070B000C822012014110320980800005B1C032043
:1070C00040180320E450041034200310B0220310B1
:1070D00053040000A8DD0220800000D0C4DD02209F
:1070E000C00000D0A422031052040000702203103C
:1070F0004B040000F421031030B583B0FFF7C8F94A
:10710000642001F00CFA0521062001F0BBFFD02419
:10711000240640256562A561642001F000FA6561DE
:10712000642001F0FCF90120FFF79CF9C82001F070
:10713000F6F93620FFF796F96B46D81D0023037049
:107140000121FFF77BF93A20FFF78CF96B46981D78
:10715000552303700121FFF771F95120FFF782F9E0
:107160006B46581DAA2303700121FFF767F9202001
:10717000FFF778F91120FFF775F9C82001F0CFF972
:107180002920FFF76FF9C82001F0C9F90521042073
:1071900001F078FF1023636263614022DF33FF3226
:1071A00000210020FFF7CEFD03B030BD10B582B046
:1071B000104B1A689301A021C9058C4663441B69D2
:1071C000DB01F7D44022EF23FF3200210020FFF73C
:1071D000B9FD01AB00221A80002404E0022101A8BD
:1071E000FFF72CF9013496235B029C42F6DB02B0D8
:1071F00010BDC0466C2E01200A4B10B51868FEF772
:1072000041FC4022DB23FF3214210020FFF79AFDCE
:1072100001210520FEF796FB012000214042FEF7E8
:1072200091FB10BD6C2E012010B5192001F05CFF00
:10723000D0231B06802292045A625A61FFF75CFF3A
:10724000FFF7B4FFFFF7D8FF174B1A6888235B00DE
:10725000D35E9B00154A1268D3581B021B0A144ABE
:107260001268D318134A136013480222002101F058
:1072700041FC12480222012101F03CFC104C012289
:107280000021200001F036FC24F03CF904F0EAFB78
:107290000C4804F05BFC200029F0A2FF0A4B0122FD
:1072A0001A700A4B1A7010BD401803206CE60220B9
:1072B000C01A002048050320A8F80220702E0120E3
:1072C000502D012051650010591C0320731C032010
:1072D0007047C04610B5044B1B78002B00D110BD81
:1072E000FCF728FFFBE7C046731C03207047C0462D
:1072F000F0B5CE46474680B58BB0814609A824F04C
:10730000E5FE07000999364A91424DD9354B98461A
:107310001860FA231B01C018334A1060FD235B017B
:10732000FC18324A1460324B9C466744314B05933B
:107330000026069607966A462023D21816708021EA
:107340008025AD000295019400953B0005AA4901F6
:10735000F9F720FD4A460592069607966A462023CD
:10736000D3181E70FA26F600434618680295019459
:1073700000953B0005AA3100F9F70CFD434618685B
:10738000B44660440295019400953B0005AA310083
:10739000F9F700FD43461D68FA221201290020007A
:1073A00004F0AEF900230FE0134B144A14481549BA
:1073B00002F072F85A00E15CA954FA21C900591888
:1073C0000132615CA9540133FA22D2009342F1DB0D
:1073D0000D4B1D600BB0C0BCB946B046F0BDC046F9
:1073E000DF33000098070320900703209407032051
:1073F000A0210000A8510410D82203107C500410D2
:10740000342003103C0600009C0703207047C04650
:107410007047C046F0B507000025002003E0181BA8
:10742000A34215D10135954212D27B5D002B0FD0BE
:107430001C00413CE4B2192C01D82033DBB24C5D76
:107440002600413EF6B2192EE9D82034E4B2E6E730
:10745000F0BD70B504000D0029F062FE02002900A5
:107460002000FFF7D7FF70BD054B1B78002B03D022
:10747000072803D9002000E0002070470120FCE726
:10748000B71C032070470000F0B5C64600B50400E5
:107490000E0015001A4B1B78002B2ED000282CDB79
:1074A00007282ADCFE27BF1A4F437F21380003F04C
:1074B00001FA804675437F21280003F0FBF93B0069
:1074C0007E3306DBFE23DB019F4204DBFF2398466D
:1074D00001E0002398462B007E3305DBFE23DB0111
:1074E0009D4202DBFF2000E00020064B2201111923
:1074F0000901591845460D74487480BCB846F0BD62
:10750000B71C03200C2401207047000010B50400B4
:10751000FFF7AAFF002809D0054B2201121912011A
:107520009B18987C431E9841C0B210BD0020FCE718
:107530000C24012070470000034B1B78002B02D065
:10754000014B00221A707047B71C0320034B1870C0
:10755000034B01221A7001207047C046D21C032041
:10756000B71C032010B5040008001100E368002BCD
:1075700007D0074A1278002A05D0064AFCF72AFBF2
:1075800010BD2300F5E70A001900FCF7FBFAF7E746
:10759000D21C03201823031000B585B0092201A9CD
:1075A000FFF7E0FF01A8FBF707F905B000BD0000F9
:1075B000F0B5DE4657464E464546E0B51500032A6F
:1075C00000DC92E00B784A78120213431BB21C00D5
:1075D0001B12421C934603708A78582A00D98DE00A
:1075E000CB78002B00D08CE0043D0431EE17033340
:1075F00033405B199B10DD00681C80466FE0582506
:1076000080221202934204DA3F4A934202DA3E4B4E
:1076100000E03E4B1A127E00584682553C4A6C00F0
:10762000A25A9146D4100A78D00603D54846801055
:1076300082465444900603D548464010824654443E
:10764000500600D54C4450B200280DDB1C1912091D
:1076500007231A402F4B9200D2585219582A05DCA2
:10766000002A04DA002202E06442EFE75822802375
:107670001B029C4204DA244B9C4202DA224C00E0BA
:10768000224C231201365846835501310137032F0E
:1076900021DC1F4B5500ED5AEB100E78F00702D598
:1076A000A81081464B44B00702D5681081464B4470
:1076B000700700D55B19350700D55B42E318072535
:1076C0003540144CAD002D59AD18582D97DC002DC8
:1076D00096DA002594E708239946CB446346581E62
:1076E0008446002B03D00027D1E70023984640466C
:1076F000F0BCBB46B246A946A046F0BD0023984662
:10770000F5E700239846F2E70080FFFFFF7F0000C7
:10771000B85904109859041070B504000168456800
:10772000A94212D06D1A802D00DD80252000143072
:107730002A00FFF73DFFC0B2A0740138C0B2F8289C
:1077400006D823685B19236070BD00238374FBE7B0
:10775000024B034A0348F82101F09EFE2023031048
:10776000705904107C23031070B506000800140043
:1077700020F016FD0023C55E2800FBF725F8AD00BC
:10778000224B1B685B591B021B0A21490968CB1855
:10779000072834DD1978032933D15978802932D16B
:1077A0000200083A19000831316089187160DD78EB
:1077B0002D029B781D437F2C1BD028006043010CB9
:1077C0000004144A6243D31703F0DAF8F060300083
:1077D000FFF7A2FF0023B360C92000026843C9215C
:1077E00069430D4B9C46614403F08CF8F074012012
:1077F00006E02804074903F085F8F060E7E7002079
:1078000070BD0020FCE70020FAE7C0466CE60220CD
:10781000C01A002034C20000008D3000F8B5CE46FA
:10782000474680B507000C00904699460800FFF7D0
:107830001BFE002822D0134D260136193601A81947
:1078400000238374089A3900FFF78EFF002804D1C3
:107850000C4B9B199B7C002B09D14A4641462000CA
:10786000FFF712FE2000C0BCB946B046F8BD064B7B
:10787000064A68210648FF3101F00EFE0120404211
:10788000F1E7C0460C240120BC23031084590410E6
:107890007C230310024B1878431E9841C0B27047F6
:1078A000B71C0320014B18607047C04600F202204D
:1078B000002808D00222064B1A70002805D00822A2
:1078C000044B1A8070470122F5E7034AF8E7C046E7
:1078D000611C0320E81B0320F8FF0000F0B5D6462A
:1078E0004F464646C0B505000C00052001F0C4FB1C
:1078F000060060088019210003F004F80700430027
:10790000994681440521484602F0FCFF80463B1A17
:107910009A46284B9C4224D870008019264902F0D0
:10792000F1FF441C4346023BA34221D32B680022B3
:10793000DA6629680B680432534002321A40802309
:107940005B010B431A602B685246DA612B68424692
:107950001A624B464F2B11D95021484602F0D2FFF4
:107960000DE070008019154902F0CCFF441CD9E7E6
:10797000134B144A14485D2101F08EFD01202A6842
:10798000A023D0502B681A007C32DB6F5C402404AB
:10799000240C80235B0113431C602B680122DA66F0
:1079A0003900300002F0AEFFE0BCBA46B146A8464E
:1079B000F0BDC0463F420F008096980040787D01A0
:1079C00074240310885A04109424031010B5114B2A
:1079D00098421DD01022104B1A60104B1A60104BA9
:1079E0009B6814009C43231EF9D104710268D4667D
:1079F00002686624FF3414600268D36302689363EC
:107A000002688833633CFF3CD450FFF767FF10BD2A
:107A10000822E0E7401B002000E0004000F00040AA
:107A200000C0004010B503680024DC66002910D0B7
:107A30000468216880239B004B400B490B40802148
:107A4000490121430B6003689A6003680122DA66EA
:107A500010BD01680B6841225340034A1340802245
:107A600052010A431360F0E741020000034B1B6818
:107A700002201840431E9841C0B2704700C0064023
:107A8000EFF3108072B6034B1B68002BFBD0BFF3E3
:107A90005F8F70472C0100D0BFF35F8F024B002235
:107AA0001A6080F3108870472C0100D0F8B50600EA
:107AB0000C001500FFF7E4FFE308F718F15C07225C
:107AC0002240012393400B4205D1DBB20B433B70B4
:107AD000FFF7E2FFF8BD2100280001F075FDF0B5C9
:107AE00083B00600019114001F00FFF7C9FF00E0FA
:107AF0000134BC420CD8E308F518F35C072121409F
:107B000001228A401A42F3D1D2B21A432A7001E00C
:107B100001246442FFF7C0FF002C02DB200003B009
:107B2000F0BD019B002BF9D0089801F04DFD00003D
:107B3000002307E0054A9A189200BFF35F8F0021E7
:107B4000116001331F2BF5D97047C0464000003447
:107B500010B51F2808D8074B9C4660448000BFF32F
:107B60005F8F0023036010BD034B044A04481921B2
:107B700001F092FC40000034DC2403109C5A0410F5
:107B8000F8240310054A1078431CDBB21370172B3E
:107B900002D9130010221A707047C046481B0020FB
:107BA00010B582B00100054C054B00931F2318222D
:107BB0002000FFF794FF02B010BDC046942C0120B6
:107BC00044250310084B5B6A994209D8064A926A19
:107BD000824207D2994201D0012002E0002000E059
:107BE000002070470120FCE70040054010B5002947
:107BF0000AD003681B7B8B4206D38068054B9C46EA
:107C000061440901401810BD034B044A04483C215B
:107C100001F042FCFFFFFF0F602503107C5B0410A6
:107C200084250310F8B504001700FFF7DFFF06688E
:107C3000456839002000FFF7D9FF0268436801203A
:107C4000AB4201D802D00020C0B2F8BDB242FBD88E
:107C5000F9E7000010B5002B02DB0260436010BDA5
:107C6000024B034A03483F2101F016FC901F03100A
:107C7000485B0410AC1F031010B582B004000498D8
:107C8000059912184B41002B09DB6846FFF7E2FF0C
:107C9000009A019B22606360200002B010BD0122A7
:107CA0005242014BF1E7C046FFFFFF7F10B50029AC
:107CB00008D0037B8B4205D300684B005B18033B65
:107CC000C01810BD024B034A0348682101F0E4FBD1
:107CD000C8250310245B0410E425031010B5437B72
:107CE0008B4201D1012010BDFFF7E0FF8378002B0C
:107CF00001D10020F7E70120F5E770B50400857B8E
:107D0000002D01D1280070BD2900FFF7CFFF437877
:107D1000A373002B00D1E3730023837043700370BF
:107D2000F0E70000F8B506000C001500FFF7BEFFF5
:107D30000700002C0DD0002D11D0AC4215D0290029
:107D40003000FFF7B3FF84703B78002B13D13D70F8
:107D5000F8BD0A4B0A4A0B486F2101F09DFB0A4B04
:107D6000074A0848702101F097FB084B044A054870
:107D7000712101F091FB43703D70E9E73C2603104F
:107D8000005B0410E425031048260310542603105A
:107D900070B506000D001400002914D0002A14D07C
:107DA000436880689847002806D0220029003000E8
:107DB000FFF7B8FF280007E02A0021003000FFF796
:107DC000B1FF200000E0100070BD0800FCE70000DB
:107DD00070B504000D1E0CD0FFF768FF0023837000
:107DE00043700370617B2A002000FFF7D1FF6073AE
:107DF00070BD034B034A0448A52101F04DFBC0466A
:107E00006C260310145B0410E425031070B5040005
:107E10000D1E0FD0FFF762FF00280BD1E17B002978
:107E20000ED1A37B002B03D1E37B002B0DD1A573D7
:107E3000E57370BD084B094A0948F62101F02CFB97
:107E40002000FFF733FF4570EBE7064B034A044879
:107E5000FB2101F021FBC04670260310F05A0410EC
:107E6000E42503109426031010B5002907D00368F9
:107E70001B7B8B4203D3C0680139401810BD034BF4
:107E8000034A0448412101F007FBC0466025031066
:107E9000DC5A04108425031070B505000C0008009E
:107EA00000F0F2FC0949200000F032FCFFF76AFE06
:107EB000074B9C466044800068602C75D0231B06ED
:107EC0001B786B75034BA400E55070BDE57F001077
:107ED0004000003478F802200A4B1A68EFF3108152
:107EE00072B61368002BFCD0BFF35F8F054B1B6885
:107EF000BFF35F8F00221A6081F3108840BF00201B
:107F000000217047E801032010B582B0040000F0A2
:107F100097FB02000B006846FFF79CFE009A019B4E
:107F200022606360200002B010BD70B584B0040010
:107F300016001D0002A8FFF7E7FF029A039B0096B8
:107F400001952000FFF798FE200004B070BD0000EE
:107F5000F0B583B0070001921D000AAB1C780BAB93
:107F60001E78002C0BD000682100FFF7B7FE002818
:107F700009D0194B194A1A48672101F08DFA006897
:107F8000FFF7BBFE0400002C02D1200003B0F0BDBF
:107F900021003800FFF72AFE019B03604560089B23
:107FA0008360099BC36038682100FFF711FFA0427E
:107FB000EBD1387D019A2B0000F0F2FB051E01D0B9
:107FC000002E04D00C9B002BDFD01D70DDE738683D
:107FD000210000F0FDFEF5E7A8260310305B041039
:107FE00084250310F0B5DE4657464E464546E0B5BB
:107FF0008FB00B900021794B8200D458894683E0E2
:1080000029002000FFF7F2FD804602684368921BBA
:10801000BB41002B09DD43461A685B680B9800F0F2
:10802000BFFB0023984600268AE0002B01D1002ADE
:10803000F1D10021584600F0C1FE0700A84215D139
:1080400043461A685B680892099343469E68DB685A
:108050009846002E10D029002000FFF705FF037876
:1080600099461B021F432761002069E05C4B5D4A73
:108070005D488E2101F010FA5C4B5A4A5A48922111
:1080800001F00AFA2369002B00D177E0BB4219D135
:1080900006980799002342428B4100920193089A67
:1080A000099B0CA8FFF7E8FD0C9A0D9B0021049199
:1080B0000131039102954146019100962000FFF79E
:1080C00047FF16E04A4B474A4748A12101F0E4F92F
:1080D000069A079B002B01D1002A52D12068290063
:1080E000FFF794FE29002000FFF7BEFE037801335E
:1080F0000370002323616268BFF35F8F13608AF30C
:1081000010880120002861D00CA8FFF7FDFE0C9E0E
:108110000D9F00220023089209936268EFF3108AF2
:1081200072B61368002BFCD0BFF35F8F23689B46A9
:108130005D7B002D00D063E70023984600260020D9
:108140006368BFF35F8F00221A608AF31088002EE5
:10815000D8D04B461F022F4341463800B047069007
:1081600007916268EFF3108A72B61368002BFCD097
:10817000BFF35F8F079B002B00DA83E7079B002B81
:10818000A6DD2369002BA9D0BB4219D10CA8FFF7AB
:10819000BBFE0C9A0D9B06980799009001910CA8C4
:1081A000FFF76AFD0C9A0D9B0021049101310391A8
:1081B00002954146019100962000FFF7C9FE98E71D
:1081C0000B4B084A0848A42101F066F90FB0F0BC37
:1081D000BB46B246A946A046F0BDC04678F802208C
:1081E000D0260310605B041084250310E8260310DA
:1081F000F426031010B50C4B5B68002B04D00B4821
:108200000A2100F087FC10BD074C094A20682300B2
:10821000102100F03EFD032000F006FA03212000AB
:10822000FFF73AFEEBE7C0464C1B0020E8010320B5
:10823000257C001010B5064B5B68002B01D004486C
:1082400010BD044B044A05485E2101F025F9C046E3
:108250004C1B002030270310C45A0410842503103F
:10826000F0B5DE4657464E464546E0B58DB00600B1
:1082700090461F00169B9A46179B994618AB1B7891
:108280000793272302AA9446634400221A7021E030
:1082900001003000FFF7E8FD00783CE00698002B75
:1082A0005CD0079B002B59D04946D04704000D00F5
:1082B00003000B4359D0002940DB08A8FFF724FE38
:1082C000089A099B0094019508A8FFF7D5FC089B24
:1082D0009846099F7268EFF3108B72B61368594283
:1082E0004B41D9B20691002BF8D1BFF35F8F2733F2
:1082F00002AA9446634404930023039302934B46DB
:1083000001935346009342463B003000FFF720FEA6
:108310000400051EBCD17368BFF35F8F0021196094
:108320008BF31088002D17D0272302AA94466344AC
:108330001B78002BB2D100022043B0E70023624239
:10834000AB410092019342463B0008A8FFF794FC22
:10835000089B9846099FBDE7012040420DB0F0BC44
:10836000BB46B246A946A046F0BD0698F6E7F0B572
:10837000C64600B584B00500884616001F000AAB4B
:108380001C78FFF757FF0294019700962A00434696
:10839000FFF766FF04B080BCB846F0BDF0B5C64636
:1083A00000B505000C1E42D04268EFF3108772B68C
:1083B0001368002BFCD0BFF35F8FE6B22B689846A2
:1083C00031001800FFF78AFC00282AD02B69A3424D
:1083D00013D0240AE4B231002800FFF745FD0378EA
:1083E000A34211D000206B68BFF35F8F00221A6098
:1083F00087F3108880BCB846F0BD0E4B0E4A2C2186
:108400000E48FF3101F048F83100404600F0E0FC32
:108410000028E8D10A4B084A99210848490001F090
:108420003BF82B69A342DED100232B61DBE7002060
:10843000E0E7C04654270310AC5A0410842503100B
:108440007827031010B50400FFF7F4FE2100FFF7B2
:10845000A5FF10BD30B587B004000D00EFF3058314
:10846000002B20D106225242D31712196B418B42A6
:1084700002D803D1824201D90022002304A8FFF7C9
:10848000E9FB02A8FFF740FD02980399049A059BB7
:10849000121A8B41002B0BDC08D02000290000F0C1
:1084A000DBF807B030BD144801F08EF8002AF4D094
:1084B000124A0498059900230093FFF758FF0028FB
:1084C00013DAEAE70E4B1A68EFF3108172B61368FD
:1084D000002BFCD0BFF35F8F094B1B68BFF35F8F8E
:1084E00000221A6081F3108820BF04980599FFF7D5
:1084F00069FB0028E6D0D0E77C270310D97E001066
:10850000E801032000B583B002000B006846FFF7C6
:108510000CFD00980199FFF79DFF03B000BD10B559
:10852000FA2292000023002103F02AF8FFF7EAFF65
:1085300010BD000030B583B005000C00EFF30583DB
:10854000002B0FD10B4A00230093FFF710FF0028E8
:108550000BDD20BFFFF776FF28002100FFF732FB7D
:1085600003B030BDFFF72EFBFAE728002100FFF72C
:1085700029FBF5E7D97E001010B5002B02DB026065
:10858000436010BD024B034A03483F2100F084FFC3
:10859000901F0310A45B0410AC1F031070B5EFF321
:1085A00005801038EFF3108C72B6194B1B68002B46
:1085B000FBD0BFF35F8F01221300834015494B634B
:1085C00015490B60154909780C00C440224213D0AC
:1085D000104A546A124A8500AA58944205D3114A97
:1085E000AA580E4C9943217007E00A4A031D9B00CC
:1085F00099589950002200E00022BFF35F8F044B8E
:10860000002119608CF31088002A00D0904770BDBB
:10861000280100D0004005403C700540D01C0320DC
:1086200024070320541F012010B50100024A034B08
:108630001800FFF73BFA10BDCC270310491C03209C
:10864000044B5B6A034A906A1900536A9942F9D154
:108650007047C04600400540084B5B6A01E0074B8D
:108660005B6A8B42FBD301E0044B5B6A8B4203D114
:10867000024B9B6A8342F7D37047C04600400540D7
:10868000F0B583B004000D00FFF7DAFF06000F001D
:1086900022002B0092197B41994202D804D19042CA
:1086A00002D901225242D3176846FFF765FF0098AE
:1086B0000199FFF7D1FF03B0F0BD000010B500280D
:1086C00007DB064B9A6A054B9B6A9B1A8342FAD3D7
:1086D00010BD0021FFF7D4FFFAE7C0460040054077
:1086E00010B50A4B984207D843011B1A9B00181873
:1086F000C000FFF7E3FF10BDFA2292000023002123
:1087000002F03EFFFFF7BCFFF5E7C0469BC4200028
:1087100070B504000E00EFF3108572B61B4B1B689A
:10872000002BFBD0BFF35F8F002E1CD0200000F089
:108730000BF9174B83420BD01900200000F00CF905
:108740000121200000F0F0F80123A340114A13603A
:10875000114BA400E650BFF35F8F0C4B00221A6050
:1087600085F3108870BD0C4BA2000021D15001226E
:10877000A2400A490B7893430B700549200000F092
:1087800015F90021200000F0CFF8E4E7280100D01F
:108790009D85001038600540541F0120D01C032027
:1087A000F0B5DE4600B584B00400150001921E004D
:1087B0000293FFF745FF03958E4202D84ED18542C2
:1087C0004CD9EFF3108B72B6274B1B68002BFBD0F4
:1087D000BFF35F8F254A17780125A540EBB23B43D5
:1087E0001370234B5D63221D92000199D150214AE1
:1087F000A100029888501B6A2B4212D11C4B1B6CA3
:108800002B4208D00020BFF35F8F174B00221A6065
:108810008BF3108823E0184B184A1948C52100F043
:108820003BFEFFF70DFF8E4214D802D1039B83421B
:1088300010D80E4B1B78BB420ED00D4B1D625D63F2
:108840001F222240012393400E4A1360074B1F70E2
:108850000120D8E70020D6E70120D4E7012004B0AA
:1088600080BCBB46F0BDC046280100D0D01C032010
:108870000040054024070320F0270310885B041004
:108880001428031080E200E0EFF3108C72B60B4B5B
:108890001B68002BFBD0BFF35F8F01238340084A86
:1088A000136208490A789A430A70BFF35F8F034B3B
:1088B00000221A608CF310887047C046280100D04F
:1088C00000400540D01C0320074B9B6810308000FF
:1088D0001950BFF35F8FBFF35F8F044B0021196006
:1088E00082F310887047C04600ED00E0240100D0FC
:1088F00001238340034A10681840431E9841C0B2C8
:108900007047C04600E100E0002904D0034B186026
:10891000034B18607047034B1860FBE780E200E0F0
:1089200000E100E080E100E010B501238340180081
:10893000FFF7EAFF10BD000001238340014A1360E6
:108940007047C04600E200E0024B9B681030800098
:10895000C058704700ED00E070B504000D00EFF363
:10896000108672B60C4B1B68002BFBD0BFF35F8FD9
:108970002000FFF7E9FF094B984201D0A84205D13A
:10898000320029002000FFF79FFF70BD044B054A0D
:108990000548862100F080FD240100D0CD010010A3
:1089A00060280310D05B04109828031010B5EFF373
:1089B000108272B60D4B1B68002BFBD0BFF35F8F8C
:1089C0000B4B9C68030010339B00E358094CA342F7
:1089D00001D08B4203D10749FFF776FF10BD064B4C
:1089E000064AB7210648490000F056FD240100D090
:1089F00000ED00E0CD01001084180310BC5B0410F2
:108A00009828031010B5032304009C43064A94469B
:108A1000644422681840C000FC3383409A4313002A
:108A200081400B43236010BD00E400E00022044BB2
:108A300002E0044902C30132072AFAD97047C0464E
:108A400000E400E08080808010B5002B02DB026033
:108A5000436010BD024B034A03483F2100F01CFD58
:108A6000901F0310EC5B0410AC1F031010B582B014
:108A70000400FFF7E5FD02000B006846FFF7E4FF86
:108A8000009A019B22606360200002B010BD0000CC
:108A900070B582B0060014001D00FA229200002377
:108AA0000698002102F06CFD02000B0012196B41C8
:108AB000002B09DB6846FFF7C7FF009A019B326075
:108AC0007360300002B070BD01225242004BF1E7EA
:108AD000FFFFFF7F30B585B004000D0002A8FFF74F
:108AE000C5FF029A039B00952000FFF7D1FF2000ED
:108AF00005B030BD70B504000E001500FFF742F858
:108B00000100200000F006F8A680E580BFF35F8F2B
:108B100070BD0000024B9C466144890001607047B3
:108B20004000003410B50400FFF72CF801002000CD
:108B3000FFF7F0FFFF232371BFF35F8F10BD10B568
:108B40000400FFF71FF801002000FFF7E3FFFF23F9
:108B5000237100236371BFF35F8F10BD034B9C46ED
:108B6000614489000160BFF35F8F704740000034AB
:108B700010B504000120FFF713F801002000FFF7F3
:108B8000EDFF10BD10B5002908D0037B8B4205D343
:108B900000684B005B18033BC01810BD024B034A32
:108BA0000348682100F078FCC8250310685C0410B5
:108BB000E4250310F8B506000C001500FFF7E2FFEE
:108BC0000700002C0DD0002D11D0AC4215D029008B
:108BD0003000FFF7D7FF84703B78002B13D13D7036
:108BE000F8BD0A4B0A4A0B486F2100F055FC0A4BAE
:108BF000074A0848702100F04FFC084B044A05481A
:108C0000712100F049FC43703D70E9E73C260310F8
:108C1000545C0410E4250310482603105426031066
:108C200070B506000D001400002914D0002A14D0DD
:108C3000436880689847002806D022002900300049
:108C4000FFF7B8FF280007E02A0021003000FFF7F7
:108C5000B1FF200000E0100070BD0800FCE770B517
:108C600005000023437301338373037BC373012423
:108C700006E021002800FFF785FF0134E4B24470CC
:108C8000297BA142F5D82800FFF77CFF0023437021
:108C900070BD10B5017342608360FFF7E0FF10BD47
:108CA000F0B5C64600B505000C1E03D1200080BCFF
:108CB000B846F0BDFFF766FF4678002EF6D03100CB
:108CC0002800FFF75FFF4778002398464370210094
:108CD0002800FFF757FF4346437032002100280069
:108CE000FFF79EFF040039002800FFF7D9FF0200BC
:108CF00021002800FFF794FF0400D7E7F0B5C6462F
:108D000000B504000D001700002927D0FFF73AFF37
:108D10004378002B28D18378002B2BD101782000B9
:108D2000FFF7BEFF06008046002F0AD0E17B002936
:108D300026D1A37B002B03D1E37B002B25D1A57388
:108D4000E5734346002B26D129002000FFF71AFFC8
:108D500000234370300080BCB846F0BD114B124A6E
:108D60001248382100F098FB114B0F4A0F483A2166
:108D700000F092FB0F4B0C4A0C483B2100F08CFB9F
:108D80002000FFF7FFFE4570D3E70B4B064A07486C
:108D9000422100F081FB31002000FFF7F3FE0023A9
:108DA0008370D1E778290310405C041080290310F8
:108DB000C4290310EC2903109426031070B5040095
:108DC0000A00457B2900FFF799FF6073280070BDFA
:108DD00070B506000C1E40D0437B8B4207D0FFF7D6
:108DE000D1FE05008178002906D1002036E001215E
:108DF000FFF7E4FF012031E03000FFF7C3FE017808
:108E0000A1420DD03000FFF7BDFE4178A1420AD04B
:108E10000029F7D1124B134A13486B3100F03CFB89
:108E20006B78037001E06B7843700023AB706B705C
:108E3000012221003000FFF761FF0200717B8142B7
:108E400005D03000FFF7ECFE7073012006E0074B01
:108E5000044A0548712100F01FFB002070BDC04688
:108E6000102A0310285C041080290310182A03100C
:108E7000F8B5DE4657464E464546E0B506000F00BB
:108E800015000A9A934250D31A0E92461B02984636
:108E90000A9A00234046514601F072FD8146740053
:108EA000A419A4002F4B9C4664446368834200D2FB
:108EB0006060331FDBB29B46012B3CD9C0239B0172
:108EC0002343802212011A60274BB200D158002997
:108ED00007D0586901F016FD013043001B18033B11
:108EE000FDD26D0123685D40E0222A4080235B01B2
:108EF00023431A605A46012A28D980239B01234321
:108F0000802212011A604B4663604A4600234046A5
:108F1000514601F035FD144BB60098510120F0BCCC
:108F2000BB46B246A946A046F8BD104B104A1148B0
:108F3000332100F0B1FA012FC0D1C0239B0123439C
:108F400003221A60A368DB07FCD5CAE721687940D1
:108F500003220A401A60A3680125BD401D42FAD0D1
:108F6000CBE7C04600800040F42C0120382A0310D3
:108F7000745C04104C2A031030B583B00C2000F050
:108F800061F9FEF773FD00280DD0002304E02E4A9E
:108F900099002E4888500133092BF8D92A4B2C4AC6
:108FA0005A6203B030BD2B4B00229A6700F0BCF927
:108FB000294B01221A60274B5B6C012BFBD1274BFD
:108FC00003221A60234B9B6B012BFBD101330093CF
:108FD0000433234A0121234800F096F80523009327
:108FE000214A0121214800F08FF8214B00930022F3
:108FF00002210420FFF73CFF1E4D00952B000022AC
:1090000001210520FFF734FF104C009423000022BB
:1090100000210720FFF72CFF0094230000220021ED
:109020000820FFF725FF0A4B0093230000220021B0
:109030000920FFF71DFF00952B00002200210620CC
:10904000FFF716FFADE7C046F42C0120006CDC02F0
:109050001BB70000008000403CB0004030B0004032
:10906000002F685900800240008C864700C00240F3
:10907000001BB70040597307014B8000C058704770
:10908000F42C012010B58300084A944663441A6802
:1090900040246240803414408022520113431C60FB
:1090A000C000034B9C466044416010BD04C00140B9
:1090B0000040014080000B4B9C46604400290DD0CD
:1090C0000823002A0CD004221343026853400C22C8
:1090D0001A4080235B0103431A6070470023F0E7C6
:1090E0000022F1E704C0014010B501238340D022E3
:1090F0001206936293610521FFF7C4FF10BD10B5FE
:109100001F21FFF7BFFF10BDF0B5C64600B5040034
:109110000E0017001D00374801F0F4FB8046364B67
:10912000FA18364B9A4239D80100380001F0EAFBB0
:109130000200103A98235B009A4235D86B1E062B2A
:1091400038D8069B013B062B34D83F09474537D317
:109150002D04069B1B031D432368002B36DB284B85
:109160009C4244D080235B01264A1360264A136048
:10917000264A926819009143FAD12660A060221D08
:10918000C0239B01134321221A602268002AFCDAC3
:10919000E56008221A6080BCB846F0BD1C4B1D4A31
:1091A0001D48112100F078F91C4B1A4A1A48192160
:1091B00000F072F91A4B174A17481C2100F06CF99D
:1091C000184B144A1448232100F066F922683F2303
:1091D0001340B342C3D1A3681B051B0D8342BED10C
:1091E000E368EE22D2021340AB42B8D1D3E780232A
:1091F0009B01B9E7001BB70080E84BD380F8A93288
:1092000000C0024000E0004000F0004000C000400C
:109210009C2A0310845C0410FC2A0310442B0310C6
:10922000602B0310AC2B03100001044B1B6858404B
:10923000F0230340024A13607047C04600400640D6
:109240000050064080239B000343014AD3627047CD
:1092500000800540024B1A68024B5A607047C046B6
:10926000E4E502200080054010B5174B8022D205AE
:109270001A60164B164A1A6000290AD0154BE022D4
:10928000D2041A60002809D1124B802212061A60FB
:1092900010BD0D4BE022D2041A60F3E743011B1A04
:1092A0009B00181800010C4B186080235B04984247
:1092B00002D3094B094A1A60FFF7CCFF054B802205
:1092C000D2051A60E4E7C04600B00540082001401E
:1092D000FCFF010000A00540E4E50220FFFFFF00C5
:1092E00010B5030010000C4A8024E4051460002B24
:1092F0000DD001221343094A094CD461094C5C404A
:109300001462516293620021FFF7AEFF10BD034B60
:109310000022DA61F7E7C04600B005400080054052
:10932000D3C007B02D3FF84F064BAA2212011A6096
:109330002F22DA60044B054A1A60024B5B68002B4F
:10934000FBDA7047004002400060024000B0FA00C3
:10935000F0B583B004000D001600FEF787FB00286F
:1093600001D003B0F0BD154F00973B000122012151
:109370000530FFF77DFD00962B00220001211048EB
:10938000FFF7C2FE31006943200001F0BBFA040080
:109390000C4B0093002202210420FFF769FD00948A
:1093A0002300002201210520FFF762FD00973B000A
:1093B000022200210620FFF75BFDD2E7006CDC02F1
:1093C00000800240001BB700F0B5DE4657464E460F
:1093D0004546E0B583B080468B4692460193A02374
:1093E0005B0099462AE0013C002C1ED025007D43FD
:1093F0002900300001F086FA4045F4D12900300000
:1094000001F080FA0029EED1144B4A4653435A46E4
:10941000136053461F60019B1C60012003B0F0BC29
:10942000BB46B246A946A046F0BD013F002F01D081
:109430003C00D9E701235B429C46E1444B460F2B9D
:1094400009D9074E4B465E43064BF218064B9A422B
:10945000F0D80727EAE70020E0E7C046001BB70086
:10946000E02E0000508EF4FF50F80C00064B9A6A74
:109470008369DB0606D5044B9B6A9B1A8B42F7D99E
:10948000002000E0012070470040054000BEFDE7DD
:1094900010B5FFF7FBFF000030B583B00D001900D9
:1094A000002A0BD0074B084C019200932B000200BE
:1094B000200002F0ADFA0120FFF7E8FF034B1A008D
:1094C000F1E7C046C82B0310D82B0310044E03103D
:1094D00070B52B4B2B4A1A602B4B2C4A1A602C4B25
:1094E0009A682A4B9343FAD12A4C01E008CC98475A
:1094F000294B9C42FAD3FFF73FFD234B274A1A60C2
:10950000234B9B68DB43DB01FAD1254B40229A6752
:109510005A671A67DA66234C09E0234B234A24482A
:109520008721FFF7B9FF2000FFF7FCFA0834214B31
:109530009C4209D22368002BF5D0012BEDD12000ED
:10954000FFF7FDFA0834F2E71B4DA9681B4CC02257
:10955000200002F0D5F8AC60EFF30583002B00D0BB
:1095600000BEFEF7E5FAFFF761FAFEF743FE144C82
:1095700001E008CC9847134B9C42FAD370BDC0461B
:1095800000E00040BFCDFBFE00F00040FE7F3C004D
:1095900000C000404026002050260020FFFFFF01B1
:1095A00000F0014038260020082C0310905C0410C5
:1095B000282C03104026002000ED00E000000020D1
:1095C00050260020542600200FB400B583B0084870
:1095D00002F0EEF9049B002B07D005A901911800B9
:1095E00002F0F6F9034802F0E3F90120FFF74EFF1D
:1095F000742C0310F415031010B50148FFF7E4FFB5
:10960000842C03109A4200D288547047704710B5DA
:10961000002802D00B684968984710BD010000205F
:1096200007E083001B185B00501C08601078C0180E
:1096300030380A681378303BDBB2092BF1D9704718
:10964000F0B5DE4657464E464546E0B583B09346F4
:109650001F000C9B9A460D9C0E9B99460F9B9B07E7
:1096600003D0B8460F00060022E00192A3468846C8
:109670004E46B9460700B44207D2551C4B464146F8
:109680002020B84701342A00F5E73D004F465C46EC
:10969000019B9B46B1464646B84637002E0007E080
:1096A000013C551C5346185D43463900B0472A001B
:1096B000002CF5D135003E0047460F9B9B0707D491
:1096C000100003B0F0BCBB46B246A946A046F0BDB0
:1096D000B0464E46B9462F005D46531BB342EFD20B
:1096E000541C4B4641462020B8472200F5E7F0B510
:1096F000CE46474680B585B0944698460C9D0D9C55
:109700000EAB1B789946109A119B129EB7071CD47A
:10971000002B0CD0F7070AD54F46002F02D10C378B
:10972000374204D0013B02E030272F5501349442E8
:1097300001D21F2CF8D9F70707D59C4205D21F2C60
:1097400003D830272F550134F5E7F70612D57705F2
:1097500005D4002C03D0944221D09C421FD00F9AF4
:10976000102A32D00F9A022A37D01F2C0AD8302262
:109770002A5501341F2C05D84A46002A33D02D2201
:109780002A5501340396029301940095434662469C
:10979000FFF756FF05B0C0BCB946B046F0BD621E2B
:1097A000012C10D00F9F102F0BD014000F9A102AED
:1097B000D8D1B206D6D51F2CD4D858222A55013478
:1097C000D3E7023CCBE71400C9E7B206EED41F2C66
:1097D000ECD878222A550134C7E71F2CD2D8603242
:1097E0002A550134C1E7720703D52B222A550134CB
:1097F000C8E73207C6D520222A550134C2E7F0B5A2
:10980000DE4657464E464546E0B593B081468A4609
:10981000089209931CAB10CB1B789B461E9D219B85
:109820009846002C03D1102342469A439046802349
:10983000DB0046461E4042461A4212D0002C22D07F
:1098400000260EE03033D9B2771C0AAB99552900B7
:10985000200001F057F8AC4216D31F2F14D83E0059
:1098600004002900200001F04DF8CBB2092BE9D902
:109870004246920605D54121C918C9B20A39C9B272
:10988000E2E76121F8E7270043460693209B059312
:109890001F9B049303955B46029301970AAB0093C9
:1098A000099B089A51464846FFF721FF13B0F0BCC8
:1098B000BB46B246A946A046F0BDF0B5DE465746C7
:1098C0004E464546E0B597B00A900B910C929A46E9
:1098D000209B9946219F22AA13789B46249B09939B
:1098E000259C289B98464A463A4302D1103293431E
:1098F00098468022D20045461540434613420AD07E
:109900004A463A4341D000252E0053460D934D461A
:10991000099B9A461BE02E0053460D934D46099B2A
:109920009A4614E03033DAB2731C99460EAB9A555E
:10993000524623002800390001F022F8BC4226D804
:1099400019D04B461F2B1CD84E4605000F0052461F
:1099500023002800390001F013F8D3B2092BE1D914
:109960004246920605D54122D218D2B20A3AD2B264
:10997000DAE76122F8E7AA45E3D94E460D9B9A46FD
:1099800008E04E460D9B9A4604E0002602E04E4653
:109990000D9B9A4643460693279B0593269B04936B
:1099A000099B03935B46029301960EAB00935346CB
:1099B0000C9A0B990A98FFF79AFE17B0F0BCBB46B9
:1099C000B246A946A046F0BDF0B5DE4657464E4623
:1099D0004546E0B591B0804689460C929A461A9C5D
:1099E0001B9D22002B002000290001F054FA0028C2
:1099F00000D0ECE001225242D44B2000290001F0BB
:109A000045FA002800D0E2E001225242D04B20006B
:109A1000290001F025FA002800D0D8E00022002318
:109A20002000290001F01CFA002800D0E4E0069490
:109A300007958023DB001E9A1A400D921E9A1A4247
:109A400001D106231C930698079902000B00089287
:109A5000099303000A00024300D1D9E0080D400534
:109A6000400DBC4EB44660440A03120B1E00BA4BB4
:109A700013431F0001F022FAB84AB94B01F0ADF9C7
:109A8000B84AB94B01F082F9089009910022B74B0E
:109A90003000390001F071F9B54AB64B01F09DF97B
:109AA00002000B000898099901F070F901F01EFA04
:109AB000834601F003FA06000F00AF4AAF4B01F0F6
:109AC0008CF90022AE4B01F061F901F00FFA089019
:109AD000AC4AAD4B3000390001F07FF906000F00B1
:109AE000089801F0EBF9A94AA94B01F076F90200B8
:109AF0000B003000390001F040F906000F000200B1
:109B00000B0001F06AF90A900B91089BA14A944658
:109B1000634400210022089109921B050993002348
:109B2000089332003B003000390001F02FF90E900D
:109B30000F9132003B0000208021C90501F01DF982
:109B400006000F000022944B0A980B9901F027F9A8
:109B50000022924B01F01AF902000B000A980B99AF
:109B600001F01DF900228E4B01F010F902000B00EC
:109B70000A980B9901F013F902000B00300039002C
:109B800001F004F902000B000E980F9901F007F99B
:109B90000022714B01F0FAF8089A099B01F01DF9B7
:109BA00006000F0008960997069A079B01F06EF9C8
:109BB00000282FD001235B429C46E3440022774BD0
:109BC0003000390001F0EBF80890099122E01E9B6B
:109BD00004931D9B03931C9B029300940195534691
:109BE0000C9A4946404600F0FFF811B0F0BCBB4665
:109BF000B246A946A046F0BD002100220691079278
:109C0000069480231B069C46AC446346079310E7EA
:109C100000239B465B466333C62B20D804261E9B3D
:109C20001B0528D5089A099B190011430FD05D4ADE
:109C30005D4B0698079901F021F900287AD000229F
:109C40005A4B0698079901F00BF9002872D01C9B1B
:109C50005B4506DD5A469B1A013B1C9303E0052633
:109C6000DDE700231C938023DB001E9A1A431E921B
:109C7000002600239B461D9B9E4265D29F1B02230C
:109C80001E9A1A400A921E9A134202D0002E00D049
:109C900000275B46002B07D0089A099B0698079976
:109CA00001F07DF806900791002200232000290092
:109CB00001F0D6F8002800D07CE03D4B1E9A1340FE
:109CC000049303971C9B0293069B079C00930194AB
:109CD00053460C9A4946404600F086F8002E00D1C3
:109CE00083E71E9B9B0671D54525441C5346020005
:109CF00049462800C0475A46D317D2185A40052370
:109D00000593013E0496002303930A3302935B46B6
:109D1000DB0F019300925346220049464046FFF76D
:109D20006EFD0A9B002B00D15FE7020047460C9EA8
:109D30001D9D53E01C9B002B9DD00D9B002B9AD0AA
:109D40001C9B013B1C9396E7002798E7FFFFEF7FE2
:109D5000FFFFEFFF01FCFFFF0000F03FFB799F508A
:109D60001344D33FB3C8608B288AC63F0000F83F36
:109D700061436F63A787D23F71A379094F930A406C
:109D80000000E03F1655B5BBB16B0240EF39FAFE5B
:109D9000422EE63FFF03000000002C40000024405C
:109DA000000018402D431CEBE2361A3F80842E4100
:109DB000FFF7FFFF069C079D220029008020000678
:109DC000844661440B000692079376E765258CE78D
:109DD000541C534649462020B8472200931BAB42EF
:109DE000F6D3100001E7C046F0B5DE4657464E46B2
:109DF0004546E0B595B00690079193469946209F59
:109E00001E9A1F9B1000190001F045F8002831D15F
:109E100001225242BF4B1E981F9901F021F80028E1
:109E200037D101225242BC4B1E981F9901F02EF8E7
:109E300000283DD10022B94B1E981F9901F026F849
:109E4000002850D10022B64B1E981F9901F008F847
:109E5000002848D1002200231E981F9901F000F825
:109E6000002850D100239846229B5B0500D4B6E021
:109E7000002458E0229B0393219B02930323019328
:109E8000A84B00934B465A4607990698FFF7D8FB14
:109E90000EE1229B0393219B029304230193A24B87
:109EA00000934B465A4607990698FFF7C9FBFFE017
:109EB0000423229A1A4022990B4210D09B4B002A6D
:109EC0000FD00422229903912199029101920093CB
:109ED0004B465A4607990698FFF7B2FBE8E0944BC9
:109EE000EDE70322EEE7229B0493219B0393029765
:109EF0001E9B1F9C009301944B465A460799069857
:109F0000FFF762FDD4E01E9A1F9B0020002100F0A5
:109F100034FF1E901F9101239846A5E70CAB302219
:109F20001A55013F01341F2C01D8092FF6D81E986D
:109F30001F9900F0DBFF050000F0C0FF02000B00DE
:109F40001E981F9900F019FF7A4BFA009B181A68A7
:109F50005B680A920B9300F040FF0890099100F0B3
:109F6000E9FF060000F0A6FF02000B00089809991F
:109F700000F003FF0890099100226F4B00F086FF6C
:109F800000282ED00136300000F094FF02000B00B4
:109F90000A980B9900F06AFF002801D001350026CD
:109FA000002F2CD1280000F089FF02000B001E9822
:109FB0001F9900F0E2FE06000F0000225E4B00F049
:109FC0004FFF002846D100225B4B3000390000F0E3
:109FD0005DFF00283ED1EB073CD501353AE006276E
:109FE00046E70022544B0898099900F039FF0028F1
:109FF000D6D1002E01D0F307D2D50136D0E7AA463C
:10A000001F2C11D8013F0A21300000F07BFC651C99
:10A0100030310CAB19550A21300000F073FC092EC9
:10A020000ED906002C00EBE755461F2C0CD87B1EE2
:10A03000002F09D00CAA302111551F000134F4E77C
:10A040002B0055461C00F0E71F2C03D80CAB2E222A
:10A050001A5501341F2C10D80A21280000F02AFCC0
:10A06000661C30310CAB19550A21280000F022FC87
:10A07000051E01D03400EDE734000323229A13407B
:10A08000012B1CD01F2C06D84346002B32D00CAB22
:10A090002D221A550134229B0393219B0293019494
:10A0A0000CAB00934B465A4607990698FFF7C8FA3F
:10A0B00015B0F0BCBB46B246A946A046F0BD219BF8
:10A0C000002B13D04346002B02D10C3313420FD088
:10A0D000219B013B2193190003E00CAB30221A5560
:10A0E00001348C42CED21F2CF7D9CBE72199F8E767
:10A0F0002199F6E7229B5B0704D50CAB2B221A555E
:10A100000134C8E7229B1B07C5D50CAB20221A558A
:10A110000134C0E7FFFFEFFFFFFFEF7F65CDCD41CB
:10A1200065CDCDC1A02C0310A42C0310942C0310DA
:10A130009C2C0310405E04100000E03FF0B5DE46AA
:10A1400057464E464546E0B593B08246884693460C
:10A150001193002900D10DE300255646119B187874
:10A16000002800D109E3252809D06C1C5B462A0091
:10A170004146B047119B013311932500EEE70133AF
:10A180001193002720E001231F4301321192012483
:10A1900018E002231F4301321192012412E004232C
:10A1A0001F430132119201240CE008231F430132A6
:10A1B0001192012406E010231F4301321192012461
:10A1C00000E00024002C09D0119A1378203BD9B26A
:10A1D0001029F6D88B00C849CB589F46119B1A7896
:10A1E0001300303BDBB2092B10D92A2A13D00B9471
:10A1F000119B1A782E2A1ED0119A1378683BD9B277
:10A20000122959D88B00BD49CB589F4611A8FFF79A
:10A2100005FA0B90ECE71C9B1A1D1C921B68002B87
:10A2200004DB0B93119B01331193E1E702221743E7
:10A230005B420B93F6E78022D20017435A1C11921F
:10A240005A781300303BDBB2092B0BD92A2AD3D121
:10A250001C9B1A1D1C921C68002C08DB119B0133EF
:10A260001193C9E711A8FFF7D9F90400C4E7002446
:10A27000F4E780235B003B43511C119151786C291A
:10A2800001D01F0018E0C0239B001F43023211922F
:10A2900012E080233B43511C11915178682901D071
:10A2A0001F0009E0C0231F430232119204E0802303
:10A2B0005B001F4301321192119B1878672818D850
:10A2C000252800D24CE20300253BDAB2422A00D90D
:10A2D00046E293008A4AD3589F4680239B001F433F
:10A2E00001321192E8E780235B001F430132119293
:10A2F000E2E7782800D933E2692800D230E2020090
:10A30000693AD2B2012393407E4A134211D11A0610
:10A3100000D500E25B0500D422E21C9B1A1D1C92B2
:10A320001B689A46002C00D0B2E1012252425346EB
:10A330008EE16F280ED006D858283DD0622804D16F
:10A3400002239C4608E0782839D010239F43063B1F
:10A350009C4601E008239C46582833D0692803D046
:10A36000642801D00C2297437A0501D50122974336
:10A3700069282AD0642828D0BA0500D59FE0FA05BC
:10A3800000D5C1E07A0600D4D3E01C9A111D1C91BF
:10A390001168FF220A4005970B9B049303946346C0
:10A3A00002930023019300925B462A00414630004D
:10A3B000FFF725FA050027E010239C46CCE7102381
:10A3C0009C46C9E720221743C8E7BA0520D4FA05FE
:10A3D00050D47A0666D51C9A111D1C911168FF2273
:10A3E0000A40D0171118414005970B9B0493039422
:10A3F00063460293D20F019200915B462A004146C8
:10A400003000FFF7FCF90500119B01331193A5E61D
:10A410001C9A073207218A43110008311C911168E8
:10A4200053689946DB170C930D930C9A0D9B100003
:10A4300048400E904A4653400F930E980F990C9A3D
:10A440000D9B801A99410E900F9108970B9B0793D3
:10A45000069463460493002305934B46DA0F029259
:10A46000009001915B462A0041463000FFF725FA33
:10A470000500C9E71C9A111D1C911268D01711180C
:10A48000414005970B9B0493039463460293D20FBC
:10A49000019200915B462A0041463000FFF7AFF978
:10A4A0000500B1E73A0605D51C9A111D1C91002341
:10A4B000D25E96E71C9A111D1C91126891E71C9AB6
:10A4C000073207218A43110008311C9108970B9B22
:10A4D00007930694634604930023059302935368FD
:10A4E0001268009201935B462A0041463000FFF754
:10A4F000E4F9050088E7C046A05C0410E45C0410A1
:10A50000305D0410419000001C9A111D1C910597AC
:10A510000B9B0493039463460293002301931368F7
:10A5200000935B462A0041463000FFF768F90500BA
:10A530006AE73A0606D51C9A111D1C91126812048E
:10A54000120C28E71C9A111D1C91126823E746285B
:10A5500019D01C9B0733072293431A0008321C9220
:10A5600004970B9A039202941A685B680092019315
:10A570005B462A0041463000FFF736FC0500119B80
:10A5800001331193EAE520231F43E2E7672801D056
:10A59000472802D180231B011F43452801D04728AB
:10A5A00001D120231F431C9B0733072293431A002A
:10A5B00008321C9204970B9A039202941A685B6803
:10A5C000009201935B462A0041463000FFF7FCF9F8
:10A5D0000500119B01331193C0E502231A003A4094
:10A5E00091463B421DD001241C9B1A1D1C926F1CDE
:10A5F00018785B462A004146B0474B46002B14D1E1
:10A60000119B013311933D00A8E5571C5B46414661
:10A610002020B04723003A005C1C9D42F5D815006D
:10A62000E2E701232A000B9DF6E73A00B1460B9EB4
:10A6300006E0571C5B4641462020C8472C003A00E4
:10A64000651CA642F5D817004E46D9E701330A002B
:10A650001978002902D0511E002AF7D152469B1AC0
:10A660008022D200390011408946174202D0A3420D
:10A6700000D9230002221100394010913A4209D03A
:10A680002A00250057469A4633004E46994621E057
:10A6900022004CE62A004546A04606E0541C5B46D4
:10A6A00029002020B0473B0022005F1C0B999942F3
:10A6B000F4D84446A8463B00250057469A46330046
:10A6C0004E46994606E01D000137541C5B46414644
:10A6D000C84722003878002804D0002EF4D06B1E22
:10A6E000002DF0D1150053464E46109A002A03D192
:10A6F000119B0133119331E50B9F2A0006E0551C95
:10A700005B4641462020B04723002A005C1C9F4244
:10A71000F5D81500ECE721233B431C9A111D1C9131
:10A7200012680593082304930394083302930023CB
:10A73000019300925B462A0041463000FFF75FF824
:10A740000500119B0133119308E56C1C5B462A0040
:10A7500041462520B047119B013311932500FDE4AC
:10A760006C1C5B462A004146B047119B0133119394
:10A770002500F3E40A4B9A46EEE4B2465D450DD35C
:10A780005B465A1E5B4641460020D047280013B066
:10A79000F0BCBB46B246A946A046F0BD2A00F1E790
:10A7A0000D9600100EB430B584B0010007AC08CC93
:10A7B00003940122054D009452422800FFF7BEFC8D
:10A7C00004B030BC08BC03B01847C0460596001062
:10A7D0000CB430B585B00A0008AC08CC0394054D24
:10A7E000009401002800FFF7A9FC05B030BC08BCAC
:10A7F00002B018470596001010B582B0044C0093C3
:10A8000013000A0001002000FFF798FC02B010BD01
:10A810000596001000B585B002900391012104480F
:10A82000009313004A4202A9FFF788FC05B000BD5F
:10A830000F96001001480421014B1847801B00208F
:10A840007DA80010014B5B6818470000801B0020AA
:10A85000014B9B6818470000801B002010B50100C9
:10A8600018231B8814221088984710BD10B50100CA
:10A8700018231B8816221088984710BDF0B5C646CD
:10A8800000B507000E0000250123984600E00135C1
:10A89000B5420AD2AC003C192068FFF7DFFF206008
:10A8A0000028F4D100239846F1E7404680BCB84622
:10A8B000F0BD0000124A936F9B0815D29066D166D6
:10A8C000002905D0FFE7FFE7FFE7516F106F7047E2
:10A8D00004B580210906C2175140002800D0C843A2
:10A8E00026F076FC002104BDF0B5146E556E576F4E
:10A8F000166FFFF7E3FF1466556657671667F0BDDE
:10A90000000000D0114A936F9B0813D21066516665
:10A91000002905D0FFE7FFE7FFE7516F106F704791
:10A9200004B5002801D00020C04326F051FC0021CE
:10A9300004BDC046F0B5146E556E576F166FFFF725
:10A94000E5FF1466556657671667F0BD000000D036
:10A9500094464A4A926F9208624601D228E0C04665
:10A96000F0B5464E346E756E776F366F00F020F896
:10A970009446424A14665566576716676246F0BDAC
:10A9800094463E4A926F9208624601D254E0C04615
:10A99000F0B53A4E346E756E776F366F00F04CF846
:10A9A0009446364A14665566576716676246F0BD88
:10A9B000002B24DB11D000293EDA00B5C943404208
:10A9C00000D1013100F038F8C943404200D10131D3
:10A9D000DB43524200D1013300BD002AEBD10028F5
:10A9E00001D1002905D00020C90FC90701D1C043FA
:10A9F000410800B526F0D4FB0022002300BD00B5BD
:10AA000000290ADBDB43524200D1013300F014F885
:10AA1000C943404200D1013100BDC943404200D189
:10AA20000131DB43524200D1013300F005F8DB4332
:10AA3000524200D1013300BD002923D1002B18D18F
:10AA4000002A0CD0BC460D4F38667A6600210023E0
:10AA5000FFE7FFE7FFE77A6F386F67467047002828
:10AA600001D00748010000B526F09AFB0022002320
:10AA700000BD02000B00002000217047000000D044
:10AA8000FFFFFFFF002B00D0BFE0130C28D1002AEE
:10AA9000E7D080B4114F39667A66FFE7FFE730B43C
:10AAA000040C7B6F396F1B0423433B667A66FFE718
:10AAB000FFE7FFE7C04684B27B6F3D6F1B04234373
:10AAC0003B667A66FFE7FFE7C04600232C042D0CA7
:10AAD0007A6F386F00196941B0BC7047000000D030
:10AAE000F0B594460025140E01D112020835140F5A
:10AAF00001D112010435940F01D192000235D40F17
:10AB000001D152000135D40B0134254F7C66254C10
:10AB10003C660E0C93B2FFE7FFE7FFE73C6F66432E
:10AB2000360C7703BE467343DF0B5B04C01AB94192
:10AB3000130C7343DB18C91ACE086643360CB644AF
:10AB400093B273431F0F1B01C01AB941130C734317
:10AB50001F0B1B05C01AB941860D8F023E43664389
:10AB6000360C092D24DB520A7243801A7703460AF9
:10AB70006643360C16235B1BDE40DF40BF1964467C
:10AB80006643821B7046043506330100D940A84055
:10AB9000C01900D30131A24206D20023F0BD00004B
:10ABA000000000D0FFFFFFFF121B0130F3D3F1E7DD
:10ABB00009277F1BFE406446A2B27243801A00D26E
:10ABC0000139220C7243130C1204821A99410B00B2
:10ABD0007046043513370100F940A840801900D3AE
:10ABE0000131002B02D1A2420AD2F0BD013000D3C4
:10ABF0000131121BFAD2013BF8D1A24200D2F0BDC2
:10AC0000013000D30131121BF7E7F0B51C0C00D066
:10AC100080E00CB400251C0A04D11B02160E33433D
:10AC2000120208351C0B04D11B01160F334312010D
:10AC300004359C0B04D19B00960F334392000235E0
:10AC4000DC0B02D192185B4101351C00971864415E
:10AC50000134464F7C66464C3C660E0CFFE7FFE72E
:10AC6000FFE7C0463C6F6643360C7703BE4697B29B
:10AC70007743C01B00D20139C01B00D201399FB2FB
:10AC80007743C91BC91B170C77437E04FF0B801B3E
:10AC9000B941CE086643360C0C2D33DBB644120B9B
:10ACA0001F053A431B0B97B27743C01B00D20139F3
:10ACB0009FB27743C91B170C77433E043F0C801BA0
:10ACC000B941860D8F023E43664329277F1BFE4014
:10ACD0000C3D7746AF40BF1930BCA2B2ABB2724355
:10ACE0007343801A9941220C7243130C1204801A88
:10ACF000994102000B000137001BA941F9D2781ECF
:10AD00000021F0BD0C277F1BFE4077467F0BAF4034
:10AD1000FF19E0E700245D1C07D0144F7D663966FB
:10AD2000FFE7FFE7FFE7FFE73C6F95B29EB26543A1
:10AD30006643401BB141150C1E0C65436643360447
:10AD40002F0C3E432D04401BB141994204D2020016
:10AD50000B0020000021F0BD01D19042F7D3801AF2
:10AD6000994101349942F2D3F6E70000000000D087
:10AD7000FFFFFFFF48404140484018B41B4B5B6851
:10AD8000FC46019308BD04DF53B0001018B4174B04
:10AD90001B68FC46019308BD00DF5DB000109446BF
:10ADA000134A926F920809D2624618B40F4BDB68BF
:10ADB000FC46019308BD0CDF15B300100C4AF0B53A
:10ADC000146E556E576F166F6246FFF7EEFF084A16
:10ADD0001466556657671667F0BD18B4034B9B6839
:10ADE000FC46019308BD08DFB9B1001054FF0220F2
:10ADF000000000D0FFB550404240504059404B4009
:10AE0000594000E0FFB5154F4C00640D03D0BC4223
:10AE100004D10C0314D80020090D09055C00640D51
:10AE200003D0BC4204D11C030AD800221B0D1B0511
:10AE300001264B4009D44B4003D58B4200D18242BE
:10AE4000FFBD9942FCD19042FFBD0B43DB18034389
:10AE50001343F5D0C9434918FFBD0000FF070000A8
:10AE600000B5FFF7CFFF804100BDC04600B5FFF73A
:10AE7000C9FF01D9002000BD012000BD00B5FFF7CA
:10AE8000B9FF01D9002000BD012000BD00B5FFF7CA
:10AE9000B1FF804100BD012040054A00121804D8CE
:10AEA0005A00121801D80020704701207047002076
:10AEB000704700000021002805D17047C1174840A5
:10AEC000401AFAD0C90713B5064B1B6898470CBC4B
:10AED000441CA2401005120B0349091B0905194324
:10AEE000114310BD640003201F04000010B54C0086
:10AEF000620D8023D218DB00D21A5B057E2A10DD9A
:10AF00009E3A13DACC170903490819435242D1403B
:10AF1000640001341532202A05DAD040084360432A
:10AF200010BD002010BD0846604310BDC80FC018FA
:10AF3000013810BD18B4044B5B6AFC46019308BD90
:10AF400024DFC5B40010000054FF022070B51323A5
:10AF50001C78012C12D0012C12DC214B214A936465
:10AF60002148FFF77BFC214B186070BD1C491D4A2E
:10AF70009800815001331F2BF8D9ECE70023FAE742
:10AF80001B48FFF773FC05001A48FFF76FFC0238F7
:10AF900003789B007F2B09DD12488022290000F0F6
:10AFA000AFFB022C08D0022CDADCD6E7124B134A96
:10AFB00013483221FEF770FA124B1A88B5231B0290
:10AFC0009A4209D1104B1A88104B9A4204D1104B67
:10AFD0001A88104B9A42E6D00020FEF7F5FAC046D8
:10AFE00019B0001054FF02204C330000640003200D
:10AFF0005344000053460000AC2C0310905E041034
:10B00000002D031054380000D838000049460000D5
:10B010009C3800005946000007B56046002800D162
:10B0200000BE01880A0A0230DF2AFAD1C9B28208BA
:10B0300004D3028840880004104300E00068024AFC
:10B040005050039007BD000054FF02200FB403BC12
:10B050000CBCF0B50124E407634000E0F0B50C0D32
:10B06000CF0F661E3605891B640503D3C9434042D2
:10B0700000D30131640D03D0661CF60A07D0E41B2F
:10B0800000207F00791C89078912803C24031D0D54
:10B09000DF0F6E1E36059B1B6D0503D3DB4352424B
:10B0A00000D301336D0D03D06E1CF60A07D0ED1BE3
:10B0B00000227F007B1C9B079B12803D2D032F1BD2
:10B0C000661B58D4A446202E46DA20371400BC4014
:10B0D0001D00BD40F24033412A4380185941CB0F37
:10B0E00005D0C943C04300226442504151416246E9
:10B0F0004D0D28D10D0D07D100281FD02419404136
:10B100004941013A0D0DF9D0640006D3013000D356
:10B110000131002C01D140084000013A0BD4941CAD
:10B12000E40A04D112051144DB071944F0BDD90724
:10B13000204B194300E0D9070020F0BD0029DDD1E4
:10B14000002CDBD1F0BD0132C6074008CD072843F3
:10B150004908002EE1D0D9E73C2E29DA203E4037BD
:10B160001400BC4000D00124F24014431A00BB403C
:10B170001C43D317ACE7AC46202F08DA2036040076
:10B18000B4400D00B540F84039412843A5E73C2FB5
:10B190000CDA203F40360400B44000D00124F840CF
:10B1A00004430800B1400C43C117EAE7100019003E
:10B1B000002494E70000F07FF0B50C0D661E360504
:10B1C000891BE60A6405640D02D0651CED0A04D0F3
:10B1D000002001210905803C2403A4461C0D671EA4
:10B1E0003F05DB1BE70A6405640D02D0651CED0A10
:10B1F00004D0002201231B05803C240377406444D3
:10B2000097B484B296B27443070C7E43150C6F4317
:10B2100080B26843361802D3012000043F1830047E
:10B22000350C00197D41844688B29AB250430C0C0B
:10B2300062431F0C7C438EB27E43921902D30126D7
:10B240003604A4191604170C3618674101BC81B2E4
:10B250009AB25143040C62431B0C5C4380B25843C6
:10B26000121802D30120000424181004130C4018F3
:10B2700063412D185E410020474106BC88B293B25D
:10B2800058430C0C6343120C544389B251435B186E
:10B2900002D301210904641819041A0C0918624127
:10B2A0006D1856410020474118BCF902720D114338
:10B2B000F0026A0D1043ED020A0D03D16D194041F1
:10B2C0004941013B124E9B1B7600B3420ED26D00EA
:10B2D00007D30130002671416646354301D140084D
:10B2E00040001B05C918E4072144F0BD0BDA013307
:10B2F00006D1013004D101314F0D01D04908F2E7E8
:10B30000E1070020F0BD013631050020EBE7000029
:10B31000FF030000F0B51C0D671E3F05DB1BE70AAD
:10B320006405640D02D0661CF60A04D000220123D5
:10B330001B05803C2403D0252D060026F6432E66EF
:10B340001E096E66CE0FF619B44649004F0D02D0A5
:10B350007E1CF60A03D000200021403F3F033E1B25
:10B36000B600B444013F7F05C91B49082E6F013662
:10B3700076089C02950D25437543ED137543AD1377
:10B3800001356D10F603761B0CB4CC02450D2C4331
:10B39000A2B2B3B25A43270C7B43350C6F43A4B21D
:10B3A0006C431B1902D3012424043F191C041D0CF7
:10B3B000A4187D4124196D41009A91B2ACB2614349
:10B3C000170C7C432B0C5F4392B25A43A41802D350
:10B3D00001221204BF182204230C52187B41019C45
:10B3E0006C431B19520ED9010A434401A01A81B2C1
:10B3F000B2B2514303145A43360C734387B27743B6
:10B40000D617D21900277E4136049B191704160C53
:10B410007F185E417316ED18F301002680337541E5
:10B42000A90F06D16400690AE8055B0A184309D22E
:10B430002FE00422944480337541A90AA8059B0A91
:10B44000184326D3404149412404009A019B0D0032
:10B450005543641B4343E41A95B286B27543170CF7
:10B460007E43030C5F4392B25A43B61802D30122C3
:10B470001204BF183204330C52197B4152429C41D2
:10B48000002C02D40022013051414008CA07104369
:10B49000490802B06246D7079210084BD218084BF1
:10B4A0009A4203D212058918C919F0BD0020002A5A
:10B4B00001DC3900F0BD01331905F5E7FD0300009B
:10B4C000FE070000002200B5203200F004F808005A
:10B4D00000BD000000220B150AD410B5944600F000
:10B4E00031F81414013400DA0021CB17144C204732
:10B4F0000020002170476244343A0CD40C2A07DA49
:10B5000004009140904052422032D440214310BD6B
:10B51000D843D94310BD203207D40C469440524240
:10B5200020321141D040204310BD0800C9172032FD
:10B5300003D452422032104110BD1800190010BD32
:10B54000F7B400100A0DCC0F531E1B05C91A520583
:10B5500003D3C943404200D30131520D03D0531CE1
:10B56000DB0A07D0121B00206400611C89078912C6
:10B57000803A1203014BD21A70470000FF0300000B
:10B5800051434343C9188C46110C83B24B4310B44A
:10B59000040C614392B280B2504362431C041B0C02
:10B5A000001910BC59411304120CC01851416144D8
:10B5B0007047000070B513231E782A48FFF756F92C
:10B5C0000500012E11D0012E09DDAB1E1B789B005A
:10B5D0007F2B40DD24488022290000F091F8234889
:10B5E000FFF73CF9224B186070BD1F485422290018
:10B5F00000F086F81F4B1A881F4B9A421CD1A723D4
:10B600009B011A881D4B9A4216D11D4B1A881D4B5F
:10B610009A4211D11C4B1A8894239B019A420BD158
:10B620001A4B1A881A4B9A4206D11A4B1A681A4BAF
:10B630009A4201D1152307E01848FDF7C5FF184CC1
:10B64000094A99008C5001331F2BF8D9144B064A34
:10B650001362D361B7E7134B134A14484221FDF735
:10B660001BFFC04653460000680003204C33000017
:10B6700064000320EE290000C40F0000C20D00008A
:10B68000962B0000C0B50000182B0000CC2A00004B
:10B6900010B50000FC2C000051ED8764044E03102F
:10B6A000B1B60010542D0310A45E0410882D0310B1
:10B6B00007B56046002800D100BE01880A0A0230A2
:10B6C000DF2AFAD1C9B2820804D302884088000474
:10B6D000104300E00068024A5050039007BD00008C
:10B6E0006800032001480421014B1847901B0020EB
:10B6F0007DA80010014B1B6818470000901B00201C
:10B70000014B5B6818470000901B002010B5030038
:10B71000080011001B68984710BD0000F8B507002D
:10B720000D001600437D002B02D0002400200CE009
:10B7300003681100280098472DE03B7D10E03B682E
:10B74000154802219847601C0134B44214DA002CD9
:10B75000F3DD2B19013B1B780D3B5A425341DBB201
:10B760002A5D0A2AF0D1002BEED1A042E7DA3B682D
:10B77000211A28189847E2E7B04203DA3B68311AE9
:10B7800028189847002E06DDAD19013D2B780D3B9A
:10B790005A4253413B75F8BDDC5E041070B505009C
:10B7A0000368002B16D00C4B1C6805E0290004C967
:10B7B0002000FFF7B3FF2469002C09D02368002B79
:10B7C000F9D0064B1B68002BF0D0A342F3D1EDE774
:10B7D00000232B6070BDC046E42E01207C30012088
:10B7E00070B505000C000B68802B05D023685A1C2F
:10B7F0002260E418257170BD0800FFF7CFFFF5E760
:10B8000010B5002B02DB0260436010BD024B034AFF
:10B8100003483F21FDF740FE901F0310E05E041037
:10B82000AC1F031010B582B00400FCF709FF020042
:10B830000B006846FFF7E4FF009A019B22606360FB
:10B84000200002B010BD000070B582B006001400E8
:10B850001D00FA229200002306980021FFF790FEB7
:10B8600002000B0012196B41002B09DB6846FFF741
:10B87000C7FF009A019B32607360300002B070BD58
:10B8800001225242004BF1E7FFFFFF7F30B585B048
:10B8900004000D0002A8FFF7C5FF029A039B009564
:10B8A0002000FFF7D1FF200005B030BD00B583B008
:10B8B000FA2189006846FFF7E9FF009A019B0248D8
:10B8C00025F0BEFC03B000BD3826002010B50248AC
:10B8D00025F05EFC10BDC04638260020F0B5CE46EF
:10B8E000474680B583B006000D0090461C00FFF768
:10B8F000DDFF81466B1C05D0002C08D0194F1A4B78
:10B900001C6807E0300025F00BFC0500F4E7174F3A
:10B91000F5E72469002C17D02368002BF9D0144BCD
:10B920001B68002B01D0A342F3D12A003100200074
:10B93000B8474346002BECD06B46D91D0A230B7049
:10B9400001222000B847E4E74B46002B07D16B1ECD
:10B950009D41E8B203B0C0BCB946B046F0BDFFF7A8
:10B96000B5FFF4E70DB70010E42E01201DB700105D
:10B970007C30012010B582B004006B46D81D0470E5
:10B98000002300220121FFF7A9FF200002B010BD13
:10B9900010B5064B1C6801E098472469002C03D0C1
:10B9A0006368002BF8D1F8E710BDC046E42E0120F3
:10B9B00070B5050025F0B4FB04000023012201004E
:10B9C0002800FFF78BFFFFF7E3FF200070BD0000AA
:10B9D00070B5A2B004000E00FFF768FF0500002359
:10B9E00001930A483300220001A9FEF713FF040067
:10B9F00001A8FFF7D3FEFFF7CBFF002D02D12000F7
:10BA000022B070BDFFF762FFF9E7C046E1B7001052
:10BA10000FB400B583B004A901C90191FFF7D8FFA5
:10BA200003B008BC04B018470020704703BD10B530
:10BA30000400FCF7FBFFA04710BDD0231B061B6DC5
:10BA40009B07FAD5D0231B06586540BF704700E01E
:10BA500020BFD0231B061B6DDB07F9D5D0231B06A7
:10BA6000986D7047064B802252021A60054B1B6886
:10BA7000DB03FBD5044B802252021A607047C0469C
:10BA8000042001400400014004300140F0B587B0BB
:10BA900004000D0017000F20FCF72AFF060000210C
:10BAA0000F20FCF741FF0023009301930133029321
:10BAB00003970495059400250CE0D0231B069B6D8D
:10BAC000D0231B061B6DDB07F7D440BF07E0013511
:10BAD000052D0DD8AB006A469C58002CF0D02000F4
:10BAE000FFF7ABFFFFF7B3FF8442F0D00025EFE78D
:10BAF00031000F20FCF718FF07B0F0BD10B50B00A8
:10BB0000910711D103218A439A1811000C3908605A
:10BB1000100008380360074B043A1360064B9A681C
:10BB20000648FFF7B3FF10BD054B064A06487621CD
:10BB3000FDF7B2FC2FBA001000ED00E02DBA0010A6
:10BB4000882E0310F85E0410382E031010B5064B33
:10BB5000064A934205D319009F22D200FFF7CEFF79
:10BB600010BD01214942F7E7080B042064020420BC
:10BB7000A021C9058C460122830163441869000E87
:10BB800010407047A0230121074ADB0510B59950EA
:10BB90000020FFF7EDFF0028FAD1A0230121034A7E
:10BBA000DB05995010BDC046440400000C040000A1
:10BBB000942110B5024A0348034B8900FDF76CFC41
:10BBC0005C5F0410CC2E0310A42E0310014B1860F0
:10BBD0007047C046C81E0120F0B5DE4645465746B0
:10BBE0004E46E0B5E14F9DB0442205000C000490A4
:10BBF000039138000021FFF77DFD0220FBF7A8FF2D
:10BC0000F8600420FBF7A4FF78630320FBF7A0FF94
:10BC1000F8620520FBF79CFF01232A005B427B6151
:10BC2000D34B3860984643CA43C303CA03C3434651
:10BC30001C601B8A002B02D1424601331382049BF5
:10BC4000CC4A1B8900215B08033B9380CA48012230
:10BC5000FCF750FFA423C94C9A4625002600543512
:10BC6000A42101208900F8F78BFD52463300706053
:10BC70007281AE4202D01C369E61F1E700233C6324
:10BC8000E366BFF35F8FC024BD4B00261B78BD4B1E
:10BC900001251B78BC4B24061B78BC4B1B7803E0AA
:10BCA00001366408202E09D02542F9D03000062143
:10BCB0000136FDF7E7F96408202EF5D10520FDF7E0
:10BCC000DBF9039B06001B6819009946FEF71AFE74
:10BCD000AF4B18809B464B460004000C5843B042C3
:10BCE00000D092E1049B5B6899461B681A799246E2
:10BCF000202A00D982E1052459781A7809021143D3
:10BD00009A781C5712040A43D97853460CAE090698
:10BD1000114330005A00FFF7F3FC48465146049D9A
:10BD20009C4A04AB19735C7329003300846806963F
:10BD30000592A04706AB1900974800F0F1FA6B682E
:10BD4000964A1B6810701A7901235B4281469C4613
:10BD5000002A0CD0350000211C0091482B8883421A
:10BD600000D10C00013102359142F7DBA446634655
:10BD70003B640123059AFF2553754B46894F0021EB
:10BD800038001D40FFF744FE43465B680022DB6835
:10BD90008149984608A82B00C0475B4618882A00AE
:10BDA000C101C9B2400800040902014308AB7A4846
:10BDB0000891002100F022FBFA2304AA5B42938140
:10BDC000794B069623CB23C6039B1B7E002B00D00A
:10BDD000BDE0C026754B36029946754B9846754BAB
:10BDE00004936D4B06A918009A4600F099FA0300D7
:10BDF0003800FF27704A03211F401370FFF708FE29
:10BE00005B461A880123E0249B460093D301DBB2F2
:10BE1000520812041B02134308937A1D7B1C120361
:10BE2000DB011343654D1E22032150460993240371
:10BE300002230A940B9500F08FFA3A0008AB032115
:10BE4000504600F0DBFA00210720FCF7DBFD402123
:10BE50000820FCF7D7FD40210B20FCF7D3FD5C4602
:10BE6000012000F075F9A0230021554F19203C60F6
:10BE7000544FDB05902219605F609960514618614C
:10BE80004B4B039852008B50838A4F494B60C288BA
:10BE90000A60038A9B188B60428AD318CB60837D2B
:10BEA000002B00D1A4E08023DB059C460400002386
:10BEB0000B6163464B61A77B802278427841049DE9
:10BEC0007B1E9F4143071E4352021D4315433243CD
:10BED0008A61A02212069246CD61A289268940423B
:10BEE000400F0392961B40075044B2466689A488CF
:10BEF0007F07A34664460C6354465A46A41BA41A03
:10BF0000039A121B921B073E033C36041E43230474
:10BF10004C46033A120414432043886240463B4394
:10BF20003A430643034302434B620E62CA62274907
:10BF300027488B60274B0D60036001204E60CA606C
:10BF40001DB0F0BCBB46B246A946A046F0BDD02607
:10BF5000214B224A0E93224B36029946214B98469A
:10BF6000214B0493214B0C920D933AE77C01032063
:10BF700074090320A01B002068090320E4FE0220AE
:10BF800094FC041090FC04108CFC041088FC041039
:10BF9000241C0320AC1E012000002050D61C0320CE
:10BFA000C4200000E82F0310845F041004C00000C8
:10BFB00044C0000001C00000D51C03201E0020204A
:10BFC000042400501000205054080320CC2E0120DF
:10BFD000CC1E0120A10B002042A04410A090F060D4
:10BFE00004D0000044D0000001D000002D60037098
:10BFF0008023002204009446DB0559E7A321054B6A
:10C00000054A0648C900FDF747FA4A463100044888
:10C01000FDF7DAFAC42F03101C5F0410CC2E0310B6
:10C02000702F031010B50168FFF7D6FD10BDC04694
:10C0300030B51C00012383B006AA15781E22009398
:10C040000F3300F089F9E2680E490F4B0A401343A1
:10C05000E360A2680D4B1A400D4B1343A360002D03
:10C0600008D0B82362680B499B030A4013436360FE
:10C0700003B030BD8023626806499B020A40134327
:10C08000F5E7C046E0FF0FFC1E000001FFFFF501D1
:10C0900000000A40FFFF01FFF0B5C6461E4E040037
:10C0A000337800B5834202D180BCB846F0BDC023CE
:10C0B0008022982019499B000B60194B194D1A607A
:10C0C00021000001FCF720FC0921280000F016F9EE
:10C0D00009222B68144993432B6090231B010B60AA
:10C0E000002C16D09020430010481F210078D8273C
:10C0F000844698460E4B5B681B790B406344EB51BA
:10C100000C4B1B7819404346E9502B68934313436B
:10C110002B603470C8E7C046D71C03202C21205068
:10C12000382120500000205000202050D61C032031
:10C1300074090320D51C032010B50100024A034BEB
:10C140001800FBF7B3FC10BDFC2F0310DC1B032011
:10C1500070B50400002501E001356408002C05D00D
:10C16000E307F9D52800FFF7E7FFF5E770BD10B545
:10C17000040010220021FFF7BDFA80235B02236038
:10C18000F8235B0263608023DB02A360C0231B03F0
:10C19000A360200010BD00000523CB56002B01DB5F
:10C1A000934211D1094B9C46604443425841084B8D
:10C1B0008000C058097901238B40013B934018400F
:10C1C00043425841C0B270470020FCE70000D0AFA6
:10C1D000D01E012070B50A79202A19D8174B9C4629
:10C1E000604443425841164B8000C4580123934099
:10C1F000013B497949B2002910DB08002025AA1A21
:10C20000914218DC8B401C4201D00120404270BD9D
:10C210000C4B0D4A0D484021FDF73EF92020801AB5
:10C22000002805DB1A0082401442F0D00138F7E7FD
:10C2300001204042EBE701204042E8E70000D0AF98
:10C24000D01E012020300310905F04104C300310EA
:10C2500070B505000C001600FFF79EFF002801D006
:10C26000002108E01648FDF7AFF99A198B1912332F
:10C270009B005A51013123798B4211D9227863787E
:10C280001B021343A27812041A43E3781B061343DC
:10C290004A009B5A802292019342E6D31A00E5E7B6
:10C2A00001229A401300013B064A944665446A42C3
:10C2B00055410549AD006A58B34013436B5070BDFA
:10C2C000943003100000D0AFD01E012010B5074BF2
:10C2D000984204D0064A0748FBF7E8FB10BD064A1F
:10C2E00004310448FBF7E2FBF8E7C0460000305099
:10C2F000CC3003104A1C0320A830031070B5060090
:10C300000C00002501E001356408002C06D0E3078D
:10C31000F9D529003000FFF7D9FFF4E770BD000020
:10C32000F8B505000E00FBF7ABFB07003100280055
:10C33000FFF750FF041E09DB020031002800FFF761
:10C3400087FF3800FBF7A8FB2000F8BD0148FDF788
:10C350003BF9C04694300310F0B5C64600B506ACB4
:10C3600025784C006618F60086193700DC373F68E0
:10C37000BC46CC363668B0466418E400C8340419AC
:10C380000434C026B60134438026B6022660002D50
:10C3900001D01F2614E0002612E05401A0256D05EF
:10C3A00025434C006418E40004192700DC373D6085
:10C3B000114D3543D8342560053B05321F242240FA
:10C3C000052BEAD89B06520113434C006218D20099
:10C3D00082181500DC352B60074B3343D8321360CD
:10C3E00063462B606418E4000019CC3043460360B8
:10C3F00080BCB846F0BDC04680E0000070B584B097
:10C4000004000D00160002680121A9408A43026061
:10C41000002B34D0186869004919C90061180A0056
:10C42000C832106058680432106098680432106096
:10C43000DB68DC310B606A005319DB00D033E31892
:10C44000802149010B438021090619601960164BB0
:10C45000AB40A3602B1D01210800984080239B0165
:10C460002343186028000830814019601F2333409F
:10C470005219D200A418D834236004B070BD6846A5
:10C48000FFF775FE00996B005B19DB00E3181A00DB
:10C49000C8321160019904321160029904321160AE
:10C4A000039ADC331A60C6E701010101F0B5DE46EC
:10C4B00057464E464546E0B583B0070088460620FD
:10C4C000FCF7DAFD7B68022213409A463B1D994631
:10C4D000C0239B0149460B431A600224BB46070058
:10C4E00000E02C00FE2C1DD801970026A51C280278
:10C4F000424600230021FFF743F8002903D1B1424F
:10C50000EFD1B842EDD980256D002600012D0DD95F
:10C510006C1E310061433800FEF7F4F9404505D840
:10C520002500F3E780256D002600EFE734003E008C
:10C530005F463C616B1E1B023A685340FF221202A9
:10C540001340802252013A43136080239B014A46E4
:10C55000134352461A60290061433000FEF7D2F9B6
:10C5600003B0F0BCBB46B246A946A046F0BD0000F1
:10C5700070B50400174B984228D080229202164BC7
:10C580001A60164B1A60164B9B6810009843FAD13C
:10C590002000FFF78BFF656802210D40231DC0229C
:10C5A00092011A431160226807267240C83616406D
:10C5B00080225201224316608022920113431D60A3
:10C5C0002434224303241460196070BD8022520277
:10C5D000D5E7C04600C0034000E0004000F0004046
:10C5E00000C0004010B5044B044A1A605368002094
:10C5F0009847012010BDC046E02E012004640410BD
:10C6000010B5054B1B68002B04D09B689847024B64
:10C6100000221A6010BDC046E02E012010B5034B69
:10C620001B68002B01D01B69984710BDE02E01202C
:10C6300010B5044B1B68002B02D0DB68984710BD77
:10C640000020FCE7E02E012010B50020FFF7F0FFEE
:10C6500010BD70B50D00C30505D501000220FFF720
:10C66000DDFF002408E001000020FFF7D7FFF8E716
:10C670000020FFF7DDFF0134052CF9DD2900012042
:10C68000FFF7CCFF002402E0FFF7DEFF0134172C98
:10C69000FADD70BD70B50500402404E03F212000A4
:10C6A000FFF7D7FF0134552CF8DD602404E00021AA
:10C6B0002000FFF7CEFF0134F52CF8DD012404E063
:10C6C00000212000FFF7C5FF01343F2CF8DD602179
:10C6D0000420FFF7BEFF80210420FFF7BAFF2021CE
:10C6E0000120FFF7B6FF002D06D140210820FFF7FB
:10C6F000B0FF002D27D170BD06200121FF30FFF7CC
:10C70000A8FF402406E08020400020433F21FFF79F
:10C71000A0FF0134552CF6DD6024F52C07DC8020C9
:10C72000400020430021FFF794FF0134F5E7012486
:10C7300006E08020400020430021FFF78AFF0134FB
:10C740003F2CF6DDD1E706200121FF30FFF781FF06
:10C75000D1E7000010B5034C2468002C01D06469B7
:10C76000A04710BDE02E012010B5034B1B68002B25
:10C7700001D09B69984710BDE02E012010B5034BF6
:10C780001B68002B01D0DB69984710BDE02E01200B
:10C7900010B5034B1B68002B01D01B6A984710BDD6
:10C7A000E02E012010B5034B1B68002B01D05B6A03
:10C7B000984710BDE02E012010B5034B1B68002BDD
:10C7C00001D09B6A984710BDE02E0120F0B5C64607
:10C7D00000B5002620E083006A00134333439846E7
:10C7E00041004F19104CDB00E218576047101F51F1
:10C7F0002B0033409C4661440532FF3211604346B2
:10C800002033DB001F5101300728E4DD0135012D05
:10C8100001DC0020F8E70136012E01DC0025F6E7F7
:10C8200080BCB846F0BDC046B0F8022010B5FFF796
:10C83000CDFF024B01221A7010BDC046CD1C032053
:10C840000378022B13D008D8002B0DD0012B02D176
:10C85000436A98790AE0002008E0032B02D1436A7A
:10C86000187A03E0002001E0436A58797047436A70
:10C87000DA78002A01D1187AF8E70020F6E70000FC
:10C8800070B50400806D830716D55423E35A9D09C3
:10C890000F222A409D0A294B9A5C08235B1B9BB2FE
:10C8A0005B019BB2D31A1AB21B0423D4656A2B789E
:10C8B0006D782A419B18638143070CD55423E55AB0
:10C8C0002D0A636A5E7A1E4A4B015B195B009B1955
:10C8D0009B009B5863710C23034208D02000FFF794
:10C8E000AFFF00280AD10023E3706370A370002318
:10C8F000A36570BD636A1B786381DDE761798B088E
:10C900001B180F2B00DD0F23DBB2637003220A40DC
:10C91000A2702278002A08D1591EC9B20A2902D869
:10C920000C22D21AD2B2E270E1E70B2B04D80C220F
:10C93000D31ADBB2E370DAE70023FBE76060041090
:10C94000B0F8022010B55C234B43C3181A009D3287
:10C95000FF32126852797E33FF331B789B08D3185D
:10C960000E2B1ADD5C234B43C3181A007932FF32B9
:10C97000012414708133FF3300221A805C234B435F
:10C98000C0180300A933FF3300221A60D130FF30F2
:10C99000036808321343036010BD5C234B43C31884
:10C9A0007933FF3300221A70E8E7F8B50600F32365
:10C9B000C05C0022002500E00132082A0BDC1300D5
:10C9C000B033F31836331B789B06F5D5510003239B
:10C9D0008B401D43F0E7830618D5C30602D5C0235C
:10C9E0009B011D43C30702D58023DB011D430307C1
:10C9F00002D580231B021D43430702D580235B021F
:10CA00001D43800702D580239B021D43736A1F00CC
:10CA10006F40AB421FD0002404E021003000FFF73C
:10CA200091FF0134112C16DC3B00E340DB07F8D505
:10CA30002B00E340DB07F0D45C236343F3181A00B8
:10CA40007932FF3203211170D133FF331A68053177
:10CA50000A431A60E5E77562F8BDF0B5C64600B551
:10CA60000500490001230B4396B25C2080464343F6
:10CA7000EB181C00A134FF342680E6246400A44691
:10CA80009C44644624889205920DE0277F013C4037
:10CA90001443604604804046484328180100A131F1
:10CAA000FF310E800400CD34FF34218839400A4321
:10CAB0002280D133FF331A680E210A431A60D13025
:10CAC000FF3003680B43036080BCB846F0BDF0B58F
:10CAD000CE46474680B50500490001230B43D6B238
:10CAE0005C2081464343EB181C00A534FF342670BC
:10CAF000920290461F00CD37FF373C88E02252015A
:10CB0000404610400200A405A40D04433C80484662
:10CB1000484328180100A531FF310E700400CD34C0
:10CB2000FF3421888905890D0A432280D133FF33E0
:10CB30001A680E210A431A60D130FF3003680B4394
:10CB40000360C0BCB946B046F0BD000070B504003B
:10CB50000D00413060620D220021FEF7CBFD402325
:10CB6000E5543D3B2370014B238170BDFF01000064
:10CB700010B5F323C35C9B0600D410BD024B034ADF
:10CB800003480449FCF788FCE8300310B05F041048
:10CB900008310310EF02000070B5051E15D00B4AD6
:10CBA0000021FEF7A7FD002408E05C2060437930F7
:10CBB000FF3028182100FFF7C9FF0134112CF4DDE4
:10CBC0003A231822EA54393B2B6370BDF407000066
:10CBD00070B506000D00094B1B78002B0BD001210E
:10CBE0000748F7F7CDFD041E03D006604560FFF748
:10CBF000D3FF200070BDFFF719FEF0E7CD1C032026
:10CC0000F4070000F0B5C64600B582B00400170076
:10CC1000836A9B009B088022120613438362802351
:10CC2000DB009F4206D87A4B83617A4BC361016275
:10CC3000002213E0784B794A79487A49FCF72CFCBA
:10CC40009E3B0020E05412E002200341DB007048CC
:10CC500083549300CB18002018600132BA4211D2DD
:10CC60003420235C0133DBB22354D22BE8D03423AD
:10CC7000E35C6D48C35CAA204000205C0028E3D040
:10CC80000020E2E700253BE0217A3000FFF7F8FDC5
:10CC900046E0013533E0002289E0216A5C236B43E2
:10CCA000E3181A009532FF3211608133FF330022FE
:10CCB0009A5EFF235B009A4209DDA33BFF3B6B4377
:10CCC000E3187933FF331B78002B00D083E0434611
:10CCD000E3183733FF331B78002B73D0A36AE26A63
:10CCE00000923A003100200001F0D8FAB84206D094
:10CCF0004346E3183733FF331B78002B77D10135D8
:10CD0000112D77DC5C236B431E007936FF36A619A4
:10CD10006A109046E318D133FF331B68002BB3D160
:10CD2000A1695C236B43E3181A00B132FF32116032
:10CD30005622FF32A15C1A00B532FF321170E2694F
:10CD40009133FF331A60EB07A7D433005C3308221A
:10CD50009A5EFF235B009A420BDDA33BFF3BF35C33
:10CD6000002B06D04346E3183733FF331B78002BE4
:10CD70008FD05C236B43E3188133FF3300229A5E2C
:10CD8000FF235B009A4209DDA33BFF3B6B43E318A3
:10CD90007933FF331B78002B00D07CE7A36AE26A6B
:10CDA00000923A003100200000F014FE0200BA4266
:10CDB000A5D0E0695300C018BA1A52000021FEF74E
:10CDC00099FC9CE7A36AE26A00923A0031002000D5
:10CDD00001F032F88AE7002088E7236A82009B1876
:10CDE0001A68E1694600715E52181A600130B84253
:10CDF000F3D384E7E36A226B7A439B18DB04DB0CF2
:10CE0000E362A36ADB19A36202B080BCB846F0BD3E
:10CE100048E10220D0E90220403103107060041084
:10CE200008310310C60600008860041070B50D00BC
:10CE300014000269C3689A4204D12200FFF7E2FE9F
:10CE400000220EE0084B094A09480A49FCF724FB76
:10CE50009000281803685B101B04190C5B18036012
:10CE60000132A242F4D370BD68310310486004104F
:10CE7000083103103F07000070B505001400FF23C0
:10CE80001940042912D06B1836331C7001291ED0AA
:10CE9000042918D0CB1F0B2B26D8082917D1E3095A
:10CEA0001ED1A30901241C402C7210E053B2002BA8
:10CEB000E9DAFE23DB000022C2543A32815C7F2390
:10CEC0000B40835403E0E30702D4A40704D470BDED
:10CED0008348FEF76DFDF8E78248FEF769FDF6E747
:10CEE0008148FEF765FDDCE70B00203B1F2B25D8B2
:10CEF0007E4A9B009A58002AE9DB5C235343EB18D7
:10CF00001A009D32FF321168E00988721568A00985
:10CF100001210840E872156860090840E87010684F
:10CF200025092940417211680F2222400A71D1332C
:10CF3000FF331A68FF210A431A60C8E70B00403B21
:10CF40001F2B19D8694A9B009A58002ABFDB5C2323
:10CF50005343EB181A009D32FF321168A00008708D
:10CF6000A40912686249095D5170D133FF331A6810
:10CF7000FF210A431A60AAE70B00603B1F2B18D859
:10CF80005A4A9B009A58002AA1DB5C235343EB18B2
:10CF90001A009D32FF3211682009487111680F2272
:10CFA00022408A71D133FF331A6808210A431A607C
:10CFB0008DE70B00803B1F2B19D84C4A9B009A58D9
:10CFC000002A00DA83E75C235343EB181A009D32F2
:10CFD000FF3211682009C87111680F2222400A72BD
:10CFE000D133FF331A6808210A431A606FE70B0038
:10CFF000A03B082B19D90E00B03E082E23D90B00F8
:10D00000C03B082B37D859005C224A43AA189D32EE
:10D01000FF3211686008072202408A700122224014
:10D02000EB183733FF331A7051E710316918363176
:10D030000A781202C02189000A40A21819002800AB
:10D04000FFF70BFD43E72202C0239B001A40103973
:10D050006B1836331B78D21831002800FFF7FDFC1F
:10D06000A4080722224031002800FFF730FD2800E5
:10D07000FFF79BFC2BE7BD291FD0E0391F2900D902
:10D0800025E73723EB5C9B0600D420E7174B89008C
:10D09000CA58002A00DA1AE75C235343ED182B0024
:10D0A0009D33FF331B68032214401C73D135FF35B9
:10D0B0002A68012313432B6009E72800FFF758FD76
:10D0C0002800FFF772FCE209AA235B00EA54A409D6
:10D0D000543BFF3B1C405623FF33EC54F7E6C0465D
:10D0E00088310310A0310310B8310310C85F041059
:10D0F000C45F041010B54900104C2160236A1B88DE
:10D10000616A09880B43C1685B189BB292B29A1896
:10D1100091B2FF231A400A4B5200D05E0A0A7F23C5
:10D120001340184104D009B2002902DB400000B2CC
:10D1300010BDC043400000B2FAE7C046800000D0F6
:10D140009C610410F0B583B00C0011001A00636AF2
:10D1500018792F4B8000C0582C23E35C98406085E1
:10D16000268DB3059B0D0004000C58433C23E35C63
:10D17000002B43D0F60907231E40F600254BF61876
:10D18000254B264DDD62656A2F7B03253D40ED0072
:10D19000234FED199D60234D1D63234DDD60234D0D
:10D1A000234FEF626063A860206B286021482863EA
:10D1B000EE6008986860A06BA6697608801B18610D
:10D1C000638D2B61F820400000900825635F65891E
:10D1D0005B190193834218DB6B461B68DB00E3603D
:10D1E000A369E06940081B1A23620723200001F0AD
:10D1F000D7FF0E4B1B68236303B0F0BDF60907236E
:10D200001E40F6000C4BF618BAE701ABE5E7C04646
:10D210005C6104100C1C0020800000D02808000075
:10D22000AC1B00202024010000100420C00000D00E
:10D230000B2404000A080000CC1B0020F0B583B0CA
:10D240000C0011001A00636A18792F4B8000C05837
:10D250002C23E35C98406085268DB3059B0D00046C
:10D26000000C58433C23E35C002B43D0F609072312
:10D270001E40F600254BF618254B264DDD62656AEB
:10D280002F7B03253D40ED00234FED199D60234D7D
:10D290001D63234DDD60234D234FEF626063A86063
:10D2A000206B286021482863EE6008986860A06BB6
:10D2B000A6697608801B1861638D2B61F8204000F9
:10D2C00000900825635F65895B190193834218DB31
:10D2D0006B461B68DB00E360A369E06940081B1A2A
:10D2E00023620323200001F05BFF0E4B1B682363C6
:10D2F00003B0F0BDF60907231E40F6000C4BF618EC
:10D30000BAE701ABE5E7C0465C6104100C1C0020E5
:10D31000800000D028080000AC1B00202024010061
:10D3200000100420C00000D00B2404000A080000F4
:10D33000CC1B0020F0B583B00C0011001A00636A0A
:10D3400018792F4B8000C0582C23E35C98406085EF
:10D35000268DB3059B0D0004000C58433C23E35C71
:10D36000002B43D0F60907231E40F600254BF61884
:10D37000254B264DDD62656A2F7B03253D40ED0080
:10D38000234FED199D60234D1D63234DDD60234D1B
:10D39000234FEF626063A860206B286021482863F8
:10D3A000EE6008986860A06BA6697608801B18611B
:10D3B000638D2B61F820400000900825635F65892C
:10D3C0005B190193834218DB6B461B68DB00E3604B
:10D3D000A369E06940081B1A23620523200001F0BD
:10D3E000DFFE0E4B1B68236303B0F0BDF609072375
:10D3F0001E40F6000C4BF618BAE701ABE5E7C04655
:10D400005C6104100C1C0020800000D02808000083
:10D41000AC1B00202024010000100420C00000D01C
:10D420000B2404000A080000CC1B0020F0B583B0D8
:10D430000C0011001A00636A18792F4B8000C05845
:10D440002C23E35C98406085268DB3059B0D00047A
:10D45000000C58433C23E35C002B43D0F609072320
:10D460001E40F600254BF618254B264DDD62656AF9
:10D470002F7B03253D40ED00234FED199D60234D8B
:10D480001D63234DDD60234D234FEF626063A86071
:10D49000206B286021482863EE6008986860A06BC4
:10D4A000A6697608801B1861638D2B61F820400007
:10D4B00000900825635F65895B190193834218DB3F
:10D4C0006B461B68DB00E360A369E06940081B1A38
:10D4D00023620123200001F063FE0E4B1B682363CF
:10D4E00003B0F0BDF60907231E40F6000C4BF618FA
:10D4F000BAE701ABE5E7C0465C6104100C1C0020F4
:10D50000800000D028080000AC1B0020202401006F
:10D5100000100420C00000D00B2404000A08000002
:10D52000CC1B002010B582B0486A847A002C12D03F
:10D530008078002809D00924201A08710F48049C1B
:10D540000094FFF7FFFD02B010BD0D48049C00944D
:10D55000FFF774FEF7E78078002808D00924201A26
:10D5600008710848049C0094FFF7E4FEEBE70648C6
:10D57000049C0094FFF75AFFE5E7C04653E3001010
:10D5800033E3001007E30010E9E20010F0B583B0C8
:10D590000C0011001A00636A18792F4B8000C058E4
:10D5A0002C23E35C98406085268DB3059B0D000419
:10D5B000000C58433C23E35C002B43D0F6090723BF
:10D5C0001E40F600254BF618254B264DDD62656A98
:10D5D0002F7B03253D40ED00234FED199D60234D2A
:10D5E0001D63234DDD60234D234FEF626063A86010
:10D5F000206B286021482863EE6008986860A06B63
:10D60000A6697608801B1861638D2B61F8204000A5
:10D6100000900825635F65895B190193834218DBDD
:10D620006B461B68DB00E360A369E06940081B1AD6
:10D6300023620623200001F0B3FD0E4B1B68236319
:10D6400003B0F0BDF60907231E40F6000C4BF61898
:10D65000BAE701ABE5E7C0465C6104100C1C002092
:10D66000800000D028080000AC1B0020202401000E
:10D6700000100420C00000D00B2404000A080000A1
:10D68000CC1B0020F0B583B00C0011001A00636AB7
:10D6900018792F4B8000C0582C23E35C984060859C
:10D6A000268DB3059B0D0004000C58433C23E35C1E
:10D6B000002B43D0F60907231E40F600254BF61831
:10D6C000254B264DDD62656A2F7B03253D40ED002D
:10D6D000234FED199D60234D1D63234DDD60234DC8
:10D6E000234FEF626063A860206B286021482863A5
:10D6F000EE6008986860A06BA6697608801B1861C8
:10D70000638D2B61F820400000900825635F6589D8
:10D710005B190193834218DB6B461B68DB00E360F7
:10D72000A369E06940081B1A23620223200001F06C
:10D7300037FD0E4B1B68236303B0F0BDF6090723CA
:10D740001E40F6000C4BF618BAE701ABE5E7C04601
:10D750005C6104100C1C0020800000D02808000030
:10D76000AC1B00202024010000100420C00000D0C9
:10D770000B2404000A080000CC1B0020F0B583B085
:10D780000C0011001A00636A18792F4B8000C058F2
:10D790002C23E35C98406085268DB3059B0D000427
:10D7A000000C58433C23E35C002B43D0F6090723CD
:10D7B0001E40F600254BF618254B264DDD62656AA6
:10D7C0002F7B03253D40ED00234FED199D60234D38
:10D7D0001D63234DDD60234D234FEF626063A8601E
:10D7E000206B286021482863EE6008986860A06B71
:10D7F000A6697608801B1861638D2B61F8204000B4
:10D8000000900825635F65895B190193834218DBEB
:10D810006B461B68DB00E360A369E06940081B1AE4
:10D8200023620423200001F0BBFC0E4B1B68236322
:10D8300003B0F0BDF60907231E40F6000C4BF618A6
:10D84000BAE701ABE5E7C0465C6104100C1C0020A0
:10D85000800000D028080000AC1B0020202401001C
:10D8600000100420C00000D00B2404000A080000AF
:10D87000CC1B0020F0B583B00C0011001A00636AC5
:10D8800018792F4B8000C0582C23E35C98406085AA
:10D89000268DB3059B0D0004000C58433C23E35C2C
:10D8A000002B43D0F60907231E40F600254BF6183F
:10D8B000254B264DDD62656A2F7B03253D40ED003B
:10D8C000234FED199D60234D1D63234DDD60234DD6
:10D8D000234FEF626063A860206B286021482863B3
:10D8E000EE6008986860A06BA6697608801B1861D6
:10D8F000638D2B61F820400000900825635F6589E7
:10D900005B190193834218DB6B461B68DB00E36005
:10D91000A369E06940081B1A23620023200001F07C
:10D920003FFC0E4B1B68236303B0F0BDF6090723D1
:10D930001E40F6000C4BF618BAE701ABE5E7C0460F
:10D940005C6104100C1C0020800000D0280800003E
:10D95000AC1B00202024010000100420C00000D0D7
:10D960000B2404000A080000CC1B002010B582B074
:10D97000486A847A002C12D08078002809D00924C3
:10D98000201A08710F48049C0094FFF7FFFD02B0B5
:10D9900010BD0D48049C0094FFF774FEF7E78078F3
:10D9A000002808D00924201A08710848049C009413
:10D9B000FFF7E4FEEBE70648049C0094FFF75AFFEC
:10D9C000E5E7C046A3E4001083E4001057E400102C
:10D9D00039E4001010B582B04C6AE47A002C05D00E
:10D9E000049C0094FFF79EFD02B010BD049C0094BF
:10D9F000FFF7BCFFF8E70000F0B583B00C001100A2
:10DA00001A00636A18792F4B8000C0582C23E35CFE
:10DA100098406085268DB3059B0D0004000C58438B
:10DA20003C23E35C002B43D0F60907231E40F6009D
:10DA3000254BF618254B264DDD62656A2F7B0325A5
:10DA40003D40ED00234FED199D60234D1D63234D97
:10DA5000DD60234D234FEF626063A860206B286078
:10DA600021482863EE6008986860A06BE669B608F4
:10DA7000801B1861638D2B61F82040000090082501
:10DA8000635F65895B190193834218DB6B461B68F2
:10DA9000DB00E360A369E06940081B1A23620B23E3
:10DAA000200001F07DFB0E4B1B68236303B0F0BD2B
:10DAB000F60907231E40F6000C4BF618BAE701AB37
:10DAC000E5E7C0465C6104100C1C0020800000D01B
:10DAD00028080000AC1B00202024010000100420B6
:10DAE000C00000D00B2404000A080000CC1B00205A
:10DAF000F0B583B00C0011001A00636A18792F4B3F
:10DB00008000C0582C23E35C98406085268DB305C7
:10DB10009B0D0004000C58433C23E35C002B43D0D6
:10DB2000F60907231E40F600254BF618254B264D17
:10DB3000DD62656A2F7B03253D40ED00234FED1923
:10DB40009D60234D1D63234DDD60234D234FEF6208
:10DB50006063A860206B286021482863EE60089805
:10DB60006860A06BE669B608801B1861638D2B6145
:10DB7000F820400000900825635F65895B190193D8
:10DB8000834218DB6B461B68DB00E360A369E06936
:10DB900040081B1A23620923200001F001FB0E4BF1
:10DBA0001B68236303B0F0BDF60907231E40F6008F
:10DBB0000C4BF618BAE701ABE5E7C0465C61041010
:10DBC0000C1C0020800000D028080000AC1B0020A6
:10DBD0002024010000100420C00000D00B24040009
:10DBE0000A080000CC1B002010B582B0486A807A79
:10DBF000002806D00648049C0094FFF7FDFE02B002
:10DC000010BD0448049C0094FFF772FFF7E7C0467C
:10DC1000A9E3001081E30010F0B583B00C001100FF
:10DC20001A00636A18792F4B8000C0582C23E35CDC
:10DC300098406085268DB3059B0D0004000C584369
:10DC40003C23E35C002B43D0F60907231E40F6007B
:10DC5000254BF618254B264DDD62656A2F7B032583
:10DC60003D40ED00234FED199D60234D1D63234D75
:10DC7000DD60234D234FEF626063A860206B286056
:10DC800021482863EE6008986860A06BE669B608D2
:10DC9000801B1861638D2B61F820400000900825DF
:10DCA000635F65895B190193834218DB6B461B68D0
:10DCB000DB00E360A369E06940081B1A23620A23C2
:10DCC000200001F06DFA0E4B1B68236303B0F0BD1A
:10DCD000F60907231E40F6000C4BF618BAE701AB15
:10DCE000E5E7C0465C6104100C1C0020800000D0F9
:10DCF00028080000AC1B0020202401000010042094
:10DD0000C00000D00B2404000A080000CC1B002037
:10DD1000F0B583B00C0011001A00636A18792F4B1C
:10DD20008000C0582C23E35C98406085268DB305A5
:10DD30009B0D0004000C58433C23E35C002B43D0B4
:10DD4000F60907231E40F600254BF618254B264DF5
:10DD5000DD62656A2F7B03253D40ED00234FED1901
:10DD60009D60234D1D63234DDD60234D234FEF62E6
:10DD70006063A860206B286021482863EE600898E3
:10DD80006860A06BE669B608801B1861638D2B6123
:10DD9000F820400000900825635F65895B190193B6
:10DDA000834218DB6B461B68DB00E360A369E06914
:10DDB00040081B1A23620823200001F0F1F90E4BE2
:10DDC0001B68236303B0F0BDF60907231E40F6006D
:10DDD0000C4BF618BAE701ABE5E7C0465C610410EE
:10DDE0000C1C0020800000D028080000AC1B002084
:10DDF0002024010000100420C00000D00B240400E7
:10DE00000A080000CC1B002010B582B0486A807A56
:10DE1000002806D00648049C0094FFF7FDFE02B0DF
:10DE200010BD0448049C0094FFF772FFF7E7C0465A
:10DE3000F9E40010D1E4001010B582B04C6AE47A25
:10DE4000002C05D0049C0094FFF7CEFE02B010BD5C
:10DE5000049C0094FFF7D8FFF8E70000F0B583B00A
:10DE60000C0011001A00636A18792F4B8000C0580B
:10DE70002C23E35C98406085268DB3059B0D000440
:10DE8000000C58433C23E35C002B43D0F6090723E6
:10DE90001E40F600254BF618254B264DDD62656ABF
:10DEA0002F7B03253D40ED00234FED199D60234D51
:10DEB0001D63234DDD60234D234FEF626063A86037
:10DEC000206B286021482863EE6008986860A06B8A
:10DED000E669B608801B1861638D2B61F82040004D
:10DEE00000900825635F65895B190193834218DB05
:10DEF0006B461B68DB00E360A369E06940081B1AFE
:10DF000023620F23200001F04BF90E4B1B682363A3
:10DF100003B0F0BDF60907231E40F6000C4BF618BF
:10DF2000BAE701ABE5E7C0465C6104100C1C0020B9
:10DF3000800000D028080000AC1B00202024010035
:10DF400000100420C00000D00B2404000A080000C8
:10DF5000CC1B0020F0B583B00C0011001A00636ADE
:10DF600018792F4B8000C0582C23E35C98406085C3
:10DF7000268DB3059B0D0004000C58433C23E35C45
:10DF8000002B43D0F60907231E40F600254BF61858
:10DF9000254B264DDD62656A2F7B03253D40ED0054
:10DFA000234FED199D60234D1D63234DDD60234DEF
:10DFB000234FEF626063A860206B286021482863CC
:10DFC000EE6008986860A06BE669B608801B18616F
:10DFD000638D2B61F820400000900825635F658900
:10DFE0005B190193834218DB6B461B68DB00E3601F
:10DFF000A369E06940081B1A23620D23200001F089
:10E00000CFF80E4B1B68236303B0F0BDF60907235E
:10E010001E40F6000C4BF618BAE701ABE5E7C04628
:10E020005C6104100C1C0020800000D02808000057
:10E03000AC1B00202024010000100420C00000D0F0
:10E040000B2404000A080000CC1B002010B582B08D
:10E05000486A807A002806D00648049C0094FFF79E
:10E06000FDFE02B010BD0448049C0094FFF772FF4F
:10E07000F7E7C046FDE30010D3E30010F0B583B02E
:10E080000C0011001A00636A18792F4B8000C058E9
:10E090002C23E35C98406085268DB3059B0D00041E
:10E0A000000C58433C23E35C002B43D0F6090723C4
:10E0B0001E40F600254BF618254B264DDD62656A9D
:10E0C0002F7B03253D40ED00234FED199D60234D2F
:10E0D0001D63234DDD60234D234FEF626063A86015
:10E0E000206B286021482863EE6008986860A06B68
:10E0F000E669B608801B1861638D2B61F82040002B
:10E1000000900825635F65895B190193834218DBE2
:10E110006B461B68DB00E360A369E06940081B1ADB
:10E1200023620E23200001F03BF80E4B1B68236393
:10E1300003B0F0BDF60907231E40F6000C4BF6189D
:10E14000BAE701ABE5E7C0465C6104100C1C002097
:10E15000800000D028080000AC1B00202024010013
:10E1600000100420C00000D00B2404000A080000A6
:10E17000CC1B0020F0B583B00C0011001A00636ABC
:10E1800018792F4B8000C0582C23E35C98406085A1
:10E19000268DB3059B0D0004000C58433C23E35C23
:10E1A000002B43D0F60907231E40F600254BF61836
:10E1B000254B264DDD62656A2F7B03253D40ED0032
:10E1C000234FED199D60234D1D63234DDD60234DCD
:10E1D000234FEF626063A860206B286021482863AA
:10E1E000EE6008986860A06BE669B608801B18614D
:10E1F000638D2B61F820400000900825635F6589DE
:10E200005B190193834218DB6B461B68DB00E360FC
:10E21000A369E06940081B1A23620C23200000F068
:10E22000BFFF0E4B1B68236303B0F0BDF609072345
:10E230001E40F6000C4BF618BAE701ABE5E7C04606
:10E240005C6104100C1C0020800000D02808000035
:10E25000AC1B00202024010000100420C00000D0CE
:10E260000B2404000A080000CC1B002010B582B06B
:10E27000486A807A002806D00648049C0094FFF77C
:10E28000FDFE02B010BD0448049C0094FFF772FF2D
:10E29000F7E7C0464DE5001023E5001010B582B049
:10E2A0004C6AE47A002C05D0049C0094FFF7CEFE63
:10E2B00002B010BD049C0094FFF7D8FFF8E70000FF
:10E2C000084B01229A635B6A1B785BB2002B03D078
:10E2D000428D5343034A5363024B9A685A63586B07
:10E2E0007047C046C00000D070B504001500FFF7AD
:10E2F000E7FF0100A3696D005D1900222000FEF711
:10E30000F9FE288070BD70B50400160045690369E8
:10E31000ED18027915412DB24361FFF7D1FF29189D
:10E3200000222000FEF7E6FE2061A36976009853E4
:10E3300070BD70B504001500FFF7C2FF0100A36BAC
:10E34000A6696A00B6185A5D2000FEF7D3FE308039
:10E3500070BD70B50400160045690369ED180279B7
:10E3600015412DB24361FFF7ABFFA36B9A5D2918EE
:10E370002000FEF7BFFE2061A3697600985370BDB0
:10E3800070B50500140083695200D65EFFF798FF50
:10E39000311800222800FEF7ADFEEB69A4001C191D
:10E3A00023681B18236070BD70B5050014008369D5
:10E3B0005200D65EFFF784FFAB6B1A5D3118280060
:10E3C000FEF798FEEB69A4001B191A6812181A6070
:10E3D00070BD70B505001400FFF772FF0100002248
:10E3E0002800FEF787FEEB69A2009B181A68A9694E
:10E3F0006400615E401812181A6070BD70B50500A7
:10E400001400FFF75DFF0100AB6B1A5D2800FEF7FB
:10E4100071FEEB69A2009B181A68A9696400615E2D
:10E42000401812181A6070BD024B9A685A63586BF4
:10E430007047C046C00000D070B504001500FFF75B
:10E44000F3FF0100A3696D005D1900222000FEF7B3
:10E4500051FE288070BD70B504001600456903693F
:10E46000ED18027915412DB24361FFF7DDFF291840
:10E4700000222000FEF73EFE2061A369760098533B
:10E4800070BD70B504001500FFF7CEFF0100A36B4F
:10E49000A6696A00B6185A5D2000FEF72BFE308090
:10E4A00070BD70B50400160045690369ED18027966
:10E4B00015412DB24361FFF7B7FFA36B9A5D291891
:10E4C0002000FEF717FE2061A3697600985370BD07
:10E4D00070B50500140083695200D65EFFF7A4FFF3
:10E4E000311800222800FEF705FEEB69A4001C1974
:10E4F00023681B18236070BD70B505001400836984
:10E500005200D65EFFF790FFAB6B1A5D3118280002
:10E51000FEF7F0FDEB69A4001B191A6812181A60C7
:10E5200070BD70B505001400FFF77EFF01000022EA
:10E530002800FEF7DFFDEB69A2009B181A68A969A5
:10E540006400615E401812181A6070BD70B5050055
:10E550001400FFF769FF0100AB6B1A5D2800FEF79E
:10E56000C9FDEB69A2009B181A68A9696400615E85
:10E57000401812181A6070BD022801D000207047A0
:10E58000FF20FCE770477047014B18607047C0469A
:10E5900098F2022010B50300CAB2034908681900B6
:10E5A000FEF76AFC10BDC0460C2F012010B50028F4
:10E5B00002D1094B196010BD022806D00128FAD1FA
:10E5C000054B1868FFF7E6FFF5E780235B000B4378
:10E5D000014A1360EFE7C046A0F8022010B5064BD1
:10E5E0001B78002B00D110BD0020F9F75BF9024B1E
:10E5F00000221A70F7E7C0463D1C032010B5002921
:10E6000009D0084B1B7B8B4205D3074B9C466144CA
:10E610000901401810BD054B054A06480649FAF79E
:10E620003BFFC0464C1C0020FFFFFF0FD031031002
:10E63000F8630410F031031009020000F8B504007B
:10E640001500FFF7DBFF0768466829002000FFF789
:10E65000D5FF026843680120B34201D802D00020F0
:10E66000C0B2F8BDBA42FBD8F9E7000010B50029E6
:10E6700008D0037B8B4205D300684B005B18033B3B
:10E68000C01810BD024B034A03486821FAF704FF83
:10E69000C8250310DC630410E425031070B50400E2
:10E6A000857B002D01D1280070BD2900FFF7DEFF1A
:10E6B0004378A373002B00D1E3730023837043706E
:10E6C0000370F0E7F0B583B0040016001F000028C7
:10E6D00002D1002003B0F0BD16482100FFF7C6FFAD
:10E6E000050015482100FFF789FF04000268436810
:10E6F000921BBB4109980021FCF742FF089A0023B6
:10E70000FCF73EF980197941206061602878099B07
:10E710000193089B009332003B00FFF7D3FF68781A
:10E72000099B0193089B009332003B00FFF7CAFF4F
:10E73000CFE7C0464C1C002078270020F8B5060023
:10E740000C001500FFF792FF0700002C0DD0002DE4
:10E7500011D0AC4215D029003000FFF787FF84703C
:10E760003B78002B13D13D70F8BD0A4B0A4A0B4889
:10E770006F21FAF791FE0A4B074A08487021FAF711
:10E780008BFE084B044A05487121FAF785FE437059
:10E790003D70E9E73C260310B8630410E42503103C
:10E7A000482603105426031070B506000D0014000F
:10E7B000002914D0002A14D04368806898470028A4
:10E7C00006D0220029003000FFF7B8FF280007E03C
:10E7D0002A0021003000FFF7B1FF200000E0100008
:10E7E00070BD0800FCE7000070B504000D1E0CD0E1
:10E7F000FFF73CFF0023837043700370617B2A00A6
:10E800002000FFF7D1FF607370BD034B034A04483B
:10E81000A521FAF741FEC0466C260310CC63041014
:10E82000E425031010B5044C044A054823000A21CE
:10E83000FAF72FFA200010BD782700203DE60010DF
:10E840004C1C002070B5F9F725F8002804D1104BB6
:10E8500000221A70012070BD0E4B00221A600E4B70
:10E86000002400251C605D60FFF7DCFF0B4B186087
:10E870000B4B1C605D600B490B48FEF7A9F90B4B75
:10E8800018600B48F9F70EF8014B01221A70E1E706
:10E890003D1C032098F20220702700205421012003
:10E8A0006826002034C20000A09E36000C2F0120F4
:10E8B000D5EA0010024B587B434258417047C0468E
:10E8C0004C1C002010B50248FAF7C9F910BDC0462B
:10E8D0004C1C002010B5024B1868FFF7F3FF10BD69
:10E8E00054210120F8B505000F0016001648FFF767
:10E8F000D5FE041E12D001002800FFF77FFE069A05
:10E90000079B02604360002E0ED0104B9F4214D133
:10E9100086600D482100FFF767FFF8BD0C4B0D4ADC
:10E920000D480E49FAF7B8FD0D4B9F42F0D00D4B44
:10E93000084A09480C49FAF7AFFD0C4B054A06484E
:10E940000B49FAF7A9FDC0464C1C0020C935001040
:10E950006C260310E8630410F03103102702000056
:10E96000552E0010283203102D02000048320310EB
:10E970002E020000F0B583B006000F0094461A0086
:10E9800009490A4B0C684D6818685968241A8D416A
:10E99000074B1868A4197D41009401956146FFF763
:10E9A000A1FF03B0F0BDC0466826002070270020FC
:10E9B0005421012070B504000E0015000C4B5B7B48
:10E9C000002B01D1002070BD09480121FAF7F6F9AA
:10E9D00001002000FFF712FE8368002B05D0054BD5
:10E9E000336083682B600120EDE7034BF8E7C046F6
:10E9F0004C1C0020C9350010552E001010B5064BD8
:10EA0000597B002902D10020002110BDFFF7F6FD3F
:10EA100041680068F9E7C0464C1C002070B582B020
:10EA200002000023C10E4001801A9941C60D4D021B
:10EA300035434402A4185D41A60EA9013143A0014B
:10EA4000001BA941801859411D4A0023FBF798FF7C
:10EA500004000D001B490A684B6812196B410A60DB
:10EA60004B60194B1B68002B11D018490A684B6882
:10EA700012196B410A604B6009E06A4601A9200047
:10EA8000FFF798FF002819D00098019B9847104B7A
:10EA90001C682000FFF70EFF00280FD12000FFF7B1
:10EAA000ADFF0A4B1A685B6880185941054B1A681C
:10EAB0005B68994202D8E0D19042DED902B070BDC5
:10EAC00034C200006826002098F20220702700203F
:10EAD00054210120F0B583B00500304B1B78022B88
:10EAE00002D0EE6800240BE00020F4F7B3F9F8E759
:10EAF000371B00233B4335D1E4193800FFF78EFF65
:10EB0000B44239D2264B1B68002BF1D1254B1F682C
:10EB10003800FFF7CFFE0028EAD13800FFF76EFF7C
:10EB2000214B1A685B6880185941204B1A685B6852
:10EB3000801A99411E4A0023FCF722FD1D4A00233A
:10EB4000801859411C4A0023FBF71AFF0190371B1C
:10EB500000230029CED1994201D1B842CAD807007A
:10EB60000B00C7E72B685968A300C918134B186836
:10EB70003A00FEF75BF9BFE7EB68AB602B685868BB
:10EB8000002204E05100435EDB0043520132AB68D7
:10EB90005B009342F6D803B0F0BDC046A31C03202F
:10EBA00098F20220542101207027002068260020BE
:10EBB00034C200003F420F0040420F000C2F0120E2
:10EBC00000B583B00949814209D10949487B0599BB
:10EBD000019104990091FFF775FD03B000BD054B4D
:10EBE000054A06480649FAF757FCC0467827002030
:10EBF0004C1C0020703203109C630410F031031091
:10EC00005B02000010B582B00400054B1A685B6817
:10EC10000448006801910094FFF7D2FF02B010BDD4
:10EC200068260020542101200000000000000000A0
:10EC3000BC6C7C677C6F64003C603D6A7C6A2488A5
:10EC40002D882543C4682D192C06E40D64442488BE
:10EC50006D04B641F6436D0EEC4001D07440640083
:10EC60000C800231514500DA404748470125BD6715
:10EC70007C6E247864B23D6D6C43BD6C64197C6716
:10EC80007C6F64003C603D6A7C6A24882D88254343
:10EC9000C4682D192C06E40D644424886D04B64123
:10ECA000F6436D0EEC4001D0744064000C800231DC
:10ECB000514500DA40474847BC6C7C677C6F3D6932
:10ECC0004E08AE5D64003C603D6A7C6A24882D88F5
:10ECD0002543C4682D19AD192C06E40D644424881D
:10ECE0006D04B641F6436D0EEC4001D074406400F3
:10ECF0000C800231514500DA404748470125BD6785
:10ED00007C6E247864B23D6D6C43BD6C64197C6785
:10ED10007C6F3D694E08AE5D64003C603D6A7C6A74
:10ED200024882D882543C4682D19AD192C06E40DBF
:10ED3000644424886D04B641F6436D0EEC4001D066
:10ED4000744064000C800231514500DA4047484766
:10ED5000BC6C7C677C6F056946694561AD190679B5
:10ED6000F540641964003C603D6A7C6A24882D8803
:10ED70002543C4682D192C06E40D644424886D04D1
:10ED8000B641F6436D0EEC4001D07440640004615E
:10ED90000C800231514500DA404748470125BD67E4
:10EDA0007C6E247864B23D6D6C43BD6C64197C67E5
:10EDB0007C6F056946694561AD190679F5406419AE
:10EDC00064003C603D6A7C6A24882D882543C468C1
:10EDD0002D192C06E40D644424886D04B641F643D5
:10EDE0006D0EEC4001D07440640004610C8002316F
:10EDF000514500DA40474847BC6C7C677C6F056929
:10EE000046694561AD190679F54064193D694E08BA
:10EE1000AE5D64003C603D6A7C6A24882D88254391
:10EE2000C4682D19AD192C06E40D644424886D04C2
:10EE3000B641F6436D0EEC4001D0744064000461AD
:10EE40000C800231514500DA404748470125BD6733
:10EE50007C6E247864B23D6D6C43BD6C64197C6734
:10EE60007C6F056946694561AD190679F5406419FD
:10EE70003D694E08AE5D64003C603D6A7C6A248852
:10EE80002D882543C4682D19AD192C06E40D644462
:10EE900024886D04B641F6436D0EEC4001D07440F9
:10EEA000640004610C800231514500DA4047484754
:10EEB000BC6C7C677C6F4D0875442E8834446400BC
:10EEC0003C603D6A7C6A24882D882543C4682D19DE
:10EED0002C06E40D644424886D04B641F6436D0E9F
:10EEE000EC4001D07440640004610D6825440D605D
:10EEF0000431514500DA404748470125BD677C6E23
:10EF0000247864B23D6D6C43BD6C64197C677C6F82
:10EF10004D0875442E88344464003C603D6A7C6A28
:10EF200024882D882543C4682D192C06E40D6444DB
:10EF300024886D04B641F6436D0EEC4001D0744058
:10EF4000640004610D6825440D600431514500DA08
:10EF500040474847BC6C7C677C6F4D0875442E88E1
:10EF600034443D698E08AE5D64003C603D6A7C6A55
:10EF700024882D882543C4682D19AD192C06E40D6D
:10EF8000644424886D04B641F6436D0EEC4001D014
:10EF90007440640004610D6825440D6004315145DE
:10EFA00000DA404748470125BD677C6E247864B28B
:10EFB0003D6D6C43BD6C64197C677C6F4D08754476
:10EFC0002E8834443D698E08AE5D64003C603D6A25
:10EFD0007C6A24882D882543C4682D19AD192C0618
:10EFE000E40D644424886D04B641F6436D0EEC4094
:10EFF00001D07440640004610D6825440D60043143
:10F00000514500DA40474847BC6C7C677C6F640020
:10F010003C603D6A7C6A24882D882543C4682D198C
:10F020002C06E40D644424886D04B641F6436D0E4D
:10F03000EC4001D0744064004D0875442E8834447F
:10F040000D6825440D600431514500DA40474847BA
:10F050000125BD677C6E247864B23D6D6C43BD6C48
:10F0600064197C677C6F64003C603D6A7C6A24881C
:10F070002D882543C4682D192C06E40D644424888A
:10F080006D04B641F6436D0EEC4001D0744064004F
:10F090004D0875442E8834440D6825440D600431B4
:10F0A000514500DA40474847BC6C7C677C6F3D693E
:10F0B0008E08AE5D64003C603D6A7C6A24882D88C1
:10F0C0002543C4682D19AD192C06E40D6444248829
:10F0D0006D04B641F6436D0EEC4001D074406400FF
:10F0E0004D0875442E8834440D6825440D60043164
:10F0F000514500DA404748470125BD677C6E2478BA
:10F1000064B23D6D6C43BD6C64197C677C6F3D6976
:10F110008E08AE5D64003C603D6A7C6A24882D8860
:10F120002543C4682D19AD192C06E40D64442488C8
:10F130006D04B641F6436D0EEC4001D0744064009E
:10F140004D0875442E8834440D6825440D60043103
:10F15000514500DA40474847C046C046C046C04611
:10F1600031EC00106DEC0010B9EC0010FDEC00105B
:10F1700051ED00109DED0010F9ED00104DEE001066
:10F18000B1EE0010FBEE001055EF0010A7EF0010DD
:10F1900009F0001051F00010A9F00010F9F0001073
:10F1A000F0B544464D4656465F46F0B4644618B442
:10F1B00082B0DD0803D14C0081690C4402E08C0070
:10F1C000C1690C44A24601948D4C9B00E458A346AF
:10F1D0008C4CA446046AA6468B4F0478002C52D16E
:10F1E0008A4CA1464378002B02D0C4780123A34067
:10F1F000013B874C874D4678AE5D750603D36E0E96
:10F200008578ED007619A41900940589002D01D1A7
:10F2100001321FE0804CA04601321A4200D058470C
:10F220000489C5781600EE407607760F009DAD5D27
:10F23000E6436E43F610A4190481458964191F261C
:10F240003601B44200DD3400E400C4600489002CBF
:10F2500000D05847446AA479002C04600DD0457949
:10F26000AE07B60F8670AD0864190F2C00DD0F24B1
:10F2700044700C252D1B00D3C570012404708A46F0
:10F28000624CA0465847019CA1426CD0A24604782B
:10F29000012C68D1614CA1464378002B02D0C47880
:10F2A0000123A340013B5A4C5D4D4678AE5D750687
:10F2B00003D36E0E8578ED007619A4190094541CC2
:10F2C0001C4209D00489456AED790F2D04D0260926
:10F2D000AE4201D1224629E0524CA04601321A42E8
:10F2E00000D05847009CC5781600EE407607760F90
:10F2F000A55D04896419650A00D04B4C04814589D9
:10F3000064191F263601B44200DD3400E400C460F5
:10F310000489456AED790F2D02D02609AE4205D049
:10F32000651C6D0A00D158478A465847466AF578E9
:10F330000024002D00D1347A0460002C0DD04579D2
:10F34000AE07B60F8670AD0864190F2C00DD0F24D0
:10F3500044700C252D1B00D3C570022404708A460E
:10F360002E4CA0465847019CA14237D0A2460478B3
:10F37000022C33DB2D4CA1464378002B02D0C478FD
:10F380000123A340013B224C254D4678AE5D750616
:10F3900003D36E0E8578ED007619A4190094244CE1
:10F3A000A04601321A4200D05847009CC57816008A
:10F3B000EE407607760FA55D048964190481661C0A
:10F3C000750A09D1458964191F263601B44200DD4A
:10F3D0003400E400C46058478A46584702B0FCBC79
:10F3E0009C46A046A946B246BB46D20803D18069D6
:10F3F000091A4808F0BDC069491A8108F0BD00002B
:10F4000060F1001000140420800000D087F200108A
:10F41000001604207016042019F2001067F3001083
:10F4200080160420DDF20010FF010000DDF3001063
:10F43000A3F30010827AC37A1B0213431B041B142C
:10F440005A1C0ED0084A10685A00D3189B00074A6D
:10F450001268D3180A229A5ED3009B189B00C0182A
:10F4600070470020FCE7C0465C000320CC0103206D
:10F47000027B437B1B0213431B041B145A1C0ED03C
:10F48000084A10685A00D3189B00074A1268D3181C
:10F490000A229A5ED3009B189B00C0187047002078
:10F4A000FCE7C0465C000320CC01032010B5826954
:10F4B000054B1A4200D110BD044B054A7C2105487A
:10F4C000FF31F9F7E9FFC046010000108C3203104C
:10F4D00030640410A432031010B582690C4B1A4238
:10F4E00011D041890B4A8B005B185B001268D3185E
:10F4F0001A79587900021043000400142D21FBF7FB
:10F50000D9F9400710BDFFF7D1FFC06AFAE7C0463E
:10F5100001000010A4E60220F0B5C64600B51C4E5E
:10F520003268D30F9B185B101A4D2A68D3182B60D2
:10F53000194F3A68D30F9B185B10184C2268D318E8
:10F540002360174B98461968164B18680004F2F7A9
:10F5500078FB306043461968134B18680004F2F7D3
:10F5600070FB38603368DA0FD21852102E68B61A62
:10F570002E60C20F1218521021688A1A22609B193D
:10F580000A490B6080180A4B186080BCB846F0BD71
:10F590007CE6022080E6022070E6022088E6022057
:10F5A000ACFB0220403001203430012084E60220F0
:10F5B0008CE60220084B094A12681A60084B094A77
:10F5C00012681A60084B094A12681A60084B094A07
:10F5D00012681A607047C04650F2022080E602208E
:10F5E00054F2022088E602204CF202207CE602203F
:10F5F00048F2022070E6022010B5204B1968204B1B
:10F600001960204B1B68204A1360204A127852B2BE
:10F61000002A20D11E4A1F48006810601E4A1F4859
:10F62000006810601A4A12688A181D4802601A4A57
:10F6300012689B181B4A13601B4B18680004F2F7F2
:10F6400005FB0100194B186080204002F2F7FEFA1A
:10F65000174B186010BD174A12681468E068CA0F8B
:10F6600052185210821A0A4802602069DA0FD21822
:10F670005210821A08480260D4E7C0464CF20220B9
:10F680007CE6022048F2022070E602209C1C00204A
:10F6900080E6022050F2022088E6022054F2022086
:10F6A00084E602208CE6022040300120A01C0020CD
:10F6B000ACFB022068F8022070B50E4B1A68D30F1D
:10F6C0009B185B100C4C20680C4A12689B180C4A63
:10F6D000C1008B500B4B1D68EB0F5B195B100A4D83
:10F6E0002D685B195218536001300A21FBF7E2F8CC
:10F6F000216070BD7CE60220A8E6022080E60220A0
:10F70000ACE6022070E6022088E6022070B5394B94
:10F71000394A1A60394B1A60394B3A4A1A603A4BE7
:10F720001A60002212E038480068834201DD364842
:10F7300003608878CB781B0203431B041B142D49FC
:10F7400009688B4217DA2B490B6001322F4B1B885B
:10F75000934217DD93002E490868C118C05C4B78AE
:10F760001B0203431B041B14244800688342DADA9B
:10F7700022480360DDE7224909688B42E5DD204924
:10F780000B60E2E71D4B186800041860194B1A68FB
:10F7900012041A601C4B196809041960184C23687C
:10F7A0001B042360091A1B4801609B1A1A4D2B6029
:10F7B0001A4B802292031A60194B1A60194B186871
:10F7C0000004F2F743FA04002968174B1868000494
:10F7D000F2F73CFA844200DD0400144A14608021F0
:10F7E000114B186800048903F2F730FA104B1860C7
:10F7F00070BDC04688E80220FFFFFF7F84E802203A
:10F8000010E70220010000800CE70220121C0320F8
:10F810007009032008E7022000E7022080E80220A8
:10F8200078E8022040300120343001207CE80220BA
:10F8300004E7022010B5264B1B68002B03D1244A95
:10F840005268002A05D0234A00211170224A234918
:10F850001160234A11685B1813601D4A52682149E0
:10F86000086812180A6020490868C10F0918491071
:10F870005B181E4C2468A3421ADD194B641A1C60E5
:10F880001B4B1968CB0F5B185B10D218194C2468FE
:10F89000A24215DD134AE41A1460114B1B68C31809
:10F8A000154A13600F4B1B68C918144B196010BD23
:10F8B000134C2468A342E3DA094B641A1C60DFE7A7
:10F8C000104C2468A242E8DA064AE41A1460E4E71D
:10F8D00074E602209C1C002038300120FFFFFF7FCF
:10F8E00080E6022088E602207CE602200CE7022067
:10F8F00070E6022010E7022084E602208CE6022057
:10F9000084E8022088E8022070B5354B01221A7085
:10F91000344B354A1A60354A00231360344A536029
:10F920001360344B802252021A60334B1A60334CFE
:10F930002168334B18680004F2F783F9314B1860E3
:10F940002168314B18680004F2F77BF902002F4B55
:10F9500018602F4B002159562E4B5B5C002B2BD08F
:10F96000D4234B432C495B182C490B602B4B1B6851
:10F970001868C168234C2568EB0F5B195B10CB1A24
:10F98000274D2B600369D00F801840101B1A254E9D
:10F990003360FFF74FFF244B2A681A60234B32680D
:10F9A0001A60234B22681A60224B184A12681A60A8
:10F9B000214819F06BFA70BD184B174919600023E4
:10F9C000032BD3DC1349C95C002901D10133F7E7CC
:10F9D000D4214B4310495B1810490B60C6E7C04661
:10F9E0003E1C032038300120FFFFFF7F641F0120F1
:10F9F00074E6022070D70220F8F10220ACFB02204E
:10FA0000403001207CE602203430012070E60220E4
:10FA10004B1C0320E4F40220E8F4022068F80220E2
:10FA200080E6022088E6022050F2022054F20220F2
:10FA30004CF2022048F20220781C0020002305E04E
:10FA4000054AD9000120404288500133092BF7DDD7
:10FA5000024B00221A607047ACE60220A8E60220A2
:10FA600010B5154A00231360144A1360144A13603A
:10FA7000144BA02252001A60134B983A1A60FFF7F9
:10FA8000DDFFFFF743FE114B18681149F2F7DEF86E
:10FA9000104B1860104B1B68984203DD0D4B0B4A4E
:10FAA00012681A600B4B196880204002F2F7CEF8FA
:10FAB0000A4B186010BDC0463CE1022048300120CE
:10FAC0004430012040300120343001207CE8022005
:10FAD00033B30000A01C002004E70220ACFB02208E
:10FAE00010B5054B00221A70044819F0CFF9044BE9
:10FAF00001221A7010BDC0463E1C0320601C00206D
:10FB0000901C002010B5134B1B78002B1FD0114BFD
:10FB100000221A70104B00229A56104B1B785BB2D1
:10FB20009A4207D10E4B00229A560E4B1B785BB2BD
:10FB30009A4209D0FFF794FF074B084A12781A70CF
:10FB4000074B084A12781A70FFF7DEFE10BDFFF768
:10FB5000C7FFDCE7901C00205D1C00206B1C03200D
:10FB60005C1C00206A1C032010B5064B1968064B6C
:10FB7000196080204002F2F769F8044B1860FFF723
:10FB8000CBFC10BD7CE80220A01C0020ACFB0220B6
:10FB900010B5064B1968064B196080204002F2F739
:10FBA00055F8044B1860FFF7B7FC10BD04E70220BE
:10FBB000A01C0020ACFB022030B583B00400C24B77
:10FBC0001B78002B11D10378002B00D072E1426822
:10FBD000BE4B1B789A4201D000256CE1FFF792FFE3
:10FBE000BB4B00221A70012565E10378002B00D081
:10FBF00011E14368B74A12789A4235D0B64A127872
:10FC00009A425CD0B54A12789A426AD0B44A1278C5
:10FC10009A4277D0B34A12789A4200D184E0B24A2D
:10FC200012789A4200D187E0A84A12789A4200D10D
:10FC30008AE0AE4A12789A4200D18FE0AC4A12783C
:10FC40009A4200D19BE0AB4A12789A4200D1B0E0D0
:10FC5000A94A12789A4200D1C2E0A84A12789A4280
:10FC600000D1CFE0002505E0A54B1B785BB2002B4F
:10FC70001BD00025A34B1B785BB2002B04D0A24BFA
:10FC80001B78032B00D916E1217AA048F1F766FF13
:10FC9000002800D10FE19E4C0020205601300321A6
:10FCA000FAF708FE2170002505E19A4B19688020BB
:10FCB000C002F1F7C6FF984B18600125DAE7904BB8
:10FCC0001B785BB2002B01D00025D3E7914B19685C
:10FCD0008020C002F1F7B5FF40428F4B186001252C
:10FCE000C8E7874B1B785BB2002B01D00025C1E72A
:10FCF000884B19688020C002F1F7A3FF864B58603B
:10FD00000125B7E77E4B1B785BB2002B01D00025A5
:10FD1000B0E7804B19688020C002F1F792FF4042A3
:10FD20007D4B58600125A5E77C4B7D4A1A607D4BD1
:10FD30007D4A1A6001259DE7784B7B4A1A60794B12
:10FD4000774A1A60012595E7784B00221A60604BCC
:10FD500001321A70FFF7C4FE01258BE7734A13685E
:10FD600059424B411360002B05D0FFF723FCFFF7EE
:10FD7000FBFE01257EE7FFF73FFC01257AE7604A9D
:10FD80000023D35659424B415BB21370684A69490C
:10FD90001160002B06D0684B1968684BA0228B506D
:10FDA000012567E7644B1968654BA0228B5001253C
:10FDB00060E7644A0023D35659424B415BB213704B
:10FDC000002B06D05C4B19685F4BA0228B5001259D
:10FDD00050E7594B19685D4BA0228B50012549E72C
:10FDE0005B4B5C4A5C4D5D49096800911421280019
:10FDF000F3F7F0FE504B1A68A023D550FFF75CFCD8
:10FE0000012537E7FFF71AFE4B4B1968544BA02228
:10FE10008B5001252EE7012B01D000254BE04368D4
:10FE20002C4A12789A4215D02B4A12789A421BD04B
:10FE30002A4A12789A4221D0294A12789A4227D027
:10FE4000284A12789A422DD0274A12789A4229D00D
:10FE5000002530E02A4B1B785BB2002B2ED12E4BB5
:10FE600000221A60002526E0254B1B785BB2002B90
:10FE700026D1294B00221A6000251CE0204B1B785C
:10FE80005BB2002B1ED1244B00225A60002512E0E9
:10FE90001B4B1B785BB2002B64D11F4B00225A60B6
:10FEA000002508E01D4B802252021A601D4B1A608B
:10FEB000002500E00025E8B203B030BD0025FAE7D8
:10FEC0000025F8E70025F6E73E1C0320991A0020DC
:10FED000D81C03209D1A00209C1A00209F1A002085
:10FEE0009E1A00209A1A00209B1A0020981A0020BF
:10FEF000971A0020961A0020951A0020941A0020C4
:10FF00009C1C0020561C0320B81C0020941C0020C0
:10FF1000481C0320ACFB022074E60220F8F102200A
:10FF2000FAFA000070D702201E050100941F01207C
:10FF300038300120FFFFFF7F68F80220E032031015
:10FF4000F0320310701C0320003303100833031039
:10FF5000143303102033031078200120A8E6022078
:10FF6000283303100025A6E710B5104B1968104C74
:10FF70002068F1F766FE0100206080204002F1F762
:10FF800065FE0C4B186023680B4A1268934206DB2F
:10FF90000A4A1268934205DDFFF7FAFD10BDFFF72C
:10FFA000E3FDFBE7FFF7B8FAF8E7C046F8F10220F7
:10FFB000A01C0020ACFB02207CE8022004E7022009
:10FFC000F0B5C64600B5234B1A68234B1B681B6867
:10FFD000D868824204D11F4A52681B699A4236D0BF
:10FFE0001E4B98461968F1F72CFE1D4F3968000C1E
:10FFF0000004F1F726FE1B4D2A68D30F9B185B10F7
:020000041001E9
:10000000C01A194E3060144C23681B6842461168B0
:100010001869F1F716FE3968000C0004F1F711FEBB
:10002000124B1B68DA0FD2185210801A104A106057
:100030003268296852180F490A601B180E4A13606B
:1000400023681A68D168034B196012695A6080BC32
:10005000B846F0BD3830012068F80220A01C00200E
:10006000ACFB02207CE6022080E6022070E6022043
:1000700088E6022084E602208CE6022010B5124BAE
:100080001B78002B18D0114A136801331360104BF2
:100090001B785BB2002B10D10E4B1A6880235B02D9
:1000A0009A420DD10C4B1B68002B03D10A4B5B68A5
:1000B000002B01D0FFF7BEFB10BDFFF781FFEBE780
:1000C000FFF752FFEEE7C0463E1C0320641F0120ED
:1000D0009C1C002070D7022074E6022010B501009D
:1000E000094B1B68A82B07DC084A12685A43084BC7
:1000F0001868FBF7FFFA10BD064B074ADC210748DA
:100100008900F9F7C9F9C046343001204030012098
:10011000783001203C3303104C6404105433031036
:10012000F0B5DE4657464E464546E0B585B005007B
:100130000C004368A74A1268934205DCA649096887
:100140008B420BDB002300E00823E9688A4207DBCF
:10015000A14A1268914219DB002202E00423F4E76D
:1001600008221A4200D02BE128689C490F68B84247
:100170000EDA01210B43A9688F4210DD01210A43E9
:1001800016001E401A4211D000201AE10422E8E7AE
:10019000934909688842EEDD02210B43EBE7904E5C
:1001A0003668B142ECDD02210A43E9E78D4B9846FF
:1001B0001968C01BF1F745FD00148B4B9B461B686B
:1001C000C0182060894F3B689946686843461968A3
:1001D000814B9A461B68C01AF1F733FD00144B4659
:1001E0001B1A834A914612689B186360A8684346AD
:1001F00019687A4B1B68C01AF1F723FD00145B469F
:100200001B68C018A0603F68E868434619685346F9
:100210001B68C01AF1F715FD00143B1A4A46126814
:100220009B18E3606268002A05DB704909688A420E
:100230000CDA350000E008252268002A08DB6D4949
:1002400009688A4206DB0222154303E00425F3E72E
:1002500001221543002B05DB644A1268934202DB3E
:10026000042600E00826A368002B06DB614A12681A
:10027000934204DB02231E4301E001231E433300AB
:100280002B4001932E4273D000209AE0370075E096
:100290007B0713D56368E168591AA0682268924603
:1002A000801A524A126891469B1A5843FAF702FB89
:1002B000504402904B46013B03936FE0BB0713D5BC
:1002C000E06863689A46C01AA1682368C91A494A57
:1002D0001268013A9146D31A5843FAF7EBFA5044A0
:1002E00003904B46029359E0FB070FD5E068636823
:1002F0009946C01AA1682368C91A5B425843FAF7A5
:10030000D9FA484403900023029347E00023029364
:10031000039343E002AB220003CB03C26368002BCC
:1003200005DB324A126893420CDA019D00E0082591
:100330002368002B08DB2F4A1268934216DB022346
:100340001D4313E00425F3E701231D430EE00826B7
:10035000A368002B08DB274A1268934206DB0223BE
:100360001E4303E00426F3E701231E432E422FD150
:100370002B00334322D0002D88D02F003B0787D598
:100380006368E168591AA06822689146801A584348
:10039000FAF790FA4844029000230393BD42B9D083
:1003A00002AA2300083303CA03C3E368002BCEDB91
:1003B0000E4A12689342D5DA019EC9E7012000E097
:1003C000002005B0F0BCBB46B246A946A046F0BD31
:1003D0000020F6E78CE6022088E6022080E6022074
:1003E00084E60220A01C002044300120343001208B
:1003F0004830012040300120F0B5D6464F464646F1
:10040000C0B582680368D21AD41715196540A94689
:100410006C00A246002A12DB01229046C4684268A2
:10042000A41AE617A71977407E00002C0BDB0124E5
:10043000A446B9451DDD54466710F71B0CE00122A8
:1004400052429046EAE701246442A446F1E762443E
:1004500054463F1B4344BF19134C24685443E418CB
:10046000124D2D68295584689C4217D0002FEEDA72
:10047000F0E777105446E71B03E04344BF1B624498
:100480005744094C24685443E418084D2D682955F5
:10049000C468944202D0002FEFDAF0E7E0BCBA461D
:1004A000B146A846F0BDC04640300120783001205A
:1004B00010B50C000549FFF733FE002800D110BD30
:1004C00002482100FFF798FFF9E7C046903001206D
:1004D00070B584B005002B4B1A682B4B1B68D31AE0
:1004E000590214D0D917490A5B185B025B0A5B1AE0
:1004F00080242404E41AA418244B1E68B618244B44
:100500001B680193234A12689B1803930BE01400A5
:10051000F2E70094029429006846FFF7C9FF8023A0
:100520001B049C466444B442F3DB194B1A681A4B13
:100530001B68D31A590214D0D917490A5B185B02F9
:100540005B0A5B1A80242404E41AA418114B1E6869
:10055000B6180C4B1B6800930C4A12689B18029348
:100560000BE01400F2E70194039429006846FFF7BA
:100570009FFF80231B049C466444B442F3DB04B019
:1005800070BDC04680E60220A41F01207CE6022048
:1005900088E6022070E60220A81F0120F8B55A4B19
:1005A0001C6800251AE0200015F00EFA002856D12C
:1005B000564B1B68DB6B002B0ED0227963791B0234
:1005C00013431B0608D452486321FFF771FF03E071
:1005D0004F48B021FFF76CFF01350E344D4B1B889F
:1005E000AB4200DC8FE04C4B1A68217863781B0229
:1005F0000B431B049B13D018D15C43781B020B43A5
:100600001B0443490B60207863781B0203431B04DF
:100610009B13D3189878DB781B0203431B044B60B1
:10062000A078E3781B0203431B049B13D618D05C0D
:1006300073781B0203431B048B60A078E3781B02D2
:1006400003431B049B13D2189078D3781B020343F7
:100650001B04CB60314B1B785BB2002BA3D02279FB
:1006600063791B0213431B0604D52C4B1B785BB22A
:10067000002BB1D02000FEF7FBFE0028A8D0200000
:1006800015F02AF927280CD023799B0613D5234B84
:100690001B785BB2002B09D01D48B021FFF708FF83
:1006A0009AE71B48B821FFF703FF95E71848B021E8
:1006B000FFF7FEFE90E72000FEF7DAFE06000023BB
:1006C000C75E2000FEF7B6FE0022835E9F4210D177
:1006D0000223F25E0221435E9A420FD10F4B1B7838
:1006E0005BB2002B00D177E709486021FFF7E0FEFD
:1006F00072E707484021FFF7DBFE6DE70448E7217A
:10070000FFF7D6FE68E7F8BD5CE5022068F8022036
:10071000F4DF0220FC1B032070090320481C032087
:10072000F0B5D6464F464646C0B505000E00D40C7F
:1007300080231B01E31817495A008846575A1B01AA
:100740008022520292461340FF1A00683900F1F7E6
:1007500078FA8146630042469B5A2401524614406F
:100760001C1B30682100F1F76CFA4B461B1A9946A6
:1007700028682100F1F765FA040030683900F1F7C4
:1007800060FA241834604B462B60E0BCBA46B14690
:10079000A846F0BD6CB60310F0B5DE4657464E468F
:1007A0004546E0B585B083468A4616001F000F9B7C
:1007B0009946109B9846002524E03000F1F741FA55
:1007C000009001993000F1F73CFA019024E03A00E2
:1007D00001A96846FFF7A4FF20E03000F1F731FAE5
:1007E000029003993000F1F72CFA039022E0029B6B
:1007F0004B440293039B434403930E996846FFF7CF
:1008000057FE013555451DDA2C015C4421680091E5
:1008100063680193002ED0D1002FD8D1009B4B44A8
:100820000093019B43440193A1680291E368039301
:10083000002ED2D1002FDAD03A0003A902A8FFF788
:100840006FFFD4E705B0F0BCBB46B246A946A04650
:10085000F0BD0000F0B5C64600B584B0394B1B783A
:10086000002B03D001256D42002446E0364B1B7857
:100870005BB2002B16D0354B1B681D682800FEF7B5
:100880002BFE0300324C2A690292EA680192D122BF
:100890000092002210212000FFF77EFF04B080BCF0
:1008A000B846F0BD294B1B681D682800FEF714FEF2
:1008B0000300284C2A690292EA680192D122009230
:1008C000002207212000FFF767FFE7E7F62398469D
:1008D000214BD4226243D7583800FEF7FDFD0300B8
:1008E0001C4E3A690292FA68019242460092002236
:1008F00007213000FFF750FF0134032CCEDC013517
:10090000D4236343144A9B18144A127852B2002A23
:1009100007D0134A1278002A03D10C4A12689A426F
:10092000EAD1104B1B5D002BE6D00B4BD422624367
:100930009B185B6B002BC9D10B4BAA00D358984670
:10094000C6E7C0468E1C0320481C032068F802201E
:100950008864041088650410E8F40220561C032003
:10096000B11C0320E4F402203C640410F0B585B00F
:10097000060000271EE0002400E00024002C18D010
:100980002000FEF7A9FD03008022154D2169029188
:10099000E16801910096520303212800FFF7FCFE55
:1009A000A48B002CE9D080231B059C466444A40042
:1009B000E4E701370B4B1B88BB420EDD0A4AFB0004
:1009C000DB199B001268D3189C8A002CD3D080239B
:1009D0001B059C466444A400D0E705B0F0BDC046AA
:1009E00058640410041C03205C000320F0B5C646C4
:1009F00000B5002400E00134092C39DC1E4BE20074
:100A0000D058431CF7D01D4E31681D4B1B68C01ACF
:100A1000F1F717F905141B4B98461B68ED181A4B94
:100A20001F68154BE2009B1858683168174B1B680C
:100A3000C01AF1F706F900143F1A154B1B68FF188E
:100A4000A2B2013292B241460968A942D3DC1149EF
:100A500009680539A942CEDBBB42CCDC0A4B1B68D6
:100A6000063BBB42C7DB39002800F1F71DFEC2E799
:100A700080BCB846F0BDC046ACE60220A01C0020F9
:100A800080E60220443001203430012088E6022034
:100A90004830012040300120064B1B680133064AD4
:100AA00012685A43D30F9B185B10044A1268D05443
:100AB0007047C0463430012040300120783001209A
:100AC00010B5144B1B78002B00D110BD124B134AEC
:100AD00012681A600020FFF701FB114B1B785BB214
:100AE000002B0ED1FFF75AFDFFF7B4FE0D4B1B781C
:100AF0005BB2022B09D06020FFF7CEFFFFF776FF35
:100B0000E3E76820FFF7E4FCECE710217020FFF733
:100B10002DFFF0E73E1C032078300120182800202C
:100B2000701C0320481C0320704710B5F1F7D6FD58
:100B3000431E9841C0B210BD30B583B0334B1B7813
:100B4000012B19D9022B13D0032B49D0022B4BD0E8
:100B50002F4B1B78042B03D82C4A1278032A47D03A
:100B6000052B03D8294B1B78022B45D003B030BD91
:100B7000284A1278012AE7D1254B04221A70012451
:100B80000EE06D2D0BD1224B04221A70E0E7204BB2
:100B900001221A70DCE71E4B03221A70D8E70134D9
:100BA000032CD5DC1C4A230006216846F3F712F813
:100BB0006846F1F7D1FD0028F1DD01216846F1F723
:100BC00019FE05786846F1F72FFE6C2DE3D0D8D8D2
:100BD0006A2DDCD06B2DE2D10D4B02221A70B7E7E3
:100BE0000B4B05221A70B3E7094B06221A70AFE7C8
:100BF000064A01211170B3E7064B1B78023BDBB2BA
:100C0000012BB3D8034B01221A70AFE7B91C0020A7
:100C1000B81C00206C1C03209833031010B5094B3E
:100C20001B78002B0CD1F0F71BF9041E08D0200014
:100C300004F0C0FD0028F6D1200001F05BFEF2E7D1
:100C400010BDC046C81C032010B51BF04DFA2F4B39
:100C50001B782F4A1278934242D001242D4A1278F1
:100C6000002A01D0022A34D1002B03D12A4B1B6861
:100C7000002B37D1F6F73AFB244B1B78002B03D11E
:100C8000264B1B78002B30D0204B1B78244A12783F
:100C9000934201D0002B32D11C4B1B781C4A13709D
:100CA0001F4A13701F4B1B78002B12D01B4B1B7855
:100CB000002B28D11C4B196804311C4B1B68443B8A
:100CC000D80FC01840101A4B1B68C0183222F1F719
:100CD000F1FC20001EF084F8F0F7ECF9200010BDC4
:100CE0000024BBE703F0F0FBC4E7124B1B785BB2B8
:100CF000D4205843104BC01814F02CFFC4E7002038
:100D0000F5F730FDC8E70421D7E7C0466E1C032085
:100D1000A51C0020DB1C032098D702203E1C0320CA
:100D2000A41C00209D1C0320AC090320B0FB022062
:100D3000A80903205D1C0320E8F4022010B5F0F799
:100D40006FFFF2F7EDFFF6F7C3FAF2F7C5FEF0F723
:100D500051FFF0F750FFF0F74FFFF0F74EFF042080
:100D6000F0F74CFF044B67221A7002325A70073AB0
:100D70009A701032DA7010BDE0DF022010B5F5F77E
:100D8000EDFCF0F7D7F90C4B0C4A00215156D42258
:100D90004A43D05817F086F8094B1B78002B09D02E
:100DA000084B1B78002B05D1FFF74EFF064B1B7835
:100DB000002BF9D110BDC046E8F402204B1C0320E3
:100DC000051B0020941C0320DB1C032010B5164BD0
:100DD0001B78032B1BD0154B01221A70144B18687B
:100DE000F5F7BEFCF6F712FBF6F71EFAF0F7A2F9DC
:100DF000F1F76AFC14F09EFB0E48FAF7D9FDF0F704
:100E000089F90D48FAF7D4FDFFF7B8FFFCE70B4B63
:100E10001B78052B03D00A4B1B78002BDBD009482D
:100E2000FAF7C6FDD7E7C0466F1C03207E1C0320DF
:100E300074D7022088340310A8340310691C0320DF
:100E40008E1C0320A0330310014B01221A7070473F
:100E5000391C032010B5054A1368013B1360002BB1
:100E600000DB10BDFFF7F0FFFBE7C046A0F2022059
:100E700070B54A4B00215956494BD4224A439A181F
:100E800000231371474A1370474A1370474A13707F
:100E9000474A1370474B1C78052C0ED0464D2868E6
:100EA00001300621F9F706FD2960434B1A68062A2E
:100EB0002AD89300414AD3589F463F4D28680130B5
:100EC0000721F9F7F7FC2960EFE73D4B1A78022A72
:100ED0000ED03C4BAA2119603B4B032119703B4BB0
:100EE0003B491960022A08D01D2017F053F90BE086
:100EF000344B8221FF311960EEE7422017F04AF9A6
:100F000002E0344802F0BCFC334B1B78032B35D095
:100F100070BD2C4BC8221A602B4BC53A1A702B4B54
:100F20002E4A1A60F0E72E4802F0AAFCECE7264BA6
:100F300003221A70224B1B78022B08D0214BC822A7
:100F40001A60042C0ED9214B244A1A60DCE71D4B91
:100F50008222FF321A601D4B1D4A1A60422017F090
:100F600019F9D1E7194B1F4A1A60CDE71E4802F064
:100F700087FCC9E71D4802F083FCC5E71449134B01
:100F80001868F6F766FA0028C2D11948F1F7E4FBB1
:100F90000028BDDA0D4B174A1A60B9E74B1C032035
:100FA000E8F40220391C0320D41C03209D1C0320DC
:100FB000691C0320B81C0020602E01206466041008
:100FC000B91C0020A0F202206E1C03209CF202201B
:100FD000CC340310D83403106F1C0320E03403100A
:100FE000E8340310F0340310F83403100035031014
:100FF000083503101435031010B5044B00221A7085
:10100000034B013A1A60FFF71FFF10BD691C032054
:10101000602E012010B51C4B1B78042B07D01A4BF7
:101020001B78002B1AD0194B02221A7010BD1848D9
:10103000F1F792FB002808DB134B01221A70124BC8
:101040001B78042BEBD100BEE9E71248F1F784FBD3
:101050000028F4DB0C4B00221A70F0E70E48F1F781
:101060007BFB002803DD094B03221A70DEE70B48E7
:10107000F1F772FB002803DD044B01221A70D5E75B
:10108000024B00221A70D1E76C1C0320B91C00200F
:101090002035031028350310303503103835031080
:1010A00010B52A4B2A4A1A602A4B1B78002B23D1F1
:1010B000294B1B78012B0DD0284B1B78032B0FD00D
:1010C000012B13D0002B0AD12548FFF72DFD1F4B14
:1010D000186004E02348FFF727FD1C4B186010BD83
:1010E0002148FFF721FD194B1860F8E71F48FFF76B
:1010F0001BFD164B1860F2E7174A1278022A0DD032
:10110000012A11D0012B15D0032B19D0022BE6D1C7
:101110001748FFF709FD0D4B1860E0E71548FFF78A
:1011200003FD0A4B1860DAE71348FFF7FDFC074B95
:101130001860D4E71148FFF7F7FC044B1860CEE7BE
:101140000F48FFF7F1FC014B1860C8E774D7022085
:10115000403503106C1C03206F1C0320B91C0020B9
:101160006C350310A4150310483503105C350310CB
:10117000B035031068150310801503107C3503107B
:101180009435031010B5002300E001330A495A00DA
:10119000D2189000415800290CD0074A5800C018B6
:1011A00084001219107A054A12789042EDD1044851
:1011B000FAF72EFC10BDC04680660410B81C002053
:1011C000C835031010B503480121F1F713FBF6F7FA
:1011D0008FF810BDF835031010B55A48F3F720F812
:1011E0005948FAF7E5FBF1F7A3FBF1F76BFA57481B
:1011F000FAF7DEFBFFF7A2FD5548FAF7D9FB554891
:10120000FFF793FC544B18680830EFF747FE534B39
:101210001870FFF7FFFEFFF78FFC5148F1F79CFABB
:10122000002873DB4F48F1F797FA00286ADB4E4B32
:1012300002221A70FFF734FF4C4B1868F3F710F8CE
:10124000494B1B78012B6AD04948FAF7B1FBF6F7F6
:10125000DFF8F4F763FB0120F2F76EFBF2F7F2FB25
:10126000444B02221A70444B013A1A70434B1A70D5
:10127000434B00221A70434B1A604348FAF798FB1D
:1012800004F0ACFD4148FAF7C3FB14F0F3F9404811
:10129000FAF78EFB10F0E0FC3E48FAF789FB3E4B74
:1012A0001968C9003D4B1868C00016F05BFE00F0DD
:1012B00073F9FFF767FF3A48FAF77AFB02F0FCFF91
:1012C0003848FAF775FB17F047FD374B1B78022BB0
:1012D0002BD0364B1B78032B12D0294B1B78002BBD
:1012E00003D1334B1B78002B28D0244B00229A5675
:1012F000214B002159561F4B0020185602F03CF993
:10130000FFF764FD184B01221A7093E72948F1F7A3
:1013100023FA00288EDB144B03221A708AE7264832
:10132000FAF746FBF2F78FFF8EE72448F1F714FA3D
:101330000028CEDA224B01221A70CAE7FFF75CFEC2
:10134000DEE7C046003603101C3603104C3603108F
:1013500074360310044E0310441803206C1C032041
:101360008C360310983603106F1C032074D70220AC
:1013700090370310C61C0320C31C0320C51C032088
:101380003F1C032050080320B4370310D837031044
:10139000FC3703101C380310601F0020641F00205E
:1013A0003838031060380310B91C0020691C032072
:1013B0008E1C0320A0360310AC3603107C380310BB
:1013C000C81C0320124B1B785BB28360114B1B7847
:1013D0005BB2C360104B1B785BB2C3610F4B1B78D1
:1013E0005BB2036201235B4243630D4B1B78436294
:1013F0000C4B1B7803610C4B1B7843610B4B1B7828
:1014000083610B4B1B680363002383627047C046F4
:10141000561C0320C31C0320C51C0320C61C03202C
:10142000B81C0020961C0320621C0320A21C032071
:101430005008032070B5134C001B801083001B184C
:101440001A02D21A5202121A13019B1ADB001B183D
:101450005B001B181E01F61A0B490C4D5022280088
:10146000F2F790FBEB799B19EB71094B00229A552F
:10147000084B00229A56D4235343E418A034256025
:1014800070BDC046E8F4022018390310E02F012097
:10149000E4F402204B1C032070B505000E0000246C
:1014A00000E00134032C11D80E4B1B78002BF8D12F
:1014B0000D4B1B5D002BF4D0335D002BF1D1D420FC
:1014C00060430A4BC018FFF7B5FFEAE7084B1D6001
:1014D000084B1B78002B02D102F08EFB70BDFFF78A
:1014E000C7FCF9E7571C0320E4F40220E8F40220CB
:1014F00008F20220391C032010B504008268194B41
:101500001A70C268184B1A70C269184B1A70026AB6
:10151000174B1A70426B174B1A70836ADBB2164A6C
:1015200013700169154A11704169154A117081697A
:10153000144A1170016B144A1160016C134A117046
:10154000002B01D100220AE01148FAF731FAF9E73D
:10155000E36B9A429B415B420E498B540132032A52
:10156000F6D910BD561C0320C31C0320C51C032044
:10157000C61C0320C41C03207D1C0320961C0320D2
:10158000621C0320A21C0320500803204B1C0320D4
:1015900030390310E4F4022000B597B00A4B1B78F1
:1015A000002B02D0094B01221A700948EFF78AFE7E
:1015B00001A8FFF707FF002101A8EFF7ABFE01A884
:1015C000FFF79AFF17B000BD8E1C03203F1C0320BD
:1015D000A81C002010B5264A00231370254A0221BA
:1015E0001170254A1370254A137003F0D1FE244B65
:1015F0001B78002B05D101211F2016F02FFD0023A1
:1016000010E00121412016F029FDF8E71D4A0024D1
:1016100014571D4A9900C9188800121892689442FC
:1016200016D00133152B1CD817499A00D2189000F8
:10163000415C134A12789142F3D1002AE6D1134A51
:1016400000241457104A121852689442E9D1DDE779
:101650000D4A121810690E490860D1680D4A1160D0
:10166000DFE70D4B00221A700C4B1A6010BDC0460C
:10167000691C03206E1C0320D81C03203E1C032081
:101680006C1C03206B1C0320346704106A1C0320AD
:101690008830012084300120641C03208030012028
:1016A000F8B5294B1F68294B1D6828000A3803210B
:1016B000F9F700F90400072D43DD0A260A2007E0A8
:1016C0000B36100002E0203B10E00430013C2F00FC
:1016D000002C38D07D1C3A78131E34D00A2AEFD063
:1016E0001B498F5C032139400229ECD0213B3F2B61
:1016F000EBD8184A1288D21892B2174B1B685100C7
:10170000CB5E9B0015490968CB581B021B0A144984
:101710000968CF18BC46CF5C6346DB78DB018021CB
:1017200049000B401F43C719A0235B009F420ADCFE
:10173000022C01DD3800C9E73100F0F7B5FF3800B1
:10174000C4E70024B9E7F8BD8830012080300120CB
:1017500059FB0410EE1B0320401803206CE6022006
:10176000C01A002010B5164B1B78022B27D0154B42
:10177000FF221A70144B00241C60144B1979144B6F
:10178000CA00521AD2009B18DB885800C01880008B
:10179000104BC018104B186002F068FF0F4B186018
:1017A0000F4B1C70064B02221A700E4B1C600E4B26
:1017B0001C600E4B1C7001213F2016F04FFC10BD29
:1017C000641C0320A51C00205C210120BC1C0020FF
:1017D000A86C0410A08A0410642101206821012053
:1017E000461C03205821012060210120451C0320B4
:1017F00010B5B14A1368013B1360002B00DD10BD2A
:10180000AE4B186802F032FF013004D0AB4B1A68BF
:101810001389002B7BD1AA4A136801331360A94AAC
:1018200000211170A84ADB009B58002B67D0A64B03
:10183000A34A1268D2009B181979A44BCA00521A05
:10184000D2009B18197A00295DD19F4B9C4A1268DF
:10185000D2009B1819799D4BCA00521AD2009B18CE
:10186000DA8853009B189B00994A9B18934A13608F
:10187000984B00221A60974B1B680C2B00D1E1E0BB
:10188000954A1278002A2ED0182B14D08E4B8C4AF1
:101890001268D2009B1819798C4BCA00521AD200D8
:1018A0009B18DA8853009B189B00894A9B18834A2F
:1018B0001268934217D1884B00221A70854B1A6028
:1018C000814B7F4A1268D2009B1819797F4BCA005E
:1018D000521AD2009B18DA8853009B189B007C4A4E
:1018E0009B18764A1360754B186802F0BFFE724B66
:1018F0001860013000D082E70F221A607FE7704B3A
:1019000000221A6093E7002016F0ECF99DE7734976
:101910008A42D0D05A00D21892006D4952186749B5
:101920000A606C490A6801320A60D222520093426E
:101930002FD2043A93426BD8A03A93426AD019D975
:10194000A922520093426BD01DD9AA225200934281
:1019500068D090D32C3293428DD2083A93428AD9E0
:101960007A3BFF3B9AB24923D340DB0700D482E79E
:1019700010213EE0B92B4FD0DA2B4FD09A2B00D05C
:1019800079E7042135E0023A934200D073E7382129
:101990002FE0534A93421ED8013A934244D2823AEE
:1019A000934243D011D94F4A934241D000D962E7C4
:1019B0004D4A93423ED04D4A93423DD0FA22FF32E7
:1019C000934200D057E7102113E0203A934200D011
:1019D00051E737210DE0464A93422FD0013293421E
:1019E0000BD3444A93422BD0434A934200D042E760
:1019F0003321002016F076F93DE7283A934201D1D1
:101A00000821F6E73D4A934200D034E70E21F0E783
:101A10000221EEE73621ECE70121EAE70221E8E7BF
:101A20003521E6E76B21E4E70221E2E73421E0E734
:101A30003321DEE71021DCE71021DAE70E21D8E7B9
:101A40000E21D6E7244A012111702D4A1168002980
:101A500058D01D4A1A480068C000121814791B4A51
:101A6000E000001BC0001218508A420012189200B9
:101A70001748121811480260214801224A400260AA
:101A80000E4A1068124A904200D0F9E601294DD062
:101A90000D4A0B490968C900521810790B4AC10058
:101AA000091AC9005218518A4A005218920008496E
:101AB000521802490A60E3E66821012064210120EE
:101AC0005C210120461C0320BC1C0020A86C0410D3
:101AD000A08A041058210120451C0320D89104102D
:101AE000690200004E0200001A02000037020000E6
:101AF000AF020000B1020000C6020000AD0200000B
:101B000060210120134A14480068C000121814799B
:101B1000124AE000001BC0001218908A42001218FE
:101B200092000F4812180F480260A5E7094A0A49B7
:101B30000968C90052181079084AC100091AC90079
:101B40005218918A4A0052189200054952180549C4
:101B50000A6095E6BC1C00205C210120A86C0410E2
:101B6000A08A04106421012010B5284B1B78022B99
:101B700027D0274B1C6801341C60264B1B78022B96
:101B80003DD0224A1278022A1AD0002B16D1224BBD
:101B900018681FF0C5FA43001B18FA339C420DD990
:101BA0001B4B00221A601B4B01321A701B4BFE327A
:101BB0001A701B4B1B785BB2032B23D0F1F7D6FEB8
:101BC00010BD134B1B68322BD3D90022032A08D82F
:101BD000144BD42151435B18DB7A002B01D1013225
:101BE000F4E7032AC5D8104B1B785BB21E2B03D039
:101BF0000E4B08221A70BCE7FFF7B4FDB9E7FFF7F8
:101C0000F7FDDDE71E2016F0C5FAD7E7B91C002066
:101C100080300120641C032088300120A51C002096
:101C20006A1C0320E8F402206B1C0320691C0320BB
:101C300070B50378002B36D11C4B1B78002B01D0DC
:101C4000012031E0194B01221A70194D194E3368E9
:101C5000DB00EB181A79184CD3009B1ADB00E31851
:101C6000DB8A5800C0188000144BC018144B186051
:101C700002F0FCFC134B1860134B00221A60134B4C
:101C80001A703368DB00ED182A79D3009B1ADB0049
:101C9000E418A17E002901D1012005E0002016F002
:101CA00021F8012000E0002070BDC046461C032042
:101CB000BC1C00205C210120A86C0410A08A041028
:101CC000642101206821012058210120451C0320A6
:101CD00010B5044B1B78022B01D0002010BDFFF77C
:101CE000A7FFFBE7641C032070B5030000211CE084
:101CF000213A3F2A28D8314B1B889B189BB2304A87
:101D000012685B009B5E9B002E4A1268D3581B0230
:101D10001B0A2D4A1268D518D25CEB78DB018025AE
:101D20006D002B401343C9182300002B0ED05C1C00
:101D30001B781A1E0AD0254DEE5C03253540022D76
:101D4000D6D1203B1A00D3E70431EDE7CC0F64185D
:101D500064106442A0341FE0203B29E0174A128837
:101D6000D21892B2164B1B685100CB5E9B001549EE
:101D70000968CB581B021B0A13490968C818CE5CB6
:101D8000C378DB01802149000B401E434C39200001
:101D9000F0F78AFCA419280000280ED0451C027810
:101DA000131E0AD00949885C032101400229D3D0BF
:101DB000213B3F2BD2D90434EDE770BDEE1B03204D
:101DC000401803206CE60220C01A002059FB0410C2
:101DD0000D4B1A680D4B19680B785B009B5A4878BD
:101DE0007F2101405B185B00D05AD35E002B02DBE1
:101DF0004004400C70474004000C835A5804400CC7
:101E0000DB0BF7D0C043F5E7B417032064210120B2
:101E100010B5044B044A1268D200D058FFF764FF93
:101E200010BDC046BC1C00205C2101200A4B1B6871
:101E3000E63BD80FC018401040424130FF30A0238D
:101E40005B00984202DC002803DB7047A0204000C2
:101E5000FBE70020F9E7C0468030012010B5174BA2
:101E60001868174B984217D9164B984215D9164B3C
:101E70009C4660440521F8F745FD0400062800DD76
:101E80000624124B1B68A34211DB7A34FF34A2B242
:101E900044216C20F0F708FC10BD7A22FF32442167
:101EA0006C20F0F701FC094B00221A60F4E70121D5
:101EB000002015F017FF054B1C60E6E7803001207D
:101EC000690400009B04000064FBFFFF2CE102207A
:101ED00010B5104B1B785BB2032B16D005DC012B21
:101EE00007D0022B0BD10C4810E0042B07D10B4874
:101EF0000CE00B4B1B78042B09D90A4806E00A4B6F
:101F00000A4A0B480B49F7F7C7FA002010BD0A48E8
:101F1000FCE7C0466A1C0320D83C0310E43C0310D5
:101F2000B81C0020E034031084180310206704104C
:101F3000EC3C0310E7020000F034031010B5054B31
:101F40001B78002B02D0022B00D010BDFFF7A8FB9E
:101F5000FBE7C046641C03200200082824D0531F5E
:101F6000DBB2012B25D91B4B002018561A4BD4216C
:101F700041435B189B185E331B785BB2002B21D06A
:101F8000002A21D1144BD42141435B1865331B78BF
:101F90005BB2002B1AD0104BD42141435B181B6B52
:101FA000002B15D001200EE00C4B18780028D6D15C
:101FB00009E00A4B1B78002BD5D1094B1878002873
:101FC000D1D100E0002070470120FCE70120FAE7B2
:101FD0001000F8E74B1C0320E8F402206C1C0320DF
:101FE000B91C0020F8B50700194B00201856194BF2
:101FF000D42242439B185D3319780A2909D0002660
:10200000082E0DD8144B7200D35C8B421ED00136C3
:10201000F6E7104BD42242439B185C331978EEE765
:102020003400E01909300921F8F76CFC0D000C00B0
:102030008E4206D0084B4A00D05CFFF78DFF002887
:10204000EFD0054B6D005B195878F8BD3400E8E718
:102050004B1C0320E8F40220146A041030B500235E
:1020600004E0124A013C146029700133072B1BDC89
:1020700001229A40024011004C1EA141C9B20C4CF1
:102080001D19E45C002CEFD1002AEDD0094A12782A
:1020900052B29A42E5D0084A127852B29A42E3D13B
:1020A000024A01241460DFE730BDC04614F202206A
:1020B000D5F10220AC1A0020AB1A002010B5002880
:1020C0000FD0094A094BC318934204D8830702D1A1
:1020D0008003000C10BD064B064A0748CC21F7F7D9
:1020E000DBF90020F6E7C046FCFF0300FCFFFFDF42
:1020F000141A031074690410385C031010B5826957
:10210000054B1A4200D110BD044B054A7C210548FD
:10211000FF31F7F7C1F9C046010000108C320310FF
:1021200068690410A432031010B5026883689A42EB
:1021300018D0037B072B15D90368826893420AD213
:102140004268591C01601A7043681B0A4360037B94
:10215000083B0373EDE7044B044AE4210448FF31D4
:10216000F7F79AF910BDC046785C0310486904106F
:102170008C5C031010B5037B9C18202C0CD8012418
:1021800094408C420FD944689940214341609B1888
:102190000373FFF7C9FF10BD064B074AEC21074840
:1021A000FF31F7F779F9064B034AF6210348490056
:1021B000F7F772F9D05C0310586904108C5C0310B7
:1021C000E45C031000B583B00B4B1B78834202D054
:1021D000002003B000BD01A819F078FF0300074AF2
:1021E00000201056002200210EF07CFF002002F09B
:1021F0003FFF0120EDE7C0468C1A0020A71C0320FA
:1022000010B50400037B002B0AD1026843689A4290
:102210000FD023685A1C22601B78A3600823237305
:10222000237B013B2373A368012018405B08A36054
:1022300010BD19F0DBFDECE7F8B5CE46474680B59A
:1022400089460388002B1DD05A0090468044012BFC
:102250001ED0013BDF0FFF187F10851C00260024D5
:1022600064004846FFF7CCFF04432B88A34212D8F2
:1022700004350136B742F3D80B4B0C4A0C48DF212A
:10228000F7F70AF90B4B094A0948CA21F7F704F98D
:102290004346187803E06B88E01A4346185CC0BCDC
:1022A000B946B046F8BDC04634140310286904107E
:1022B0008C5C0310A0170310F0B5C64600B50400EF
:1022C0000D0008220021F9F715FA05212800F8F77A
:1022D000F1FACD4BCD4A00201056820012189B18FF
:1022E0005B5CA371CA4B1978CB08CA4AD35C07223E
:1022F0000A40D340DB0708D4C74B1B785BB2C74A00
:10230000D35C002B51D0012700E00127FFB2C44B62
:102310001B78DA08BF4DA95C07221340D940012081
:1023200001260E40BF4B1978CB08EB5C0A40D34026
:1023300001001940184208D1BB4B1878C308EB5C68
:1023400007220240D340DB0731D5B84AB84B1B788F
:102350005BB210681B181360B44B1B68052B2ADC9A
:102360000220002F2BD0002927D0B24B7200D55E5F
:10237000AD4B1978CB08A74AD35C07220A40D3405B
:10238000DB0703D5AB4B7200D35EED1AAA4B19786D
:10239000CB08A04AD35C07220A40D340DB0729D5EB
:1023A000A64B7200D35E984626E00027AEE79F4B0F
:1023B00000221A60D0E73000D3E70025D8E70029D3
:1023C00004D09F4B4200D35A5B426380964B1978EE
:1023D000CB08904AD35C07220A40D340DB0707D5DD
:1023E0006388974A4000825A9B1863800025CDE796
:1023F0000025CBE700239846924B1978CB08854AF5
:10240000D35C07220A40D340DB0705D58B4B720013
:10241000D35E4246D31A98468B4B1978CB087D4A37
:10242000D35C07220A40D340DB0706D4874B1B78D6
:102430005BB27A4AD35C002B03D07E4B7200D35E32
:10244000ED1A834B1978CB08724AD35C07220A40F5
:10245000D340DB0706D47F4B1B785BB26F4AD35C5B
:10246000002B03D0734B7200D35EED187A4B1978B2
:10247000CB08684AD35C07220A40D340DB0706D466
:10248000764B1B785BB2654AD35C002B01D00123ED
:102490006371734B1978CB085E4AD35C07220A40FC
:1024A000D340DB0706D46F4B1B785BB25B4AD35C2F
:1024B000002B06D063790222134363716A4B00221A
:1024C0001A706A4B1B78002B50D1694B1868002892
:1024D0004DD0FFF787FD637904221343DBB26371AC
:1024E000C0000343637107E0637904221343DBB246
:1024F0006371C000034363715D4B00221A605D4B42
:102500001B785BB2454AD35C002B03D04B4A710069
:102510008A5E9044584A127852B240498A5C002A36
:1025200005D0464A7600B25E41468A1A9046534A22
:10253000127852B2002A00D1BCE0514A127893427C
:102540002DD0504A1268012A29DD4D4A1370002B04
:1025500003D0454A137801331370434B1B785BB2A9
:10256000022B14D0474B00221A6026E000200728D7
:10257000C2D8454B8200D3581978CB10254AD35C7A
:1025800007220A40D340DB07AED40130EFE763797E
:10259000022213436371344B00221A700DE0244B66
:1025A0001B785BB2374A11685B181360142B04DD8B
:1025B0002D4B00221A70324B1A70174B1B785BB2EE
:1025C000164AD35C314A12789A4265D0304A126872
:1025D000012A61DD2D4A1370002B03D02D4A137898
:1025E000013313702B4B1B785BB2022B03D0284BAB
:1025F00000221A605EE06379022213436371254B67
:1026000000221A7056E0C0461C2D01204B1C0320EE
:10261000B41A002078D70220B21A0020D5F1022087
:10262000B31A0020BC1A0020BB1A00205C0903204A
:10263000CF1C0320506A0410BA1A0020546A0410F8
:10264000486A0410B91A0020B81A0020B01A0020F5
:10265000B71A0020AF1A0020B61A0020871C0320EA
:10266000B51A0020AD1A0020521C03206E1C032056
:1026700014F20220B11A0020AE1A0020801A0020A5
:10268000541C0320902D0120286A0410551C03209F
:10269000942D0120531C0320334B1B785BB2334A2B
:1026A00011685B181360142B04DD314B00221A7083
:1026B000304B1A70304B1B684344002F10D02F4A08
:1026C00012685200AD182C4A002111602B4A11608B
:1026D000322B0CDC1A0032320ADA32235B4207E07A
:1026E000628826490968C900521A6280EBE73223E2
:1026F000322D05DC2A00323203DA32256D4200E049
:1027000032252278D318237063785B1963701C4BD1
:102710001B78002B04D01A4B00221A70812363719E
:10272000184B1B78002B09D0164B00221A70164B41
:102730001A7892007E235B4213436371134B1B781C
:10274000002B0CD0638812490A889B189BB21A0090
:10275000803292B2FF20824362809B1A0B80012359
:10276000E37180BCB846F0BDCF1C0320942D01203E
:10277000531C0320551C0320E4F10220E0F1022049
:10278000AD1C0320AE1C0320A71C03207D1C0320CE
:10279000E41B032010B53D48F0F70EF83C4B1B88B6
:1027A000C01A3C4B18703C4B1B78022B0FD03B4B94
:1027B0003B4A12681A603B4B1B78002B02D1394B05
:1027C000FF221A70384B00221A7000241DE0374B8C
:1027D0001B78072BEBD1364B1B785BB20B2B03DD41
:1027E000142B05DC7E2200E07D22324B1A80DEE7CE
:1027F0007F22FAE7D420604348302F4BC0180430C2
:1028000010220021F8F776FF0134032C14DC2B4B47
:1028100000221A552A4B1B5D002BEBD0264BD432DD
:1028200062439B181B79012BE4D1234BD4226243D2
:102830009B1802221A71DDE7224B1B785BB21C4AFF
:1028400000215156204A0020105600220FF030F986
:102850001E4B1F4A12781A701E4B00241C70F0F792
:10286000EDF91D4820220021F8F744FF1B4B1C60A6
:102870001B4B1C601B4B1C701B4B1C701B4B1C70A0
:102880001B4809220021F8F735FF10BDF85C031042
:10289000EA1B0320B41C0320B91C002040E10220E5
:1028A00098D70220A51C00206E1C0320B81C002015
:1028B0006B1C0320201C0320E8F4022008090320DD
:1028C000E4F402206D1C03206A1C03205D1C03201D
:1028D0004B1C0320691C032078D70220E4F102205E
:1028E000E0F102209D1C0320AE1C0320AD1C032040
:1028F000D4F1022070B504000378002B02D1826865
:102900005C2A48D06A4A1278002A06D1002B04D1EA
:10291000606868490978884244D067490978002985
:1029200009D166490878002805D165490978002948
:102930005CD1032A5AD0002A69D05D4B1B78022B48
:1029400073D02378002B04D161685E4A12789142DB
:1029500072D0002B04D161685B4A1278914270D02A
:10296000012B77D0022B00D182E0002B00D098E021
:102970006368564A1278934267D0FF2B00DD92E0DD
:10298000D808534C225C0721194001238B40134384
:102990002354012082E04F4A137801214B401370E9
:1029A00001207BE045490978002912D14A4909787C
:1029B00049B20029B1D10CE0484B1B785BB2484AC0
:1029C000D25C002A00D06AE0464A127852B29342A2
:1029D0000AD0424A137801335BB21370042BEBD157
:1029E000130000221A70E7E7012057E0002B06D001
:1029F000022B08D0032B51D16368002B4ED002F07C
:102A00008DFB01204AE06268002AF3D0F7E720003E
:102A100016F03CFA002801D001203FE02000FDF72D
:102A2000CBF8002889D0012038E02000FFF750F9CA
:102A3000002886D0012031E02B4A01214942116053
:102A40008EE7294A012111608AE7284B01221A707A
:102A5000012023E06368FF2B27DCD8081C4C225C94
:102A60000721194001238B409A432254002015E08E
:102A70006068FFF7F3FAA0681D4B00255D57053528
:102A800068430A21F7F716FF1A4B1860E06868439D
:102A90000A21F7F70FFF184B1860012070BD0120C5
:102AA000FCE70020FAE70120F8E70020F6E7C0463F
:102AB0006E1C0320A91A0020691C0320B11C0320EE
:102AC000571C03207A1C0320A01A0020AA1A0020F9
:102AD00078D70220B01C0320561C03205D1C032065
:102AE000E4F402204B1C032014F20220AD1C03204E
:102AF000001F0020E0F10220E4F1022070B5D4258F
:102B0000454328002830104C0019043018220021B9
:102B1000F8F7F0FD280040300019043006220021AB
:102B2000F8F7E8FD2A59936908490B409361641945
:102B30002200B03200231370013213700D3A13607B
:102B4000A834236070BDC046E8F40220FFFFFBFFFD
:102B5000F0B5DE4657464E464546E0B587B005001F
:102B6000D42747433E0048362A4C361904361022F3
:102B7000310002A8F8F7C4FDE41994239946A14452
:102B80004B461B689B4698239846A04443461B68C7
:102B90009A4627009C373B680193D42200212000ED
:102BA000F8F7A8FD102202A93000F8F7A9FD4A465F
:102BB00059461160424651461160019B3B6022001C
:102BC00088320123137001321370002222716432A3
:102BD000226222005D321370013A137002321370C8
:102BE000013213703133A36600220AE00A4B9100D0
:102BF000C858084935236B439B181E339B00585017
:102C00000132032AF2DD07B0F0BCBB46B246A9464A
:102C1000A046F0BDE8F40220141F0020F8B5CE460F
:102C2000474680B505000C00874BD4224243D0585C
:102C3000002800D185E00B784E7836021E4336041A
:102C40008B78CF783F021F433F043A00310008F0F1
:102C500073FC002878D07D4B1A781F2A0ED91F23C9
:102C600013407B4A5B009B5A002B00D170E080220E
:102C700012059446634498000AF026FB724BD42256
:102C80006A43D058714B99461B7898461F251D40C2
:102C9000FFF714FA6E4B6D005853434601334A4612
:102CA00013703900300012F013FD050023796079AC
:102CB00000021843000400142D21F7F7FBFD03B2B6
:102CC0009B02A0225201934200D1A9E04ADC80225B
:102CD0005201934257D041DC80221201934206D028
:102CE00038DC002B03D08022D200934236D18022E0
:102CF00012019A1857485100095A1201802464029F
:102D00002240891A5A00125A1B012340D31A3FE06D
:102D10000132AA4217DA4C4BD4215143C958C86832
:102D2000267863781B0233431B049842F0D109696B
:102D3000A078E3781B0203431B049942E8D10020EA
:102D400002E00022E5E70120C0BCB946B046F8BD6C
:102D5000002091E7C02212019342C8D000BE002398
:102D6000002115E0C0225201934261D0E0225201BD
:102D70009342F3D1374B80221201995A364BC0222D
:102D800092019B5804E0344B8022920199581B68B1
:102D90008C006418A4009900C91889002A8853007F
:102DA0009B189B002D4A1068C0188279C3791B02BA
:102DB00013431B041A145B139B1A5B00284A126806
:102DC000D218057A437A1B022B431B041B140433CD
:102DD0005B00D3189A78DB781B0213431B041A1488
:102DE000DB139B189B001F4A1268D3180A229A5EB5
:102DF000D3009B189B001C4A1268D25E9203C9192B
:102E0000A01927230AF084F90F4B184A00215156C4
:102E1000D4224A439B181B69012B10D1012093E750
:102E20000D4BC02292019958802252019B58AFE766
:102E3000084B1988084B802292019B58A8E7232150
:102E400014F0FAFF01207FE7E8F40220401C032081
:102E5000AC1F01206CB603106C0604106000032048
:102E60005CE50220CC0103205C0003204B1C032006
:102E7000F0B5C64600B58046214B1B68214A9B1A17
:102E80005A105700BF1839017F1839027F183904CA
:102E90007F18BF00BF181E2B00DC00BE0026132EBB
:102EA00025DC03F01DF83900F7F704FD0D008C0058
:102EB00064186400134BE41821004046FFF7AEFE8F
:102EC000002801D10136EAE7414601310D4BAA0045
:102ED000521952009B188AB2FF2001409971120AC0
:102EE000DA7120000AF078FE80BCB846F0BD434697
:102EF000980040444000044BC0180AF06DFEF3E710
:102F0000982D01209C2D012038F80220F0B5C646EE
:102F100000B504002C4B1B78002B05D12B4B012254
:102F20001A7080BCB846F0BD294BD4224243D05819
:102F3000FFF7E4F84E230022C252264B1B785BB207
:102F4000002B1AD1A7003F197F00234BFF1839002F
:102F50002000FFF763FE002813D10026032E2FDC8C
:102F6000B500AD196D001C4BED1829002000FFF7CE
:102F700055FE002809D10136F0E72000FFF778FF61
:102F8000CFE738000AF028FECBE7621C124FB400EE
:102F9000A3195B00FB1891B2FF20804602409A7192
:102FA000090AD97128000AF017FE731CA4196400DD
:102FB0003F199AB241460B40BB71120AFA71B0E751
:102FC00038000AF009FEACE78E1C0320691C0320C0
:102FD000E8F40220561C032038F80220034B00229C
:102FE0001A70034B06321A707047C046AB1C0320A0
:102FF000691C032010B50A4B1B78022B06D0094B25
:1030000001221A70084B06221A7010BD0748EFF70C
:10301000A3FB0028F3DA034B00221A70F2E7C04644
:10302000B91C0020AB1C0320691C0320005D0310A9
:10303000F8B5CE46474680B5924B00221A70002460
:1030400000E00134032C07DC8F4B1B5D002BF8D014
:103050002000FFF753FDF4E78C4B1B78002B4ED17B
:103060008B4B1A78022A06D08A4B1B785BB2082B4E
:1030700048D0092B55D0874B00215956082952D0EA
:10308000092956D0844B00241C57844BD42060431C
:103090001B18B3331878824B18718248007840B2FD
:1030A000451E1D604D1E9D60022A50D07E4B1B7830
:1030B000002B67D07A4B0826DE60794B7B4E366852
:1030C0001E617B4E36685E617A4E36689E610026D0
:1030D000DE61022A74D0032800DD80E0764D820094
:1030E000121853005B185B005A5F93009B18DA00BC
:1030F000D31A6B4A13626A4B5C620022ADE0FCF7A4
:10310000EFFCADE75F4B07221A70B7E0634BD420AA
:1031100048431B18B3330120187001310329F5DD32
:10312000A9E70021FAE7022AAAD0564B07221A7013
:10313000A4E0022AA6D000200328A3DC574BD42405
:1031400044431B19B33301241C700130F4E7564B80
:103150001B78002B0BD00F2905D01F29ADD1504B68
:103160001F26DE60A9E74E4B1E26DE60A5E70B009A
:103170001F3B012B02D94A4BD9609EE7484B0F26D3
:10318000DE609AE7092902D0454BD96095E703280C
:1031900012D007DC01280BD002288ED1404B052627
:1031A000DE608AE7042888D13D4B0226DE6084E792
:1031B0003B4B0326DE6080E7394B0626DE607CE76A
:1031C000212909D03D4B6D00EA5E93009B18DA007F
:1031D000D31A334A13628EE700221A628BE7374B09
:1031E0004900CA5E93009B18DA00D31A2C4A136276
:1031F00081E7254B9E5C2A48541CA1000D19EB0069
:103200001E54264DD42353439946EF183E0094365E
:103210003668B4460919CE008619614671603900D6
:103220009831096888469600B1188C46C900411843
:1032300043460B639C373F684F63214F3F688F6362
:103240006646F2003832101804304B46483359199C
:1032500004311022F8F754FA2200032AC9DD194B71
:1032600001221A70184B00221A70084B1A700C4C6D
:10327000200014F0BDFF200017F05EFDC0BCB94671
:10328000B046F8BD691C0320E4F402203E1C032074
:10329000B91C00206B1C03204B1C0320E8F4022007
:1032A000541803206A1C0320AB1C0320E4080320ED
:1032B000E0080320EC080320C469041084690410AA
:1032C00044E102206E1C0320D81C032010B5134BD0
:1032D00008221A70124B1A78002A09D0114B0020CC
:1032E0001856114BD42141435B18B3330121197097
:1032F0000E4B1B78022B00D010BD0D4B19781F29E7
:10330000FAD801238B400B490B4204D10A490B42E6
:10331000F2D0002AF0D0FEF75DF9EDE7691C03203A
:10332000AB1C03204B1C0320E8F40220B91C002036
:103330006B1C0320400810400080008010B5084B33
:1033400000241C70074BDB680133074A1370FFF73A
:1033500021FA064B1C70064B01221A7010BDC046A4
:103360006E1C0320541803206B1C0320691C0320CF
:10337000D81C0320014B03221A707047691C0320DC
:1033800010B5054B187005482022F0F7FBFB044BE5
:1033900001221A7010BDC046A71C0320FCFA0220AF
:1033A000AE1C0320F0B5C64600B586B04D48F8F710
:1033B000FFFA01A818F08AFE804680246401444484
:1033C000019A494B9C466244019248482100F8F713
:1033D0001FFB474E02AD3560019B02940027039707
:1033E0002F73E31804934348F8F7E2FA424B1F7037
:1033F0004248F8F7DDFA42480DF04CF93368196895
:10340000091BC9001B7BC9183E48F8F701FB0DF0EA
:10341000D1F933681968091BC9001B7BC9183A48E0
:10342000F8F7F6FA0DF0FAF933681968091BC900C4
:103430001B7BC9183548F8F7EBFA0DF021FC33680F
:103440001968091BC9001B7BC9183148F8F7E0FA55
:103450000DF0AAFC0DF0A8F92B7B002B2ED10299C0
:10346000091B2C48F8F7D4FA2B4D002169562B483C
:103470002200F8F7CDFA029A121B00202856434684
:1034800021000DF02FFE041E1FD0012424491C48EA
:103490002022F0F777FB234B00221A70002C09D072
:1034A000214B00215956214BD4324A439B18A0335B
:1034B0001F4A1A6006B080BCB846F0BD0822D21A76
:1034C00000212800FEF756FEC9E7134B002159568C
:1034D0001848F8F79DFA18491848012201F006FD2E
:1034E000D4E7C046085D031000F0FFFF285D03101D
:1034F0006C010320545D0310A61C03207C5D0310A7
:10350000FCFA0220A05D0310AC5D0310B85D03104F
:10351000C45D0310D05D0310A71C0320E45D0310FD
:10352000044E0310691C03204B1C0320E8F4022006
:10353000CC5E0310145E0310C5210110405E031021
:1035400010B5084C20700848017008490A70084AF4
:103550001370002B03D00922064B1A7010BD0222F3
:10356000FAE7C0464F1C03204D1C03204E1C0320CD
:103570008E1C0320691C0320F0B5C64600B58046AA
:103580000E001700484B1B78002B1BD14346042B21
:1035900001DD04239846454B1B78042B18D9002ED7
:1035A0001ED0012E04DD424B1B78002B00D10126DA
:1035B000002F17DD092F16DD3D4B1B78022B12D093
:1035C000092710E0384B00221A7014F057FCDDE791
:1035D000002E03DD032EE4DD0326E4E70126E0E709
:1035E0000426E0E7012702F097FC4346042B03D0B2
:1035F000304B1B78002B0BD02F4B01221A702F4B16
:103600001B78002B0AD14346042B05D0002206E08C
:10361000294B00221A70F2E7012200E00122284B18
:103620001A70002406E0274BD42565435B1902225B
:103630001A710134032CF6DD234B012119701A4A4B
:1036400000231370214A1370214A1370214B197003
:1036500076B2214B1E707FB2204B1F70204B42462A
:103660001A70134B1B78022B07D0032E15D0042E93
:1036700015D0022E15D17E2206E00B2F03DD142F6C
:1036800009DC7E2200E07D22164B1A80FFF782F8CB
:1036900080BCB846F0BD7F22F6E77F22F4E7012226
:1036A000F2E77D22F0E7C0469D1C0320B81C0020F5
:1036B000B91C0020A21C0320A11C0320621C0320B3
:1036C000931C0320E8F40220D41C0320571C032081
:1036D0003E1C0320D81C03206A1C03206B1C032003
:1036E0006D1C0320201C0320F0B585B000AF6C4694
:1036F000284B00221A70284E31780131CB00E31A92
:103700009D466D4628000DF071FC3378DB005A5958
:10371000002A16D0214B1F603A6000237B60BB60FB
:103720003B731F4A13700CF0F7FF00280DD11D4B9F
:10373000002159561C4BD4224A439B18A0331B4AE4
:103740001A60A546BD4605B0F0BD194D2E68194B4F
:1037500000229A56184B00215956184B0020185633
:10376000FFF70AFF2E600DF03BF80DF083F90DF026
:10377000B1FA0DF08BFB0DF00FF8002800D100BE60
:103780000F4B1B78002B01D1A546DBE711F0D2FED1
:10379000FAE7C046691C0320681C03206801032067
:1037A000A61C03204B1C0320E8F40220D85E031063
:1037B00044E102206B1C03206A1C03206D1C0320C3
:1037C000AF1C032010B5144B00221A70134B1A7053
:1037D00000280CD1124A00231370124A1370124AA7
:1037E00001211170D37093705370104A1370104BF5
:1037F00000241C700F4B1C700F4B1C700F4B0022D1
:103800009A560F4B002159560E4B00201856FFF7C1
:10381000B3FE0D4B1C7010BD571C03208D1C0320E4
:103820008E1C0320561C0320E4F402204B1C0320B2
:10383000A21C0320621C0320961C03204E1C0320A4
:103840004D1C03204F1C0320691C03200B4B1B78CD
:10385000022B0DD005D8002B07D0012B0AD16A20EE
:1038600005E0032B08D16C2001E000BE6A20704700
:103870006B20FCE76D20FAE76D20F8E7B81C00200C
:10388000024B1860024B05221A707047402E01202F
:10389000691C0320F0B5564CA544564B1868EEF74A
:1038A0008BFF0100544B00221A70830053480068BC
:1038B000C3581B021B0A52480068C518C45C514B10
:1038C0001A70514A23006F3B58424341D8B2EDF77A
:1038D000FFFC00281BD04B4B01221A7001202856F8
:1038E000A978EA7804242C57484B1C706C79484B13
:1038F0001C70AC79474B1C70EC79474B1C702C004A
:1039000009342D7A6DB2454B1D7000230AE0FFF794
:103910009DFFA042E2D000BEE0E72678404DEE5485
:1039200001330134032BF8DD3E4B00261E70FFF7F8
:1039300023FE671C25783C4C1C2200212000F7F751
:10394000D9FE276068000521EFF77AF80100A06131
:1039500026748026B600009602AB2A002000ECF701
:103960004FFE0100A269821A52106274AA1A0096D0
:1039700002AB2000ECF744FE0100A269821A52104B
:10398000A274AA1A009602AB2000ECF739FE0100DF
:10399000A269821A5210E274AA1A009602AB2000A1
:1039A000ECF72EFE0100A269821A52102275AA1AA3
:1039B000009602AB2000ECF723FEA369C01A40106A
:1039C00085420FD1174B01241C70F1F78DFF174B67
:1039D0001860174B00221A70164B1C7083239B0033
:1039E0009D44F0BD144B154A15481649F5F754FD92
:1039F000F4FDFFFF402E0120691C03206CE602202D
:103A0000C01A00207C1C0320045F0310561C0320F6
:103A1000A21C0320621C0320961C03204B1C0320C5
:103A2000E4F402204C1D0020442E01204405032014
:103A3000D41C0320571C03201C5F031018690410BA
:103A4000305F0310FC09000010B5174B1B78002BEA
:103A500004D0154B00221A70144B1A70134B1878AF
:103A6000002800D110BD124B1868EEF7DDFE0F4A9A
:103A7000002313700F4A13700F4A13700F4AD3704C
:103A8000937053700E4A13700E4A13700E4A1370DF
:103A90000E4A13700E4B1B78002B03D1FDF7D4F99F
:103AA0000120DFE7F0F716FED11C0320571C03208E
:103AB000402E01208D1C0320561C0320E4F402201C
:103AC000A21C0320621C0320961C03204B1C032015
:103AD000B11C032070B505003F4988690B7C5B0071
:103AE000C018FEF7A9FB040010281AD81FD0C3077E
:103AF00020D4394B5B7D5BB22B70A30731D40023FC
:103B00006B70364B1B78002B3FD1630743D4324B8D
:103B10009B7D5BB21B026B80240753D400236B7127
:103B200070BD2F4B2F4A30483049F5F7B5FCFFF7F1
:103B30008BFFF5E7284988694B7C5B00C018FEF7CE
:103B40007BFBC30708D50130C30F1B185B1022494C
:103B50004A7DD3184B75CCE7C30F1B185B105B4233
:103B6000F5E71D4988698B7C5B00C018FEF764FB94
:103B7000C30705D50130C30F1B185B106B70C0E77E
:103B8000C30F1B185B105B42F8E7194B154A164828
:103B90001849F5F781FC10498869CB7C5B00C01897
:103BA000FEF74AFBC30708D50130C30F1B185B1093
:103BB00009498A7DD3188B75A9E7C30F1B185B10C1
:103BC0005B42F5E7044988690B7D5B00C018FEF78E
:103BD00033FB6871A4E7C046442E01207C1C0320FF
:103BE0006C5F031034690410305F0310AB080000F1
:103BF0007C5F0310BA08000070B5002400E00134B7
:103C0000032C20DCA14B1B5D002BF8D0A04BD42251
:103C100062439B181B79022BF1D12000FFF776F944
:103C2000EDE79C4B01221A709B4B9C4A0021515698
:103C30001868F6F73FFE0521F6F73CFE0E0000245B
:103C400060E0FEF7A7FD964B1B78002BECD0082B0D
:103C50000BD8A3225200DA40D20706D58D4A12783B
:103C6000022ADED18B4A002111700A2BEBD89B006F
:103C70008C4AD3589F460020FFF7A4FDE3E70120BC
:103C8000FFF7A0FDDFE7FFF72FFDDCE7FFF78AFB7B
:103C9000D9E7FFF7FFFDD6E7FFF7CAF9D3E7FDF74E
:103CA00099FCD0E7FFF74AFBCDE7F0F713FD2800BA
:103CB000FFF710FF3DE07C4B1B5D002B51D07B4B91
:103CC000A200D3587A4A7B4D50212800EFF782FF9B
:103CD000794B002159566E4BD4224A439B18A0338E
:103CE0001D60714B00221A553BE0694BD4226243A0
:103CF000D358002B57D0D968704BA20012199B18CB
:103D000099550134032C56DC604B1B5D002BF8D019
:103D1000D42565435E4BED180635694B1968E30001
:103D2000C91808222800F7F7EBFC664B1B78002B1C
:103D3000BDD1574BD42262439B189B795BB2322B87
:103D400002DD594B01221A55534B1B68DA0608D184
:103D50005911DB179B0FC91803220A40D31AA3423B
:103D6000A9D0594B1B78002BCBD0584B1B78002B7C
:103D7000C7D1494B1D68494B002159562800F6F719
:103D800099FD0029BDD1052DAFDD4C4BA2001219C4
:103D90009B18995D3E4BD42262439B181B7B994232
:103DA000A3D000BEA1E7454BA20012199B18484AB8
:103DB00012689A55A5E700241FE046490A780123B6
:103DC00053400B70012A02D014F044F814E014F0B0
:103DD00055F811E0404941482022EFF7D3FE2C4B23
:103DE000D42262439B18DA7A9210072313403C4A8C
:103DF00013702B4B04221A700134032C17DC234B55
:103E00001B5D002BF8D0224BD42262439B18DA7A38
:103E1000DB7A5BB2002BEFDA03231340012BCCD00B
:103E2000022BE9D12D4B1B78002BD8D1D2E72D4B9B
:103E30001B78012B0DD02C4B1B782A4A1370022BB8
:103E400021D00DD8002B10D0012B18D116F0A2FED6
:103E500015E0254B1B78012BEDD016F005FFEAE7A6
:103E6000032B0CD1FCF7F6FF09E010F02DF9094BFC
:103E70001B78002B04D0FCF701F900F037FB70BD74
:103E800014F006FDF7E7FDF76FFEF8E7E4F4022013
:103E9000E8F402209E1C032098D70220CF1C0320A8
:103EA000691C0320EC68041008090320986C0410B6
:103EB000885F03100C0903204B1C03201C2D0120DC
:103EC00008F20220571C03208E1C03208D1C0320A7
:103ED000B0FA02209D1C0320985F0310FCFA022018
:103EE000A71C03209B1C03206E1C03200023436699
:103EF000037401338366704710B50160426003812B
:103F0000029BC360FFF7F2FF10BD436E502B0AD037
:103F10005A1C4266C31819748218002313740433A0
:103F20008366012070470020FCE7436E002B08D019
:103F3000013B4366C31800221A74042383660120E0
:103F400070470020FCE70000F0B5C64600B505004C
:103F500088460068002407E0203B10E00430A023DE
:103F60005B00984237DA01346B6EA34233DD2B19C4
:103F70001B7C2D4AD15C03220A40022AECD0D9B224
:103F80002029EBD0FF221340EA689A42E6DC5F2941
:103F9000E4D829899A1A8A1892B2244B1B685100D6
:103FA000CB5E9B0022490968CB581B021B0A2149A2
:103FB0000968CE18CF5CF378DB01802149000B4003
:103FC0001F43C719A0235B009F4204DC6968EEF71A
:103FD00071FB3800C7E74346002B1ED02A89E968E9
:103FE0005F235B1AD21892B2104B1B685100CB5E54
:103FF0009B000F490968CB581B021B0A0D49096831
:10400000CC18CB5CE178C9018024640021400B43CB
:104010001B18A02149008B4202DD80BCB846F0BDD0
:104020006968EEF747FBF8E759FB041040180320D6
:104030006CE60220C01A0020836E002B01D0013BE9
:1040400083667047F0B5DE4657464E464546E0B5B6
:1040500083B00500884617001E000CAB1B889946EC
:104060000D9B9B46D8235B00C65008330E9AC25066
:1040700004330122C254083B0022C250144B1B6877
:104080004A465200D35E9B00124A1268D3581B0264
:104090001B0A114A1268D3185B789A4600240DE077
:1040A00053465A1C6243BA1A6C20604328185B4678
:1040B00000934B464146FFF71FFF0134B442EFDB4C
:1040C00003B0F0BCBB46B246A946A046F0BDC04610
:1040D000401803206CE60220C01A002010B504002E
:1040E000DA225200835801338350043A82589342B3
:1040F00009D0DA235B00E3586C2058432018FFF7FF
:10410000F5FE00220AE0DA235B000022C250F0E74D
:104110006C235343E318042199660132D8235B00D2
:10412000E3589342F4DC10BD70B504000E00150096
:10413000FFF7D4FF002E09D115E0DA235B00E35826
:1041400001366C2058432018FFF7DFFE3178002934
:10415000F3D108E0DA235B00E35801356C205843C3
:104160002018FFF7D2FE29780029F3D170BD70B571
:104170000500DC235B00C3581B78002B14D00024FF
:1041800006E06C20584328180021FFF7DDFE0134BB
:10419000D8235B00EA58A24206DDDA235B00EB5825
:1041A0001B1BEED59B18ECE770BD70B50400002515
:1041B00005E06C2068432018FFF73EFF0135D82347
:1041C0005B00E358AB4210DDDE235B00E35C002BB9
:1041D000EFD0DC235B00E3581B78002BE9D16C3374
:1041E0006B43E31804229A66E3E7DC235B00E358A1
:1041F0001A78DE235B00E25470BD30B583B0002432
:10420000C466079C0467742401250555069C009428
:10421000FFF772FE03B030BD10B5426EC36E9A4216
:1042200000D110BDFFF781FEFBE710B50023C36688
:10423000FFF75CFE10BD000010B50F4B5A5C032366
:104240001340022B0BD0C9B20B00203BDBB23F2B3B
:1042500007D97F2909D00D290BD1012004E020398D
:10426000F1E7FFF752FE012010BDFFF7D5FF012057
:10427000FAE70020F8E7C04659FB041010B5036FB9
:104280001B78002B00D110BD0121FFF75DFEFAE77E
:1042900010B504007423C35C002B05D0036F1B789A
:1042A000002B01D1043383662000FFF7C5FE236F86
:1042B0001A787423E25410BD014BB5221A8070475E
:1042C000EE1B0320014B00221A707047711C032063
:1042D00030B585B0564B1B78002B4AD1554B002288
:1042E0009A56D4235343544A9B18544A1360544B50
:1042F00000221A7053490A7053490A7053490A70D0
:104300005348029321240194524D2B88009301239A
:104310000021FFF797FE2B884F4A126859008A5EEA
:1043200092004E4909688A581202120A4C490968DB
:104330008A185178A722521A4A4800940021FFF7A0
:10434000DBFD494B1B78022B33D017D8002B21D033
:10435000012B11D1454B002159564A1E444B920066
:10436000D458444B1B78042B2FD820292DDD424CE8
:104370002BE0FFF7A7FFB1E7404C26E0032B07D166
:104380003A4B1B785BB21F33394A9B009C581CE0A8
:104390003A4C1AE03A4B1B785BB2013BDA00D21878
:1043A000324B1B785BB29B18013B364A9B009C58F2
:1043B0000BE02E4B1B785BB23F332D4A9B009C5881
:1043C00003E001342748FFF7A0FD21780029F8D148
:1043D000204B1B88204A126859008A5E92001F49B0
:1043E00009688A581202120A1D4909688A18527807
:1043F0000132254815490191212100910021FFF743
:10440000FCFE0024032C0EDC23011B1BD8001F4BD9
:10441000C0181F4B01930023009300220021FFF7D7
:10442000ECFE0134EEE7024B01221A7005B030BDFC
:10443000711C03204B1C0320E8F402206CF80220BE
:10444000861C0320841C0320851C0320471C03209A
:1044500040150320EE1B0320401803206CE60220C9
:10446000C01A0020141703206C1C03206B1C0320AF
:10447000586A0410B81C0020044E0310A45F0310F7
:104480006A1C0320E46B041008120320D4120320DA
:104490003A1C032010B50848FFF769FE0748FFF7EC
:1044A000EDFE074B1B78002B00D110BD0548002105
:1044B000FFF74AFDF9E7C046401503200812032024
:1044C0003E1C03201417032010B50548FFF76DFEAE
:1044D0000448FFF7DDFE0448FFF7AEFD10BDC046FF
:1044E00040150320081203201417032070B5504B09
:1044F0001B68002B09D0013B4D4A1360002B04D1EF
:104500004C4B00221A704C4B1A704C4B1B785BB210
:10451000002B03D14A4B1B78002B21D0494B1A6842
:10452000A023D258002A1BD0434B1B78002B03D06A
:10453000434B1B78002B13D043480021FFF7F4FDB9
:10454000404B1A680021A023D1503A4B01221A7027
:10455000374B8B321A60384B394A1078187011700B
:104560003A4B1B78002B61D170BD2601361BF6003B
:10457000374BF61829003000FFF75EFE002801D007
:104580000D2D1DD0334BD42262439B1800229A720A
:104590000134032CE8DC304B1B5D002BF8D02F4B93
:1045A0001B785BB2A342F3D02A4BD42262439B1800
:1045B0009D7A002DECD0052DD7D8294B1D55E1E76C
:1045C000234B2201121BD2009B185B6E002B09D0DB
:1045D000234B1A5D214B1B785BB201339A4205D005
:1045E000052A03D03000FFF720FECBE71D4BA200C9
:1045F000D1582201121BD2001032154BD21812488A
:10460000FFF792FD0C4B01221A700A4B1A70084BEF
:104610008B321A60144B1B78022B03D0572013F0F7
:1046200012FCDFE76C2013F00EFCDBE70024B0E7A0
:104630006CE80220861C0320851C0320FF1E00203E
:10464000841C03206CF80220401503208E1C0320DC
:10465000D4120320E8F40220E4F402204B1C0320CF
:10466000902C0120986C0410B91C0020030002203B
:10467000185601380B4A1278002A11D00A4A9A1AA1
:10468000921093009B1819015B1819025B1819040A
:104690005B185B009B18DE3BFF3B0C2B00D84010E7
:1046A0007047C046931C0320A08A0410104A11785A
:1046B00001235B1A5BB21370002B0DD10D4B00214F
:1046C00059560D4BD4224A439B18A0330B4A1A600B
:1046D0000B4B01221A707047064B00215956064BAE
:1046E000D4224A439B18A033064A1A60F0E7C0461A
:1046F000FF1E00204B1C0320E8F40220206C031056
:10470000841C0320306C0310084B1B78002B0BD14A
:104710000748084B1968CA17520F891807230B401E
:104720009B1A9B00185870470348F2E76C1C032043
:104730000067041098D70220E0660410C6280AD04B
:1047400005DCBA280AD0C5280AD1C43804E0FF28FD
:1047500008D1FE3800E00120C0B270470120FBE71D
:104760000020F9E70020F7E7034B18601423C25E2E
:10477000024B1A807047C046702D0120F01B0320A9
:1047800010B50248FFF7F0FF10BDC046141E002010
:1047900010B50248FFF7E8FF10BDC0466C1E0020B0
:1047A00010B50248FFF7E0FF10BDC046E41D002031
:1047B00010B50248FFF7D8FF10BDC046541E0020B8
:1047C00010B50248FFF7D0FF10BDC046FC1D002009
:1047D00010B50248FFF7C8FF10BDC046B41E002048
:1047E00010B5112202215E20EDF764FF10BD10B557
:1047F000172226213620EDF75DFF10BD10B51222DD
:104800000E216020EDF756FF102226213620EDF70D
:1048100051FF10BD10B518220F216C20EDF74AFF93
:104820000B4C1023E05E1223E15E6930AE22EDF7FF
:1048300041FF1023E05E1223E15E064B064A127828
:1048400052B29A5C20317830EDF734FF10BDC0468B
:104850006C1E0020501D0020FF1E0020F0B583B00C
:1048600001900E0007E00C36019803E0203B1A008F
:104870000DE004302A00551C13781A1E2CD00A2B88
:10488000F1D01649CF5C032139400229EED0213AFC
:104890003E2AEED8124B1B889A1892B2114B1B6815
:1048A0005100CB5E9B0010490968CB581B021B0AC4
:1048B0000E490968CC18CF5CE378DB018021490000
:1048C0000B401F43C719A0235B009F4204DC31004B
:1048D000EDF7F0FE3800CDE703B0F0BD59FB041052
:1048E000EE1B0320401803206CE60220C01A0020B3
:1048F00010B58CB0062168460CF078FB00240CE063
:1049000063001B19D800104BC0181822EFF73AF9B2
:104910000E4BE2000121D1520134052C12DCE300E0
:104920006A4699580029EBD163001B19D800064B41
:10493000C01807491822EFF725F9044BE2000021BF
:10494000D152E9E70CB010BD1CFB0220B41D0020C1
:104950003C6C031010B5124B1B78834213D1114BE2
:104960001B78002B0CD1104B1B78022B0DD00F4B5A
:104970001A689210072313400D4AD05C13F063FAB3
:104980000C4B0A221A70002010BD084B1A689210B6
:1049900007231340084AD05C13F055FAF0E7C046ED
:1049A0008C1A00208E1C0320B91C002098D70220EE
:1049B000FCB70410691C0320F4B7041070B506009E
:1049C0001400CD1D08380C222900EDF773FE631E7C
:1049D0000D2229003000EDF771FEE400A0190E222F
:1049E0002900EDF767FE70BD70B50B221C21482031
:1049F000EDF760FE002416E00C4E1023F05E12234B
:104A0000F15E250149191822FFF7D8FF1023F05E47
:104A10001223F15E63001B19DA00054BD2186918E6
:104A2000FFF71CFF0134052CE6DD70BD9C1D002046
:104A30001CFB0220F8B504000F0016001D00132215
:104A4000EDF738FE0834002E0BD120001622390075
:104A5000EDF730FEE800001915223900EDF72AFEC7
:104A6000F8BD731E142239002000EDF727FEF00078
:104A70000019EBE710B50F2226213C20EDF71AFEB6
:104A80000A4C1023E05E1223E15E094B1B681031D3
:104A90001022FFF7CFFF1023E05E1223E15E054BEB
:104AA0001B6830311022FFF7C5FF10BDE41D002048
:104AB000641F0020601F002070B505000026002440
:104AC0001BE0203B25E0164A1288D3189BB2154AFA
:104AD00012685B009B5E9B00134A1268D3581B024E
:104AE0001B0A124A1268D118D25CCB78DB018021F4
:104AF00049000B401343F618013428001CF010FB4A
:104B0000A0420BD92B5D0A4AD15C03220A40022A3B
:104B1000D7D0213B3E2BD6D90436EDE7300070BD0F
:104B2000EE1B0320401803206CE60220C01A002070
:104B300059FB041010B5B2220F214420EDF7BAFD45
:104B4000AE220F21AD20EDF7B5FD2B4C1023E05E1A
:104B50001223E15E053151301222FFF72FFF10239F
:104B6000E05E1223E15E254A05315130FFF776FE03
:104B7000234B1B785BB2002B2ED11F4C1023E05E21
:104B80001223E15E10314030AE22EDF793FD102389
:104B9000E05E1223E15E20313F30B322EDF78AFD63
:104BA0001023E05E1223E15E30313F30B322EDF797
:104BB00081FD1023E05E1223E15E3031CB30B42260
:104BC000EDF778FD1023E05E1223E15E40313830CE
:104BD000AE22EDF76FFD10BD0848FFF76DFF064AE6
:104BE0001021535E51331221515E064A05311818C7
:104BF000FFF734FEC1E7C046541E0020D0F4022067
:104C0000C91C0320486C031070B51D221C214820CC
:104C1000EDF750FD002416E01A4E1023F05E12232B
:104C2000F15E250149191822FFF7C8FE1023F05E36
:104C30001222B35E62001219D20013495218E91809
:104C4000FFF70CFE0134052CE6DD104B1B785BB240
:104C5000002B00D170BD0E4B00241C5760000019C2
:104C6000C000094BC018FFF727FF064A1021535E0A
:104C70001221515E2401074A09191818FFF7EEFDA9
:104C8000E8E7C0469C1D00201CFB0220C91C032035
:104C9000A51C0320486C031010B50A4B0A4C1C607D
:104CA00020001CF03DFA094B18700948122221001F
:104CB000EEF768FF074B12221A70074B113A1A7071
:104CC00010BDC0465C050320D0F40220CA1C03209E
:104CD00060050320CB1C0320C91C0320F8B5050088
:104CE0000F4B1B880F4A12685B009B5E9B000E4AAD
:104CF0001268D3581B021B0A0C4A1268D3185F783B
:104D00003E00002400E0013428001CF009FAA04213
:104D100004D92B5D0A2BF6D1F619F4E73000F8BD63
:104D2000EE1B0320401803206CE60220C01A00206E
:104D300010B5002807D001280DD00B4B1868C00013
:104D400013F000F910BD084B1B68002BF5D0064A84
:104D5000013B1360F1E7044B1B680E2BEDDC024AAC
:104D600001331360E9E7C046601F002010B500283A
:104D700007D001280DD00B4B1868C00013F0EAF8DB
:104D800010BD084B1B68002BF5D0064A013B136091
:104D9000F1E7044B1B680E2BEDDC024A0133136074
:104DA000E9E7C046641F002010B50A4B00229A5E56
:104DB00053009B18DC00084BE41808490922200026
:104DC000F6F79EFC2000EEF7CBFE054B00221A7092
:104DD00010BDC046F01B03201CFB02204C6C0310CE
:104DE000791C032070B505001F4B01221A701F4B60
:104DF00010215A5E10000B3812215B5E29015B18EE
:104E0000191F0A33C532EEF77FFF194B1D706C0076
:104E10006419E400174BE418174818222100EEF734
:104E2000B1FE164920001CF037F900280AD0144BB7
:104E30001C6020001CF074F9124B1870124B1822E1
:104E40001A7070BD0B4A6B005B19DB00002199548E
:104E50002800FFF7A9FF0D4B1B78002BE7D0280097
:104E6000FFF7A2FFE3E7C046C91C03209C1D0020FA
:104E7000A51C03201CFB0220600503203C6C0310D2
:104E80005C050320CA1C0320CB1C0320791C0320D3
:104E900070B5084C084D2E782660084C0126266017
:104EA000074C206007480360074B1960074B1A70D6
:104EB0002E7070BD58E80220821C032068E8022092
:104EC00060E8022064E802205CE80220831C0320E2
:104ED00010B5FFF719FC034B03490122FFF7D8FF78
:104EE00010BDC046586C03105549011010B5002381
:104EF000FFF7CEFF10BD000010B5084B1B78002B4C
:104F000005D10748FFF730FCFFF7F2FC10BD05485C
:104F100000220021FFF7EAFFF8E7C0468E1C0320BD
:104F20009C1D0020746C031010B5104B1B78002BD7
:104F300003D00F4B1B78002B0DD00E4B0E4A5A603E
:104F40000E4BFF221A700E4B1B78022B09D009481A
:104F5000FFF70AFC10BD0B4800220021FFF7C6FF37
:104F6000F8E70948FFF700FCF4E7C0468E1C032071
:104F7000571C03209C1E0020B41E00208F1C032001
:104F8000B91C0020AC6C0310841E002010B50A4B25
:104F90001B78002B01D1002805D1084B1870084858
:104FA000FFF7E2FB10BD074800220021FFF79EFF3C
:104FB0000548FFF7D9FBF5E7B91C0020601C03206A
:104FC000841E0020F06C0310141E002010B5074B47
:104FD0001B78002B05D0064906480122FFF786FF03
:104FE00010BD222012F02FFFFAE7C046D41C032088
:104FF000715701104C6D031010B5064B1B78002B38
:1050000001D1012010BD044800220021FFF76EFFEE
:105010000020F7E78E1C0320846D031010B50400F8
:10502000FFF7EAFF002800D110BD044B1C700448B4
:10503000FFF79AFBF0F768FAF6E7C0468F1C0320EB
:10504000341E002010B50400FFF7D6FF002800D161
:1050500010BD044B1C700448044B4360FFF784FBF5
:10506000F6E7C0468F1C03209C1E0020541E002023
:1050700010B50A4B1B78002B04D0094B1B78002B72
:1050800006D010BD074800220021FFF72FFFF8E7E8
:105090000548FFF769FBFFF72BFCF2E7D41C032060
:1050A0006E1C0320C06D0310541D002010B5134B5F
:1050B0001B78002B15D1124B1B785BB2002B16DB33
:1050C0005A00D218D3000F4A9B180F4A0F4C5A218E
:1050D0002000F5F77DFB0E4901222000FFF706FFB7
:1050E00010BD0C4800220021FFF700FFF8E70A4836
:1050F00000220021FFF7FAFEF2E7C0468E1C0320D3
:105100009F1C03201CFB0220606E03103407032049
:10511000DD550110F46D0310286E0310074B1B784A
:10512000002B09D1054B01221A70054B054A1A6064
:105130001423D25E044B1A807047C046821C0320A1
:10514000702D0120B41E0020F01B032010B5164B5B
:105150001B78002B19D0154B1B78002B14D1144B46
:105160001B785BB2002B14DB5A00D218D300114A13
:105170009B18114A114C5A212000F5F729FB1049C0
:1051800001222000FFF7B2FE10BD222012F05BFECC
:10519000FAE7FFF7C3FFFFF7ABFB0A48FFF7E4FAB4
:1051A000034BFE221A70EFE7D41C03206E1C032071
:1051B0009F1C03201CFB0220A06E03103407032059
:1051C00035560110541D0020F0B595B0614B1E7886
:1051D00000221A70604B1B68002B18D15F4B1B78A4
:1051E000002B00D1A1E05E4B1B68DB68002B00D0D8
:1051F00098475B4B1B681022995E5A4A1180122215
:10520000995E594A118000255D5F00246FE0574B7D
:105210001E683000FFF762FD0400554B1868002837
:105220000BD0FFF75BFD2018C30F1B185B105B4210
:1052300064334D4A1380002543E00020F3E75022F9
:105240006846EEF79FFC4F2C02D800236A461355A0
:10525000013507E050226846EEF794FC68461BF0E3
:105260005FFFC5196846FFF727FCC30F18184010E9
:105270004042A03000B23B4B18803B4C0023E15E23
:105280006A46FFF7EBFA3B4B1B883B4A12685B0010
:105290009B5E9B00394A1268D3581B021B0A384A8E
:1052A0001268D3185B7822889B1823802F4B1B68C9
:1052B0005A5D002A05D12E4A1268002A01D0B34255
:1052C0000DD02F007119735D002B2ED000243D19D5
:1052D000735D002BBED00A2BB1D00134F7E7160066
:1052E0000025EEE7204A1388103313800134AC42C6
:1052F00010D21B4B1B689B68E2009B189A78002A0F
:10530000F0D0194B0021595E164B0020185EEDF7C6
:10531000D1F9E7E70F4B1B78002B01D0002E04D00A
:10532000104B0020185E002801DA15B0F0BD0C4BC0
:105330001B681221595E0539124B00229B5E1B012E
:10534000114A124C0025645F125DC9182038EDF730
:10535000B1F9EAE7721C032068E80220821C0320EE
:10536000702D01202A1C03202C1C032060E8022041
:1053700064E80220EE1B0320401803206CE60220A4
:10538000C01A0020F01B0320FC1E0020261C032056
:10539000014B00221A707047821C032000B59DB09B
:1053A000002804D11A4B1B785BB2042B2ED0684620
:1053B000F0F782F9002829DB164B1870164B0122F2
:1053C0001A706B460A229A56144B1A70002303E097
:1053D000134A0121D15401336A46527A9A42F7DCCA
:1053E00003E00F4A0021D1540133032BF9DD6B4652
:1053F0000C2018560B21595601230122FEF7A0F864
:10540000FFF7C6FFEBF7AAFFF0F78AF91DB000BD62
:105410008F1C03204B1C03208E1C0320561C0320D2
:10542000E4F40220F0B5A7B0B2220F214820EDF736
:1054300041F9AE220F21B120EDF73CF96846F0F7B3
:105440003BF905006B461B7A002B05D0022B14D0CC
:10545000032B23D0002437E0394A42212E20FFF7C6
:10546000FDF9384B1B785BB2042B62D18221364A9E
:105470005520FFF7F3F927B0F0BD344B1B78002B14
:10548000EFD1002804DD01204042FFF787FFE8E765
:105490002F4A42213220FFF7E1F9E2E72D4A42216B
:1054A0001D20FFF7DBF92C4A52214620FFF7D6F9E1
:1054B000D7E72A4A2A491CA8F5F774F91CAA310033
:1054C0003820FFF7CBF93C00032CCADC671C2549C8
:1054D0003A001CA8F5F766F9260132361CAA3100FD
:1054E0002820FFF7BBF963001B19DB006B441B6925
:1054F000002BE8D063001B19DB0010336B4419004C
:10550000043112221CA8EEF73DFBAC42D1D00D4B6A
:105510001B785BB2042BD1D1002CCFD11CA81BF07F
:10552000FFFD1CAB9C4660440F490822F6F7E8F8E3
:10553000C4E70E4A82213D20FFF790F9922196E7B9
:10554000D86E03108F1C03208C6F03108E1C032059
:10555000F86E0310186F03103C6F0310D0F4022094
:105560005C6F0310586F0310686F0310706F0310A7
:1055700010B5054B1B78022B03D0044B02221A7086
:1055800010BDFFF705FFFBE76E1C0320721C032014
:1055900010B5054B1B78022B03D0044B01221A7067
:1055A00010BDFFF7F5FEFBE76E1C0320721C032005
:1055B00010B5C0B004000AF0E1F9010080225200E9
:1055C0006846EEF7DFFA044B1C706846FDF7D2FE22
:1055D000FFF7DEFE40B010BD681C032010B5074B7E
:1055E0001B78834201D0002010BD054B00201856C7
:1055F000FFF7DEFF182012F026FCF4E78C1A0020DB
:105600009F1C032010B5040041000918C900074B76
:10561000C918FDF7B5FEFFF7BBFE054B1B785BB263
:10562000023300D010BD024B1C70FBE71CFB0220B4
:105630009F1C032010B5074B1B78834201D000202C
:1056400010BD054B00201856FFF7DCFF182012F0A4
:10565000FAFBF4E78C1A00209F1C032010B50D4BB9
:105660001B785BB2182B04D00B4B1B78002B0BD094
:1056700010BD0A4B1B681B78002BF9D0084B00208B
:105680001856FFF7BFFFF3E7034B064A11CA11C3D1
:10569000EEE7C046CB1C0320D0F402205C050320BB
:1056A000A51C0320A06F031010B5054B1B78022B1F
:1056B00003D0044B03221A7010BDFFF769FEFBE70D
:1056C0006E1C0320721C032010B5124B00201856CC
:1056D00000280EDA104B0021595601310F4B0020E3
:1056E000185600230122FDF72BFFFFF751FE002083
:1056F00010BD0138084B19780131084B00229A5629
:1057000049B240B2EFF77EFE0548FFF72DF80120C1
:10571000EEE7C0468F1C0320601C0320B31C03204F
:10572000341E002010B5042804D0054B1870FFF774
:10573000CBFF10BD034904480122FFF7D7FBF8E770
:10574000B31C03204D570110A86F031010B5064B72
:105750001B78834201D0002010BD044B04221A7034
:10576000FFF7B2FFF8E7C0468C1A0020B31C0320F5
:1057700010B50B4B1B78834201D0002010BDEFF712
:1057800069FF084B00221A70074B1A70074B1B6801
:10579000074A12889A82FFF7FBFDFBF72DFCECE726
:1057A0008C1A00208C1C03208E1C0320702D0120DD
:1057B000F01B0320F8B50478042C36D0002C00D060
:1057C000B7E2456887686B1C00D1B3E2AC4B1B782D
:1057D0005BB2002B43D1AB4B1E68002E00D198E08A
:1057E000A94B1B78002B0CD0202D0AD01B2D08D0E4
:1057F000A64B1B78AB4204D0A54B1B78AB4200D024
:1058000098E2A44BA44A12681A709E4B00221A60B8
:10581000A24B1B68002B78D0280098479D4B18702E
:10582000182012F010FB012484E29A4B1B78002B05
:1058300008D0944B1B68002B04D0984B1A68984BE7
:105840009A4207D0172012F0FEFA0020FFF740FB23
:1058500001246FE28D4B1878FFF77CF8F8E71B2DD9
:105860003AD07F2D29D00D2D45D08E4B5A5D032384
:105870001340022B47D02B00203B3F2B39D88A4BBB
:1058800000269E57894B00241C57631E9E4230DA27
:10589000874B1F683800FFF70FF9023CE400A04275
:1058A00027DA814B721C1A70BD55814A0021595666
:1058B00013685B1800221A701BE07B4B1B785BB2ED
:1058C000002B16DD013B5BB2774A1370784A1268F1
:1058D000D31800221A700CE0694B00221A70EEF700
:1058E00019FA724B00229A567249714B1868EEF7FA
:1058F00049F901241EE2624B00221A70EEF70AFAFF
:10590000FFF7ACFEF5E7203DB5E7624B00221A70C9
:1059100086E7604B1B78002B27D1674A1278AA4292
:105920002CD0664A1278AA423DD0654A1278AA4223
:1059300043D0644A1278AA4249D0634A1278AA42F4
:1059400052D0624A1278AA4255D0614A1278AA42CD
:1059500059D0604A1278AA425DD05F4A1278AA42B2
:1059600060D05E4A1278AA4264D0002B00D0CDE00D
:105970005B4A1278AA427CD01C00DBE1FFF7CEFB29
:10598000584B1B78042B0AD9574B584A1A60584B6E
:1059900000221A80172012F056FA0124CAE1524B55
:1059A000544A1A60F3E7FFF7B9FB172012F04BFADD
:1059B0000020FFF75DFB0124BCE1FFF7AFFB1720E0
:1059C00012F041FA0020FFF797FA0124B2E1FFF745
:1059D000A5FB454B484A1A60454B00221A80172008
:1059E00012F031FA0124A5E1172012F02CFAFFF78A
:1059F000ADFB01249EE1172012F025FA0020FFF7ED
:105A0000E5FA012496E10020FEF750FE172012F07F
:105A10001AFA01248EE1172012F015FAFFF746FB5F
:105A2000012487E1172012F00EFA0020FFF750FA48
:105A300001247FE1314A137801335BB21370042BE8
:105A400002DD130000221A702C4B1B785BB22C4A2B
:105A5000002010561A225A432A4BD2182A4BD4211E
:105A600041435B18A0331A600020F0F77BFE01244D
:105A700060E1FFF753FB172012F0E5F9012459E12B
:105A8000C91C032068E80220831C03208C1A002014
:105A90008B1A0020821C032058E802205CE80220B8
:105AA0005549011059FB0410CA1C0320CB1C0320CC
:105AB0005C050320600503208A1A0020891A002053
:105AC000881A0020871A0020861A0020851A0020D4
:105AD000841A0020831A0020821A0020811A0020D4
:105AE000931A0020B81C0020702D0120FC1D0020FE
:105AF000F01B0320141E0020E41D0020D31C0320F3
:105B00004B1C0320BCB80410E8F402208B4B1B781C
:105B1000AB4247D08A4B1B78AB4263D0894B1B7892
:105B2000AB426DD0884B1B78AB4200D188E0874BED
:105B30001B78AB4200D1A3E0854B1B78AB4200D170
:105B4000C0E0844B1B78AB4200D1C7E0002F05D1E9
:105B50002800FEF7F3FD002800D1EDE07E4B002089
:105B6000185E431C7D4A12680025515F8B4200DBA2
:105B7000D5E09268D9005218D278BA4200D1C0E07C
:105B80000133EFE7744B01321A80132012F05BF9F6
:105B9000724B1B689A68704B00215B5EDB00D35E22
:105BA00001330DD16C4B00229A5E6C4B1B680021B7
:105BB0005B5E013B9A42E5DB674B00221A80E4E71B
:105BC0000124B7E0644A013B1380132012F03BF933
:105BD000624B1B689A68604B00215B5EDB00D35E02
:105BE00001330BD15C4B00229B5E002BEAD15B4B57
:105BF0001B681B88013B584A1380E6E7012499E0A3
:105C0000564B1B689B68544A0021525ED2009B1879
:105C10005A68002A03D000229B5E022B01D0012487
:105C200088E0162012F00FF94C4B1B689B684A4A1B
:105C30000021525ED2009B185B6800209847EEE777
:105C4000464B1B689B68444A0021525ED2009B1859
:105C50005A68002A03D000229B5E022B01D0012447
:105C600068E0162012F0EFF83C4B1B689B683A4A3C
:105C70000021525ED2009B185B6801209847EEE736
:105C8000364B1A68936834490020085EC1005B18DF
:105C9000596800290DD00024195F002909D090828D
:105CA00000215A5E022A06D05B689847012012F054
:105CB000CAF801243EE05B6801209847162012F0E4
:105CC000C2F8F6E7254B1B68234A12889A82FFF731
:105CD0005FFB182012F0B7F801242BE01F4B1B6864
:105CE0001D4A12889A825B68002B08D01B4A1360F9
:105CF00014229A5E184B1A80172012F0A4F801247F
:105D000018E0154A1380132012F09DF8012411E0C9
:105D1000114B1E80132012F096F801240AE08642EF
:105D200008DC9368F1005B18DB78BB42F0D00136E9
:105D3000F5E700242000F8BD0400FBE7911A0020DD
:105D4000921A0020901A00208F1A00208D1A00202D
:105D5000931A00208E1A0020F01B0320702D0120C2
:105D600010B5174B1B78002B04D0164B1A68164B36
:105D70009A420BD0154B1B78002B14D0144A138871
:105D8000013B1BB21380002B10DD10BD114A1378AC
:105D90000133DBB21370232BF0D1EFF701FC0D4B75
:105DA00000221A70EAE7EFF755FCE7E70A4A138882
:105DB00001214B401380064B08221A80E5E7C046BC
:105DC000821C0320702D0120341E00208E1C032015
:105DD0001E1C0320A01C0320261C032010B52A4BE8
:105DE0002A4A1A601423D25E294B1A80294B0A22B0
:105DF0001A80294B1B78033B284A1370284B294AE9
:105E000012781A60284BFF221A70284B284A11CAB0
:105E100011C3284B1B78042B05D9274A2749516207
:105E2000274A002151609A1FD2B2012A0BD9254A74
:105E30001278022A0BD0042B04D8234A0021535E87
:105E4000013B138010BD1E4A2049D160EFE71A4A7A
:105E500011002031283211CA11C10C4A0020115EF4
:105E600001391180518A0831518219494A60194A11
:105E70001649D160A52149001182A5395182164ADF
:105E800016495160D7E7C046702D0120B41E00208E
:105E9000F01B03201E1C0320FE1E0020A91C032053
:105EA00058E80220821C03209F1C0320D0F402200B
:105EB000A06F0310B81C0020CC1E0020C1470110A9
:105EC000FC1D0020B91C00209C1E0020A9560110BA
:105ED000841E0020141E00202C1E0020D14701101B
:105EE00004490A680132FF2313400B60024AD05C68
:105EF0007047C0468CF8022040B9041004490A6873
:105F00000132FF2313400B60024AD05C7047C04649
:105F1000B0FA022040B90410024B00221A60024B72
:105F20001A6070478CF80220B0FA022010B5FFF713
:105F3000D7FF0400FFF7D4FF201A10BD10B50028CA
:105F40000FD0094A094BC318934204D8830702D1E2
:105F50008003000C10BD064B064A0748CC21F3F71E
:105F60009BFA0020F6E7C046FCFF0300FCFFFFDFC2
:105F7000141A031070BA0410385C031010B5002412
:105F80001D2C0BDC064B6200D35A002B01D00134D0
:105F9000F6E7FFF7D3FF024B6400185310BDC0466D
:105FA000D81E012070B50100002407E080221205F0
:105FB000944663449800814209D001341D2C0EDCC4
:105FC000074B6200D35A002BF0D10020F3E783681F
:105FD0000025DD820DF0D4FE014B6400E55270BD5A
:105FE000D81E012030B583B00400C5696B1C32D0C7
:105FF000012D12D102694169806801950123009346
:10600000002302F011FF0500314B1B685B0702D132
:106010002379052B03D1022D07D003B030BDA06832
:106020001C30162111F05EFEF5E72379042B07D80A
:10603000032B0CD2012BF0D12000FFF7B3FFECE7CC
:10604000052BEAD1A0681C30132111F04BFE01236F
:106050005B42E361E1E7037EC268416980680195C4
:106060000125009502F0E0FE0500194B1B685B0757
:1060700002D12379052B0CD1022D10D0012DCCD1CA
:106080002379032B21D8022BC7D380239B01636183
:10609000C3E7A0681C30162111F024FEECE7237939
:1060A000052BBAD89B000B4AD3589F46A0681C30DA
:1060B000132111F017FE80235B0263610123E3616A
:1060C000ABE72000FFF76EFFA7E7052BA5D1DCE7C4
:1060D00044E1022040BA041030B5002100E0013153
:1060E0001D291ADC0D4B4A00D35A002BF7D0802211
:1060F0001205944663449A00146A057A437A1B0297
:106100002B431B041B149C42E9D1D369002BE6D11D
:10611000536AD36101239370E1E730BDD81E01209B
:10612000F0B5C64600B580460F00CB1E022B03D942
:1061300000250124644236E0FFF7CEFFF8E7012393
:106140002B760222B35E9B032B610022B35E9B037E
:106150008022120394466344EB6001235B42EB61AF
:1061600080239B026B6116E001232B760222B35E33
:106170009B032B610022B35E9B03EB60002F04D0D6
:106180008022120394466344EB6001235B42EB617F
:1061900080235B026B610A22B35E2B622F712800A1
:1061A000FFF7ECFE0125210040460CF065FA041EC5
:1061B00028DB164B1E68E3001B199B00F618F38AB8
:1061C000002BF0D106212820ECF73AFC05000DF059
:1061D000B1FD2800FFF7B2FEF0820123AB70AE6084
:1061E00000232B76052FD6D8BB00094AD3589F46EB
:1061F00030000CF019FA28610123EB6180235B0267
:106200006B61C8E7280080BCB846F0BD5C00032085
:1062100058BA041070B504000020002100E00131DC
:106220001D291BDC0E4B4A00D35A002BF7D08022CD
:106230001205944663449A00156A267A637A1B0213
:1062400033431B041B149D42E9D1D369002BE6D0D4
:10625000536200239370D3610120E0E770BDC04614
:10626000D81E012010B58269054B1A4200D110BD1D
:10627000044B054A7C210548FF31F3F70DF9C04670
:10628000010000108C320310D0BA0410A4320310A5
:1062900010B500280FD0094A094BC318934204D8FF
:1062A000830702D18003000C10BD064B064A074845
:1062B000CC21F3F7F1F80020F6E7C046FCFF03001D
:1062C000FCFFFFDF141A0310C0BA0410385C03107F
:1062D00010B582B004004369012B79D018DC5A1C38
:1062E0003BD0002B7FD1C369013BC361002B7AD126
:1062F0000379012B29D0052B1ED0002B73D101234C
:106300005B42436180681C30152111F0EBFC6AE0B0
:10631000022B68D1C369013BC361002B63D10379B0
:10632000042B60D1033B43610023037180681C3060
:10633000142111F0D7FC56E001235B4243618068D1
:106340001C30592111F0CEFC4DE0012343618068DF
:106350001C30142111F0C6FC45E080680021425E2B
:1063600092032169019301230093002302F05CFD55
:1063700002280ED0012836D12379022B33D0072BE7
:1063800031D001236361A0681C30142111F0AAFCF4
:1063900029E02379072B26D89B001F4AD3589F4614
:1063A000A3680022DA8220000DF0EAFCA0681C300D
:1063B000592111F097FC16E0A3680022DA82200030
:1063C0000DF0DEFC0FE000236361144BE3610AE093
:1063D000C26801698068019301230093002302F0E1
:1063E00023FD022801D002B010BD2279062AFAD876
:1063F000012393404A221A4207D1293A1A42F2D085
:1064000000236361A369E361EDE7A3680022DA82F8
:1064100020000DF0B5FCE6E780BA04101A04000075
:10642000F0B5C64600B580460F0000250124644241
:10643000210040460CF020F9041E00DA8CE0484BA5
:106440001E68E3001B199B00F618F38A002BEFD19E
:1064500006212020ECF7F4FA05000DF06BFC280073
:10646000FFF716FFF0820223AB70AE602F719433FA
:10647000AB6180239B022B61072F6BD8BB00394A8D
:10648000D3589F4630000CF0A5F8E860364B9C4688
:106490006044E86001235B426B6180231B032B6136
:1064A000A8681C30592111F01DFC0125C0E73000FF
:1064B0000CF090F8E8602C4B9C466044E8600123A7
:1064C0005B426B61A8681C30152111F00BFC0125A3
:1064D000AEE70222B35E9B03EB6001235B426B617C
:1064E00030001C30152111F0FDFB0125A0E7012330
:1064F0006B6130000CF06EF8E8601B4B9C4660440A
:10650000E86080231B032B610222B35E9B03984249
:1065100001D101258CE7A8681C30582111F0E2FB5D
:10652000012585E701236B6130000CF053F8E8602A
:106530000D4B9C466044E8600222B35E9B03984288
:1065400001D1012574E7A8681C30142111F0CAFBA1
:1065500001256DE701256BE7280080BCB846F0BD3A
:106560005C000320A0BA04100000FCFF70B5060018
:106570000C001000FFF776FE4E23C35A002B43D0C9
:1065800080221205944663449D0030000FF0A4F968
:1065900087280EDC862827DA632801D0852803D1D6
:1065A0006A6C1A4B1A4217D021003000FFF738FFEF
:1065B00070BD88380128F7D84523EB5C002BF3D158
:1065C0004833EB5C002BEFD1114BA022AB502220C3
:1065D00011F039FC0020EBE70E4BA022AB5022203B
:1065E00011F031FC0020E3E74623EB5C002BDBD10C
:1065F0004933EB5C002BD7D1074BA022AB502220B4
:1066000011F021FC0020D3E70020D1E7FF0000FFBC
:1066100048700310F06F03101C700310F8B50400ED
:106620000D000800FFF71EFE4E23C35A002B00D1B9
:1066300094E080221205944663449E0020000FF0EF
:106640004BF91A38082813D80123834084221A42B0
:1066500000D09FE07E32134200D088E0C13A1A4257
:1066600006D0002E79D0726C794B1A4200D177E0B7
:10667000227B637B1B0213431B041B14013300D1D9
:106680009BE0744B1E68227B637B1B0213431B043D
:106690001A14DB139B189B006F4A1268D3180A2246
:1066A0009A5ED3009B189B00F618F38A002B10D03B
:1066B00080221205944663449F0020000FF00CF9DD
:1066C0001C2800DD7BE01A2800DB7BE0012800D1DC
:1066D00078E020000FF000F91F2800D199E000DCDD
:1066E0008FE07538012800D98DE030001C3058212A
:1066F00011F0F8FA06212020ECF7A2F905000DF0C0
:1067000019FB2800FFF7C4FDF0820223AB70AE60D6
:10671000013B6B6180239B022B619623AB612000C0
:106720000FF0DAF8752800D18BE000DD77E0222841
:106730000BDC1F2800DB7EE0012804D0002804DDEC
:106740001A38022801D800232B7130000BF042FFC9
:10675000E860424B9C466044E860F8BD00266DE767
:106760003F4BA022B350222011F06DFBF5E7002E25
:10677000F3D04523F35C002B00D079E74833F35C7A
:10678000002B00D074E7374BA022B350222011F029
:106790005AFBE2E7002EE0D04623F35C002B00D04A
:1067A00066E74933F35C002B00D061E72E4BA02253
:1067B000B350222011F047FBCFE700BE61E77528F8
:1067C00000D086E77B6901330ED02800FFF74AFD31
:1067D0004E23C35A002BC0D0BB78022B07D0032B0B
:1067E00008D1043B7B61B8E701237B61B5E7033B3C
:1067F0007B61B2E71D48F5F7DBF801235B427B6163
:10680000ABE7012805D030001C30142111F06AFAE2
:1068100070E730001C30142111F064FA6AE7762822
:1068200000D092E706232B7120000EF0EFFF8023AB
:106830001B032B6189E703232B7120000EF0E6FF79
:1068400083E705232B7180231B032B617DE7C04663
:10685000FF0000FF5C000320CC0103200000FCFFD0
:1068600078700310A0700310C8700310F07003104C
:1068700070B5050006212020ECF7E2F804000DF0C9
:1068800059FA2000FFF704FDE882AB797C2293439C
:10689000AB710223A370A560002363612371802381
:1068A0009B022361014BE36170BDC0461A040000E6
:1068B00070B5050006212020ECF7C2F804000DF0A9
:1068C00039FA2000FFF7E4FCE882AB797C2293439D
:1068D000AB710223A370A56063610233237180232F
:1068E0009B02236128000BF075FEE060044B9C4680
:1068F0006044E0609623A361024BE36170BDC04633
:106900000000FCFF04290000344B1B78042B0FD837
:10691000334B1B785BB2082B5CD10F285CD1314B19
:106920001B785BB2012B01D0002054E00E3852E0FE
:106930002C4B1B785BB2032B2CD00BDC012B15D01E
:10694000022B3FD1264B1B785BB2082B1CD00020BA
:10695000C0B240E0042B35D1214B1B785BB2062B33
:1069600026D0082B28D00020C0B234E01C4B1B7866
:106970005BB2082B02D00020C0B22CE00F2801D05F
:106980000020F9E70120F7E7152801D00020DFE714
:106990000120DDE7124B1B785BB2082B02D00020F0
:1069A000C0B218E0132801D00020F9E70120F7E772
:1069B0001528D6D10120D7E7132801D00020D3E72E
:1069C0000120D1E7064B00201856083843425841B1
:1069D000C0B200E0002070470120FCE7B81C002096
:1069E0006B1C03206A1C032010B500280FD0094A35
:1069F000094BC318934204D8830702D18003000CCB
:106A000010BD064B064A0748CC21F2F745FD002091
:106A1000F6E7C046FCFF0300FCFFFFDF141A03107B
:106A2000E8BA0410385C031010B58269054B1A42AD
:106A300000D110BD044B054A7C210548FF31F2F717
:106A40002BFDC046010000108C320310DCBA04108C
:106A5000A432031010B58269074B1A4207D041795E
:106A6000064BCA00521AD2009B18586A10BDFFF795
:106A7000DBFFC06BFAE7C04601000010A86C0410F1
:106A800070B504008369DB0249D50423C356013382
:106A900047D14179274BCA00521AD2009B189B8ECE
:106AA000002B40D0234ACB005B1ADB00D318196AB5
:106AB000C823D2588A18C3681F4909685B1AD917B6
:106AC0005B184B40934230DC03691C4909685B1A30
:106AD000D9175B184B40934201DD012020E0184D8F
:106AE0002860FFF7A1FF002646642000FFF79CFF07
:106AF00006642000FFF798FFC36B9B00C363226905
:106B0000E168200004F018FD04002868FFF78CFFFE
:106B1000C36B9B10C363002C09D0002000E0012050
:106B200070BD0120FCE70120FAE70120F8E7012011
:106B3000F6E7C046A86C0410C0090320C40903206E
:106B4000602D0120F8B505000F00012918DC0EF0BA
:106B5000B7FF002805D0AB799B079B0F7A1C9342A7
:106B600061DD7B1C03221A40AB7903218B43134365
:106B7000AB712D4B1868FFF737FFE88100261AE04C
:106B80002A4B2B4A2B486821F2F786FC207B637B3B
:106B90001B0203431B041814DB131B189B00D218A1
:106BA0000A23D35ED800C0188000081832E03900EC
:106BB000FFF7C8FF0136AB89B34234DD1E4B1C68BA
:106BC0002B8B9B191D4A12685B009A5AD3009B1AA3
:106BD0005B00E41823795B07ECD5200005F0A4FEE8
:106BE000174B1B68002BE5DD164B1968164B1A680E
:106BF000A07AE37A1B0203431B041814DB131B184F
:106C00009B00D3180A201B5ED800C018800008180B
:106C1000A842BBD023795B06C9D5002FCAD1012178
:106C2000FFF790FFC6E7F8BDBC04032030710310E6
:106C3000F8BA0410447103105CE5022054E5022008
:106C40006CF202205C000320CC01032010B50C0084
:106C5000094B1860094A1378013313700EF06AFF6C
:106C60002289D3009B189B00054A1068C018002198
:106C7000FFF768FF10BDC046BC040320581F00206A
:106C80005C00032070B50500FFF7CEFE4C23C15A0F
:106C9000002901D1002070BD80231B059C46614462
:106CA0008C00E068EB6821692A69891AC01A05F02E
:106CB0003BFB61790A4BCA00521AD2009B181B6A2F
:106CC000084A94466344834201DA0020E3E7210046
:106CD00028000BF04BFA0028DDD00120DBE7C0468E
:106CE000A86C0410FFFF2B0070B50400FFF79CFE9A
:106CF0004C23C15A002913D080231B059C466144B4
:106D00008D00290020000BF031FA061E06D0A36981
:106D10005A0607D540229343A3610126300070BD77
:106D20000025EEE72000FFF77FFE2123C65C002E42
:106D300001D00026F2E7E068EB6821692A69891A28
:106D4000C01A05F0F1FA184BC5186379174AD90033
:106D5000C91AC9005218528A002A01D1144A85184A
:106D60002C14032B13D0052B16D0152B03D0132B6B
:106D700001D0122B00D16410C82C00DDC824152BC3
:106D80000ED0FFF7ADF8A042C8DB0126C6E7E0222F
:106D900092009442E7DDC1E7C32CBFDD6C14E4E749
:106DA000A02CEEDDA024ECE70000C0FFA86C0410CE
:106DB000000040FFF0B5C64600B50400FFF734FE02
:106DC0002023C356082B00D170E0DBB2072B00D97B
:106DD00000BEE568200007F045F906002000FFF737
:106DE00023FE2027C257324B9200D05870432D18F3
:106DF0002669200007F036F980462000FFF714FED0
:106E0000C2572C4B9200D0584346584332182900A1
:106E1000200004F085FC051E36D1A3695A0403D571
:106E2000254A1278002A1AD1244B1B68002B32D035
:106E30002000FFF7F9FD20230822C2541F490A68E9
:106E4000531E0B60002A26D01D4A9B009958002231
:106E500020000CF00FFB0028F0D00125EEE762695E
:106E6000184909688A420ADA8021C9028C466244BC
:106E70006261802292031343A36101250BE0124952
:106E80008C4662446261F4E7A369104A1A40A26129
:106E90005B0404D50125280080BCB846F0BD200065
:106EA000FFF7C2FD036B63610125F4E70025F2E7FC
:106EB0002CBB04100CBB0410661C032028F202201B
:106EC000C4040320AC0803200000FCFFFFFFDFFF29
:106ED00070B50400FFF76EFF002800D170BDFEF70B
:106EE000FFFF05002000FFF79FFD0F232B4083626B
:106EF0000120F3E7F0B5DE4657464E464546E0B57D
:106F000083B00400FFF790FD4C23C35A002B00D13F
:106F100000BE2000FFF788FD2023C2569346C35CC5
:106F20009946774B4A469D5C4C23C35A002B56D05A
:106F300080221205944663449B00DE68E268B61A1C
:106F40001F692369FF1AA0231B039E4249DD01AB81
:106F500000225A706B4B9F424EDA01AB06229A70A8
:106F600001AB5B789846082B03D001AB9B78082BCC
:106F70004ED1FEF7B5FFC82807DCFB17FF185F40AE
:106F8000F317F6185E40B74204DD01AB9A785A70E9
:106F900042469A7001AB5B78AB4257D001AB9B780D
:106FA000AB4257D001AB5E78082E57D101AB9E782B
:106FB000082E5ED14B46082B0BD02000FFF734FD86
:106FC00020235A46C2542000FFF782FF002800D039
:106FD0008EE0FEF785FFC00766D4072667E0002332
:106FE000ABE7484B9E4203DA01AB04225A70B1E78B
:106FF00001AB08225A70ADE7A0231B039F4203DDBB
:1070000001AB02229A70ABE701AB08229A70A7E7A6
:10701000BB1702221A40F3179B1BDB0F92469A44C0
:107020002000FFF701FD384B52469B562022924626
:1070300083542000FFF7F8FC5346C356AB4298D068
:107040002000FFF745FF002893D051E001AB082254
:107050005A70A3E701AB08229A70A3E72000FFF75C
:10706000E3FC2023C6542000FFF732FF00289DD008
:107070003EE02000FFF7D8FC2023C6542000FFF795
:1070800027FF002896D033E00136072E1EDCB542DC
:10709000FAD02000FFF7C8FC2023C6542000FFF7D9
:1070A00017FF0028F0D023E00026EEE7013E731C16
:1070B0000CD0B542FAD02000FFF7B6FC2023C6540E
:1070C0002000FFF705FF0028F0D011E0082D09D0BF
:1070D0002000FFF7A9FC2023C5542000FFF7F8FE8D
:1070E000002805D12000FFF79FFC20230822C2546E
:1070F00003B0F0BCBB46B246A946A046F0BDC046B0
:1071000050BB04100000F6FF4CBB0410F8B5CE468F
:10711000474680B504008846FFF786FC2223C35605
:10712000013B03271F40002609E04E462000FFF7E1
:107130007BFC2222835C013303210B40835420001B
:10714000FFF772FC2223C5562E4B5B5D002BEDD062
:10715000731C9946022E50D0BD4250D02A4BD422E7
:107160006A439B181B6A002BDFDD274BD4226A433E
:10717000D15820000AF0FAFF00283AD04346002BED
:1071800025D1214BD4226A43D2581369D268216990
:10719000E0680EF031F906002000FFF745FCC36AF5
:1071A000F61A1A4B9C466644194B9E420FD8164B52
:1071B000D4226A43D358D868E26819692369C91A86
:1071C000801A05F0B1F88023DB03984213DC0E4BE4
:1071D000D4226A43D5582000FFF726FC040028007B
:1071E000FFF702FC4C23E0520120C0BCB946B04678
:1071F000F8BD4E469AE74E4698E70020F5E7002096
:10720000F3E7C046E4F40220E8F40220FFFFFFBFEA
:10721000FEFFFF7F70B50400FFF706FC232300226A
:10722000C2542289D3009B189B00364A1268D31897
:10723000D889002807D080231B059C466044850020
:10724000AB695B071ED400212000FFF75FFF002819
:1072500052D061792C4BCA00521AD2009B18197A6D
:1072600000293FD026292DD90B00273BDBB2012B6B
:1072700030D8FEF735FEC30FC01801210140C91AEE
:10728000273127E02000FFF7CFFB06002800FFF79B
:10729000ABFB4C23F052A3699B06DAD52000FFF725
:1072A000C3FB4C23C15A00290AD080231B059C46EE
:1072B0006144890020000AF059FF0028C3D0C8E7C4
:1072C0000021F7E7242905D3FEF70AFE0321F3F78F
:1072D000F1FA24316379132B01D0152B0DD1002045
:1072E00010F000FD6179084BCA00521AD2009B18B9
:1072F000D988200006F024F870BD200010F09CFD15
:10730000F0E7C0465C000320A86C041070B50400D0
:10731000FFF78AFB2123C35C002B02D0013B212213
:1073200083542000FFF780FB05002323C656002E60
:1073300006D02933C05A00281FD123230022EA5443
:107340002000FFF771FB2023C356072B24DD20000C
:10735000FFF76AFB4C23C35A002B07D0802212058B
:10736000944663449B009B695B073CD40121200049
:10737000FFF7CCFE00282BD070BD80231B059C4658
:1073800060448000FFF750FB2422835E002BD4DD95
:10739000013E2323EE54D3E7C36A5B0F5B07C3624E
:1073A0002000FFF741FBC26A2023C3565B07D31AB4
:1073B000002B05DDE0231B069C466244C262C6E743
:1073C000002BC4DA80239B059C466244C262BEE760
:1073D0006179604BCA00521AD2009B18598820006C
:1073E00005F0AEFFC8E7A3691A0664D46179594B6A
:1073F000CA00521AD2009B185B8A002B6DD16179AA
:10740000544BCA00521AD2009B189B8A002B0DD0F5
:10741000514B1B785BB2032B03DC504B1B78002BCA
:1074200078D02000FFF760FC00287BD14C4B1B7804
:10743000002B14D02000FFF7F7FA2323C356002BAC
:107440000DD14C33C35A002B7BD0802212059446B9
:107450006344990020000AF089FE002873D02000C0
:10746000FFF7E2FA836A013B8362002B04DB200012
:10747000FFF7A0FC002802D12000FFF73BFD617957
:10748000344BCA00521AD2009B182D331B78002BA4
:1074900000D171E7FEF724FD022800DD6CE7617979
:1074A0002C4BCA00521AD2009B182D331978200099
:1074B00010F0C2FC60E780229343A361264B1B7847
:1074C0005BB2042B00D157E7244B1B78002B00D074
:1074D00052E72000FFF70EFD4EE72000FFF7D2FB3A
:1074E00000288CD061791B4BCA00521AD2009B181D
:1074F000997A00290AD16179164BCA00521AD20032
:107500009B18598A200005F01BFF35E7200010F07A
:1075100093FCF0E72000FFF787FA836A002B00D185
:107520007FE783E761790B4BCA00521AD2009B18A0
:10753000998A200005F004FFA36980221343A36108
:107540001AE7002186E701212000FFF7DFFD002870
:1075500085D011E7A86C04106D1C0320621C032069
:107560008E1C0320F0B5D6464F464646C0B50400F3
:10757000FFF75AFA4C23C35A002B04D1E0BCBA4699
:10758000B146A846F0BD80221205944663449D0092
:10759000A36920229343A361E76823699846EB68B7
:1075A00099462B699A462000FFF73EFA060053469B
:1075B0004A46414638000DF01FFFF062AB695B039D
:1075C000DCD5FEF7B3FC05002000FFF72DFAC36AF7
:1075D0006D055B19C362D1E7F0B583B00400FFF716
:1075E00023FA4C23C35A002B01D103B0F0BD200075
:1075F000FFF7B8FF2000FFF717FAC56A80273F059D
:107600003A002900200004F015FC060001212000AA
:1076100010F012FCFEF78AFC00052D18FEF760FC46
:107620000521F3F747F901314B005B180093330054
:107630003A002900200004F06BFCD6E7F0B5C646FE
:1076400000B582B00500FFF7EFF94C23C35A002BB9
:1076500003D102B080BCB846F0BD0221280010F072
:10766000EBFB2800FFF77EFF2800FFF7DDF9C36A78
:107670009846802212051900280004F0DBFB070061
:10768000002614E0FEF752FC04054444FEF728FCF3
:107690000521F3F70FF901314B00591880220091B1
:1076A0003B0012052100280004F032FC0136022EB6
:1076B000E8DDCEE7F0B5C64600B582B00400FFF7BE
:1076C000B3F94C23C35A002B03D102B080BCB84697
:1076D000F0BD0221200010F0AFFB2000FFF742FFB9
:1076E0002000FFF7A1F9C66A80273F053A00310064
:1076F000200004F09FFB8046FEF718FC0505AD193D
:10770000FEF7EEFB0521F3F7D5F801314B005B18CE
:10771000009343463A002900200004F0F9FBD4E727
:1077200070B50400FFF71EFFFEF7DAFB272800DC28
:1077300070BD2000FFF778F94C23C55A002D09D001
:1077400080263605A8198000FFF76EF92422835E93
:10775000002B0ADC6179094BCA00521AD2009B182F
:10776000D988200005F0ECFDE2E7A9198900200086
:107770000AF0FCFC0028DBD1ECE7C046A86C041042
:1077800070B50400FFF7EEFEFEF7AAFB092800DC47
:1077900070BD2000FFF748F94C23C55A002D09D0D1
:1077A00080263605A8198000FFF73EF92422835E63
:1077B000002B0ADC6179094BCA00521AD2009B18CF
:1077C000D988200005F0BCFDE2E7A9198900200056
:1077D0000AF0CCFC0028DBD1ECE7C046A86C041012
:1077E00010B50400FFF720F94C23C35A002B00D139
:1077F00010BD2000FFF7B6FE2000FFF715F94C235F
:10780000C15A002909D080231B059C466144890088
:107810002422200006F046FCEAE70021F8E770B5D4
:107820000400FFF701F94C23C35A002B00D170BDAF
:107830002000FFF797FE2000FFF724FA002810D160
:107840002000FFF7F1F84C23C15A00292CD08023E7
:107850001B059C46614489001F22200006F022FC83
:10786000E5E73721200010F0E7FAFEF739FBC217F1
:10787000520F8018072303409B1A01335D00ED1857
:107880002000FFF7D1F84C23C05A00280AD08023EB
:107890001B059C46604480002B002200210002F062
:1078A00067FCC4E70020F7E70021D5E770B50400C6
:1078B000FFF7BAF84C23C35A002B00D170BD20004B
:1078C000FFF750FE2000FFF7DDF90028F6D0FEF7A5
:1078D00007FB0A21F2F7EEFF01318D002000FFF7D0
:1078E000A3F84C23C05A00280AD080231B059C46CD
:1078F000604480002B002200210002F039FCDDE70B
:107900000020F7E770B50400FFF78EF84C23C35A48
:10791000002B00D170BD2000FFF724FE2000FFF7F0
:10792000B1F9002810D12000FFF77EF84C23C15A8E
:10793000002926D080231B059C4661448900202213
:10794000200006F0AFFBE5E7FEF7CAFA0621F2F7E2
:10795000B1FF01318D006D186D002000FFF764F854
:107960004C23C05A00280AD080231B059C46604443
:1079700080002B002200210002F0FAFBCAE7002061
:10798000F7E70021DBE710B50400FFF74DF84C23C3
:10799000C35A002B00D110BD2000FFF7E3FD2000EB
:1079A000FFF742F84C23C15A002909D080231B0558
:1079B0009C46614489002122200006F073FBEAE71F
:1079C0000021F8E770B50400FFF72EF84C23C35AE6
:1079D000002B00D170BD2000FFF754F9002810D112
:1079E0002000FFF721F84C23C15A00292DD0802315
:1079F0001B059C46614489001022200006F052FBC2
:107A0000E8E73721200010F017FAFEF769FAC217ED
:107A1000520F8018072303409B1A01339D00ED1875
:107A20006D002000FFF700F84C23C05A00280AD050
:107A300080231B059C46604480002B00220021000F
:107A400002F096FBC6E70020F7E70021D4E700002C
:107A500070B50400FEF7E8FF4C23C35A002B00D199
:107A600070BD2000FFF77EFD6369802252039446BB
:107A7000634463612000FEF7D7FF4C23C15A0029FD
:107A800027D080231B059C466144890006222000E4
:107A900006F008FB050063690F4A9446634463617E
:107AA000FEF7C2FF026CEB689B18EB602800FEF744
:107AB000BBFF426C2B699B182B612000FEF7B4FFC3
:107AC00004002800FEF7B0FF4C23E25A0433C252F0
:107AD000C6E70021DAE7C0460000F0FFF8B5DE4651
:107AE00057464E464546E0B50400664B1B689B076B
:107AF00005D0F0BCBB46B246A946A046F8BD4269D7
:107B00000169C06806F00EFAE5682000FEF78CFFF8
:107B1000036C2169406C6269091AE81A072305F0B1
:107B2000F7FA0500FEF780FF80235B028364FEF70F
:107B3000D7F9032318402B791B1A5BB22B71002B4A
:107B400000DC84E02000FEF76FFF5023C55A002DB3
:107B5000CFD080231B059C466544AD002800FEF76E
:107B600063FF2422835E002BC3DD2B69EA68216951
:107B7000E0680DF041FC06002000FEF755FFC36AE7
:107B8000B34210D0F21A802109068A4262D9F42247
:107B9000120694466344C3622000FEF745FFC36AA1
:107BA000F31A00D4C6622000FEF73EFFC66AF60C48
:107BB000200006F057FA070080231B01F318324912
:107BC0005A008846525A1B018021490289460B40BF
:107BD000D31A9B462000FEF727FF824659463800FD
:107BE000EAF72FF853461864730042469B5A360151
:107BF0004A4616409B1B98462000FEF715FF0600DC
:107C000041463800EAF71DF87064E868E3682969BE
:107C10002269891AC01A04F087FB3900F2F74AFE7C
:107C2000011E27DD6B69A0229203944663446069BC
:107C3000181AF2F73FFE05002000FEF7F5FE836CF0
:107C4000AB4219DD114A94466344836451E7012332
:107C50002B7177E7C022120594466344C36220006B
:107C6000FEF7E2FEC36AF31A8022120693429AD903
:107C7000C66298E70121D5E78022920194466344C9
:107C8000836436E798D702206CB6031000E0FFFF4C
:107C900010B50400FEF7C8FE4C23C35A002B00D1D8
:107CA00010BD2000FFF75EFC3821200010F0C4F862
:107CB000F6E770B50400FEF7B7FE4C23C35A002B5D
:107CC00000D170BD2000FFF74DFC2000FEF7DAFF69
:107CD0000028F6D0FEF704F90A21F2F7EBFD013196
:107CE0004D006D186D003521200010F0A5F8200022
:107CF000FEF79AFE4C23C05A00280AD080231B05A9
:107D00009C46604480002B002200210002F030FAE3
:107D1000D7E70020F7E70000F0B5D6464F464646C5
:107D2000C0B58046FEF780FE2023C356082B00D145
:107D300088E0404606F096F905004346DC68404678
:107D4000FEF772FE2027C257404B9200D3586B4378
:107D5000E4183F4B1C6043461E694046FEF764FE34
:107D6000C2573C4B9200D3585D4376193A4B1E6084
:107D70003A4B1B68E41A3A4AA718FF158023DB0325
:107D80009C466444E3159946364B1B68F61AB518B1
:107D9000ED156644F615344B42461A604F4551DCEA
:107DA0002C00B4424CDC314A2100380004F0E0FFE2
:107DB000002801D00134F4E74046FEF735FE040008
:107DC0004C27C55B2A4B9A461868FEF70DFEE05318
:107DD0004046FFF7C7FB4046FEF726FEC553852108
:107DE0004900404605F0ACFA534618681F2110F0D0
:107DF00023F85346186843791E4CDD00EE1AF6004E
:107E0000A619B18E05F09CFA53461B6898461800D7
:107E1000FEF70AFEC36B9B00C363336B424693615C
:107E20004046FEF701FE0422B35E83844046FEF71F
:107E3000FBFD0023C353E0BCBA46B146A846F0BDE3
:107E40000137ABE74046FFF761FAF4E72CBB0410BB
:107E5000C00903200CBB0410C4090320A41F012087
:107E60000000C0FFA81F0120BC090320816A011087
:107E7000602D0120A86C041010B536210FF0DCFF36
:107E800010BD0000F8B5DE4657464E464546E0B503
:107E90000500FEF7C9FD5023C45A002C11D08023E1
:107EA0001B059C466444A4004C23C35A002B0ED0EF
:107EB0006344980006F0CAF821000AF057F9002838
:107EC00007D1F0BCBB46B246A946A046F8BD00208B
:107ED000F0E72000FEF7A8FDC66AF60CE7688023ED
:107EE0001B01F31812495A008B46515A1B0180227C
:107EF000520292461340C91AC0235B0399461800E8
:107F0000E9F79FFE3F182369984673005A46995A2D
:107F1000360153461E40891B4846E9F792FE02008F
:107F200042443900280004F05BFE63696B61C8E7D6
:107F30006CB6031010B504005C210FF07DFF20002B
:107F4000FFF7A0FF10BD10B504005B210FF074FF18
:107F50002000FFF797FF10BDF0B5C64600B504003E
:107F6000FEF762FD4C23C35A002B02D180BCB846F9
:107F7000F0BD2000FFF7F6FA2000FEF755FD4C2378
:107F8000C55A002D2BD080231B059C466544AD00AF
:107F9000E8686A690423010005F0BAF806002000C9
:107FA000FEF742FD07003000FEF71EFD5023984605
:107FB000F8523000FEF738FD07002000FEF714FDF0
:107FC0004C23F8523000FEF72FFD04002800FEF786
:107FD0000BFD4346E0523000FFF754FFC6E7002593
:107FE000D6E70000F8B5DE4657464E464546E0B5B2
:107FF0000400FEF719FD4C23C35A002B05D1F0BC39
:10800000BB46B246A946A046F8BD2000FFF7AAFA33
:108010002000FEF709FD4C23C55A002D5ED08023B9
:108020001B059C466544AD00290020000AF09EF81F
:108030000028E4D0522120000FF0FEFE142322007D
:108040002100280002F094F86979254BCA00521AE1
:10805000D2009B189F6A2800FEF7E6FC0600390054
:10806000FA208004F2F726FCB0642000FEF7DCFC66
:10807000C66AF60C5023C75A002FC0D080231B05B8
:108080009C466744BF00EB689B4680231B01F318A6
:1080900014495A008A46515A1B01802252029146C5
:1080A0001340C91AC0235B0398461800E9F7C9FDBD
:1080B0005B46181AF8602D6973005246995A3601CA
:1080C0004B461E40891B4046E9F7BBFD2D1A3D611A
:1080D00046222100380003F0A7FF90E70025A3E720
:1080E000A86C04106CB6031010B50400FFF73AFA40
:1080F000632120000FF0A0FE10BD0000F0B5D646B1
:108100004F464646C0B50400FFF72CFA2000FEF7A4
:108110008BFCC36A8022120594466344C36220002C
:10812000FEF782FC4C23C05A00284ED080231B054A
:108130009C466044800005F089FF0500092201008B
:10814000200005F0AFFF09222900200005F0AAFF5A
:108150000500FEF769FCC36A802212059446634459
:10816000C3622800FEF760FCC46AE40C280005F036
:1081700079FF060080231B01E318154F5A00D25BDC
:108180001B018021490288460B40D31A9A462800D9
:10819000FEF74AFC814651463000E9F752FD4B4656
:1081A00018646300DF5B240143461C403F1B28002A
:1081B000FEF73AFC040039003000E9F742FD606444
:1081C000E0BCBA46B146A846F0BD0020B3E7C046C1
:1081D0006CB60310F0B5D6464F464646C0B504000F
:1081E000FFF7C0F92000FEF71FFCC36AF822120651
:1081F00094466344C3622000FEF716FC4C23C05A29
:1082000000284ED080231B059C466044800005F06A
:108210001DFF050009220100200005F043FF09228F
:108220002900200005F03EFF0500FEF7FDFBC36AB4
:10823000F022120694466344C3622800FEF7F4FB62
:10824000C46AE40C280005F00DFF060080231B0122
:10825000E318154F5A00D25B1B0180214902884662
:108260000B40D31A9A462800FEF7DEFB81465146A2
:108270003000E9F7E6FC4B4618646300DF5B24013D
:1082800043461C403F1B2800FEF7CEFB040039008C
:108290003000E9F7D6FC6064E0BCBA46B146A846B7
:1082A000F0BD0020B3E7C0466CB60310F0B5DE4663
:1082B00057464E464546E0B583B00700FFF752F9F2
:1082C0003800FEF7B1FB4C23C05A002800D181E0F2
:1082D00080231B059C466044800005F0B7FE092200
:1082E00001900100380005F0DDFE0500FEF79CFB63
:1082F000C36AFC22120694466344C3622800FEF758
:1083000093FBC46AE40C280005F0ACFE824680238F
:108310001B01E318304E5A00925B1B018020400283
:1083200080460340D21A91462800FEF77DFB834623
:1083300049465046E9F785FC5A46106463009B5B4A
:108340002401424614401A1B93462800FEF76CFB9A
:10835000040059465046E9F774FC6064092201990B
:10836000380005F09FFE0500FEF75EFBC36A802221
:10837000D20494466344C362280005F073FE0700EC
:108380002800FEF751FB8146C46AE40C80231B01E0
:10839000E3185A00915B1B0142461340C91A38008A
:1083A000E9F74FFC4B46186463009E5B240143468B
:1083B0001C40361B2800FEF737FB04003100380054
:1083C000E9F73FFC606403B0F0BCBB46B246A94687
:1083D000A046F0BD002080E76CB60310F0B5D6468D
:1083E0004F464646C0B50400FEF71EFB4C23C05A5C
:1083F000002804D1E0BCBA46B146A846F0BD8023AF
:108400001B059C4660448600A26980235B041343DD
:10841000A36161792C4BCA00521AD2009B18997A39
:1084200020000FF009FD2000FFF79CF82000FEF768
:10843000FBFA8146C56AED0C80231B01EB1823492A
:108440005A008846515A1B0180225202924613401C
:10845000C91AA0277F033800E9F7F3FB4B461864DD
:108460006B0042469B5A2D01524615405B1B9846B5
:108470002000FEF7D9FA050041463800E9F7E1FB94
:108480006864F068E36831692269891AC01A03F0E8
:108490004BFF05003900F2F70DFA8046BD4201DAC4
:1084A0000123984675693000FEF7D4FA40102D1864
:1084B0006369ED1A2000FEF7B7FA04004146280070
:1084C000F2F7F8F9A06495E7A86C04106CB60310F5
:1084D000F0B5D6464F464646C0B50400404B1B8813
:1084E000002B06D080221205944663449B00002096
:1084F00009E00023FBE71B88002B0FD08022120528
:10850000944663449B00364A934209D09A78092ADC
:10851000F1D15A79122AEED10130ECE70023F2E7CB
:10852000142804DDE0BCBA46B146A846F0BDCE0C26
:1085300062792C49D3009B1ADB00CB181A6A82237C
:10854000DB00CB58D21853009B18DD0FED186D10CF
:108550008023DB029C466544E368984680231B0128
:10856000F318214F5A00D15B1B0180225202924620
:108570001340C91A2800E9F764FB8044236999462F
:108580007300DB5B310152461140591A2800E9F7AC
:1085900058FB01004944626980231B039C466244E6
:1085A0001223404604F0B4FD05000269C16803F0DF
:1085B000B7F800280DD02000FEF736FA0400280096
:1085C000FEF732FA4C23E25AC2522800FFF706FFA8
:1085D000A8E7064B22002100280001F0C9FDA1E711
:1085E000A4070320A86C04106CB603101027000029
:1085F00010B50400FEF718FA4C23C35A002B00D123
:1086000010BD2000FEF7AEFF2000FEF70DFAC16A94
:108610002000FFF75DFFF3E710B504004179174B29
:10862000CA00521AD2009B18997E3D2904D83B29D2
:1086300010D200291CD013E00B003E3BDBB2012B13
:108640000ED8FDF74DFCC30FC01801210140C91A17
:108650003E3105E0FDF744FC0321F2F72BF93B31F5
:108660006379132B01D0152B03D100200FF03AFBB7
:1086700010BD20000FF0E0FBFAE7C046A86C041024
:1086800010B51F210FF0D8FB10BD000010B54179C7
:10869000054BCA00521AD2009B18197C002900D140
:1086A00010BD0FF0C9FBFBE7A86C04108369022220
:1086B000934383617047000030B585B00500FFF734
:1086C000F5FF194B1C88002C22D080231B059C46EB
:1086D0006444A40008E023880024002B04D08022F6
:1086E0001205944663449C000F4B9C4212D0A37821
:1086F000092BF0D1AC42EED062796B799A42EAD183
:108700002000FEF791F92422835E002BE3DD08E0D0
:108710000024E9E7054B6A46138103216846FDF70B
:108720007FFE05B030BDC046A40703209A020000BA
:1087300010B50400FFF7BAFF2000FEF775F9C16A13
:108740008023DB059C4661442000FFF7C1FE20002A
:10875000FEF76AF9C16A80231B069C46614420002B
:10876000FFF7B6FE2000FEF75FF9C16AC0231B06C3
:108770009C4661442000FFF7ABFE10BD10B504001D
:10878000FEF752F94C23C15A002909D080231B055A
:108790009C46614489008022200003F045FC10BD06
:1087A0000021F8E770B584B005004C4B1E78022E0E
:1087B00006D04079FEF7A8F8002867D000230CE027
:1087C000474B1B785BB2072B60D14379082B1DD038
:1087D000142B5BD1002300E00133032B0ADC414A58
:1087E000D25C002AF8D0404AD42159435218126A68
:1087F000002AF1DD042B49D03C4B1C88002C24D0EE
:1088000080231B059C466444A4000AE00023E4E79F
:1088100023880024002B04D0802212059446634450
:108820009C00324B9C4212D0A378092BF0D1AC4271
:10883000EED062796B799A42EAD12000FEF7F4F823
:108840002422835E002BE3DD20E00024E9E7022EF2
:1088500015D0274B1B785BB2012B2ED0042B13D1E4
:108860001F4B1B785BB2062B2FD0082B0CD1214B52
:108870006A4613810121684600F0E6FB06E0184BCA
:108880001B785BB2072B03D0FAF7A8FB04B070BDCE
:108890006B79082B09D0142BF6D1174B6A4613813C
:1088A0000521684600F0D0FBF0E7124B6A461381C1
:1088B0000121684600F0C8FBE8E70E4B6A461381C9
:1088C0000121684600F0C0FBE0E70A4B6A461381CD
:1088D00006216846FDF7A4FDD8E7C046B91C002074
:1088E0006B1C0320E4F40220E8F40220A407032018
:1088F0006A1C03209A0200009B02000010B50400CD
:1089000054210FF099FA2000FEF700FD10BD10B5BC
:10891000040055210FF090FA2000FEF7F7FC10BD7F
:1089200010B504004F210FF087FA2000FEF7EEFC8F
:1089300010BD10B5006805210FF07EFA10BD10B50E
:10894000006807210FF078FA10BD70B504000D0023
:10895000006806210FF070FA2900200006F0DCF80C
:1089600070BD000070B51A4B00221A70194B1A70B6
:10897000194B1C88002C05D080231B059C466444A1
:10898000A40009E0002407E02488002C19D08023EB
:108990001B059C466444A4000F4B9C4213D0A37853
:1089A000092BF1D163791B2BEED1094E00257557A8
:1089B0002000FEF719F8094B6A009852013535700E
:1089C000E2E70024E8E7602100200FF08BF970BD9A
:1089D000991C0320421C0320A4070320042001202B
:1089E00010B5612100200FF07DF910BDF8B507002A
:1089F000C6681D4B9C46664403E080231B039C46CF
:108A00006644FB68194A94466344B34226DB3C69DA
:108A1000174B9C466444FDF763FA420480322123DD
:108A20002100300004F074FB0400FDF759FA050042
:108A30002000FDF7F9FF6D0285640E49200004F067
:108A40007FFCFDF74DFA0723184023791B1A5BB210
:108A50002371002BD1DC01232371CEE7622100209A
:108A60000FF040F9F8BDC04600003CFFFFFF3F019A
:108A70000000C0FE1F03000070B50400C568FDF7CC
:108A800055FAC0022D182469FDF72AFA42048032F3
:108A900021232100280004F03BFB0400FDF720FA0D
:108AA00005002000FDF7C0FF6D0285640849200025
:108AB00004F046FCFDF714FA072303402079C01A9E
:108AC00040B22071002800DD70BD01232371FBE757
:108AD0001F03000010B5FAF781FA10BDF8B50600C3
:108AE0002D4A116801234B4013602C4B1B785BB25D
:108AF000012B4BDD2A4B2B4A127852B25200D45A2A
:108B0000002C46D080231B059C466444A400264BC1
:108B10001B785BB2002B00D100BE224D00202856EE
:108B20000130214B00215956F1F7C4FE29701C2257
:108B30002100300005F0B6FA0500FDF775FF0700CB
:108B40002000FDF751FF4C23F85224693369E41AE1
:108B50002800FDF769FF416C2000F1F7ABFE04002F
:108B6000EA8853009B189B0010481818FBF77EFDFD
:108B700001002000F1F79EFE04002800FDF754FFDD
:108B80002123C4545E200FF05EF9F8BD0129B1D154
:108B9000FBE70024BBE7C046082F01206D1C032023
:108BA00004200120421C0320991C0320A08A0410E9
:108BB00070B50400FDF738FF2122835C013BDBB276
:108BC0008354002B00D070BD2000FDF72DFF4C23F7
:108BD000C05A002828D080231B059C466044800092
:108BE00005F034FA050042690169C0681D2304F0EC
:108BF0008FFA23210FF020F9FDF772F9312815DDE6
:108C0000592828DD772828DD812828DD9F2828DDC0
:108C1000A12828DDAB2828DDBF2828DDDD2828DDB8
:108C2000F52828DC112302E00020D9E70B236A692C
:108C30002969E86804F06CFA05000121FEF766FA7C
:108C400000281AD12A69E968280002F095FB200063
:108C500004F03AFBB7E70C23E9E70D23E7E7162317
:108C6000E5E70E23E3E70323E1E70523DFE714232A
:108C7000DDE70823DBE70F23D9E76979044BCA0056
:108C8000521AD2009B18D988280004F059FBD9E762
:108C9000A86C041010B504005F210FF0CDF820007F
:108CA000FFF786FF10BD000010B50400094B1B78CC
:108CB000022B04D0392120000FF0BEF810BDFDF7C3
:108CC000B3FE2422835E323301DB3921F3E73A21FC
:108CD000F1E7C046B91C0020827AC37A1B02134315
:108CE0001B041B145A1C0ED0084A10685A00D318D3
:108CF0009B00074A1268D3180A229A5ED3009B1879
:108D00009B00C01870470020FCE7C0465C000320B1
:108D1000CC010320027B437B1B0213431B041B1467
:108D20005A1C0ED0084A10685A00D3189B00074AF4
:108D30001268D3180A229A5ED3009B189B00C018B1
:108D400070470020FCE7C0465C000320CC010320F4
:108D500010B58B0402D48913018010BD024B034A65
:108D60000348B821F0F798FB80710310F4BB04109E
:108D7000A071031010B58B0404D4038889135B1809
:108D8000038010BD024B034A0348BC21F0F784FB6B
:108D9000DC710310D8BB0410A071031010B58B0454
:108DA00002D48913418010BD024B034A0348C021FD
:108DB000F0F772FB80710310BCBB0410A0710310AC
:108DC00010B58B0404D4438889135B18438010BD0D
:108DD000024B034A0348C421F0F75EFBDC71031029
:108DE000A0BB0410A071031010B500280FD0094AD1
:108DF000094BC318934204D8830702D18003000CA7
:108E000010BD064B064A0748CC21F0F745FB002071
:108E1000F6E7C046FCFF0300FCFFFFDF141A031057
:108E200090BB0410385C0310F8B504001D00069BCD
:108E3000002B04D0012B5FD000263000F8BD079B2B
:108E4000013304D0079B012B2AD00026F5E700232D
:108E5000C75EBB035B1A93420BDB4942FFF78AFFF5
:108E60002900200003F01CF90600012812D000267A
:108E7000E3E71100FFF76CFF2900200003F010F971
:108E8000012801D00226D8E727802900200003F01E
:108E900007F9F7E727802900200003F001F9CCE764
:108EA0000023C75EBB035B1893420ADCFFF762FF37
:108EB0002900200003F0F4F80600012812D0002653
:108EC000BBE71100FFF744FF2900200003F0E8F89A
:108ED000012801D00226B0E727802900200003F0F6
:108EE000DFF8F7E7012D01D12E00A6E72780290042
:108EF000200003F0D5F8A0E7079B013304D0079BBF
:108F0000012B2ED0002698E70223C75EBB035B1A15
:108F100093420BDB4942FFF753FF2900200003F087
:108F2000BFF80600012812D0002686E71100FFF7DF
:108F300035FF2900200003F0B3F8012801D00226F4
:108F40007BE767802900200003F0AAF8F7E7012DEE
:108F500001D12E0071E767802900200003F0A0F8FE
:108F60006BE70223C65EB3035B18934207DCFFF78F
:108F700027FF2900200003F093F800265DE7110089
:108F8000FFF70CFF2900200003F08AF8012801D028
:108F9000022652E766802900200003F081F8F7E7F7
:108FA00030B583B0040043798269C1698068E5689F
:108FB000019500250095FFF737FF0500214B1B6841
:108FC0005B0703D0022D07D003B030BDA0681C3072
:108FD00016210EF087FEF5E7A3680022DA82E36827
:108FE000012B0AD001331AD020000AF0C9FEA06874
:108FF0001C3013210EF076FEE6E723790B2BF3D11C
:10900000A16823691F321A4092008B797C20834328
:1090100013438B711423E25EA368DA71E4E72379CA
:10902000062BE1D1A16823691F221A4092008B7997
:109030007C20834313438B711423E25EA368DA71AF
:10904000D2E7C04644E10220F0B5DE4657464E4620
:109050004546E0B583B080460F00002601246442F7
:109060002100404609F008FB041E00DAD3E1C44B9E
:109070001D68E3001B199B00ED18EB8A002BEFD154
:1090800006212020E9F7DCFC06000AF053FE300040
:10909000FFF7AAFEE8820723B370377100237371CC
:1090A0000C2F00D9B3E1BB00B64AD3589F46012329
:1090B0005B42F360B56080235B02F361280009F036
:1090C00019FAB0610126CBE701235B42F360B5607A
:1090D00080235B02F361280009F0E2F9B061012608
:1090E000BEE701235B42F360B5608023DB02F361DE
:1090F000280009F0FFF9B0610022AB5E9B039842A3
:1091000000D186E180231B039C466044B0610126A8
:10911000A6E7012373710123F360B56080235B022E
:10912000F361280009F056FAB0610222AB5E9B039E
:10913000984200DDB361B369092F04D000229B1A65
:10914000B36101268CE780221203F8E70123F36064
:10915000B5608023DB02F3610023E95E8903280008
:1091600009F0F2F9B06101267AE70123F360B560F6
:1091700080235B02F3610023E95E8903280009F084
:10918000E3F9B06101266BE70123F360B56080234A
:109190005B02F3610022AB5E9B03C0225203944644
:1091A0006344B36101265BE70123F360B56080236C
:1091B0005B02F3610022AB5E9B0380229204944623
:1091C0006344B36101264BE70123F360B56080235C
:1091D0005B02F3610022AB5E9B03C0225203944604
:1091E0006344B3614046FFF777FDC379EB714046B6
:1091F000FFF772FD83795B06DB0E9B00AA797C2169
:109200008A431343AB7101262AE70123F360B5605B
:1092100080235B02F3615C4B9B460023994631E05F
:1092200002210CF0C9FCC243D20F41E0022150469A
:109230000CF0C2FC43001B185B0046E002215046C4
:109240000CF0BAFC43001B185B0050E002210CF04C
:10925000B3FCC243D20F5BE0022150460CF0ACFCE1
:1092600043001B185B0060E0022150460CF0A4FC98
:1092700043001B185B005B449B781B049B46012347
:109280009C46E144AB894B4562DD4946200009F02C
:10929000D3F80028F3D000224946200009F070F8E6
:1092A0008246030006229A5E502AB9DDD243D20FCD
:1092B000002A20D0354B1B680193534606229A5E44
:1092C000502AB3DD53009B185B00019A9446634417
:1092D0009B781B045B450EDA2C4B1B689B46534660
:1092E00006229A5E502AA9DD53009B185B005B445E
:1092F0009B781B049B4601224946200009F040F858
:109300008246030006229A5E502A9FDDD243D20F86
:10931000002AB4D01D4B1B680193534606229A5E67
:10932000502A99DD53009B185B00019A94466344D0
:109330009B781B045B45A2DA144B1B689B46534683
:1093400006229A5E502A8FDD53009B185B0092E73D
:10935000B36800229B5E9B035B44B36101267FE6FA
:1093600001235B42F360B56080235B02F361280058
:1093700009F096F8B061EB79B3820023994616E0C4
:109380005C0003205CBB0410FFFFFF7FBC170320C1
:1093900001224946200009F01DF805000022835EE5
:1093A0009B03B269934228D001239C46E144AB89D8
:1093B0004B452ADD4946200009F03EF80028F3D04D
:1093C00000224946200008F0DBFF0A22835EA34208
:1093D000DED000224946200008F0FCFF05000022F4
:1093E000835E9B03B2699342DED1C379B3828379F2
:1093F0005B06DB0E3361012632E6C379B3828379E3
:109400005B06DB0E336101262AE6012628E60126EB
:1094100026E6012624E6300003B0F0BCBB46B24687
:10942000A946A046F0BDC046F0B5DE4657464E46BA
:109430004546E0B585B0002301939B460024013BDF
:1094400098460E00050065E08023DB010193802330
:109450001B039B468AE00136BB89B34255DD3B8B3B
:109460009B194F4A12685B009A5AD3009B1A5B0003
:109470004C4A1468E41823795B07ECD52000FFF709
:109480002BFC494B1D68401B8010C3001B1A9A011E
:109490009B18DB001B18DA03D31ADB001B18984556
:1094A000D9D12000FFF736FC451BAD10EB005B1B4C
:1094B0009A019B18DB005B19DA03D31ADB005D19F4
:1094C000C3799A45C7D1D944C38A002BC3D10400BC
:1094D00006212020E9F7B4FA06000AF02BFC300040
:1094E000FFF782FCE0820723B370063BF360B460B1
:1094F000019AF2614A46B26100223271737127000B
:10950000A846002B03D00026A6E70023F9E7029D1A
:10951000039E01244146280009F0AEF88046002849
:1095200035DB214B1F684346DB0043449B00FF189B
:10953000FB8A002BEED106212020E9F781FA0400F6
:109540000AF0F8FB2000FFF74FFCF8820723A37016
:10955000063BE360A760002E00D175E7012E05D120
:109560008023DB02019380235B039B46019BE36125
:109570000022BB5E9B035B449946A36100232371D9
:1095800001336371FB799A4602950396BBE720008D
:1095900005B0F0BCBB46B246A946A046F0BDC046E9
:1095A00054E502205CE502205C00032010B58269CE
:1095B000054B1A4200D110BD044B054A7C210548D9
:1095C000FF31EFF769FFC046010000108C32031035
:1095D000D0BC0410A432031010B58269074B1A42A4
:1095E00007D04179064BCA00521AD2009B18586A1C
:1095F00010BDFFF7DBFFC06BFAE7C04601000010AB
:10960000A86C041010B500280FD0094A094BC318E4
:10961000934204D8830702D18003000C10BD064B8F
:10962000064A0748CC21EFF737FF0020F6E7C0468F
:10963000FCFF0300FCFFFFDF141A0310C0BC041082
:10964000385C031070B50300052975D0042900D9D2
:1096500000BE08001A308000C45808001E30800088
:10966000C05884426AD0002A22D03B4D8E007559E2
:109670006A433A4D2D786DB2002D01D0042D00D1F2
:109680005200A2180D001A35AD00EA50904200DADF
:10969000E850002C54D102293FD012D8002921D003
:1096A00001290CD15C229A5C012A2DD9080048E0DE
:1096B000294A8D00AD58EA0F52195210D9E70120FE
:1096C0003FE003290CD15C229A5C002A40D162322F
:1096D0009A56002A3ED05D2204219954012030E0A0
:1096E00001202EE05C229A5C002A2BD161329A562E
:1096F000002A04D05D2203219954012021E05D223B
:109700000121995401201CE060229A56002A1BD0A6
:109710005D2202209854080013E05C229A5C012A22
:1097200001D901200DE063229A56002A0ED05D2255
:1097300005219954012004E0002002E0002000E00F
:10974000012070BD0120FCE70800FAE70120F8E7DE
:109750000120F6E70120F4E7041F00206D1C032020
:1097600070B506000D001400344B1B78002B39D067
:10977000334B1B785BB2022B34D0002A32D1421813
:109780005E32127852B2002A55D1A82142580632D0
:10979000425042195E32A7391170002B14D0294A69
:1097A0006B005B199B00995C0522FFF74BFF5D2363
:1097B000F554254B00229A56D4235343234A9B1831
:1097C000B3420AD0200033E01E4A6B005B199B00B5
:1097D000995C0222FFF736FFE9E7212100200EF015
:1097E00081FAEFE7174A6B005B199B00995C05292A
:1097F0000BD0002C04D001223000FFF723FF05E03E
:1098000002223000FFF71EFF00E0002073195E33D4
:109810001B785BB2002B0CD173195E3301221A70D6
:109820005D23F5545C3B1843C0B2431E9841C0B25F
:1098300070BD0023F7E72000FAE7C0468E1C032026
:10984000561C0320F86504104B1C0320E8F402208A
:1098500010B5036A632B0CDC5B180362642B01DD1B
:1098600064230362046A0068FFF7A0FE8484012079
:1098700010BD0020FCE764234B43426A9A4203DA9E
:1098800081624362012070470020FCE743184433A3
:109890001B78002B06D1A8330622C2504018443052
:1098A000A73B03707047000070B505000C00052948
:1098B0002FD88B001F4AD3589F460A34A40004199E
:1098C0001D4B6360012070BD0A34A40004191B4BBA
:1098D0006360026891698023DB020B43936101207E
:1098E000F1E70A34A4000419154B63600120EAE78C
:1098F0000A34A4000419114B63600120E3E76421DA
:10990000FFF7A6FF0A34A4002C190123636001208D
:10991000D9E723000A339B00EB185B68002B06D1C4
:109920000A34A4002C19012262600120CBE7002038
:10993000C9E7C0460CBC04101A040000340800003B
:109940006810000070B506000C0045694B69ED1AFF
:109950000800FFF741FEA84202DBC84B9D4200DA37
:1099600070BD2000FFF722FE4E23C45A002C17D0F2
:1099700080231B059C466444A4002422835E002BA4
:10998000EEDDF188BE4A4B005B189B009B5C373BC9
:10999000DAB2262A00D995E29300BA4AD3589F46F4
:1099A0000024EAE701212000FFF765FF0028D7D057
:1099B000B54BA022A35020251AE002212000FFF77A
:1099C0005AFF0028CCD0B14BA022A35020250FE095
:1099D000236A01332362C82B01DDC8232362256A71
:1099E0002068FFF7E3FD8584A94BA022A350202522
:1099F000B3691B0203D59822A3580133A35030004A
:109A000003F062FCA822A3580633A350A14B002206
:109A10009A56D4235343A04A9B18A342A0D12900AD
:109A200000200EF05FF99BE7636A01336362C82B85
:109A300001DDC8236362A36A002B01D10133A36255
:109A4000964BA022A3502025D2E7236A64332362D9
:109A5000C82B01DDC8232362256A2068FFF7A6FD15
:109A600085848F4BA022A3505D25C1E78D4B1B78C9
:109A7000022B00D074E7C82525622068FFF796FD09
:109A8000858402212000FFF7F6FE874BA022A35019
:109A90006B3DADE74423E35C002B02D1834BA02256
:109AA000A35000212000FFF7F1FE814B1B78002B13
:109AB00000D055E720259BE74523E35C002B02D12E
:109AC0007C4BA022A35001212000FFF7DFFE784B42
:109AD0001B78002B00D043E7202589E74623E35C71
:109AE000002B02D1744BA022A35002212000FFF7CB
:109AF000CDFE6F4B1B78002B00D031E7202577E798
:109B00004723E35C002B02D16C4BA022A35003211E
:109B10002000FFF7BBFE664B1B78002B00D01FE731
:109B2000202565E74823E35C002B02D1644BA0228B
:109B3000A35004212000FFF7A9FE5D4B1B78002BEA
:109B400000D00DE7202553E74923E35C002B02D129
:109B50005C4BA022A35005212000FFF797FE544B39
:109B60001B78002B00D0FBE6202541E70A212000CE
:109B7000FFF76EFE002800D1F2E6534BA022A3505F
:109B8000202535E719212000FFF762FE002800D1CB
:109B9000E6E6236A182B04DC4C4BA022A3502025B8
:109BA00026E74B4BA022A350202521E700212000CF
:109BB000FFF77AFE002800D1D2E6464BA022A35040
:109BC0005D2515E701212000FFF76EFE002800D17A
:109BD000C6E6414BA022A3505C23E35C002B00D1DE
:109BE00073E15D230022E2545D2501E7022120009C
:109BF000FFF75AFE002800D1B2E6384BA022A3504E
:109C00005D25F5E603212000FFF74EFE002800D178
:109C1000A6E6334BA022A3505D25E9E604212000EF
:109C2000FFF742FE002800D19AE62E4BA022A35057
:109C30005D25DDE605212000FFF736FE002800D176
:109C40008EE6294BA022A3505D25D1E6B3699B0384
:109C50000CD5002200212000FFF7F4FC002800D1E1
:109C60007EE6224BA022A3502025C1E6012200213E
:109C70002000FFF7E7FC0028F3D171E60000F8FFB1
:109C8000A08A041024BC0410FC7103101472031089
:109C9000307203104B1C0320E8F402204C720310B6
:109CA00068720310B91C00207872031084720310CC
:109CB0008E1C0320A0720310BC720310D872031014
:109CC000F4720310147303103073031048730310FD
:109CD000747303108C730310A0730310AC73031020
:109CE000C4730310E0730310F473031010740310B3
:109CF000052200212000FFF7A5FC002800D12FE657
:109D0000734BA022A350202572E6012203212000DC
:109D1000FFF798FC002800D122E66E4BA022A3504A
:109D2000202565E6052203212000FFF78BFC002893
:109D300000D115E6684BA022A350202558E6012249
:109D400002212000FFF77EFC002800D108E6634BCB
:109D5000A022A35020254BE6052202212000FFF778
:109D600071FC002800D1FBE55D4BA022A35020250B
:109D70003EE6012201212000FFF764FC002800D10B
:109D8000EEE5584BA022A350202531E60522012103
:109D90002000FFF757FC002800D1E1E5524BA0223C
:109DA000A350202524E64A23E35C002B0ED0002597
:109DB00014E013001E339B00195949001951013258
:109DC000032AF6DD4A230122E254F0E70022F7E7F6
:109DD000E9B201222000FFF735FC0135032DF7DD44
:109DE000424BA022A350202502E60022062120009B
:109DF000FFF7B6FC002800D1B2E53D4BA022A350EE
:109E00002125F5E5B26980239B021A40531E9A4131
:109E1000D2B203212000FFF7A3FC002800D19FE568
:109E2000344BA022A3502125E2E500220721200087
:109E3000FFF796FC002800D192E52F4BA022A350FB
:109E40002125D5E5002204212000FFF789FC002808
:109E500000D185E5294BA022A3502125C8E5002289
:109E600005212000FFF77CFC002800D178E5244B79
:109E7000A022A3502125BBE5B26980239B021A4092
:109E8000531E9A41D2B202212000FFF769FC00283C
:109E900000D165E51B4BA022A3502125A8E5B2699E
:109EA00080239B021A40531E9A41D2B208212000FF
:109EB000FFF756FC002800D152E5134BA022A35017
:109EC000212595E500BE202592E55D2590E5C0465B
:109ED000247403104074031054740310707403103E
:109EE0008C740310AC740310C8740310EC7403106A
:109EF0001075031030750310487503106875031052
:109F000088750310A0750310B875031070B50500AF
:109F10000C008A698E4B13408B614B79122B02D057
:109F20008C4B1A408A61A2698B4B1343A3612000BA
:109F3000FFF73CFBC36B9B10C363002D43D028008D
:109F4000FFF734FB4E23C35A002B3CD0A2695202C8
:109F500008D580221205944663449B0094215A58E8
:109F600001325A502000FFF721FB4E23C65A002E23
:109F700035D02800FFF71AFB4E23C15A002920D004
:109F800080231B059C466144890080231B05F31830
:109F90009B00724A9B1A9B109A00D2181002801ADA
:109FA0004002C01A0201121AD200D2185200D3186D
:109FB0001A01D31A12339B00C9184B6801334B6046
:109FC0000DE00021E1E7664B1B78002B07D1A36968
:109FD0005B0204D5614994228B5801338B502000D9
:109FE000FFF7E4FA4E23C35A002B37D0002D6AD076
:109FF000A36902229343A3612000FFF7D7FA4E23FF
:10A00000C35A002B00D17BE08022120594466344A2
:10A010009B0001221A712000FFF7C8FA4E23C05A94
:10A0200000286FD080231B059C466044800004F00C
:10A03000EDFC2000FFF7BAFA4E23C35A002B63D081
:10A0400080221205944663449B00464A00215156E3
:10A05000D4224A43414952189A4257D02000FFF770
:10A06000A5FA2423C15E60793F4BC200121AD200C8
:10A070009B1804229B5E5B42994207DA3A4BC2006E
:10A08000121AD2009B18198B002946D1364BC200F8
:10A09000121AD2009B18D98A200003F051F9FBF75D
:10A0A0001FFF032303402079C01A40B2207100280B
:10A0B00037DD63790A2B3BD036D8012B45D0022BF4
:10A0C00042D14D2335E080221205944663449B0023
:10A0D0002248181A8010820012181102891A4902A7
:10A0E000091A0A01521AD20012185200121811014C
:10A0F0008A1A123292009B185A6801325A6077E726
:10A10000002386E7002092E700239EE7174B1B7889
:10A11000002BA3D0F5F7E4FCA0E7200003F010F932
:10A12000BDE701232371C4E7172B0DD1283300E0CD
:10A13000492380222169E068120602F0E9FF826962
:10A1400080239B021343836170BD3F23F1E7C04628
:10A15000FBBFFFFEFBBDFFFE00041000E8F4022081
:10A160008E1C03204B1C0320A86C04103E1C0320F3
:10A17000F0B5DE4657464E464546E0B583B004008E
:10A180008A4617001D008669730706D403B0F0BC29
:10A19000BB46B246A946A046F0BDFFF707FA242207
:10A1A000835E002BF2DDF60100D51DE12000FFF7F4
:10A1B000FDF94E23C65A002E00D120E180231B0555
:10A1C0009C466644B600B34B1B785BB2002B00D1B3
:10A1D0006D105346002B5ED0A369DB045BD4002FC7
:10A1E0000FD03800FFF7E2F94E23C35A002B08D0F6
:10A1F00080221205944663449B005C229B5C072BE3
:10A2000049D02369E268514609695046C0680BF09D
:10A21000F3F88046AB005B199A009B18D80361796C
:10A220009D4BCA00521AD2009B18996AF0F742FB64
:10A230008146272D00DCE4E04346DB0C9846802372
:10A240001B01434495495A008A46515A1B018022FA
:10A25000520293461340C91A4846E7F7F2FC0190B0
:10A260002000FFF7A3F9036C019A9446634403644A
:10A2700043465B005246995A43461B015A461340D7
:10A28000C91A4846E7F7DDFC80462000FFF78EF943
:10A29000436C43444364002E49D02289D3009B1869
:10A2A0009B007F4A1268D3189A797C2313402C2B89
:10A2B00000D1C4E0FA239B009D4208DA8C23F358B6
:10A2C0009B0700D562E7F36A002B00D05EE7B36A14
:10A2D000002B0ED0012B00D1BBE0E80F401940103D
:10A2E000736A834202DC0022B26218001B1A736296
:10A2F0002D1A336A5B1B336200D5AFE0AC23F750F5
:10A30000A422B3585B19B350642B02DDA423403A56
:10A31000F2502A00642D00DD6422624B0021595660
:10A32000D4234B4360495B18B34200D199E020002D
:10A33000FFF73CF9838C5B1B83842000FFF736F921
:10A340002422835E002B00DC92E0FBF7C9FD6179DB
:10A35000514BCA00521AD2009B180E229B5E9842A3
:10A3600003DAA369DA0100D487E02000FFF71EF9C1
:10A3700021230022C2542000FFF718F905002323EF
:10A38000C356002B03D06379032B00D0FEE6002FC9
:10A3900000D1FBE6BC4200D1F8E67B79032B00D16B
:10A3A000F4E63800FFF72EF94C23E8522000FFF7BF
:10A3B000FDF823236422C254E0886179364BCA0039
:10A3C000521AD2009B185B88984200D0DEE6324BCE
:10A3D000CA00521AD2009B18D988002900D1D5E6AC
:10A3E000200002F0ADFFD1E6002686642000FFF7D2
:10A3F000DDF846642000FFF7D9F80664D6E60026AB
:10A40000E7E62000FFF7D2F82422835EAB4200DBB0
:10A4100012E76369524652699B1A8022D203934223
:10A4200000DC09E7FBF75CFDC00700D404E78023EC
:10A430001B069C46E0444B469B009946FCE62000E8
:10A44000FFF7B4F82422835EAB4200DD32E75D1EE5
:10A4500030E703212800F0F72DFA41E700233362AB
:10A460004CE7143252000A212820E9F7C7FE5EE7C4
:10A4700021003800FFF74AFD88E640221343A3611C
:10A48000054BCA00521AD2009B189989200002F08D
:10A4900057FF6AE76D1C0320A86C04106CB603100C
:10A4A0005C0003204B1C0320E8F4022010B50400DC
:10A4B0008368013B8360002B00D010BDFBF710FDCB
:10A4C00003231840000162680421535E1B1A2169AE
:10A4D0008B4203DA91800423A360EEE7E3681B1A42
:10A4E0009380F8E770B5050083797C2293438371EC
:10A4F00006211420E8F7A4FA040009F01BFC042646
:10A50000A67065600422AB5EE3600423E95E280068
:10A5100008F0D2F810302061A66070BD10B50400BC
:10A520008368013B8360002B0CD143680422995E51
:10A53000C268914207D09A80FBF7D2FC636903405E
:10A540000133A36010BD02699A80FBF7C9FCA369BF
:10A5500003400133A360F5E770B5050083797C22E1
:10A560009343837106211C20E8F76AFA040009F07E
:10A57000E1FB0523A37065600422AB5EE360042366
:10A58000E95E280008F098F8206140236361393BB8
:10A59000A361FBF7A5FC636903400133A36070BDB1
:10A5A0008368013B8360002B08D143680422995ED5
:10A5B000C268914203D09A80436983607047026900
:10A5C0009A8083698360F9E7F8B505000F001600EB
:10A5D00006211C20E8F734FA040009F0ABFB6560A3
:10A5E00067610523A3610133A3700422AB5E23617D
:10A5F0000423E95E280008F05FF8E06023699842D0
:10A6000008D0AB797C229343AB71002E05D0012397
:10A61000A360F8BD0023E360F3E7FBF761FC0723C9
:10A6200003400133A360F4E770B5050001246442E0
:10A630002100280008F020F8041E0DDB074B1868E5
:10A64000E3001B199B00C018C38A002BF0D1002225
:10A650002321FFF7B9FFEBE770BDC0465C00032084
:10A66000F0B5C64600B506001C4B1C6800251EE070
:10A670000137A389BB4216DD194B1868238BDB1900
:10A68000184A12685B009A5AD3009B1A5B00C018E4
:10A69000210007F0F3FE0028EAD00422835E434540
:10A6A000E6DA9846E4E74346A380013524340E4BAE
:10A6B0001B88AB420EDD0A23E25E317A737A1B02FD
:10A6C0000B431B041B149A42EFD10422A35E98464D
:10A6D0000027CEE780BCB846F0BDC0465C00032032
:10A6E0005CE5022054E50220041C0320F0B5C646B8
:10A6F00000B5060088461C4B1C6800251EE001378B
:10A70000A389BB4216DD194B1868238BDB19184A45
:10A7100012685B009A5AD3009B1A5B00C018210094
:10A7200007F0ACFE0028EAD00422835E4345E6DD54
:10A730009846E4E74346A380013524340D4B1B883B
:10A74000AB420EDD0A23E25E317A737A1B020B43C1
:10A750001B041B149A42EFD14346002BEAD1474613
:10A76000CEE780BCB846F0BD5C0003205CE502206B
:10A7700054E50220041C032003695A1C02D0012B5B
:10A7800010D0704742689388083B93804268042148
:10A79000535E81688B42F4DC9BB2083393800123C3
:10A7A0000361EEE74268938808339380426804218E
:10A7B000535EC1688B42E4DB9BB2083B938001236C
:10A7C0005B420361DDE770B5040006211420E8F761
:10A7D00037F9050009F0AEFA6C600423E15E200051
:10A7E00007F06AFFA8600422A35EEB600823AB7049
:10A7F000093B2B61A3797C229343A37170BD0000B8
:10A80000827AC37A1B0213431B041B145A1C0ED0FA
:10A81000084A10685A00D3189B00074A1268D318D8
:10A820000A229A5ED3009B189B00C0187047002034
:10A83000FCE7C0465C000320CC010320027B437B85
:10A840001B0213431B041B145A1C0ED0084A106829
:10A850005A00D3189B00074A1268D3180A229A5E3E
:10A86000D3009B189B00C01870470020FCE7C0462F
:10A870005C000320CC01032010B58269054B1A420D
:10A8800000D110BD044B054A7C210548FF31EEF78D
:10A8900003FEC046010000108C320310DCBC041023
:10A8A000A432031010B58269074B1A4207D04179D0
:10A8B000064BCA00521AD2009B18186A10BDFFF747
:10A8C000DBFF806BFAE7C04601000010A86C0410A3
:10A8D00070B5040083695B0701D4012070BDFFF7E8
:10A8E000E1FF05001A4B1E683000FFF7DBFF281858
:10A8F000E368184A12689B1ADA179B185340834280
:10A900001EDA2369144A12689B1ADA179B185340FF
:10A91000834217DAA64217D03000FFF7ADFF4E236F
:10A92000C35A002B04D10D4B1B785BB21E2B0DD1EB
:10A930000B4B320031002000FFF71AFC0120CDE75D
:10A940000120CBE70120C9E70120C7E70020C5E7C8
:10A95000B8080320BC080320C40803206B1C032094
:10A960001027000010B58269074B14001C401A42E2
:10A9700002D00024200010BDFFF77EFF4E23C35AF3
:10A98000002BF7D00124F5E70100001010B5826913
:10A99000074B1A4207D04179064BCA00521AD2001F
:10A9A0009B18586A10BDFFF767FFC06BFAE7C046F7
:10A9B00001000010A86C041010B51B4B1B68002B85
:10A9C00002D1194B194A1A60194B1B68C01A401062
:10A9D000C3001B189A019B18DB001B18DA039B1895
:10A9E000DB001B185B425A01D31A5B000E4A126847
:10A9F0009B18104A11680D290ED008DC0A00093A8C
:10AA0000032A0CD809390C4A89008B5010BD0E2935
:10AA100005D10A4A1370F9E7094A1370F6E70948A5
:10AA2000F0F7F6FFF2E7C0467C1F0120989CC001BA
:10AA30005CE5022028F2022090080320951C0320E8
:10AA40004C1C0320D4750310F8B504005E4BD86885
:10AA50005E4B1968227863781B0213431B049B1317
:10AA6000CD18CA5C6B781B0213431B0498420EDCA2
:10AA7000A678E27812023243120492138F188E5C89
:10AA80007A78120232431204904200DC8CE04E4A83
:10AA9000926893420DDCA078E3781B0203431B0409
:10AAA0009B13CE18C85C73781B0203431B049A42A5
:10AAB0007CDA454B1868AB78EA7812021A43120424
:10AAC00090420DDCA578E3781B022B431B049B13FB
:10AAD000CB189D78DB781B022B431B04984267DD63
:10AAE000394B586882420DDCA278E3781B0213438D
:10AAF0001B049B13CB189A78DB781B0213431B04AF
:10AB0000984257DA3048210001F0B2FC013053D1AD
:10AB10002000FFF793FE002850D02D4B1868836962
:10AB2000DB030FD4227963791B0213431B041D142A
:10AB3000DB0301D5002040E0FFF714FF002801D11E
:10AB4000AD073DD4200001F0EFFE224B1B68224AE6
:10AB50001268934203DA204A1360204B1C60204B9A
:10AB60001B68204A1268934201DD1E4A13601E4B87
:10AB70001B681E4A1268934201DA1C4A13602000C7
:10AB80000AF0AAFE00281DD019490B68194A98003E
:10AB9000845001330B60082B01DC01200DE0200004
:10ABA000FFF70AFF012008E0012006E0012004E091
:10ABB000012002E0012000E00120F8BD0020FCE7B8
:10ABC0000020FAE70120F8E790080320700903202D
:10ABD000B808032070F20220A0080320AC22012054
:10ABE00068F20220AC08032064E60220A4080320D7
:10ABF00028F20220C4040320F0B5C64600B50400C4
:10AC00008669730703D1012080BCB846F0BDFFF709
:10AC100049FE05006F4B1F683800FFF743FE2818F8
:10AC2000E3686D4A12689B1ADA179B1853408342F7
:10AC300000DBC7E02369694A12689B1ADA179B1880
:10AC40005340834200DBBFE0A74200D1BEE0BB69B6
:10AC5000DA010AD4DB033ED4F30700D5A3E00220D7
:10AC6000304043425841C0B2CEE7FBF739F9C31731
:10AC70005B0FC01807250540ED1A0135554E3168A8
:10AC80004B79574FD800C01AC00038182C30002319
:10AC9000C3566B430A002000FFF76AFA3468A369C1
:10ACA000504A1340A3612000FFF7E6FD00258564AC
:10ACB0002000FFF7E1FD45642000FFF7DDFD05649E
:10ACC0006279D3009B1ADB00FF187988200002F01C
:10ACD00037FB002098E77D69636998462000FFF7FD
:10ACE00055FE4044854201DD01208DE73800FFF725
:10ACF0004DFE2D18A84501DD012085E73800FFF73E
:10AD0000BBFD4C23C35A002B0BD0802212059A188E
:10AD10009200527961798A420DD0112A09D00F2A06
:10AD200014D0730715D40220304043425841C0B2BA
:10AD30006AE70F29F3D180221205944663449B00F1
:10AD40009C4245D00029ECD000205DE71129E8D1D4
:10AD5000F1E7FBF7C5F8C217520F8018072303402D
:10AD60009B1A01331B4A156868791D4AC100091AEC
:10AD7000C90052182C32002696575E432800FFF770
:10AD80007BFD4C23C35A002B0BD080221205944626
:10AD900063449A00330029002000FFF7E9F90020FE
:10ADA00032E70022F6E7022535400F4B1B681B05F2
:10ADB00003D46B425D41E8B226E739002000FEF77C
:10ADC000C1FDF6E701201FE701201DE701201BE779
:10ADD000012019E7B8080320BC080320C408032099
:10ADE000A86C0410FFFFFFFEA808032070B5040044
:10ADF0000379002B00D100BEA5682B795B0719D41D
:10AE00001C4B1B681969D8682A0001F09DFA0028BC
:10AE10002BD12268184B1B689A4228DA174A136014
:10AE2000174B184A116819602168134B1960156097
:10AE3000002070BD280001F077FD0E4B1E68300029
:10AE4000FFF7A4FD104B1B689842E2DC72690F4BC0
:10AE50001B689B1A9842DCDC0D4B1B689B1AC022B6
:10AE600052039342D5DC0120E3E70120E1E7002013
:10AE7000DFE7C046EC0103208C1F012054000320B3
:10AE800058000320901F01206CF2022070F2022073
:10AE900068F20220F8B504000579002D57D08568C6
:10AEA0002B795B0702D400252800F8BD280001F0AB
:10AEB0003BFD494B1A68494B1B689A4201DB002550
:10AEC000F2E72168464B1868E6F7BBFE060028004B
:10AED000FFF7B4FC041E08D02800FFF791FC002304
:10AEE000C25E0021635E9A420DD03B4A3D4B106822
:10AEF0001B68C01A3100E6F7A9FE3B4B1B68834272
:10AF000001DA394B18602800FFF798FC041E08D0BE
:10AF10002800FFF775FC0223C25E0221635E9A429D
:10AF20000DD02E4A2F4B10681B68C01A3100E6F76F
:10AF30008DFE2E4B1B68834201DD2C4B18602B4B82
:10AF40001A68294B1B689A423FDC0025ACE78668EB
:10AF5000274B1B68B3423AD0B3695B0701D4012584
:10AF6000A2E701681E4B1868E6F76BFE07007469DC
:10AF70003000FFF70BFD24181A4B1868201A39000F
:10AF8000E6F764FE0400184B1B68834201DD0125CF
:10AF90008AE77069134B1B68C01A3900E6F756FE42
:10AFA000124B1B68834214DBA34200DB23000E4AD2
:10AFB0001268824200DC02009B18DA0FD3185B1083
:10AFC0000C4A13600C4B1E606EE701256CE70125EF
:10AFD0006AE7012568E7C04668F2022070F20220A5
:10AFE000741F0120C4010320F81F0120D008032092
:10AFF000C0010320501F0120E0E50220F8B5DE4625
:10B0000057464E464546E0B504000579002D11D15E
:10B010008668984B1B68B34200D128E1B3695B078F
:10B0200000D5B5E001252800F0BCBB46B246A946D4
:10B03000A046F8BD856828000AF04EFC002848D1DB
:10B040002B795B074BD424688B4B9846196880207A
:10B05000C002E6F7FBFD241A884E3768B06821006D
:10B06000E6F7EFFD3F1873689946F0682100E6F7B0
:10B07000E8FD48440600824B1B6899464346196820
:10B080002000E6F7DEFD01004846E6F7DAFD7D4BDD
:10B090001C6804192800FFF7B3FB037A7A4A127878
:10B0A000904693420ED10222835E9B03A34200DAB4
:10B0B000D9E02800FFF7C2FB002803D0037A9845A7
:10B0C00000D1D2E022003100380002F02BFF002531
:10B0D000A9E7684B1868290007F03EFDB0E7280093
:10B0E00001F022FC2168644B1868E6F7AAFD07000E
:10B0F0002800FFF7A3FB061E22D02800FFF780FBE5
:10B100000023C25E0021735E9A4234D12800FFF70B
:10B1100077FB0223C65E2800FFF790FB0222835EC6
:10B120009E420BD0594A574B10681B68C01A390011
:10B13000E6F78CFD524B1B68834284DC012572E7E5
:10B14000534A504B10681B68C01A3900E6F77EFD61
:10B150004B4B1B68834200DA75E74C4A494B106839
:10B160001B68C01A3900E6F771FD454B1B68834226
:10B1700000DD68E7E2E7464A424B10681B68C01AE8
:10B180003900E6F763FD3E4B1B688342BEDA5AE79F
:10B190000168394B1868E6F754FD8046776930003E
:10B1A000FFF7F4FB3F18374B1868381A4146E6F7AB
:10B1B0004DFD334B1B68834201DD012533E7706988
:10B1C000304B1B68C01A4146E6F740FD2C4B1B680C
:10B1D000834201DA012526E72768274B9A4619683A
:10B1E000A0200003E6F732FD3F1A244B98461B6867
:10B1F0009946434698683900E6F723FD8144434663
:10B200005B689B464346D8683900E6F71AFD584408
:10B2100080461B4B1B689B46534619683800E6F76F
:10B2200010FD01005846E6F70CFD164B1A6882180F
:10B23000A3689B691B030FD54146484602F072FE86
:10B24000144B1B68002B00D1EDE60A4A11680A0076
:10B250003000FEF78DFFE6E60E4B1B684146484680
:10B2600002F08EFEECE70025DDE60025DBE6012599
:10B27000D9E6C046C0010320741F0120F008032056
:10B28000501F0120C4010320B41C032070F20220CF
:10B2900068F2022004E0022010B5040080680AF081
:10B2A0001BFB00280FD1A06801F03EFB0F4B1B6871
:10B2B000002B01DD012017E00D4B186851210CF027
:10B2C000BBFD002010E00A4B1B68A2681969D86812
:10B2D00001F03AF80200012800D00022A168044BD6
:10B2E000186808F0C7F8002010BDC0466CF20220B4
:10B2F00064090320F8B5040083695B0720D543790E
:10B30000152B1DD0132B1BD0C568184B1E68F36876
:10B31000ED1A036932699B1ADA179B185340EA1732
:10B32000AD1855409D4200DA1D002000FFF7BAFA23
:10B330002D1A2F14002D05DB0D4B1B78BB4203DCAF
:10B340000120F8BD0027F7E73100200006F00EFFCE
:10B350000028F5D0064B1B78DB1B064A1268034910
:10B3600009682000FEF704FFEAE7C046F01F01204D
:10B37000411C0320EC1F0120F8B5DE4657464E461F
:10B380004546E0B580468A469346584B1860826928
:10B39000574B1A60574B1960574B5A461A60FFF7C4
:10B3A00081FA5844554C20604046FFF77BFA5B46D3
:10B3B000181A60604046FFF775FA5044E060404656
:10B3C000FFF770FA5346181AA060594650460AF023
:10B3D0007FF94B4B00221A604A4B196800884300E2
:10B3E0001B189B0048480068C0188579C3791B0268
:10B3F0002B431B041D145B135B1B5B00434D2D682B
:10B40000ED18067A437A1B0233431B041B140433E2
:10B410005B00ED18A878EB781B0203431B0418149B
:10B42000DB131B189B003A480068C3180A20185EFB
:10B43000C3001B189B00C818CB5E9B0335490B60EB
:10B4400035490B600221435E9B0334490B6034494C
:10B450000B7801330B70334B1A60A568324B1A68B6
:10B46000AD1A324B9C466544ED15E3689B1A802269
:10B47000920394466344DB15994667682C4B1B681E
:10B48000FF1A2A4A94466744FF152668F61A802355
:10B490009B039C466644F6154D4513DC3C0000E0DA
:10B4A0000134B4420CDC234A2100280001F060FC86
:10B4B0000028F5D1F0BCBB46B246A946A046F8BD6F
:10B4C0000135E9E74046FFF7D7F9134B1B680363E3
:10B4D0004046FFF7D1F9114B1B6843635A4651466A
:10B4E000404601F07DFB0120E4E7C046B808032098
:10B4F000A8080320BC080320C408032090080320E8
:10B50000AC2201205C000320600003205CE50220E7
:10B51000CC010320A4080320AC080320A0080320CA
:10B52000581F002028F20220A41F01200000E0FF85
:10B53000A81F0120D1A80110F0B5C64600B505002E
:10B540000E001700624B18608369624C2360624BE7
:10B550001960624B1A60FFF7A5F9C019604B984655
:10B5600018602800FFF79EF9381A434658602800F3
:10B57000FFF798F980194346D8602800FFF792F941
:10B58000301A43469860390030000AF0A1F8554B54
:10B5900000221A60544B1968008843001B189B0056
:10B5A00052480568ED18A879EB791B0203431B0488
:10B5B00018145B131B1A5B004D480068C0182E7AE4
:10B5C0006B7A1B0233431B041B1404335B00C31848
:10B5D0009878DB781B0203431B041814DB131B1839
:10B5E0009B0044480068C3180A20185EC3001B185B
:10B5F0009B00C818CB5E9B033F490B603F490B6023
:10B600000221435E9B033E490B603E490B780133A8
:10B610000B703D4B1A602368DB0455D4304A9668A2
:10B620003A4B1968761A3A4B9C466644F615D3682D
:10B630005B1A802189038C466344DB159846556864
:10B64000344B1B68ED1A32498C466544ED1517687A
:10B65000FF1A80239B039C466744FF1546450DDC7B
:10B660002C00BC4208DC2C4A2100300001F080FB99
:10B6700000282AD00134F4E70136EFE70AF010FA87
:10B68000174B9E68214A1168761AF615DA68521A25
:10B69000D21590465D681F4A1268AD1AED151F68F5
:10B6A000BF1AFF1546450DDC2C00BC4208DC1B4AC6
:10B6B0002100300001F0A0FA002806D00134F4E7A0
:10B6C0000136EFE7012000E0012080BCB846F0BD64
:10B6D000B8080320A8080320BC080320C4080320DE
:10B6E00090080320AC2201205C00032060000320AE
:10B6F0005CE50220CC010320A4080320AC08032051
:10B70000A0080320581F002028F20220A41F0120B7
:10B710000000E0FFA81F0120F9AB011049AA0110A9
:10B72000F0B5D6464F464646C0B504000D0016009B
:10B730004F4B00221A703200FFF7FEFE002800D1A6
:10B740008AE0A769FB042FD44A4B1B6899464A4BF1
:10B750001B6898464B4642469B1A9A462000FFF7C4
:10B7600015F9824500DA7CE0414B01221A708023F2
:10B770001B023A001A4092461F4231D05346002B1A
:10B7800006D163694246D31AC022520393426ADC4F
:10B790008823DB011F4207D1384B1B684246D31A6E
:10B7A000C0225203934260DCE368984623699946BD
:10B7B0002000FFF761F8304B1B6803632000FFF7A0
:10B7C0005BF82C4B1B68436332002900200001F01A
:10B7D00007FAA26990231B021A420CD001203BE019
:10B7E00063694A46D31A99462000FFF7CFF881458E
:10B7F000C4DA002030E022490A68531E0B60002A98
:10B8000029D0204A9B009F582169E0683A0000F047
:10B810009BFD06003A004946404600F095FD0500B4
:10B820008642E8D038000AF057F80028E3D0164BDB
:10B830001B68FB1A5B10DA00D21891015218D20073
:10B84000D218D0031018C000C018404222002900AE
:10B8500006F058FFCFE70120E0BCBA46B146A84643
:10B86000F0BD0020F8E70020F6E70020F4E7C0462E
:10B87000661C0320A0080320AC080320A4080320B2
:10B8800028F20220C40403205CE50220F0B5C6467D
:10B8900000B50400456982694D4B1A424DD00289BA
:10B8A000D3009B189B004B4A1268D35E9B03ED1A92
:10B8B0006B425D41EDB22269E1682000FFF73CFE7A
:10B8C000A369434A13423CD08022D20113405A421A
:10B8D0005341DDB2002D46D0A2693D4B1A423DD006
:10B8E0002289D3009B189B003A4A1268D35E9B03BF
:10B8F0006361A269364B16001E401A425BD0228952
:10B90000D3009B189B00334A1268D31802255D5F51
:10B91000AD03002E54D02289D3009B189B002D4AE2
:10B920001268D35E9B03ED1A2000FFF72FF88542C3
:10B930004BDB012080BCB846F0BDFEF79DFF036BDA
:10B94000B5E72000FEF798FF234B1B680363200038
:10B95000FEF792FF214B1B684363BBE72000FEF715
:10B960008BFF036BC4E767692000FFF70FF8060041
:10B970003F18A269164B1100194088461A4211D08F
:10B980002289D3009B189B00124A1268D318022503
:10B990005D5FAD03AF42ACDD4346002B07D0AD1B6E
:10B9A0006561A6E72000FEF767FF456BF2E7200020
:10B9B000FEF762FFF3E72000FEF75EFF456BA8E7A6
:10B9C0002000FEF759FF036BADE70020B2E7C04649
:10B9D000010000105C000320AC080320A008032035
:10B9E000F8B50400FFF752FF002855D1A5692B4B8D
:10B9F0001D4235D0AB034CD46D074DD5284B0122E9
:10BA00001A70284B1B78002B46D0274B1B689B07CE
:10BA100042D10A23002200212000FEF7A9FBE6689C
:10BA2000276965692000FEF7B1FFC30F1B185B1083
:10BA3000EA1826233900300001F06AFB0500FAF706
:10BA400075FA04002800FEF717FF24030464FAF7D0
:10BA50006DFA04002800FEF70FFF240344641BE086
:10BA60002000FEF709FF2422835E002BC2DC0F4971
:10BA7000200001F065FCA36902229343A36120002A
:10BA8000FEF7FAFE0025C5632000FEF7F5FE85638C
:10BA900002E0200001F018FC0120F8BD01000010B8
:10BAA000951C03204C1C032044E102207F0300006E
:10BAB000F8B5CE46474680B50400584B1968037860
:10BAC000427812021A43120492138A189378D0789B
:10BAD0000002184300040014A578E3781B022B43EE
:10BAE0001B049B13CB189D78D978090229430904BC
:10BAF0000914884200D183E01178527812020A4377
:10BB00001204121419785B781B020B431B041B14DC
:10BB10009A4200D178E0424B1B681969D86822002C
:10BB200000F012FC06003D4B1968A278E3781B0276
:10BB300013431B049B13C818CB5C427812021A43B0
:10BB40001204257863781B022B431B049B13CC182B
:10BB5000CB5C61780902194309048578C3781B021C
:10BB60002B431B04A578E0780002284300041B1A2D
:10BB7000521A0021002009F03FFC0500012E47D099
:10BB8000284B1B68284A12680021002009F034FC69
:10BB9000401B80221206904201D994466044ED0C6D
:10BBA000C40C204E3168204F386800F0BDFB802364
:10BBB0001B01E3181D4C5A00115B1B01802252022D
:10BBC00090461340C91AE6F73CF8814680231B01D2
:10BBD000EB185A00115B1B0142461340C91AE6F7E5
:10BBE00030F838606B00195B2D0143461D40491B3E
:10BBF0004846E6F726F83060C0BCB946B046F8BD06
:10BC0000084B00221A60F7E7074B00221A60F3E79F
:10BC100080231B069C466544B2E7C046700903209A
:10BC2000EC010320C8080320C00803206CB60310F1
:10BC3000F0B5DE4657464E464546E0B585B00400B1
:10BC4000744B186000239A4677E0E6682000FEF700
:10BC500029FE331A9846361884E025692000FEF73D
:10BC600021FE2B1A99462B18039387E0E5682000E4
:10BC7000FEF702FE016C226969182000FFF750FDF3
:10BC800026E02000FEF7F8FD006C2900E5F7D9FF5B
:10BC900005002000FEF7F0FD5F4B1968406CE5F7EA
:10BCA000D0FFE1682269121849192000FFF738FD1A
:10BCB000002800D09FE0E66825692000FEF7DCFD43
:10BCC000426CAA1831002000FFF72AFD0028CDD0D1
:10BCD00005B0F0BCBB46B246A946A046F0BD4E4BEF
:10BCE0001D68002DF4DD2000FEF7C6FD006C290064
:10BCF000E5F7A7FF494D28602000FEF7BDFD464B44
:10BD00001968406CE5F79DFF454E3060454B18685B
:10BD1000FFF7CEFE2000FEF7AFFD2D680564200082
:10BD2000FEF7AAFD32684264E36821695218E918F7
:10BD30002000FFF7F5FC0028CAD101239C46E2440D
:10BD40005346032BB7D02000FEF796FD0500036C89
:10BD5000002B00DC79E7E6682000FEF7A3FD33182E
:10BD60009846361A6B6C002B00DC76E725692000BC
:10BD7000FEF798FD2B1899462B1A0393264F2A4B52
:10BD80003B602000FEF778FD026C436C4B4442445C
:10BD900026498B460191012500954946404601F010
:10BDA0005DF82000FEF768FD026C436C4B4492196D
:10BDB0005946019100954946300001F04FF82000A6
:10BDC000FEF75AFD026C436C03998C46634442446F
:10BDD000584601900095404601F040F83D68124BEE
:10BDE0009D4200D167E7124B9C4665440A4B1D609B
:10BDF000002D00DD45E7084A1168F8231B025B1A95
:10BE0000136080225202934200DC68E7024B1A6002
:10BE100065E7C046EC0103208C1F0120C008032009
:10BE2000C8080320901F012001000100EDAD0110A2
:10BE300000F8FFFFF0B5CE46474680B583B00C0052
:10BE4000160002F003F9E10C274B1860C7683214A2
:10BE500080231B01CB18254D5C00645BA1461B01B0
:10BE6000984680235B029C4644461C4023004C4677
:10BE7000E41A54433C19036998464B005D5B090181
:10BE8000634619406D1A5543454443699946FEF788
:10BE90007DFD401003004B4480221203944663440E
:10BEA000134A1360134BA02212021A60124B134A5A
:10BEB0001A60134B1E60134E00233360124B019324
:10BEC000032300932B0022004146380000F0C6FFF8
:10BED0003368002B06D00D4B186803B0C0BCB946C0
:10BEE000B046F0BD0020F8E7C00103206CB6031097
:10BEF000C4010320D0080320F81F01200060FFFFC9
:10BF0000741F0120E0E5022095AE0110501F0120B2
:10BF1000F0B5DE4657464E464546E0B583B01500BF
:10BF20009846C90C224B1860224B0C9A1A60C768BD
:10BF30002A1480231B01CB181F4C5E00A146345BE2
:10BF40001B0180267602B4463340E41A5443A346CC
:10BF5000BB4406694B004C461B5B0901644621400B
:10BF60005B1A53439946B14443699A46FEF70EFD66
:10BF700040100300534480221203944663440F4A46
:10BF800013600F4B1D600F4B42461A600E4B01931E
:10BF9000032300934B465A463100380000F05EFF01
:10BFA00003B0F0BCBB46B246A946A046F0BDC046B1
:10BFB000C001032004E002206CB60310C40103207A
:10BFC000741F0120501F0120FDAF011070B582B019
:10BFD0000468124B1C602000FEF74EFCC36ADB0CA9
:10BFE000E0682169802212019C180D4D6200525BAD
:10BFF0002401802676023440121B920112185C0044
:10C00000645B1B013340E31A9B015B18054C0194F0
:10C010000124009400F022FF02B070BD64090320E7
:10C020006CB6031099B20110F0B5C64600B5140401
:10C0300003691D19144E3668AD1BED15A8461D1B6E
:10C04000AD1BED15C3681F19104E3668B446BF1BF3
:10C05000FF151E1B6346F61AF6150D4B18600D4BA7
:10C0600019600D4B1A7008E00C4A2900200000F0FE
:10C070007FFE0134BC42F7DD0135454501DC34006B
:10C08000F8E780BCB846F0BDA81F0120A41F01201E
:10C09000F01F0120EC1F0120411C0320F5B201100C
:10C0A00070B505000C4B00221A700C4B1970867C81
:10C0B00009E00B4A2100300000F05AFE01342B7CCD
:10C0C000A342F6DA0136EB7CB34201DB6C7CF6E787
:10C0D000014B187870BDC046951C03204C1C0320F2
:10C0E000E1B90110C30704D54008054B185C0009ED
:10C0F00070474008024B1B5C0F201840F8E7C04611
:10C1000030BF0410827AC37A1B0213431B041B1432
:10C110005A1C0ED0084A10685A00D3189B00074AD0
:10C120001268D3180A229A5ED3009B189B00C0188D
:10C1300070470020FCE7C0465C000320CC010320D0
:10C14000027B437B1B0213431B041B145A1C0ED09F
:10C15000084A10685A00D3189B00074A1268D3187F
:10C160000A229A5ED3009B189B00C01870470020DB
:10C17000FCE7C0465C000320CC01032030B51C4B1B
:10C1800019680378427812021A43120492138A182B
:10C190009378D47824021C43240424148578C3782B
:10C1A0001B022B431B049B13CB189878D9780902E8
:10C1B0000143090409148C4213D0107852781202FA
:10C1C00002431204121418785B781B0203431B0409
:10C1D0001B149A4207D0091B9B1A594005D4022010
:10C1E00030BD0020FCE70120FAE70320F8E7C04655
:10C1F0007009032070B5002500220AE0401BC21719
:10C20000032313401B189B109B00F15025E00132C3
:10C210001D00124C53009B189B001B59002B1CD077
:10C220005B198342F3DD0D4B5400A418A4001B19C5
:10C230005E68002E11D0094B5400A21892009B1882
:10C240001B7A002BDAD0451BEB0F5B195B105A00F1
:10C25000B152090C01335B00F15270BD1CBD0410DA
:10C2600070B50D00802800DC70BD813844002418B2
:10C27000A40009682000FFF7BDFF2979201DFFF702
:10C28000B9FFA96820000830FFF7B4FFECE7000011
:10C2900010B500280FD0094A094BC318934204D89F
:10C2A000830702D18003000C10BD064B064A0748E5
:10C2B000CC21EDF7F1F80020F6E7C046FCFF0300C3
:10C2C000FCFFFFDF141A0310F4BC0410385C0310E9
:10C2D00010B58269054B1A4200D110BD044B054AC6
:10C2E0007C210548FF31EDF7D7F8C046010000106A
:10C2F0008C320310E8BC0410A432031010B582691C
:10C30000074B1A4207D04179064BCA00521AD20095
:10C310009B18186A10BDFFF7DBFF806BFAE7C04679
:10C3200001000010A86C0410C317C0185840CB17A8
:10C33000C9185940884203DB40184910401A704719
:10C3400041184010081AFAE7F8B50D001600474BDF
:10C350001A68317873781B020B431B049B13D118A6
:10C36000D45C4B781B0223431B041B14B778F4786E
:10C3700024023C432404A4131719145D7A78120292
:10C38000224312041214934217D08C78A446CC781E
:10C39000240261460C4324042414B978FF783F0238
:10C3A0000F433F043F14BC4231D12404AC4229DB8B
:10C3B0000120934257DC002055E01B04834210DB30
:10C3C000BB78FA7812021A43120412148878CB78D8
:10C3D0001B0203431B041B1401209A4243DC002070
:10C3E00041E0BB78FA7812021A43120412148878DA
:10C3F000CB781B0203431B041B1401209A4232DB3F
:10C40000002030E0012093422DDB00202BE01B04B4
:10C41000C11A24042D1B3F043F1B3814E5F711FCFF
:10C420000400124B1A68B178F3781B020B431B040B
:10C430009B13D118D35C4978090219430904307859
:10C4400073781B0203431B049B13D018D25C437800
:10C450001B0213431B04C91A09142800E5F7F1FB5A
:10C46000844201DC0120F8BD0020FCE770090320B4
:10C47000F0B5C64600B505000C000800FFF77EFECB
:10C48000022800D18EE040DC00284ED001283AD1AD
:10C49000EB6898464D4B1A68207863781B0203437B
:10C4A0001B049B13D718D05C7B781B0203431B042F
:10C4B0000126984500DB0026F6B2AD680120AB42AC
:10C4C00000DC0020C0B2A178E47824020C432404EC
:10C4D000A41312199178D47824020C432404241450
:10C4E000BA789446FA78120261460A43120412148A
:10C4F000944262DA4246D617D80F9A424641EA176A
:10C500009D42504159E0002659E003280BD129688B
:10C51000E8682200FFF718FF06006968A868220093
:10C52000FFF712FF49E0002649E02B689C46274BA5
:10C530001F68227863781B0213431B049B13FB18AC
:10C540009A78D97809021143090401268C4500DC48
:10C550000026F6B26D680120A94200DB0020C0B2BF
:10C56000A2789046E27812024446224312049213C3
:10C57000BC18A046BC5C4246527812022243120408
:10C5800012141C785B781B0223431B041B149A4271
:10C5900013DD6346DE0FC81799424641EB0FA942EF
:10C5A00058410AE02968A8682200FFF7CDFE06007E
:10C5B0006968E8682200FFF7C7FE864203D13000B1
:10C5C00080BCB846F0BD01267642F8E7700903202A
:10C5D00070B514009368002B0AD11368834204DB02
:10C5E000D368D817C01AC00F70BDD068C00FFBE762
:10C5F000D268002A08D162688A4201DBD80FF3E7CB
:10C60000D817C01AC00FEFE72568401B65684D1B9F
:10C61000534043406B4005D5424001D40020E3E73E
:10C620000120E1E701121012E5F70BFB0600A168FB
:10C6300009122812E5F705FB864201DC0120D3E749
:10C640000020D1E770B5027843781B0213431B0426
:10C650009B13264A1468E518E45C6B781B0223439D
:10C660001B040B601268047843781B0223431B04ED
:10C670009B13D3189C78DB781B0223431B044B606D
:10C680008478C3781B0223431B049B13D518D45C06
:10C690006B781B021C432404057843781B022B4350
:10C6A0001B049B13D618D55C73781B022B431B0409
:10C6B000E31A8B608478C3781B0223431B049B130B
:10C6C000D3189C78DB781B0223431B040478407842
:10C6D000000220430004801312189078D2781202CE
:10C6E000024312049B1ACB6070BDC0467009032040
:10C6F000F8B505000C00C868A9680012E5F7A1FAB2
:10C700000600A068E9680012E5F79BFA371A86422E
:10C7100001D13800F8BD20682B68C01AE16800120A
:10C72000E5F78FFA060068686368C01AA16800120E
:10C73000E5F787FA30183900E5F788FA0700E8E7E7
:10C74000F0B585B00400414B9B68802252039342B0
:10C750000ADC3E4AD268802149038A4204DC3C4913
:10C760008B4201DB8A4258DA227863781B0213433A
:10C770001B049B13374F3968CA18CB5C50780002F2
:10C7800018439378D17809021943304D0904000405
:10C790002A00FFF71DFF0600A278E3781B0213436F
:10C7A0001B049B133968CA18CB5C507800021843ED
:10C7B0009378D17809021943090400042A00FFF78D
:10C7C00007FF86423AD069462000FFF73BFF1F482B
:10C7D0006946FFF78DFF051E32DB1F4B1B78002BD0
:10C7E00008D080235B02984204DA2000FFF7A8FCFF
:10C7F000002827D0194B1A68194BD31AC021C90039
:10C800008B4221D01560154A1368012119719C6073
:10C810000C331360012005B0F0BD0C4D6968286829
:10C820002200FFF791FD06002868AB686968EA6896
:10C830008918C0182200FFF787FDC2E70120EAE748
:10C840000120E8E70020E6E70020E4E7F008032005
:10C850000000F0FF700903205F1C0320A4D7022012
:10C86000A8D70220F0B5D6464F464646C0B584B09C
:10C8700005002A4A9368D2685340002B44DDC768FC
:10C88000FFF73CFD3B1A99462C6906193F18241AFC
:10C89000224B9A461A0031004846FFF799FE80461F
:10C8A000524621003800FFF793FE804525D04B46C5
:10C8B00000930196FF1A0297A41B03941748694638
:10C8C000FFF716FF002818DB154C23681860216855
:10C8D00000230B718D60134A8A1A921093009B18E3
:10C8E00018011B1818021B1818041818400080188B
:10C8F000FFF7B6FC23680C332360012004B0E0BCD2
:10C90000BA46B146A846F0BDC768FFF7F7FC3B1A28
:10C9100099462C69261A3F180419B9E7F008032034
:10C92000A4D70220A8D7022070B50400027B437B65
:10C930001B0213431B041B14013324D0FFF7E2FB3B
:10C9400005002000FFF7FCFB0223EA5E0221435EA4
:10C950009A421CDA9203144B1A600023EA5E00210B
:10C96000435E9A4217DD9203104B1A600022835EE9
:10C970009B030F4A13600C4B0C4A1B6812689B1AEE
:10C980000C4A136070BD0B4B00221A60FAE79B0340
:10C99000054A1360E1E79B03044A13600022AB5E83
:10C9A0009B03034A1360E6E770F2022068F202205C
:10C9B00064E602206CF2022010B583691B0716D4CE
:10C9C0000289D3009B189B00264A1268D2181432A1
:10C9D00001E01C331A001388002B08D080210905C0
:10C9E0008C4663449B009842F3D19B8B13808369F0
:10C9F000DB062ED4C2681C4B1B68D21AD4150369FF
:10CA00001A4909685B1ADB15002A1FDB184A1188CE
:10CA1000A1421BDD002B19DB164A12889A4215DD54
:10CA2000154A12684B431B195B00D2181388002B60
:10CA30000FD0802109058C4663449B00984202D0A8
:10CA40001E331A00F2E7DB8B138002E0C38B002B4E
:10CA500000D110BD094B0A4ACE210A484900ECF723
:10CA60001BFDC0465C000320A41F0120A81F01205D
:10CA7000E01B0320DE1B0320981F012020760310FB
:10CA800004BD041034760310F8B504000169C068D1
:10CA900008F01EFE494B1968494B1A68494B1D683E
:10CAA00003885E00F618B600AE19B779F3791B0259
:10CAB0003B431B041F145B13DB1B5B00D318377A4B
:10CAC000767A36023E4336043614043676009B19D5
:10CAD0009E78DB781B0233431B041E14DB139B1967
:10CAE0009B00CB180A269B5FDE00F618F3009B1B09
:10CAF0009F01DB19DB009B19DF03FB1ADB009B198D
:10CB00002381A3691B071BD5A369DB0617D4E26841
:10CB10002D4B1B68D21AD01523692C4909685B1A62
:10CB2000DB15002A09DB2A4A1288824205DD002B28
:10CB300003DB28490988994233DC0023E383F8BDED
:10CB4000254B1E6803885800C01880002818857976
:10CB5000C3791B022B431B041D145B135B1B5B007F
:10CB6000D218057A437A1B022B431B041B1404338F
:10CB70005B00D2189078D3781B0203431B041A146D
:10CB8000DB139B189B00C9180A23CA5ED3009B18AD
:10CB90009B00F618B38AA3832000FFF779FBB082CD
:10CBA000B2E70E49096853431B185B00CD18CB5AF6
:10CBB000E3832000FFF76CFB2880C0E7CC01032053
:10CBC0005CE5022060000320A41F0120A81F0120B3
:10CBD000E01B0320DE1B03205C000320981F0120C4
:10CBE00070B504000E001500FFF7E6FEE660256153
:10CBF0002000FFF749FF70BDF0B5D6464F4680B51F
:10CC000083B004000E0015000192002800DA99E0BC
:10CC1000002900DA9CE0524B1B88834200DC99E03B
:10CC2000504B1B888B4201DC01208CE04E4B186876
:10CC300008F090FE002805D14B4B1868A847002843
:10CC400000D180E0464B1B8807220733DB100233FC
:10CC50005E43E31713401B19DB10994643490D68E7
:10CC6000F3180233E85C22400300D340DB0700D412
:10CC700072E0A95DAB195B781B0219438A46012358
:10CC80005B4293409843FFF72DFA0700002406E02B
:10CC9000A3190233E85CFFF725FA3F1801344C452D
:10CCA000F6D37F005744EA5DEF197B781B021A43E5
:10CCB000F0231B0211001940994206D0930A013358
:10CCC0009205920D524400271DE0274B1C68120567
:10CCD000130D520CD31A5B00E418200008F03AFE42
:10CCE00000283BD12000019B984700282BD0012031
:10CCF00029E01B02FE20C0010340095D5B18941C63
:10CD00000BE0220033005E1E002B19D0174B196870
:10CD1000541C8B5C88560028EBDBFF180137124B44
:10CD20001D68FB00DB1B5B00ED18280008F012FEFD
:10CD30000028E6D12800019B98470028E1D102E0B5
:10CD4000012000E0012003B0C0BCBA46B146F0BDEE
:10CD50000120F8E70120F6E70120F4E70120F2E7DF
:10CD6000E01B0320DE1B03205CE502209C1F01204A
:10CD700070B5150000282BDB00292BDB184B1B8816
:10CD8000834229DD174A12888A4227DD5943081851
:10CD9000154B40001B681C5A002C05D080231B0536
:10CDA0009C466444A40002E0002400E00024002C1F
:10CDB0000CD02000A84700280BD0E48B002CF5D025
:10CDC00080231B059C466444A400F0E7012000E09A
:10CDD000012070BD0120FCE70120FAE70120F8E7FF
:10CDE000E01B0320DE1B0320981F0120F8B507007D
:10CDF0000E00174B1A68174BD21A921093009B180B
:10CE000019015B1819025B1819045B185B009B1869
:10CE1000002413E00C330E4A12689A4205D91A68AE
:10CE20008A42F7DA1C001100F4E7B1420EDC200060
:10CE3000B847002809D0084B23602B005D1E002B4B
:10CE400002D0044B0449E6E70120F8BD0120FCE7CD
:10CE5000A4D70220A8D70220FFFFFF7FF0B5DE464F
:10CE600057464E464546E0B587B004000F0093464E
:10CE70009846109E042333405A1E9341714A137002
:10CE800008F00EFE704A1378013313706F4B704A2E
:10CE90001A60704B1A68A31A5B0203D180235B02ED
:10CEA0009C4664446C4B19687B1A5B0203D1802357
:10CEB0005B029C466744694B1C605F605846001BE0
:10CEC000824698604046C01B0390D860A31A9946DA
:10CED0007F1ADC15FD155B469A1A4346591AD3157D
:10CEE0009846CB159B4644452BDB3CDC0023029344
:10CEF00080235B02049380235B040193FF11059759
:10CF000001990498E4F79DFE3F185D453CDB4DDC3C
:10CF10000023049380235B02059380235B04039327
:10CF20004B46DB11994603990598E4F78AFE48447D
:10CF30008246002310962E0025001C00B946109F43
:10CF400069E04B46DB111B041B0C80225202D31AF2
:10CF500004935246D317D1185940E4F777FE019055
:10CF600001230293CAE74B46DB111B041B0C0493FD
:10CF70005246D317D11859400398E4F767FE019041
:10CF800001235B420293B9E7059B1B041B0C802223
:10CF90005202D31A0593039AD317D1185940504619
:10CFA000E4F754FE039001230493B9E7059B1B04A7
:10CFB0001B0C0593039AD317D11859405046E4F738
:10CFC00045FE039001235B420493A9E7244A310004
:10CFD0002800FFF711FE002821D10EE0214A310080
:10CFE0002800FFF7C5FE00281BD106E05E451AD1D8
:10CFF000802149021198FFF7F9FE07B0F0BCBB464B
:10D00000B246A946A046F0BD019B9C46E144029B66
:10D010009C46654401343F2CEADCFB07D6D4BB07B1
:10D02000DCD44545E2D04B461B14B342ECD053460A
:10D030001B14AB42EED1039B9C46E244049B9C46EE
:10D040006644E7E75F1C0320581F0020A4D7022096
:10D05000A8D70220A41F0120A81F0120F008032048
:10D0600041C7011065C80110027B437B1B021343BB
:10D070001B041B145A1C0ED0084A10685A00D318FF
:10D080009B00074A1268D3180A229A5ED3009B18A5
:10D090009B00C01870470020FCE7C0465C000320DE
:10D0A000CC01032010B58269054B1A4200D110BD96
:10D0B000044B054A7C210548FF31ECF7EDF9C046E9
:10D0C000010000108C320310C0BF0410A432031002
:10D0D00010B500280FD0094A094BC318934204D851
:10D0E000830702D18003000C10BD064B064A074897
:10D0F000CC21ECF7D1F90020F6E7C046FCFF030095
:10D10000FCFFFFDF141A0310B0BF0410385C0310DB
:10D11000F0B5D6464F464646C0B58046894616000D
:10D120001D00634BEA00521BD2009B181F6B614B22
:10D130003A001A4092461F4260D0202006F024FE9A
:10D14000040045714346C3604B4603618761534603
:10D15000002B61D1FFF7A6FF554FEB005B1BDB00F7
:10D16000FF183B6A83632000FFF79CFF0422BB5E2D
:10D170008384514B1B785BB2042B41D12000FFF715
:10D1800091FF4B4BEA00521BD2009B185B6AC363B2
:10D19000F8F7A6FEC3179B0FC01803270740FF1A16
:10D1A0002000FFF77FFF2223C754414BEA00521BA8
:10D1B000D2009B185B885800C01880003F4A801836
:10D1C000E380F7F753FA20712000FFF75DFCA269B6
:10D1D000384B1A4223D080231B069E4238D0384B4E
:10D1E0009E4248D066610923A370200006F0A2FD8C
:10D1F0002000E0BCBA46B146A846F0BD54209DE7E9
:10D200002B4FEB005B1BDB00FF182000FFF74AFFF2
:10D210007A7A2123C254B1E7F8F762FEC5E7294BB9
:10D220001D682289D3009B189B00EF5E2000FFF74A
:10D2300039FFBF0307632289D3009B189B00ED18B9
:10D240000223ED5E2000FFF72DFFAD034563C2E72B
:10D25000A269184B1A4209D02289D3009B189B005F
:10D26000184A1268D35E9B036361BCE72000FFF796
:10D2700019FF036BF8E7A2690E4B1A4213D02289FB
:10D28000D3009B189B000F4A1268D3180221595EE5
:10D2900089036079064BC200121AD2009B185B6AA0
:10D2A000CB1A63619FE72000FFF7FCFE416BF0E7BC
:10D2B000A86C0410010000106D1C0320A08A04104B
:10D2C000FFFFFF7F5C00032070B504008369164AEE
:10D2D0001340012B09D02000FFF76EFB20000AF05D
:10D2E000F9FC200006F04CFD70BD4379382BF2D0DC
:10D2F0003A2BF0D00D490B7845890D4A58008552DC
:10D300000C4A0025555F0C4A855201337F22134099
:10D310000B700A4A12789342DDD101327F231A4002
:10D32000064B1A70D7E7C04601000200771C0320A5
:10D33000E0DD022044E10220E0DE0220781C032030
:10D34000F8B5050000260AE0E9802800FFF7BCFFD9
:10D350000020F8BD0423EB56002B1ED11600002937
:10D36000F2D00F004C006418A4000D4BE418E980C3
:10D370002000F7F77BF928716368002B01D02800A3
:10D380009847074B7A00D21992009B181989721C92
:10D39000044B9E42DEDD00BEDCE70120D9E7C0463B
:10D3A000A08A041040420F0070B50400FFF77AFE17
:10D3B000002585642000FFF775FE45642000FFF717
:10D3C00071FE05646179144BCA00521AD2009B1891
:10D3D000D98A2000FFF7B4FFF8F782FD032303404A
:10D3E0002079C01A40B2207100280DDDA3690B4AD4
:10D3F0001340A3616179084BCA00521AD2009B18EE
:10D40000997E002903D170BD01232371EEE720002E
:10D410000AF012FDF7E7C046A86C0410FFFFFEFFFC
:10D42000F8B50400FFF73EFE05004E23C35A002B5B
:10D4300003D06169026B914251DB6369AA6C9B184E
:10D440006361A3695A0407D54C22AA5A002A03D063
:10D4500090225204134260D062692B6B9A4200DD25
:10D46000C1E06A4B1E78042E05D9A369DB0102D501
:10D47000AB6C5B42AB64AF6C002F00DA90E02B6BBF
:10D480006361042E05D8A369DB0102D5AB6C5B4256
:10D49000AB64A36988225202134080225202934255
:10D4A00000D19CE06369E96B5B186A6B934215DD00
:10D4B000AB6C002B01DD0023AB64521A6261A369DF
:10D4C000DB0102D5AB6C5B42AB64A36988225202DC
:10D4D000134080225202934200D193E0F8BD802095
:10D4E0000005844663449B005869521A821A5A61A7
:10D4F0002000FFF7D7FD4E23C35A002B0BD080220C
:10D500001205944663449B005969A4229203521A5F
:10D51000D2109A6191E70023F6E7E6682000FFF752
:10D52000C1FD4C23C35A002B2DD0802212059446F6
:10D5300063449B00D86821691B69C91A301AFEF739
:10D54000F3FE06002000FFF7ADFD4C23C35A002B6D
:10D550001BD080221205944663449B005B69EA6BF2
:10D5600052109B1862699B1A11D4002B00DC73E7E0
:10D570005900CB18B34200DC6EE78023DB029C46E7
:10D580006244626168E70023D4E70023E6E799007C
:10D59000591AB142E9DD1E4B9C46624462615BE769
:10D5A0004E23EB5A002B02D01A4B9F4202DB002382
:10D5B000AB6464E72000FFF775FD4E23C35A002BD0
:10D5C0000BD080221205944663449B00FF109F619C
:10D5D000222120000AF030FCE9E70023F6E72000D2
:10D5E000FFF7E2FE7AE7A3699B0500D55AE7AB6C2B
:10D5F000002B02D1084BAB6454E7084A94466344BD
:10D60000AB644FE72000FFF7CFFE67E7B81C0020B0
:10D610000000FCFF0000F8FF0000FEFF0000FFFF1D
:10D62000F0B5C64600B50600FFF73CFD0700026CEA
:10D63000002A02D1436C002B17D04E23FB5A002B3B
:10D6400029D0802109058C4663449B009846F0232D
:10D650005B039A4222DD3B647B6CF02252039342CF
:10D6600021DD7A643C6C7D6C37E0B369DA0100D46B
:10D67000AFE0614A1340B3610023836443640364F1
:10D6800071795E4BCA00521AD2009B18598830003B
:10D69000FFF756FE9DE000239846D8E7584B9A4284
:10D6A000DADA3B64D8E7564A9342DBDA7A64D9E7A0
:10D6B000F168091932695219002500241FE0300071
:10D6C000FEF7B6FA06E03000FFF7FEFD81E000232A
:10D6D0007B643B6423002B432ED0F0231B039C422E
:10D6E00001DC9D42E4DDF168E30F1B195B10C918F2
:10D6F0003269EB0F5B195B10D21864106D103000AB
:10D70000FEF70EF80028E5D14E23FB5A002BD6D1A8
:10D71000B369DB03DBD53B4B1868002808D0FFF763
:10D72000A3FC002804D0027A374B1B789A42CAD057
:10D730003000FFF739FECDE74346002B04D08C23A1
:10D740004246D3585B0741D4B369304A134240D1B3
:10D7500071693A6B91423CDCDB0218D53B6C80214D
:10D76000C9018C466344802109028B4205D87B6C39
:10D77000634502DC26498B4209DA3189CB005B180C
:10D780009B0024490968CB5E9B039A4221D1386CE7
:10D79000214BC218214B9A4222D87B6C204A9342DB
:10D7A0001EDB8022520193421ADA4346002B09D035
:10D7B00006229B5E002B13D143461868C388963B14
:10D7C000032B09D900233B647B6402E000237B64C4
:10D7D0003B6480BCB846F0BD9521FFF7B1FDF1E791
:10D7E000E82424022100E4F72CFA3864786C210044
:10D7F000E4F727FA7864ECE7FFFFFFFEA86C04105B
:10D800000000E2FFAC220120B41C03200000010153
:10D8100000C0FFFF5C000320FF0F0000FE1F0000A0
:10D8200001F0FFFFF8B5060041894F4A8B005B18F5
:10D830005B001168CA18CB5C547824021C43240492
:10D840009378D5782D021D432D042A002100FDF781
:10D8500073FE002800D1F8BD3289D3009B189B00CD
:10D86000424F3A68D25E92033169F0682723FFF78E
:10D870004FFC23210AF0E0FA2900200007F028FFDE
:10D88000028853009B189B00394A1168C9188A798D
:10D89000CB791B0213431B041A145B139B1A5B0006
:10D8A000344A1268D218087A4B7A1B0203431B04CD
:10D8B0001B1404335B00D3189A78DB781B021343E4
:10D8C0001B041A14DB139B189B002B4A1268D318F5
:10D8D0000A229A5ED3009B189B003A68D25E92039C
:10D8E000272329002000FFF713FC23210AF0A4FAC4
:10D8F0001D4B1F68728993009B185B00FF1873799A
:10D900001E4AD900C91AC9005218126BD20527D570
:10D910001B4A29002000FFF7FBFB040073894381A9
:10D920003A797B791B0213431B0418142D21ECF761
:10D93000C1FF05B22000FFF7B5FB6D07C5623B7A5A
:10D940001B0703D5A36920221343A3612000FFF71F
:10D95000A9FB21231222C2543000FFF7B5FC7AE75D
:10D9600080221206D5E7C046A4E602205C00032010
:10D97000600003205CE50220CC010320A86C0410A9
:10D98000FFFFFF7F70B5040085692D4B1D4209D054
:10D990000423E3565A1C31D0013B5BB22371002BA8
:10D9A00021D070BDFFF77EFB036C002B04D1436CCC
:10D9B000002B01D1ED0105D52000FFF731FEA37842
:10D9C0000B2BEED065692000FFF76CFB036B9D42CB
:10D9D00002D1836C002BDBD02000FFF721FDA37860
:10D9E0000B2BD5D1DDE7E188164B4A005218920087
:10D9F0009B1819892000FFF7A3FCD2E7A3695B02FB
:10DA0000CFD5114B1B78002BCBD02000FFF74AFB62
:10DA1000836A013383622000FFF744FB826AD223CA
:10DA20005B009A42BDDB094B1B68DB06B9D1F8F7F6
:10DA300057FA0428B5DC2000FFF7F4FEB1E7C04632
:10DA400001000010A08A0410A11C032044E1022060
:10DA5000F8B5534B1B785BB2022B0FD1514B1B789F
:10DA6000514A1278934209D0504B5100C95A504B39
:10DA70001B685B1A1BB24F498B4200DCF8BD4E4B52
:10DA800019684E4B5200D25A93009B185B00CC1879
:10DA9000CB5C65782D021D432D04A378E678360211
:10DAA0001E4336043100280007F012FE028853009E
:10DAB0009B189B00424A1168C9188A79CB791B02CE
:10DAC00013431B041A145B139B1A5B003D4A126834
:10DAD000D218087A4B7A1B0203431B041B1404332D
:10DAE0005B00D3189A78DB781B0213431B041A14CB
:10DAF000DB139B189B00344A1268D3180A229A5EE3
:10DB0000D3009B189B00314A1268D25E92032823EF
:10DB100031002800FFF7FCFA5A210AF08DF90023A2
:10DB200000E00133882B0CDCA179E27912020A4370
:10DB3000120412142648D900C91AC900095E8A4283
:10DB4000EFD1882B00DD00BE214AD900C91AC900D7
:10DB50005218126BD20520D51E4ADBB231002800C4
:10DB6000FFF7D6FA0600104F3D78144B6A00D35ADF
:10DB70004381227963791B0213431B0418142D215E
:10DB8000ECF798FE04B23000FFF78CFA6407C46229
:10DB900001357F231D403D7070E780221206DCE7CF
:10DBA000561C0320771C0320781C0320E0DE022093
:10DBB00044E1022019040000A4E60220E0DD022076
:10DBC000600003205CE50220CC0103205C00032000
:10DBD000A86C0410FFFFFF7FF8B5DE4657464E469F
:10DBE0004546E0B504008279C3791B0213431B0448
:10DBF0001D14002B7AD0013D4B4B5B5D002B75D083
:10DC0000D4276F43494BB846984443461B79022BAF
:10DC100000D171E023786078000218430004A378F3
:10DC2000E178090219430904802200231206FFF754
:10DC30006FFA0600A279E3791B0213431B041B143D
:10DC4000012B04DD8269013B9B0613438361237929
:10DC5000607900021843000400142D21ECF72AFE1D
:10DC600007B23000FFF71EFA7B07C3623000FFF7F0
:10DC700019FA07004046FFF72BFA4E23F8522B4BB8
:10DC8000D4226A43924699461F0057443B6A9B46FA
:10DC90003000FFF707FA5B4683844B465246D65066
:10DCA00000233B713A00903213601032136004324B
:10DCB0001360043213600832137001321370A4230E
:10DCC0009B037B61404601F053FA194B1B785BB212
:10DCD000002B21D1A279E3791B0213431B041B14EF
:10DCE000013B144A127852B2934217D0F0BCBB46A3
:10DCF000B246A946A046F8BD2800F4F729FF89E7F7
:10DD00000A4BD42169435B189B18443301211970D5
:10DD10000132052AF4DDDDE70022FAE70BF0A4F872
:10DD2000F6F7D6FAE2E7C046E4F40220E8F402206F
:10DD3000561C03204B1C032070B505006B4B1C6860
:10DD400083001B185B00E418A379E17909021943E9
:10DD5000090409140B2915D0002918DD042920DD38
:10DD6000634B1B78002B02D1237ADB060FD4614B67
:10DD70001B785BB2002B31D0042B44D0013B012235
:10DD80009A402CE05C4B18685C4B984200D370BD05
:10DD90000A222100EDF7B4FC574A13680A331360D6
:10DDA000F5E70139564B8A005218520098180A229A
:10DDB0002100EDF7A5FCA279E3791B0213431B04B4
:10DDC0001B14013B4F4A0121D1544F4B1B785BB2CE
:10DDD000002BDCD12000FFF7FFFED8E70122207ADC
:10DDE000637A1B0203431B041B141A42CFD0002387
:10DDF000882B0ADC4548DA00D21AD200125E914222
:10DE000003D00133F4E70422E9E7892B4FD03E4ADF
:10DE1000127852B2002A07D03C4AD900C91AC90068
:10DE20005218126B9201B2D4394A1278002A09D0E2
:10DE3000122BACD0354AD900C91AC9005218126B3E
:10DE40005202A4D422786078000210430004A27821
:10DE5000E1780902114309042C4ADE00F61AF600A3
:10DE60009219126BD20524D52A4ADBB2FFF750F97A
:10DE7000060045810423C356002B1DDCB3695A02FA
:10DE800003D525490A6801320A601A0203D52349DD
:10DE90000A6801320A60224A134216D0237A1B070D
:10DEA00000D474E7B36920221343B3616FE700BE67
:10DEB000ADE780221206D8E7F8F712F80421715670
:10DEC000ECF7F8FC01313171D8E723796079000271
:10DED0001843000400142D21ECF7ECFC05B23000CF
:10DEE000FFF7E0F86D07C562D8E7C046A4E6022058
:10DEF0008E1C03206D1C0320982D0120002E012074
:10DF000038F8022060F80220561C0320A86C041088
:10DF1000961C0320FFFFFF7FE4080320E008032096
:10DF20000100001070B504000D001600F7F7FEFFA9
:10DF300082029219252329002000FFF7E9F8040046
:10DF4000FFF7B0F880235B028364F7F7C9FF032370
:10DF5000184023791B1A5BB22371002B06DD074B97
:10DF60001A688023DB039A4203D070BD012323711A
:10DF7000F5E75F212000FFF7E3F9F6E7741F0120C2
:10DF8000F8B504000F0016001D00F7F7CFFF82025E
:10DF90009219262339002000FFF7BAF80400FFF792
:10DFA00081F880239B028364F7F79AFF03230340E1
:10DFB0002279D21A52B22271002A06DD2B00093BC7
:10DFC000032B05D9082D08DDF8BD01232371F5E7E2
:10DFD0005B212000FFF7B4F9F6E75C212000FFF792
:10DFE000AFF9F1E770B50400F7F77AFF03230340B8
:10DFF0002079C01A40B2207100281FDD2000FFF7F1
:10E0000051F8036C5B10E568ED18E5602000FFF740
:10E0100049F8436C5B102669F61826612000FFF76B
:10E0200041F8826C521063699B18636132002900C9
:10E030002000FDF775FB002803D070BD012323717C
:10E04000DCE72000FFF7B0F9F7E70000002800D078
:10E05000704703480023C360036143618361F7E7AE
:10E06000E82E012041790D4BCA00521AD2009B18AC
:10E07000D8690B4B1B78002B05D0102904D0202920
:10E0800005D01F2906D07047A0204003FBE7A02041
:10E090004003F8E7A0204003F5E7C046A86C041051
:10E0A000931C0320F0B5DE4657464E464546E0B584
:10E0B00083B006000F0013004269802189038C465B
:10E0C00062440169C068FFF723F8050041793D4BC0
:10E0D000CA00521AD2009B18197A002968D1280068
:10E0E000FEF7E0FF04003000FEF7F2FF4C23E052A1
:10E0F0003B69FA683169F06807F07EF90400BB6992
:10E100005B0358D42800FEF7CDFFC462E40C28005E
:10E11000FFF7A8FF804680231B01E3182A495A0015
:10E120000191525A1B018020400283460340D31ABA
:10E1300099462800FEF7B6FF824649464046E3F777
:10E1400080FD53461864630001995B5A24015A46C6
:10E1500014401B1B99462800FEF7A4FF0400494603
:10E160004046E3F76EFD6064F868F3683969326928
:10E17000891AC01AFEF7D8F84146ECF79BFB041E3B
:10E180001EDD7F697369FF1A2800FEF78BFF06000A
:10E1900021003800ECF78EFBB0642800FFF722FF67
:10E1A000280003B0F0BCBB46B246A946A046F0BD6D
:10E1B00009F042FE93E7F7F7B9FE00052418A1E73E
:10E1C0000124DEE7A86C04106CB60310F8B5DE4637
:10E1D00057464E464546E0B505000E00FEF762FF85
:10E1E000C46A8022D20421002800FDF723FE814664
:10E1F000464B1B68002B5FD0E86829696A69802359
:10E200009B039C4662443300FEF782FF060041797F
:10E210003F4BCA00521AD2009B18197A002900D02D
:10E2200070E03000FEF73EFF07002800FEF750FFC9
:10E230004C23F8523000FEF735FFC4623000FFF780
:10E2400011FF0500E40C80231B01E31831495A003B
:10E250008846525A1B0180277F023B40D31A9B46B7
:10E260003000FEF71FFF824659462800E3F7E9FC1D
:10E2700053461864630042469B5A24013C401B1BD2
:10E2800098463000FEF70EFF040041462800E3F7F1
:10E29000D8FC60643000FEF705FF04004946280002
:10E2A000E3F7CFFCA0643000FFF79CFEF0BCBB4658
:10E2B000B246A946A046F8BD8023DB04E7188022B9
:10E2C000D20439002800FDF7B5FD81460F4B1B68CD
:10E2D000002B05D00D4B1B68002B0CD03C008BE7AE
:10E2E000FC231B06E7188022D20439002800FDF722
:10E2F000A1FD8146EEE72800FEF7D4FEC46A0023A4
:10E30000994679E709F098FD8BE7C046E0E50220E1
:10E31000A86C04106CB6031010B500280FD0094A81
:10E32000094BC318934204D8830702D18003000C21
:10E3300010BD064B064A0748CC21EBF7ADF800208C
:10E34000F6E7C046FCFF0300FCFFFFDF141A0310D2
:10E35000E0BF0410385C0310002200E001321D2AE7
:10E3600014DC0B4B5100CB5A002BF7D08021090550
:10E370008C4663449B00196A8142EFD1197F0329BF
:10E38000ECD1597F197703219970E7E77047C046B0
:10E39000141F012070B5002200E001321D2A1BDC91
:10E3A0000E4B5100CB5A002BF7D0802109058C462B
:10E3B00063449B001C7F032CEFD01D6A067A417AD0
:10E3C00009023143090409148D42E6D15C77032127
:10E3D000197700219970E0E770BDC046141F012035
:10E3E00010B500241D2C0CDC074B6200D35A002B07
:10E3F00001D00134F6E7FFF78FFF034B6400185399
:10E4000010BD00BEFCE7C046141F0120F0B5CE468B
:10E4100000B582B0070089460192002903D000268A
:10E420000124644238E0037A407A00021843000471
:10E430000014FFF791FFF2E780231B02B360BA7A62
:10E44000FB7A1B0213431B041A14DB139B189B005B
:10E450006E4A1268D3180A229A5ED3009B189B005A
:10E460006B4A1268D318DB79EB710023E95E8903EC
:10E47000280004F069F83061002373613377AB79C9
:10E480007C229343AB7128001C30162109F02AFC32
:10E490003000FFF7A5FF01262100380004F0ECF85A
:10E4A000041E00DAACE05A4B1D68E3001B199B0008
:10E4B000ED18EB8A002BEFD106212820E4F7C0FAF3
:10E4C000060005F037FC24234A46F25475603000FC
:10E4D000FFF722FFE8820323B3700023B3773A7A71
:10E4E0007B7A1B0213431B041B1433624B46042B21
:10E4F000CED89B00474AD3589F4680231B02B36067
:10E50000BA7AFB7A1B0213431B041A14DB139B1801
:10E510009B003E4A1268D3180A229A5ED3009B18C9
:10E520009B003B4A1268D318DB79EB710022AB5E8B
:10E530009B03019A12049B183361002373613377A4
:10E5400028001C30162109F0CDFBA1E78023DB0257
:10E55000B360280003F0A4FFF0600022AB5E9B03D1
:10E56000984200DDF3600022AB5E9B0333616923B8
:10E570007361683B337728001C30122109F0B2FB2D
:10E5800086E780231B03B360280003F089FFF06057
:10E590000022AB5E9B03984200DDF3600022AB5E7D
:10E5A0009B03336169237361683B337728001C3018
:10E5B000122109F097FB6BE780235B02B360280010
:10E5C00003F06EFFF0600022AB5E9B03984200DD1B
:10E5D000F360280003F08EFF30610022AB5E9B03E6
:10E5E000984200DA336169237361F7F779FC0123FC
:10E5F0000340337728001C30122109F073FB47E7F2
:10E60000300002B080BCB946F0BDC046CC0103204A
:10E610005C000320CCBF041070B5002407E080220A
:10E620001205944663449B00984209D001341D2C86
:10E630000FDC094B6200D35A002BF0D10023F3E723
:10E6400043680025DD8205F09BFB034B6400E55227
:10E6500070BD00BEFCE7C046141F012030B583B07A
:10E660000400037F012B4BD0022B61D0002B53D130
:10E67000837F026981684068012501950025009526
:10E68000FAF7D2FB05002423E35C023BDBB2012B4B
:10E6900018D9012D20D0022D3ED16369A361022338
:10E6A000237760681C30132109F01CFB2423E35CF2
:10E6B000032B1ED8022B1FD2012B2DD12000FFF7D8
:10E6C000ABFF29E0254B1B685B07E2D160681C307B
:10E6D000162109F007FBDCE7A37F002BDBD1636980
:10E6E000A3610123237760681C30122109F0FAFA34
:10E6F00012E0042B10D1E1E72000FFF78DFF0BE0C3
:10E70000C2688168406801235B4201930023009343
:10E71000FAF78AFB022801D003B030BD6369A36118
:10E720000223237760681C30132109F0DBFAF3E73A
:10E730008369013B8361002BEED140680022835E38
:10E740009B03E268934206D0012323771C301221F9
:10E7500009F0C8FAE0E700232377F7E744E1022055
:10E76000032905DC1A3189000B589B1A0B5070479E
:10E770001A3189000B589B1A0B50F8E710B58269C3
:10E78000054B1A4200D110BD044B054A7C210548B7
:10E79000FF31EAF781FEC046010000108C32031001
:10E7A000F0BF0410A432031010B58269074B1A425F
:10E7B00007D04179064BCA00521AD2009B18586AFA
:10E7C00010BDFFF7DBFFC06BFAE7C0460100001089
:10E7D000A86C0410F0B5D6464F464646C0B50700B3
:10E7E000884692460B000B331B01C318043399462D
:10E7F00014E043460B331B01FF1800237B60E0BC91
:10E80000BA46B146A846F0BD43460B331B01FB1880
:10E810005A68128992469B68002BF0D15346002B10
:10E82000E7D05C00E01880000B4E801945460B35A0
:10E830002D017D196860F5F719FFA8605444A40004
:10E8400036197368002BDFD04946380098476B684B
:10E85000002BD9D1D3E7C046A08A041010B504001C
:10E860005D23C35C0A2B16D05D23E35C072B17D016
:10E870005D21605C0D4B4200121892009B185A8873
:10E880000A236354B63380210904E150002120009B
:10E89000FFF7A0FF10BD5233C25C0133C254E3E75F
:10E8A00020680A2109F0C8FAE2E7C046F8650410BA
:10E8B00010B55C23C25C444953009B189B005B5C11
:10E8C000062A0ED0082A0AD00121052B00D179E0B2
:10E8D0001A339B001B588B4234DB012071E002216C
:10E8E000F3E72821F1E76623C356002B06D0C36E59
:10E8F000022B03DD354B1B78022B0AD06123C35654
:10E90000002B0AD0836E002B07D05D230321C15456
:10E9100014E05B330821C15410E06023C356002B80
:10E9200006D0C36E002B03D05D230221C15405E045
:10E93000836E002B15D05D230121C1545D23C35C80
:10E940000A2B34D16323C356002BCCD0036F002B8A
:10E95000C9D01E4B1B78002BC5D05D230521C154A7
:10E96000ECE76523C356002B03D05D230721C15478
:10E97000E4E76223C356002B06D0436F002B03D07D
:10E980005D230421C154D9E76423C356002B0AD068
:10E99000036F282B07DD0D4B1B78002B03D05D2365
:10E9A0000621C154CAE75D230021C154C6E7064BC6
:10E9B00051008A1892009B189A880021FFF70AFFDD
:10E9C000002010BD0120FCE7F8650410B91C0020F0
:10E9D00010B50400FFF76CFF002800D110BD2068BF
:10E9E0009A21FEF7ADFC5C23E15C074B4A0052180C
:10E9F00092009B181A8900212000FFF7EBFE206887
:10EA00000100F8F723F9E9E7F865041010B55C2375
:10EA1000C15C054B4A00521892009B189A8800214D
:10EA2000FFF7D8FE10BDC046F8650410F8B5040025
:10EA30000D000068C3889A3B9BB2012B1ED95C2352
:10EA4000E35C072B1ED05D23E35C0A2B23D1236AF2
:10EA5000002B20D0E37ADB072AD58823E356002B4E
:10EA600005D05C23E35C042B25D0062B23D0882320
:10EA70000122E2542000FFF7ABFF18E09521FEF7DA
:10EA80005FFCDCE72A68204B9A42DCD120680B212E
:10EA900009F0D2F9D7E75C23E15C1C4B4A0052181D
:10EAA00092009B189A8800212000FFF793FEF8BD82
:10EAB00088230022E254164B1E68F601FC235B01FA
:10EAC00033408022120194466344124F5A00D15BB6
:10EAD0001B01802252021340C91AE069E3F7B1F822
:10EAE00080235B029C466044A860F8231B011E4003
:10EAF0007600B95BE069E3F7A4F880239B039C46AA
:10EB00006044E860D3E7C046C48D0410F865041083
:10EB100044E102206CB6031010B5C37ADB0703D5BD
:10EB20005D23C35C0A2B05D090230022C250FFF75F
:10EB3000BFFE10BD036A002BF6D09022835801332C
:10EB40008350FFF745FFF4E710B5FFF7B1FE10BDA6
:10EB500010B5CB68C022D20294466344CB608022B9
:10EB6000120493420BDB0379012B09D0036A002BBB
:10EB700008D05D23C25C013BC254FFF76FFE10BD9D
:10EB8000CA60FCE700220021FFF724FEF7E700003F
:10EB900010B5CB680A4A94466344CB608022920346
:10EBA000934200DD10BDCA605C23C15C054B4A0086
:10EBB000521892009B18DA880021FFF70BFEF1E74C
:10EBC0000000FAFFF865041010B5040000689B21EE
:10EBD000FEF7B6FB5C23E15C054B4A00521892003D
:10EBE0009B185A8901212000FFF7F4FD10BDC04693
:10EBF000F8650410F0B5C64600B582B00400F7F71A
:10EC00006FF90A21EBF756FE01314D00236B002B03
:10EC100002D0AB005D196D002068FFF7AFFDC76A39
:10EC2000F7F784F98604F6198027FF0320683A0075
:10EC30003100FDF7FFF80300206800953A0031002D
:10EC4000FDF766F90E4B1B68002B15D02068532189
:10EC500009F0F2F82068C5680669094B1B68DF688F
:10EC60001B699846FFF78AFD040043463A003100CD
:10EC7000280006F0C1FBE06202B080BCB846F0BDDF
:10EC8000E0E50220F0B583B00400F7F729F90A2186
:10EC9000EBF710FE01314E002068FFF76FFDC76AE9
:10ECA000F7F744F98504ED19264F20683A0029004A
:10ECB000FDF7C0F80300206800963A002900FDF730
:10ECC00027F9214B1B68002B24D020680D2109F067
:10ECD000B3F820681C4B1A681369D2680169C068D0
:10ECE00006F08AFB05002068FFF748FDC36AEA1AB0
:10ECF000802109068A4217D914498A420FDA144B37
:10ED00009C466544C5622268936980210B439361E8
:10ED100003B0F0BD20680C2109F08EF8F8E70B4A2B
:10ED200094466344C362EEE70A498A4204D90A4B17
:10ED30009C466544C562E6E7064A94466344C3625E
:10ED4000E1E7C04601004000E0E50220CDCCCCFC6C
:10ED5000C3300C03333333033DCFF3FC10B5040051
:10ED60005C23C15C064A4B005B189B00995C012246
:10ED7000FFF7F6FC20682121FFF728FA10BDC046F6
:10ED8000F865041010B504005C23C15C064A4B0012
:10ED90005B189B00995C2822FFF7E2FC2068232186
:10EDA000FFF714FA10BDC046F865041070B50400F2
:10EDB0005C26825D0E4D53009B189B00595D01221D
:10EDC000FFF7CEFCA25D53009B189B00ED186D89E8
:10EDD000F7F786F801230340EA1892B201212000D8
:10EDE000FFF7F8FC20682221FFF7F0F970BDC0465C
:10EDF000F865041070B50400FFF7C0FCC56A8022F6
:10EE0000D20429002000FDF715F8104B1860104BB4
:10EE10001B68002B00D070BD8022D2048023DB044D
:10EE2000E9182000FDF706F8084B1860084B1B682E
:10EE3000002BF0D1FC231B06E9188022D20420000D
:10EE4000FCF7F8FF014B1860E5E7C0468C20012075
:10EE5000E0E50220F0B583B004000E00F7F740F8BB
:10EE60000321EBF727FD01318D006D182000FFF71E
:10EE700085FCC76A002E0AD0074B1B6880220095CC
:10EE8000120539002000FDF743F803B0F0BDF7F795
:10EE90004DF880043F18EFE78C20012070B5040086
:10EEA0000068012108F0C8FF20689B21FEF748FA9E
:10EEB0005C26A25D0F4D53009B189B00595D0122FB
:10EEC0002000FFF74DFCA25D53009B189B00ED183E
:10EED0006A8901212000FFF77DFC2068FFF78AFF87
:10EEE0009023E1584B425941C9B22068FFF7B2FF65
:10EEF00070BDC046F865041070B5050000680221B9
:10EF000008F09AFF28689B21FEF71AFA5C26AA5D92
:10EF10000F4C53009B189B00195D01222800FFF73E
:10EF20001FFCAA5D53009B189B00E4186289012115
:10EF30002800FFF74FFC2868FFF75CFF002404E07F
:10EF400028680021FFF786FF0134062CF8DD70BD2C
:10EF5000F8650410F0B5C64600B582B0060000683A
:10EF6000042108F069FF30689B21FEF7E9F95C2570
:10EF7000725D1F4C53009B189B00195D02223000EC
:10EF8000FFF7EEFB725D53009B189B00E41862894B
:10EF900001213000FFF71EFC3068FFF72BFF002532
:10EFA00020E0F6F79DFF0321EBF784FC01318F0091
:10EFB0007F183068FFF7E2FBC36A9846F6F7B6FFA2
:10EFC000C404444433689846F6F7B0FF4301094A45
:10EFD00012689B1880220097120521004046FCF71A
:10EFE00097FF0135132DDCDD02B080BCB846F0BDC3
:10EFF000F86504108C200120F8B504000D000068AD
:10F00000012108F019FF5C23E15C224A4B005B18E8
:10F010009B009B5C1A339B001B59002B00D1F8BD51
:10F0200020689B21FEF78CF95C27E25D194E5300A6
:10F030009B189B00995D01222000FFF791FB296836
:10F04000E25D53009B189B00F6180A23F25E530002
:10F050009B189B00C918104BC91A89108B005B18AC
:10F060001A019B181A029B181A049A185200521877
:10F0700092B201212000FFF7ADFB2068FFF7BAFE36
:10F080009023E1584B425941C9B22068FFF7E2FE94
:10F09000C5E7C046F8650410108D0410B0230022A7
:10F0A000C2547047B0230122C2547047B0230222D9
:10F0B000C2547047F8B5CE46474680B58046002515
:10F0C00012E000272EE0F6F70BFF07230340013381
:10F0D000F61801340E2CF6DD214B186833003A0087
:10F0E0003900FBF745F80135272D34DC4046FFF7A2
:10F0F00045FBC46A6A0052199200521993019B1A87
:10F1000019035918C90049190919E0231B069C461F
:10F1100061444C23C75A002FD3D080231B059C4643
:10F120006744BF008022D2043800FCF783FE0C4BFA
:10F1300018680028D7D0C668036999464469FFF764
:10F1400033FB801022182A2349463000FDF7E0FFE8
:10F1500000260024BEE7C0BCB946B046F8BDC04694
:10F16000E0E5022010B50068092108F065FE10BD39
:10F1700010B5002206E013000B331B01C318002159
:10F1800059600132012AF6DD5C23C25C0133C254AE
:10F19000FFF764FB10BD70B506000400B434002511
:10F1A00001E001351034012D0FDC2268002AF8D06F
:10F1B0006368591CF5D0013B6360002BF1D11289C3
:10F1C00029003000FFF706FBEBE7BC23F2581033B1
:10F1D000F2500C3BF2581033F25070BD00207047D3
:10F1E000064B19680B794A7912021A438B791B0472
:10F1F0001343C879000618431F3070474418032092
:10F2000010B5026883689A4218D0037B072B15D982
:10F210000368826893420AD24268591C01601A70DE
:10F2200043681B0A4360037B083B0373EDE7044B11
:10F23000044AE4210448FF31EAF72EF910BDC04624
:10F24000785C0310D0C004108C5C031010B5037BF5
:10F250009C18202C0CD8012494408C420FD944686F
:10F260009940214341609B180373FFF7C9FF10BD0C
:10F27000064B074AEC210748FF31EAF70DF9064B28
:10F28000034AF62103484900EAF706F9D05C031067
:10F29000E0C004108C5C0310E45C031010B50100A6
:10F2A000024B18680122FFF7D1FF10BD6C0103204B
:10F2B00010B5FFF7F3FF10BD70B5040015008842CC
:10F2C00005D00120FFF7EAFF2000A84770BD00200D
:10F2D000FFF7E4FFFAE770B505000C000904090C1C
:10F2E0001022FFF7B3FF210C10222800FFF7AEFF1A
:10F2F00070BD000010B50100024B1868FFF7EBFF6E
:10F3000010BDC0466C01032010B504000268002A3D
:10F3100018D00E4BD21A921093009B1819015B184B
:10F3200019025B1819045B185B009818FFF7E2FFDD
:10F330006068FFF7DFFFA068FFF7DCFFE068FFF71A
:10F34000D9FF10BD0020FFF7D5FFF1E7A08A041018
:10F3500010B503000A00034908681900FFF776FF9B
:10F3600010BDC0466C01032010B50821FFF7F0FF67
:10F3700010BD10B50321FFF7EBFF10BD10B581B232
:10F38000024B18681022FFF761FF10BD6C010320CB
:10F3900010B504000078FFF7E7FF6078FFF7E4FF9F
:10F3A0000223E05EFFF7EAFFA079FFF7E7FF20798D
:10F3B000FFF7DAFF6079FFF7D7FF10BD70B50400E3
:10F3C0000079FFF7D1FFA01DFFF7E2FF2069FFF7EB
:10F3D00091FF6069FFF78EFFA069FFF78BFFE0697F
:10F3E000FFF788FF206AFFF785FF606AFFF782FF5B
:10F3F000A06AFFF77FFF002507E02B000A339B0080
:10F40000E3185868FFF776FF0135052DF5DD002577
:10F4100005E0631944331878FFF74AFF0135052DDD
:10F42000F7DD4A23E05CFFF743FF0025032D08DCEE
:10F430002B0012339B00E3185868FFF75BFF013580
:10F44000F4E75C23E05CFFF78FFF5D23E05CFFF7F0
:10F450008BFF002505E063195E331878FFF728FF5E
:10F460000135082DF7DD0025032D07DC2B001A33AD
:10F470009B001859FFF73EFF0135F5E70025032DE6
:10F4800007DC2B001E339B001859FFF733FF0135B3
:10F49000F5E78823E056FFF72DFF8923E056FFF7B5
:10F4A00029FF8C23E058FFF725FF9023E058FFF752
:10F4B00021FF9423E058FFF71DFF9823E058FFF742
:10F4C00019FF9C23E058FFF715FFA423E058FFF72E
:10F4D00011FFA823E058FFF70DFFB023E056FFF718
:10F4E00009FFB123E056FFF705FFB223E056FFF70F
:10F4F00001FF002507E028000B3000012018043030
:10F50000FFF702FF0135012DF5DDB323E05CFFF7C6
:10F51000CFFE70BD10B58B0402D48913018010BDDD
:10F52000024B034A0348B821E9F7B6FF8071031084
:10F53000A8C00410A071031010B58B0402D4891365
:10F54000418010BD024B034A0348C021E9F7A4FFE4
:10F55000807103108CC00410A071031010B5826973
:10F56000054B1A4200D110BD044B054A7C210548C9
:10F57000FF31E9F791FFC046010000108C32031003
:10F580006CC00410A432031010B58269074B1A42F4
:10F5900007D04179064BCA00521AD2009B18586A0C
:10F5A00010BDFFF7DBFFC06BFAE7C046010000109B
:10F5B000A86C041010B58269074B1A4207D0417934
:10F5C000064BCA00521AD2009B18186A10BDFFF7EA
:10F5D000C5FF806BFAE7C04601000010A86C04105C
:10F5E00010B500280FD0094A094BC318934204D81C
:10F5F000830702D18003000C10BD064B064A074862
:10F60000CC21E9F749FF0020F6E7C046FCFF0300E4
:10F61000FCFFFFDF141A03105CC00410385C0310F9
:10F6200010B50400037B172B0FD8026843689A4279
:10F6300011D023685A1C22601978237BA268994054
:10F640000A43A2600833237310BD044B044A0548E3
:10F650008D21E9F721FF0CF0C9FBEAE790120310B6
:10F66000F0C004108C5C031070B504000D0020295C
:10F6700008DD0B4B0B4A0C489A21E9F70DFF2000DF
:10F68000FFF7CEFF237BAB42F9DBEAB29B1A237371
:10F69000A2681000E840A060A840504070BDC0467D
:10F6A000DC12031000C104108C5C031010B5034B76
:10F6B00018680121FFF7D8FF10BDC046680103207C
:10F6C00010B5FFF7F3FFC0B210BD70B504000D0018
:10F6D000FFF7ECFF002801D0A8470400200070BD10
:10F6E00070B505001021FFF7BFFF040010212800AE
:10F6F000FFF7BAFF0004204370BD000010B5024BB5
:10F700001868FFF7EDFF10BD6801032010B5040075
:10F71000FFF7F4FF00280FDD43001B189B00084A89
:10F720009B182360FFF7EAFF6060FFF7E7FFA06028
:10F73000FFF7E4FFE06010BD00232360F2E7C0465E
:10F74000A08A041010B5034B18680821FFF78CFF3E
:10F75000C0B210BD6801032010B50100024B18684B
:10F76000FFF782FF10BDC0466801032070B502207C
:10F77000FFF7F2FF0400002505E0FFF7E3FFE300D9
:10F78000984005430134032CF7D9280070BD10B50B
:10F790000320FFF7E1FF10BD10B5034B18681021DF
:10F7A000FFF762FF00B210BD6801032010B504002E
:10F7B000FFF7C8FF2070FFF7C5FF6070FFF7ECFF91
:10F7C0006080FFF7E9FFA071FFF7BCFF2071FFF732
:10F7D000B9FF607110BD70B50400FFF7FFFC0600B3
:10F7E0002060FFF7AFFF2071A01DFFF7DFFFFFF7DD
:10F7F00085FF2061FFF782FF6061FFF77FFFA06157
:10F80000FFF77CFFE061FFF779FF2062FFF776FFEB
:10F810006062FFF773FFA062002507E0FFF76EFF4D
:10F820002B000A339B00E31858600135052DF5DDE8
:10F83000002505E0FFF744FF6319443318700135D4
:10F84000052DF7DDFFF73CFF4A23E0540025032D8B
:10F8500008DCFFF753FF2B0012339B00E3185860BE
:10F860000135F4E7FFF76EFF5C23E054FFF76AFF12
:10F870005D23E054002505E0FFF722FF63195E33A6
:10F8800018700135082DF7DD0025032D07DCFFF783
:10F8900035FF2B001A339B00E0500135F5E70025BA
:10F8A000032D07DCFFF72AFF2B001E339B00E050DF
:10F8B0000135F5E7FFF722FF8823E054FFF71EFF2D
:10F8C0008923E054FFF71AFF8C23E050FFF716FF5F
:10F8D0009023E050FFF712FF9423E050FFF70EFF54
:10F8E0009823E050FFF70AFF9C23E0500433E650D2
:10F8F000FFF704FFA423E050FFF700FFA823E05028
:10F900000433E650FFF7FAFEB023E054FFF7F6FEAB
:10F91000B123E054FFF7F2FEB223E054002507E0E4
:10F9200028000B30000120180430FFF7EFFE0135EE
:10F93000012DF5DDFFF7C4FEB323E05470BD70B5B3
:10F94000051E0CD0EAF784FFC31707261E403618A1
:10F95000F61002213000FFF7FBFC002403E0032631
:10F96000F7E72D0A0134B442FBD304E0E8B2FFF715
:10F97000FBFC2D0A0134032CF8DD70BD030030338D
:10F98000014803707047C0466432012010B504007E
:10F99000FFF78CFE002802D10023237010BD0A233C
:10F9A0002370FBE710B50230FFF7F0FF10BD000039
:10F9B000F8B5CE46474680B5FFF7C4FE0700D04BEA
:10F9C000C200121AD2009B181A6BCE4B1A4200D1F9
:10F9D000E4E0202004F0D8F904004771FFF7DCFED2
:10F9E00060816179C64BCA00521AD2009B181B6B0A
:10F9F000A3612000FFF7D6FFFFF758FE002800D0D4
:10FA0000CEE06189C04A8B005B185B001168CA18A0
:10FA1000C95C53781B020B431B04E3609178D378D5
:10FA20001B020B431B0423612169E06805F050FEB3
:10FA3000028853009B189B00B44A1168C9188A7940
:10FA4000CB791B0213431B041A145B139B1A5B0034
:10FA5000AF4A1268D218087A4B7A1B0203431B0480
:10FA60001B1404335B00D3189A78DB781B02134312
:10FA70001B041A14DB139B189B00A64A1268D318A8
:10FA80000A229B5ED900C918CB005B1A9A019B1809
:10FA9000DB005B18DA03D31ADB005B182381A26951
:10FAA000984B1A4200D182E0FFF700FE002800D0F8
:10FAB000B9E0A269934B1A4200D1AFE02289D3008A
:10FAC0009B189B00944A1268D35E9B036361A269F2
:10FAD0008C4B1A4200D1C7E0A2698A4B1A4200D16E
:10FAE000DBE08E4A8E4901204042FFF7EEFD207197
:10FAF0006279834FD3009B1ADB00FB185888894A30
:10FB00008949FFF7E2FDE080A069884A8849FFF74C
:10FB1000DCFDA0616279D3009B1ADB00FF183B6B10
:10FB2000DB0003D580235B050343A361A169754B0B
:10FB3000194200D112E1A269724B17001F401A420C
:10FB400000D150E1A2696F4B1A4222D1002D00DC96
:10FB50005AE16B1ED4255D43764BED182000FFF76C
:10FB6000FDFC07002800FFF73BFD4E2578532000E1
:10FB7000FFF7F4FC435B002B00D143E18022120528
:10FB8000944663449B001C602000FFF7E7FC22239F
:10FB9000C6542000C0BCB946B046F8BD542019E791
:10FBA000FFF7ACFDE060FFF7A9FD20613CE761795C
:10FBB000534BCA00521AD2009B18586A5E4A5C49DD
:10FBC000FFF783FD07002000FFF7C8FCC763228909
:10FBD000D3009B189B00504F3A68D05E574A584B51
:10FBE000800398461900FFF770FD81462000FFF75B
:10FBF000B5FC4B4603632289D3009B189B003A68EF
:10FC0000D3180220185E4F4A80034146FFF75DFD7E
:10FC100007002000FFF7A2FC476345E72000FFF73D
:10FC20009DFC036B52E7FFF741FD002818D1A26944
:10FC3000344B1A420FD02289D3009B189B00364ABE
:10FC40001268D3180227DF5FBF032000FFF79CFC78
:10FC50003F1A67613BE72000FFF780FC476BF4E742
:10FC6000FFF74CFD606132E76189274A8B005B1822
:10FC70005B001268D3181A795F793F0217433F047B
:10FC80003F142000FFF76AFC80462F4A2C493804B5
:10FC9000FFF71BFD4346D8621EE76179184BCA0087
:10FCA000521AD2009B18186A284A214F3900FFF7D0
:10FCB0000CFD80462000FFF751FC43468363244A35
:10FCC00039000020FFF701FD80462000FFF746FCC9
:10FCD000434603641F4A39000020FFF7F6FC8046C4
:10FCE0002000FFF73BFC434643641B4A39000020D9
:10FCF000FFF7EBFC07002000FFF730FC8764F0E61D
:10FD0000A86C041001000010A4E60220600003208B
:10FD10005CE50220CC0103205C0003204477031043
:10FD200045F701104C77031099F701105477031031
:10FD3000FDF60110E8F402200077031008770310A5
:10FD40006DF70110107703101C7703102477031050
:10FD50002C770310347703103C7703102E4FD30019
:10FD60009B1ADB00FB180420185E2C4A2C49FFF775
:10FD7000ACFC80462000FFF7F1FB43468384032060
:10FD8000FFF7EAFC80462000FFF7E8FB202342460D
:10FD9000C254244A24490020FFF797FC80462000E3
:10FDA000FFF7DCFB434683626279D3009B1ADB00DA
:10FDB000FF18092038561D4A1D4F3900FFF785FCF2
:10FDC00080462000FFF7CAFB21234246C254194A4D
:10FDD00039000020FFF779FC07002000FFF7BEFB89
:10FDE0002323C754A7E6FFF761FC002805D10220B2
:10FDF000FFF7B2FC06003D00A4E60220FFF7ACFCD2
:10FE0000471CF4E70023BEE62000FFF7A7FB4E23C4
:10FE10000022C252B8E6C046A86C04105C770310FA
:10FE200099F7011064770310FDF601106C77031049
:10FE300045F701107877031010B50400FFF7B2FD05
:10FE4000FFF780FC2071FFF7A7FCC30018188000A3
:10FE50000C4B1B681B18A360FFF750FCE060FFF71A
:10FE60004DFC2061FFF74AFC6061FFF729FC20761A
:10FE7000FFF744FCE061FFF741FC2062FFF73EFC26
:10FE8000606210BD5C00032010B50400FFF78AFD1E
:10FE9000FFF758FC2071FFF77FFCC30018188000A3
:10FEA000094B1B681B18A360FFF728FCE060FFF7F5
:10FEB00025FC2061FFF722FC6061FFF71FFCA061B9
:10FEC000FFF71CFCE06110BD5C00032010B50400CE
:10FED000FFF768FDFFF736FC2071FFF7F1FB60715B
:10FEE000FFF75AFCC300181880000A4B1B681B1848
:10FEF000A360FFF703FCE060FFF700FC2061FFF761
:10FF00004BFCA082FFF7FAFBA061FFF7F7FBE06173
:10FF100010BDC0465C00032010B50400FFF742FD91
:10FF2000FFF73AFCC30018188000124B1B681B181F
:10FF30006360FFF7E3FBA060FFF7E0FBE060FFF723
:10FF4000DDFB2061FFF7DAFB6061FFF7D7FBA06103
:10FF5000FFF7F8FB2077FFF7F5FB6077FFF7B0FBC3
:10FF6000A077FFF7CBFB2062FFF7ECFB2423E054E4
:10FF700010BDC0465C00032010B50400FFF712FD61
:10FF8000FFF70AFCC300181880000A4B1B681B18F7
:10FF90006360FFF7B3FBA060FFF7B0FBE060FFF723
:10FFA000ADFB2061FFF7AAFB6061FFF7A7FBA06133
:10FFB00010BDC0465C00032010B50400FFF7F2FC42
:10FFC000FFF7EAFBC300181880000A4B1B681B18D8
:10FFD0006360FFF793FBA060FFF790FBE060FFF723
:10FFE0008DFB2061FFF78AFB6061FFF787FBA06153
:10FFF00010BDC0465C00032010B50400FFF7D2FC22
:020000041002E8
:10000000FFF7CAFBC30018188000074B1B681B18BA
:100010006360FFF773FBA060FFF770FBE060FFF722
:100020006DFB206110BDC0465C00032010B5431E6F
:100030009841FFF733F910BD10B58078FFF7F6FF50
:1000400010BD000070B504004079FFF78DF90A2358
:10005000E05EFFF793F92000FFF7EEFFE0686189AB
:10006000D64A8B005B185B001168CA18C95C5378CC
:100070001B020B431B04984208D121699078D37866
:100080001B0203431B04994200D169E00120FFF7E2
:1000900005F9E068FFF72EF92069FFF72BF9A2694F
:1000A000C74B1A4260D06669A269C54B15001D4056
:1000B0001A4200D1A5E02289D3009B189B00C14AB7
:1000C0001268D35E9B039E4200D19FE0002D00D1B9
:1000D000A0E02289D3009B189B00BA4A1268D3186B
:1000E00002255D5FAD032000FFF74EFA2D1AAE42E8
:1000F00000D194E002210320FFF72AF96069FFF79D
:10010000F9F8A269AE4B1A4200D18DE0A269AC4B5E
:100110001A4200D19DE004202056AB4BAB4A01218E
:100120004942FFF7C9F8E0886279A94DD3009B1ACC
:10013000DB00EB185988A74BA74AFFF7BDF8A06969
:100140006279D3009B1ADB00ED18296BA34BA44AFC
:10015000FFF7B2F8A2699A4B1A4200D1A4E070BD31
:100160000020FFF79BF89AE72000FFF70DFA61796E
:10017000974BCA00521AD2009B18596A994B984A59
:10018000FFF79AF8A2698E4B1A4230D02289D30029
:100190009B189B008B4A1268D05E80032289D30093
:1001A0009B189B00874A1268D15E8F4B8F4A890348
:1001B000FFF782F8A269824B1A421DD02289D30030
:1001C0009B189B007F4A1268D3180220185E800398
:1001D0002289D3009B189B007A4A1268D318022107
:1001E000595E834B814A8903FFF766F85BE720007D
:1001F000FFF7B4F9006BD1E72000FFF7AFF9406BD0
:10020000E6E72000FFF7AAF9036B5CE70020FFF7A1
:1002100045F876E72000FFF7A1F9456B63E7022177
:100220000120FFF795F86CE72000FFF797F9C06A07
:100230006189624A8B005B185B001268D3181A79D7
:100240005979090211436B4B684A0904FFF734F8E6
:100250005CE72000FFF7AEF961795D4BCA00521AE6
:10026000D2009B18196A644B5D4D2A00FFF724F8F1
:100270002000FFF773F9006C604B2A000021FFF7A4
:100280001BF82000FFF76AF9406C5D4B2A00002143
:10029000FFF712F82000FFF761F9806C594B2A0034
:1002A0000021FFF709F836E72000FFF757F924236C
:1002B000C05E6279464DD3009B1ADB00EB18042127
:1002C000595E514B444AFEF7F7FF2000FFF746F90D
:1002D0002023C0560321FFF73BF82000FFF73EF92B
:1002E000806A4A4B3E4A0021FEF7E6FF2000FFF7F6
:1002F00035F92123C05C6279D3009B1ADB00ED182D
:1003000009216956424B314D2A00FEF7D5FF2000E6
:10031000FFF724F92323C0563E4B2A000021FEF7A5
:10032000CBFF2000FFF71AF94E23C35A002B3DD014
:10033000A269234B1A4230D10120FEF7AFFF200003
:10034000FFF70CF94E23C35A002B2DD08022120543
:10035000944663449B00304A9B1A9B109A00D21823
:100360001102891A4902C91A0A01521AD200D21876
:100370005200D3181801C01A0221FEF7E9FFA26942
:100380000F4B1A4200D0EAE62000FFF7E7F82223DD
:10039000C0560221FEF7DCFFE1E6204B204AF521A2
:1003A00020488900E9F778F80023D4E7A269044BD4
:1003B0001A42E4D10020FEF771FFE0E7A4E6022034
:1003C000010000105C0003204477031069F3011062
:1003D000A86C04104C7703107DF3011054770310C0
:1003E000F5F2011000770310087703103FF90110B0
:1003F000107703101C770310247703102C77031059
:10040000347703103C7703105C7703106477031094
:100410006C77031078770310E8F4022084770310D8
:1004200078C004109C77031010B50400FFF704FE99
:100430002079FEF799FFA268134B1B68D21A92101D
:10044000D3009B1A99015B18DB009B18D803C01AD4
:10045000C000801800B2FEF791FFE068FEF74AFF87
:100460002069FEF747FF6069FEF744FF207EFEF734
:100470001FFFE069FEF73EFF206AFEF73BFF606A60
:10048000FEF738FF10BDC0465C00032010B5040025
:10049000FFF7D2FD2079FEF767FFA2680F4B1B68BC
:1004A000D21A9210D3009B1A99015B18DB009B189B
:1004B000D803C01AC0008018FEF71CFFE068FEF7E2
:1004C00019FF2069FEF716FF6069FEF713FFA069A8
:1004D000FEF710FFE069FEF70DFF10BD5C00032082
:1004E00010B50400FFF7A8FD2079FEF73DFF607905
:1004F000FEF7DEFEA268114B1B68D21A9210D300E1
:100500009B1A99015B18DB009B18D803C01AC00026
:10051000801800B2FEF732FFE068FEF7EBFE2069BC
:10052000FEF7E8FE1423E05EFEF728FFA069FEF761
:10053000E1FEE069FEF7DEFE10BDC0465C00032070
:1005400010B50400FFF778FD6268184B1B68D21ADB
:100550009210D3009B1A99015B18DB009B18D803FB
:10056000C01AC000801800B2FEF708FFA068FEF7AE
:10057000C1FEE068FEF7BEFE2069FEF7BBFE6069C3
:10058000FEF7B8FEA069FEF7B5FE207FFEF7ECFE91
:10059000607FFEF7E9FEA07FFEF78AFE206AFEF785
:1005A000A9FE2423E05CFEF7DFFE10BD5C00032003
:1005B00010B50400FFF740FD6268104B1B68D21AAB
:1005C0009210D3009B1A99015B18DB009B18D8038B
:1005D000C01AC000801800B2FEF7D0FEA068FEF777
:1005E00089FEE068FEF786FE2069FEF783FE6069FB
:1005F000FEF780FEA069FEF77DFE10BD5C000320C3
:1006000010B50400FFF718FD6268104B1B68D21A82
:100610009210D3009B1A99015B18DB009B18D8033A
:10062000C01AC000801800B2FEF7A8FEA068FEF74E
:1006300061FEE068FEF75EFE2069FEF75BFE606922
:10064000FEF758FEA069FEF755FE10BD5C000320C2
:1006500010B50400FFF7F0FC62680D4B1B68D21A5E
:100660009210D3009B1A99015B18DB009B18D803EA
:10067000C01AC000801800B2FEF780FEA068FEF726
:1006800039FEE068FEF736FE2069FEF733FE10BD46
:100690005C00032070B50500002402E0FEF764FE54
:1006A0000134285D0028F9D103E00020FEF75CFE4C
:1006B0000134172CF9DDF3F7C9F8C0B2FEF754FE88
:1006C000FEF78EFDFEF716FE0E4B1878FEF74CFE79
:1006D0000D4B1878FEF748FE0C4B1878FEF744FED9
:1006E0000024032C05DC0A4B185DFEF7D7FD01340E
:1006F000F7E7084B18680002000A1821FEF728FEE9
:1007000070BDC0466D1C03206A1C03206B1C0320B7
:10071000E4F4022044E1022010B5002402E0FFF7D7
:1007200011F80134172CFADDFFF70CF80400F3F789
:100730008DF8844201D0002010BDFEF7DFFF0400D9
:10074000FEF74EFD844201D00020F5E7FEF7FAFFE8
:100750000C4B1870FEF7F6FF0B4B1870FEF7F2FF0C
:100760000A4B1870002404E0FEF7A0FF084B185550
:100770000134032CF8DD1820FEF7EEFF054B18605E
:100780000120D9E76D1C03206A1C03206B1C032089
:10079000E4F4022044E1022010B5FEF7D3FF1D3837
:1007A00043425841C0B210BD10B51D20FEF7DCFD1C
:1007B00010BD000010B5002400E00134032C0ADC59
:1007C000054B1B5D002BF8D0D4206043034BC018B1
:1007D000FEF7F4FDF1E710BDE4F40220E8F4022096
:1007E000F8B5002400E00134032C12DC094B1B5D3A
:1007F000002BF8D0D4266643074FF5192800FEF7E2
:10080000EAFF0023F3512A00A0321360AC352B60BD
:10081000E9E7F8BDE4F40220E8F40220F0B5CE46A2
:10082000474680B585B0804B1D68002711E0002049
:10083000FEF734FD7D4B19680B68009A9B1ADB00AC
:100840000A7B6846007B121A9B18072B58D0013789
:100850002435774B1B88BB425CDD744B1B686A46B2
:1008600051CB51C21B6813600120FEF717FD002316
:10087000E85E8010FC00E41B64006E4E3368195F74
:100880006D4B6E4A9046FEF717FD0223E85E80101E
:1008900033681B190221595E694B4246FEF70CFD75
:1008A000E87933681B190421595E664B664A914604
:1008B000FEF702FD287A33681B190621595E634B47
:1008C0004A46FEF7F9FC0423E85E33681B19082149
:1008D000595E5F4B4246FEF7EFFCAB795B06DB0EE1
:1008E000326812190A21525E9342A0D00120FEF70D
:1008F000D5FCA8794006C00E0521FEF729FD99E731
:100900006B460A0051CB51C21B6813600020FEF7F2
:10091000C5FC9CE74F4B0020185EFEF72FFD4E4BA9
:100920001D6800265CE04D4B4D4A4E484E49E8F7A5
:10093000B3FD280004F0D0FF43425841FEF7AEFC5F
:1009400065E00021380005F037F9020031E00021B0
:10095000380005F06FF9FEF7A1FC2CE00221380009
:1009600005F02AF902002AE00221380005F062F9B8
:10097000FEF794FC25E00121380005F01DF9020086
:1009800023E00134012C29DC231D5B00EB189A784D
:10099000DB781B0213431B041B145A1CF1D0334A8F
:1009A00017685A00D3189B00FF180423FA5E502AD8
:1009B000C7DD512ACBD90623FA5E502ACEDD512A53
:1009C000D2D90823FA5E502AD5DD502AD9D8012180
:1009D000380005F02FF9FEF761FCD2E70E3501363D
:1009E000234B1B88B34219DD280004F075FF002853
:1009F00008D0280004F070FF0400280004F03CFF39
:100A0000844290D1280004F037FF002891D12800BB
:100A100004F0DAFFFEF742FC0024B3E705B0C0BCE7
:100A2000B946B046F0BDC0465C0003206C0103200F
:100A3000041C0320AC170320D87703107DF30110AA
:100A4000E4770310F477031069F3011000780310C2
:100A50000C780310F41B03205CE5022018780310C7
:100A6000C0C004109C77031064080000CC01032070
:100A7000FC1B0320F8B5CE46474680B5724B1C6878
:100A8000002501E001352434704B1B88AB4250DD5A
:100A9000FEF70CFE0028F5D0EE00761B76006C4BBE
:100AA00098461B68985F6B4A6B4F3900FEF70DFE46
:100AB00001042000FEF72EFD43461B689B1902200F
:100AC000185E664A3900FEF700FE01042000FEF7BA
:100AD00033FD43461B689B190420185E604A614B36
:100AE00099461900FEF7F1FDE07143461B689B191A
:100AF0000620185E5C4A4946FEF7E7FD2072434631
:100B00001B689B190820185E584A3900FEF7DDFD66
:100B1000A080FEF7CBFD0028B4D00520FEF71CFE18
:100B20001F2303409B00A0797C2290431843A071AF
:100B3000A8E7FEF731FE4E4B18804E4B1D6800268D
:100B40006FE0FEF7B3FD002874D0280004F05EFECD
:100B500070E0280004F06EFF70E00021380005F01E
:100B60002BF880463EE0FEF7A1FD00283DD0012392
:100B700042465A4011B2380005F088F835E00221AB
:100B8000380005F019F8804634E0FEF78FFD0028A4
:100B900033D0012342465A4011B2380005F0EAF83A
:100BA0002BE00121380005F007F880464346512B21
:100BB00029D90134012C32DC231D5B00EB189A7813
:100BC000DB781B0213431B041B145A1CF1D02A4A66
:100BD00017685A00D3189B00FF180423FA5E502AA6
:100BE000BBDD90464346512BBDD90623FA5E502A01
:100BF000C5DD90464346512BC7D90823FA5E502ADB
:100C0000CFDD9046D2E7FEF751FD0028D1D0012379
:100C100042465A4011B2380005F072F8C9E70E3565
:100C20000136164B1B88B3420ADD280004F024FE6F
:100C3000002886D1FEF73AFD00288AD10024B9E7C2
:100C4000C0BCB946B046F8BD5C000320041C0320BC
:100C5000AC170320D877031099F70110E47703103D
:100C6000F477031045F70110007803100C78031097
:100C7000F41B03205CE50220CC010320FC1B0320B5
:100C800010B5134B1C88002C05D080231B059C46F7
:100C90006444A40009E0002407E00020FEF7FEFA07
:100CA0002000FFF7CFF906E00024094B9C420BD04F
:100CB000A378092BF1D02488002CF5D080231B05C4
:100CC0009C466444A400F0E70120FEF7E7FA10BD5B
:100CD000A407032070B5314B1D88002D1DD0802343
:100CE0001B059C466544AD0007E00024AB78092B4A
:100CF0000FD0280003F0BEF82500284B9D420ED0EF
:100D00002B88002BF1D080221205944663449C006E
:100D1000ECE72800FCF7D8FAEBE70025EDE702F056
:100D2000F7FF0FE0FEF71AFC00254C23C552200008
:100D3000FEF714FC5023C5520FE00923A3702000D6
:100D400002F0F8FFFEF7B2FC002826D1FEF730FED5
:100D500004008269124B1A42E4D02000FBF794FE93
:100D6000A2690F4B1A42E8D10E4B1D682289D300AD
:100D70009B189B00EE5E2000FEF7F0FBB6030663B7
:100D80002289D3009B189B00ED180223ED5E200002
:100D9000FEF7E4FBAD034563CFE770BDA407032076
:100DA000010000105C00032070B5354B1C88002C3E
:100DB0005DD080231B059C466444A40023E00025ED
:100DC0001D2D09DC2F4B6A00D65A2000FEF708FCC7
:100DD000864201D00135F3E71D2D0CDC0020FEF723
:100DE000C8FA2000FFF720FB05E00020FEF7C1FA5B
:100DF0002000FFF719FB2488002C3AD080231B0524
:100E00009C466444A4001E4B9C4234D0A378082B1B
:100E1000F1D89B001C4AD3589F460120FEF7A9FA3F
:100E20002000FFF733FBE6E70220FEF7A2FA2000DE
:100E3000FFF756FBDFE70320FEF79BFA2000FFF7E2
:100E40007FFBD8E70420FEF794FA2000FFF7B0FB01
:100E5000D1E70520FEF78DFA2000FFF7D1FBCAE7A6
:100E60000620FEF786FA2000FFF7F2FBC3E7002416
:100E7000C9E70024C7E70720FEF77BFA70BDC0462C
:100E8000A4070320D81E0120FCBF041070B516E093
:100E900005212820E1F7D4FD0400FEF7CDFFA56869
:100EA0002000FEF79DFBE882A378002B01D00123F0
:100EB000A370200002F03EFF2000F5F75FF8FEF778
:100EC00066FCFF231840072866D88000344B1B5867
:100ED0009F4605212020E1F7B3FD0400FEF7D4FF73
:100EE000A5682000FEF77CFBE8820223A3702000A7
:100EF00002F020FFE3E705212020E1F7A1FD040037
:100F0000FEF7E4FFA5682000FEF76AFBE8820723EE
:100F1000A370200002F00EFFD1E705212820E1F7A1
:100F20008FFD0400FEF7F8FF65682000FEF758FB10
:100F3000E882A378002B01D00323A370200002F0E5
:100F4000F9FE2000FDF74CFAB9E705211C20E1F776
:100F500077FD0400FFF710F80523A370200002F0CE
:100F6000E9FEACE705211C20E1F76AFD0400FFF76C
:100F700023F80623A370200002F0DCFE9FE7052182
:100F80001420E1F75DFD0400FFF736F80823A37095
:100F9000200002F0CFFE92E700BE90E770BDC04691
:100FA00020C0041010B5104B1B68002B02D00E4B54
:100FB000186810BD0C4B812252051A600A4B1C6840
:100FC00088235B059C42F2D2802280219200490551
:100FD00020000FF0B5FF0028E9D0034B80229203D8
:100FE000944664441C60E9E7102F0120F8B5CE4612
:100FF000474680B505000C00FFF7D4FF021F374BB2
:101000001E68374B1868017843781B020B438178C0
:1010100009041943C3781B060B43B14699440023C6
:1010200014E0D80028180026066046600133507886
:101030009842F6DCDA00AA18081D106057600A1FF3
:10104000012100E0002100293AD00133A34237DA20
:1010500011785329F6D15078984225DBA04225DA41
:101060009778D17809027F1804214942C91B511889
:1010700089451DD80E78B72E1CD14E78B0421BD1B1
:101080008878844655207840C0B2844516D1C87807
:101090008446381280465620404246467040C0B2D0
:1010A0008445C4D00021CEE70021CCE70021CAE767
:1010B0000021C8E70021C6E70021C4E70021C2E7FC
:1010C000A34206DADA00AA18002111605160013348
:1010D000F6E7C0BCB946B046F8BDC046C01A00200D
:1010E00044180320F0B5DE4657464E464546E0B567
:1010F000A1B00400884617000393082110A8FFF749
:1011000075FFFFF74FFF0500002300220292002623
:101110000AE0A34213D0DA0010A98C466244526858
:101120000832B61802930133072B0AD8DA0010A947
:101130005258002AF7D0A342EBDA151FE9E70293D1
:10114000F1E76E4B19686E4B1868027843781B0202
:101150001343827812041A43C3781B0613438A464A
:101160009A44FFF71FFF5346C01A831B9946082372
:101170009A46BA44634852464946EAF749FCCA458A
:1011800007D9002021B0F0BCBB46B246A946A04614
:10119000F0BD0AF0B9FD04235B42DB1B9946A9446C
:1011A000594853462A004946EAF732FC029BA342BB
:1011B00031DDDB0010AA995800296CD0E30010AA99
:1011C0009B58002B6DD0043B9A4604394346002BB4
:1011D00069D008235B42DB1B9B46AB4453465B1A3A
:1011E000002B62DD5A46D21A0792089109934748AC
:1011F0005E46019600925246EAF70AFC099AB21A34
:10120000D3459B415B420193039B00935B460121C5
:1012100007A810F035F84346002B4CD005AA5323FD
:101220001370E4B25470F8B29070390AC9B2D17038
:1012300006ABB7261E705C7055246040987056202F
:1012400040424140D970291F079108920422099217
:1012500049460A9141460B910C9708246442E41BCD
:101260002C190D940E930F922948EAF7A1FB012344
:101270000193039B00932B002200032107A80FF08A
:10128000FFFF2448EAF794FB0AF0A0FD2248EAF7A2
:101290008FFB012076E7214B214A22482249E8F7BB
:1012A000FBF8AA4691E7AB4698E7204B1C4A1D483D
:1012B0001F49E8F7F1F8029BA342E2D1E30010AA2C
:1012C0009B58002BDDD01B482100EAF7A1FB00232F
:1012D000069310ABE400E2581B195B68D218079222
:1012E00006AB089304230993131D0121019103996F
:1012F0000091012107A80FF0C3FFC2E7C01A002028
:10130000441803205878031070780310C078031035
:10131000E878031020790310387903108C780310D3
:1013200040C004109C770310D30A0000A478031077
:10133000D80A000010790310827AC37A1B02134383
:101340001B041B145A1C0ED0084A10685A00D318EC
:101350009B00074A1268D3180A229A5ED3009B1892
:101360009B00C01870470020FCE7C0465C000320CB
:10137000CC010320027B437B1B0213431B041B1481
:101380005A1C0ED0084A10685A00D3189B00074A0E
:101390001268D3180A229A5ED3009B189B00C018CB
:1013A00070470020FCE7C0465C000320CC0103200E
:1013B00010B58B0402D48913018010BD024B034A7F
:1013C0000348B821E8F768F8807103104CC1041095
:1013D000A071031010B58B0402D48913418010BD95
:1013E000024B034A0348C021E8F756F88071031006
:1013F00030C10410A071031070B5104B1B885B4303
:101400000733DA1707241440E418E41005B2280063
:10141000E1F7DAF984420BDCAD00094B1B685B593C
:101420001B021B0A074A1268D318074A136070BDD3
:10143000064B074A07480849E8F72EF8041C032022
:101440006CE60220C01A0020A4F8022084180310C1
:1014500010C1041058790310EB03000010B504B25A
:101460002000E1F7B1F98008064B1880A400064B74
:101470001B681B591B021B0A044A1268D318044A32
:10148000136010BD121C03206CE60220C01A00205D
:101490007009032010B500B28300094A1268D358BE
:1014A0001B021B0A074A1468E418E1F78DF90C21A6
:1014B000E9F728FA044B1880044B1C6010BDC046A5
:1014C0006CE60220C01A0020061C032060000320E6
:1014D00010B504B22000E1F777F9C30F18184010D7
:1014E000064B1880A400064B1B681B591B021B0AE5
:1014F000044A1268D318044A136010BD0E1C03205E
:101500006CE60220C01A002078050320F8B507B267
:10151000BB002A4A1268D3581B021B0A284A1568C6
:10152000ED183800E1F750F90E21E9F7EBF9254CF9
:1015300020800004030C400BC01880000521E1F757
:101540007FFA214E30602388DA00D2189200002101
:10155000EAF7D0F81D4B1D603468002625E0002313
:10156000E95E09042000FFF723FF0223E95E090476
:101570002000FFF72FFF0422AB5EE3710622AB5E73
:1015800023720822AB5EA3806B891F221A4092004F
:10159000A3797C218B431343A3710C22AB5E63813F
:1015A0000023A382013624340E35064B1B88B34238
:1015B000D5DC3800E1F730F9F8BDC0466CE6022012
:1015C000C01A0020041C03205C000320AC17032079
:1015D00010B504B22000E1F7F7F81C21E9F792F901
:1015E000064B1880A400064B1B681B591B021B0AE4
:1015F000044A1268D318044A136010BD021C032069
:101600006CE60220C01A00201CF2022070B500B265
:101610008300224A1268D3581B021B0A204A15680D
:10162000ED18E1F7D1F80A21E9F76CF906001D4B36
:101630001D601D4B1880002404E0A0B2FCF77CFB69
:1016400001340A35B44211DA184B1B78022BF4D05E
:10165000AA79EB791B0213431B041B14403B9BB27A
:10166000192BEAD8124ADA40D207E6D5114B1B787B
:101670005BB2002B10D070BD0F4A0021D154013352
:10168000032BF8DC0D4AD25C002AF5D00A4AD25C62
:10169000002AF1D100BEEFE70023F1E76CE602205B
:1016A000C01A0020A4E60220001C0320B91C002060
:1016B000BF001003561C032060F80220E4F402204F
:1016C00070B500B283001D4A1268D3581B021B0A72
:1016D0001B4A1468E418E1F777F80E21E9F712F9CC
:1016E000184D2880184B1C600404240C1F34E4108F
:1016F00005212000E1F7A4F9144B18602A88144B47
:101700001B889A4214D305212000E1F799F9114B67
:10171000186022000021E9F7EDFF05212000E1F724
:101720008FF90D4B186022000021E9F7E3FF70BD2F
:101730000A4B0B4A0B480C49E7F7AEFE6CE6022059
:10174000C01A0020FC1B03205CE502204CE50220AF
:10175000041C032048E5022050E502209479031080
:1017600020C10410587903104202000010B50C4B40
:1017700000221A7004B22000E1F726F80C21E9F7E4
:10178000C1F8084B1880A400074B1B681B591B02AB
:101790001B0A064A1268D318054A136010BDC046DA
:1017A000981C0320081C03206CE60220C01A0020AD
:1017B000CC01032010B500B28000154B1B681A58ED
:1017C0001202120A134B1B689B18134A136019006C
:1017D0000831124A116000215A5E120410490A6051
:1017E00002215A5E12040F490A609A880E490A8043
:1017F000DC880E4B1C805443640005212000E1F777
:101800001FF90B4B186022000021E9F773FF10BD90
:101810006CE60220C01A0020A01F01209C1F01209E
:10182000A41F0120A81F0120E01B0320DE1B0320B2
:10183000981F0120F0B5C64600B584B0904B1D68D6
:10184000904B00221A60002701E00E3501378E4BC5
:101850001B88BB421ADD8B4B1E68721C1A60280065
:10186000FFF76AFD8389013383812800FFF782FD3A
:10187000041EEAD02800FFF75FFD8442E5D0A3896B
:101880000133A3817F4B02361E60DEE77D4C20686A
:1018900040000521E1F7D4F87C4B18600023236059
:1018A00000210EE0774C2068794BCA005218920054
:1018B0001B689B1818839A898018206000229A81DF
:1018C0000131744B1B888B42ECDC6D4B1C6800258E
:1018D0001AE06B4B1A68A21A5210D3009B18990198
:1018E0005B18DB009B18D9035B18DB009B185B427D
:1018F000328BB18952186549520009688B52B389FD
:101900000133B3810E3401355F4B1B88AB4228DDB8
:101910002000FFF711FD002818D0594B1A68A21AB1
:101920005210D3009B1899015B18DB009B18D90358
:101930005B18DB009B185B42028B8189521853496C
:10194000520009688B528389013383812000FFF79D
:1019500011FD061ED6D02000FFF7EEFC8642B8D15E
:10196000D0E74B4B1D680023984678E0444B1A683B
:101970002B8B1B19454909685B00595ACB005B1A30
:101980005B00D718D25C7B781B0213431B049B13AC
:10199000414E3168CA18CB5C5178090219439378DB
:1019A000D27812021A43120409046846E0F7C2F81A
:1019B000BA78FB781B0213431B049B133168CA18C7
:1019C000CB5C5178090219439378D27812021A43FA
:1019D000120409046846E0F7ADF80134AB89A3426C
:1019E000C4DC039B02995818C20F12185210EA6106
:1019F000009A01981618F40FA41964102C62274C51
:101A00002468121B8026B603B4466244D215244EC5
:101A10003688964200DC721E2A74021B21488446D6
:101A20006244D015002A23DB68741F4A12689B1A8F
:101A30008020800384466344DB151C48008898425C
:101A400000DC431EEB748B1A164A94466344DA1585
:101A5000002B0FDBAA7401239C46E04424350D4B78
:101A60001B88434508DD6846E0F75AF80024B5E7CF
:101A70000020D9E70022EDE704B080BCB846F0BDF5
:101A80005CE50220E8080320FC1B032054E502204B
:101A90005C000320041C032070090320A81F012000
:101AA000DE1B03200000E0FFA41F0120E01B032039
:101AB00070B584B004000E00534B0022DA61534924
:101AC0000A6053490A6053490A60B4321A6200201E
:101AD0000CE0514AD4234343D21813009833002515
:101AE0001D6004331D609432156001300328F0DD61
:101AF0004A4B00215956484BD4224A439B18012295
:101B00001A6106F0F3FA06210520E1F769F802F000
:101B1000FFF8434B1B78022B50D001AB45221A70C3
:101B200030345C7008329A703036DE7000221A71E0
:101B300001A8E0F741FE040082003A4B1B689B18A5
:101B4000394A1360394B00251D600A30FFF732FE19
:101B5000201DFFF783FC20000830FFF7D7FCE01CB6
:101B6000FFF704FEA01CFFF7ABFDA01DFFF7B0FCC4
:101B7000E01DFFF72DFD601DFFF78CFCFFF75AFEFF
:101B800020000930FFF738FC294B1D70294B2A4AE9
:101B90001A60601CFFF73AFD284B1B785BB2002BE4
:101BA0002CD1274B00221A70264B1A7001F00AFA2A
:101BB000254B1B78002B23D104B070BD092E06DC09
:101BC000224A3300092101A8E8F702FEB0E7204AC3
:101BD0003300092101A8E8F7FBFDA9E70E4BD42249
:101BE00062430021D1502000F1F742F90134032C67
:101BF000D7DC184B1B5D002BF8D0EFE70024F6E78D
:101C000003F08FFAD8E7C04654180320EC080320ED
:101C1000E0080320E4080320E8F402204B1C032022
:101C2000B91C00206CE60220A0E6022044E102205C
:101C3000401C0320982D01209C2D0120561C0320C0
:101C4000781C0320771C03204C1D0020AC79031066
:101C5000B4790310E4F4022010B501F0D3FA00F0D7
:101C60008DFB05F07BFA10BD027B437B1B02134307
:101C70001B041B145A1C0ED0084A10685A00D318B3
:101C80009B00074A1268D3180A229A5ED3009B1859
:101C90009B00C01870470020FCE7C0465C00032092
:101CA000CC0103208279C3791B0213431B041A144D
:101CB0005B139B1A5B00104A1268D218017A437AB0
:101CC0001B020B431B041B1404335B00D3189A78CC
:101CD000DB781B0213431B041A14DB139B189B00B5
:101CE000064A1268D3180A229A5ED3009B189B00FA
:101CF000034A1068C01870475CE50220CC0103203D
:101D00005C0003208279C3791B0213431B041A145D
:101D10005B139B1A5B00144A1268D21813795B0795
:101D200020D5017A437A1B020B431B041B140121AB
:101D30004B401BB204335B00D2189178D3781B025E
:101D40000B431B041A14DB139B189B00074A1268F1
:101D5000D3180A229A5ED3009B189B00044A10688D
:101D6000C01870470020FCE75CE50220CC0103208E
:101D70005C00032010B58269054B1A4200D110BDEA
:101D8000044B054A7C210548FF31E7F785FBC04637
:101D9000010000108C32031064C10410A43203103F
:101DA00010B58269074B1A4207D04179064BCA0029
:101DB000521AD2009B18586A10BDFFF7DBFFC06BA8
:101DC000FAE7C04601000010A86C041030B5936813
:101DD000002B0BD11368834225D004DBD368D817BE
:101DE000C01AC00F30BDD068C00FFBE7D468002C0C
:101DF0000AD15268824218D08A4201DBD80FF1E73B
:101E0000D817C01AC00FEDE71568401B5268891A31
:101E100024140014604309141B144B43984206DC3D
:101E200007D00120DEE70220DCE70220DAE700200D
:101E3000D8E70220D6E7F8B505000C00C868A96805
:101E40000012DFF7FEFE0600A068E9680012DFF767
:101E5000F8FE371A864201D13800F8BD20682B6899
:101E6000C01AE1680012DFF7ECFE060068686368DC
:101E7000C01AA1680012DFF7E4FE30183900DFF75E
:101E8000E5FE0700E8E70000F0B5DE4657464E469F
:101E90004546E0B587B0804B1B88834200DC00BE1E
:101EA0007E4B1A68400012187D4B1E6851884B000B
:101EB0005B189B009B46B344128853009B189B0001
:101EC000F61813E0BF03A8E083039846AEE00223B0
:101ED000EA5E0221635E9A4200D0C4E0714B1A6848
:101EE000714B1B689A4200DCCDE00C365E4500D198
:101EF000C7E06E4B1D68B279F3791B0213431B04D4
:101F00001A145B139B1A5B00ED18280003F022FDE6
:101F100081460028E9D1664B1A6829786B781B0244
:101F20000B431B049B13D1188846A978EC78240234
:101F30000C432404A4131419D35C424657783F027F
:101F40001F433F049378D17809021943594B090480
:101F50009A461A003800FFF739FF0190237860781D
:101F600000021843A378E178090219430904000428
:101F70005246FFF72BFF019B8342B6D002974346A0
:101F80009A78DB781B0213431B040393227863784F
:101F90001B0213431B0442461178527812020A4373
:101FA00012049B1A0493A278E3781B0213431B04C8
:101FB00042469178D27812020A4312049B1A059382
:101FC00053465968186802AAFFF700FF04003A4B0D
:101FD00019683A4B186802AAFFF7F8FE844284D0C9
:101FE0002800FFF741FE00284DD02B795B074AD52A
:101FF0003000FFF757FE05003000FFF783FE0400B6
:102000002A6803689A4200D16FE70222AB5E02227F
:10201000875EBB4200DB55E79F030022AB5E0022D8
:10202000A05E834200DC4FE79B03984647452ADDCC
:10203000204802A9FFF7FFFE82460023EA5E002146
:10204000635E9A4200D142E71D4B18684346181A56
:102050005146DFF7FBFD144B1B68834200DB36E77C
:10206000114B186033E7164B1868381A5146DFF7E2
:10207000EDFD0C4B1B68834200DC2FE7094B186019
:102080002CE701239946484607B0F0BCBB46B24650
:10209000A946A046F0BDC0460E1C032078050320CB
:1020A00060000320D0080320F81F01205CE5022017
:1020B000700903204C050320200703201C07032080
:1020C000D801032070B580231B0204001C40184275
:1020D0000AD0431C04D0204B1840FFF7D5FE70BD3A
:1020E0000020FFF7D1FEFAE71C4B1E68C5002D1A31
:1020F000AD0076191A4B59681868320003F09EF843
:10210000022800D00400154B1B685B1922000C321A
:102110005200D15C9B18587800020843FFF7D2FFA9
:102120000028DCD00F4B19680F4B1868320003F001
:1021300085F8A0420ED0094B1B685B190122544060
:102140000C346400E25C1B19587800021043FFF75E
:10215000B9FFC4E70120C2E7FF7FFFFF1CF20220A6
:102160004C050320200703201C070320F8B50500B9
:102170000C000389D800C018C3001B1A9A019B18D1
:10218000DB001B18DA03D21AD20011182389D800F9
:10219000C018C3001B1A9A019B18DB001B18DA0336
:1021A000D31ADB001B18234A12884A43D318D910CC
:1021B00007221A40012393401F4A1268525C1342BF
:1021C00005D01E4A1368013313600020F8BD1B4A76
:1021D00053680133536003F063FC194A13780133E9
:1021E00013706E692800FFF7DBFD36188010361A71
:1021F000144B1E6067692000FFF7D2FD3818801B62
:10220000114B1860BF1B114B1F60EE68104B1E6016
:1022100028695860E1680F4A116022690E4C2260FB
:10222000891B9960121ADA600C4B18880138FFF785
:1022300049FFCBE7041C0320A4F80220D0010320AF
:10224000581F0020D8010320D0080320F81F0120C8
:102250004C0503201C07032020070320021C032039
:10226000827AC37A1B0213431B041B145A1C0ED020
:10227000084A10685A00D3189B00074A1268D318FE
:102280000A229A5ED3009B189B00C018704700205A
:10229000FCE7C0465C000320CC010320027B437BAB
:1022A0001B0213431B041B145A1C0ED0084A10684F
:1022B0005A00D3189B00074A1268D3180A229A5E64
:1022C000D3009B189B00C01870470020FCE7C04655
:1022D0005C000320CC0103200A4B1B785BB2002B6F
:1022E00007D0084B00221A70074B1A60074B1632B2
:1022F0001A60054B1B680360044B00229B5E0B8039
:102300007047C046241F0020B0080320B4080320F3
:1023100010B58269054B1A4200D110BD044B054A25
:102320007C210548FF31E7F7B7F8C04601000010EF
:102330008C32031058C40410A432031010B50028C6
:102340000FD0094A094BC318934204D8830702D11E
:102350008003000C10BD064B064A0748CC21E7F766
:102360009BF80020F6E7C046FCFF0300FCFFFFDF00
:10237000141A031034C40410385C031070470000B2
:10238000C300181880000F4B1B681B181B8B5B18B1
:102390000D4909685B005B5AD900C91A49000B4B0B
:1023A0001B685B18043252009A189178D3781B028C
:1023B0000B431B041A14DB139B189B00044A106880
:1023C000C01870475C00032054E502205CE5022041
:1023D000CC01032010B5144B1C68C3001B189B00D4
:1023E000E3181B8B5B18114909685B005B5AD90025
:1023F000C91A49000E4B1B685B18043252009A1828
:102400009178D3781B020B431B041A14DB139B181F
:102410009B00084A1268D3180A229B5ED800C01895
:102420008000201810BDC0465C00032054E5022047
:102430005CE50220CC010320C300181880000C4B7F
:102440001B681B181B8B5B180A4A12685B009A5AA0
:10245000D3009B1A5B00084A1268D3181A795B797B
:102460001B0213431B041B14042018407047C04672
:102470005C00032054E502205CE5022070B50400F6
:102480000D0003795B0708D5FFF7EAFEA84200D0EC
:1024900070BD2000FFF702FFFAE70020F8E7000018
:1024A00070B505000023C65EB603002400E00134C9
:1024B000AB89A34217DD0D4B18682B8B1B190C4AF7
:1024C00012685B009A5AD3009B1A5B00C01829005F
:1024D000FFF7D4FF0028EAD00022835E9B03B342BB
:1024E000E5DA1E00E3E7300070BDC0465CE502207F
:1024F00054E5022070B50500104E002400E00134C0
:10250000AB89A34217DD0E4B18682B8B1B190D4AA4
:1025100012685B009A5AD3009B1A5B00C01829000E
:10252000FFF7ACFF0028EAD00022835E9B03B34292
:10253000E5DD1E00E3E7300070BDC04600000CFE84
:102540005CE5022054E50220F0B599B00600019147
:102550000C000027002508E01C000022835E9B037E
:10256000BA0002A9535001370135B389AB421BDDD4
:10257000164B1868338B5B19154A12685B009A5A20
:10258000D3009B1A5B00C0183100FFF777FF0028CB
:10259000EAD00022835E9B03A342E5DD152FDBD04A
:1025A000162FDAD100BED8E7002F0CD002980123F5
:1025B00000E00133BB4207DA9A0002A95258824276
:1025C000F7DA1000F5E7019819B0F0BD5CE50220DC
:1025D00054E5022070B50500104E002400E00134DF
:1025E000AB89A34217DD0E4B18682B8B1B190D4AC4
:1025F00012685B009A5AD3009B1A5B00C01829002E
:10260000FFF73CFF0028EAD00222835E9B03B3421F
:10261000E5DA1E00E3E7300070BDC046FFFFFF7F34
:102620005CE5022054E5022070B505000026002478
:1026300000E00134AB89A34217DD0D4B18682B8BEA
:102640001B190C4A12685B009A5AD3009B1A5B0054
:10265000C0182900FFF712FF0028EAD00222835E8B
:102660009B03B342E5DD1E00E3E7300070BDC046CA
:102670005CE5022054E5022010B5037A447A240276
:102680001C4324042414481C00E00130084B1B8820
:1026900083420ADD074AC3001B189B001268D31847
:1026A0000A229B5E9C42F0D101E00120404210BD15
:1026B000041C03205C00032070B505000E000024FC
:1026C00000E00134AB89A34216DD0C4B18682B8B5C
:1026D0001B190B4A12685B009A5AD3009B1A5B00C5
:1026E000C0182900FFF7CAFE0028EAD00422835E42
:1026F000B342E6DA1E00E4E7300070BD5CE502207C
:1027000054E5022070B50C001500C94B1E68C300CB
:102710001B1A5B00F6181000FFF7FAFD4E23C35A90
:10272000002B14D16B79102B04D004D31F3BDBB2E8
:10273000042B00D870BD300003F0CEF8582806D026
:102740000EDC0A2803D0272801D00428F2D130005B
:1027500003F0C2F88D28EDD88000B64B1B589F4679
:102760006128F4D0E6DB7D380128F0D9E2E70321C7
:102770003000F3F755FE300003F048F8DAE70221A5
:102780003000F3F74DFE300003F040F8D2E70021AF
:102790003000F3F745FE300003F038F8CAE70321B4
:1027A0003000F6F751FC300003F030F8C2E70421A6
:1027B0003000F3F7B5FC300003F028F8BAE7002149
:1027C0003000F6F731FE300003F020F8B2E70022C7
:1027D00001213000FBF71AFE300003F017F8A9E7DB
:1027E00000213000F7F782FF300003F00FF8A1E777
:1027F000FF213000F7F77AFF300003F007F899E780
:1028000001213000F3F70CFE300002F0FFFF91E7EA
:102810003000F7F709FF300002F0F8FF8AE70021E7
:102820003000F6F711FC300002F0F0FF82E70022E2
:1028300003213000FBF7EAFD300002F0E7FF79E703
:1028400003213000F3F76CFC300002F0DFFF71E78A
:1028500005213000F6F7F8FB300002F0D7FF69E7FA
:1028600023213000F7F742FF300002F0CFFF61E78D
:1028700002213000F6F7E8FB300002F0C7FF59E70D
:1028800006213000F6F7E0FB300002F0BFFF51E711
:1028900001213000F6F7D8FB300002F0B7FF49E71E
:1028A0002A002100300001F009F9300002F0AEFFEB
:1028B00040E701213000F3F733FC01213000F6F747
:1028C000C3FB300002F0A2FF34E702213000F3F72F
:1028D00027FC300002F09AFF2CE7F0F77FFB29E796
:1028E000002200213000FBF791FD300002F08EFF46
:1028F00020E73000FBF74EFD300002F087FF19E7BC
:1029000009213000F6F7A0FB300002F07FFF11E74D
:102910003000F3F77FFC300002F078FF0AE7072170
:102920003000F6F791FB300002F070FF02E708215B
:102930003000F6F789FB300002F068FFFAE630005D
:10294000F7F78EFE300002F061FFF3E6052130005C
:10295000F3F766FD300002F059FFEBE60621300088
:10296000F3F75EFD300002F051FFE3E60121300095
:10297000F6F75AFD300002F049FFDBE60721300090
:10298000F3F74EFD300002F041FFD3E604213000A2
:10299000F6F75AFB300002F039FFCBE600220421A3
:1029A0003000FBF733FD300002F030FFC2E6F0F7F5
:1029B00021FBBFE62800FFF7ABFC4E23C35A002BD8
:1029C00000D0B7E62A002100300001F077F830008F
:1029D00002F01CFFAEE60A213000F6F735FB3000AE
:1029E00002F014FFA6E605213000F3F799FB300052
:1029F00002F00CFF9EE602213000F3F791FB99E60E
:102A000003213000F3F78CFB94E63000F3F702FC6F
:102A100090E602213000F3F703FD8BE60121300040
:102A2000F3F7FEFC86E604213000F3F779FB81E63C
:102A30005CE5022070C1041023213000F7F756FE38
:102A400078E600213000F7F751FE73E6FF213000F1
:102A5000F7F74CFE6EE601213000F6F7F5FA69E66D
:102A600000213000F6F7F0FA64E606213000F6F7B0
:102A7000EBFA5FE603213000F3F7D2FC5AE60022BE
:102A800000213000FBF7C2FC54E600220121300097
:102A9000FBF7BCFC4EE63000FBF77CFC4AE600216D
:102AA0003000F3F7BDFC45E603213000F6F7CCFA21
:102AB00040E607213000F6F7C7FA3BE60821300070
:102AC000F6F7C2FA36E609213000F6F7BDFA31E62C
:102AD000002203213000FBF799FC2BE60521300092
:102AE000F6F7B2FA26E62A002100300000F0E6FFF1
:102AF00020E602213000F6F7A7FA1BE60521300098
:102B0000F3F78EFC16E606213000F3F789FC11E698
:102B100007213000F3F784FC0CE60022042130008A
:102B2000FBF774FC06E62800FFF7F2FB4E23C35ABE
:102B3000002B00D0FEE52A002100300000F0BEFF8F
:102B4000F8E504213000F6F77FFAF3E50A213000BA
:102B5000F6F77AFAEEE5C04610B50C00FFF7D8FBA1
:102B60004E23C35A002B04D1200002F0B5FE2E28BC
:102B700010D1200002F0B0FE2E280CD02F2813D048
:102B8000182807D103212000F6F75EFA0021200063
:102B900000F0C4FB10BD03212000F3F741FC01212C
:102BA000200000F0BBFBF5E7002203212000FBF72B
:102BB0002DFC0021200000F0B1FBEBE770B5040014
:102BC000334B1A6800680189CB005B189B00D11851
:102BD0004569D35E9B039D4241D18B795B06DB0E39
:102BE0001C331F2215001D400C2D4ED8AD00294B63
:102BF0005B599F46A36B002B31D1274B1B68DB062B
:102C00002DD10A2300220021F7F7B2FA27E0A36BA7
:102C1000002B24D1204B1B68DB0620D1052300228A
:102C20000021F7F7A5FA1AE0A36B002B0AD11A4B83
:102C30001B68DB0613D12068142300220021F7F75C
:102C400097FA0CE0F3F74CF9042808DCEFE79C2234
:102C5000A3580133A3508B79203A93438B7170BDF5
:102C60008C22A35802218B43A3500B4B1B68DB061D
:102C700005D0236A0A2BF2DCF0F7B0F9EFE7142352
:102C800000220021F7F774FAF3E700BEE7E7C04639
:102C90005C000320A8C3041044E10220F8B5CE462E
:102CA000474680B5654B1B78012B02D00023984620
:102CB00039E0634A1368013B1360002BF6D1F0F74B
:102CC0008DF9F3E75F4B604A60486149E6F7E4FB42
:102CD000202D1FD85F4B5955013500243457AC4285
:102CE0001EDB0123F35699467778F1785A4B186822
:102CF000E7F7E0FD401901344B46E11AE7F7DAFD4A
:102D0000791849B2B378002BE2D07F2DDAD8534B33
:102D10005955E1E7524B4C4A4C485249E6F7BCFB47
:102D200001239C46E0444346152B06D843469E00AB
:102D30004D4BF61801257557CFE74C4A13880133E0
:102D40001380002426E04A4A61000B199B009B581F
:102D5000987ADB7A1B0203431B041814DB131B183D
:102D60009B000919890052180621515E414A1068DA
:102D7000C01802F0C5FF3E4D63001B199B00ED1803
:102D8000A868172104F0AEFF0C2200212800E8F704
:102D9000B1FC01340F2C4CDC354B6200121992004F
:102DA0009B185B79002BF4D0013BDBB2304A610009
:102DB0000919890052185371002BEAD12C4B5B186A
:102DC0001B79012BBFD0022B1AD0002BD3D1284A5C
:102DD00061000B199B009B58987ADB7A1B02034316
:102DE0001B041814DB131B189B00091989005218C7
:102DF0000621515E1F4A1068C01802F047FFBAE76B
:102E00001B4A61000B199B009B58987ADB7A1B02C6
:102E100003431B041814DB131B189B0009198900BA
:102E200052180621515E134A1068C01802F0A2FF22
:102E3000A1E7C0BCB946B046F8BDC0467B1C032024
:102E400038E10220BC79031044C40410E479031073
:102E5000620400008817032044E10220C017032009
:102E6000207A03106504000064C40410F41B0320DE
:102E700090200120CC010320F0B5D6464F464646AF
:102E8000C0B582B080460026012464424EE0484826
:102E9000E8F78EFD0126300002B0E0BCBA46B1462C
:102EA000A846F0BD013665E04248E8F781FD2B00F9
:102EB00042466946023101A8FFF70EFA062120209A
:102EC000DFF7BEFD060000F035FF3000FFF736FAF1
:102ED000F88207239A46B37004333371002399466E
:102EE00073710133F360B76080273F02F7616B466F
:102EF00002331B88B3824B463361019BB3610621C9
:102F00002020DFF79DFD060000F014FF3000FFF7E2
:102F100015FAE8825346B3704B4633717371013B27
:102F2000F360B560F761019BB36101262100404663
:102F3000FFF7A2FB041EAEDB1F4B1D68E3001B194D
:102F40009B00ED18EB8A002BF0D11C4B1B689946B7
:102F50001B4B1B689A462B8B5B0052469B5AD80032
:102F6000C01A400048442900FFF788FA071E00D124
:102F70008DE70026BB89B34218DD3B8B9B195B00B4
:102F800052469B5AD800C01A40004844FFF786F9C1
:102F9000854200D186E7002800D185E70022835EC4
:102FA0009B030193C2796B465A8087E70126BDE7F0
:102FB000447A0310A07A03105C0003205CE5022031
:102FC00054E5022070B5604B1B68002B0CDD5F4A96
:102FD000127852B2002A07D05D4A012111705D4A71
:102FE00053435D4A136002E0594B00221A705B4B59
:102FF0001C68002504E02000F7F7AEFA0135243400
:10300000574B1B88AB4245DDA3797C221A42F5D091
:103010005B06DB0E112BF1D89B00524AD3589F461A
:1030200000220F212000F7F7CFFAE7E70022232143
:103030002000F7F7C9FAE1E700220F212000F7F797
:10304000C3FAA3797C22934310221343A371D5E7DB
:103050002000F7F7B8FBD1E7434A13680133136048
:10306000CCE72000F3F704FCC8E70122232120006D
:10307000F7F7AAFAC2E701220F212000F7F7A4FA16
:10308000BCE729002000F3F713FCB7E72000F7F7AF
:1030900029FAB3E7354B00221A80354B1C6800250E
:1030A0001BE0334B1A68A21A324B9A4225DC5210AD
:1030B000D3009B1899015B18DB009B18D9035B18A0
:1030C000DB009B185B4229480021425E2A495600DA
:1030D0007352013202800E340135284B1B88AB42FB
:1030E00011DD200002F0F8FB3028F4D11F4B002244
:1030F0009B5E3F2BD5DD00BED3E7214B214A224802
:103100002249E6F7C9F9002304E0214A59000020CA
:10311000885201331D2BF8DD002304E01D4A5900BD
:103120000020885201331D2BF8DD002409E06000E7
:1031300000198000184BC0180C220021E8F7DAFAB9
:1031400001340F2CF3DD70BD50080320561C032002
:103150007B1C03203408000038E102205C000320BF
:10316000041C0320DCC30410EC080320FE1B032016
:103170005CE50220F2FF0D0060E50220FC1B03204D
:10318000187B031024C40410E4790310D405000054
:10319000D81E0120141F012090200120827AC37ABA
:1031A0001B0213431B041B145A1C0ED0084A106840
:1031B0005A00D3189B00074A1268D3180A229A5E55
:1031C000D3009B189B00C01870470020FCE7C04646
:1031D0005C000320CC01032010B58269054B1A4224
:1031E00000D110BD044B054A7C210548FF31E6F7AC
:1031F00053F9C046010000108C320310CCC60410F5
:10320000A4320310F0B583B01D4B1B78022B07D0FE
:10321000032B09D0012B01D0012402E0022400E09D
:1032200003240020002302E00224FAE70133272BC5
:1032300019D8144A5900C9185218927852B2A242A9
:10324000F4DC421C01920F4A0E005556AC460E4D5E
:103250004700614679539219527852B20199490058
:1032600002304A53E2E7C30F1B185B10074A137082
:10327000054B400001225242C25203B0F0BDC0468D
:10328000B91C0020E8C60410DC0503209A1C0320AA
:10329000F8B5002400E001340F2C0FDC1B4D660054
:1032A0003619B600AD196D79002DF4D0174E6500B2
:1032B0002D19AD00AD598542EDD125E0FF2B0CDC79
:1032C00000250F2D1FDC114C6E007619B600A419D5
:1032D0006479002C07D00135F3E70D4B0D4A0E48F9
:1032E000A421E6F7D9F8094C6E007719BF003851D0
:1032F0007719BF00E7193971FA807B71FFF74EFF2C
:103300001C30B86000E000BEF8BDC046902001202F
:103310002C7B0310D8C60410387B0310F0B5D646BA
:103320004F464646C0B581468A46002936D04D4BA9
:103330001A684B46997ADB7A1B020B431B0419145B
:10334000DB135B189B0090469844434604229A5E28
:10335000502A26DD1500434608229A5E502A26DDB3
:103360001600434606229A5E502A26DD170048467C
:1033700002F0B2FA0B2826D0172100243A4B1B7812
:103380005B00A34230DD394B6200D35EAB421CD000
:10339000B34237D0BB424DD00134EFE702F036FAEA
:1033A000C5E70021404602F007FC0500D3E70121F4
:1033B000404602F001FC0600D3E70221404602F03D
:1033C000FBFB0700D3E71821D7E7294B986804F0E7
:1033D00089FC01236340254A5B00995E404602F068
:1033E00055FC5346002B04D1E0BCBA46B146A84672
:1033F000F0BD1E4B6400E25E232300214846FFF728
:1034000047FFF1E71A4B986804F06CFC0123634016
:10341000164A5B00995E404602F072FC5346002B50
:10342000E2D0124B6400E25E232301214846FFF7FD
:103430002FFFD9E70E4B986804F054FC012363403A
:103440000A4A5B00995E404602F094FC5346002B0A
:10345000CAD0064B6400E25E232302214846FFF7F0
:1034600017FFC1E7CC0103209A1C0320DC050320D1
:103470009020012070B505000C00002A05D008003E
:1034800002F02AFA7C2800D0F7E22800FFF7A4FE19
:103490004E23C35A002B10D123799B0601D500205F
:1034A00070BD200002F018FA012806D0002800DCC8
:1034B000E5E22038022800D9E3E2200002F00CFA0D
:1034C00083280CDC002806DD832800D9DBE280009D
:1034D000C24A13589F460120E2E70120E0E78A280C
:1034E00000D1B6E21CDC892800DDCEE2842815DBA1
:1034F0008438012383402A221A4200D07EE1163A02
:103500001A4200D096E2DB07E7D50A212000F5F742
:103510009BFD002800D087E20120C1E70120BFE722
:103520008B2800D19FE28C2808D10C212000F5F7D0
:103530008BFD002800D070E10120B1E70120AFE74A
:1035400029002000F3F76AF80120A9E700212000F4
:10355000F5F76AFF002801D10120A1E70021200032
:10356000FFF7DCFE01209BE72000FFF785FC002829
:1035700001D1012094E700212000FFF7CFFE0120B8
:103580008EE700212000FFF7C9FEEFF727FD01209D
:1035900086E7202202212000FAF738FF002801D117
:1035A00001207DE700212000FFF7B8FE012077E72A
:1035B000182202212000FAF729FF002801D101205A
:1035C0006EE700212000FFF7A9FE012068E7042133
:1035D0002000F5F739FD002801D1012060E7002126
:1035E0002000FFF79BFE01205AE700220321200064
:1035F000FAF70CFF002801D1012051E7002120003B
:10360000FFF78CFE01204BE7002201212000FAF792
:10361000FDFE002801D1012042E700212000FFF734
:103620007DFE01203CE701212000F5F70DFD00287B
:1036300001D1012034E700212000FFF76FFE0120B7
:103640002EE700212000F2F7EBFE002801D1012037
:1036500026E700212000FFF761FE012020E700217E
:103660002000F2F75DFD002801D1012018E70021BC
:103670002000FFF753FE012012E702212000F5F79A
:10368000E3FC002801D101200AE700212000FFF718
:1036900045FE012004E703212000F2F741FD002848
:1036A00001D10120FCE600212000FFF737FE0120B8
:1036B000F6E602212000F2F7B3FE002801D1012036
:1036C000EEE600212000FFF729FE0120E8E60021B8
:1036D0002000FFF723FEEFF78DFC0120E0E6092133
:1036E0002000F5F7B1FC002801D10120D8E6002127
:1036F0002000FFF713FE0120D2E603212000F5F79A
:10370000A3FC002801D10120CAE600212000FFF718
:1037100005FE0120C4E600212000F5F795FC0028F5
:1037200001D10120BCE600212000FFF7F7FD0120B8
:10373000B6E603212000F2F773FE002801D1012034
:10374000AEE600212000FFF7E9FD0120A8E60521F3
:103750002000F2F765FE002801D10120A0E600213B
:103760002000FFF7DBFD01209AE606212000F2F79A
:1037700057FE002801D1012092E600212000FFF72A
:10378000CDFD01208CE607212000F2F749FE00283C
:1037900001D1012084E600212000FFF7BFFD0120B8
:1037A0007EE6002204212000FAF730FE002801D135
:1037B000012075E600212000FFF7B0FD01206FE633
:1037C00001212000F5F730FE002801D1012067E635
:1037D00000212000FFF7A2FD012061E6BCC4041017
:1037E0000A212000F5F730FC002801D1012057E61E
:1037F00000212000FFF792FD012051E62A0006215A
:103800002000F2F7B3FE002801D1012048E6002194
:103810002000FFF783FD012042E600212000FFF792
:103820007DFD01203CE602212000F2F7F9FD002891
:1038300001D1012034E601212000FFF76FFD0120B6
:103840002EE600212000F2F76BFC002801D10120B8
:1038500026E601212000FFF761FD012020E600217E
:103860002000F5F7F1FB002801D1012018E6012125
:103870002000FFF753FD012012E601212000F5F79B
:10388000E3FB002801D101200AE601212000FFF717
:1038900045FD012004E603212000F2F7C1FD0028C8
:1038A00001D10120FCE501212000FFF737FD0120B7
:1038B000F6E5012201212000FAF7A8FD002801D138
:1038C0000120EDE501212000FFF728FD0120E7E5BB
:1038D00000212000F2F7A4FD002801D10120DFE53E
:1038E00001212000FFF71AFD0120D9E50321200066
:1038F000F5F7AAFB002801D10120D1E50121200024
:10390000FFF70CFD0120CBE5182202212000FAF779
:103910007DFD002801D10120C2E501212000FFF733
:10392000FDFC0120BCE5202202212000FAF76EFDFB
:10393000002801D10120B3E501212000FFF7EEFCB2
:103940000120ADE509212000F5F77EFB002801D11B
:103950000120A5E501212000FFF7E0FC01209FE503
:10396000002203212000FAF751FD002801D1012097
:1039700096E501212000FFF7D1FC012090E504210C
:103980002000F5F761FB002801D1012088E5012125
:103990002000FFF7C3FC012082E502212000F5F79B
:1039A00053FB002801D101207AE501212000FFF717
:1039B000B5FC012074E505212000F2F731FD002857
:1039C00001D101206CE501212000FFF7A7FC0120B7
:1039D00066E506212000F2F723FD002801D1012031
:1039E0005EE501212000FFF799FC012058E5072141
:1039F0002000F2F715FD002801D1012050E501213A
:103A00002000FFF78BFC01204AE500220421200062
:103A1000FAF7FCFC002801D1012041E5012120003A
:103A2000FFF77CFC01203BE501212000FFF776FC3D
:103A3000012035E52A0006212000F2F797FD002835
:103A400001D101202CE501212000FFF767FC0120B6
:103A500026E5FF212000F6F749FE01212000FFF7AF
:103A60005DFC01201CE523212000F6F73FFE01212B
:103A70002000FFF753FC012012E5002010E5002094
:103A80000EE500200CE501200AE5012008E5C0460E
:103A900010B58269054B1A4200D110BD044B054A8E
:103AA0007C210548FF31E5F7F7FCC0460100001016
:103AB0008C32031060C70410A4320310F8B5DE4640
:103AC00057464E464546E0B50400150092698023EE
:103AD0005B0216001E401A4200D0BFE0012900D14F
:103AE000BDE02800FFF7D4FF8346237A607A000206
:103AF000184300040014310098E06E692800FFF7B5
:103B0000C7FF4E23C35A002B08D0802212059446CB
:103B100063449B005A69B6181E613CE00023F9E734
:103B200023880024002B04D080221205944663448D
:103B30009C004E4B9C4278D0A378092BF0D163793E
:103B4000292BEDD12389DA00D218D3009B1A9F01CB
:103B5000BC466344DB009B18DF03FB1ADB009B18A9
:103B60008B42DDD1EB6898462B6999466B699A4682
:103B70002269E1682800F7F7FFFB00286FD03C4B73
:103B80001B78062B02D05B461B6B6B614E235A469B
:103B9000D35A002BB1D12723524649464046F9F764
:103BA000B7FA232104F048F92000FFF771FFC36A38
:103BB000DB0CE068802212019A182E4E5100B446A8
:103BC000895B120180267602B04632408A1A96003E
:103BD000B618B60021695A006746D25B1B014746FA
:103BE0003B40D21A93009B189B006A69C918801940
:103BF0002723F9F78DFA232104F01EF94E235A46A4
:103C0000D35A002B03D0212312225946CA54200034
:103C1000FFF73EFFC36A5A46D3620023936453649E
:103C2000136401261BE0002483E70131124B1B883B
:103C30008B4214DD114ACB005B189B001268D3182D
:103C40000A229B5E9842F0D1084B1C88002CEAD0D7
:103C500080231B059C466444A4006AE700263000CC
:103C6000F0BCBB46B246A946A046F8BDA407032057
:103C7000B81C00206CB60310041C03205C00032059
:103C8000202803D0542803D1533800E00020704787
:103C900001204042FBE7002804D0012804D000BEE8
:103CA000002070472020FCE75420FAE710B50028D8
:103CB0000FD0094A094BC318934204D8830702D195
:103CC0008003000C10BD064B064A0748CC21E5F7DF
:103CD000E3FB0020F6E7C046FCFF0300FCFFFFDF2C
:103CE000141A0310D0C70410385C031010B59307E2
:103CF00002D15143401810BD024B034A0348F3213F
:103D0000E5F7CAFB787B0310A0C70410847B03107F
:103D100010B5054C2000FFF7C9FF2080034B1C6045
:103D2000034B00221A6010BDA4070320A80703203C
:103D3000A007032070B504000C4B1B681B88002BE8
:103D40000ED0802212059A18920009498A4207D1A2
:103D50000380064D2E68FFF7A9FF30802C6070BDF0
:103D6000044B054A05484721E5F796FBA8070320C1
:103D7000A4070320C07B0310C0C70410847B03107A
:103D80000B23837070470000F0B5C64600B50600EF
:103D9000FFF776FF041E30DB324B4200D05A00287A
:103DA00035D080231B059C46604485002800DEF743
:103DB000BDFD80460078E6F74BFD0700072849D88F
:103DC000320001002800FFF791FF050032000021BA
:103DD000E7F790FC2301082213435BB23B43EB70EF
:103DE00043461B780122BA409343424613702DD1BB
:103DF0002A881C4B6400E25228E005213000DEF7DF
:103E00001FFE050032000021E7F774FC1EE0F00001
:103E10000521DEF715FE0500FFF748FF114B620094
:103E200098522800DEF782FDFE2303703200002145
:103E30002800E7F75FFC240108231C43EC703200E4
:103E400007212800FFF752FF00230380280080BCD1
:103E5000B846F0BD044B054A12210548FF31E5F78D
:103E60001BFBC046A0070320EC7B0310ACC704106B
:103E7000847B0310F8B5DE4657464E464546E0B50E
:103E80000500C378002B38D01A0739D51A09914696
:103E900007241C402F2B3AD81000FFF7FCFE060029
:103EA00003006343ED1A2800DEF740FD07000078A9
:103EB0000300E340DB0731D4002836D13C4B4A46AF
:103EC000520093469A46D35A98462800FFF7EEFED2
:103ED00053465A4698523B780122A2401343DBB224
:103EE0003B70FF2B2CD00222A240934257D3F0BC50
:103EF000BB46B246A946A046F8BDDEF73DFDF6E753
:103F00002C4B2D4A38212D48FF31E5F7C5FA2C4BB3
:103F1000294A9D2129484900E5F7BEFA294B264A3E
:103F200040212648FF31E5F7B7FAE6F78BFC1F2161
:103F3000091A32002800FFF7D9FE03889846CAE71D
:103F40004B465B001A4A98189C5A002C0BD08023D1
:103F50001B059C466444A40008E0434603802800F7
:103F6000DEF70AFDC3E7002400E00024002CF6D0B1
:103F7000AC42F2D02000DEF7D9FC0078E6F762FC14
:103F80001F21091A32002000FFF7B0FE0488002C20
:103F9000EBD080231B059C466444A400E6E7320076
:103FA00021002800FFF7A2FE434603809FE7C0469A
:103FB000A0070320047C031094C70410847B031023
:103FC000207C03103C7C031070B5374B1C88002C00
:103FD00064D080231B059C466444A400324D16E047
:103FE00022882A80304B31495818314988421AD8E2
:103FF0009B031B0C9A421CD02000FFF73BFF2C8830
:10400000002C4DD080231B059C466444A400264B05
:104010009C4247D0A3780B2BE2D0092B39D89B00C8
:10402000244AD3589F46244B244A2548CC21E5F7FF
:1040300033FA244B1D60DFE72000F1F7D3FF2500A2
:10404000DDE72000F2F744F92500D8E72000FAF771
:1040500005FB2500D3E72000F6F728FA2500CEE778
:104060002000F6F75BFA2500C9E72000F6F798FA7A
:104070002500C4E72000F4F793FF2500BFE72000E8
:10408000F6F77AFB2500BAE72000F9F77BFC25005C
:10409000B5E700BE2500B2E72500B0E700249DE7A4
:1040A0000024B4E770BDC046A4070320FCFFFFDF77
:1040B000FCFF03006CC70410141A0310D0C70410CF
:1040C000385C0310A807032010B51D4B1B78002B8C
:1040D00035D11C4B1B78002B21D11B4B1B78002B9F
:1040E0001FD01A4B1B78002B1DD1194B194A0021E8
:1040F0005156D4224A439B181B69012B1FD100241F
:1041000000E00134032C10DC134B1B5D002BF8D0B6
:10411000D42060430E4BC01800F0B4F9F1E700243E
:10412000F0E70024EEE70024ECE7FFF74DFFFEF791
:10413000B5FDF9F78DFC094A13680133136010BD12
:104140009D1C03208E1C0320821C0320571C03206F
:10415000E8F402204B1C0320E4F4022044E1022096
:1041600010B58269054B1A4200D110BD044B054AB7
:104170007C210548FF31E5F78FF9C04601000010AA
:104180008C320310E0C70410A4320310F8B5CE46F9
:10419000474680B505001600CC0C80231B01E318B0
:1041A000134F5A00D15B1B018022520290461340EC
:1041B000C91A3000DDF745FD81462868FFF7D0FFBA
:1041C000036C4B4403646300D95B240143461C40E9
:1041D000091B3000DDF735FD04002868FFF7C0FF3C
:1041E000436C1B194364C0BCB946B046F8BDC04619
:1041F0006CB6031070B504000068FFF7B1FF006CE7
:104200000100DDF71EFD05002068FFF7A9FF406CE7
:104210000100DDF716FD2818E0618010E0618023C1
:104220005B03984200DDE3618C23E3585B0703D412
:10423000354B1B78002B17D126687569A4239B0387
:104240009C46654425613000FFF78AFF436B2F4A87
:104250009A18954203DB2E4A94466344236173699E
:1042600062699B18236170BD2A4B1A6853009B1822
:1042700019015B18DB009B18DB04E569264A990CE1
:10428000895ADB0B802252021340C91AE80F4019E9
:104290004010DDF7D6FC03002279002A1FD16269A5
:1042A000A16952186261A42189038A4202DD616119
:1042B0000022A2616169A4225203914203DA626181
:1042C000A269002A1DDDA269002A08D08021C90147
:1042D0008C466244A261002A01D10132A2612068A9
:1042E00045696269AD18ED182561FFF739FF436B29
:1042F000064A9A189542B6DB054A94466344236100
:10430000B1E70122A261DEE79C1C03200100FCFF53
:104310000000FCFF44E102206CB6031070B50400FD
:104320000068FFF71DFFC36A0821625E12049B1834
:10433000C36225686E692800FFF712FF026BF30F56
:10434000D117B2424B41DBB2194A13700626A65769
:10435000002E01D0002B10D107256557002D03D06A
:10436000134B1B78002B11D10622A35E002B03D028
:104370002068C388952B16D070BD2800FFF7F0FE8B
:10438000F202C16A2000FFF701FFE5E72068FFF7AE
:10439000E7FEC16AEA02C0231B069C466144200076
:1043A000FFF7F4FEE0E79621F8F7CAFFE4E7C0461E
:1043B0009C1C032070B50400FAF7EDFE6369C0226F
:1043C000D202934203DD2A4A9446634463616269E0
:1043D000C023DB029A4200DA63610023A3612068F4
:1043E0004569FFF7BDFE026BEB0FD117AA424B41A7
:1043F000204A13702000FFF7FDFEAC23E258002A8C
:1044000028D02068824225D01369D2680169C0682B
:1044100000F0F2FF05002068FFF7A2FEC36AEA1A67
:104420001549561815498E4208D9C562A423E35888
:10443000002B16D0013BA422A35012E0002A04DB7B
:104440000F4A94466344C3620BE00B4A94466344AC
:10445000C36206E0A423E358002B02D0013BA42250
:10446000A350E37A9B0701D50223237170BDC04698
:104470000000FFFF9C1C03201DC771FC3A8EE3F86F
:10448000E3388E0310B504008C23C358DB0766D5D0
:104490000268916980235B010B43936123689A69E9
:1044A000120609D5002121816431A1710021E17139
:1044B0009A6980218A439A612379012B55D020681B
:1044C000FFF74EFE2123C35C002B52D0013B21227B
:1044D00083542000FFF78EFE23681A89D3009B18AF
:1044E0009B005E4A1268D3189B797C221A4244D101
:1044F0000B23E356002B44DBE37A5A0722D5DA0874
:10450000072001001140104208D16522A256002A5E
:1045100004D05C22A25C072A36D00721504A1078CA
:10452000022836D062185E32127852B2002A09D0C0
:104530005C22A25C8A4205D04A1FD2B2012A34D939
:104540005D22A1549B0733D58923E356002B32D13A
:104550002000F7F73BFD89230122E2542BE002689B
:10456000936940490B40936198E72000FFF722FFD1
:104570005CE02000FFF7D2FEABE72000FEF71EFB59
:10458000B6E70022E272B7E7226B002AC6D1072104
:10459000C4E70229C6D16622A256002AC2D05C22F4
:1045A000A25C082ABED00631BCE70028CAD0C7E703
:1045B00089230022E2542000FAF7EDFD236B002B43
:1045C00001D001332363E36A002B01D0013BE36296
:1045D000636B002B08D0013B6363002B04D122687E
:1045E000936921490B409361236C002B01D0013B5F
:1045F0002364A36B002B01D0013BA363A423E358E6
:10460000002B02D0013BA422A350A823E358002B87
:1046100002D0013BA822A350E36A002B0BD0802BD1
:1046200001DC1B0703D5B1232022E25410BDB123C6
:104630000022E254FAE7236C002B0BD0802B01DC24
:104640001B0703D5B1230122E254EFE7B123002277
:10465000E254EBE7B1230022E254E7E75C000320D9
:10466000B91C0020FFEFFFFFFFFFFBFF8279C3793A
:104670001B0213431B041A145B139B1A5B00144A9E
:104680001268D21813795B0720D5017A437A1B028E
:104690000B431B041B1401214B401BB204335B0072
:1046A000D2189178D3781B020B431B041A14DB1326
:1046B0009B189B00074A1268D3180A229A5ED300FF
:1046C0009B189B00044A1068C01870470020FCE744
:1046D0005CE50220CC0103205C00032010B5044BF4
:1046E0001B68C01A034B1B68C91A00F007FE10BDF7
:1046F000B0090320B409032070470000F8B5050095
:104700000E002B4C00E004340223E25E6B1E9A4242
:10471000F9DB0023E15EA94206DD0139B14219DC73
:10472000280001F04BFF25800222A35EB3423EDA4F
:1047300025000423E95E0139B1421FDC0223E85E53
:10474000013001F03BFF04350222AB5EB342F0DBE7
:1047500063801AE03100280001F030FF154B186823
:10476000021D1A6005E0071F04223900E6F7C8FFA2
:104770003800A042F7D10580468018E00223E85EA9
:104780000130310001F01AFF6680A54207D10EE02A
:104790000434042231002000E6F7B2FF35002E1D5C
:1047A000044B1B68AB42F3D10434024B1C60F8BDD0
:1047B000340203200CF2022070B50D00174C00E00B
:1047C00004340223E25E431E9A42F9DB0023E15ED9
:1047D000814204DD0139A94215DC01F0EFFE02221D
:1047E000A35EAB4219DA0423E15E0139A9420EDC73
:1047F0000223E05E013001F0E1FE04340222A35EF8
:10480000AB42F0DB09E0290001F0D8FE05E002230D
:10481000E05E0130290001F0D1FE70BD34020320BA
:10482000074B084A1A80012252425A80064A1268EF
:104830009A80064ADA80064A083313607047C046F9
:10484000340203200180FFFFA4090320FF7F000042
:104850000CF20220F8B504005B4B18600278437834
:104860001B0213431B049B13584D2968CA18CB5CC9
:104870005078000218439378D1780902194309044B
:104880000004FFF72BFF0600A278E3781B02134316
:104890001B049B132968CA18CB5C5078000218438C
:1048A0009378D1780902194309040004FFF716FF31
:1048B000371A00D587E0464B1E60464B1B68F61A38
:1048C000C21A454909688D19AC464D00654504D2A8
:1048D0006646761BB74276D90E001B1A5B189D42BE
:1048E00003D25B1B9F426ED94A428023DB059C4664
:1048F0006644F60C6244D20C384B7600F55E5200EA
:10490000D65EB5425FD02000FFF7B0FE344B186092
:10491000002854D00223C15E324B1B6800241A5F6A
:1049200091424CDD0022815E02241A5F914246DAF8
:1049300001681A68914203D1017A1A7A914204D02F
:10494000711E2800FFF738FF3DE042685B68534066
:10495000254A1342F4D11C4B19688A79CB791B0282
:1049600013431B041A145B139B1A5B001F4A126843
:10497000D218087A4B7A1B0203431B041B1404331E
:104980005B00D3189A78DB781B0213431B041A14BC
:10499000DB139B189B00164A1068C0180823C25EE0
:1049A000502A05DD53425A41D2B2002AC8D00AE04B
:1049B000012101F001F943425841C2B2F5E7711EED
:1049C0002800FFF79BFEF8BD6C2D01207009032025
:1049D000B8FA02208C090320982C012054C9041035
:1049E000781F01206CD70220FFFF00FF5CE502204A
:1049F000CC010320F8B503000421425E12044049B3
:104A000009688A4206DA06201A5E1204914210DA18
:104A1000012000E0002000215A5E12043949096893
:104A20008A4208DD02241A5F120491424EDD0122FF
:104A300002E00220EFE7002292001218052A52D06D
:104A40003149920050564000C05E00048A1801218E
:104A500051564900C95E0904022414576400E55EFA
:104A60002D04D27852B25200D65E3604FFF736FEDD
:104A7000264F3C68041B31002800FFF72FFE3B68DF
:104A8000C21A181A061930D4214B1B681D19590077
:104A9000A94203D26D1AAE4229D91C0018188142CE
:104AA00003D2401A864224D95A428023DB059C4611
:104AB0006444E40C6244D20C164B6400E05E520085
:104AC000D15E884217D00139134B02E00222B3E7CE
:104AD000043302241A5F8A42FADB00229B5E98426A
:104AE0000BDA012000E00120F8BD0120FCE70020E6
:104AF000FAE70020F8E70020F6E70020F4E7C046D8
:104B0000B0090320B4090320281F00208C090320CA
:104B1000982C012054C904103402032070B5574B5F
:104B20001B88834200DC00BE554B1B6840001918EF
:104B3000544A12681B5A5800C01880001018847913
:104B4000C3791B0223431B041C145B131B1B5B0058
:104B50004D4C2468E418057A437A1B022B431B044E
:104B60001B1404335B00E3189878DB781B020343C3
:104B70001B041814DB131B189B0044480068C3185F
:104B80000A20185EC3001B189B0041480068C31828
:104B900040480360488845002D18AD005519098824
:104BA0004C006418A40014190022985E80033A4A4D
:104BB0001268904218DB394B00221A60354B1B6893
:104BC0000222985E8003344A126890422ADC197AE5
:104BD000334A1278914225D0324B00221A602D4B75
:104BE000186802F005FF3FE0D97904229A5E01F0CF
:104BF0004BF92A4B1860274B1A68D3792849097852
:104C00008B42DBD001680026925F9203914202D171
:104C100082799342D2D0244B244AF0212448FF3198
:104C2000E4F73AFC197A04229A5E01F02DF91D4B43
:104C30001860184B1A68137A194909788B42CED03C
:104C400001680226925F9203914202D182799342D7
:104C5000C5D0184B154AFD2115484900E4F71CFC46
:104C60002000FFF7F7FD0C34AC42F9D3124B1A6861
:104C7000124B9A4200D900BE70BDC0460E1C0320E4
:104C800078050320600003205CE50220CC010320AE
:104C90005C0003206CD70220B80903206032012099
:104CA000B41C0320B0220120587C0310ECC7041070
:104CB000E87C0310247D03100CF20220B4020320D0
:104CC00070B50400030429D4214B9D6A214B1B6855
:104CD000EB1A214A93422CD8204B1D68E3001B1B82
:104CE0009B00ED181E4B19681E4B18682A0000F037
:104CF000A5FA040003000C335B005A5DEB185878EA
:104D000000021043FFF7DCFF01235C40601CC00081
:104D10002818FFF76FFE002810D170BD431C04D087
:104D200011482040FFF7FAFEF7E70020FFF7F6FEF4
:104D3000F3E7DEF71BFE074B1D60CDE70C34640084
:104D4000635D2D19687800021843FFF7B9FFE4E7A7
:104D50000040054018070320B80B00001CF2022099
:104D6000B4090320B0090320FF7FFFFF70B5021EC6
:104D700036D01C4B197800291FD001391A4B585CCA
:104D80001A4B1B78984204D2194C45002C5F944270
:104D90000FD0154843545B0015481818134B197869
:104DA0001B785BB2002B15DB104B013119700280B0
:104DB00070BD43000E481818FAE700230C480B4951
:104DC00009789942EADD0024015F9142F0D0013375
:104DD0000230F4E7074B084A0848A721E4F75CFBD8
:104DE0000020E5E7511C032004090320971C032041
:104DF0006CD60220BC7D031028C80410E87D031087
:104E000010B5184B00221A70174BFF329A705A7067
:104E10001A70164C0023E05EFFF7A8FF144B1860D1
:104E2000144B19680023E25E53009B185B00CB18FB
:104E3000DA78002A04D104229A5E0F4B1A8010BD42
:104E4000012A08D19B88CA18CB5C527812029B18A1
:104E5000094A1380F3E7094B094A0A488F21E4F70E
:104E60001BFBC046971C032004090320201C0320C1
:104E7000E0010320BC170320221C0320287E03101E
:104E800038C80410E87D031010B5044B00229B5E67
:104E900018184042FFF76AFF10BDC046EC1B032004
:104EA00010B5084A43001B185B001268D318DA7863
:104EB000002A04D198884042FFF758FF10BDFFF741
:104EC00055FFFBE7BC17032010B51248DDF744FC83
:104ED0008000114B1B681B581B021B0A0F4A1168EC
:104EE000CA18CB5C517809020B430D490B80023282
:104EF0000C490A607F2B01D9002308E00A4B0B4ABA
:104F00000B48C521E4F7C8FA0A4AD35401337F2B72
:104F1000FAD910BD547E03106CE60220C01A00209E
:104F2000101C0320BC170320607E031018C8041057
:104F3000E87D0310C017032010B52248DDF73CFCC4
:104F400080B20130204C20802048DDF735FC83B250
:104F5000013B9BB220881B1A9BB201331BB21C4A37
:104F600013808022520093421ADC013800B2DDF730
:104F70002BFC174B00229B5E2133984216D1124B1B
:104F80001B88013B1BB29B00124A1268D3581B02BC
:104F90001B0A114A1268D318104A136000230EE04E
:104FA0000F4B104A1048D621E4F776FA0F4B0D4A02
:104FB0000D48D821E4F770FA0D4AD3540133202B61
:104FC000FADD10BD847E0310EA1B03208C7E0310E3
:104FD000FA1B03206CE60220C01A0020B017032041
:104FE000947E03100CC80410E87D0310A47E031007
:104FF0008817032010B52748DDF7DEFB80B20130AB
:10500000254C20802548DDF7D7FB80B2013883B2DC
:10501000234A108020881B1A9BB201331BB2214AFD
:1050200013809C00013800B2DDF7CEFB84422BD107
:10503000194B1B88013B1BB21B4A11689B001B4A82
:105040001268CB581B021B0AD31819480360144B73
:105050001B8801331BB29B00CB581B021B0AD218C2
:10506000144B1A60144C01212000DDF7C3FB134BD5
:1050700018602000DDF7A0FBDDF7A6FBC0239B0036
:10508000984200D000BE10BD0D4B0E4A0E48EC21D8
:10509000E4F702FAE07E0310EC1B0320E87E031025
:1050A000F21B03200A1C03206CE60220C01A002019
:1050B000B8170320B4170320287F031040180320DB
:1050C000F07E0310F8C70410E87D031010B5074800
:1050D000DDF772FB8000064B1B681B581B021B0A86
:1050E000044A1268D318044A136010BD307F0310BD
:1050F0006CE60220C01A0020EC2C012010B5FFF74E
:10510000E3FE2E20E6F736FCFFF716FF2E20E6F72B
:1051100031FCFFF76FFF2E20E6F72CFCFFF7D6FFE0
:1051200010BD7047704710B580239B00994208D38B
:10513000C000090AE5F7E6FB80231B01984203D86B
:1051400010BD80200001FBE780200001F8E700008F
:10515000F0B5184B1B68C01A821093009B181801F9
:105160001B1818021B18180418184000801880B269
:10517000002310E05D1C104A6E00B75A5E00B75263
:105180000E4A565DD6542B00621E9A42F2DC0C4A3F
:10519000013C147001330A4A14789C4209DD064A26
:1051A0005D00AA5A8242F5D1044AD25C8A42F1D10A
:1051B000EAE7F0BDCC0103207C050320BC050320F9
:1051C000981C032010B50E4B1B68C01A801083007A
:1051D0001B181A019B181A029B181A049B185B00D3
:1051E0001B189BB2074A12781F2A07D8064854009A
:1051F0002352044B501C1870044B995410BDC046E8
:10520000CC010320981C03207C050320BC0503204F
:1052100010B58269054B1A4200D110BD044B054AF6
:105220007C210548FF31E4F737F9C0460100001042
:105230008C32031048C90410A432031070B5140056
:10524000127963791B0213431B041A14002B13D128
:10525000227863781B0213431B04834209DBA37982
:10526000E0790002184300040314C017C01AC00FED
:1052700070BDE079C009FBE7A579E3791B022B43F8
:105280001B041E14002B0CD1A078E3781B020343EF
:105290001B048B4201DBD00FEAE7D017801AC00F46
:1052A000E6E7257863781B022B431B04C31AA0781A
:1052B000E5782D0205432D044D1B724012045A401F
:1052C0006A4006D536045E4001D40020D0E70120B4
:1052D000CEE719003000DCF7B4FC060023796179D1
:1052E00009021943090409142800DCF7AAFC8642C4
:1052F00001DC0120BCE70020BAE7000010B50B007C
:1053000002000A435FD000282ADB002911DB884213
:1053100007DD01001800FFF706FF2C4B8000C05886
:1053200052E0FFF700FF294B8000C3582848C01AFD
:105330004AE04B42984208DD01001800FFF7F3FEF7
:10534000224B8000C05840423EE01900FFF7EBFEC0
:105350001E4B8000C058C0231B069C46604433E0AF
:105360004242002916DB914209DA11001800FFF7CA
:10537000DAFE164B8000C3581648C01A24E010000D
:10538000FFF7D1FE114B8000C0588023DB059C46FF
:10539000604419E04C4288420BDA11002000FFF70C
:1053A000C2FE0A4B8000C05880231B069C46604406
:1053B0000AE021001000FFF7B6FE044B8000C3583E
:1053C0000548C01A00E0002010BDC04668960310D2
:1053D000FFFFFF3FFFFFFF7FFFFFFFBF10B5044B45
:1053E0001B68C01A034B1B68C91AFFF787FF10BD63
:1053F000B0090320B409032010B5044C2060044810
:10540000016019001000FFF7E9FF10BDB00903208B
:10541000B409032070B50300164A1268841AE01715
:105420002418444014480068081AC51740196840F9
:10543000844219DB9A421BD02100DCF707FC4311A0
:105440000E4A9B009B588022D20594466344DB0C95
:105450000B4A5900895A1B01802252021340C91A73
:105460002000DCF7F3FB70BD230004001800E3E725
:105470000020E4E7B0090320B40903206896031074
:105480006CB6031070B51E4B1B68C31A8022D20580
:10549000944663441B4A1268801A6044DB0C1A4A23
:1054A00059008D5A1B01802464022340ED1AC00C60
:1054B0004300995A00012040091A144B1868DCF780
:1054C000C0FB134B1B6898400400124B186829005E
:1054D000DCF7B7FB01002314834202DB8020C0030A
:1054E00070BD2000DCF7B2FB8023DB03984204DCB4
:1054F000FF28F5DC80204000F2E78020C003EFE7C2
:105500008C090320D0FA02206CB6031090F8022018
:10551000682E0120C4FA0220014B024A1A6070472B
:10552000982C012000000820014B01221A707047BE
:10553000AF1C032070B5404B00221A703F4BA025D2
:105540006D001D603E4BA82119603E4B1A603E4C19
:1055500025603E4B54321A603D4B4C321A603D4B35
:10556000A02212041A603C4BA821C90319603B4BCE
:105570001A60FFF7D1FF246820042900E5F79AF9A3
:10558000374B18602100A0204004E5F793F9354B14
:105590001860002305E02A4A126801323249CA54D1
:1055A00001339C42F7DC00241AE0D90FC9184910D6
:1055B000611A090480231B029C466144CB17C91859
:1055C0005940214B1F4A1B6812689340D80FC018DE
:1055D00040100004DCF73AFB244BA2009850013441
:1055E000174B1B68A342E0DC00251DE00023204A86
:1055F0006900491909015218135501342F2C12DC86
:10560000A00000198001104A0E4B11681B689940D8
:10561000E5F750F9C30F1B185B10F31AE6D41F2BE4
:10562000E5DD1F23E3E701350F2D04DC0F26761B94
:10563000B6000024E2E770BDAF1C0320B0FB0220DF
:1056400098090320682E0120A4090320BC22012010
:10565000B4220120B8220120C022012090F80220AB
:1056600098F8022094F8022014E702203019032051
:10567000B4FB022010B5FFF741FD2E20E6F77AF9C2
:105680002E20E6F777F92E20E6F774F90D4B00216E
:1056900059560D4B00201856FFF746FF00F0A4FBAB
:1056A0002E20E6F767F92E20E6F764F901F0AAFC50
:1056B000FFF738FD2E20E6F75DF9044B00221A6053
:1056C00010BDC046581C0320FE1E002068D60220D4
:1056D000F8B504000D00124B1B88002B01D0013BD4
:1056E00015E0104B18681AE00F4F3A68DE00F61A02
:1056F000B600921929002000FFF7A0FD3B689B1916
:105700000C304000C25C1B185B781B0213431A0468
:10571000EAD5064A13405B00024A1068C018F8BD7B
:10572000021C0320780503201CF20220FF7FFFFFEC
:1057300070B50400264B18600368DA68254B1A60C0
:1057400003681A69244B1A600068FFF761FDC36A99
:10575000224A12689B18224A1360B022A156214A9D
:1057600011602169204A1160DB0C204A5900895AD6
:10577000180180256D022840091A1D48016080210A
:1057800009018C46634459008A5A1B012B40D31AE5
:10579000184A1360B123E156002914D0164B197032
:1057A000164B174A1A60002302E0154AD154013300
:1057B0002F2BFADD134A136801331360124A137852
:1057C0000133137070BD0C4B00221A70F2E7C04613
:1057D0009C090320B0090320B40903209009032089
:1057E0008C09032030300120B80903206CB6031067
:1057F000A009032094090320651C032080170320BF
:10580000B4FE022068D60220581F002010B5134BAA
:105810001B68C01A4010C3001B189A019B18DB00BC
:105820001B18DA039B18DB001B185B420C4A12881A
:105830009A420CD91F221A4001219140094A5B0962
:105840009B001268D3181A680A431A6010BD064BF1
:10585000064A07480749E3F71FFEC0465CE50220F9
:10586000FC1B032050E502203C7F031034C90410C8
:10587000507F0310E904000010B503008179C2795C
:1058800012020A4312041014002A12D00D4A1268A0
:105890009A1A5210D3009B1899015B18DB009B18D1
:1058A000D9035B18DB009B185B42074A12889A42B7
:1058B00000D910BD054B064A9F210648C900E3F7F1
:1058C000EBFDC0465CE50220FC1B03203C7F03107F
:1058D00020C90410507F031010B503008179C279EC
:1058E00012020A4312041014002A1ED0124A12682F
:1058F0009A1A5210D3009B1899015B18DB009B1871
:10590000D9035B18DB009B185B420C4A12889A4251
:105910000CD91F21194001228A405B0908490968F6
:105920009B005B581A4200D0002010BD054B064A70
:1059300006480749E3F7B0FD5CE50220FC1B0320A5
:1059400050E502203C7F031010C90410507F031063
:105950000E05000010B5164B1B68C01A4010C3009E
:105960001B189A019B18DB001B18DA039B18DB003D
:105970001B185B420F4A12889A420FD91F221A4005
:10598000012191405B090C4A9B001268D3181A68E8
:1059900011420AD10A431A60002010BD074B084A81
:1059A000A5210848C900E3F777FD0120F5E7C046C7
:1059B0005CE50220FC1B03204CE502203C7F031029
:1059C000ECC80410507F031010B5134B1B68C01AAD
:1059D0004010C3001B189A019B18DB001B18DA0348
:1059E0009B18DB001B185B420C4A12889A420DD9A7
:1059F0001F221A40012090405B09094A12689B004F
:105A00009B581840431E9841C0B210BD054B064A32
:105A100006480749E3F740FD5CE50220FC1B032034
:105A200048E502203C7F0310DCC80410507F0310BF
:105A30003905000010B5134B1B68C01A4010C30095
:105A40001B189A019B18DB001B18DA039B18DB005C
:105A50001B185B420C4A12889A420CD91F221A402A
:105A600001219140094A5B099B001268D3181A680A
:105A70000A431A6010BD064B064A07480749E3F778
:105A80000BFDC0465CE50220FC1B032048E502201C
:105A90003C7F0310CCC80410507F03104505000064
:105AA00010B5054B1A881F32D210044B186800211C
:105AB000E5F720FE10BDC046FC1B03204CE502208C
:105AC00010B5154B1B68C01A8010C200121A930142
:105AD000D218D2001218D3039B1ADB001B180F4AEE
:105AE00012889A420FD91F221A40012191405B0966
:105AF0000B4A9B001268D3181A68114209D10A4355
:105B00001A60002010BD074B074A08480849E3F710
:105B1000C3FC0120F6E7C0465C000320041C032000
:105B20004CE502208C7F0310A8C80410507F03109E
:105B30005905000010B5054B1A881F32D210044BCE
:105B400018680021E5F7D6FD10BDC046041C0320EF
:105B50004CE5022010B582B0FFF7EAFDFEF760FECB
:105B6000FEF7CAFD00F042F901F0FEFADBF7A2FAF7
:105B7000FFF7E0FF0D4B1B68002B13D069460C4B61
:105B80000A0011CB11C20B4B18880138FFF798F8A7
:105B9000DBF790FADBF78EFA01F0C6FDDBF78AFA45
:105BA00002B010BD01F074FDE8E7C0469009032083
:105BB000D8EB0410021C032070B503001000512A1A
:105BC00010DC144A12689A1A921093009B181C0158
:105BD0001B191C021B191D045D196D00AD18ADB217
:105BE000002306E00C4B0D4A0D480E49E3F754FC28
:105BF00001330D4A12789A420ADD0C4C5A00125BAE
:105C0000AA42F5D10A4AD25C8A42F1D10123584016
:105C100070BDC046CC010320A07F031090C80410C3
:105C2000507F03106E050000981C03207C050320A4
:105C3000BC05032010B5114B1B68C01A82109300DD
:105C40009B1818011B1818021B181804181840007C
:105C5000801880B2002300E00133094A12789A428A
:105C60000ADD084A5C00A25A8242F5D1064AD25C9B
:105C70008A42F1D1012000E0002010BDCC010320B8
:105C8000981C03207C050320BC05032070B505008B
:105C90000C00512912DC0423C25E502A14DD2300BB
:105CA000944204D001214C4024B2944211D1934239
:105CB00015D000212800FFF785FA70BD0A4B0B4A6A
:105CC0000B480C49E3F7E8FB0021FFF775FF0200E2
:105CD000E5E7094B054A06480849E3F7DDFB0021E3
:105CE0002800FFF735FAE8E7A07F03107CC804100E
:105CF000507F0310AA050000BC7F0310AC05000014
:105D000070B505000C00512912DC0823C25E502A30
:105D100014DD2300944204D001214C4024B294426B
:105D200011D1934215D001212800FFF74BFA70BD25
:105D30000A4B0B4A0B480C49E3F7AEFB0121FFF776
:105D40003BFF0200E5E7094B054A06480849E3F72F
:105D5000A3FB01212800FFF7FBF9E8E7A07F031070
:105D600068C80410507F0310B2050000BC7F031008
:105D7000B405000070B505000C00512912DC0623A3
:105D8000C25E502A14DD2300944204D001214C400D
:105D900024B2944211D1934215D002212800FFF77A
:105DA00011FA70BD0A4B0B4A0B480C49E3F774FB20
:105DB0000221FFF701FF0200E5E7094B054A06480B
:105DC0000849E3F769FB02212800FFF7C1F9E8E77A
:105DD000A07F031050C80410507F0310B9050000C5
:105DE000BC7F0310BB05000070470000F8B500231E
:105DF00008E01A4A126801321949CA54194A0021A6
:105E0000D1540133184A12689A42F2DC174B184AEF
:105E10001A60184B1C68C0231B069C466444E40CA3
:105E200080231B01E318144D5A00505B1B0180278F
:105E30007F023B40C01A114E3168DBF707FF104B61
:105E400018606300585B24013C40001B3168DBF79D
:105E5000FDFE40420B4B1860F8BDC0469809032078
:105E6000203101206C210120A409032034E102200B
:105E7000C80A03208C0903206CB60310B822012045
:105E8000801F0120841F012070B50500144B1B7872
:105E90008B4201D0134803E000220025FAE70830C6
:105EA000114B1B68834209D90468AC42F7D184794D
:105EB0008C42F4D10426845F9442F0D183420CD802
:105EC000084C1B1B8024E400A34207D0064C236827
:105ED0000833236005608171828070BD00BEF5E7E4
:105EE000B41C0320C80A032034E1022000B583B0AB
:105EF000FF2916D800281AD0134BC31A5A10FE2BAC
:105F00001BD86B461A7059700022835E6A46538014
:105F100001AA009B019353881B041088184303B007
:105F200000BD0A4B0A4A0B484521E3F7B5FA0A4B74
:105F3000074A08484621E3F7AFFA084B044A0548E8
:105F40004821E3F7A9FAC0466CD60220E07F03108F
:105F500070EE0410F87F03103480031038800310B3
:105F600010B582B00023C25E002A13DB0F4C530031
:105F70009B185B002268D35A002B11D0013B1940BB
:105F8000FFF7B4FF01AA019053881B04108818433F
:105F900002B010BD064B074A07485221E3F77CFACE
:105FA000064B044A04485521E3F776FABC17032050
:105FB0006480031080EE0410F87F031078800310D3
:105FC00000B583B00022835E002B09DAFFF78EFF55
:105FD000019001AA53881B041088184303B000BD28
:105FE000FFF7BEFF0190F4E770B505002F4B0222CA
:105FF0009A5E002A1BDB2E4B186853009B185B002F
:10600000C318DE78002E18D09B88C01874000419BD
:10601000002223787F211940521801322349497800
:106020008A4219D8DB095B000133E418F1E7214B00
:10603000214A22482249E3F72FFA9888214B00226F
:106040009B5EC01AFEF720FF184C6178FFF74EFFE9
:106050002080000C608002E05BB2002B03DB280094
:1060600005F096FA70BD6378FF2BFBD09E4216DDDB
:106070005B00C25CC01843781B021A43114B00211D
:106080005B5ED01AFEF700FF084E7178A378C91A3C
:10609000C9B2FFF72BFF3080000C7080DFE70A4B9E
:1060A000054A06480949E3F7F7F9C0467C2D012067
:1060B000BC170320A080031060EE0410B88003100A
:1060C000A2030000EC1B0320F4800310B5030000C2
:1060D000F0B585B060E0E04D2D68E04EAD1B0133BA
:1060E000ED1001950025009505F010FDDC4B1D68B5
:1060F0002D13DC4B1868DC4B1A5C531EAB4200DCE2
:10610000951EDA4B1B78002B09D06B1C023AD8493C
:10611000095C994200DC1900914200DC8EE0D54B0D
:106120001B78002B00D097E00026D34B186800287E
:1061300000D1BCE0D14B1C60D14B1D60D14BD24A89
:1061400012681A603100FFF70BFFD04B1880000C6B
:1061500058800220FFF748FFC24B1A68CC4B1B68DF
:106160000133C3498B54C04B00219954C949CA4AD1
:106170000B6812689B180B60C849C94A0B68126803
:106180009B180B60B649C74A0B6812689B180B60D6
:10619000B44A136801331360B24B1868C24B1B68D2
:1061A000984200DBF8E1BB4B1B68C04A1360BB4A56
:1061B0001468BF4A944664442413AD4A115CA1425A
:1061C00000DD0C00BB4A1278002A8FD0621EA64D5B
:1061D0002D5CA54200DCAA1E914287DCB64D2D68DD
:1061E0002E7AB64D2D78AE4200D074E7B44BB54D43
:1061F0001B682D682B41B44D2B60B44B00251D70DE
:10620000A04BB34D2D681D60B24B18609B4B1960BD
:106210009B4B1A60B04B4000C15A0904AF4B1B683E
:10622000C918890DAE4B1868FFF79AFE974B188076
:10623000000C58800420FFF7D7FE57E7A94B1E68D3
:10624000864BF61A934B1B680133F6100196012614
:10625000009605F05BFC62E79F4B824A1268520091
:10626000D35A1B04A04A12689B18DB0C9F4A16687D
:106270009F4A9B0098589F4B1968DBF7E2FC361A3F
:106280003614844B19680B132F2B00D92F239A4AED
:106290001268D2568D4B1A708E4B724A12681A6071
:1062A00001204042E4F72EFB874B18603DE7934BFB
:1062B0001868002800D1A6E0914A11680F13914B8D
:1062C0001B685B181360674B1B68674AD25C511EE2
:1062D000B94200DC971EA7427DDA654AD4548A4B46
:1062E0001868002800D13BE188490C68704BE3181E
:1062F0001B13874A126812190A605A4A12685C49CD
:106300008C5C9C4200DC1C00A54200DB85E06B1C21
:1063100007DB5F4B1B689D4200DB1AE102355249E7
:106320008D547C4B1868002800D11FE77A4A7B4BBC
:106330000021595E4B005B185B001268D35A013B89
:10634000D9B23140FFF73CFE0390754B18684D4BB6
:106350001860504B1968734B1960734B1C68DBF75E
:1063600070FC201A714B186003AB02229A5E002A5F
:1063700000DA0DE1684953009B185B000A68D318E6
:106380009A781204674B1B685343C318684A9446B3
:1063900060440014394A1060013B1B14384A1360F2
:1063A0004C4A1168634A1268525C541EA34202DBD5
:1063B000023A334B1A60604B1B685B5C984201DA0F
:1063C0002E4A13603148042203A9E5F799F9022007
:1063D000FFF70AFECAE6294B1C60294B1F60294BB8
:1063E000564A12681A603100FFF7BAFD274B188031
:1063F000000C58800120FFF7F7FD1A4B1A6801378F
:106400001B498F546BE72B4B1B78002B00D166E7A1
:10641000144B1B68164AD45461E7184B1C60184B88
:106420001D60184B464A12681A603100FFF798FD4C
:10643000164B1880000C58800320FFF7D5FD002C68
:1064400000DA7FE0124B1B68A3427BDB054B1A6826
:10645000013405498C5464E7B0220120C80A0320A6
:10646000F41F0120E8FA022020310120801C0320C3
:106470006C210120AC1C032074E802208C2D01202B
:10648000882D0120802D0120CCFA02207C2D0120B6
:1064900098090320D8FA0220DCFA0220CC08032055
:1064A000D4080320FC1F0120E0FA0220B4F40220EB
:1064B000FF0F00007F1C03206CD70220B41C0320B8
:1064C00094F80220682E0120782D0120501C032012
:1064D000E4010320842D012054E904108C090320D9
:1064E000E001032060320120C0FA0220D4FA022029
:1064F0006C060410C4FA022080170320D808032079
:10650000C0F40220C4F4022000200120C8F40220BC
:10651000CCF40220FCE60220BC170320F81B032069
:10652000C8FA022020050320C02201201C050320F8
:10653000FFFF000070E8022054E80220E4FA022085
:10654000BCFA0220154B164AE42116484900E2F72E
:10655000A3FF154B124AE62112484900E2F79CFFBF
:10656000124B1B78002B00D1DBE66B1C09DB104BB8
:106570001B689D4205DA0F4B1A6802350E498D548F
:10658000CFE6094B064AD4210648FF31E2F784FFE3
:10659000039800F0EBFDE9E505B0F0BDFC800310C9
:1065A0008CEE0410B88003101C810310801C0320A3
:1065B00098090320E8FA022020310120F8B5CE46E0
:1065C000474680B504000D00E64B00221A70E64BEA
:1065D0001B68834201DD884200DD00BEE34E326865
:1065E0009179D3791B020B431B0419145B135B1ABB
:1065F0005B00DF490868C018117A537A1B020B430D
:106600001B041B1404335B00C3189A78DB781B024D
:1066100013431B041A14DB139B189B00D54A126802
:10662000D318D54A1360D54B1860FFF703FA3268C8
:10663000117953791B020B431B048021C9058C4639
:106640006344CF490B60CF4909685B1AD9175B18BF
:106650004B406146634500D90B008026F605F61ACB
:10666000117853781B020B431B049B13C64A116815
:10667000CA18CB5C5078000218439378D17809028D
:10668000194309040004FEF7C5FE0700F30CBF4AD6
:106690005900895A1B01802252021340C91ADBF7A4
:1066A000D0FABB4B1860BB4B1C606B1CBA4A136022
:1066B000BA4B6200D05A0004B94B1B68C018FEF7F1
:1066C000E1FEB84B1860AC4200DAEFE1B64B1C6853
:1066D0000222A35E9B03B54A10681B1AB44A1360DA
:1066E0000023E15E89030A1AB24B1A60B24B002202
:1066F0001A60B24B1A60B24B1A60B24B1A60B24BBE
:106700001E68002E00D1E3E10223F25E9203121A0A
:10671000AE4B1A600023F55EAD032B1AAC48036044
:10672000237A9C46AB4B1B789C4500D13EE2A942A4
:1067300000D142E2A84B012119709D4B186882429A
:1067400000D145E2A54B012119700223F15E00251D
:10675000635F994205DD0023F15E0223E35E994207
:1067600004DB9D4B012119709C4B1970824226DA83
:10677000814B18680423C25E502A00DC37E2D30F35
:106780007F21002091424341DBB2002B00D13DE24A
:10679000794B18680423C25E502A00DC31E2904B2A
:1067A0009856FEF7E3FA864B1860744B1B681B790A
:1067B0001B0700D436E28B4B7D4A12681A60844B6B
:1067C0001A687C4B1B689A4226DD6B4B18680623BF
:1067D000C25E502A00DC46E2D30F7F2100209142A6
:1067E0004341DBB2002B00D14CE2634B1868062317
:1067F000C25E502A00DC40E2794B9856FEF7B6FAAA
:106800006E4B18605D4B1B681B79DB0600D445E2BC
:10681000754B674A12681A60574B18680223C25EAC
:10682000120470490B689B180B600223C25E1204AD
:106830006D490B689B180B600823C25E502A00DC70
:1068400031E2531E9A41D2B2002A6AD04A4B1868EC
:106850000823C25E502A00DC2CE2D30F7F210020E7
:1068600091424341DBB2002B00D132E2424B186827
:106870000823C25E502A00DC26E2594B98565B4B37
:106880001880FEF70DFB4C4B1860384B19688A795D
:10689000CB791B0213431B041A145B139B1A5B0076
:1068A000334A1268D2181379DB0600D421E23E4B3A
:1068B0001B6800201B5E444800680024005F834280
:1068C00000DC14E298034A4D28604A4C474B0026EE
:1068D0009E5F73009B195B002468E3189B781B0480
:1068E0001B18324800681B1A2B60087A4B7A1B026F
:1068F00003431B041B1404335B00D3189A78DB7822
:106900001B0213431B041A14DB139B189B00194A28
:106910001268D31802229A5E120435490B689B183C
:106920000B60284B19684B1E9941254B1B685A1E5A
:1069300093411943214B1A68531E9A411E4B1B6801
:10694000581E83410A4313432B4A137000D186E239
:106950000B4B1A680B4B1968531A802000068342B0
:106960004DD94BE0511C0320A40903206C2D0120BC
:106970005CE50220CC010320C801032058E5022079
:10698000D0FA0220B8FA0220700903206CB6031076
:10699000C4FA0220E8FA0220E0FA022054E90410C6
:1069A0008C090320D8FA02206CD70220B8090320F2
:1069B000281903201C190320FCE6022000200120D6
:1069C000D808032074E80220781F01202019032032
:1069D00024190320B41C0320801C03207F1C0320E7
:1069E000C0170320E4FA0220BCFA0220F81B03209F
:1069F000C8FA0220BC170320AC1C03208B1A80228B
:106A0000D205934200D91300DB0CC64A5900895ABB
:106A10001B01802252021340C91A3800DBF711F91A
:106A2000C14B1860C14B1E68C14B1B68F31A02D4DE
:106A30004042BD4B1860BF4B1B6800241C5F240400
:106A4000BD4B1D68AA7AEB7A1B0213431B04E418A2
:106A5000B54B1A68A446944462461A602A7A6B7A47
:106A60001B02134300D09DE1B44AB54B12681B686A
:106A7000D21A5210D3009B1899015B18DB009B18A7
:106A8000D8031818C00080184042AE4B0021595E50
:106A900000278F4200D385E17B185B08AA4A5C007F
:106AA000A25A824200D838E11900F2E7A74B6A00E7
:106AB000D05A0004A64B1B68C018FEF7E3FCA54B98
:106AC0001B68C01A291BE3F7F5FEA34B1860FDE510
:106AD000984B18680823C25E502A40DDD30F7F21EF
:106AE000002091424341DBB2002B47D0914B186804
:106AF0000823C25E502A3CDD984B9856FEF736F9C3
:106B0000974B1860974B01221A70974B1A708B4B5A
:106B10001B681B79DB0644D5944B1B6800241C5F63
:106B2000A403934B1D68834B18680823C25E502A48
:106B300030DD53009B185B00ED18AB781B04E418A4
:106B40008C4B1B68E41A8C4B1C607A4B1B6802222E
:106B50009A5E120488490B689B180B60E1E60121DC
:106B6000FFF72AF8C30F7F22002182424B41DBB29C
:106B7000BAE70121FFF720F80200BDE76D4B186866
:106B80000823C25E502A01DD1000B7E70121FFF79C
:106B900013F8B3E70121FFF70FF843001B185B0060
:106BA000CAE7754B754A12681A60CEE7307A83429D
:106BB00000D0BCE5714B1A60B9E5736861684B4061
:106BC0006F490B4200D0B5E5674B00211970B4E561
:106BD000337A9C4500D0B5E50423F15E0425635F5C
:106BE000994200D0AEE55F4B00211970ADE5002160
:106BF000FEF7E2FFC30F7F22002182424B41DBB24E
:106C0000C3E50021FEF7D8FF0200C8E5494B18682C
:106C10000423C25E502A01DD1000C2E50021FEF708
:106C2000CBFFBEE5574B1B6802241C5FA403504BEF
:106C30001D68404B18680423C25E502A0CDD5300C7
:106C40009B185B00ED18AB781B04E418494B1B68DC
:106C5000E41A4D4B1C60B2E50021FEF7ADFF430086
:106C60001B185B00EEE70221FEF7A6FFC30F7F2291
:106C7000002182424B41DBB2B4E50221FEF79CFFCA
:106C80000200B9E52B4B18680623C25E502A01DDCD
:106C90001000B3E50221FEF78FFFAFE53B4B3C4A06
:106CA00012681A60B8E50121FEF786FF431E98417D
:106CB000C2B2C9E50121FEF77FFFC30F7F22002189
:106CC00082424B41DBB2CEE50121FEF775FF0200A7
:106CD000D3E5184B1B680822985E502800DDCEE5EE
:106CE000020001211800FEF767FF00B2C7E580032C
:106CF000E9E51E4B1B680220185E224B1B6802242C
:106D00001B5F984207DA830322480360194C24680A
:106D10001B1B0360E9E59B03F6E782423CD05F1C46
:106D2000B7E6C0466CB60310D4FA0220D0FA0220AF
:106D3000B8FA0220C80103206C2D012058E502207A
:106D40005CE50220FE1B032060E5022054E90410EC
:106D50008C090320D8FA0220DCFA0220C017032095
:106D600074E802207F1C0320801C03206CD70220C3
:106D7000BC170320B8090320CCFA022028190320ED
:106D8000FFFF00FF781F0120E4FA0220BCFA022076
:106D900024190320C8FA02207A4B1B881B047A4A64
:106DA00063441360794B1B689B1B8022D205944679
:106DB0006344774A1360774B1B785BB2002B4ED14C
:106DC000754B1B680421595E0911744B1B68C91867
:106DD000734B1A68A879EB791B0203431B04181440
:106DE0005B131B1A5B006F480068C518C35C6878AA
:106DF000000218430004801310188378C47824021A
:106E00001C4324042414AE78EB781B0233431B0488
:106E10009B13D3189D78DA7812022A4312041214B5
:106E2000944215D0047842781202224312041214BC
:106E300018785B781B0203431B041B149A4209D089
:106E4000002909DB0F296DDD574B584A1A6006E00F
:106E50000139F5E70131F3E7534B554A1A604E4BC0
:106E60001A680021535E9B03524909688B4202DB7A
:106E7000514B002018700220135E9B03994207DBE0
:106E8000127A4E4B1B789A4202D04D4B00221A7058
:106E90004C4F3968091139604B4D2B681B112B6021
:106EA0004A4B99461868DAF7CCFE4042484B1860C6
:106EB000484B98461C682411474E31683868DAF709
:106EC000C0FE241A454B1C6029684B461868DAF747
:106ED000B8FE4042424B186043461C68241131689A
:106EE0002868DAF7AEFE241A3E4B1C603E4B1B6846
:106EF000002B11D03D4B1868001118603C4A1368F4
:106F00001B1113602F4B1B68984213DB384B18681A
:106F10002D4B1B68984221DCFFF7DAF8C0BCB9465C
:106F2000B046F8BD4B005B181B01214A9B181E4A56
:106F3000136094E7274B1C682411274B1968DAF774
:106F400080FE241A2B4B1C60284B19681F4B1868B5
:106F5000DAF777FE4042284B1860D7E71D4B1C68D4
:106F600024111D4B1968DAF76CFE241A234B1C60A0
:106F70001F4B1968154B1868DAF763FE4042204B27
:106F80001860C9E7F41B0320D4FA02208C090320FF
:106F9000C0FA0220651C03206CD70220303001208B
:106FA000700903205CE502208017032084FE022084
:106FB000B4FB0220B8090320801C0320B41C03206A
:106FC0007F1C0320281903201C190320DCFA02204F
:106FD000D4080320C0220120D8FA0220CC080320C4
:106FE000FC1F0120F41F0120781F0120201903201D
:106FF00024190320C0F40220C4F40220C8F40220A3
:10700000CCF40220024BC822D2031A607047C0465B
:10701000E401032010B50300202903D8027A521A94
:1070200002720FE00D4B0E4A0E48BE21E2F734FA11
:107030005A681202186801381860007802435A60D2
:1070400008311972197A2029F2D85A681000C840FC
:1070500004008C4062405A6010BDC046DC12031030
:10706000CCEE04108C5C031000B583B0FF2916D859
:1070700000281AD0134BC31A5A10FE2B1BD86B468C
:107080001A7059700022835E6A46538001AA009BE1
:10709000019353881B041088184303B000BD0A4BAA
:1070A0000A4A0B484521E2F7F7F90A4B074A084814
:1070B0004621E2F7F1F9084B044A05484821E2F776
:1070C000EBF9C0466CD60220E07F0310A8EE041056
:1070D000F87F0310348003103880031000B583B0AC
:1070E0000022835E002B09DCFFF7BEFF01AA01909E
:1070F00053881B041088184303B000BD024B034A99
:1071000003486421E2F7C8F940810310B8EE041087
:10711000F87F031010B58269054B1A4200D110BDEB
:10712000044B054A7C210548FF31E2F7B5F9C0461A
:10713000010000108C3203109CEE0410A4320310E6
:1071400010B5044B1B68C01A034B1B68C91AFEF725
:10715000D5F810BDB0090320B4090320014B8A22E1
:107160001A8070470C1C032070470000F0B5D6460B
:107170004F464646C0B5B6B0019001AB02229B5EB9
:10718000002B41DA9BB25B421BB29B00964A12680D
:10719000D3581B021B0A954A1468E418002C35D0FA
:1071A00001AB5B7898466278A3781B028021490086
:1071B0000B401343984530DA8D48042201A9E4F7C7
:1071C0009FFAE678B2462578AB072FD5894B1A6827
:1071D000894B1B6873439B1888498C466244111481
:1071E000013B1B14002A1FDB854A12689A4200DC0F
:1071F000531E994200DDEFE006AA11705370002380
:10720000937001339846D7E0E2F7F6F97D4B7E4A5A
:10721000B4217E48FF31E2F73FF97D4B7A4A2639A7
:107220007A484900E2F738F90021DDE7EB0721D57C
:1072300004235A00A25C94469C44634658002018DC
:1072400043465B00C35A1A0AFF2A15D04246013250
:107250005300C35A190AFF2928D16178A3781B0269
:1072600080277F003B400B43934218D901325300E3
:10727000C35AEFE70323DCE71A406178A3781B02C7
:1072800080277F003B400B43934201D90132DFE767
:10729000604B5D4AE0215D48FF31E2F7FDF85D4B50
:1072A000594AE8215948FF31E2F7F6F86278A178A7
:1072B00009028020400001400A436244013252002A
:1072C0006D070ED59A18A21803AB039200221A720A
:1072D00004920025002401235B429946002398462E
:1072E0000FE0D9085218A41803A8039407221340EA
:1072F000037222780121494299408A430492E8E7C7
:107300008146331BDBB2444AD15C03A8FFF782FEFF
:107310002718BA454DD035DB2D18F31BDBB23E4A9A
:10732000D15C03A8FFF776FE002832DD3C18324B13
:107330001A683B0053432F4909685B185043C01833
:107340002E4A944663441A1401380014002B27DB9C
:107350002B4B1B68834200DC581E8242D1DC4A451D
:10736000CEDD43465B00434406A9CA545A1C8854E8
:10737000FF2D17DC023306AAD55401239C46E044B6
:107380008146BEE7254B204AFB2120484900E2F711
:1073900083F8234B1C4AFD211C484900E2F77CF886
:1073A0000022D5E71F4B184A852118488900E2F7CB
:1073B00073F843463F2B08DC4346002B0FD136B011
:1073C000E0BCBA46B146A846F0BD174B0E4A87212D
:1073D0000E488900E2F760F800239846ECE7414642
:1073E00006A804F0ADF9EAE76CE60220C01A002016
:1073F0007C2D01201C05032020050320FFFF000039
:1074000098090320C8180310E4EE041054810310F7
:1074100094810310C881031030BE04108418031037
:10742000EC810310F88103100C820310F0B583B0D7
:1074300004002423C256244B1A70244B00211970D7
:10744000002A09DB836AC0221205134204D09B166E
:10745000032213401D4A1370A369DA179B18534087
:107460001B4A126813411B4A1360E0691A4B1860EB
:1074700025696169194F3960194B1E68DAF7E1FB1C
:10748000361A184B1E60184B3A681A60206AFDF7CE
:10749000FBFC0600A268154B1A600DE02914C9B266
:1074A0003000FFF71BFE0190FFF760FE0F4A1368E4
:1074B00001331360A369ED18E2680C4B1B689A4214
:1074C000ECDA03B0F0BDC046501C0320511C032071
:1074D000682E0120782D0120802D01202005032019
:1074E000C02201201C050320B4F40220842D0120B9
:1074F000F0B5C64600B58CB0050003681A78564B47
:107500001B889A4200D300BE2B685A787F21114015
:10751000524A10681B785A1C5200125A5B001B5AC0
:10752000D31A994200DB00BE4C4B19682A681378C5
:107530005B005B5A50787F2202409B185B00CB5A5D
:107540005B045E0CA868464A94466044DF0B454BDA
:107550001B68DB595B151B04C31A9846424B19681C
:107560004046DAF76EFB414B1C6804192414404B6B
:107570001B68A34203DA0CB080BCB846F0BD394B9F
:107580001B68D85900043B4B18404044364B1968DF
:10759000DAF757FB354B1A6882181214013AEAD40D
:1075A00000230B93E9682F4B1B68DB59DB025B154B
:1075B0001B04C91AC923DB035B1A0893211E2EDBA7
:1075C00003912B4B1B68934200DC5A1E0492264BFE
:1075D00029481B68006883400693284B1B68079363
:1075E00000200590A14202DD0C1B5C430594099626
:1075F000234B1B685B6B802B01DC1B0711D501A89B
:107600002423FF24C4541F4C022523682B432360EA
:1076100001A8FFF70BFF2368AB432360ABE7002112
:10762000CEE7194B1B785BB2002B03D001AC2420B2
:107630002354E8E72B685B785BB2002B07DB134B26
:1076400018682F23C45C01A80B3BC454DBE701A8D6
:1076500024230024C454D6E70C1C0320B4170320B1
:10766000000060FFB817032098F80220B82201201C
:10767000A40903200000FF03682E012094F80220D3
:107680009C090320ACF40220651C0320180503208C
:1076900070B51B4B1C6823681A89D3009B189A008D
:1076A000184B1B689B1804229B5E1B11164A12681C
:1076B0009B1805D40F2B0FDD144B154A1A6002E0FE
:1076C000124B144A1A60144B144A1A60144B154A90
:1076D0001A60B434002509E05A00D21813010D4A8B
:1076E0009B180A4A1360EEE701351034012D06DCC1
:1076F0002368002BF8D02000FFF7FAFEF4E770BDF6
:107700009C0903205C000320303001201805032071
:1077100084FE0220B4FB022070E8022014E702205D
:1077200054E802208CE802207047000070B5064C37
:10773000012523682B432360C2688168FFF776FE2A
:107740002368AB43236070BDACF40220F0B5D6468D
:107750004F464646C0B58CB00400C268944B1B68C7
:10776000D31A98460769934B1B68FF1A924B196806
:107770004046DAF766FA0500904B19683800DAF7E8
:1077800060FA45198023DB029D4205DA0CB0E0BCAB
:10779000BA46B146A846F0BD894B18682900DAF709
:1077A00055FA8146854B19684046DAF74AFA0600D1
:1077B000814B19683800DAF744FA361AF217B31811
:1077C0005340AD00AB42E1DCE1887E4A4B005B18E0
:1077D0009B00D25C7C4B1B889A4200D300BEE7889A
:1077E00078497B00DA1992008A1852787F2010407D
:1077F000764A1568DB199B005B5C5A1C5200525B91
:107800005B005B5BD31A984200DB00BE6F4B1868CD
:10781000E5886C4A69004B199B009B5C5B001B5A16
:1078200049198900521851787F220A409B185B0041
:10783000C75AC35E002B70DB7F047F0C00239A467F
:10784000BB009846624B1B6842469D586D152D043F
:10785000751B49462800DAF7F4F95E4B1E68861955
:1078600036145D4B1B68B34200DA8FE7584B1B6838
:10787000424698580004594B184040194946DAF7D7
:10788000E0F9544B1B68C0180014013800D57DE79F
:10789000A3690B93524B1B684A469A400692626951
:1078A0004B4B1B6841465B58DB025B151B04D3182E
:1078B0004C4A12689B1A0893331E49DB0393464BCC
:1078C0001B68834200DC581E049080204946400219
:1078D000DAF7BCF95346002B3CD03D4B1B684246BF
:1078E0009B581B043D4A1340013B059340420790BF
:1078F000039BB34205DD059A07999B1B4B43D318A5
:1079000005930997A3695B0328D501AA2423FF21C6
:10791000D15401A8FFF70AFF38E72169E068FFF7B3
:107920000FFC05002000FFF7F5FBC36AED1A90235A
:107930001B069C4665446D0F7B045B0C5B19234A58
:1079400012685B009B5A5F047F0CDB0B9A4677E75B
:107950000023B3E7002305930790C9E7224B1B7868
:107960005BB2002B03D001A924228B54D1E7E1881C
:10797000144B4A00521892009B185B785BB2002BA4
:1079800010DB174B1A680C239B1A4A461A41130046
:107990002F2A00DD2F23154A1268D15601AA24236D
:1079A000D154B6E701AA24230021D154B1E7C0463F
:1079B000B0090320B409032094090320A00903207F
:1079C00090F80220A08A04100C1C0320B417032096
:1079D000B8170320B8220120A40903200000FF03E8
:1079E000682E0120B8090320651C03201805032018
:1079F00010B50400FEF764F8002831D10422A35E1C
:107A00001B11184A12689B1805D40F2B0FDD164B5B
:107A1000164A1A6002E0144B154A1A60A48A002C18
:107A20000DD080231B059C466444A4000AE05A0044
:107A3000D3181B010E4A9B180B4A1360EEE7002473
:107A400000E00024002C0BD02000FFF77FFEA48B69
:107A5000002CF6D080231B059C466444A400F1E76B
:107A600010BDC046303001201805032084FE0220DE
:107A7000B4FB0220002802DBFF2802DC7047002054
:107A8000FCE7FF20FAE7000070B50500144B1C6806
:107A90000301E4182368002B21D0A068DBF7BAFFAC
:107AA000002801D1002304E0A068DBF7A9FFF9E773
:107AB00001330C4A12689A4208DDAB42F8D02068C4
:107AC00007491A0109688A589042F1D1206800F0EC
:107AD00067FB4368013B436000232360636070BD24
:107AE0008C2C01205C1F002070B505000E000024C6
:107AF00000E001341A4B1B68A3420EDD194B220132
:107B00001B689B181A68002A07D0002DF1D05B680B
:107B1000AB42EED12000FFF7B7FF114B1968A1422D
:107B200007D0104B1B6822019B181E605D6020006F
:107B300070BD0024A14209DD0A4A23011268D3580E
:107B40005A7A737A9A4201D20134F3E7A14203D000
:107B50002000FFF799FFE4E701246442E7E7C0460D
:107B60005C1F00208C2C012010B58269054B1A4245
:107B700000D110BD044B054A7C210548FF31E1F7D7
:107B80008BFCC046010000108C320310F8EE04108C
:107B9000A4320310F8B5CE46474680B507000D0065
:107BA00091469846C0680A68841AE317E4185C4056
:107BB00039696B68CD1AEE17AD1975406619B44670
:107BC000AC4200DD2C00641065462D1B314C24783E
:107BD00064B2082C03D09624E404A54257DCFDF7D8
:107BE0000BFC04003800FFF7BFFFC36AA34223D297
:107BF000E41AE40C284B6200D15A240180235B0272
:107C00001C40091BC020C003DAF71BF803148020B6
:107C1000C01A43461860C8231B049D420FDA1F4B4D
:107C20001B684A4613604B461B68D817C01AC00F22
:107C3000C0BCB946B046F8BDE41A013CD9E7154BC3
:107C40001B785BB2082B0DD09623DB045B1B1B1447
:107C5000124A10685843FA218900E2F72BFE4B467E
:107C60001860E0E79623DB049D4200DD1D000B4B0E
:107C70001B680F3B9620C004401B00145843FA2198
:107C80008900E2F717FE0F304B461860CBE7002063
:107C9000CEE7C0466B1C03206CB6031030020320F5
:107CA00010B50100002000E00130084B1B68834242
:107CB0000BDD074B02011B689B181A68002AF3D0E2
:107CC0005B688B42F0D1FFF7DFFE10BD5C1F002028
:107CD0008C2C012010B5002800D00C30FFF7E0FFFD
:107CE00010BD0000F0B587B006000D004D4B1B68BD
:107CF00004934B1E6C2B00D900BE6C006419E40089
:107D0000494BE418E368002B0CD0626904995218BF
:107D100004922769002A73DD424B1B689A4202DDF8
:107D2000049300E07F27002E28D0404B404A0021DA
:107D30005156D4224A43D05803000C33B3421DD0CD
:107D400005AB04AA3100FFF725FF3168374B0393D9
:107D5000374A127852B29446D42263465A43039B60
:107D6000D358DA68914202D0002809D148E07268FD
:107D70001B699A42F8D180230593F5E78023059388
:107D80002B000A3B032B0BD9202D10D0572D0ED0E2
:107D9000EEF7B4F81F2318400F3B181A3F1806E0FF
:107DA000EEF7ACF80F231840073B181A3F183800BD
:107DB000FFF760FE07003000FFF772FF2100300080
:107DC000FFF792FE051E1BDB200000F0E9F9436877
:107DD0005A1C4260002B15DB200000F0E1F9002264
:107DE000835E002B14DB134B2A011E68B618F76064
:107DF000059B049A009729002000DBF7E3FDB060A3
:107E000007B0F0BD200000F0CBF901234360E3E7A9
:107E10002000DBF79FFD0600200000F0C1F906807E
:107E2000E1E7C046300203203CEF0410E8F40220F2
:107E30004B1C03208C2C012010B5002800D00C30E6
:107E4000FFF750FF10BD10B501000020FFF74AFFFB
:107E500010BD000010B5074B1B68002B03D0064B6C
:107E60001B78002B00D010BDDBF7F8FD024B012280
:107E70001A70F8E7FCF10220891C032010B5074BAB
:107E80001B68002B03D0064B1B78002B00D110BDC4
:107E9000DBF7EEFD024B00221A70F8E7FCF102203E
:107EA000891C0320F0B583B00700DBF75FFD0026D7
:107EB0000DE03000FFF7E8FD08E0009A0199A068A6
:107EC000DBF768FD02E03000FFF7DEFD01361A4BFC
:107ED0001B68B3422DDD194B1C683301E41825687B
:107EE000002DF3D0A068DBF795FD0028EBD0144BF4
:107EF0001A68019280230093EB68002B07D06B690E
:107F0000D3180193002BD4DD9A4200DA0192616804
:107F10000029DBD03B000C339942D7D06B4601AA35
:107F20003800FFF737FE0028C7D13000FFF7ACFD5F
:107F3000CCE703B0F0BDC0465C1F00208C2C0120B4
:107F40003002032010B57F2800D900BEDBF77CFD8E
:107F500010BD00007F2800D900BE014B186070479B
:107F60003002032070B505000C00244B1B78012B58
:107F70000BD1234B1B78002B03D10020DBF7A4FC93
:107F800006E00120DBF7A0FC02E00220DBF79CFC0E
:107F90001C486D21DBF74AFD2800FFF7DBFF2000BE
:107FA000FFF7D0FF184B186800010121DAF748FDF0
:107FB000164B1860002304E01A018218002111609A
:107FC0000133114A12689A42F6DC114B00221A70F2
:107FD000013207E00F4BD1005C1801204042606085
:107FE000C85201326C2AF5DD0B4B1B785BB20133B2
:107FF00000D070BD084B00221A70FAE7B81C0020B0
:108000006C1C03203CEF04105C1F00208C2C012012
:10801000891C03201C280020C71A002010B50D4B16
:108020001B68002B11D00C4B1B78002B0ED1DBF7FB
:1080300049FD084C2368D868DBF730FD2368082029
:10804000185EDAF7E9FB0023236010BDDBF710FDB3
:10805000EDE7C046FCF10220891C032070B584B016
:108060000D001D2827D0431E422B26D900BE002418
:10807000194B1B68A3421CD0FFF7D0FF0822A35E58
:10808000002B1ED00823E05E8300144A1268D358E8
:108090001B021B0A124A1668F618DAF795FB010054
:1080A0003000DBF7EFFCE060E9B2DBF701FD0A4BE3
:1080B0001C6004B070BD0330D5E70001094C041901
:1080C000D6E7094A2300092101A8DBF783FD01A8AF
:1080D000DAF772FB2081D5E7FCF102206CE6022082
:1080E000C01A0020681F00202482031030B58BB016
:1080F000002400E00134204B1B68A34209DD1F4A25
:1081000023011268D358002BF4D02000FFF7BCFCE9
:10811000F0E71B4B00221A701A4B1B78022B19D068
:1081200001A9194A130031CB31C11A000B0013CA3F
:1081300013C313CA13C3154B1B785BB2032B12DC9A
:10814000013BDA00D3180133114A00201056C01841
:10815000013803E00E4B0020185620300121FFF7B4
:108160007DFF0BB030BD0A4B1B785BB2013B9B001F
:1081700001AA9858F2E7C0465C1F00208C2C012011
:10818000891C0320B91C002004EF04106A1C032082
:108190006B1C032010B50021FFF760FF10BD00002D
:1081A00010B50D4BC01AC21093009B1819015B1833
:1081B00019025B1819045B185B009B18074A904270
:1081C00003D8DB000648181810BD064B064A82216A
:1081D00006484900E1F760F93CEF0410380A000056
:1081E0001C2800202C82031028EF04103C8203106E
:1081F00070470000014B33221A707047CC1C0320DB
:1082000001804280044A4282029A0271009A82608E
:10821000019AC260038270470F270000F8B5DE465E
:1082200057464E464546E0B5060004254557836847
:108230001B689B46028A3A4B1B685000C35E9B003A
:1082400038480068C3581B021B0A37480068C41826
:10825000C05CE378DB01802464002340184382463D
:108260000023F05E002906D11221735E2F498B4254
:1082700001D09B4601E05B4673825B46002B0DDB21
:108280005C4607002A4B9C423BD0002C30D1022395
:10829000F15E5346C01ADAF707FA29E0022D04D03E
:1082A000032D07D05C466442EBE70933F8DA092472
:1082B0006442F8E75B46633301DB5C46F3E7632423
:1082C0006442F0E75346FF1A0222B35E9946358AAC
:1082D0000A212000E2F7EEFA6A1892B24946380005
:1082E000DAF7E2F90A212000E2F7E4FA0400454651
:1082F000002C03D06B1E9846002DE3D15B46002B6B
:1083000005DBF0BCBB46B246A946A046F8BD022339
:10831000F15E084B1A7838000838DAF7C5F9F0E74B
:10832000401803206CE60220C01A00200F2700002E
:10833000CA070000CC1C032010B5C3681B78002BB3
:1083400000D110BDFFF76AFFFBE730B585B0040030
:108350000AA80578032002900998019008980090D7
:108360002000FFF74DFF257505B030BD70B5050045
:108370000C00C3681B78002B04D1E1B22800FFF782
:10838000DBFF70BD0023C05E0223E95E2A7DDAF7C1
:108390008BF9F2E701804280FF220274009A42606A
:1083A000019A8260C360704710B543681B785BB266
:1083B000002905D110228256511C01D0130000E083
:1083C000037482681278002A01D05A1C00D110BDB3
:1083D0000022845E0222815EC268D25C2000DAF74D
:1083E00063F9F4E701704270FF220273009A426061
:1083F000019A82608370704710B543681B7800292A
:1084000005D10C228256511C01D0D3B200E0037377
:1084100082681278002A01D0002B00D110BD0378A9
:10842000417882781800DAF73FF9F7E770B5040071
:1084300014496C20A047002304E019007F39124A38
:10844000D1540133052BF8DD10498720A0470022C5
:1084500009E0D1B20D0079350D4B50001D546F313C
:108460001B1859700132052AF3DD0A498820A047FC
:10847000002304E019003431074AD1540133292B79
:10848000F8DD70BDCE1C0320ECDF02203B1C032076
:10849000681F0120A81C03204C3001200870704781
:1084A00010B58269054B1A4200D110BD044B054A34
:1084B0007C210548FF31E0F7EFFFC04601000010C6
:1084C0008C3203108CF90410A432031010B50C4B3D
:1084D0001B681C6A642C00DD64240A4B1B68A342E1
:1084E0000BD064231B1B9800C0186521E2F7E2F94A
:1084F000C000054B1860034B1C60034B186810BD8F
:1085000074F80220B023002028E1022070B58B4BC4
:108510001B68092B0DDC8A4B1B681B6A002B08D1DA
:10852000864B09221A60874B20321A70864B283AF4
:108530001A60824B1B68082B05DC814B1868A82346
:10854000C358002B6ED17D4B1B68072B1DDC7C4B69
:108550001B68A4229A58002A17D0AC229A58002AE5
:1085600013D01868824210D0744907240C601B6A2B
:10857000764909685B1A142B65DD734B23221A6058
:10858000FFF7A4FF05306F4B18706C4B1B68062B70
:1085900017DC6B4B1B68A4229A58002A11D01B6A67
:1085A0006A4A12689B1A142B00DC82E0634B072294
:1085B0001A60654B1C321A60FFF788FF0530614B6B
:1085C00018705E4B1B68052B00DD86E05C4B1A685B
:1085D0008823D356002B7CD05D4B1B685A1C74D06B
:1085E000013B5B4A1360002B77D1544B05221A6084
:1085F000FFF76CFF0730534B1870534B01221A6082
:10860000534B1A6069E00133082B0EDC514AD15CF0
:10861000C2185E32127852B29142F4D04D49CA5417
:108620000124F0E700240023EEE7002C8BD0434B1D
:1086300008221A60444B3E321A60FFF747FF0630AB
:10864000404B18707FE71369D2680169C068FCF776
:10865000D3FE05003A4B1B681868FFF721FFC36A79
:10866000AB4214D2ED1A80242406AC42A4416442E9
:10867000354B23221A60FFF729FF324B18708023F5
:108680009B059D420BD22F4B073018707DE75D1B79
:10869000002480231B06AB426441E4B2E8E7002CCF
:1086A00003D0284B033018706FE7264B0430187046
:1086B0006BE7224B06221A60234B1D321A60FFF72C
:1086C00005FF07301F4B18707BE7214B46221A60CD
:1086D00003E01F4B012252421A60184B1B68042B07
:1086E00011DC174B1A688C23D3589B0702D4D36A2A
:1086F000002B08D0114B04221A60124B24321A703E
:10870000114B273A1A60104B1B68002B04D00E4AFD
:108710001368013B136070BDFFF7D8FE04000E4BD9
:1087200018680321E2F7C6F86418064B1C70064B64
:1087300011221A60014B00221A60E8E788F8022033
:1087400074F80220BC1C032028050320B423002059
:10875000AC2300205CF202203C05032010B53D4B09
:1087600019685C23C85C3C4A43001B189800835C72
:10877000052B06D01A339B00CB18384A9360002390
:1087800011E0364B364A9A60F9E701204042354AFB
:10879000D054DA1C8A1844321278002A02D0DA1C2B
:1087A0003048C2540133022B06DCCA184432127816
:1087B000002AEAD058B2EAE7FFF7A8FE2A4B1B7856
:1087C0005BB259425941294A1170294A1278002A4C
:1087D00003D0002B0AD0002000E0002025490870BB
:1087E000002B05D0002A04D0012202E00120F5E789
:1087F0000022214B1A70214B00221A6000230BE04B
:10880000144A1268190012318900521850681B4925
:108810000A68121A0A600133032B10DC184A127816
:1088200052B29A42ECD00B4A1268190012318900F8
:108830005218506811490A6812180A60EBE7114A89
:108840001368013B1360002B03D10F4B0F4A1278C2
:108850001A7010BD74F80220F86504100017032088
:10886000A8230020E8DF0220561C0320BF1C0320A1
:10887000C11C0320B81C0320BD1C032030050320AD
:108880004B1C032034050320B91C0320C01C03200B
:1088900010B5084A136801331360EDF72FFB064B40
:1088A0001860FFF75BFF054B1B681A6A044B1A60E0
:1088B00010BDC046240503203C05032074F80220A7
:1088C000B4230020F8B504001C4B1B78002B00D10A
:1088D000F8BDDDF716F81A4A1368C31A1060632B47
:1088E00010D8184E327818498F5C184D2868C01B74
:1088F00028608B54FF210B401B182B6001320F2383
:108900001A403270631C11D1104B19680A00A13A49
:108910000F4B9A42DCD8FA208001E1F7CBFF0D4BD8
:1089200018600D480121FFF707FDD1E7094B1C60D6
:1089300009480121FFF700FDCAE7C046B01C03202B
:1089400024E10220881C0320E8F10220DC08032037
:108950009E1E00002C0503209412032070B5050014
:108960003F4B1B78002B06D03E4A127852B2002AA9
:108970000DD0002100E000213B4A1170394A1278E5
:1089800052B2002A05D0002B22D1002202E00121A0
:10899000F2E70022354B1A70354B1A78A8210020D7
:1089A000D9F782FE002D09D0324B1B78002B03D063
:1089B000314B1B785E33DBB2304A13702F4B1A7881
:1089C000002A07D12E482900FFF7B6FC002616E042
:1089D0000122DFE7A8218F20D9F766FEF2E7B40075
:1089E000A0198000274BC0182900FFF7A5FCA0198B
:1089F0008000254BC0182900FFF79EFC0136032E8E
:108A0000EDDD22482900FFF7B1FC21482900FFF7DE
:108A1000ADFC20482900FFF7EFFC002408E0A0008F
:108A2000001980001C4BC0182900FFF7BDFC013461
:108A3000052CF4DD19482900FFF7B6FC0024022CB0
:108A400009DCA00000198000154BC0182900FFF7B1
:108A5000ABFC0134F3E713482900FFF76DFC70BD50
:108A6000C11C0320561C0320B81C0320BD1C03207E
:108A7000A81C03208E1C03204B1C0320631C032016
:108A80000017032018110320F0140320BC12032048
:108A900068110320F81103208011032080120320A5
:108AA000B4140320A812032010B5FFF757FF10BD20
:108AB00010B50248FFF7BAFC10BDC0469D840210F5
:108AC00010B5FFF7F5FF10BDF0B5C64600B584B090
:108AD000884B1B78002B03D004B080BCB846F0BD97
:108AE000844B01221A70844C22685C23D05C834939
:108AF00043001B189B005B5C814803210291814D60
:108B000001951A339B00D21800926223AB222931BF
:108B1000FFF776FB23687C487C4A12780292019525
:108B2000203300936223AB225A21FFF70EFC784BCF
:108B30001B7878480195784A0092A8226821FFF7AF
:108B400051FC002425E0A5002D19AD00734BED1854
:108B500003212000E1F7AEFE4E007618B600032197
:108B60002000E1F7A7FE82001218520063006C4952
:108B70005B18614908680134AC3231006F31694ECD
:108B80000196260058368019063000902800FFF71D
:108B900001FC052CD7DD644802230293634B01934B
:108BA000634B00936223AB228A21FFF729FB614BC1
:108BB0006148544C0194614A0092A8228F21FFF72A
:108BC000E9FB4D4D2B685E48504A127802920194A1
:108BD000243300936223AB22DD21FFF7B6FB594F0C
:108BE000594E0194594B984600933B00AB22EF211C
:108BF0003000FFF7CFFB30001430019443460133BF
:108C000000933B00B522EF21FFF7C4FB3000283072
:108C100001944346023300933B00BF22EF21FFF74C
:108C2000B9FB2B68902252009046494E03270297C9
:108C30000194683300936D23733A41463000FFF787
:108C4000DFFA2B6830001430029701946C330093E4
:108C50006D23B3224146FFF7D3FA2B68300028304A
:108C600002970194703300936D23BF224146FFF7B2
:108C7000C7FA2B6830003C3002970194743300939C
:108C80006D23B9224146FFF7BBFA2B689D225200A3
:108C90009046304E02970194783300936D238D3ABD
:108CA00041463000FFF7ACFA2B68300014300297D1
:108CB00001947C3300936D23B3224146FFF7A0FA61
:108CC0002B683000283002970194803300936D2385
:108CD000BF224146FFF794FA2B6830003C300297E0
:108CE0000194843300936D23B9224146FFF788FA3B
:108CF000F2E6C046741C032074F80220F8650410E4
:108D000000170320C11C0320BC120320CE1C03202B
:108D10003B1C0320F8110320BF1C032080110320FB
:108D2000681F0120B81C0320A8120320BD1C0320CB
:108D3000300503204C30012080120320BC1C03208E
:108D400068110320ECDF0220B4140320E8DF0220C6
:108D500018110320F014032000B585B0FFF7B0FE12
:108D60009F21094804230293084B0193084B009369
:108D70006D2302224900FFF743FA064B064A1A60A8
:108D8000FFF7A2FE05B000BD94120320B823002017
:108D90002C05032074F80220E8F4022010B51B4BC8
:108DA0001B785BB2D4205843194BC018194B18607C
:108DB000194A00231360194A1370194A01211170CE
:108DC000184A1170184A1370184A1370184A137011
:108DD000184A1370184B012252421A60174B1A603E
:108DE000002305E0C2185E321178154AD1540133D0
:108DF000082BF7DD002303E0124AFF21D154013391
:108E0000022BF9DDFFF7F6F910BDC0464B1C03201D
:108E1000E8F4022074F8022024050320BA1C032081
:108E2000BE1C0320C11C0320B91C0320C01C03204E
:108E3000BB1C0320BC1C032038050320B4230020E6
:108E40005CF20220E8DF022010B5064B1B78002BF5
:108E500000D010BD0020DDF785FC024B01221A7006
:108E6000F7E7C0463C24002010B5074B1B78002BC9
:108E700007D0FFF793FFFFF727FE034B00221A707E
:108E800010BDFFF7E1FFF4E73C24002070B584B08B
:108E900004000378012B12D0002B0DD1B94B1B78A5
:108EA000002B04D1B84B1B785BB2042B1BD1B54B04
:108EB0001B78002B00D1ABE1002004B070BD4168ED
:108EC0000A0C1204B1488242E6D1B14B994206D055
:108ED000B04B9942F0D1B04B01221A70ECE7AE4B87
:108EE00000221A70E8E7217AAC48D8F737FE051E51
:108EF0001AD0AB4B1D688C216B58022253406B502B
:108F00001A420DD02868002803D0FFF7C9FA64235D
:108F1000838464232B62A34BA022AB500025D0E0B6
:108F2000A14BA022AB50F9E7217AA048D8F716FE52
:108F3000061E1ED09A4B1968C8234B62C63B8B6233
:108F40002B0004E0CA185E32012010700133082B98
:108F5000F8DD08E02B001E339B005A582B001A3313
:108F60009B005A500135032DF4DD914BA0228B500C
:108F7000D4E7217A8F48D8F7F1FD002827D0884B15
:108F80001968C8234B62C63B8B62330004E0CA18E1
:108F90005E32012010700133082BF8DD330008E049
:108FA0001A001E32920050581A001A329200505085
:108FB0000133032BF4DD04E08B19443301221A70D2
:108FC0000136052EF8DD7C4BA0228B50A6E7217AD6
:108FD0007A48D8F7C3FD00280FD1794B1B78002BB6
:108FE0004ED0774B1B78002B98D0A168C9B275483A
:108FF000D8F7B4FD002891D049E0694B1968724B4D
:10900000A0228B506D4803A9D8F7EAFD6F4B1B785F
:10901000022B03D06E4B1B78042B1AD803A90A78B5
:10902000303A0A235343180021304A7880183138E7
:109030009B18532B09DD664B1B78022B05D9584B27
:109040001968644BA0228B5068E70121FFF706F8EE
:1090500064E703A90A78313A09235343581C4A7834
:109060001100313940189B18502B05DD4C4B196805
:10907000584BA0228B5051E70121FEF7EFFF4DE73F
:10908000A168C9B25448D8F769FD0028A9D0444B5B
:109090001B688C201A5801214A401A500A4203D0FA
:1090A0004E4A9F315A5039E74D4AA0215A5035E770
:1090B0002900F0F7F9FB3A4B19684A4BA0228B5074
:1090C0000135052D20DC217AE800474BC018D8F780
:1090D00045FD0028F4D0324B18682B000A339B0062
:1090E000C3185B68002BE3D0012D06D02B000A3398
:1090F0009B00C01801234360DDE72B000A339B006F
:10910000C01800234360D6E7217A3848D8F726FDF7
:10911000002805D0224B1968354BA0228B50C6E69B
:10912000217A3448D8F71AFD002809D01C4B1B6857
:10913000012265215A54DA622F4A3B315A50B6E671
:10914000217A2E48D8F70AFD002800D1AFE62C4B33
:109150002C4A00215156D4224A43D6583000FFF7FA
:109160009FF9C36A284A294D31690191F16800913C
:1091700034212800DAF72EFD094B1A68A023D550B8
:1091800095E6C0468E1C03206D1C032000006D6117
:1091900000656D6100786D61BE1C03202C240020E9
:1091A00074F8022078820310908203101C2400209F
:1091B000A882031024240020C0820310342400203D
:1091C0006C1C03200C240020D8820310B91C002042
:1091D000B81C0020E8820310142400200083031030
:1091E000148303102C830310D423002004240020B4
:1091F00040830310CC23002070830310BC23002085
:10920000E8F402204B1C0320888303104420012033
:10921000217A2248D8F7A2FC002800D14CE61F484A
:1092200003A9D8F7DDFC1E4B1878022813D003AB36
:10923000197830395A78303A02281CD0002900DCDD
:109240003AE6042900DD37E610D0002A00DC33E6D8
:10925000092A16DD30E603A90B78303B9A00D218B4
:1092600052004B78D218303A0021E5E70D4B1B78BD
:10927000042BEAD820E6002A00DC1DE6282A00DDBF
:109280001AE6094B1C68094BA0202350084B00200C
:1092900018560023EAF754F90EE6C046C42300200E
:1092A000B91C0020B81C002074F80220A48303100D
:1092B0006D1C032010B51F4B1A68A423D358116BE3
:1092C000002905D089110C20411A8B4200DA0B00CD
:1092D000002B13D00733D8103F2B00DD07200130BF
:1092E000154B1B68834220D1124B1B681B6A134A23
:1092F0001268934201D0114A136010BDA823D358BD
:10930000002B06D00733D8101F2B00DD03200930B7
:10931000E6E7936B802B06DC0822100018401A4207
:10932000DED00D20DCE70D20DAE7034B1860DDF717
:1093300019FAD9E774F80220380503200CE102205D
:1093400010B50C00002805D0084B1B78002B0AD064
:10935000012200E00122064B1A70FFF7ABFF20004C
:10936000FFF7A2FB10BD0022F5E7C0463E1C03201C
:10937000C11C0320087070477047000030B585B0ED
:109380000400244B1B78022B33D0234B1B681B6833
:10939000DA009B18F433214A1380214D2900A320C1
:1093A000A047691CA420A0471E49A520A0471E4B2A
:1093B000AA221A801D4B043A1A80164B1B78022BE6
:1093C0001CD01B4B1B78042B04D9134B1B681B6848
:1093D000032B19D0104B1B681B68164A092101A8E2
:1093E000E1F7F6F901A8D9F7E7F9134B188005B0B2
:1093F00030BD0A4B8C2252001A80D8E70F499D3AA3
:1094000001A8DAF7BFFBEDE70C49092201A8DAF75A
:10941000B9FBE7E7B91C002084170320F61B0320E3
:109420002C19032014050320141C0320E21B032025
:10943000B81C00205C840310281C03201435031082
:10944000F0B5D6464F464646C0B5424B1B78022B78
:1094500007D1414B1B689A68404B1B785BB29A421C
:1094600056DA3F4B99461A883B4B98461B689B68D7
:10947000D21892B23B4B9A461B685100CB5E9B00C0
:10948000394F3968CB581B021B0A384E3168C8184F
:10949000CB5CC178C90180256D0029400B43A02415
:1094A0006400E31AD80FC01840100221D9F7FCF865
:1094B00053461A684B461B884146096889685B1801
:1094C0009BB25B009B5E3F689B003068FB581B02B1
:1094D0001B0AC3185B78990059188910023195232B
:1094E0005B00D35E9B00FB581B021B0AC618C25CC4
:1094F000F378DB012B401343E41AE00F001940100E
:109500009522D9F7D1F8E0BCBA46B146A846F0BDDD
:109510009A42F8D1134B1A6895235B00D35E9B00E7
:10952000114A1268D3581B021B0A104A1268D1183C
:10953000D25CCB78DB01802149000B401A43A02389
:109540005B009B1AD80FC01840109522FE39D9F73E
:10955000ABF8D8E7B91C0020841703202E1C032089
:10956000F61B0320401803206CE60220C01A0020DE
:10957000F0B5C64600B5224B98461A6896235B00A4
:10958000D35E9B001F4F3A68D3581B021B0A1E4E26
:109590003268D118D35CCA78D20180256D002A4088
:1095A0001343A0246400E31AD80FC0184010962279
:1095B0000221D9F779F8154B1A88154B1B68DB681F
:1095C000D21892B243461B685100CB5E9B003968AB
:1095D000CB581B021B0A3068C018437899005918F1
:1095E000891002310678C378DB012B403343E41A3B
:1095F000E00F00194010D9F757F880BCB846F0BD0D
:10960000401803206CE60220C01A0020F61B03203D
:1096100084170320F0B5C64600B582B084460E001C
:109620000024254B1B681968244ACB005B1863444F
:109630009B00985ED2180223D15E0191335D204FCA
:109640003F685B00DB5F9B001E4F3F68FB581B02BF
:109650001B0A1D4F3F68FA18FF5CD378DB01802599
:109660006D002B403B431B1857787F18002807DB01
:10967000A0225200934203DA002901DBC72F06DD46
:109680000134022C05D0335D002BCAD102E0012346
:1096900000E00023002B01D0012C08DD61460131E0
:1096A0000A48E2F7B5F902B080BCB846F0BD325DB9
:1096B000D8F7FAFFF7E7C0468417032004FA04102E
:1096C000401803206CE60220C01A002064840310B6
:1096D00070B51F4B1B78022B38D01E4B1B681B68C4
:1096E000022B33DC00250AE01B4B1E680136ECF729
:1096F00005FC6178E1F7DEF87618E6600135154B78
:109700001B681B68154AD256AA421FDD144A9B00EB
:109710009C58AB005B199B00E418FF23237423784B
:10972000002BE1D0012B06D0022BE7D10A4B1B689E
:109730000133E360E2E7084B1E680136ECF7DEFB1D
:10974000217AE1F7B7F87618E660D7E770BDC04632
:10975000B91C002084170320881F012000FA041080
:10976000F0F9041070B5344B1B78022B63D0334BE7
:109770001B681B68022B5EDC002503E062789B18E7
:10978000E36001352D4B19680B682D4AD256AA4269
:1097900051DD2C4A9B009C58AB005B199B00E418E0
:1097A000E268294B1B689A42EBD12278012A0FD03C
:1097B000022A26D0002AE4D11022A256013252B247
:1097C0002274022161568A42D8DB00222274D5E736
:1097D0001022A256013252B22274022161568A42EC
:1097E00003D062789B18E360CBE7FF232374ECF788
:1097F00085FB217AE1F75EF8134B1B68C918E1601D
:10980000BFE7124A127852B2002A01D1072DB8D010
:10981000C968227A9142B4D1102161564A1C52B2D1
:10982000227402202056824203D062789B18E360A3
:10983000A7E72174F9E770BDB91C00208417032045
:1098400000FA0410F0F90410881F0120C71C03203F
:1098500070B5144B1B78022B23D0134B1B681B686D
:10986000022B1EDC002400E001340F4B1B681B6838
:109870000E4AD256A24214DD0D4A9B009B58A2000C
:10988000121991005B1810255D57002DECDB0422A6
:10989000985E0622995E5A89521992B2D8F704FF4F
:1098A000E2E770BDB91C00208417032000FA041001
:1098B000F0F90410F0B5D6464F464646C0B505004F
:1098C0008A4691461F002B4B1A6889235B00D35EA2
:1098D0009B00294A1268D3581B021B0A274A1268A8
:1098E000D118D25CCB78DB01802149000B401A43B0
:1098F0009046002F08DB4B46002B14DB4C46204BD8
:109900009C4224D1002528E04B46002B09D0484634
:10991000002703E00A21E0F7CDFF01370028F9D145
:10992000E9E70127E7E75C42E9E74346ED1A0A2148
:109930002000E0F7BFFF89318AB251462800D8F7EE
:10994000B3FE0A212000E0F7B5FF040037007E1EB9
:10995000002FEAD14B46002B05DB2800E0BCBA46BD
:10996000B146A846F0BD083D932251462800D8F7DD
:109970009BFEF2E7401803206CE60220C01A00208C
:10998000CA07000070B505000E00141E09DB942202
:10999000D8F78AFE01235B42220031002800FFF73E
:1099A00089FF70BDF0B5C64600B505008846161E95
:1099B0005BDBE1231B019A423DDA01270AE09C228E
:1099C00041462800D8F770FE21003000E0F772FF12
:1099D00000284AD039003000E0F76CFF3C21E0F766
:1099E00069FF0A00022341462800FFF763FF204B6E
:1099F0001A689C235B00D35E9B001E4A1268D358F2
:109A00001B021B0A1C4A1268D118D55CCB78DB01FB
:109A10008022520013401D43451B3B003C01E41BC8
:109A2000A4002700012BCAD021003000E0F742FF3C
:109A30000028C9D0C3E70E4B1A689E235B00D35E93
:109A40009B000C4A1268D3581B021B0A0A4A126870
:109A5000D118D25CCB78DB01802149000B40134345
:109A6000C01A9E224146D8F71FFE80BCB846F0BD02
:109A7000401803206CE60220C01A0020044BFF228D
:109A80001A70044B00221A70034B0A321A60704796
:109A9000C71C0320381C03209C2C012010B5FFF7A5
:109AA00061FE054A1368013B1360002B00D010BD16
:109AB000E9F70CFCFBE7C0469C2C012010B5064BD7
:109AC00001221A70054B00221A70054B8C321A6065
:109AD000FFF7FEFD10BDC046C71C0320381C032045
:109AE0009C2C012010B5FFF73DFE0C4A1368013B8A
:109AF0001360002B04D00A4A127852B2002A02D016
:109B0000FFF7BCFF10BD1F221A40132100230020C5
:109B100091424341034A1370F4E7C0469C2C012054
:109B2000381C0320B51C032070B5FFF791FE1E4BB7
:109B30001B78022B1FD01D4B1B681A68022A04DCFD
:109B40009D68082D04D000240AE0FFF711FD1DE0F8
:109B5000DD68013DF7E716492000FFF75BFD0134A2
:109B6000AC42F8DD114B1B681B79002B0FD1114B58
:109B70001B78002B10D10C4B1B78022B04D10B4B04
:109B80001B68DB681E2B01D0FFF7F2FC70BD084993
:109B90000820FFF73FFDEAE7044B1B680649D86839
:109BA000FFF738FDE7E7C046B91C00208417032003
:109BB00014050320B51C03202C19032010B5034BFA
:109BC00001221A70FFF7B0FF10BDC046B51C03207C
:109BD00010B50024002300E00133032B11DC0F4AF1
:109BE000D25C002AF8D08342F6D00D4A81000918D1
:109BF000C90012685218191D890052185268A41819
:109C0000EAE7074B82001218D2001B689A1804304A
:109C10008300D3185868201A10BDC046E4F402200F
:109C200070F8022010B5154B00221A70144B1A70F0
:109C3000144B01321A60144B22321A60002212E0D7
:109C40000133032B0ADC1149C95C0029F8D0104804
:109C50009100C918890000240C50F1E70D4B9100C8
:109C60000020C8500132032A05DC084B9B5C002B06
:109C7000F8D00023E5E7FFF72BFD10BDC71C03203C
:109C8000381C0320B82E0120D42C0120E4F402203B
:109C9000782E0120BC2E012070B5FFF763FD6A4BC2
:109CA0001B785BB2002B33D0684B1B68042B2FD082
:109CB000654B00221A7000241CE00133032B12DCD8
:109CC000634AD25C002AF8D06249A2001019C00091
:109CD00009680918181D8000091848685E49D218DB
:109CE00092005050E9E72000FFF772FF5B4BA200A3
:109CF00098500134032C05DC554B1B5D002BF8D02C
:109D00000023DBE75220FEF79EF8504B04221A6036
:109D10004E4B1B68022B10D0042B00D181E0DA07D8
:109D200076D54F490A68013A0A60002A70D1474A3D
:109D30000133136023220A606AE04A4B1B689B07C9
:109D400002D00025002459E00120FEF77CF8F8E756
:109D50004149A200D2189200013850501FE001255D
:109D60000133032B36DC3A4AD25C002AF8D03A4958
:109D7000A200D0188000405836491219D200096854
:109D80008A18191D8900521852689042E8D0002A9A
:109D9000DEDB3149A200D2189200013050502E492A
:109DA000A200D21892005258632A04DDA200D218F1
:109DB0009200632050502849A200D21892005258B5
:109DC0006332CCDAA200D218920063204042505095
:109DD0000125C5E72000FFF7FBFE204BA200D05075
:109DE000632801DD6321D1501C4BA200D35863339B
:109DF00003DA1A4B63214942D1500134032C05DCAC
:109E0000134B1B5D002BF8D00023AAE7002D00D0D8
:109E100070BD5220FEF717F80C4A13680133136027
:109E2000F6E7094B1B785BB2002BF1D01F20FEF741
:109E30000AF80D4B1B78022B02D0FFF73FFEE7E735
:109E4000FFF71CFEE4E7C046381C0320B82E0120B3
:109E5000E4F4022070F80220782E0120BC2E0120AC
:109E6000D42C0120881F0120B91C0020F8B5DE4643
:109E700057464E464546E0B5FFF7EAFCFFF7E0FAE5
:109E8000844B1A68A2235B00D35E9B00824A12684F
:109E9000D3581B021B0A814A1268D118D05CCB78B8
:109EA000DB018022520013401843401040420E3024
:109EB000FF305E3A2D21D8F7F7FBA02264210A205B
:109EC000D8F7F2FBA12232210520D8F7EDFB44267A
:109ED0005225002402E0283521360134032C00DD10
:109EE00090E06F4B1B5D002BF5D06E4B9B461A88A4
:109EF000A7B2D21992B2674B9A461B685100CB5E4B
:109F00009B00654989460968CB581B021B0A6349B7
:109F100088460968C8188446C85C6346DB78DB015C
:109F2000802149000B4018434010281ADD39D8F72A
:109F3000BBFB5B461A88D21992B253461B6851008C
:109F4000CB5E9B0048460168CB581B021B0A40466B
:109F50000168C8188446C85C6346DB78DB01802151
:109F600049000B401843401040422A303100D8F7D6
:109F70009BFB4D4B1B785BB2A342ACD1494B9B463C
:109F80001B88DB199BB2434A924612685B009B5EBA
:109F90009B00414A91461268D3581B021B0A3F4A54
:109FA00090461268D118D05CCB78DB018022520039
:109FB0001340184340103D4B1A78281A2321D8F734
:109FC00073FB5B461B88DB199BB251460A685B003A
:109FD0009B5E9B0049460A68D3581B021B0A4146F8
:109FE0000A68D118D05CCB78DB0180225200134084
:109FF0001843401040422E4B1A782A303100D8F7CF
:10A0000053FB68E7234B1A6889235B00D35E9B00F0
:10A01000214A1268D3581B021B0A204A1268D11821
:10A02000D25CCB78DB01802149000B401A4390467B
:10A030004E2600251FE028370134032C0FDC184B77
:10A040001B5D002BF7D01B4AAB001B199B009A58D5
:10A050004346F81802233100FFF72CFCEBE7164BC0
:10A06000AA00D2580223310040460E30FF30FFF7DD
:10A0700021FC21360135032D06DC094B5B5D002BED
:10A08000F7D052270024D8E7F0BCBB46B246A94619
:10A09000A046F8BD401803206CE60220C01A00203C
:10A0A000E4F40220141C0320811C0320431C032021
:10A0B000C21C0320782E0120BC2E012010B5174BA6
:10A0C00000221A70164B1A70164B01321A60164B8A
:10A0D00022321A60002400E00134032C15DC134BFB
:10A0E0001B5D002BF8D01249A30000225A501149E1
:10A0F0005A5011495A5011495A502000FFF768FD33
:10A100000F4A13681B181360E6E70D4A1368591EBF
:10A110008B411360FFF7DCFA10BDC046C71C03205B
:10A12000381C032018F20220D42C0120E4F4022071
:10A13000A02C0120D82C0120B02C0120C02C012003
:10A14000DC2E0120F0B5C64600B5FFF70BFBA44B93
:10A150001B785BB2002B40D0A24B1B680A2B3CD073
:10A160009F4B00221A70002400E00134032C2EDCE7
:10A170009D4B1B5D002BF8D09C4AA7003B19DB00D0
:10A180001668F618706864256843994B1B689846F2
:10A190001969E0F78FFB974BD851B0686843434685
:10A1A0005969E0F787FB944BD851F0686843434600
:10A1B0009969E0F77FFB914BD851914B1B68002BBD
:10A1C000D3D02000FFF704FD8E4BD851CDE75220AD
:10A1D000FDF739FE834B0A221A60824B1A680A2A5D
:10A1E00000D9ECE093008849CB589F46874B1B6809
:10A1F0009B0702D00026002405E00120FDF723FE86
:10A20000F8E701260134032C1BDC774B1B5D002B88
:10A21000F8D0784AA3009D5802359D50734A1B1907
:10A22000DB001268D3185B6864205843704B1B68CE
:10A230001969E0F73FFB8542E3DB6E4BA200D0508B
:10A24000E0E7002E02D080BCB846F0BD5220FDF7FA
:10A25000FAFD644A136801331360F4E76B4B1B6823
:10A260009B0702D00026002405E00120FDF7EBFD4E
:10A27000F8E701260134032C1BDC5B4B1B5D002B34
:10A28000F8D05D4AA3009D5802359D50574A1B19CE
:10A29000DB001268D3189B6864205843544B1B683A
:10A2A0005969E0F707FB8542E3DB534BA200D0502E
:10A2B000E0E7002EC7D15220FDF7C5FD494A1368DB
:10A2C00001331360BFE7514B1B689B0702D0002688
:10A2D000002405E00120FDF7B6FDF8E70126013472
:10A2E000032C1BDC404B1B5D002BF8D0434AA30022
:10A2F0009D5802359D503D4A1B19DB001268D3184A
:10A30000DB68642058433A4B1B689969E0F7D2FA3E
:10A310008542E3DB394BA200D050E0E7002E00D0AD
:10A3200091E75220FDF78FFD354B1B68002B05D1BF
:10A3300003212C4A13685B18136084E70121F8E7B6
:10A34000324B1B689B0702D00026002405E0012049
:10A35000FDF779FDF8E701260134032C11DC224BCF
:10A360001B5D002BF8D0274BA200D5580135D550E6
:10A370002000FFF72DFC8542EDDB224BA200D050E0
:10A38000EAE7002E00D05EE73920FDF75CFD154AB4
:10A3900013680133136056E7114B1B785BB2002B37
:10A3A00000D150E70320FDF74EFD194B1B78022B1F
:10A3B00002D0FFF783FB46E7FFF760FB43E7D307D5
:10A3C00000D440E713490B68013B0B60002B00D021
:10A3D00039E7044B01321A6023220A6033E7C04692
:10A3E000381C032018F20220E4F4022070F8022046
:10A3F00084170320C02C0120B02C0120D82C012070
:10A40000DC2E0120A02C012098F90410881F0120C7
:10A41000B91C0020D42C0120F8B5CE46474680B5A3
:10A42000BB4D2A6894235B00D35E9B00B94C226825
:10A43000D3581B021B0AB84E3268D118D75CCB78B0
:10A44000DB018022520013401F43FFF701FAFEF7A1
:10A45000F7FF2968B14B1B785B005B5E24689B00AB
:10A460003268E3581B021B0AD31858784008203082
:10A47000AB4B1B68002B00D086E02033C018403067
:10A4800097235B00CB5E9B00E3581B021B0AD1188D
:10A49000D25CCB78DB01802149000B401343C01A0A
:10A4A0009722CE39D8F700F9994B1C689B4B1B7843
:10A4B0005B001B5F974A11689B00974A1268CB5854
:10A4C0001B021B0AD318587840082030944B1B6895
:10A4D000002B5BD12033C01880309A235B00E35EF1
:10A4E0009B00CB581B021B0AD118D25CCB78DB0136
:10A4F000802149000B401343C01A9A22CE39D8F765
:10A50000D3F8834B1C68854B1B785B001B5F814A2B
:10A5100011689B00804A1268CB581B021B0AD31893
:10A520005878400820307E4B1B68002B30D12033F8
:10A53000C018C03098235B00E35E9B00CB581B0221
:10A540001B0AD118D25CCB78DB01802149000B407B
:10A550001343C01A9822CE39D8F7A6F8704B1B685F
:10A56000002B17D16A4B1A6897235B00D35E9B00C0
:10A57000684A1268D3581B021B0A674A1268D3182C
:10A580005E783236002576E0002377E70023A2E7E5
:10A590000023CDE75E4B1C68604B1B785B001B5FA4
:10A5A0005C4A11689B005C4A1268CB581B021B0A6C
:10A5B000D318587840082130FF309B235B00E35EBE
:10A5C0009B00CB581B021B0AD118D25CCB78DB0155
:10A5D000802149000B401343C01A9B22CE39D8F783
:10A5E00063F8BFE70023E4184E4B1A88ABB29846D5
:10A5F000424493B299465B0062469B5E9B00C358FF
:10A600001B021B0ACA18C85CD378DB0180214900F1
:10A610000B401843201A4A463100D8F745F8424B00
:10A620001B785BB2AB4246D0200040300A239846EC
:10A63000B0443E4BAA009146D258C01B4146FFF79A
:10A64000A1F9200080303A4B4A46D258C01B4146FF
:10A65000FFF798F92000C030364B4A46D258C01B4D
:10A660004146FFF78FF9601CFF302D4B1B68002B14
:10A6700040D121360135032D45DC2F4B5B5D002B8E
:10A68000F8D0234B1B689C46244B1B785B0062462A
:10A690009B5E204A10689B001F4A1168C3581B022A
:10A6A0001B0ACB185C78640820341D4B1B68002BF8
:10A6B00098D1203397E71B4B1B8843449BB2144A25
:10A6C00012685B009B5E9B00124A1268D3581B0203
:10A6D0001B0A114A1268D118D05CCB78DB018022AA
:10A6E0005200134018430D4B1A78201A3100D7F747
:10A6F000DBFF99E70123114A49468A585B424146EC
:10A70000FFF7D8F8B5E7C0BCB946B046F8BDC046BB
:10A71000401803206CE60220C01A0020C21C03204F
:10A72000DC2E0120141C0320811C0320C02C0120DE
:10A73000B02C0120D82C0120E4F40220A02C012010
:10A7400010B50D4B00221A700C4B1A700C4B0132D5
:10A750001A600C4A01235B4213600B4A13600B4AD8
:10A7600013600B4A13600B4A13600B4B23221A60D1
:10A77000FEF7AEFF10BDC046C71C0320381C0320E7
:10A78000C0040320D82C0120B02C0120C02C0120B3
:10A79000D02C0120E82C0120D42C012070B5FEF72C
:10A7A000E1FF944B1B785BB2002B03D0924B1B68EC
:10A7B0000A2B08D1904B1A680A2A00D909E19300A4
:10A7C0008E49CB589F468B4B00221A708C4A8D4B7A
:10A7D000002159568B005B18DB001468E418606890
:10A7E00064256843884B1E683169E0F763F8874B3E
:10A7F0001860A06868437169E0F75CF8844B1860E2
:10A80000E0686843B169E0F755F8824B1860206949
:10A810002321E0F74FF8804B1860306A2321E0F7DE
:10A8200049F87E4B18605220FDF70DFB724B0A224F
:10A830001A60BFE7754A136802331360784B1B68D0
:10A840009B0715D0714B1C686D4A6E4B0021595601
:10A850008B005B18DB001268D3185B6864205843D8
:10A86000694B1B681969E0F725F8844204DA70BD6A
:10A870000120FDF7E8FAE5E7644B18605220FDF788
:10A88000E2FA5D4A136801331360F0E7604A136827
:10A8900002331360624B1B689B071ED05C4B1C6825
:10A8A000574A584B002159568B005B18DB00126841
:10A8B000D3189B6864205843534B1B685969DFF7D2
:10A8C000F9FF8442D3DB524B18605220FDF7BBFAEC
:10A8D000494A136801331360C9E70120FDF7B3FA51
:10A8E000DCE74C4A1368023313604D4B1B689B072F
:10A8F0001ED0484B1C68424A424B002159568B00DF
:10A900005B18DB001268D318DB68642058433E4BA9
:10A910001B689969DFF7CEFF8442A8DB3D4B1860C6
:10A920005220FDF790FA344A1368013313609EE712
:10A930000120FDF788FADCE7394B1B689B0731D013
:10A94000354B1D6803351D602D4A2E4B002159568D
:10A950008B005B18DB001268D31818692321DFF71E
:10A96000A9FF0400854201DB2B4B18602B4B1D68AF
:10A9700003351D60244B1B68186A2321DFF79AFFFB
:10A98000854200DA73E7254B1860234B1B689C4215
:10A9900000DD6CE75220FDF756FA174A13680133C1
:10A9A000136064E70120FDF74EFAC9E7114B1B78ED
:10A9B0005BB2002B00D15AE70320FDF744FA194B94
:10A9C0001B78022B02D0FFF779F850E7FFF756F813
:10A9D0004DE7D30700D44AE713490B68013B0B60EE
:10A9E000002B00D043E7044B01321A6023220A6097
:10A9F0003DE7C046381C0320C0040320C4F90410FE
:10AA000070F80220811C032084170320C02C012031
:10AA1000B02C0120D82C0120E82C0120D02C0120C2
:10AA2000881F0120B91C0020D42C012070B5334BA5
:10AA30001A6889235B00D35E9B00314A1268D358A1
:10AA40001B021B0A2F4A1268D3185C786300E418B3
:10AA50006410FEF7FDFEFEF7F3FC97223221322050
:10AA6000D7F722FE284B1A6887256D00322128006F
:10AA7000FEF788FF260032369A2231003220D7F7BF
:10AA800013FE224B1A6831002800FEF77BFF1934B1
:10AA90006400992221003220D7F706FE1C4B1A6869
:10AAA00021002800FEF76EFF9D22A8211020D7F775
:10AAB000FBFD184B1A68A8219020FEF773FF164B78
:10AAC0001B681B68022B00DD70BD9F22A821B020EF
:10AAD000D7F7EAFD114B1B78022B07D10E4B1B68F1
:10AAE0009A680F4B1B785BB29A42EDD00D4B1A68F7
:10AAF0009820A8214000FEF755FFE5E74018032005
:10AB00006CE60220C01A0020C02C0120B02C0120CD
:10AB1000D82C0120E82C012084170320B91C002028
:10AB20002E1C0320D02C012010B5174A002308E06A
:10AB300088200024145417E0892101205054013347
:10AB4000D432032B1EDC1149C95C0029F7D0D17A1D
:10AB5000C807EDD588201056002802D10C480124E2
:10AB60000470882001241454890707D5892151567F
:10AB70000029E1D1064901200870DDE78921002084
:10AB80005054DCE710BDC046E8F40220E4F4022093
:10AB9000381C032010B51C4A136801331360012BC5
:10ABA0000DD0FFF7C1FF194B1B785BB2002B14D0FF
:10ABB000012B24D0013324D1FEF770FF21E0144B88
:10ABC0001B78022B04D001211C20FDF747FAE8E78F
:10ABD00001214320FDF742FAE3E70E4B1B785BB2FD
:10ABE000002B06D10C4B1B78002B05D0FFF7AAFADF
:10ABF00007E0FFF751F804E0FFF7D0FD01E0FEF7B2
:10AC000071FFD8F7B3FE10BD881F0120C71C0320B9
:10AC1000B91C0020561C03208E1C032010B5094BC4
:10AC20001B78022B09D00848FEF7A8FB074B3522FA
:10AC30001A70074B28321A7010BD064B20221A706A
:10AC4000F1E7C046B91C002075930210C21C032016
:10AC5000431C03202E1C032010B50248FEF78EFB78
:10AC600010BDC0467993021010B5FFF7F5FF10BD77
:10AC700010B5104B1B785BB2002B06D0012B16D001
:10AC8000013316D1FEF79AFF13E00B4B1B785BB232
:10AC9000002B06D1094B1B78002B05D0FFF7BCFB1E
:10ACA00007E0FFF7E3F804E0FFF7C0FE01E0FEF77E
:10ACB0003BFF10BDC71C0320561C03208E1C032025
:10ACC000154B1860154A00231370154A1360154A76
:10ACD0001360154B01221A60426A144B1A7002006D
:10ACE0002832134B1A600369002B01D10133036131
:10ACF0004369002B01D1013343618369002B01D1EA
:10AD0000013383610B4B1B78042B04D80368022B9F
:10AD100001DD033B0360704784170320381C0320C8
:10AD2000881F01209C2C01208C300120811C0320D5
:10AD300070F80220B81C002010B5FFF7C1FFFFF724
:10AD40006DFF094B1B785BB2002B06D1074B1B78BC
:10AD5000002B05D0FFF7B2F910BDFEF763FFFBE74C
:10AD6000FFF7EEFCF8E7C046561C03208E1C0320BC
:10AD700010B50B1482B25A430414634389B280B2F3
:10AD80004843614311441B04000C0844184410BD9F
:10AD900000BE7047D0231B0658617047D0231B06A6
:10ADA00098617047FFE7FFE7FFE7FFE77047C0469E
:10ADB00010B5D024240620666166FFF7F3FF206FEC
:10ADC00010BDC04610B5D0242406A066E166FFF78A
:10ADD000E9FF206F10BDC04601600023436083601F
:10ADE0000373704710B5D308C9180160002343608E
:10ADF0000724144008231B1B03734B1C03600B78B0
:10AE00002341836010BDC046044B4200D35A000169
:10AE1000802252021040181A7047C0466CB60310C8
:10AE2000014B185C7047C04630BE041003681F22F7
:10AE300093430A40134303607047C04610B503684C
:10AE4000064C23404901F824A40021400B43920200
:10AE5000F821C9010A401343036010BD1F80FFFFA2
:10AE60000368054A1340002904D08022520213438C
:10AE7000036070470022FAE7FFFFFEFF0368054A00
:10AE80001340002904D08022D2021343036070478C
:10AE90000022FAE7FFFFFBFFF820C0017047C04621
:10AEA00013680A318900401843607047044B1A68E0
:10AEB000830004490868D3581B021B0AC018704756
:10AEC0006CE60220C01A0020F0B57F27059E069D83
:10AED0001C143C40145D9B192C5D04704130FF3004
:10AEE0000139F5D2F0BDC0467F2318407047C046F7
:10AEF000F8B57F250F4B05406A000600D05E431C65
:10AF000010D07F270C4903E00220185E431C09D0B3
:10AF10003C004300CA5ACB181440AC4204D1B242A0
:10AF2000F2D1F8BDE843FCE7044A0548054B064961
:10AF3000DEF7B2FA9C0E0120A00F0120B0840310AE
:10AF4000D88403108884031057060000D02310B55E
:10AF50001B061B680024002B06D0084B01221C781E
:10AF60001A70611E8C41E4B2D8F700FDD0231B0695
:10AF70001B68002B01D0014B1C7010BD751C0320F9
:10AF800070B51E4C0023E25E002A0BDB53001C4808
:10AF90009B189B00C15E1B1821800121494219802A
:10AFA000100070BD17490023CA5EE1231B019A42BD
:10AFB0000AD0531C0B80530011499B189B005B184F
:10AFC000012149421980E7E7A0235B0098420DD296
:10AFD0001F2201238410224093400B49C01180009E
:10AFE00042581343012243505242D9E75421074BA0
:10AFF000074A0848FF31DEF74FFAC046D21B03204C
:10B000008C2B0020D41B032058260020148503100D
:10B010002C850310D8840310622110B5024A03481E
:10B02000034BFF31DEF738FA5C850310D884031038
:10B030004C850310F0B5574645464E46DE469D4BBF
:10B04000E0B54700FD5EFF189B4BB94688461F00E0
:10B05000824683B048004346C618B600BE19B2788F
:10B06000F17891423CD3FF293AD0002D5FDB4B466B
:10B070008C4604E00023E55E2300002D37DB6C00E6
:10B080006419A4003C19E1789142F3D300949946E5
:10B09000009B0C009B7861469C469C4234D3FF2C5D
:10B0A00032D0994237D373681B021B0A0193009B6D
:10B0B0005B681B021B0A9B46019B5B453BD26245BA
:10B0C00053D88C4269D8009C7C4B0021625E494673
:10B0D0000A801A881D804B46228000255D5FBAE7F2
:10B0E0009421774B774A7848FF31DEF7D5F927006E
:10B0F000013500D0D6E043463B8003B0F0BCBB46F0
:10B10000B246A946A046F0BDA421704B6D4A6E48D8
:10B11000FF31DEF7C1F942464B461A800022B35E8A
:10B1200035809846002BE8DBB146580093E74F4640
:10B130000023FD5EDCE7624520D38C423AD3002237
:10B14000B35E4246002A00DAA3E040465B4A11881B
:10B1500010803180002BD0DB4A460021525EAA428B
:10B1600000D08FE09846580075E78C422CD8009BA1
:10B17000013A9946DA7000255D5F6CE78C4245D351
:10B180006346013BF37042464B461A800022B35E91
:10B1900035809846002BC7DAAFE7009B0131C9B272
:10B1A00099708C42EFD2E021494B464A464849000B
:10B1B000DEF772F9631CDBB2B3708B426BD8009B75
:10B1C000994600255D5F46E75046FFF7D9FE051E0C
:10B1D00043DB43001B189B009C46BC44624600991D
:10B1E00019C919C26346F278009801329A70B27890
:10B1F000013AC2700021425E1A8043460380002259
:10B20000B35E35809846002B8EDA76E75046FFF71E
:10B21000B7FE8446002832DB42000192624492006D
:10B220009346BB445A4630001AC81AC25B46009C7B
:10B230004146E278E04601329A70A2780198013ADC
:10B24000F2704A4611800022B35E5A4613802300F2
:10B250003580A14600255D5FFDE6B3780099013B8E
:10B26000CB700022B35E30809846002B00DA44E7B2
:10B270000B0000255D5F434689465800EBE6009BC6
:10B280009B787EE7C821134B0E4A0F484900DEF732
:10B2900003F9FFF7C1FE84210D4B0A4A0A488900D1
:10B2A000DEF7FAF89E210C4B064A0748FF31DEF71D
:10B2B000F3F8C04650E400208C2B0020D21B032062
:10B2C000C8850310A4850310D8840310FC850310DF
:10B2D0001C8603107C850310E0850310F0B55746EB
:10B2E0004E464546DE468846E0B54E00794F464418
:10B2F000794BB6004200BE199D5E9246B378F27853
:10B30000814683B0934201D8FF2A0ED1734A744814
:10B31000744B7549DEF7C0F86C006419A4003C1941
:10B32000E178994222D20021655E002DF4DA43468D
:10B33000002B14DB5A0042449200BB5EBA18002B6B
:10B3400006DB5A00D2189200BB5EBA18002BF8DA5E
:10B35000514650464446654B595A1C52118003B021
:10B36000F0BCBB46B246A946A046F0BD0194A07809
:10B37000814224D3FF2922D0904226D87468240227
:10B38000240AA346019C64682402240AA3452ED201
:10B3900091423DD90021735E514650464446534A7E
:10B3A000515A14523180002BD9DB5E00F618B600DA
:10B3B000BE199846B378F2789A42A7D3A4E7474AD1
:10B3C00047484B4B4B49DEF767F80021725E514608
:10B3D00050464446454B595A1C523180002ABEDB28
:10B3E0005600B618B600BE199046B378E3E7984207
:10B3F00018D8914226D30022B35E4246002A66DB6B
:10B4000040463D4A118810803180002BCDDAA6E7F6
:10B41000019B00255D5F43465E004644B600BE19B1
:10B42000B378C8E7314B53449B46914215D341460C
:10B430001A8819800021735E0138F0703280002B69
:10B44000B3DA8CE70131C9B2B1709142E0D9234A35
:10B4500023482A4B2A49DEF71FF84846FFF790FD9C
:10B46000002820DB43001B189B009C46BC44320094
:10B47000634632CA32C3624601994546CB7880465C
:10B480000133DBB293708A78013AF2700024325FA4
:10B49000644622805A465C4612882580328000220B
:10B4A0008D5E664687E7019B41469B78013BF370C2
:10B4B0005B461A8819800021735E3280002B00DA07
:10B4C0004DE70C265E43BE199846B37873E7FFF745
:10B4D000A3FDC0468C2B002050E400202C860310D6
:10B4E000D8840310C88503105D020000D0E6002058
:10B4F000FC8503106A020000D21B03201C86031087
:10B50000A602000010B5012200211748DDF7F2FA6B
:10B51000012200211548DDF7EDFA0122002114482F
:10B52000DDF7E8FAF12298217824124B12485200F4
:10B5300003609952114A5C801148995201220021FE
:10B54000DDF7D8FA012200210E48DDF7D3FA802278
:10B550000121520049420C48E0F7CCF8E0220B4BA5
:10B56000D2001A8010BDC046582D0120302D012078
:10B57000482D012000041050141103204204000043
:10B58000382D0120402D01209C0E0120D81B0320C6
:10B59000F0B54646D6464F46534DC0B5534E2B6880
:10B5A00032689A4259DB0120514B40421968FFF73B
:10B5B000FFFB041E00DA6EE080235B03984200DB91
:10B5C0004C4C4D4B4D4F1A684D4B1B689A4600230F
:10B5D000F95E002946DB01235B429C464B0049484B
:10B5E0005B189B008046C05A4344388060461880F0
:10B5F0002F7835789F70DD70A72F61D8A72D5FD881
:10B60000414D2D68AD0761D42402250A012400268E
:10B6100064421C80DC7924062C435C603B4CA657BA
:10B620003B4CA24200DD2200FE242406A24200DAA6
:10B6300022001F25374C2E402078D711D87264780D
:10B640007F0125406409640192143D433443504610
:10B650009A721D81DC71FFF7EDFCE0BCBA46B14681
:10B66000A846F0BDE1232C491B018C460020095E51
:10B67000994213D001235B42984640463B804B00E1
:10B68000204F5B189B00DB19188060464F1C078019
:10B690000029ADDAE1E7FFF77BFB92E7A0235B002F
:10B6A0009A4519D253461F229C10012322409340F1
:10B6B00052461A49D0118000425813434350CCE7F8
:10B6C000174A1848184B1949DDF7E6FE144A154881
:10B6D000174B1849DDF7E0FE5421174B174A114864
:10B6E000FF31DDF7D9FEC0468C2D0120882D0120C9
:10B6F000B4F40220FFFF0F00802D0120D21B032095
:10B70000842D01208C2B0020ACF40220501C03203F
:10B710007FFFFF017C2D0120D41B03205826002031
:10B72000F0860310D8840310548603106D030000C4
:10B73000148703106E030000148503102C8503107A
:10B74000F0B55746DE4645464E4601220B00E0B5B1
:10B75000D649070009688FB050429846FFF728FB8A
:10B760008246002800DA5BE180235B03984200DB1D
:10B7700041E1CF4B99461B6818009B46FFF700FC40
:10B78000051E0C9000DA2FE184464400C94E644443
:10B790003A78A4003419A2707B78E370A72A00D904
:10B7A0007EE1A72B00D97BE13A789A4200D971E17A
:10B7B0000222C14B1F211B68E07913405A425341BA
:10B7C00052465B421A40130200061B0A0343BB4861
:10B7D00063600D90E37900788B4301400B43E37184
:10B7E000B74B80221968B74B52049A4680235046C3
:10B7F0001B040068CB180590934203D280239B045E
:10B80000984209DB059AB048E0F702F953461B68F5
:10B8100005934B461B689B461F22AC4BE179187879
:10B820001140E0725B78207A90431A405B095B011B
:10B83000104319432072E171BB78059A1B04D31A97
:10B84000A34A934200DD1300FE221206934200DA5F
:10B8500013001F222189DB110A405905DB0AA3725C
:10B860004346090C0A432281012B00DCB1E0994ACE
:10B87000E1239446984A1B019146424652004244B5
:10B8800092460993624601230021515E5B424A467B
:10B890000793FE230024125F8D4C1B06A0460693DF
:10B8A0005C46002301924A46BA44D146E346B2467A
:10B8B0000893F81C0B94029504910A923EE00299B9
:10B8C00054008C46A418039202925246A4004B00E6
:10B8D000079E125F63449B005444534401922680A8
:10B8E0001E00270026CE26C7039A1A8003784678C2
:10B8F0009E4200D2B5E0A3704678E670A72B00D92F
:10B900009DE0A72E00D99AE08378059E1B04F31AC8
:10B91000434500DD6E4B069EB34201DAFE231B0653
:10B920001F272689DB113E405F053F0CDB0A3E43A3
:10B930000330A3722681012348455FD0019A002A73
:10B94000BDDA099A049991421DD08C460A004C0038
:10B9500002996444079B8C46A400544423804B0006
:10B96000110063449B0001320D00534412B20029C0
:10B9700059DB04990492012252420192012203915F
:10B9800002950892ACE70A98DC4681460B98564629
:10B9900083460898029D019A002801D060460180E4
:10B9A000002B01D04B461A80A0235B009B456AD236
:10B9B00059461F2201238810024093405A464749A6
:10B9C000D211920050586C0064190343A4005350E4
:10B9D00034190D9B58461A7801235B420C99238039
:10B9E0007F2A1AD8FFF726FB0FB0F0BCBB46B24641
:10B9F000A946A046F0BD3A4B9A46BAE60A9BDC46F9
:10BA000099460B9B019A9B46089B0499002B01D0F9
:10BA1000634619804B461A80DBE7FFF75FFCE3E7DC
:10BA2000FFF7B6F9A5E6DC460A991C0089460B9992
:10BA30008B4661460A804A4607991180C9E70A9BEE
:10BA4000019A9946089B0499002B01D05B46198006
:10BA50004C462449228024480A00244B2449DDF71F
:10BA60001BFD0A9B019A9946089B0499002B01D063
:10BA70005B4619804846FF2102801E4B194A1A482E
:10BA80008900DDF709FD54211B4B1C4A1648FF3184
:10BA9000DDF702FD134A1448194B1A49DDF7FCFC87
:10BAA000104A1148114B1849DDF7F6FCB4F4022096
:10BAB000842D01208C2B0020ACF40220501C03208C
:10BAC000782D0120802D0120608703107C2D01201E
:10BAD0007FFFFF01D41B0320D21B03205826002028
:10BAE000FFFF0F0024870310D8840310548603102F
:10BAF000FF03000088870310148503102C850310B2
:10BB000050870310CF030000CD030000F0B5C646F8
:10BB10003F4B170000229D5E80460E0000B5002DB1
:10BB200042DB01226C003B496419A400085B5242CD
:10BB30006418188022800120374B40421968FFF7B3
:10BB400037F9B7422DDBF6B2FFB2A670E770A72E29
:10BB500051D8A72F4FD80221304A079B1268E372B1
:10BB60000A4051424A4152421040012203021F2022
:10BB700020217F2652422280E2791B0A12061343BB
:10BB80006360274B49421A78E379024083431343A9
:10BB9000E371238940460B43A67229002381FFF7F6
:10BBA00049FA80BCB846F0BDE1221E4912010020CE
:10BBB0000D5E95420DD001226C0052421A8064192C
:10BBC000144BA400E4186B1C22800B80002DE8DBD2
:10BBD000B1E7A0235B00984513D243461F2298107B
:10BBE00001230240934042460F49D211920050581F
:10BBF00003435350D5E70D4A0D480E4B0E49DDF770
:10BC00004BFC54210D4B0E4A0948FF31DDF744FC33
:10BC1000D21B03208C2B0020B4F40220ACF40220B1
:10BC2000501C0320D41B032058260020A487031097
:10BC3000D8840310548603104704000014850310B1
:10BC40002C850310D02370B51B061B680500080067
:10BC5000002B13D1124E3388AB4215D073889D420E
:10BC600017D0B3889D4216D0F3889D4215D00D4C55
:10BC7000210005F0CDFA2000358070BD0A4C21006E
:10BC800005F0C6FA2000F8E70020064B0002C018B5
:10BC9000F3E70120F9E70220F7E70320F5E7C046C4
:10BCA000A01D0120900A012090080120F8B5084B42
:10BCB000084F15025400ED18E35B06000800B3427C
:10BCC00003D0290005F0A4FAE6532800F8BDC046C9
:10BCD000900A0120A01D01200A6803689A4200DB37
:10BCE00070470800FCE7C04602680B689A4200DB18
:10BCF00070470800FCE7C0460A6803689A4200D310
:10BD000070470800FCE7C046F0B5C646002000B505
:10BD1000DBF7CEFD234C01E0D7F728FE200005F02D
:10BD2000A7FA0028F8D0200005F05AFA1E4D1F4B44
:10BD30002A781A70032A12D002231D482B7005F0AE
:10BD40001FFA01E0D7F712FE200005F091FA002853
:10BD5000F8D0200005F044FA80BCB846F0BD0122BE
:10BD6000144B154E1B7830685340DBB29846D5F71C
:10BD700095FF0020FCF7F2FD4346D900C91A0B01DC
:10BD80005B1A0E490E4A8C465B020E4F63449B18A9
:10BD90003B60D6F799FC3068D5F78AFF0A4B1B68E1
:10BDA0003B60C9E7702E0120921C03202F1C03204A
:10BDB000A8F80220321C03201411032000D8FFFF32
:10BDC00068320120182800209C0F012010B5044A79
:10BDD000044B127804481A7005F0D2F910BDC04621
:10BDE0002F1C0320921C0320A8F8022010B5014844
:10BDF000DDF7EAFBE087031010B5037B172B0DD8A6
:10BE0000026841688A420FD0511C016012789A4042
:10BE100081680A4382600833037310BD034B044AF0
:10BE200004488D21DDF738FBFFF7E0FF9012031087
:10BE3000EC870310A012031070B504000D00202938
:10BE400008DD0A4B0A4A0B489A21DDF725FB200042
:10BE5000FFF7D2FF237BAB42F9DB5B1B2373A268A6
:10BE60001000E840A060A840504070BDDC120310F4
:10BE700010880310A012031010B50300027B002AE3
:10BE800009D1026841688A420ED0511C01601278C3
:10BE90008260082202731A7B013A1A739A680120A1
:10BEA000104052089A6010BDFFF7A0FFF8B5CE46CB
:10BEB000474680B506000C0090460388012B2FD919
:10BEC000137B072B33D943469A68FF231340E15C69
:10BED00037887F00B946B14400293AD008292AD8CA
:10BEE0000820401A83401800FF2303402D48C35CFC
:10BEF00048002D4C04196400A45B9C4222D944469E
:10BF0000247B641A45462C73CA40AA604000825BB9
:10BF10009B1A5B004A46985AC0BCB946B046F8BD69
:10BF2000224B234A912123484900DDF7B5FA10003E
:10BF3000FFF762FFC7E7204B1D4A32211D48FF3142
:10BF4000DDF7AAFA1D4B1A4A34211A48FF31DDF7F2
:10BF5000A3FA120A41468A600A7B083A0A733288B9
:10BF6000013AD10F8A1857100E4AD45C22360825A0
:10BF700064004046FFF780FF04433388A3420BD898
:10BF800004360135EDB2BD42F2D30D4B084A5821BB
:10BF90000848FF31DDF780FA7388E01A40004B460D
:10BFA000C05AB9E79C8F0310FFFFFF7FEC1303100B
:10BFB00038880310A0120310FC1303100814031098
:10BFC00034140310F8B5CE46474680B506000C0081
:10BFD00017000388012B2BD9137B072B2ED9BA68A6
:10BFE000FF231340E15C308840008046B0440029C4
:10BFF00034D0082926D80820401A83401800FF238F
:10C0000003402A48C35C4800294C04196400A45B1F
:10C010009C421DD93C7B641A3C73CA40BA60400004
:10C02000825B9B1A4246D05CC0BCB946B046F8BDA4
:10C03000204B214A2148E721DDF72EFA1000FFF7B7
:10C04000DBFECCE71E4B1C4A1C48F621DDF724FA28
:10C050001C4B194A1948F821DDF71EFA120ABA607A
:10C060003A7B083A3A733288013AD10F8A18521053
:10C0700091460E4AD45C2236082564003800FFF74A
:10C08000FBFE04433388A3420BD804360135EDB2DE
:10C090004D45F2D30C4B084A8E2108484900DDF784
:10C0A000FBF97388E01A4346185CBDE79C8F0310C8
:10C0B000FFFFFF7FEC13031088880310A01203100A
:10C0C000FC1303100814031034140310034B1B68F3
:10C0D000034A9B1A036010007047C04634260020B4
:10C0E0008C2B00200020704770B5FFF7FBFF002865
:10C0F0002DD100251B4B01241B481D6005F040F885
:10C10000F8F77EFEA02264422100D2001748DFF734
:10C11000F1FAD222002152011548DFF7EBFA002193
:10C120000020144B144A18605960A7219D60134BDE
:10C130001D70136801331360114B124A1970124BB2
:10C1400015801C80FFF7CEFF002805D170BD802030
:10C15000C002FEF71FFECCE78020C002FEF71EFEE5
:10C16000F4E7C0469C0F0120582D012050E4002028
:10C1700050E9002058260020B0F40220341C03208F
:10C18000331C0320D41B0320D21B03200020704744
:10C19000F0B5DE4657464E464546E0B5614B89B0A0
:10C1A0001A680303D31A83469A460391FFF7EEFFFA
:10C1B000002800D0A4E05C4B01211888039B9C461A
:10C1C000604400B2FEF772FE010004A8FEF704FE10
:10C1D00004A8FFF751FE8022544E554F92003300C1
:10C1E0003900009200283ED004A8D4F709FA514B38
:10C1F000984200D390E0504A3100981805F008F8B2
:10C2000004A8FFF739FE002831D000235546D04658
:10C210009946403504A8FFF72FFE4446002840D138
:10C220003100380004AAFFF7CDFE20700134A5428A
:10C23000F6D101239C463F33E1449C464B46E04403
:10C240004035402BE6D15A463C4B03999954FFF7B1
:10C250009DFF002820D1504609B0F0BCBB46B24635
:10C26000A946A046F0BD04A804F0DAFFBFE7802588
:10C2700054466D0155443100380004AAFFF7A2FE70
:10C2800020700134AC42F6D15A462C4B0399995494
:10C29000FFF77CFF0028DED08020C002FEF77EFD85
:10C2A000D9E74B46D8B2FEF7BBFD010004A8FFF763
:10C2B000C3FD814529D94B46C31A9B01E25843442B
:10C2C00022605A6862609A68A260DA68E2601A695D
:10C2D00022615A6962619A69A261DA69E2611A6A45
:10C2E00022625A6A62629A6AA262DA6AE2621A6B2D
:10C2F00022635A6B62639A6BA263DB6BE36398E71A
:10C300008020C002FEF746FD55E79B210C4B0D4AED
:10C310000D48C900DDF7C0F80A4A0B480B4B0C4921
:10C32000DDF7BAF84CE40020EA1B03209008012056
:10C33000900401209008012000FCFFFF900E0120D6
:10C340003089031008890310D8840310D48803109F
:10C35000CA04000000207047002070470300D7483F
:10C36000F0B5D74ADE4657464E4645460488126821
:10C370002404A4188022E0B51201E40C9BB0A0189C
:10C3800013910B93FEF740FD030020001C00FEF705
:10C390003BFD21008024CB4B64021B8805001C431D
:10C3A0002000D5F74EFC0300290020000693D5F7A6
:10C3B00048FC0223169300239B46C34B3E00089380
:10C3C000C24B079017935B46C34602970A93139B91
:10C3D000002B00DC54E100231293BD4BD8460D9393
:10C3E000BC4BBD4C9A46BD4B009F149353461593CE
:10C3F000179BCA469B460D9B1B789946159B1A684E
:10C400004B46D31821331B78FF2B03D0B449CB56AE
:10C41000D35C99464A46149B9B565A1C00D122E194
:10C42000B0490B980C9103E0C3565A1C00D11AE195
:10C430005A008A5E0132F7D00122AB4D2B781343AC
:10C440002B70FEF783FD01222B7893432B70FEF7B0
:10C4500023FD0121199019A8FEF710FD042119A848
:10C46000FEF7E4FC0B22062119A8FEF7E7FC19AA47
:10C4700000219948FEF714FDFEF70EFD01211990E9
:10C4800019A8FEF7EDFC1A2119A8FEF7CFFC05222A
:10C49000002119A8FEF7D2FC01218F4819AAFEF746
:10C4A000FFFC169B022B00D136E10A9B01330A9355
:10C4B0008E4B1B78002B00D185E20A9A934201DC57
:10C4C00000230A9349460A98FFF762FE0090FFF79F
:10C4D00041FF002800D067E1FFF73EFF002800D0B1
:10C4E0006BE14946FF23824A0E92824A0F92824AAA
:10C4F0001092824A1192149A55565354009B2A0066
:10C5000023615346009343463100DA4601930E9867
:10C51000D300C518C0580423EB5E0F9D1B112D6876
:10C52000401BC517401968400590109800681B18FB
:10C5300000D5C1E00F2B00DD0F230F20C31A9B0095
:10C540000C9809935300C35E581C77D001204042D9
:10C5500083461198904600680390694804906948A2
:10C5600081465D00ED18049B6D009C4665446E7924
:10C570005E4500D18BE0089BB600F1580598FEF7A8
:10C58000F7FB534619680600FEF7F2FB4B46009096
:10C5900019683000FEF7ECFB310001900698FEF7B9
:10C5A000E7FB594B31001B68C3180293574B0798A0
:10C5B0001F68FEF7DDFB564B7F421B783F1A5BB2CC
:10C5C000002B68D0534A1B0211686888C9186B7920
:10C5D00000059B461E00000D029ABB0292111B0C27
:10C5E0001204120C1B0413432360009A019B921146
:10C5F0009B021B0C1204120C1B041343A360A368C0
:10C600002A7943436363EB7812011B091A43B30091
:10C610009B199B01121A1B180398844663449A18AD
:10C62000934206D2E0690078085C187001339A42A0
:10C63000F8D10022AB5E5A1C93D142460B9B9A560E
:10C64000531C00D063E7019BD3469846009B0E0025
:10C650009A46FFF781FE002800D0B8E0FFF77AFE87
:10C66000002800D0AEE00D9A129B08320D92139A6A
:10C67000013312939A4200D0BDE6D146C3460097DB
:10C68000169B012B00D1A7E0012316939FE6688833
:10C690000005000DA0E7311550200131FEF792FB97
:10C6A000099B1B1A1F2B02DD1F235BB28AE7DA43AB
:10C6B000D21713405BB285E700233EE754E904102C
:10C6C0008C090320E0EB041030190320801F0120A7
:10C6D000CE0A0320B0170320C00000D09003012031
:10C6E00088170320C8090320A31C0320311C032042
:10C6F000C80A0320B8090320303001209C0F012014
:10C700008C2B0020841F0120B0090320B4090320D2
:10C71000651C0320EC2C0120AE4B18780A900028F1
:10C72000A1D0AD4BAD4A19781268494500D18DE0D2
:10C73000012898D05978494555D0022893D0997846
:10C74000494500D1EEE00021009103288BD0D97833
:10C75000494500D18DE00A9904291BD01979494532
:10C760005AD00A99052915D05979494500D1F3E0E5
:10C770000A9906290ED09979494500D192E00A9983
:10C78000072907D0D979494500D1B6E00A99082987
:10C7900000D0F6E0009A002A00D164E70092FFF78B
:10C7A000D9FD002800D197E680200003FEF7F2FAB9
:10C7B000FFF7D2FD002800D193E680200003FEF7AA
:10C7C000E9FA8EE680200003FEF7E8FA4BE78020C6
:10C7D0000003FEF7E3FA41E71BB0F0BCBB46B246EC
:10C7E000A946A046F0BD7E490A988C46944461460D
:10C7F0000091022800DC6AE69978494500D191E071
:10C80000032800D163E6D978494532D0042800D105
:10C810005DE619794945A4D172490A988C46944439
:10C8200061460091052800DC51E65979494500D15F
:10C8300092E0062800D14AE69979494532D0072886
:10C8400000D144E6D9794945A0D156E00128A2D0CB
:10C8500059784945C7D00A9902299CD09978494509
:10C8600060D00A99032996D00092D978494500D022
:10C8700071E75D490A988C4694446146009104280A
:10C8800000DC24E619794945C6D0052800D11EE60A
:10C890005979494560D0062800D118E6997949456B
:10C8A00000D06CE751490A988C4694446146009147
:10C8B000072800DC0BE6D97949451ED0082800D1AD
:10C8C00005E6197A49456FD0092800D1FFE5597A64
:10C8D000494560D146498C469444614600910A9985
:10C8E0000A2900DCF3E59B7A4B4500D0EFE541498E
:10C8F00013008C4663440093E9E53F490A988C464F
:10C90000944461460091082800DCE0E5197A494525
:10C910004AD0092800D1DAE5597A4945DAD00A28FF
:10C920003DD1D4E535490A988C469444614600913E
:10C93000032800DCCBE5D97849459AD0042800D1FA
:10C94000C5E51979494500D166E7052800D1BEE55E
:10C950005979494500D00BE729490A988C469444F7
:10C9600061460091062800DCB1E59979494599D0E6
:10C97000072800D1ABE5D9794945BED0082800D1B8
:10C98000A5E5197A49450FD00A99092900D101E78F
:10C99000597A49459ED00A990A2900D1FAE69B7A2C
:10C9A0004B45A4D0009AF6E616490A988C46944462
:10C9B00061460091092800DC89E5597A494589D00A
:10C9C0000A2890D183E5104A1048114B1149DCF731
:10C9D00063FDC046311C0320900E01204CE4002072
:10C9E00000F0FFFF00C0FFFF00D0FFFF00A0FFFF2F
:10C9F0000070FFFF0060FFFF0090FFFF00E0FFFFFF
:10CA000000B0FFFF0080FFFF54890310D88403109B
:10CA1000408903101905000000207047F0B50C0094
:10CA2000DE46454657464E46A446E0B5570093B00D
:10CA3000BF18804608900491FF00082100B26744A7
:10CA40000593FEF733FAD023050038601B064046F5
:10CA50001C68FEF74DFA01232A7809901340D91C6F
:10CA60000791002C35D1002800DA83E00C00A446A1
:10CA7000D04A49004E5D4300D05A6644B3469918E7
:10CA8000404500D090E1380006339B18BB60062279
:10CA90001030DEF735FE5B4680225B00EB187B60D2
:10CAA000AB7852001B021340A022697852000B435E
:10CAB000591E914200D3A9E15E460136F618760070
:10CAC000FE60FB8213B0F0BCBB46B246A946A0464E
:10CAD000F0BDFFF7A1FF00280CD08020C002FEF7B8
:10CAE00059F93B68B44D9B785B089B000C93063367
:10CAF000994606E0AB78B04D5B089B000C9306337B
:10CB000099460798089B84462B803968AA1D4300E4
:10CB1000BA60CE5C90465A1C89180EA86644FEF78F
:10CB20005BF901210EA8FFF787F901236A79184004
:10CB30007E331340C2011343B3466B71002C00D106
:10CB400016E19E4B9A46002800D0BCE00EA8FFF7E5
:10CB500093F953464A464146002800D00BE180260F
:10CB6000F6000EA8009604F05BFBB968421A531059
:10CB70009846B7E0FFF750FF002800D052E1AB78AD
:10CB80005B089B000C93063399468D4B8D4A0A93A4
:10CB90001B88118898464B460B92CB1A0A00984581
:10CBA00000DAFFE0E023DB009B4600239A46029375
:10CBB000059B804D9C465E00049B66449C46824BD0
:10CBC000F600069323000836664454460D979A46AD
:10CBD000039607E0E0224B46D20011000124D31A4D
:10CBE000434557DC594506D1012302930023002217
:10CBF0000021984601244F00E85BEF190028E9D096
:10CC0000FEF772F9069B4000C35E5E1C0DD0934296
:10CC100000D1C3E00398844601E0934217D05B0043
:10CC2000E8180226835F5E1CF7D1029BA246002B08
:10CC300002D042460A9B1A805346002B01D00B9B20
:10CC40001980624A6248634B6349DCF725FC6246FF
:10CC5000023003925B00EB1802229B5E059A038070
:10CC6000049B0833002A0ADD039E18893A88904203
:10CC700001D100221A6018339E42F6D10396BB8878
:10CC800001245B045B0CC91889B20A004B46D31A15
:10CC90004345A7DD029B54460D9F002B02D0424620
:10CCA0000A9B1A800B9B1980099B4246DB4352006A
:10CCB000AD187F2B00DDBCE04046434A5B00995A2B
:10CCC000985269801DE78026F600414653464A4641
:10CCD0000EA8009604F074FAB968431A5B105A0063
:10CCE00090469844042294460C9E66449E4200DC82
:10CCF00080E0304A334B94461B885B006344984283
:10CD000000D97DE0002C21D18023344A5B001480BF
:10CD1000984537DC324A904200D97DE00630431A0C
:10CD200030495B105018AA882549D20BD20394468B
:10CD30000A885B0490465A0C424492B20A806146CB
:10CD400000245B0C0B435200AB80145238002900C6
:10CD500006221030DEF7D4FCFFF75EFE002801D17A
:10CD60003D6898E68020C002FEF718F83D6892E61C
:10CD70001D4B9A46E7E68026F6000EA80096D3F7EC
:10CD80003FFCF2E6802354809B009845C2DDC0231F
:10CD900094809B009845BDDDD480BBE7069A9446FD
:10CDA000604457E7034D7FE7084A09480F4B104995
:10CDB000DCF772FBA00F01209004012090080120F5
:10CDC000D61B0320D81B03209C0E0120988903103A
:10CDD000D8840310D48903108C060000A01D012004
:10CDE0009E1D012002F2FFFF900A012078890310A6
:10CDF00067060000124A1348134B1449DCF74CFB3A
:10CE00000F4A1048124B1349DCF746FB0C4A0D48F9
:10CE1000114B1249DCF740FB094A0A48104B1149F3
:10CE2000DCF73AFB8020C002FDF7B4FF3B689B783B
:10CE3000A6E6034A03480C4B0C49DCF72DFBC04621
:10CE400098890310D88403100C8A0310CC060000C4
:10CE5000508A0310CD060000E88A0310E7060000A0
:10CE60009C8A0310DA060000E0890310A106000086
:10CE7000F0B5DE4657464E464546E0B591B08A4687
:10CE800093460AA900221D0001230600FFF7C6FDF4
:10CE90008021A0220A984900837800241B020B40BD
:10CEA000417852000B43190003930190C3789142DB
:10CEB00000D0BBE0C82B00D0B8E00C9B30009946F6
:10CEC0000B9B49460293FEF7BDFE5B4652469A1AFB
:10CED00093009B189B01013B04931A9B8046002BF7
:10CEE00000DA8CE0012305931A9B013303931A9B0C
:10CEF000029A5B00D25A130AFF2B00D176E0042677
:10CF000001980D9903781E4269D08446891806AFAE
:10CF100038006144FDF760FF252206AB9B181B78A3
:10CF20007F2B00D87CE053460026002B22DD2A0010
:10CF30003B004D4647469146984603E00136C4B251
:10CF4000B24510D0424639002800FEF7AFFFFF2857
:10CF5000F4D9FF230340062B5CD80338241801368C
:10CF6000E4B2B245EED14B464246A946B8461D0052
:10CF700017005646B34522DD53460093059BBA463B
:10CF80004F46994605E0C4B201362C704D44B34576
:10CF900012D0524641463800FEF788FFFF28F2D9EA
:10CFA000FF230340062B2FD803382418E4B20136A0
:10CFB0002C704D44B345ECD1009BB9469A461A9B60
:10CFC000039A01331A93049BED1A1A9B93428EDB4A
:10CFD00011B0F0BCBB46B246A946A046F0BD84469F
:10CFE00006AF38006144FDF7FDFE95E71A4006AB39
:10CFF000DB8C934220D9029B5200D25A7FE7039BDD
:10D00000059300231A9372E70E4A0F480F4B1049FD
:10D01000DCF742FA0B4A0C480C4B0E49DCF73CFAA1
:10D02000084A09480C4B0D49DCF736FA054A064810
:10D030000B4B0C49DCF730FA024A03480A4B0B4908
:10D04000DCF72AFA148B0310D8840310608B0310CA
:10D05000880900007E090000841803106D09000093
:10D06000FC8A031051090000448B0310630900007F
:10D07000F0B54E4657464546DE46E0B5D14BE5B0E5
:10D0800002AF3B611B68002298467A644246430027
:10D090001B1868465B00D25A7B61FA624344520017
:10D0A0009946D31DDB08DB00C31A9D4609230E00F9
:10D0B00001216B445B085B00180049427B62DEF78C
:10D0C00019FB731C01D100F0F6FC0023BB65803313
:10D0D0007B6500239A46BC4BBC4A1D683B637B6A58
:10D0E00093467A63BD643B6018E0802B53DC50228A
:10D0F00054239B18D919503BF818FEF7EDFD03682F
:10D1000050227B65B4239B18D919FC3B9B18D81976
:10D11000FEF7EAFD0368BB65731C42D073045A0C2A
:10D120001B0C9B189B005B44D9791A7A4909D206DB
:10D13000D20E49011143FA6A8A4201D800F0B5FCC7
:10D140005A6849001202FA643A689868555E3A686B
:10D1500000025652FA6C4013110A00229E5EFA6CCD
:10D16000C0011D80002A01D180214902A4249A789F
:10D17000BD6C3C19521B4A43121812142260DB7812
:10D180005B1B4B43B4211B18502009181B14C919F1
:10D190000B600132A9DA53467B658023BB65731CA3
:10D1A000BCD14B46DB78002B01D100F078FC4A461D
:10D1B00092885B004244944600217F20FD6ABA6059
:10D1C000634402E001338D420AD904001A78144006
:10D1D000013452B20919002AF4DA03338D42F4D82B
:10D1E000542450250022402065195821ED192A5257
:10D1F00050206A520C310918C9190A807C2109187B
:10D20000C9190A8000211A78F963591CB961F96AB1
:10D210000132BA628A4201D900F03BFC6C4A7A6062
:10D220006C4AFA607A6C93465A780333FF2A16D117
:10D23000FA6AB96A8A4201D800F0FEFB08001A783F
:10D2400001315218591CB961F96AF863914201D24F
:10D2500000F01FFCBA625A780333FF2AE8D0FB6B58
:10D26000B86A834209D2796A03E00133834200D16C
:10D270009CE35A008A5E0132F7D0BA6A934200D129
:10D2800094E340229146BA6D0023002690465A4608
:10D29000B2469B46BD69FB647A640DE0C24506DC7C
:10D2A0007A6DA24200DA4FE19A0600D54CE176B2DF
:10D2B000A2460435002E49DB4A462B786E781A4286
:10D2C00002D0AA78013592467F24344001345AB204
:10D2D000FC665444002AE1DAC24532DC7A6DA2428F
:10D2E00001DB9A062DD55A46072A00DDBFE310223E
:10D2F00050202C2113405A1E93415A46091850467B
:10D3000092005A44C9195054FE338A189370AB786E
:10D31000BA641371434601331B1A5022B420821899
:10D32000D1190B601C23B43A9B18D9191C3BC318A4
:10D33000D819FEF7D1FC01239C46BA6C0368E3447C
:10D34000537076B2A2460335002EB5DA5B46FB6118
:10D350007B6CBD619B4600240125FB6C2E00E340E5
:10D360001E401D4218D0220054218C4604398846A4
:10D3700053009B18B844DB00C44463449968188A7E
:10D38000002900D125E31400FEF790FC0C22502167
:10D390005218A300D219D0500134042CDDD1FB6BFC
:10D3A000BA6A934200D323E3FA69DA4694469300BB
:10D3B0002C226344944624329046B844C4446344C7
:10D3C0003B6410E0BC170320BC2201208C2B002002
:10D3D000B8FA0410651C0320FB6BBA6A0133FB63C7
:10D3E000934200D103E3FB6B7A6A5B00D65E731C49
:10D3F000F2D0FB69002B2CDD2C2350229B18DB196B
:10D40000544698463E6243461E785D787319802BD9
:10D4100000DD19E343469B78FB64FD2B00D802E155
:10D42000FE2B00D117E2013D0BD343465022197960
:10D43000B4239B18DB1959189B194A5D5A55013DB5
:10D44000FBD205239C463B6CE0449845DBD1A246C9
:10D450003E6A7A693B6994461B6863449B78802BDB
:10D460000AD05020B4227F211218D21910785054BB
:10D47000D11801390978D154DD4B98464246DD4B2D
:10D4800012681D68FB681B785BB2002B00D041E27C
:10D49000A0335B00994680235B00BB64D64B300011
:10D4A0009B467D6415E03D6BDB012D68551B4D43AC
:10D4B000AC46E5780091AA1A110063440196B422A3
:10D4C00050255219D219FDF7FFFC0023E05E431CE2
:10D4D00082D0BB6C4404C00918407B6B620C9C4634
:10D4E000240CA418A4006444E179A278C906C90CEC
:10D4F000F964150049464D43AC4641467D6C604495
:10D50000AC46E67AA36880190E68F96C60448C46D4
:10D510001B025B1366445B4500D1A2E2616809020D
:10D520008C466546090A002DBDD1D90180235B02D6
:10D530009C463B6B1B68D31A1B045B18E178019671
:10D54000891A62460092BAE70F22B96813405B005D
:10D55000CA185078CB5C00025022184364239B18F1
:10D56000DB191B88834200D15CE27C239B18DB190A
:10D570001B88984200D151E250214B460432511889
:10D58000C919CB5A984200D144E25021582352186D
:10D59000D219D35A984200D138E2FB6C0E2B00D935
:10D5A00071E27A689B009B585421502498460919CF
:10D5B00004234246C919FFF731FA0123424693403A
:10D5C000FA6C1A435B46FA64082B00DD55E25021E1
:10D5D0002C225218D41952469B005B441A55E41869
:10D5E0004346A370AB78FA6B9B1AE370BB6D52464F
:10D5F0009846EB782371434601339B1AB4225118A5
:10D60000C9190B6050211C235B18D9191C3BD31876
:10D61000D819FEF761FB01239C460368E34463705D
:10D62000FC6E544443E61A0080235B009C469146FE
:10D630005300542050228218D019503A7B644B4436
:10D640009146043A9246BA44D144DB00C0584B4458
:10D65000FA6B596843469146DB7882784B44DBB2DB
:10D660009946634612021A4043781A43FB6C93466C
:10D670009B009C460C223B605023D2186346D21973
:10D68000D3589A46D94500DBD0E14B465B005A5A45
:10D69000130AFF2B00D1D6E0F96C7B6C8C46542129
:10D6A00063448C4604398946B944DB00CC44634466
:10D6B000D96803785B075CD51C23994634339C46B4
:10D6C000BC448918E14441184846FDF785FBFB6CD2
:10D6D0007A6C9C4654239B46043B62449C46BC4463
:10D6E000D200E34493445B465022597DB4239B18F7
:10D6F000DB199B19BB64434600261B797F2943D85D
:10D70000002B0FD0BD635546A2461C005B464A461F
:10D71000290098680136FEF755FCA642F6DB544610
:10D72000AA46BD6B0026002D00D18AE6FA6C7B6C00
:10D73000944654229346043A63449446BC44DB0026
:10D74000E3449B445346A2461C005B464A46986805
:10D750002100FEF737FCBB6C98550136B542F4DC6E
:10D7600005239C463B6CE0445446984500D04AE66D
:10D770006DE61C23994634339C46BC44E144411871
:10D780004846FDF72FFBA2E7002B1CD0BD63554692
:10D790009A4603E00136C4B2564512DA5B464A4661
:10D7A00029009868FEF782FBFF28F3D9FF23034086
:10D7B000062B00D924E1033824180136E4B256457B
:10D7C000ECDBAA46BD6B002D00D13AE6FA6C7B6C0F
:10D7D000944654229346043A63449446BC44DB0086
:10D7E000E3449B444346FB64BB6C002698460BE035
:10D7F000EC2C01209C0F0120FFFF03004346C4B224
:10D800009C550136B54214DD5B464A465146986840
:10D81000FEF74CFBFF28F1D9FF230340062B00D96C
:10D82000E8E0434603382418E4B29C550136B5427B
:10D83000EADCFB6C984605239C463B6CE04498452B
:10D8400000D0E0E503E61A40FB6A934200D801E10C
:10D850005200525A20E7002D00D1F2E542466B1EDD
:10D860001179062B50D95022B4239B18DB19981933
:10D870008446721E58188146521A022A34D96246CA
:10D880000243920730D1A80880008346FD646546B4
:10D8900048468C46A14600229A465C462900835899
:10D8A0008B5004329442FAD1FD6C200061464C4604
:10D8B0005346A84200D1C4E559180A5C9B191A5472
:10D8C000421C954200DCBCE58E5C02309E548542D1
:10D8D00000DCB6E50A5C1A5405239C463B6CE04428
:10D8E000984500D08FE5B2E5002259189B19885C55
:10D8F000985401329542FADC05239C463B6CE04487
:10D90000984500D07FE5A2E5B42350201B180022E3
:10D91000DB19EAE793461B029B44A02380245B00AB
:10D9200098466300FB646A4B30009946BD6415E07D
:10D93000D9013B6B1B68D31A73435B18E178502500
:10D94000891A5A460192B42252190096D219FDF74B
:10D95000BBFA0023E05E431C00D13DE5FB6C4404B0
:10D96000C00918407B6B620C9C46240CA418A400D0
:10D970006444A2784546110069434018B96CE67AC0
:10D980008C46A36880191B025B1360444B4500D191
:10D9900097E0616809020E0A0029C9D18026D901E1
:10D9A0003B6B76021B68D31A1B04C6E70120BB69D8
:10D9B00005E004329B1864B2002C00DA38E41978D0
:10D9C0005C788A0949B202400029F2DA03329B18D6
:10D9D000F1E75024543109190423C919FFF71EF83F
:10D9E000FB6C0022DB0700D5BEE43400B5E4D3466F
:10D9F000BB691DE4374A3848384B3949DBF74CFDE1
:10DA0000344A3548354B3749DBF746FD03220823B6
:10DA10009046D5E5022204239046D1E50122022357
:10DA20009046CDE5002201239046C9E5294A2A48BF
:10DA30002D4B2E49DBF730FDBD4663B0F0BCBB4635
:10DA4000B246A946A046F0BD224A2348284B2949A0
:10DA5000DBF722FD8721284B1E4A1F480901DBF70F
:10DA60001BFD1C4A1C48254B2549DBF715FD194AAF
:10DA70001948244B2449DBF70FFD164A1648234B5F
:10DA80002349DBF709FD134A1348224B2249DBF7F0
:10DA900003FD104A1048214B2149DBF7FDFC0D4ADC
:10DAA0000D48204B2049DBF7F7FC0A4A0A481F4B78
:10DAB0001F49DBF7F1FC074A07481E4B1E49DBF7FD
:10DAC000EBFC044A04480D4B1C49DBF7E5FCC0465F
:10DAD000FFFF0300308C0310D8840310608B031009
:10DAE0009A0800008F080000E08C03106D08000009
:10DAF000C48C03105B080000008D0310188D031008
:10DB0000BE080000708C031004080000A48C0310F1
:10DB100035080000908C031025080000648C031069
:10DB2000DF070000608C0310C7070000588C03104B
:10DB3000AC070000288C0310A4070000AF08000009
:10DB4000F0B557464546DE464E46E0B5DDB0049397
:10DB5000D04B05000A900E930020185E0C009246F0
:10DB6000A84200D139E215AB9B4600220123594659
:10DB70002800FEF753FF5A468123D68A5B009E4257
:10DB800000D364E20121504672004942DDF7B2FD44
:10DB9000631C00D171E2C04B9946C04D159BA8464D
:10DBA000DB78059365046B0C2D0CED18AD004D442E
:10DBB000EB792A7A5B09D2065B01D20E13439E42AF
:10DBC00000D863E251465A008F5E51468C52A968D4
:10DBD0000022AC5E6A680902491312022F80C90153
:10DBE000100A002A01D18020400242461268944661
:10DBF0006646AA78ED78921B42435218121480268A
:10DC0000013207DB6246AD1A684340180614F2433E
:10DC1000D2171640059A964200DB561E049A944687
:10DC20006344013707D01A78B24204DB631C05D085
:10DC30005B46DE8AB6E71E70631CF9D15A46D023D4
:10DC400052681B061B680B925A4645469068002B8B
:10DC500000D0ECE1924C0A9A23889A4200D1ECE180
:10DC600063889A4200D1EEE1A3889A4200D1ECE1A8
:10DC7000E3889A4200D107E28A4E310003F0C8FAE5
:10DC80000A9B089623805B460022DB8A0392002BC6
:10DC900000D1C0E0844B0C93844B0D935346CA468D
:10DCA0000993039B099A5E00945F3F221A4205D1B3
:10DCB000D0273F063B68002B00D057E1631C00D102
:10DCC000A1E00B9B9A5B130AFF2B00D1FAE05B46A5
:10DCD00059461B68C9681878400700D4A2E0891823
:10DCE000591811AB18009846FDF776F85B465B7D36
:10DCF0007F2B00D9A1E00027A9464546A046049CF9
:10DD00001BAE5B462A0098680899FEF75BF9039BF7
:10DD10000137E35C30700136BB42F2DA44464D46CF
:10DD2000669A002A00D044E1059B7E2B08DC7F2206
:10DD30001BAB1978995405995A18013A12785A541C
:10DD40000C9B0D9A1B7816685BB2002B00D0C3E0C9
:10DD50000E9A0021525E0A998A4200D1BCE0A0339B
:10DD60005B00994680235B0098465B462200504F3B
:10DD700006960F9313E0079363462E688E1B5E434F
:10DD8000B346079BE678019262465B440092711AA3
:10DD90001BAAFDF799F80023E25E531C31D04346DD
:10DDA0005404610C240C6418A4005444D2091A4091
:10DDB000E379A178DB06DB0C9C46E37A4E469B4672
:10DDC000080070431018069A58449346A3683A68AE
:10DDD000384E1B025B1358446244B34200D161E1E8
:10DDE0006668DB013602B346360AB4465E46002E4C
:10DDF000C1D180267602B4462E688E1B3604B34607
:10DE0000C0E70F9B9B465B46039A01320392DB8A75
:10DE1000934200DD45E75DB0F0BCBB46B246A94683
:10DE2000A046F0BD591811AB18009846FCF7DAFF70
:10DE30005B465B7D7F2B00D85DE70EAB33279C46AE
:10DE4000002667445B46424698680899FEF72EF81C
:10DE5000FF2814D9002E06D1EB21174B174A18487A
:10DE6000C900DBF719FB030A9BB2012B00D02CE1A0
:10DE7000C3B2062B00D922E13B7803381818049B63
:10DE8000039AC0B29B5C013678700137B342D9DA8D
:10DE900046E7C046221C03208C2B0020BC22012018
:10DEA000A01D0120900A0120651C03209C0F012069
:10DEB000EC2C0120FFFF0300BC8D03105C8D0310D0
:10DEC000D884031013405A46D28A9A4200D8F0E010
:10DED0000B9A5B009A5AFAE67F4F0A993A68914684
:10DEE0007E4A914201D01B029944A02380275B0007
:10DEF00098467B0020000693079611E0D9012B6815
:10DF0000D31A63435B18F9780094891A4A46019240
:10DF10001BAAFCF7D9FF0023F85E431C00D172E76F
:10DF2000069B4704C00918407B0C3F0CFF18BF003C
:10DF30005744BA7846461100714340180799FC7A55
:10DF40008C46BB6866491B0200195B1360448B4218
:10DF500000D1A1E0796809020C0A0029CED1802401
:10DF6000D9012B686402D31A1B04CBE75D4B012156
:10DF700099465D4B3E3A98464B461B780B434946C3
:10DF80000B70434641461B780A70DBB20693D5F707
:10DF9000EDFC3B68002B05D0069B5A1E9341424680
:10DFA000DBB213704B4601221B7893434A46137031
:10DFB00084E60427BF1A0F22002094467F011BA984
:10DFC0000A781609072E03D166463240D2190A7024
:10DFD000013001318342F3DAA6E64B1C3DD0434BBE
:10DFE00080220D00180052026D046B0C2D0CED18F0
:10DFF000AD004119CB7900268D5F1B0613434B60A2
:10E000006B1CF1D115AB9B4600220123814659467A
:10E010000A98FEF703FD5A468123D68A5B009E428A
:10E0200015D2290050467200DDF764FBB5E5304C8F
:10E03000210003F0EDF8089425E600232D4A1B0289
:10E040009B1808931FE60123F8E70223F6E72A4A04
:10E050002A482B4B2B49DBF71FFA15AD0123002271
:10E060002900FEF7DBFC8123EA8A5B009A42EED2AC
:10E07000210050465200DDF73DFBE321224B1E4AB2
:10E080001E48C900DBF708FA0323D7E71A4A1B48E2
:10E090001E4B1F49DBF700FA174A18481D4B1E4953
:10E0A000DBF7FAF9F1211B4B134A1448C900DBF7DF
:10E0B000F3F9114A1148194B1949DBF7EDF90E4AEA
:10E0C0000E48184B1849DBF7E7F90B4A0B48174B7A
:10E0D0001749DBF7E1F9C046EC2C0120B30400003E
:10E0E000FFFF0300A31C0320751C03208C2B0020C2
:10E0F00090080120900A01205C8D0310D884031041
:10E100003C8D031012070000288C0310988D03101B
:10E110001D070000188D031079070000A48D03105F
:10E1200042070000D08D03105B070000C48D031070
:10E1300059070000F0B5DE4657464E464546E0B565
:10E140005E4B87B002AF9B4678601B7800283FD1BA
:10E15000002B35D000245A4D5A4E0FE04146484618
:10E16000FEF786FFFEF7F8F8002824D15B461B78FF
:10E17000013402350236A34200DC93E000216A5EDE
:10E1800090460132F4D00021725E9146002AEFDD04
:10E19000FEF7E2F80028E1D08020C002FCF7FAFD8B
:10E1A0000022B35E414699464846FEF761FFFEF7FE
:10E1B000D3F80028DAD08020C002FCF7EFFDD5E7C5
:10E1C000BD4605B0F0BCBB46B246A946A046F0BD70
:10E1D0003D4AFA60002BF3D03C4A002492463C4A68
:10E1E000374D384EBA6004E0013402350236A3429E
:10E1F000E6DD00216A5E90460132F5D0EFF3108231
:10E2000072B653461B68002BFBD0BFF35F8F002113
:10E21000735E9946002B09DBBFF35F8F00215346E5
:10E22000196082F310885B461B78DDE7002333809A
:10E23000BFF35F8F51460B6082F31088FEF78CF8B6
:10E24000002821D1BA681378A3421BD05378A34287
:10E2500031D093781B1B5A42534103225B42134037
:10E2600000931C4A4B4694465842FB684146FA6864
:10E270006344FFF765FCFEF76FF800280BD15B469F
:10E280001B78B1E70123EBE701207B68984080040D
:10E29000FCF780FDD6E701207B6898408004FCF7FE
:10E2A0007DFDECE70C4A94460F22E5446A44D2080F
:10E2B000D200FA608EE70223D2E7C046971C032003
:10E2C000A81D01206CD6022050E900203C0100D09E
:10E2D0000409032002020000F8FCFFFFF0B5DE464F
:10E2E00057464E464546E0B5CB488FB002F078FF22
:10E2F000CA4C01E0FCF72AFE0121200002F0B0FF29
:10E300000028F7D00121C64AC64BC74C1668002228
:10E310009B5E21700B93002E00D15AE10121C34F67
:10E32000C348F61BF3105A00494204930690DDF7E8
:10E33000E1F980220121BF4D520049422800DDF75A
:10E34000D9F90121BC48049A49420A90DDF7D2F973
:10E35000002E16DD0023B949BA1D0E68B84F10789B
:10E36000311821310978FF2900D142E2795608326B
:10E37000715C685C6B540A99C854049901339942E2
:10E38000EDDCFCF789FD01210D900DA8FCF776FD71
:10E3900004210DA8FCF74AFD0B2206210DA8FCF76D
:10E3A0004DFD0DAA0021A748FCF77AFDFCF774FD8E
:10E3B00001210D900DA8FCF753FD1A210DA8FCF7C3
:10E3C00035FD052200210DA8FCF738FD01219D48EF
:10E3D0000DAAFCF765FD9C4B09931B68002B00DC24
:10E3E000F7E09A4A0B9B079228229B46002392460D
:10E3F000974D0393974BAA445E46A046D3462C0004
:10E4000099460123039A5B429446059393004A463A
:10E410001268634492469B019A44250050460023AB
:10E4200022780294002A0BD10822D31AC0186B1C40
:10E430005B4500D1B8E06A781D000023002AF3D0C4
:10E4400014000127DC401900274200D098E0029C0C
:10E45000A44614000131CC4001272742F9D0674679
:10E460000297072900D908E2C01A435C40180093BC
:10E47000FF2B00D107E25746C71B0197049F9F421D
:10E4800000DC8AE00127012327400897234200D1BE
:10E4900081E1431C9C464B1C072900D1E8E04778EA
:10E4A0003C00009FBC4200D07CE117000124DF400B
:10E4B0003C4200D176E1831C9C468B1C062900D18E
:10E4C000D6E08478009FBC4200D06BE117000124A5
:10E4D000DF403C4200D165E1C31C9C46CB1C0529B2
:10E4E00000D1C5E0C478009FBC4200D05AE11700BB
:10E4F0000124DF403C4200D154E1031D9C460B1D2A
:10E50000042900D1B4E00479009FBC4200D049E165
:10E5100014000127DC40274200D143E1431D9C4603
:10E520004B1D032900D1A3E04479009FBC4200D0D9
:10E5300038E114000127DC40274200D132E1831D7D
:10E540009C468B1D022900D192E08479009FBC4239
:10E5500000D027E114000127DC40274200D121E14F
:10E56000C41D012900D19DE1C37900998B4200D0DF
:10E5700095E10830D30900D07BE0200007330BE1A0
:10E5800003780093FF2B00D17DE11F005346C31A8F
:10E590000193049BBB4200DD74E7BB212E4B2F4A45
:10E5A0002F48C900DAF778FF029C28239C46099B74
:10E5B000039A1B68013203922834E3449A4200DA3A
:10E5C0001FE70B9B4446B34203D004990A98FDF71A
:10E5D000C5FE0023234D237001E0FCF7B7FC0121A9
:10E5E000280002F03DFE0028F7D00120FFF7A2FD31
:10E5F0001D4C01E0FCF7AAFC0121200002F030FED6
:10E600000028F7D0194802F0BBFD0FB0F0BCBB46A4
:10E61000B246A946A046F0BD582D0120382D012054
:10E6200034E10220E61B0320751C0320C80A0320E6
:10E63000C809032090030120A0300120B017032057
:10E6400088170320C00000D0980903208C2B0020DD
:10E6500050E900209C0F01202C8E0310F88D031030
:10E66000D8840310402D0120302D0120482D012099
:10E67000604669786C1CFF293BD0250000235C456F
:10E680004FD3721C40D007990F278C46019A14056E
:10E69000009A240D520000927200921952006244B6
:10E6A0005188090B090321435180D17839405746DD
:10E6B000C41B0F2727403F0139432409D17014712F
:10E6C00003995171009C069F395B3E530024165FED
:10E6D00011805D4500D167E72A78059914009940BB
:10E6E0008C4300D19EE6704A7048714B7149DAF74D
:10E6F000D3FE0378009A934256D0250000235C4550
:10E70000BFD22170721CBED104990A98029CFDF7F9
:10E7100025FE8022310006985200DCF7EBFF0B9EAD
:10E7200043E70278009F2178BA42EAD101220A42E7
:10E73000E7D04378421CBB4266D102230B4263D030
:10E740008378821CBB4265D14B0763D5C378C21C5A
:10E75000BB4265D108230B4262D00379021DBB4244
:10E7600064D1CB0662D54379421DBB4272D18B0680
:10E7700070D58379821DBB4265D14B0663D5C379C1
:10E780000730BB4271D1C9096BD0474A47484A4B51
:10E790004A49DAF781FE0B000121994049421140B4
:10E7A00029706EE76046F7E713009C4603211202CA
:10E7B00062441304D2180B000340084269D15D463D
:10E7C0005C4558D202998C4619005B468B4609E09D
:10E7D00001688A4209D141688A4206D10134083071
:10E7E0009C422AD02178FF29F2D09B4663460293AF
:10E7F00043E7295C2B540A980832C1540499013329
:10E80000994200DDABE5BCE5100001229143089B75
:10E81000217077E7032399431000013B217071E7D2
:10E82000072399431000043B21706BE70F239943A2
:10E83000100025000B3B217064E7624602925A46A5
:10E840009B4613001DE73F23994310002500393BE9
:10E85000217057E71F239943100025001A3B2170B0
:10E8600050E72500072321704CE77F2399432500BB
:10E87000783B217046E7250003E70B4A0B48104B15
:10E880001049DAF709FE084A08480F4B0F49DAF732
:10E8900003FE054A05480E4B0E49DAF7FDFD200040
:10E8A000072379E72000E4E6F88D0310D8840310ED
:10E8B000D48D0310C7050000648E0310ED05000021
:10E8C000188E0310D1050000208E0310D205000021
:10E8D000488E0310E2050000F0B5C64600B55A4C5C
:10E8E000A544051E40DB00210023CD93574AAB0011
:10E8F0001268D2181368DB025B151B045448844667
:10E900006344CA9313685B15A020C01AC5901368AE
:10E910001B04504C2340013B1B14C018C6904E4BA7
:10E920004E481B6800688340C89300291FD04C4B99
:10E930001B685B42C99313681B042340013BC793C8
:10E94000C3A8056224230022C254464C0226236831
:10E95000334323600021F8F769FD2368B343236044
:10E9600000210124644220E0C5430121BCE73C4B67
:10E970001B68C9930023C793E2E71C8014000200C0
:10E98000002A11DB53009B189B0037481B18081204
:10E9900001D0364802430026985FD972DE78872E70
:10E9A000EBD98726DE70E8E70131A0235B009942AE
:10E9B00003DA2F4B4A00D25EE2E72E4B98461B78D3
:10E9C00001225340DBB2DA00D21A13019B1A5B0218
:10E9D000294FDB19294E33602948D3F7EDFE336800
:10E9E000012252420092B2322921FEF741FA254B10
:10E9F0000020185E401900230093234B6B4402AAA9
:10EA00002100FFF79DF843461A78D3009B1A18019E
:10EA1000C01A4002C0193468CD239B019C46604453
:10EA20001A4A2100DCF76CFEAA231B02E018174BE0
:10EA3000E118B4221201DCF763FECE239B009D4453
:10EA400080BCB846F0BDC046C8FCFFFFB817032025
:10EA50000080D3FF0000FF0398F80220682E0120F9
:10EA600094F80220ACF402208C2B00200080FFFFE1
:10EA700050E40020321C0320683201209C0F01204A
:10EA80001C8C0310EC1B03200A020000C09E000037
:10EA9000F0B557464E464546DE46E0B5BE4F00242B
:10EAA0000022BB5E0025060099B0002B09D0012B87
:10EAB00000D196E019B0F0BCBB46B246A946A046CC
:10EAC000F0BD0422B54B1A70B54BB64A1978CB008D
:10EAD0005B1A1D01ED1A6D0201230CA9AD1800226D
:10EAE000FDF79CFF8021A0220C98490083785200FA
:10EAF0001B020B40417800900B43C178934200D039
:10EB000037E1C82900D034E10E9B30009A460D9BB6
:10EB100051461E000293FDF795F8A022B3468146A8
:10EB2000FF2692005A44019203975B461A88130A03
:10EB3000FF2B4CD0042700980F9903781F423FD039
:10EB40008446511804AF38006144FCF745F935227A
:10EB500004AB9B181B787F2B00D810E1D2231B023B
:10EB600098463B00A8444746984607E02B004133AF
:10EB7000C4B2FF332C70BB4215D01D00424649463B
:10EB80005046FDF793F9FF28F0D933000340062BD8
:10EB900000D9E2E02B00033824184133E4B2FF33FC
:10EBA0002C70BB42E9D102239C467F4BE3449C4638
:10EBB000019B65445B45B8D10123039F3B8079E706
:10EBC000844604AF38006144FCF70CF9BFE704AB9E
:10EBD000DB8E3240934200D8D7E0029B5200D25ADB
:10EBE000A8E701226E4B12A91B785340DBB2DA0072
:10EBF000D31A1C01E41AAA231B029C466402694B27
:10EC000064440022E4180123FDF708FF8021A022BC
:10EC100012984900837852001B020B404178009003
:10EC20000B43C178934200D0A3E0C82900D0A0E0F4
:10EC3000149B30009946139B49461E000293FDF732
:10EC400001F8FF22B346804692468232FF325A4490
:10EC5000019203975B461A88130AFF2B71D0042692
:10EC60000098159903781E4264D08446891808AF2D
:10EC700038006144FCF7B0F84D2204AB9B181B78B8
:10EC80007F2B7CD94B463A00A1464746A8269046A2
:10EC90001C0003E0013EC5B2002E10D042463900F0
:10ECA0002000FDF703F9FF28F4D953460340062B53
:10ECB00059D803382D18013EEDB2002EEED143464F
:10ECC000B8461F00A02322004C469B01E61891463F
:10ECD0003B00320047464E469846914607E02300E7
:10ECE0004133C5B2FF3325704B4514D01C0042465A
:10ECF00039003000FDF7DAF8FF28F0D95346034019
:10ED0000062B2AD8230003382D184133EDB2FF33E8
:10ED100025704B45EAD102239C46244BE3449C4694
:10ED2000019BB146B84664445B4593D10223039FDF
:10ED30003B80BFE6844608AF38006144FCF752F8D8
:10ED40009AE753464E211A4004AB5B181B88934246
:10ED50001BD9029B5200D25A81E7154A1548164B1F
:10ED60001649DAF799FB124A1248134B1449DAF79D
:10ED700093FB0F4A0F48134B1349DAF78DFB0C4AEC
:10ED80000C48124B1249DAF787FB094A0948114B24
:10ED90001149DAF781FBC046D01B0320921C0320E7
:10EDA000321C032068320120412FFFFF41D9FFFFB1
:10EDB000148B0310D8840310608B031088090000A3
:10EDC0007E090000FC8A031051090000841803101A
:10EDD0006D090000448B0310630900000020704798
:10EDE000F0B54E465746DE4645460023E0B5E1B055
:10EDF0009A46994600260F93049011931493159305
:10EE0000FDF770F9002800D020E3A02301275B0064
:10EE100098460025B346CB4ACB4C13927F42002341
:10EE2000D65E1780002E0CDB039273009B199B00AB
:10EE30003100E65E2800E752FCF750FA002EF4DAC3
:10EE4000039A013502324545E9D15E46BF4C01E0E7
:10EE5000D4F78CFD200002F00BFA0028F8D0200037
:10EE600002F0BEF9BA4BBB4A0A9312921B78127891
:10EE70001092002B00D08CE2B74BB8490B931B7853
:10EE80000D780C91002B00D190E2EA00521B130187
:10EE90009B1AB34A5B0294460D92B24A63440E92A7
:10EEA00013600693FFF79AFF109A002800D0C6E27D
:10EEB000AD491991002A00D057E2AC4B1B78002BCA
:10EEC00000D1B2E20A9B1B78002B01D100F01AFCA2
:10EED0000B98A74C02700420A64F2070A6483A80D9
:10EEE0000270049A002A01D001F0C5F8A34B069ADB
:10EEF00009931A60A24B0F009946A24BA24E9B4663
:10EF0000A24D8B44A24B19A819009846FCF7F4FEB9
:10EF1000A04B04689C46A04B64441A68944206D0F7
:10EF200001210B229D4849421C60DCF7E3FB43466C
:10EF30001F605B46E01A9A4B00229A5E53009B18B2
:10EF40009B00C31ADA171205120DD21812130132E0
:10EF5000002A00DC9CE2D4B23078824205DD8F4B7F
:10EF6000121AFF21C018DCF7C5FB109B3470002B70
:10EF700000D070E2C02300225B000393894B110094
:10EF800098465B46AB4642461768002F00D01CE20D
:10EF900004229446039A8031E0449142F3D15D46C5
:10EFA0009B4601235A429F335B00089300234C4643
:10EFB00099467D4B179598467C4B924607934B4656
:10EFC00025001694039307230124039A2F0013406E
:10EFD0009C4000216B5ED210E4B20592002B45DB11
:10EFE000A946049404E01F0000229B5E002B3CDB3A
:10EFF0005E00F3189B005B449A681202521342456C
:10F00000F1D1059C9D78A446A900079C4919CA0026
:10F010006244A446D8786244A84218D30398890170
:10F020008446069861448446300061448446DC7A14
:10F030002600049C0E701078413120431070D8785F
:10F040000135FF3128328542F4DD66460494002103
:10F050005A5E3A805246DA80B2B201321A8033B236
:10F060009A460022BB5E002BC2DA4D46039B089AEB
:10F070000133039302359342A5D15246169B4C4867
:10F080009A464C4B179D1A8002F07AF88022012193
:10F09000280052004942DCF72DFBA0235B00984674
:10F0A000002753465C460022995E00291EDB381279
:10F0B0004042C00BC00300B29C4682464A00521830
:10F0C0009200A2189068384B00024013984200D179
:10F0D000C9E15346D07A194340002E5E29520023DD
:10F0E000D15ED77216800029E8DA63460137023311
:10F0F0004745D8D1304802F043F80020FFF71AF80E
:10F100000A9BA3461B78022B00D1B2E12B4802F0E8
:10F1100037F82B4802F064F800239C460E9B2949DF
:10F120001B68002798460D002748284E139C002294
:10F13000A35E2968002B00DA90E0AA46A1460D00E4
:10F140004AE0C046D0E600208C2B0020702E012023
:10F150006E1C0320721C0320DB1C0320321C0320C6
:10F16000683201209C0F01204CE40020371C032052
:10F17000921C0320D01B0320301C032018280020E1
:10F1800050E400204047FFFF311C0320A81D012050
:10F190003426002000F0FFFF4CE40020900E0120F8
:10F1A000D41B032058260020FFFF030050E9002055
:10F1B000382D0120E61B0320402D0120302D012099
:10F1C000482D0120EC2C0120671C0320F4FA0410C8
:10F1D00000228B5E002B3FDB5900C918890059447F
:10F1E0008A78CB78A82A00DDA5E2A82B00DD9CE276
:10F1F000002A00D10132A62B00DDA6239342E7DBD3
:10F200009B1A01339400A2189C00E4180023C356F3
:10F2100003916146920162444244A401141904918D
:10F220005B00F35EC021C9008C46D35CEB186344DD
:10F230001B7813700378413201335BB2FF32322BFB
:10F2400000D1BCE003709442EAD1049B03999C4630
:10F2500000228B5E002BBFDA4C46554601239946AF
:10F260009F33CC4402345B009C4500D05FE7FFF73E
:10F27000B5FD002800D04DE3D1F71CFF0A9B1B7899
:10F28000022B01D101F0AEFCD64B98464246D64B3C
:10F2900010681A780893D3009B185B009B185B01D9
:10F2A000E133FF33C018D2F7F9FC109A002A00D0DE
:10F2B00047E2CE4B1A700A9B1B78022B01D101F05A
:10F2C00052F801D900F064FF002B01D101F0A0FD3C
:10F2D0000B9B1B78002B01D001F050F8C44C237815
:10F2E000012B01D801F07DF8C24D2B78002B01D005
:10F2F00001F06BF8FBF7BCFC2B78002B01D101F07F
:10F3000041F8D3F7E1F94346A826BB4C18682670AC
:10F31000D2F7CEFC01220C9F09993B785340DBB217
:10F32000DA00D21A13019B1AB44A5B0294460D9A72
:10F330006344944663440B60D3F7C6F9C823237033
:10F340004346AF4C18682670D2F7B2FC00232370F6
:10F350003B780999DA00D21A13019B1A0D9A5B02C5
:10F3600094466344A74C0B60BAE2A74B069A0993F4
:10F370001A600B9B1B78002B00D1BBE5A34BA44E5E
:10F380009946A44BA44D9B46A44B8B44CF18199788
:10F39000B8E5A34B00229B5E002B01D001F063FD7A
:10F3A000A04BA14A1D780C930B926EE5002A00D069
:10F3B000A1E101235D400C9BEDB21D7065E5077076
:10F3C000944200D141E700232AE7C824974D00204A
:10F3D0002D7801226C43AC46069D6418AA46944DD4
:10F3E00054442D780026AA46454605910495984632
:10F3F000554603E001300434202811D01300834027
:10F400001F42F7D02300AC45F4DC61461E60013199
:10F410004133FF33A942F9DD013004342028EDD116
:10F42000049A434605999046B2E50B9B1B78052B41
:10F4300001D901F00AFD7F4A9B00D3589F468020E6
:10F44000C002FBF7A7FC129B1A7831E5802000036D
:10F45000FBF7A0FCD9E4A02201214846D200494292
:10F46000DCF748F99DE5744A7448754B7549DAF73D
:10F4700013F8754B1B78022B00D047E60B9B1B78CB
:10F48000002B00D042E6E2F7A3FCFFF725FA3DE6A9
:10F490000C21DBF737FAA0235B009C46A0234A46E9
:10F4A0009B009846069B110000275A460024CB4635
:10F4B00099460496059500254B5F0E00002B24DB32
:10F4C00003915D00ED18AD005519984228DC6745A1
:10F4D00015DAAB78E9789A46C91A9B0053449B0128
:10F4E000DB194B4400290ADB01318A46890051446B
:10F4F000890159181C704133FF339942FAD1002118
:10F500006B5E3380002BDCDA03990137023147450B
:10F51000D1D1D94601249346049E0122059D1BE5C5
:10F520002E0000216B5EEDE701236B40DBB2DA00B9
:10F53000D31A1C01E41A0A9B64021B78002B00D129
:10F540005BE3AA22120294460D9A64449046A044BA
:10F55000022B00D1AEE3032B00D19DE3012B00D1A0
:10F5600067E32B4E0E9B1B680693274B0993099B61
:10F57000069A1A6005230B9A1370344B9B460BE0D6
:10F58000334B1B78402B00D935E31F4B069A099368
:10F590001A602E4B1E4E9B462E4F1C4B5F449946C5
:10F5A0001D4D1997AEE4802201211B4D52004942A6
:10F5B0002800DCF79FF8154B88209946A7231B49A4
:10F5C0004A4608701A49A7260B70DA33FF334B44BA
:10F5D00088279C461D4C0021535E90461100181E42
:10F5E00048DA54E014110320351C0320371C032093
:10F5F000301C03209E1C0320BD1A002000D8FFFFF2
:10F60000D91C0320921C03201828002050E400205D
:10F61000311C03204047FFFFA81D012000F0FFFF21
:10F62000D41B0320321C0320DB1C0320341C0320CA
:10F63000331C032094FA0410A08E0310D884031006
:10F64000188D03108A040000641C03208C2B0020FA
:10F65000DA1C0320C0A800009A78A72A11DC872AA8
:10F6600000DC9F70A72800DDDE7019000023C85E53
:10F6700000280BDB43001B189B00E318D878872871
:10F68000EADC0020185E08800028F3DA42460232E5
:10F690009445A0D10A9B1B78002B01D001F075F88E
:10F6A000C44E03230B9AC44F1370C44B069A09939C
:10F6B0001A60C34B9B465F44199723E4C14B1B78E8
:10F6C000202B00D861E702230B9A13705DE7BD4B36
:10F6D0001B78C72B01D801F0B8FB0A9BBA4C1B78EA
:10F6E0000B985A1E9341002203332370B74B0270CC
:10F6F0001A70FFF7FBFBB64B1B78002B01D0FFF70E
:10F70000C4FB56E60B9BB04C1A7003232370AF4B1F
:10F71000B04F1A70049B3A80002B01D1FFF7E6FB33
:10F72000A64BA44EAC4F099385E1AC4AAC48AD4B17
:10F73000AD49D9F7B1FEA94AA948AC4BAC49D9F7B4
:10F74000ABFEA34A1378002B01D101F015F80A9BF8
:10F750001B78002B01D101F00BF87F23129A12784D
:10F760001340013BDBB2022B00D9B7E0A14A9B005A
:10F770009858A14B1A68904201D101F0CBF818605B
:10F780000023944F3B80D3F717F80022BB5E06009E
:10F79000002B01D101F00EF8012B00D09EE00122D8
:10F7A0000C9B5AA91B785340DBB2DA00D31A1C0118
:10F7B000E41AAA231B029C460D9B640264449C46E7
:10F7C000002201236444FDF729F95A9B80219946C0
:10F7D0009B7849001B020B4049464978A0220B4305
:10F7E00049465200C978934200D03EE3C82900D070
:10F7F0003BE35C9B30009A465B9B51461D000493A3
:10F80000FCF720FAA022AC46834692006244069799
:10F81000159F03950592039B1A88130AFF2B01D1AC
:10F8200000F097FF4B4604201B785D99184201D1E8
:10F8300000F088FF891832AD28004944FBF7CCFA64
:10F84000262216ABFF329B181B787F2B00D81EE3B5
:10F85000A82603E0013EC7B2002E12D02A00594666
:10F860005046FCF723FBFF28F4D9FF230340062B67
:10F8700001D900F0FAFB03383F18013EFFB2002E19
:10F88000ECD1A0239B01E61807E023004133C7B267
:10F89000FF3327709E4215D01C002A00594650465F
:10F8A000FCF704FBFF28F0D9FF230340062B00D907
:10F8B000E7E2230003383F184133FFB2FF332770DC
:10F8C0009E42E9D14D4A039B9446059A0233039325
:10F8D000644493429FD10223069F3B803A4C484D9B
:10F8E00001204042F8F7EEFF464B1E78002E16D15D
:10F8F0002B78002B01D000F018FF2378032B14D1B4
:10F90000129B1B78002B10D143461868D2F7C6F91A
:10F91000012605E08020C002FBF740FAACE4002697
:10F920000A9B2A781B78002A07D10A9B0B9A1B781E
:10F9300012781A4301D100F0E6FE022B01D100F04B
:10F94000D2FEE5F741FC002E05D0D2F7BDFE4346BE
:10F950001868D2F7ADF92B78012B01D101332B7048
:10F960000C9B217818780123089C2278534023703F
:10F97000254B1870254B1A7004290DD0244801F02E
:10F98000FFFBFCF7AFFB00280ED161B0F0BCBB461B
:10F99000B246A946A046F0BD0A9B1B78022BEDD0CB
:10F9A00000221C4B1A60E9E780200003FBF7F6F900
:10F9B000EBE7C046311C0320C0A800001828002037
:10F9C0008C2B0020DA1C0320921C0320301C032007
:10F9D000371C0320D01B0320900E0120E48E03105F
:10F9E000D8840310008F031038090000CC8E031058
:10F9F00037090000ACFA0410A81E012041D9FFFF0E
:10FA00009E1C0320391C0320901C0320911C032002
:10FA1000A8F8022010F20220049B002B01D1FFF76E
:10FA200065FA0A9B1B78002B00D024E3DA4BDB4EEF
:10FA3000DB4FDC4C09932378032B00D1B9E0802203
:10FA40000121D94D520049422800DBF753FED74B24
:10FA5000002199461800872387229C46D44BA24652
:10FA60001970D44B1A70D44B9B46A0239B004B4477
:10FA70005C469846B34606000022B35E3000002B79
:10FA800014DB039604955A00D2189200A2189178BC
:10FA9000D6780025535F872948D8872E01D961463B
:10FAA000D1701000002BEEDA039E049D0236B045A3
:10FAB000E2D1012105235E46A346544638000B22BD
:10FAC00049422370DBF716FEBC4FBD4BA0221F60DE
:10FAD0009846A0239B00F818BA4B002152009A4682
:10FAE0001860DBF707FE0623B749B84A5B4279186E
:10FAF00000248B52039704E000233B80B44B9C42CC
:10FB000016D0E6F7FBF9434603211F68DAF7D2FE69
:10FB10003B5B01395B1802341BB23F19002BEBDC55
:10FB20001A000C32E9D10B235B42E6E70380B9E708
:10FB3000A0225346520094461B680C999C44012312
:10FB40000C7860466340DBB21B1BE100091BDC0044
:10FB5000E41A0B015B1A0D995B0288469D494344E8
:10FB600088462101091BA024A4014344A0469A4CC5
:10FB700049020022039F4144206004E0CC18413335
:10FB8000013210C0FF33A72AF8DD08C0013241332B
:10FB9000FF33C82AF7D101230B9A1997137000225B
:10FBA0008E4B1A700E9B099A1B6806931360FFF721
:10FBB000A9F98B4B98460C9B1D7843461868D2F7E1
:10FBC0006DF80020F8F7CAFEEA00521B13019B1AD9
:10FBD000804A5B0294460D9A63449446099D6344AF
:10FBE0002B60D2F771FD43461868D2F761F80E9B7F
:10FBF0001B682B6023E7042366E5794B1868984659
:10FC0000D2F74CF80120F8F7A9FE724B9C460D9BE9
:10FC100064449C46604B644409931C60D2F754FDD5
:10FC200043461868D2F744F80E9B5C4E1B68069357
:10FC30009DE46C4B00241C5F002C4AD1574E684B4E
:10FC4000C82718689846D2F729F8FBF711F801225F
:10FC50000C9B51491B7809915340DBB2DA00D21A50
:10FC600013019B1A5B4A5B0294460D9A63449446C7
:10FC700063440B60D2F728FD43461868A8235A4C0A
:10FC80005A4D23702F70D2F713F8002323700E9B68
:10FC90002F701B6806936AE4554B1868D2F78CFDE9
:10FCA0000400002C15D13D4E0A9B1B78012B00D07F
:10FCB00058E4C4E74F4B1B78002B00D1F5E0012B33
:10FCC00000D1EAE0022B00D1CDE1334B334E099352
:10FCD0004DE40123002242A92000FCF79FFE802171
:10FCE000A022429F4900BB7852001B020B4079784A
:10FCF0000B43F978934200D0B7E0C82900D0B4E0B4
:10FD0000449B20009946439B49461C000393FBF704
:10FD100099FF2300A022A446BB46824644461F000A
:10FD20009200624404923A88130AFF2B00D191E0BA
:10FD30005B4604201B784599184200D184E089185D
:10FD400022AD28005944FBF747F8C52216AB9B1893
:10FD50001B787F2B00D89AE0A823A0461C0003E064
:10FD6000013CC6B2002C11D02A0051464846FCF78F
:10FD70009DF8FF28F4D9FF230340062B00D974E136
:10FD800003383618013CF6B2002CEDD1A0239B01BC
:10FD900044469846A04437E018280020311C032030
:10FDA000900E0120921C0320A81D012050E4002089
:10FDB000341C0320331C03208C2B00204CD4002047
:10FDC000501803204C1803204057FFFFC0A8000024
:10FDD0007E02000000D8FFFF48180320DA1C032031
:10FDE00014110320281C0320D91C0320BD1A002055
:10FDF0009CF20220641C032023004133C6B2FF336F
:10FE00002670434514D01C002A0051464846FCF792
:10FE10004DF8FF28F0D9FF230340062B31D82300EB
:10FE2000033836184133F6B2FF3326704345EAD122
:10FE3000B14B02379C46049B6444BB4200D072E73E
:10FE40000A9BAE4E1B7831E722AD28005944FAF7E1
:10FE5000C9FF7AE7C6211A4016AB5B181B8893428C
:10FE600009D9039B5200D25A62E7A54AA548A64B7E
:10FE7000A649D9F711FBA24AA248A54BA549D9F733
:10FE80000BFB9F4A9F48A44BA449D9F705FB9C4A0A
:10FE90009C48A34BA349D9F7FFFAE2F719F80028C9
:10FEA00057D0D2F789FC0400FBE69F4B1868D2F7C5
:10FEB00083FC011EC4D0914E3278002A00D1CCE0E0
:10FEC0009A4B9B4F18683B78994200D1BAE0012ABF
:10FED00036D07B78994200D19EE00023022A2FD0B1
:10FEE000BC78A14200D1A2E0032A26D0FC78A1422E
:10FEF00000D186E0042A20D03C79A14277D0052A9F
:10FF00001BD07C79A14268D0062A16D0BC79A142C8
:10FF100059D0072A11D0FC79A1424AD0082A0CD026
:10FF20003C7AA1423BD0092A07D07C7AA14215D065
:10FF30000A2A02D0BA7A914217D01800031E16D1AD
:10FF40007C4B002000229B5EC91AFCF721F90300BC
:10FF50000DE07948D2F730FC0400A2E6774BC318D5
:10FF60000A2A04DDBA7A8A4201D1754BC318A02748
:10FF7000A8203F259C4644467F002B0000220340DA
:10FF80002900114089016144C95CA1540132BA427F
:10FF9000F6D141340130FF34C828EED184E6694BF4
:10FFA000C318092AE3DD7C7AA142D7D00A2AC1D13D
:10FFB000DDE7654BC318082AD9DD3C7AA142EED0B3
:10FFC000092AB2D1D3E7614BC318072ACFDDFC79E8
:10FFD000A142EED0082AA3D1C9E75D4BC318062A77
:10FFE000C5DDBC79A142EED0072A94D1BFE7594BB9
:10FFF000C318052ABBDD7C79A142EED0062A85D143
:020000041003E7
:10000000B5E7554BC318042AB1DD3C79A142EED0C7
:10001000052A00D075E7AAE7504BC318022AA6DDCF
:10002000BC78A14203D0032A00D05FE79FE74C4B86
:10003000C318032A9BDDFC78A142E2D0042A00D039
:100040005AE794E7012A00D178E77B789942E3D018
:10005000022A00D172E7030042E7424A2948424B94
:100060004249D9F719FA42481BE7254A25482A4B45
:100070004049D9F711FA01220C996A40D2B20A70AC
:10008000D100891A0A01521A0D9952028D180E9A3E
:100090001560394A09921560022B00D152E1032BF9
:1000A00000D142E1012B00D0FFE0344B00241C5F63
:1000B000002C00D088E0114E1D4F314B9846186837
:1000C000D1F7ECFDFAF7D4FDD2F7FEFA43461868F3
:1000D0000023984642462B4C2B4D883323702A70C0
:1000E000D1F7E6FD43462B70C83323700E9B099A67
:1000F0001B68264C13609EE441D9FFFF311C03208E
:10010000148B0310D8840310FC8A031051090000DB
:10011000448B031063090000608B03108809000002
:10012000841803106D090000843001204CE4002085
:10013000900E0120EA1B0320148C03100070FFFFB7
:100140000060FFFF0080FFFF0090FFFF00A0FFFFA7
:1001500000B0FFFF00C0FFFF00D0FFFF00F0FFFF77
:1001600000E0FFFF788B031040890310D5090000E1
:100170001C8C03107E09000018280020281C032076
:1001800014110320BD1A0020D91C0320921C032047
:10019000032B01D0FFF7A2FB0B9B1B78002B01D098
:1001A000FFF79CFBD04C2378002B00D19BE0CF4B7A
:1001B0001868D2F701FB002800D18EE0FEF768FC3A
:1001C000CB4CCC4DFFF78CFB0123002236A920003D
:1001D000FCF724FC8021A022369E4900B37852000F
:1001E0001B020B4071780B43F178934200D03CE640
:1001F000C82900D039E6389B20009A46379B5146E3
:100200009B46FBF71FFDFF234C465F46B1469846D1
:100210008233FF335B44039005933A88130AFF2B24
:100220004ED04B4604201B783999184242D0891889
:100230001AAE30004944FAF7CFFD952216AB9B1851
:100240001B787F2B00D822E6AA231B029C46AC44D5
:100250006346049308E0C4B22B00049A4133FF3391
:100260002C70934210D01D00320050460399FBF7CA
:100270001DFEFF28EFD943460340062B00D900E6B8
:1002800003382418E4B2E7E79B4B02379C46059BF2
:100290006544BB42C1D10A9B984E1B78984F012BF5
:1002A00000D10AE7924CFFF7C6FB944E944F904C56
:1002B000FFF7C1FB1AAE30004944FAF793FDBCE7E3
:1002C000434696211A4016AB5B181B88934200D810
:1002D000D1E55B465200D25AA3E78A4A8A488B4B43
:1002E0008B49D9F7D9F8434618680C9B1D78D1F78C
:1002F000D5FC0020F8F732FBEA00521B13019B1AD1
:10030000844A5B0294460D9A63449446099D634473
:100310002B60D2F7D9F943461868D1F7C9FC0E9B78
:100320001B682B600123237041E7704B1868D2F7DC
:1003300043FA0400002C00D046E7704E704F0A9B31
:100340001B78ACE7744B1B78002B01D100F0E4FC68
:10035000012B01D100F0D4FC022BA6D16F48D2F7BB
:100360002BFA0400E6E76C4B1B78012B0DD0002222
:100370006B4B5F4C5F4D1A60FFF7B2FA5D4D2B7807
:10038000002B22D15A4CFFF7ABFAE1F7A1FD002870
:10039000EDD10B9B1B78002BE9D1A024E1F746FDA2
:1003A000604E640033880500241AA34201DD109BCF
:1003B00033803388A34226DB0022594B1A60E1F7D1
:1003C0004DFD4B4C4B4DFFF78BFA43461868D1F768
:1003D00065FC0B9B1B78002B01D0FEF78DFFFEF711
:1003E00089FF012B2AD00023424D013323702B7843
:1003F000002BEAD10B9B1B78002B01D1FEF77AFF73
:100400003B4CFFF76DFAC8270C9B454A1B784648C2
:100410007B435B4413609146D2F7CEF9A0235B0087
:100420009C4207D04B46013D00953A0000211B68D5
:10043000FCF71EFD338801333380C0E73B4A079247
:100440000025555F002DCFD00C9AD13312781B02B6
:1004500053430D9A4EA9D618280001230022FCF719
:10046000DDFA8021A0224E9F4900BB7852001B027A
:100470000B4079780B43F978934200D0F5E4C82912
:1004800000D0F2E44F9B509928009B460391FBF764
:10049000D9FBA0239B005B4405933B00FF255F46EF
:1004A000A246994604903A88130AFF2B00D1F9E03E
:1004B0004B4604201B785199184200D1ECE0891872
:1004C0002AAC20004944FAF787FCF52216AB9B18AA
:1004D0001B787F2B00D8DAE4D2231B029C46B4445D
:1004E0006346069325E0C046361C03209CF202209A
:1004F000921C03209E1C03204157FFFF311C032048
:10050000900E0120888E0310D8840310208F0310D2
:100510003B0B000000D8FFFF641C03201C8C031061
:1005200010F20220DA1B0320188F0310281C03206E
:100530001E00220004990398FBF7B8FCFF2808D995
:100540002B000340062B00D99BE4119B03389C46EB
:100550006044C3B2119333703300069A4133FF33C2
:100560009342E5D1DC4B02379C46059B66449F4293
:1005700099D1079BD22200255D5F01230C991202BD
:100580000978280059404A43AA2109028C460D994E
:1005900062448E18002248A9FCF740FA8021A0226C
:1005A000489F4900BB7854461B020B4079785200A3
:1005B0000B43F978934200D057E4C82900D054E4A3
:1005C000499B4A9928009B460391FBF73BFBFF237D
:1005D0009A468233FF335B44069323005C46994678
:1005E00004902288130AFF2B6FD004203B784B998C
:1005F000184264D0891826AD28007918FAF7ECFB68
:10060000DD2216AB9B181B787F2B00D83FE4A82374
:1006100005932A0004990398FBF748FCFF2808D9A2
:1006200053460340062B00D91FE50F9B03389C4619
:100630006044C3B20F93059B013B0593002BE8D1A7
:10064000A0239B019C46B4446346059300E01E0032
:100650002A0004990398FBF729FCFF2809D953467F
:100660000340062B01D9FFF70CFC0F9B03389C4677
:100670006044C3B20F9333703300059A4133FF33A4
:100680009342E4D1954B02349C46069B6644A342B8
:10069000A7D14C462378A7E62AAC20004944FAF7B4
:1006A000A1FB12E7F62116AB5B181B882A40934288
:1006B00001D8FFF7E0FB5B465200D25AF8E626ADC0
:1006C00028007918FAF78EFB9AE75346DE211A4084
:1006D00016AB5B181B88934201D8FFF7CCFB5B4637
:1006E0005200D25A81E77E4B1B78022B01D0FFF7D4
:1006F00028F90B9B1B78002B01D0FFF722F9E1F7BB
:1007000087FBFFF71EF9774B1B68002B01D1FFF722
:1007100018F9129B1B78002B01D0FFF712F9E3F7B1
:10072000B9FE0A9B1B78FFF708F90A9B1B78022B7E
:1007300003D0E4F749FDFFF70EF9694B1B78022B54
:10074000F7D1D6E732AD28004944FAF74BFBFFF763
:1007500077F893211A40490016AB5B181B88934227
:1007600001D8FFF788FB049B5200D25AFFF75AF8D2
:10077000F8F7A0FDFEF7F1FF0120042110705A4C9C
:100780005A4A21701360FEF7E2FFAA2109028C4643
:10079000069A62449046022B00D1EAE0032B00D176
:1007A000D9E0012B00D1B8E0514E0E9B1B68069397
:1007B000FEF777FF0C9A4C4C127804332370D30069
:1007C0009B1A1D01ED1A0D9B00229C4654A9012382
:1007D0006D026544FCF722F9549B802199469B7871
:1007E00049001B020B4049464978A0220B43494669
:1007F0005200C978934201D0FFF737FBC82901D0D6
:10080000FFF733FB569B30009A46559B51461E001E
:100810000593FBF717FAA022B44643468346A04649
:10082000920062440797149F039604920693039BD9
:100830001A88130AFF2B5FD04B4604201B78579968
:10084000184242D089182EAE30004944FAF7C4FA53
:100850000E2216ABFF329B181B787F2B01D8FFF7B7
:1008600016FBD2231B02EC1807E02B004133C7B262
:10087000FF332F709C4216D01D003200594650465F
:10088000FBF714FBFF28F0D9FF230340062B01D907
:10089000FFF7F7FA2B0003383F184133FFB2FF335D
:1008A0002F709C42E8D10C4A039B9446049A023371
:1008B000039365449342BAD1069B4446984601236C
:1008C000079F0C4D3B80FFF70BF82EAE30004944DC
:1008D000FAF788FABCE7C046412FFFFF41D9FFFF76
:1008E000641C032098D70220921C0320A81E01201C
:1008F000311C03209E1C032087211A40490016AB9F
:100900005B181B88934201D8FFF7B5FA059B52008C
:10091000D25A91E7D04FFEF736FFD04B00241C5F30
:10092000002C37D1CE4ECF4B98461868D1F7B6F988
:10093000FAF79EF9D1F7C8FE434688221868A82323
:10094000C94FCA4C3A702370D1F7B2F900233B70FB
:10095000C833237029E7C64B1868D1F72DFF040070
:10096000002C17D1BE4E0A9B1B78012B00D01CE730
:10097000D9E7C04B1B78002B00D1B7E0012B00D189
:10098000AAE0022B01D0FEF78BFEBB48D1F714FF83
:100990000400E5E7012300223CA92000FCF73EF813
:1009A0008021A0223C9F4900BB7852001B020B40D3
:1009B00079780B43F978934201D0FFF756FAC829AA
:1009C00001D0FFF752FA3E9B20009B463D9B5946C3
:1009D0001C000593FBF736F9A022A4464646049472
:1009E000B8465446AA469200624403900692049B7D
:1009F0001A88130AFF2B62D0434604201B783F99C4
:100A0000184256D089181EAD28004144FAF7E4F97F
:100A1000AD2216AB9B181B787F2B01D8FFF737FA56
:100A2000882703E0013FC4B2002F12D02A005846A5
:100A30000399FBF73BFAFF28F4D9FF230340062B69
:100A400001D9FFF712FB03382418013FE4B2002F4D
:100A5000ECD1A0239B01F71807E033004133C4B267
:100A6000FF333470BB4216D01E002A00584603994B
:100A7000FBF71CFAFF28F0D9FF230340062B01D90E
:100A8000FFF7FFF93300033824184133E4B2FF3392
:100A90003470BB42E8D1794A049B9446069A0233EB
:100AA000049366449342A2D155460A9B6C4E1B7830
:100AB0005BE71EAD28004144FAF794F9A8E7AE21A0
:100AC0001A4016AB5B181B88934201D8FFF7D3F985
:100AD000059B5200D25A8FE7E1F7FAF9002800D0BF
:100AE00054E76748D1F768FE040039E7654B18689A
:100AF000D1F762FE0028D8D0594E3278002A01D1B1
:100B0000FFF7ABFA604B614F19683B78834259D0CD
:100B10000023012A5DD07C78A0424ED0022A32D038
:100B2000BC78A04200D1E5E0032A2CD0FC78A0429A
:100B300000D1D9E0042A26D03C79A04200D1CDE0F2
:100B4000052A20D07C79A04200D1C1E0062A1AD023
:100B5000BC79A04200D1B5E0072A14D0FC79A042AC
:100B600000D1A9E0082A0ED03C7AA04200D19DE035
:100B7000092A08D07C7AA04200D191E00A2A02D04A
:100B8000BA7A904222D0002B23D0A0246200924651
:100B900008203F2700223900444611408901591896
:100BA000095CA15401325245F5D1A022520094466D
:100BB0000130E0442828EDD1D5E6354BCB18022A88
:100BC000AED1E2E70B00012AA5D1DCE7314BCB180F
:100BD000DBE7314B0021595E411A0020FBF7D8FAC0
:100BE0000300D2E71F4BA82598461868D1F756F89E
:100BF000E1F7A4F9D1F768FD43461C4C186825704D
:100C0000D1F756F801220C9E0D9F33785340DBB28A
:100C1000DA00D21A13019B1A204A5B0294466344FD
:100C2000BC46099A63441360D1F74EFDC823237074
:100C300043460D4C18682570D1F73AF80023BC469E
:100C400023703378DA00D21A13019B1A5B02099AD7
:100C500063441360FEF71AFBD01B0320281C0320FB
:100C6000311C032014110320D91C0320BD1A0020BD
:100C70009CF20220641C03201C8C031041D9FFFF4E
:100C8000148C0310843001204CE40020900E0120CD
:100C900000F0FFFF0060FFFFEA1B032000D8FFFF0A
:100CA0008A4BCB180A2A00D06AE76EE7884BCB182C
:100CB000092A00D05EE768E7864BCB18082A00D0E7
:100CC00052E762E7844BCB18072A00D046E75CE77F
:100CD000824BCB18062A00D03AE756E7804BCB1858
:100CE000052A00D02EE750E77E4BCB18042A00D00F
:100CF00022E74AE77C4BCB18032A00D016E744E7EB
:100D0000E1F7E6F8002801D0FFF729FB7748D1F793
:100D100053FD0400FFF70EFB754B1868D1F74CFD2F
:100D2000002801D1FFF7B7FA724E3278002A01D1BC
:100D3000FFF793F9704B714F19683B78984260D078
:100D40000023012A54D07C78A0424CD0022A2FD014
:100D5000BC78A04200D1B3E0032A29D0FC78A0429D
:100D600000D1A7E0042A23D03C79A04200D19BE027
:100D7000052A1DD07C79A04200D18FE0062A17D029
:100D8000BC79A04200D183E0072A11D0FC79A042AF
:100D900079D0082A0CD03C7AA0426FD0092A07D01B
:100DA0007C7A844265D00A2A02D0BA7A90422CD04A
:100DB000002B1DD0A022520094463F2200209046D6
:100DC0004446002204404146114089015918095DFA
:100DD000A95401326245F6D141350130FF358828EA
:100DE000EED1FFF7ACFA464BCB18022AB0D1E1E7BF
:100DF000444B0021595E411A0020FBF7C9F903005A
:100E0000D8E70B00012A9ED1D2E73F4BCB18D1E7A0
:100E10000B9B1B78002B01D0FEF760FD3B4B1B7832
:100E2000002B0FD13A4D002029784B425941C9B2CD
:100E3000F8F786FA00210323364A374C11802370D5
:100E4000FEF74EFDDFF73CFEECE7344B069A0993C4
:100E50001A60334B334F9B46334B264E9946334DE6
:100E60001997FEF74FF8324A3248334B3349D8F7D7
:100E700013FB164BCB180A2A97D19BE7144BCB18C0
:100E8000092A8DD196E7134BCB18082A83D191E715
:100E9000114BCB18072A00D078E78BE70F4BCB1804
:100EA000062A00D06CE785E70D4BCB18052A00D049
:100EB00060E77FE70B4BCB18042A00D054E779E7B3
:100EC000094BCB18032A00D048E773E70070FFFFF7
:100ED0000080FFFF0090FFFF00A0FFFF00B0FFFFBA
:100EE00000C0FFFF00D0FFFF00E0FFFF148C0310E5
:100EF00084300120311C03204CE40020900E01209E
:100F000000F0FFFFEA1B03200060FFFF3E1C0320F0
:100F10009E1C0320D01B0320921C032018280020B5
:100F20008C2B00204CD4002050E40020A81D012070
:100F3000888E0310D8840310708E0310360A0000C8
:100F400030B5032A1AD90B0003439B0711D0551E55
:100F5000002303E05A1C9D4213D01300C25CCC5CFA
:100F6000A242F7D0101B0DE0043A04300431032AEA
:100F700004D904680B689C42F6D0E8E7551E002AA5
:100F8000E6D1002030BDC046F0B588420AD98B18A2
:100F9000984207D2531E002A03D0CA5CC254013BB8
:100FA000FBD2F0BD05000F2A0AD8561E002AF8D041
:100FB0000023CC5C1A00EC5401339642F9D1F0E7DF
:100FC00003273E000D430C0003002E402F422DD17D
:100FD0001500103D2D09AC462F013F1825681D60F6
:100FE00065685D60A5689D60E5681034DD601D0082
:100FF0001033BD42F2D165460F230C2401352D017B
:10100000491913404519144213D0043B9B0801337E
:101010009B008C59AC5104369E42FAD103231A40EE
:10102000AD198919561E002AC2D1BAE70500561E0D
:10103000BEE71A00B9E7C0460B00034370B50600CF
:101040009B070ED1032A0CD9114D04E0043A043158
:1010500010C6032A05D90C680E4BE318A3432B4294
:10106000F4D03300002406E00D5D013A355501331C
:101070000134002D02D0002AF6D170BD00219C1849
:10108000002AFAD019700133A342FBD1F5E7C0461C
:1010900080808080FFFEFEFE024670B50A43920704
:1010A0002AD11E4DEE0104C808C9541B9443344094
:1010B00017D0D0B2D9B2401A2106014310D190B254
:1010C00099B2401A210401430AD110021902000A00
:1010D000090A401A2102014302D1100E190E401ACA
:1010E00070BD9A42DFD010BA19BA884201D90120E6
:1010F00070BD0020C04370BD02780B780130013113
:10110000002A09D09A4207D102780B7801300131C8
:10111000002A01D09A42EFD0D01A70BD010101011E
:1011200010B583070AD00300032102E001330B420C
:1011300005D01A78002AF9D1181A10BD03001968D1
:101140000C4A0D4C8A188A4322420FD15968094A29
:1011500004338A188A43224208D15968054A043365
:101160008A188A432242F1D000E001331A78002A1B
:10117000FBD1E1E7FFFEFEFE80808080F8B5C0462F
:1011800001B40248844601BC604700BF030A002046
:1011900001B40248844601BC604700BF550B0020E3
:1011A00001B40248844601BC604700BFF918002022
:1011B00001B40248844601BC604700BF0D170020FF
:1011C00001B40248844601BC604700BFF902002018
:1011D00001B40248844601BC604700BFF9180020F2
:1011E00001B40248844601BC604700BF4B0900209F
:1011F00001B40248844601BC604700BFD10400200E
:1012000001B40248844601BC604700BF7517002046
:1012100001B40248844601BC604700BFC100002001
:1012200001B40248844601BC604700BF6D01002044
:1012300001B40248844601BC604700BF211600206B
:1012400001B40248844601BC604700BF210B002066
:1012500001B40248844601BC604700BF6D0700200E
:1012600001B40248844601BC604700BFE909002080
:1012700001B40248844601BC604700BF4509002014
:1012800001B40248844601BC604700BFB11700208A
:1012900062692D3E62697473203C20323400000084
:1012A0002F55736572732F7A6170702F6465762F76
:1012B000646333325F6E6962626C65722F72703282
:1012C0003034302D646F6F6D2F7372632F74696EBD
:1012D000795F687566662E68000000006E3C3D33DD
:1012E000320000006C656E677468203E2030202656
:1012F00026206C656E677468203C3D206D61785FC8
:10130000636F64655F6C656E677468002F55736505
:1013100072732F7A6170702F6465762F6463333235
:101320005F6E6962626C65722F7270323034302D7C
:10133000646F6F6D2F7372632F74696E795F687558
:1013400066662E6300000000636F756E74202A20AD
:1013500032202B2031203C20746D705F6275665FF7
:1013600073697A65000000006275666665725F7376
:10137000697A65203E3D2074685F6465636F6465CB
:10138000725F73697A6528636F756E742C206D6166
:10139000785F636C29000000636F756E74203C20D9
:1013A000746D705F6275665F73697A650000000036
:1013B0002F55736572732F7A6170702F6465762F65
:1013C000646333325F6E6962626C65722F72703271
:1013D0003034302D646F6F6D2F7372632F6D7573A2
:1013E000785F6465636F6465722E63006465636F24
:1013F0006465725B305D203E203100006C656E6775
:101400007468203C3D203800636F6465203C206494
:1014100065636F6465725B54485F4944585F434538
:10142000494C494E47202B20322A6C656E67746800
:101430002D315D006C656E677468203C206D6178AD
:101440005F636F64655F6C656E67746800000000C1
:101450006D696E5F636C203C206D61785F636C002A
:101460002F55736572732F7A6170702F6465762FB4
:10147000646333325F6E6962626C65722F727032C0
:101480003034302D646F6F6D2F7372632F696D610F
:1014900067655F6465636F6465722E6300000000BA
:1014A000636F756E74202A2033202B2032203C205D
:1014B000746D705F6275665F73697A650000000025
:1014C000706F73203C20627566666572202B206207
:1014D00075666665725F73697A650000446F6F6D4B
:1014E00020494900706C75746F6E69612E77616474
:1014F0000000000046696E616C20446F6F6D3A20F9
:10150000506C75746F6E6961204578706572696D95
:10151000656E7400746E742E7761640046696E6146
:101520006C20446F6F6D3A20544E543A20457669D2
:101530006C7574696F6E0000646F6F6D2E776164F7
:1015400000000000446F6F6D00000000446F6F6D7D
:101550002053686172657761726500006672656527
:10156000646D2E776164000046726565444D00002D
:1015700066726565646F6F6D322E7761640000007E
:1015800046726565646F6F6D3A20506861736520BF
:101590003200000066726565646F6F6D312E776191
:1015A0006400000046726565646F6F6D3A20506894
:1015B00061736520310000005761726E696E673A91
:1015C0002057414420636F6E7461696E73206465B7
:1015D0006D6F20776974682061206E6F6E2D766163
:1015E0006E696C6C6120657874656E73696F6E20CE
:1015F000282573290A0000005761726E696E673AE8
:1016000020506C6179696E67206261636B20612094
:1016100064656D6F2066696C652077697468206108
:10162000206E6F6E2D76616E696C6C6120657874CA
:10163000656E73696F6E20282573292E205573659A
:10164000202D73747269637464656D6F7320746F99
:101650002064697361626C652074686973206578C1
:1016600074656E73696F6E2E0A000000642D3E6310
:1016700068616E6E656C5F6E6F74655F66726565DE
:10168000203E3D20300000002F55736572732F7A85
:101690006170702F6465762F646333325F6E6962A8
:1016A000626C65722F7270323034302D646F6F6DE2
:1016B0002F7372632F6D7573785F6465636F6465F4
:1016C000722E6800642D3E6368616E6E656C5F6E9D
:1016D0006F74655F686561645B6368616E6E656C9D
:1016E0005D3D3D2D31000000642D3E6368616E6EEE
:1016F000656C5F6E6F74655F7461696C5B63686174
:101700006E6E656C5D3D3D2D310000006469737443
:10171000203C20642D3E6368616E6E656C5F6E6F69
:1017200074655F636F756E745B6368616E6E656C24
:101730005D00000066726565645F696E64657820AF
:101740003E3D203000000000642D3E6368616E6EF7
:10175000656C5F6E6F74655F686561645B6368612B
:101760006E6E656C5D3E3D3000000000642D3E6392
:1017700068616E6E656C5F6E6F74655F7461696CD5
:101780005B6368616E6E656C5D3E3D30000000001D
:10179000707265765F696E646578203E3D2030002A
:1017A0006465636F6465725B305D00004D5553582E
:1017B000000000004D5553585F4C6F616452415713
:1017C0002044617461207761736E277420636F6DAC
:1017D00070726573736564204D5553582E00000078
:1017E00066696C652D3E747261636B735B305D2E50
:1017F0006275666665725F73697A65203D3D206C2F
:10180000656E202D203800002F55736572732F7A76
:101810006170702F6465762F646333325F6E696226
:10182000626C65722F7270323034302D646F6F6D60
:101830002F7372632F6D69646966696C652E63002E
:10184000636F6E74726F6C6C6572203E3D20312048
:10185000262620636F6E74726F6C6C6572203C3D3F
:1018600020390000642D3E6368616E6E656C5F6EAA
:101870006F74655F636F756E745B6368616E6E65D0
:101880006C5D000066616C736500000074726163DA
:101890006B203C206D69646966696C655F6E756D6F
:1018A000747261636B732866696C652900000000BF
:1018B0006B65795F6D756C74695F6D7367706C6172
:1018C000796572256900000070617463680000002A
:1018D0002F55736572732F7A6170702F6465762F40
:1018E000646333325F6E6962626C65722F7270324C
:1018F0003034302D646F6F6D2F7372632F765F7687
:101900006964656F2E6300007670617463685F6858
:1019100061735F7368617265645F70616C65747434
:101920006528706174636829000000007670617436
:1019300063685F636F6C6F72636F756E742870613C
:1019400074636829000000007670617463685F73D7
:1019500068617265645F70616C657474652870613C
:1019600074636829203C204E554D5F5348415245D1
:10197000445F50414C4554544553000070203C3D59
:101980002077000070203C3D2070656E64000000F0
:1019900074797065203D3D207670385F72756E7386
:1019A0005F636C6970706564207C7C2074797065FD
:1019B000203D3D207670345F736F6C69645F636CAB
:1019C00069707065640000007670617463686C69AA
:1019D0007374000020636F756C646E2774206F70E1
:1019E000656E2025730A00004E6F20574844206121
:1019F000742025700A0000003C686572653E000096
:101A000057484420617420307831303036303030DF
:101A100030000000763E3D307832303030303030AB
:101A2000342026262076203C3D2030783230303459
:101A30003030303020262620212876263329000019
:101A40002F55736572732F7A6170702F6465762FCE
:101A5000646333325F6E6962626C65722F727032DA
:101A60003034302D646F6F6D2F7372632F646F6F1E
:101A70006D747970652E680073697A65203C203634
:101A8000353533362A3400002F55736572732F7A3B
:101A90006170702F6465762F646333325F6E6962A4
:101AA000626C65722F7270323034302D646F6F6DDE
:101AB0002F7372632F7A5F7A6F6E652E630000005A
:101AC0006F7574206F66206D656D6F727900000010
:101AD000746167203C2050555F50555247454C4536
:101AE00056454C0073697A65202D2073697A656FBD
:101AF00066286D656D626C6F636B5F7429203E3D77
:101B000020340000766F6C756D65203C20323536D0
:101B1000000000002F55736572732F7A6170702F6B
:101B20006465762F646333325F6E6962626C6572DE
:101B30002F7270323034302D646F6F6D2F7372637B
:101B40002F695F6F706C6D757369632E63000000A1
:101B500067656E6D6964690053797374656D2063A0
:101B60006C6F636B206F66202575206B487A20634D
:101B7000616E6E6F742062652065786163746C7944
:101B8000206163686965766564000000493253200E
:101B900044494E7C4932532042434B7C49325320C6
:101BA0004C52434B000000007A6F6E65206D656DEE
:101BB0006F72793A2025702C20257820616C6C6F2B
:101BC000636174656420666F72207A6F6E650A00C7
:101BD00020414E4421584F522044433332204E6915
:101BE00062626C6572206973206672656520736F2E
:101BF0006674776172652C20636F76657265642008
:101C000062792074686520474E552047656E65727D
:101C1000616C205075626C69630A204C6963656E63
:101C200073652E20205468657265206973204E4FBD
:101C30002077617272616E74793B206E6F742065DB
:101C400076656E20666F72204D45524348414E5472
:101C50004142494C495459206F72204649544E45DF
:101C600053530A20464F5220412050415254494379
:101C7000554C415220505552504F53452E20596FCC
:101C800075206172652077656C636F6D6520746F78
:101C9000206368616E676520616E64206469737497
:101CA0007269627574650A20636F70696573207567
:101CB0006E646572206365727461696E20636F6E15
:101CC000646974696F6E732E20536565207468654E
:101CD00020736F7572636520666F72206D6F726519
:101CE00020696E666F726D6174696F6E2E00000000
:101CF000444F4F4D2E45584500000000434C5300C3
:101D000043440000413A5C00496E76616C6964208E
:101D10006469726563746F7279000000444952000F
:101D20004469726563746F7279206F6620413A5C12
:101D30000000000031312F30322F3139393420206A
:101D400030313A323020414D2020202020202020E8
:101D50002020202020202020202020444F4F4D2EC6
:101D60004558450031312F30322F31393934202058
:101D700030373A303320504D2020202020202020A2
:101D8000202020202020202020202025730000005B
:101D900031322F31312F32303231202030343A324B
:101DA0003120504D202020202020202020202020C5
:101DB0002020202020202025642E445347000000AE
:101DC000202020202020202025642046696C6528C2
:101DD00073292020202020202020202020202020A7
:101DE000202062797465730020202020202020208C
:101DF00030204469722873292020202020202020B0
:101E00002020202020202020206279746573206605
:101E10007265650042616420636F6D6D616E642060
:101E20006F722066696C65206E616D650000000050
:101E300041073A075C07000021286765745F636FFC
:101E400072655F6E756D282920262620646973618E
:101E50006C6C6F775F636F7265315F6D616C6C6F17
:101E6000632900002F55736572732F7A6170702F8C
:101E70006465762F646333325F6E6962626C65728B
:101E80002F7270323034302D646F6F6D2F73726328
:101E90002F7069636F2F695F73797374656D2E633B
:101EA00000000000636861696E5F746F203C3D2034
:101EB0004E554D5F444D415F4348414E4E454C5356
:101EC000000000002F55736572732F7A6170702FB8
:101ED0006465762F646333325F6E6962626C65722B
:101EE0002F7069636F2D73646B2F7372632F727021
:101EF000325F636F6D6D6F6E2F68617264776172B0
:101F0000655F646D612F696E636C7564652F6861D0
:101F10007264776172652F646D612E680000000045
:101F200064726571203C3D20445245515F464F52DA
:101F3000434500006C656E203C20636F756E745FD6
:101F40006F66286C617267655F6275666665725F51
:101F5000313629002F55736572732F7A6170702F97
:101F60006465762F646333325F6E6962626C65729A
:101F70002F7270323034302D646F6F6D2F73726337
:101F80002F7069636F2F7069636F6E65742E6300C5
:101F900075735F73696E63655F626F6F74203C3D3C
:101FA00020494E5436345F4D415800002F5573651B
:101FB00072732F7A6170702F6465762F6463333289
:101FC0005F6E6962626C65722F7069636F2D7364F6
:101FD0006B2F7372632F636F6D6D6F6E2F706963FC
:101FE0006F5F626173652F696E636C7564652F70D6
:101FF00069636F2F74797065732E680049324320CE
:102000006D756C74692D706C6179657200000000EB
:10201000776970655F796F666673657473202626CD
:1020200020776970655F6C696E656C6F6F6B75703A
:10203000000000002F55736572732F7A6170702F46
:102040006465762F646333325F6E6962626C6572B9
:102050002F7270323034302D646F6F6D2F73726356
:102060002F7069636F2F695F766964656F2E6300F7
:102070007370203C204E554D5F5348415245445F9C
:1020800050414C455454455300000000646973703E
:102090006C61795F7370695F6D61737465725F699C
:1020A0006E697428292053657474696E6720757091
:1020B00020444D4100000000646973706C61795FD9
:1020C0007370695F6D61737465725F696E6974289E
:1020D00029205573696E6720444D41206368616E05
:1020E0006E656C3A2025640A000000006469737014
:1020F0006C61795F7370695F6D61737465725F693C
:102100006E697428292053657474696E6720757030
:10211000205350492064726571000000693C5049A9
:10212000434F5F5343414E564944454F5F534341EC
:102130004E4C494E455F4255464645525F434F55CA
:102140004E540000746578745F646174610000002F
:102150006F7665726C6179735B695D2E656E747202
:10216000792E79203C20636F756E745F6F662876D8
:1021700070617463686C697374732D3E76706174FA
:1021800063685F7374617274657273290000000084
:10219000504C415950414C007670617463685F74D3
:1021A00079706528737462617229203D3D207670D4
:1021B000345F736F6C6964007670617463685F6329
:1021C0006F6C6F72636F756E7428706174636829C9
:1021D000203C3D20313600006E65775F7769706581
:1021E0005F6D696E203E3D20776970655F6D696E39
:1021F000000000006275666665722D3E6461746160
:10220000203C20746578745F7363616E6C696E65E1
:102210005F6275666665725F7374617274207C7C40
:10222000206275666665722D3E64617461203E3D74
:1022300020746578745F7363616E6C696E655F624C
:1022400075666665725F7374617274202B205445E5
:1022500058545F5343414E4C494E455F42554646A4
:1022600045525F544F54414C5F574F524453000006
:102270007363616E6C696E65203C20636F756E746C
:102280005F6F66287670617463686C697374732D10
:102290003E7670617463685F7374617274657273A3
:1022A000290000007072657620213D2076700000C4
:1022B0007670617463686C697374732D3E767061B7
:1022C0007463685F6E6578745B707265765D2021FB
:1022D0003D2076700000000073697A65203E3D5411
:1022E0004558545F5343414E4C494E455F42554615
:1022F0004645525F544F54414C5F574F5244532010
:102300002A2034202B2038302A32352A32202B2024
:10231000343039360000000064732573000000007B
:102320006368616E6E656C2D3E6465636F6D70727F
:1023300065737365645F73697A6520262620636818
:10234000616E6E656C2D3E6465636F6D7072657352
:102350007365645F73697A65203C3D2073697A65B3
:102360006F66286368616E6E656C2D3E6465636F91
:102370006D70726573736564290000002F55736575
:1023800072732F7A6170702F6465762F64633332B5
:102390005F6E6962626C65722F7270323034302DFC
:1023A000646F6F6D2F7372632F7069636F2F695F36
:1023B0007069636F736F756E642E63002169735F5C
:1023C0006368616E6E656C5F706C6179696E6728B9
:1023D0006368616E6E656C2900000000636F6E6E4D
:1023E0006563745F696E7465726E616C5F666C6163
:1023F000736820262620666C6173685F657869744F
:102400005F78697020262620666C6173685F726150
:102410006E67655F70726F6772616D202626206639
:102420006C6173685F666C7573685F636163686530
:10243000000000002F55736572732F7A6170702F42
:102440006465762F646333325F6E6962626C6572B5
:102450002F7270323034302D646F6F6D2F73726352
:102460002F7069636F2F7069636F666C6173682E7C
:10247000630000007364615F74785F686F6C645F11
:10248000636F756E74203C3D206C636E74202D204C
:10249000320000002F55736572732F7A6170702FB0
:1024A0006465762F646333325F6E6962626C657255
:1024B0002F7069636F2D73646B2F7372632F72704B
:1024C000325F636F6D6D6F6E2F68617264776172DA
:1024D000655F6932632F6932632E63006C6F636BD3
:1024E0005F6E756D203C204E554D5F5350494E5FD9
:1024F0004C4F434B530000002F55736572732F7A76
:102500006170702F6465762F646333325F6E696229
:10251000626C65722F7069636F2D73646B2F7372B9
:10252000632F7270325F636F6D6D6F6E2F686172B3
:1025300064776172655F73796E632F73796E632E52
:10254000630000004E6F207370696E6C6F636B7375
:102550002061726520617661696C61626C65000062
:102560006964202626206964203C3D20706F6F6CD2
:102570002D3E686561702D3E6D61785F6E6F64659C
:10258000730000002F55736572732F7A6170702F7E
:102590006465762F646333325F6E6962626C657264
:1025A0002F7069636F2D73646B2F7372632F636F6A
:1025B0006D6D6F6E2F7069636F5F74696D652F74D9
:1025C000696D652E63000000696420262620696419
:1025D000203C3D20686561702D3E6D61785F6E6FB7
:1025E000646573002F55736572732F7A6170702F55
:1025F0006465762F646333325F6E6962626C657204
:102600002F7069636F2D73646B2F7372632F636F09
:102610006D6D6F6E2F7069636F5F7574696C2F6974
:102620006E636C7564652F7069636F2F7574696C68
:102630002F70686561702E6800000000706172651F
:102640006E745F69640000006368696C645F69644C
:1026500000000000706172656E745F696420213D46
:10266000206368696C645F6964000000696400004D
:102670006964202626202170685F636F6E7461692B
:102680006E735F6E6F646528686561702C20696485
:102690002900000021686561702D3E667265655FE6
:1026A0007461696C5F6964002170685F636F6E7448
:1026B00061696E735F6E6F646528706F6F6C2D3E1D
:1026C000686561702C2072657573655F69642900A7
:1026D00072656D6F7665645F6964203D3D206E654F
:1026E00078745F696400000063616C6C6261636BA5
:1026F00000000000706F6F6C2D3E616C61726D5F49
:10270000696E5F70726F6772657373203D3D206DF7
:10271000616B655F7075626C69635F696428696489
:102720005F686967682C206E6578745F696429004A
:1027300064656661756C745F616C61726D5F706F0A
:102740006F6C5F696E697469616C697A6564282968
:1027500000000000616C61726D5F696420213D20A2
:10276000706F6F6C2D3E616C61726D5F696E5F7032
:10277000726F6772657373007263000041747465F1
:102780006D7074656420746F20736C65657020696A
:102790006E73696465206F6620616E20657863657D
:1027A0007074696F6E2068616E646C65723B207531
:1027B000736520627573795F77616974206966203B
:1027C000796F75206D757374000000004861726444
:1027D0007761726520616C61726D20256420616C87
:1027E000726561647920636C61696D6564000000E5
:1027F00074696D65725F68772D3E696E747320260B
:10280000203175203C3C20616C61726D5F6E756D8E
:10281000000000002F55736572732F7A6170702F5E
:102820006465762F646333325F6E6962626C6572D1
:102830002F7069636F2D73646B2F7372632F7270C7
:10284000325F636F6D6D6F6E2F6861726477617256
:10285000655F74696D65722F74696D65722E6300B2
:1028600063757272656E74203D3D205F5F756E68A2
:10287000616E646C65645F757365725F6972712007
:102880007C7C2063757272656E74203D3D206861AA
:102890006E646C65720000002F55736572732F7A39
:1028A0006170702F6465762F646333325F6E696286
:1028B000626C65722F7069636F2D73646B2F737216
:1028C000632F7270325F636F6D6D6F6E2F68617210
:1028D00064776172655F6972712F6972712E63002E
:1028E000746F74616C0000002F55736572732F7ADA
:1028F0006170702F6465762F646333325F6E696236
:10290000626C65722F7069636F2D73646B2F7372C5
:10291000632F636F6D6D6F6E2F7069636F5F737977
:102920006E632F6D757465782E6300006D74782D5D
:102930003E636F72652E7370696E5F6C6F636B00C0
:102940006C6F636B5F69735F6F776E65725F6964ED
:102950005F76616C6964286D74782D3E6F776E6563
:10296000722900006D74782D3E656E7465725F6328
:102970006F756E7400000000726F6F745F696400A1
:102980002F55736572732F7A6170702F6465762F7F
:10299000646333325F6E6962626C65722F70696363
:1029A0006F2D73646B2F7372632F636F6D6D6F6E1A
:1029B0002F7069636F5F7574696C2F7068656170E3
:1029C0002E6300002170685F6765745F6E6F6465D9
:1029D00028686561702C20726F6F745F6964292D9F
:1029E0003E7369626C696E67000000002170685F69
:1029F0006765745F6E6F646528686561702C20720E
:102A00006F6F745F6964292D3E706172656E74002A
:102A1000666F756E640000006E65775F7375625F48
:102A20007472656520213D20686561702D3E726F6E
:102A30006F745F69640000007372635F6672657132
:102A4000203E3D2066726571000000002F557365C1
:102A500072732F7A6170702F6465762F64633332DE
:102A60005F6E6962626C65722F7069636F2D73644B
:102A70006B2F7372632F7270325F636F6D6D6F6E49
:102A80002F68617264776172655F636C6F636B73EB
:102A90002F636C6F636B732E6300000076636F5F50
:102AA00066726571203E3D20285049434F5F504C6F
:102AB0004C5F56434F5F4D494E5F465245515F4B09
:102AC000485A202A204B485A292026262076636F10
:102AD0005F66726571203C3D20285049434F5F502E
:102AE0004C4C5F56434F5F4D41585F465245515FD6
:102AF0004B485A202A204B485A2900002F5573650D
:102B000072732F7A6170702F6465762F646333322D
:102B10005F6E6962626C65722F7069636F2D73649A
:102B20006B2F7372632F7270325F636F6D6D6F6E98
:102B30002F68617264776172655F706C6C2F706C66
:102B40006C2E63006662646976203E3D203136203B
:102B50002626206662646976203C3D2033323000B0
:102B600028706F73745F64697631203E3D20312098
:102B7000262620706F73745F64697631203C3D2097
:102B800037292026262028706F73745F6469763297
:102B9000203E3D203120262620706F73745F6469CB
:102BA0007632203C3D203729000000007265665FC8
:102BB00066726571203C3D202876636F5F667265A2
:102BC00071202F20313629002C2066756E637469C0
:102BD0006F6E3A2000000000617373657274696F54
:102BE0006E2022257322206661696C65643A206636
:102BF000696C6520222573222C206C696E65202566
:102C000064257325730A000031203D3D2028756935
:102C10006E747074725F74296C2D3E7370696E5F90
:102C20006C6F636B000000002F55736572732F7A11
:102C30006170702F6465762F646333325F6E6962F2
:102C4000626C65722F7069636F2D73646B2F737282
:102C5000632F7270325F636F6D6D6F6E2F7069637B
:102C60006F5F72756E74696D652F72756E74696DC4
:102C7000652E63000A2A2A2A2050414E4943202A01
:102C80002A2A0A006E6F7420737570706F727465F3
:102C900064000000666E692B00000000666E69002B
:102CA0006E616E00666E692D000000002A2828758E
:102CB000696E74385F74202A29726F6D5F64617465
:102CC000615F6C6F6F6B757028726F6D5F7461629E
:102CD0006C655F636F6465282753272C2027462780
:102CE00029292D3229202A2034203E3D2053465FB9
:102CF0005441424C455F56325F53495A45000000EB
:102D00002F55736572732F7A6170702F6465762FFB
:102D1000646333325F6E6962626C65722F706963DF
:102D20006F2D73646B2F7372632F7270325F636FDA
:102D30006D6D6F6E2F7069636F5F646F75626C6528
:102D40002F646F75626C655F696E69745F726F6D19
:102D50002E6300002A282875696E74385F74202A53
:102D600029726F6D5F7461626C652D3229202A2093
:102D700034203E3D2053465F5441424C455F56321D
:102D80005F53495A450000002F55736572732F7ABF
:102D90006170702F6465762F646333325F6E696291
:102DA000626C65722F7069636F2D73646B2F737221
:102DB000632F7270325F636F6D6D6F6E2F7069631A
:102DC0006F5F666C6F61742F666C6F61745F696EA4
:102DD00069745F726F6D2E63000000004465627558
:102DE00067000000626F6F74325F67656E657269BD
:102DF000635F303368000000312E352E3100000053
:102E00006E6962626C657200646F6F6D5F74696E8B
:102E1000790000004A756E202039203230323400AB
:102E2000216C6F636B6F75745F696E5F70726F6733
:102E300072657373000000002F55736572732F7AEB
:102E40006170702F6465762F646333325F6E6962E0
:102E5000626C65722F7069636F2D73646B2F737270
:102E6000632F7270325F636F6D6D6F6E2F70696369
:102E70006F5F6D756C7469636F72652F6D756C74BF
:102E800069636F72652E63002128737461636B5FE1
:102E900073697A655F6279746573202620337529BA
:102EA00000000000217368617265645F737461746F
:102EB000652E646D612E627566666572735F746FF0
:102EC0005F72656C65617365000000002F55736566
:102ED00072732F7A6170702F6465762F7069636FDB
:102EE0002F7069636F2D6578747261732F737263CD
:102EF0002F7270325F636F6D6D6F6E2F7069636FCD
:102F00005F7363616E766964656F5F6470692F7368
:102F100063616E766964656F2E630000217368617A
:102F20007265645F73746174652E646D612E646D87
:102F3000615F636F6D706C6574696F6E5F737461F0
:102F4000746500004853796E637C5653796E630054
:102F500052656420302D3500477265656E20302D36
:102F600035000000426C756520302D3500000000F2
:102F700053797374656D20636C6F636B20282564CF
:102F800029206D75737420626520616E20696E74EE
:102F900065676572206D756C7469706C65206F660D
:102FA000207468652072657175657374656420703E
:102FB0006978656C20636C6F636B20282564292E0B
:102FC000000000006D61785F696E737472756374E0
:102FD000696F6E73203E3D2070726F6772616D2D58
:102FE0003E6C656E6774680053657474696E672023
:102FF000757020534D2025640A000000444D412087
:103000006368616E6E656C20256420697320616C55
:10301000726561647920636C61696D6564000000AC
:1030200070726F6772616D2D3E6C656E677468209B
:103030003C3D2050494F5F494E53545255435449EB
:103040004F4E5F434F554E54000000002F5573659F
:1030500072732F7A6170702F6465762F64633332D8
:103060005F6E6962626C65722F7069636F2D736445
:103070006B2F7372632F7270325F636F6D6D6F6E43
:103080002F68617264776172655F70696F2F706914
:103090006F2E63004E6F2070726F6772616D2073C8
:1030A000706163650000000050494F203120534D8E
:1030B00020282564202D20342920616C72656164EC
:1030C0007920636C61696D656400000050494F2090
:1030D0003020534D20256420616C72656164792035
:1030E000636C61696D6564002128286F706C2D3EEA
:1030F0007265675B307862645D203E3E2035292032
:1031000026203129000000002F55736572732F7A35
:103110006170702F6465762F646333325F6E69620D
:10312000626C65722F7270323034302D646F6F6D47
:103130002F6F706C2F656D75383935302E63000038
:103140006E73616D706C6573203C3D2073697A65A8
:103150006F66286C666F5F616D5F6275666665722B
:103160005F6C736C332900006F706C2D3E6F75744B
:103170005F73746570203D3D206F706C2D3E696EED
:10318000705F7374657000005741524E494E47207E
:1031900054494D455231204C4154434800000000F1
:1031A0005741524E494E472054494D455232204CCA
:1031B00041544348000000005741524E494E4720B9
:1031C0005345542043534D204D4F444500000000CB
:1031D0006964202626206964203C3D206F706C5F66
:1031E000686561702E6D61785F6E6F646573000055
:1031F0002F55736572732F7A6170702F6465762F07
:10320000646333325F6E6962626C65722F72703212
:103210003034302D646F6F6D2F6F706C2F6F706C4A
:103220005F7069636F2E630064617461207C7C2031
:1032300063616C6C6261636B203D3D205265737409
:10324000617274536F6E67002164617461207C7CCD
:103250002063616C6C6261636B203D3D2054726140
:10326000636B54696D657243616C6C6261636B0082
:103270005F7175657565203D3D20267175657565C5
:10328000000000005069636F00000000216D6F6254
:103290006A5F69735F737461746963286D6F626AD2
:1032A000290000002F55736572732F7A6170702F9B
:1032B0006465762F646333325F6E6962626C657237
:1032C0002F7270323034302D646F6F6D2F737263D4
:1032D0002F646F6F6D2F705F6D6F626A2E680000D4
:1032E000466F6C6C6F77204D6F6465204F4E000009
:1032F000466F6C6C6F77204D6F6465204F464600BB
:1033000047726964204F4E0047726964204F4646F9
:10331000000000004D61726B65642053706F740093
:103320002573202564000000416C6C204D61726B98
:103330007320436C6561726564000000665F6820FD
:103340003C3D204D41494E5F564945574845494708
:10335000485400002F55736572732F7A6170702F77
:103360006465762F646333325F6E6962626C657286
:103370002F7270323034302D646F6F6D2F73726323
:103380002F646F6F6D2F616D5F6D61702E63000034
:10339000696464740000000064656D6F2569000055
:1033A000205741524E494E473A20596F752061725D
:1033B0006520706C6179696E67207573696E67202E
:1033C0006F6E65206F662074686520446F6F6D2096
:1033D000436C61737369630A2049574144206669ED
:1033E0006C657320736869707065642077697468B0
:1033F0002074686520446F6F6D20333A2042464741
:103400002045646974696F6E2E2054686573652069
:103410006172650A206B6E6F776E20746F20626533
:1034200020696E636F6D70617469626C6520776985
:1034300074682074686520726567756C61722049D4
:103440005741442066696C657320616E640A206D83
:1034500061792063617573652064656D6F732061A8
:103460006E64206E6574776F726B2067616D657333
:1034700020746F20676574206F7574206F662073E9
:10348000796E632E00000000445F446F6F6D4C6FD7
:103490006F702829202D2053746172742047616D4C
:1034A00065204C6F6F700000445F446F6F6D4C6F10
:1034B0006F702829202D2047616D65206C6F6F701B
:1034C000207374617274696E670000005449544C33
:1034D000455049430000000064656D6F31000000F5
:1034E000435245444954000064656D6F320000004A
:1034F00048454C503200000064656D6F3300000099
:1035000064656D6F340000007469746C6570696384
:1035100000000000494E544552504943000000004D
:103520004D4150303100000045314D310000000068
:1035300045344D310000000045334D31000000009E
:10354000556E6B6E6F776E0054686520556C7469AC
:103550006D61746520444F4F4D000000444F4F4D46
:10356000205265676973746572656400444F4F4DFE
:10357000205368617265776172650000444F4F4D5A
:1035800020323A2048656C6C206F6E204561727461
:1035900068000000444F4F4D20323A20506C757443
:1035A0006F6E6961204578706572696D656E740033
:1035B000444F4F4D20323A20544E54202D20457612
:1035C000696C7574696F6E00456D756C6174696EB8
:1035D0006720746865206265686176696F72206F24
:1035E00066207468652027257327206578656375D4
:1035F0007461626C652E0A00454E444F4F4D0000C9
:10360000414E4421584F522044433332204E696288
:10361000626C657220332E362E3200005A5F496E7E
:1036200069743A20496E6974207A6F6E65206D6501
:103630006D6F727920616C6C6F636174696F6E205D
:103640006461656D6F6E2E20000000004D5F4C6F51
:10365000616444656661756C74733A204C6F616493
:103660002073797374656D2064656661756C74731D
:103670002E000000575F496E69743A20496E6974E4
:103680002057414466696C65732E000046524545DB
:10369000444F4F4D0000000046524545444D000048
:1036A000444D454E555049430000000020574152BB
:1036B0004E494E473A20596F752061726520706CF3
:1036C0006179696E67207573696E67206F6E65201A
:1036D0006F66207468652046726565646F6F6D2043
:1036E000495741440A2066696C65732C20776869E4
:1036F0006368206D69676874206E6F7420776F72DD
:103700006B20696E207468697320706F72742E204C
:10371000536565207468697320706167650A206667
:103720006F72206D6F726520696E666F726D617465
:10373000696F6E206F6E20686F7720746F20706CD9
:103740006179207573696E672046726565646F6F75
:103750006D3A0A20202068747470733A2F2F77779F
:10376000772E63686F636F6C6174652D646F6F6D26
:103770002E6F72672F77696B692F696E6465782E7B
:103780007068702F46726565646F6F6D0000000091
:10379000495F496E69743A2053657474696E672095
:1037A0007570206D616368696E65207374617465FE
:1037B0002E0000004D5F496E69743A20496E6974AD
:1037C000206D697363656C6C616E656F75732069DC
:1037D0006E666F2E00000000525F496E69743A20D9
:1037E000496E697420444F4F4D207265667265734F
:1037F00068206461656D6F6E202D20000A505F495E
:103800006E69743A20496E697420506C61796C6FEE
:103810006F702073746174652E000000535F496EF1
:1038200069743A2053657474696E672075702073EB
:103830006F756E642E00000048555F496E69743ADA
:103840002053657474696E672075702068656164C3
:103850007320757020646973706C61792E000000AC
:1038600053545F496E69743A20496E6974207374C9
:1038700061747573206261722E0000006D6170309A
:1038800031000000446F6F6D20312E363636000057
:10389000312E363636000000446F6F6D20312E37E2
:1038A0002F312E3761000000312E3700446F6F6DCD
:1038B00020312E3800000000312E3800446F6F6D2B
:1038C00020312E3900000000312E3900556C74690A
:1038D0006D61746520446F6F6D000000756C7469D4
:1038E0006D6174650000000046696E616C20446F74
:1038F0006F6D000066696E616C00000046696E6164
:103900006C20446F6F6D2028616C742900000000EA
:1039100066696E616C320000506C617965722031AD
:10392000206C656674207468652067616D650000B1
:103930004E4F54453A205475726E696E6720726519
:10394000736F6C7574696F6E20697320726564752E
:103950006365643B20746869732069732070726FBB
:103960006261626C79206265636175736520746859
:10397000657265206973206120636C69656E7420CF
:103980007265636F7264696E6720612056616E694B
:103990006C6C612064656D6F2E00000061726520A3
:1039A000796F75207375726520796F752077616EF8
:1039B0007420746F0A717569742074686973206764
:1039C000726561742067616D653F0000796F7520D5
:1039D00077616E7420746F20717569743F0A746822
:1039E000656E2C2074686F752068617374206C6F2D
:1039F000737420616E206569676874682100000037
:103A0000646F6E277420676F206E6F772C20746848
:103A100065726527732061200A64696D656E73693C
:103A20006F6E616C207368616D626C657220776186
:103A30006974696E670A61742074686520646F73C5
:103A40002070726F6D707421000000006765742033
:103A50006F75747461206865726520616E6420679B
:103A60006F206261636B0A746F20796F75722062D8
:103A70006F72696E672070726F6772616D732E006E
:103A800069662069207765726520796F757220629A
:103A90006F73732C20692764200A20646561746841
:103AA0006D6174636820796120696E2061206D69A1
:103AB0006E757465210000006C6F6F6B2C20627551
:103AC000642E20796F75206C65617665206E6F7746
:103AD0000A616E6420796F7520666F72666569741D
:103AE00020796F757220626F647920636F756E74D0
:103AF000210000006A757374206C656176652E2064
:103B00007768656E20796F7520636F6D650A6261F5
:103B1000636B2C2069276C6C206265207761697467
:103B2000696E6720776974682061206261742E0075
:103B3000796F75277265206C75636B7920692064D5
:103B40006F6E277420736D61636B0A796F752066E1
:103B50006F72207468696E6B696E672061626F7541
:103B600074206C656176696E672E0000706C65610B
:103B7000736520646F6E2774206C656176652C20F8
:103B800074686572652773206D6F72650A64656D70
:103B90006F6E7320746F20746F6173742100000066
:103BA0006C657427732062656174206974202D2D03
:103BB0002074686973206973207475726E696E670A
:103BC0000A696E746F206120626C6F6F6462617449
:103BD000682100006920776F756C646E2774206C13
:103BE0006561766520696620692077657265207950
:103BF0006F752E0A646F73206973206D756368207A
:103C0000776F7273652E0000796F75277265207467
:103C10007279696E6720746F2073617920796F758E
:103C2000206C696B6520646F730A626574746572D9
:103C3000207468616E206D652C2072696768743F1E
:103C400000000000646F6E2774206C65617665204B
:103C5000796574202D2D2074686572652773206145
:103C60000A64656D6F6E2061726F756E6420746892
:103C7000617420636F726E65722100007961206B40
:103C80006E6F772C206E6578742074696D6520796D
:103C90006F7520636F6D6520696E20686572650AB7
:103CA00069276D20676F6E6E6120746F6173742079
:103CB00079612E00676F20616865616420616E64C0
:103CC000206C656176652E207365652069662069C4
:103CD00020636172652E0000564943544F52593299
:103CE00000000000454E4450494300002F557365C5
:103CF00072732F7A6170702F6465762F646333322C
:103D00005F6E6962626C65722F7270323034302D72
:103D1000646F6F6D2F7372632F646F6F6D2F665FAB
:103D200066696E616C652E63000000005A4F4D425B
:103D300049454D414E00000053484F5447554E20D1
:103D400047555900484541565920574541504F4E17
:103D50002044554445000000494D50004C4F5354F9
:103D600020534F554C0000004341434F44454D4FB5
:103D70004E00000048454C4C204B4E4947485400EB
:103D80004241524F4E204F462048454C4C000000C7
:103D900041524143484E4F54524F4E005041494EBC
:103DA00020454C454D454E54414C0000524556452A
:103DB0004E414E54000000004D414E435542555374
:103DC00000000000415243482D56494C4500000078
:103DD00054484520535049444552204D4153544581
:103DE000524D494E44000000544845204359424535
:103DF0005244454D4F4E00004F5552204845524FBA
:103E000000000000464C4F4F52345F380000000065
:103E10004F6E636520796F752062656174207468E8
:103E200065206269672062616461737365732061F4
:103E30006E640A636C65616E206F757420746865CA
:103E4000206D6F6F6E206261736520796F752772C8
:103E50006520737570706F7365640A746F2077697D
:103E60006E2C206172656E277420796F753F20413A
:103E700072656E277420796F753F2057686572658B
:103E800027730A796F757220666174207265776195
:103E9000726420616E64207469636B657420686F5E
:103EA0006D653F20576861740A7468652068656CA9
:103EB0006C20697320746869733F204974277320EC
:103EC0006E6F7420737570706F73656420746F0A01
:103ED000656E64207468697320776179210A0A49E4
:103EE00074207374696E6B73206C696B6520726FDC
:103EF0007474656E206D6561742C20627574206C1D
:103F00006F6F6B730A6C696B6520746865206C6FEA
:103F10007374204465696D6F7320626173652E2030
:103F2000204C6F6F6B73206C696B650A796F752716
:103F3000726520737475636B206F6E205468652002
:103F400053686F726573206F662048656C6C2E0A2B
:103F5000546865206F6E6C7920776179206F757475
:103F6000206973207468726F7567682E0A0A546F2F
:103F700020636F6E74696E75652074686520444FA8
:103F80004F4D20657870657269656E63652C207091
:103F90006C61790A5468652053686F726573206F8D
:103FA000662048656C6C20616E64206974732061C2
:103FB0006D617A696E670A73657175656C2C20494D
:103FC0006E6665726E6F210A0000000053464C5207
:103FD000365F3100596F7527766520646F6E6520F6
:103FE0006974212054686520686964656F75732061
:103FF00063796265722D0A64656D6F6E206C6F72F5
:104000006420746861742072756C656420746865DE
:10401000206C6F7374204465696D6F730A6D6F6FE8
:104020006E206261736520686173206265656E2031
:10403000736C61696E20616E6420796F750A6172BC
:104040006520747269756D7068616E7421204275A7
:1040500074202E2E2E207768657265206172650AA5
:10406000796F753F20596F7520636C616D62657261
:1040700020746F207468652065646765206F662012
:104080007468650A6D6F6F6E20616E64206C6F6F6F
:104090006B20646F776E20746F2073656520746881
:1040A0006520617766756C0A74727574682E0A0AE9
:1040B0004465696D6F7320666C6F61747320616213
:1040C0006F76652048656C6C20697473656C662139
:1040D0000A596F75277665206E657665722068656A
:1040E000617264206F6620616E796F6E6520657302
:1040F000636170696E670A66726F6D2048656C6CEB
:104100002C2062757420796F75276C6C206D616B43
:1041100065207468652062617374617264730A73E8
:104120006F7272792074686579206576657220688F
:1041300065617264206F6620796F75212051756901
:10414000636B6C792C0A796F752072617070656C85
:1041500020646F776E20746F2020746865207375FB
:104160007266616365206F660A48656C6C2E0A0A88
:104170004E6F772C2069742773206F6E20746F2028
:104180007468652066696E616C206368617074652F
:1041900072206F660A444F4F4D21202D2D20496E0D
:1041A0006665726E6F2E00004D464C52385F3400CB
:1041B000546865206C6F617468736F6D65207370EF
:1041C0006964657264656D6F6E20746861740A6DF0
:1041D00061737465726D696E6465642074686520CE
:1041E000696E766173696F6E206F662074686520F2
:1041F0006D6F6F6E0A626173657320616E64206318
:10420000617573656420736F206D756368206465E4
:1042100061746820686173206861640A697473203E
:10422000617373206B69636B656420666F722061D4
:104230006C6C2074696D652E0A0A4120686964649B
:10424000656E20646F6F72776179206F70656E7331
:1042500020616E6420796F7520656E7465722E0A18
:10426000596F752776652070726F76656E20746F52
:104270006F20746F75676820666F722048656C6C7C
:1042800020746F0A636F6E7461696E2C20616E64B6
:10429000206E6F772048656C6C206174206C6173B0
:1042A0007420706C6179730A66616972202D2D200B
:1042B000666F7220796F7520656D6572676520661F
:1042C000726F6D2074686520646F6F720A746F205E
:1042D0007365652074686520677265656E20666920
:1042E000656C6473206F66204561727468210A48AA
:1042F0006F6D65206174206C6173742E0A0A596FAA
:104300007520776F6E6465722077686174277320FB
:104310006265656E2068617070656E696E67206F9A
:104320006E0A4561727468207768696C6520796FE0
:1043300075207765726520626174746C696E6720A0
:104340006576696C0A756E6C6561736865642E20AC
:104350004974277320676F6F642074686174206EDE
:104360006F2048656C6C2D0A737061776E20636FE7
:10437000756C64206861766520636F6D6520746874
:10438000726F75676820746861740A646F6F722059
:104390007769746820796F75202E2E2E000000003A
:1043A0004D464C52385F3300746865207370696401
:1043B0006572206D61737465726D696E64206D75D0
:1043C000737420686176652073656E7420666F7201
:1043D00074680A697473206C6567696F6E73206F07
:1043E000662068656C6C737061776E206265666FBD
:1043F000726520796F75720A66696E616C20636FF1
:104400006E66726F6E746174696F6E20776974681E
:104410002074686174207465727269626C650A62E6
:10442000656173742066726F6D2068656C6C2E20F8
:104430002062757420796F7520737465707065647F
:1044400020666F72776172640A616E642062726FB7
:104450007567687420666F72746820657465726E23
:10446000616C2064616D6E6174696F6E20616E6451
:104470000A737566666572696E672075706F6E2067
:1044800074686520686F72646520617320612074B0
:10449000727565206865726F0A776F756C64206944
:1044A0006E207468652066616365206F6620736F97
:1044B0006D657468696E6720736F206576696C2E10
:1044C0000A0A626573696465732C20736F6D656F8A
:1044D0006E652077617320676F6E6E612070617901
:1044E00020666F7220776861740A68617070656E0B
:1044F000656420746F2064616973792C20796F750D
:104500007220706574207261626269742E0A0A6298
:104510007574206E6F772C20796F75207365652018
:10452000737072656164206265666F726520796F71
:1045300075206D6F72650A706F74656E7469616C59
:10454000207061696E20616E6420676962626974BF
:104550007564652061732061206E6174696F6E0AF5
:104560006F662064656D6F6E732072756E20616D6D
:104570006F6B20616D6F6E67206F75722063697459
:104580006965732E0A0A6E6578742073746F702CD7
:104590002068656C6C206F6E206561727468210004
:1045A000534C494D45313600594F552048415645E9
:1045B00020454E544552454420444545504C5920D1
:1045C000494E544F2054484520494E464553544582
:1045D000440A53544152504F52542E2042555420B5
:1045E000534F4D455448494E472049532057524F49
:1045F0004E472E205448450A4D4F4E535445525372
:1046000020484156452042524F554748542054486F
:10461000454952204F574E205245414C4954590A62
:1046200057495448205448454D2C20414E4420546D
:1046300048452053544152504F525427532054451B
:1046400043484E4F4C4F47590A4953204245494E23
:104650004720535542564552544544204259205410
:10466000484549522050524553454E43452E0A0A6B
:1046700041484541442C20594F5520534545204140
:104680004E204F5554504F5354204F462048454CD0
:104690004C2C20410A464F52544946494544205A21
:1046A0004F4E452E20494620594F552043414E201C
:1046B00047455420504153542049542C0A594F55D2
:1046C0002043414E2050454E4554524154452049C7
:1046D0004E544F20544845204841554E544544209F
:1046E00048454152540A4F462054484520535441AE
:1046F000524241534520414E442046494E442054A5
:10470000484520434F4E54524F4C4C494E470A5354
:10471000574954434820574849434820484F4C4440
:1047200053204541525448275320504F50554C4137
:1047300054494F4E0A484F53544147452E000000FC
:1047400052524F434B313400594F55204841564542
:1047500020574F4E2120594F555220564943544F10
:1047600052592048415320454E41424C45440A4845
:10477000554D414E4B494E4420544F2045564143E0
:104780005541544520454152544820414E4420450E
:1047900053434150450A544845204E494748544DDB
:1047A0004152452E20204E4F5720594F55204152FF
:1047B0004520544845204F4E4C590A48554D414ECE
:1047C000204C454654204F4E2054484520464143F6
:1047D00045204F462054484520504C414E45542ECC
:1047E0000A43414E4E4942414C204D555441544993
:1047F0004F4E532C204341524E49564F524F555322
:1048000020414C49454E532C0A414E4420455649BF
:104810004C20535049524954532041524520594F3E
:104820005552204F4E4C59204E45494748424F5211
:10483000532E0A594F5520534954204241434B208F
:10484000414E44205741495420464F52204445414F
:1048500054482C20434F4E54454E540A544841541A
:1048600020594F5520484156452053415645442034
:10487000594F555220535045434945532E0A0A4239
:104880005554205448454E2C20454152544820430D
:104890004F4E54524F4C204245414D5320444F57A8
:1048A0004E20410A4D4553534147452046524F4DF6
:1048B0002053504143453A202253454E534F5253C3
:1048C0002048415645204C4F43415445440A5448E2
:1048D0004520534F55524345204F462054484520CC
:1048E000414C49454E20494E564153494F4E2E208A
:1048F000494620594F550A474F2054484552452CA8
:1049000020594F55204D41592042452041424C45A8
:1049100020544F20424C4F434B2054484549520AA3
:10492000454E5452592E202054484520414C49456B
:104930004E204241534520495320494E205448457A
:10494000204845415254204F460A594F5552204F56
:10495000574E20484F4D4520434954592C204E4F27
:1049600054204641522046524F4D205448450A5348
:10497000544152504F52542E2220534C4F574C59B1
:1049800020414E44205041494E46554C4C592059E7
:104990004F55204745540A555020414E442052451A
:1049A0005455524E20544F205448452046524159A8
:1049B0002E00000052524F434B303700594F5520C4
:1049C0004152452041542054484520434F525255AE
:1049D0005054204845415254204F462054484520C9
:1049E000434954592C0A535552524F554E4445444D
:1049F0002042592054484520434F5250534553209C
:104A00004F4620594F555220454E454D4945532E4E
:104A10000A594F5520534545204E4F2057415920A4
:104A2000544F2044455354524F5920544845204335
:104A30005245415455524553270A454E54525957F1
:104A40004159204F4E205448495320534944452C46
:104A500020534F20594F5520434C454E4348205931
:104A60004F55520A544545544820414E4420504C1D
:104A7000554E4745205448524F5547482049542EDB
:104A80000A0A5448455245204D555354204245206A
:104A9000412057415920544F20434C4F5345204902
:104AA00054204F4E205448450A4F544845522053F5
:104AB0004944452E205748415420444F20594F55D2
:104AC000204341524520494620594F552756450A13
:104AD000474F5420544F20474F205448524F55477A
:104AE000482048454C4C20544F2047455420544FB3
:104AF0002049543F0000000052524F434B313700D1
:104B000054484520484F5252454E444F5553205625
:104B10004953414745204F46205448452042494784
:104B2000474553540A44454D4F4E20594F5527563B
:104B3000452045564552205345454E204352554D3C
:104B4000424C4553204245464F52450A594F552C39
:104B500020414654455220594F552050554D502024
:104B6000594F555220524F434B45545320494E54B0
:104B70004F0A484953204558504F5345442042520C
:104B800041494E2E20544845204D4F4E53544552D6
:104B9000205348524956454C530A555020414E44E3
:104BA00020444945532C20495453205448524153E2
:104BB00048494E47204C494D42530A4445564153BB
:104BC000544154494E4720554E544F4C44204D4972
:104BD0004C4553204F462048454C4C27530A5355CB
:104BE00052464143452E0A0A594F552756452044FF
:104BF0004F4E452049542E2054484520494E564199
:104C000053494F4E204953204F5645522E0A454195
:104C10005254482049532053415645442E2048457C
:104C20004C4C204953204120575245434B2E20598C
:104C30004F550A574F4E444552205748455245203C
:104C400042414420464F4C4B532057494C4C20473F
:104C50004F205748454E20544845590A4449452C51
:104C6000204E4F572E20574950494E472054484513
:104C70002053574541542046524F4D20594F5552CD
:104C80000A464F52454845414420594F5520424518
:104C900047494E20544845204C4F4E4720545245DA
:104CA0004B204241434B0A484F4D452E205245422E
:104CB00055494C44494E47204541525448204F5590
:104CC00047485420544F20424520410A4C4F54201D
:104CD0004D4F52452046554E205448414E20525586
:104CE000494E494E47204954205741532E0A00004F
:104CF00052524F434B313300434F4E47524154556C
:104D00004C4154494F4E532C20594F55275645205E
:104D1000464F554E44205448452053454352455430
:104D20000A4C4556454C21204C4F4F4B53204C4983
:104D30004B452049542753204245454E2042554972
:104D40004C542042590A48554D414E532C20524153
:104D500054484552205448414E2044454D4F4E53EF
:104D60002E20594F5520574F4E4445520A57484F11
:104D70002054484520494E4D41544553204F46202C
:104D80005448495320434F524E4552204F462048E5
:104D9000454C4C0A57494C4C2042452E000000001F
:104DA00052524F434B313900434F4E4752415455B5
:104DB0004C4154494F4E532C20594F5527564520AE
:104DC000464F554E44205448450A535550455220AD
:104DD000534543524554204C4556454C21202059BB
:104DE0004F552744204245545445520A424C415A9B
:104DF00045205448524F5547482054484953204F66
:104E00004E45210A00000000596F7527766520661F
:104E10006F7567687420796F757220776179206F7C
:104E20007574206F662074686520696E666573749A
:104E300065640A6578706572696D656E74616C2071
:104E40006C6162732E2020204974207365656D7338
:104E5000207468617420554143206861730A6F6E45
:104E6000636520616761696E2067756C7065642099
:104E7000697420646F776E2E2020576974682074DF
:104E8000686569720A68696768207475726E6F7602
:104E900065722C206974206D7573742062652068BA
:104EA00061726420666F7220706F6F720A6F6C643B
:104EB0002055414320746F2062757920636F7270B2
:104EC0006F72617465206865616C746820696E73C7
:104ED0007572616E63650A6E6F7761646179732EB6
:104EE0002E0A0A4168656164206C696573207468E4
:104EF00065206D696C697461727920636F6D706C87
:104F000065782C206E6F770A737761726D696E67B2
:104F100020776974682064697365617365642068CB
:104F20006F72726F727320686F7420746F20676580
:104F3000740A746865697220746565746820696EA6
:104F4000746F20796F752E2057697468206C7563B3
:104F50006B2C207468650A636F6D706C65782073C4
:104F600074696C6C2068617320736F6D6520776164
:104F7000726C696B65206F72646E616E63650A6C3A
:104F80006179696E672061726F756E642E00000032
:104F9000596F752068656172207468652067726951
:104FA0006E64696E67206F66206865617679206D32
:104FB000616368696E6572790A61686561642E2053
:104FC00020596F75207375726520686F7065207445
:104FD000686579277265206E6F74207374616D70D7
:104FE000696E670A6F7574206E65772068656C6CF2
:104FF000737061776E2C2062757420796F752772DB
:105000006520726561647920746F0A7265616D2034
:105010006F757420612077686F6C652068657264B5
:1050200020696620796F75206861766520746F2E1F
:105030000A54686579206D6967687420626520701C
:105040006C616E6E696E67206120626C6F6F6420A8
:1050500066656173742C206275740A796F752066B9
:1050600065656C2061626F7574206173206D656188
:105070006E2061732074776F2074686F7573616E32
:10508000640A6D616E69616373207061636B65644E
:1050900020696E746F206F6E65206D6164206B698E
:1050A0006C6C65722E0A0A596F7520646F6E2774D6
:1050B00020706C616E20746F20676F20646F776E54
:1050C00020656173792E00005468652076697374D9
:1050D00061206F70656E696E67206168656164202C
:1050E0006C6F6F6B73207265616C2064616D6E0A0A
:1050F00066616D696C6961722E20536D656C6C73AD
:105100002066616D696C6961722C20746F6F202D4F
:105110002D206C696B650A66726965642065786329
:1051200072656D656E742E20596F75206469646EAA
:105130002774206C696B6520746869730A706C61F0
:105140006365206265666F72652C20616E642079EC
:105150006F7520737572652061732068656C6C20B3
:1051600061696E27740A706C616E6E696E67207477
:105170006F206C696B65206974206E6F772E2054E8
:105180006865206D6F726520796F750A62726F6F46
:1051900064206F6E2069742C20746865206D6164D2
:1051A00064657220796F75206765742E0A4865669C
:1051B00074696E6720796F75722067756E2C206137
:1051C0006E206576696C206772696E2074726963FF
:1051D0006B6C65730A6F6E746F20796F75722066E1
:1051E0006163652E2054696D6520746F2074616B56
:1051F0006520736F6D65206E616D65732E00000014
:1052000053756464656E6C792C20616C6C206973D5
:105210002073696C656E742C2066726F6D206F6EE2
:105220006520686F72697A6F6E0A746F20746865A2
:10523000206F746865722E205468652061676F6EF8
:10524000697A696E67206563686F206F66204865BC
:105250006C6C0A666164657320617761792C2074D7
:105260006865206E696768746D61726520736B791B
:10527000207475726E7320746F0A626C75652C20D1
:10528000746865206865617073206F66206D6F6E4D
:105290007374657220636F727073657320737461C9
:1052A0007274200A746F20657661706F7261746524
:1052B00020616C6F6E672077697468207468652060
:1052C0006576696C207374656E6368200A74686122
:1052D000742066696C6C656420746865206169720D
:1052E0002E204A65657A652C206D6179626520798A
:1052F0006F752776650A646F6E652069742E204885
:1053000061766520796F75207265616C6C792077A4
:105310006F6E3F0A0A536F6D657468696E6720721D
:10532000756D626C657320696E20746865206469B0
:105330007374616E63652E0A4120626C7565206C22
:105340006967687420626567696E7320746F20678F
:105350006C6F7720696E73696465207468650A7282
:1053600075696E656420736B756C6C206F66207454
:1053700068652064656D6F6E2D73706974746572F5
:105380002E00000057686174206E6F773F204C6FCD
:105390006F6B7320746F74616C6C792064696666DE
:1053A0006572656E742E204B696E640A6F66206CA0
:1053B000696B65204B696E67205475742773206391
:1053C0006F6E646F2E2057656C6C2C0A7768617461
:1053D00065766572277320686572652063616E2744
:1053E0007420626520616E7920776F7273650A742C
:1053F00068616E20757375616C2E2043616E206943
:10540000743F20204F72206D617962652069742796
:105410007320626573740A746F206C657420736CFA
:10542000656570696E6720676F6473206C69652EAF
:105430002E00000054696D6520666F722061207631
:1054400061636174696F6E2E20596F7527766520D0
:105450006275727374207468650A626F77656C7325
:10546000206F662068656C6C20616E642062792014
:10547000676F6C6C7920796F752772652072656132
:1054800064790A666F72206120627265616B2E20FA
:10549000596F75206D757474657220746F20796F03
:1054A000757273656C662C0A4D6179626520736F45
:1054B0006D656F6E6520656C73652063616E206B32
:1054C00069636B2048656C6C2773206173730A6E87
:1054D0006578742074696D652061726F756E642ED5
:1054E000204168656164206C696573206120717575
:1054F00069657420746F776E2C0A77697468207000
:105500006561636566756C20666C6F77696E672090
:1055100077617465722C20717561696E740A6275A9
:10552000696C64696E67732C20616E6420707265AB
:1055300073756D61626C79206E6F2048656C6C7359
:105540007061776E2E0A0A417320796F752073742B
:105550006570206F666620746865207472616E7372
:10556000706F72742C20796F7520686561720A748F
:1055700068652073746F6D70206F66206120637999
:1055800062657264656D6F6E27732069726F6E203D
:1055900073686F652E000000596F7520676C6F612E
:1055A00074206F7665722074686520737465616D10
:1055B000696E672063617263617373206F66207424
:1055C00068650A477561726469616E2E20205769AB
:1055D0007468206974732064656174682C20796F25
:1055E0007527766520777265737465640A746865DB
:1055F00020416363656C657261746F722066726FBF
:105600006D20746865207374696E6B696E672063C2
:105610006C6177730A6F662048656C6C2E20205988
:105620006F752072656C617820616E6420676C61B3
:105630006E63652061726F756E64207468650A72AE
:105640006F6F6D2E202044616D6E2120205468659F
:1056500072652077617320737570706F7365642055
:10566000746F2062652061740A6C65617374206FC9
:105670006E6520776F726B696E672070726F746FE2
:10568000747970652C2062757420796F7520636160
:105690006E27740A7365652069742E20546865202E
:1056A00064656D6F6E73206D7573742068617665C7
:1056B0002074616B656E2069742E0A0A596F75201B
:1056C0006D7573742066696E6420746865207072ED
:1056D0006F746F747970652C206F7220616C6C2010
:1056E000796F75720A7374727567676C657320776A
:1056F000696C6C2068617665206265656E207761F3
:10570000737465642E204B6565700A6D6F76696EE3
:10571000672C206B656570206669676874696E67C1
:105720002C206B656570206B696C6C696E672E0A46
:105730004F68207965732C206B656570206C6976E5
:10574000696E672C20746F6F2E0000004576656EC1
:105750002074686520646561646C792041726368B7
:105760002D56696C65206C61627972696E7468206F
:10577000636F756C640A6E6F742073746F70207938
:105780006F752C20616E6420796F752776652067B0
:105790006F7474656E20746F207468650A70726F20
:1057A000746F7479706520416363656C65726174B0
:1057B0006F7220776869636820697320736F6F6EFA
:1057C0000A656666696369656E746C7920616E64EA
:1057D000207065726D616E656E746C7920646561B0
:1057E00063746976617465642E0A0A596F7527724D
:1057F0006520676F6F642061742074686174206B2A
:10580000696E64206F66207468696E672E00000000
:10581000596F752776652062617368656420616ED3
:105820006420626174746572656420796F7572209A
:1058300077617920696E746F0A74686520686561A4
:105840007274206F662074686520646576696C2DBB
:10585000686976652E202054696D6520666F722018
:10586000610A5365617263682D616E642D446573CE
:1058700074726F79206D697373696F6E2C20616922
:105880006D6564206174207468650A476174656B96
:1058900065657065722C2077686F736520666F751B
:1058A0006C206F6666737072696E672069730A6335
:1058B0006173636164696E6720746F2045617274FF
:1058C000682E2020596561682C2068652773206246
:1058D00061642E204275740A796F75206B6E6F7744
:1058E0002077686F277320776F727365210A0A47E4
:1058F00072696E6E696E67206576696C6C792C20B2
:10590000796F7520636865636B20796F75722067A6
:105910006561722C20616E640A676574207265612E
:10592000647920746F2067697665207468652062E9
:105930006173746172642061206C6974746C652099
:1059400048656C6C0A6F6620796F7572206F776E90
:10595000206D616B696E672100000000546865204E
:10596000476174656B65657065722773206576693C
:105970006C20666163652069732073706C61747458
:10598000657265640A616C6C206F7665722074685C
:105990006520706C6163652E2020417320697473EB
:1059A00020746174746572656420636F72707365CE
:1059B0000A636F6C6C61707365732C20616E206973
:1059C0006E766572746564204761746520666F72D7
:1059D0006D7320616E640A7375636B7320646F77F7
:1059E0006E2074686520736861726473206F66202E
:1059F000746865206C6173740A70726F746F747967
:105A0000706520416363656C657261746F722C20F0
:105A10006E6F7420746F206D656E74696F6E207484
:105A200068650A6665772072656D61696E696E6783
:105A30002064656D6F6E732E2020596F7527726517
:105A400020646F6E652E2048656C6C0A6861732057
:105A5000676F6E65206261636B20746F20706F7575
:105A60006E64696E672062616420646561642066AB
:105A70006F6C6B73200A696E7374656164206F6666
:105A800020676F6F64206C697665206F6E65732E7A
:105A9000202052656D656D62657220746F0A7465B1
:105AA0006C6C20796F7572206772616E646B6964CB
:105AB0007320746F20707574206120726F636B6542
:105AC000740A6C61756E6368657220696E20796F07
:105AD000757220636F6666696E2E20496620796F45
:105AE0007520676F20746F2048656C6C0A77686555
:105AF0006E20796F75206469652C20796F75276C2D
:105B00006C206E65656420697420666F7220736F07
:105B10006D650A66696E616C20636C65616E696EA5
:105B2000672D7570202E2E2E00000000596F7527EE
:105B3000766520666F756E64207468652073656392
:105B40006F6E642D68617264657374206C65766530
:105B50006C2077650A676F742E20486F7065207916
:105B60006F752068617665206120736176656420B9
:105B700067616D652061206C6576656C206F720AC7
:105B800074776F2070726576696F75732E20204967
:105B900066206E6F742C2062652070726570617271
:105BA000656420746F206469650A61706C656E7449
:105BB000792E20466F72206D6173746572206D615D
:105BC00072696E6573206F6E6C792E004265746326
:105BD000686120776F6E6465726564206A7573749E
:105BE000207768617420574153207468652068618C
:105BF00072646573740A6C6576656C2077652068DD
:105C0000616420726561647920666F722079613FFA
:105C100020204E6F7720796F75206B6E6F772E0A7C
:105C20004E6F206F6E652067657473206F757420EA
:105C3000616C6976652E00002F55736572732F7A3B
:105C40006170702F6465762F646333325F6E6962B2
:105C5000626C65722F7270323034302D646F6F6DEC
:105C60002F7372632F7069636F2F2E2E2F646F6FE7
:105C70006D747970652E6800626F2D3E63757220B9
:105C80003C20626F2D3E656E640000002F557365E9
:105C900072732F7A6170702F6465762F646333326C
:105CA0005F6E6962626C65722F7270323034302DB3
:105CB000646F6F6D2F7372632F7069636F2F2E2E59
:105CC0002F74696E795F687566662E680000000043
:105CD000626F2D3E62697473202B206E203C3D2044
:105CE0003332000062697473203C20283175203CF7
:105CF0003C206E2900000000465F534B59310000E4
:105D00006D61703331000000475F446F5361766509
:105D100047616D652829205341564520434F4D501A
:105D20005245535345440000475F446F53617665C5
:105D300047616D65282920736176655F62756666C7
:105D400065723D3078253038782073697A653D2555
:105D5000640A0000475F446F5361766547616D6573
:105D6000282920646F6E652073657474696E6720DE
:105D7000757020627566666572000000475F446F4B
:105D80005361766547616D6528292077726974696A
:105D90006E672067616D65206865616465720000EB
:105DA000504C20415420253038780A00574F20416C
:105DB0005420253038780A0054482041542025309A
:105DC00038780A00535020415420253038780A0092
:105DD000534156452047414D452053495A452025BA
:105DE000640A0000475F446F5361766547616D65E3
:105DF0002829202D20736176696E6720746F2073C7
:105E00006C6F743A20256420617420307825303816
:105E1000780A00004E6F7420656E6F756768207396
:105E20007061636520746F20736176652067616DB2
:105E30006520746F20736C6F74202564000000006F
:105E4000546865726520776173206E6F7420656E8B
:105E50006F75676820737061636520746F2073616C
:105E60007665207468652067616D652E0A576F75C9
:105E70006C6420796F75206C696B6520746F20638A
:105E80006C656172207468697320736C6F74206133
:105E90006E640A2074727920736176696E6720617E
:105EA0006761696E20696E2061206469666665724B
:105EB000656E7420736C6F743F0A0A707265737339
:105EC0002079206F72206E2E0000000067616D65E2
:105ED0002073617665642E004C6F61642066616991
:105EE0006C65643A20696E76616C69642067616DE7
:105EF00065206F7220574144206D69736D61746332
:105F0000682E0000446F6F6D20312E39312064659A
:105F10006D6F20666F726D61740000006465636F61
:105F200064655F776F726473203D3D20696478001B
:105F30002F55736572732F7A6170702F6465762F99
:105F4000646333325F6E6962626C65722F727032A5
:105F50003034302D646F6F6D2F7372632F646F6FE9
:105F60006D2F675F67616D652E6300006368616E0A
:105F7000676573203C3D203136000000216C6F6E58
:105F8000677469637300000025732069732074755A
:105F900072626F21000000004E45542047414D457C
:105FA00000000000556E6B6E6F776E206C65766535
:105FB0006C0000006C6576656C20313A20656E746B
:105FC00072797761790000006C6576656C20323AF1
:105FD00020756E64657268616C6C73006C657665C3
:105FE0006C20333A207468652067616E746C657448
:105FF000000000006C6576656C20343A207468659A
:1060000020666F63757300006C6576656C20353AA9
:10601000207468652077617374652074756E6E6591
:106020006C7300006C6576656C20363A2074686588
:106030002063727573686572000000006C65766598
:106040006C20373A20646561642073696D706C65FB
:10605000000000006C6576656C20383A2074726927
:10606000636B7320616E6420747261707300000052
:106070006C6576656C20393A2074686520706974A7
:10608000000000006C6576656C2031303A20726546
:106090006675656C696E672062617365000000005B
:1060A0006C6576656C2031313A20276F27206F664A
:1060B000206465737472756374696F6E21000000EB
:1060C0006C6576656C2031323A20746865206661B3
:1060D00063746F72790000006C6576656C203133F3
:1060E0003A20646F776E746F776E00006C6576652A
:1060F0006C2031343A2074686520696E6D6F73745A
:106100002064656E730000006C6576656C20313527
:106110003A20696E647573747269616C207A6F6E6F
:10612000650000006C6576656C2031363A20737529
:1061300062757262730000006C6576656C203137A1
:106140003A2074656E656D656E7473006C65766576
:106150006C2031383A2074686520636F75727479E9
:10616000617264006C6576656C2031393A20746820
:1061700065206369746164656C0000006C65766518
:106180006C2032303A20676F746368612100000030
:106190006C6576656C2032313A206E697276616E7C
:1061A000610000006C6576656C2032323A207468BC
:1061B000652063617461636F6D6273006C65766501
:1061C0006C2032333A2062617272656C73206F27E3
:1061D0002066756E000000006C6576656C203234B8
:1061E0003A2074686520636861736D006C6576653C
:1061F0006C2032353A20626C6F6F6466616C6C7330
:10620000000000006C6576656C2032363A207468B8
:1062100065206162616E646F6E6564206D696E6594
:10622000730000006C6576656C2032373A206D6F24
:106230006E7374657220636F6E646F006C65766553
:106240006C2032383A207468652073706972697402
:1062500020776F726C6400006C6576656C20323953
:106260003A20746865206C6976696E6720656E6493
:10627000000000006C6576656C2033303A2069635D
:106280006F6E206F662073696E0000006C65766526
:106290006C2033313A20776F6C66656E7374656974
:1062A0006E0000006C6576656C2033323A206772B0
:1062B0006F737365000000006C6576656C20313A81
:1062C00020636F6E676F00006C6576656C20323AF4
:1062D0002077656C6C206F6620736F756C7300009F
:1062E0006C6576656C20333A20617A7465630000D2
:1062F0006C6576656C20343A2063616765640000E4
:106300006C6576656C20353A2067686F737420740D
:106310006F776E006C6576656C20363A206261722C
:106320006F6E2773206C6169720000006C65766582
:106330006C20373A20636175676874796172640014
:106340006C6576656C20383A207265616C6D000072
:106350006C6576656C20393A2061626174746F698E
:10636000726500006C6576656C2031303A206F6E86
:10637000736C6175676874006C6576656C2031318B
:106380003A2068756E746564000000006C6576657F
:106390006C2031323A207370656564006C657665F7
:1063A0006C2031333A207468652063727970740010
:1063B0006C6576656C2031343A2067656E6573696B
:1063C000730000006C6576656C2031353A20746886
:1063D00065207477696C6967687400006C65766520
:1063E0006C2031363A20746865206F6D656E000050
:1063F0006C6576656C2031373A20636F6D706F7510
:106400006E6400006C6576656C2031383A206E65EC
:1064100075726F7370686572650000006C657665F3
:106420006C2031393A206E6D650000006C65766530
:106430006C2032303A20746865206465617468208D
:10644000646F6D61696E00006C6576656C20323139
:106450003A20736C61796572000000006C657665A6
:106460006C2032323A20696D706F737369626C65AB
:10647000206D697373696F6E000000006C6576654E
:106480006C2032333A20746F6D6273746F6E6500E6
:106490006C6576656C2032343A20746865206669D4
:1064A0006E616C2066726F6E746965720000000028
:1064B0006C6576656C2032353A20746865207465A9
:1064C0006D706C65206F66206461726B6E657373AE
:1064D000000000006C6576656C2032363A206275EB
:1064E0006E6B6572000000006C6576656C2032375B
:1064F0003A20616E74692D636872697374000000DC
:106500006C6576656C2032383A2074686520736556
:1065100077657273000000006C6576656C20323917
:106520003A206F647973736579206F66206E6F69A6
:10653000736573006C6576656C2033303A2074683F
:10654000652067617465776179206F662068656C86
:106550006C0000006C6576656C2033313A206379FD
:1065600062657264656E00006C6576656C2033321E
:106570003A20676F20322069740000006C657665F0
:106580006C20313A2073797374656D20636F6E747B
:10659000726F6C006C6576656C20323A2068756DA0
:1065A000616E2062627100006C6576656C20333A22
:1065B00020706F77657220636F6E74726F6C00006D
:1065C0006C6576656C20343A20776F726D686F6CFD
:1065D000650000006C6576656C20353A2068616E58
:1065E000676572006C6576656C20363A206F706561
:1065F0006E20736561736F6E000000006C657665D8
:106600006C20373A20707269736F6E006C65766526
:106610006C20383A206D6574616C00006C6576659D
:106620006C20393A207374726F6E67686F6C640007
:106630006C6576656C2031303A20726564656D70EA
:1066400074696F6E000000006C6576656C203131F6
:106650003A2073746F7261676520666163696C6963
:10666000747900006C6576656C2031323A20637273
:1066700061746572000000006C6576656C203133D2
:106680003A206E756B6167652070726F6365737316
:10669000696E67006C6576656C2031343A207374DE
:1066A00065656C20776F726B730000006C657665B2
:1066B0006C2031353A2064656164207A6F6E650024
:1066C0006C6576656C2031363A206465657065735B
:1066D0007420726561636865730000006C6576659F
:1066E0006C2031373A2070726F63657373696E671F
:1066F00020617265610000006C6576656C20313840
:106700003A206D696C6C00006C6576656C203139DF
:106710003A207368697070696E672F726573706173
:10672000776E696E670000006C6576656C203230AC
:106730003A2063656E7472616C2070726F6365736A
:1067400073696E67000000006C6576656C203231FD
:106750003A2061646D696E697374726174696F6EF9
:106760002063656E746572006C6576656C203232EC
:106770003A20686162697461740000006C65766536
:106780006C2032333A206C756E6172206D696E69CF
:106790006E672070726F6A65637400006C65766561
:1067A0006C2032343A2071756172727900000000F9
:1067B0006C6576656C2032353A206261726F6E27A7
:1067C000732064656E0000006C6576656C2032365F
:1067D0003A2062616C6C6973747978006C657665D7
:1067E0006C2032373A206D6F756E74207061696E5F
:1067F000000000006C6576656C2032383A206865D0
:10680000636B00006C6576656C2032393A207269E2
:106810007665722073747978000000006C65766587
:106820006C2033303A206C6173742063616C6C00AF
:106830006C6576656C2033313A2070686172616FE7
:10684000680000006C6576656C2033323A20636125
:106850007269626265616E0045314D313A2048616E
:106860006E6761720000000045314D323A204E756E
:10687000636C65617220506C616E740045314D33FC
:106880003A20546F78696E20526566696E65727938
:106890000000000045314D343A20436F6D6D616E4C
:1068A0006420436F6E74726F6C00000045314D358B
:1068B0003A2050686F626F73204C616200000000E4
:1068C0004E45574C4556454C0000000045314D366D
:1068D0003A2043656E7472616C2050726F63657309
:1068E00073696E670000000045314D373A20436FF1
:1068F0006D70757465722053746174696F6E0000F9
:1069000045314D383A2050686F626F7320416E6F89
:106910006D616C790000000045314D393A204D69B8
:106920006C697461727920426173650045324D3142
:106930003A204465696D6F7320416E6F6D616C79AB
:106940000000000045324D323A20436F6E74616999
:106950006E6D656E742041726561000045324D3385
:106960003A20526566696E657279000045324D3491
:106970003A204465696D6F73204C6162000000002D
:1069800045324D353A20436F6D6D616E642043652D
:106990006E7465720000000045324D363A20486141
:1069A0006C6C73206F66207468652044616D6E6541
:1069B0006400000045324D373A20537061776E69AC
:1069C0006E6720566174730045324D383A20546F1B
:1069D000776572206F6620426162656C000000007E
:1069E00045324D393A20466F727472657373206F69
:1069F00066204D79737465727900000045334D311E
:106A00003A2048656C6C204B6565700045334D320B
:106A10003A20536C6F756768206F66204465737009
:106A20006169720045334D333A2050616E64656D83
:106A30006F6E69756D00000045334D343A20486F24
:106A4000757365206F66205061696E0045334D3562
:106A50003A20556E686F6C79204361746865647282
:106A6000616C000045334D363A204D742E2045723E
:106A7000656275730000000045334D373A204C695C
:106A80006D626F0045334D383A2044697300000051
:106A900045334D393A2057617272656E73000000BC
:106AA00045344D313A2048656C6C2042656E656115
:106AB0007468000045344D323A2050657266656353
:106AC00074204861747265640000000045344D33E1
:106AD0003A20536576657220546865205769636B68
:106AE0006564000045344D343A20556E72756C79FA
:106AF000204576696C00000045344D353A205468D5
:106B000065792057696C6C20526570656E74000061
:106B100045344D363A20416761696E73742054687C
:106B20006565205769636B65646C790045344D3742
:106B30003A20416E642048656C6C20466F6C6C6F27
:106B40007765640045344D383A20556E746F205493
:106B5000686520437275656C0000000045344D394E
:106B60003A20466561720000477265656E3A200002
:106B7000496E6469676F3A200000000042726F77C7
:106B80006E3A20005265643A200000004E6F00000B
:106B900049276D20726561647920746F206B696389
:106BA0006B2062757474210049276D204F4B2E00B5
:106BB00049276D206E6F74206C6F6F6B696E672054
:106BC000746F6F20676F6F642100000048656C7000
:106BD00021000000596F75207375636B2100000060
:106BE0004E6578742074696D652C207363756D62D1
:106BF00061672E2E2E000000436F6D652068657260
:106C00006521000049276C6C2074616B652063610D
:106C10007265206F662069742E000000596573004C
:106C20004D65737361676573204F46460000000031
:106C30004D65737361676573204F4E00656D7074A9
:106C40007920736C6F7400005F000000534156455B
:106C500047414D45000000000A287072657373209B
:106C60007920746F207175697420746F20646F735C
:106C70002E290000796F752063616E277420646F80
:106C8000206C6F6164207768696C6520696E206193
:106C9000206E65742067616D65210A0A70726573E4
:106CA000732061206B65792E00000000796F7520DC
:106CB00063616E27742073746172742061206E6545
:106CC000772067616D650A7768696C6520696E2059
:106CD00061206E6574776F726B2067616D652E0A37
:106CE0000A70726573732061206B65792E00000055
:106CF00074686973206973207468652073686172B1
:106D000065776172652076657273696F6E206F6654
:106D100020646F6F6D2E0A0A796F75206E65656449
:106D200020746F206F726465722074686520656ED0
:106D300074697265207472696C6F67792E0A0A70C3
:106D4000726573732061206B65792E006172652016
:106D5000796F75207375726520796F752077616E14
:106D60007420746F20656E64207468652067616D9F
:106D7000653F0A0A70726573732079206F72206E06
:106D80002E000000796F752063616E277420646F98
:106D90002074686973207768656E20616C72656124
:106DA000647920696E2061206E65742067616D656D
:106DB000210A0A70726573732061206B65792E0059
:106DC000796F752063616E27742073617665206921
:106DD0006620796F75206172656E277420706C6112
:106DE00079696E67210A0A70726573732061206B7E
:106DF00065792E00796F752063616E277420717537
:106E000069636B6C6F616420647572696E67206181
:106E1000206E657467616D65210A0A70726573730F
:106E20002061206B65792E00796F75206861766529
:106E30006E2774207069636B6564206120717569C9
:106E4000636B7361766520736C6F74207965742150
:106E50000A0A70726573732061206B65792E0000D9
:106E6000646F20796F752077616E7420746F207164
:106E70007569636B6C6F6164207468652067616D10
:106E800065206E616D65640A0A272573273F0A0A2B
:106E900070726573732079206F72206E2E0000006F
:106EA000717569636B73617665206F7665722079A1
:106EB0006F75722067616D65206E616D65640A0A89
:106EC000272573273F0A0A70726573732079206F34
:106ED00072206E2E00000000546865726520697390
:106EE000206E6F2067616D6520746F20636F6E6E1A
:106EF00065637420746F2E005468652067616D654A
:106F00002068617320616C726561647920737461BB
:106F1000727465642E000000546865206E65747795
:106F20006F726B2067616D65206973206E6F7420CE
:106F3000636F6D70617469626C6500007769746875
:106F400020796F757220574144206F7220636C69FD
:106F5000656E742E0000000025642E002573202825
:106F6000796F7529000000002028686F737429006C
:106F7000507265737320456E74657220746F207350
:106F8000746172742067616D6500000050726573F2
:106F9000732045534320746F2063616E63656C00FA
:106FA000444F4F4D4755590061726520796F7520E8
:106FB000737572653F207468697320736B696C6CBC
:106FC000206C6576656C0A69736E2774206576653A
:106FD0006E2072656D6F74656C7920666169722EC2
:106FE0000A0A70726573732079206F72206E2E000A
:106FF000596F75206E656564206120626C7565202F
:107000006B657920746F20616374697661746520A3
:1070100074686973206F626A65637400596F7520C4
:107020006E656564206120726564206B65792074EB
:107030006F20616374697661746520746869732078
:107040006F626A6563740000596F75206E656564D0
:1070500020612079656C6C6F77206B657920746F87
:107060002061637469766174652074686973206F48
:10707000626A656374000000596F75206E6565640F
:10708000206120626C7565206B657920746F206FBC
:1070900070656E207468697320646F6F7200000001
:1070A000596F75206E65656420612079656C6C6F21
:1070B00077206B657920746F206F70656E2074681F
:1070C000697320646F6F7200596F75206E65656417
:1070D000206120726564206B657920746F206F7069
:1070E000656E207468697320646F6F720000000021
:1070F00045565F566572746963616C446F6F723A8E
:1071000020547269656420746F20636C6F7365200E
:10711000736F6D657468696E672074686174207739
:1071200061736E2774206120646F6F722E000000FF
:10713000736F756E64626C6F636B73203C3D2031BE
:10714000000000002F55736572732F7A6170702FE5
:107150006465762F646333325F6E6962626C657258
:107160002F7270323034302D646F6F6D2F737263F5
:107170002F646F6F6D2F705F656E656D792E630084
:10718000212868202620534543544F5248454947FB
:1071900048545F5A45524F5F4D41534B2900000000
:1071A0002F55736572732F7A6170702F6465762F17
:1071B000646333325F6E6962626C65722F72703223
:1071C0003034302D646F6F6D2F7372632F646F6F67
:1071D0006D2F725F646566732E680000212864203D
:1071E0002620534543544F524845494748545F5A17
:1071F00045524F5F4D41534B290000005069636B6E
:107200006564207570207468652061726D6F722EE0
:10721000000000005069636B65642075702074681D
:1072200065204D65676141726D6F7221000000003D
:107230005069636B65642075702061206865616CBE
:10724000746820626F6E75732E0000005069636B66
:10725000656420757020616E2061726D6F722062AE
:107260006F6E75732E0000005375706572636861F0
:1072700072676521000000004D65676153706865A5
:10728000726521005069636B656420757020612010
:10729000626C7565206B6579636172642E00000015
:1072A0005069636B656420757020612079656C6C32
:1072B0006F77206B6579636172642E005069636B30
:1072C0006564207570206120726564206B65796348
:1072D0006172642E000000005069636B6564207564
:1072E00070206120626C756520736B756C6C206B0F
:1072F00065792E005069636B65642075702061208C
:1073000079656C6C6F7720736B756C6C206B65792D
:107310002E0000005069636B656420757020612049
:1073200072656420736B756C6C206B65792E000040
:107330005069636B65642075702061207374696D9A
:107340007061636B2E0000005069636B656420758B
:10735000702061206D6564696B6974207468617464
:1073600020796F75205245414C4C59206E656564FB
:10737000210000005069636B6564207570206120F6
:107380006D6564696B69742E00000000496E767546
:107390006C6E65726162696C69747921000000002D
:1073A0004265727365726B21000000005061727457
:1073B00069616C20496E7669736962696C69747978
:1073C00000000000526164696174696F6E20536847
:1073D00069656C64696E672053756974000000000C
:1073E000436F6D70757465722041726561204D61E7
:1073F000700000004C6967687420416D706C6966AC
:1074000069636174696F6E205669736F7200000062
:107410005069636B6564207570206120636C6970CE
:107420002E0000005069636B656420757020612038
:10743000626F78206F662062756C6C6574732E00C5
:107440005069636B6564207570206120726F636B97
:1074500065742E005069636B65642075702061202F
:10746000626F78206F6620726F636B6574732E0095
:107470005069636B656420757020616E20656E6570
:107480007267792063656C6C2E0000005069636B35
:10749000656420757020616E20656E657267792065
:1074A00063656C6C207061636B2E00005069636BC8
:1074B000656420757020342073686F7467756E2062
:1074C0007368656C6C732E005069636B656420751E
:1074D00070206120626F78206F662073686F746718
:1074E000756E207368656C6C732E00005069636B59
:1074F00065642075702061206261636B7061636BED
:107500002066756C6C206F6620616D6D6F210000C8
:10751000596F7520676F742074686520424647393B
:107520003030302120204F682C207965732E0000E8
:10753000596F7520676F742074686520636861698E
:107540006E67756E210000004120636861696E738B
:10755000617721202046696E6420736F6D65206D10
:107560006561742100000000596F7520676F7420F9
:1075700074686520726F636B6574206C61756E63EF
:107580006865722100000000596F7520676F7420D4
:1075900074686520706C61736D612067756E210081
:1075A000596F7520676F74207468652073686F74F5
:1075B00067756E2100000000596F7520676F742099
:1075C0007468652073757065722073686F74677571
:1075D0006E210000537065636869744F766572723E
:1075E000756E3A205761726E696E673A20756E61EA
:1075F000626C6520746F20656D756C617465616E79
:10760000206F76657272756E207768657265206E80
:10761000756D737065636869743D25690A000000C3
:10762000217468696E672D3E73705F626E65787451
:10763000000000002F55736572732F7A6170702FF0
:107640006465762F646333325F6E6962626C657263
:107650002F7270323034302D646F6F6D2F73726300
:107660002F646F6F6D2F705F6D617075746C2E631A
:1076700000000000534156452F45524153452025F7
:10768000303878202B20253034780A0020205752BB
:10769000495445202570202825702B253034782921
:1076A000202B202530347820617420257020282557
:1076B000702B25303478290A0000000041626F7574
:1076C0007420746F20736176652064697361626CE5
:1076D0006520696E746572727570747300000000C5
:1076E00057726974696E6720746F207069636F00E8
:1076F000526573746F726520696E747300000000C8
:107700006865696768740000666C6F6F727A000064
:107710006365696C696E677A00000000616E676C72
:107720006500000072616469757300006D6F6D78AB
:10773000000000006D6F6D79000000006D6F6D7AC4
:1077400000000000746963730000000073746174CA
:1077500065000000666C6167730000006865616C1D
:10776000746800006D6F76650000000072656163EB
:1077700074696F6E000000007468726573686F6CE6
:1077800064000000216D6F626A5F69735F737461EA
:107790007469632873747229000000002F557365A3
:1077A00072732F7A6170702F6465762F6463333241
:1077B0005F6E6962626C65722F7270323034302D88
:1077C000646F6F6D2F7372632F646F6F6D2F705FB7
:1077D00073617665672E6300666C6F6F72686569AA
:1077E000676874006365696C696E67686569676876
:1077F00074000000666C6F6F7270696300000000B7
:107800006365696C696E6770696300006C696768BD
:10781000746C6576656C0000216C696E655F7370D1
:10782000656369616C286C6929207C7C206C696EB9
:10783000655F7370656369616C286C6929203D3DE3
:10784000207768645F6C696E655F737065636961FA
:107850006C28286C69292900535041434520256430
:107860002C2072657175697265642025640A0000B8
:107870004E65656420746F206164642025702D3E20
:10788000257020282B25303478290A00736C6F74FA
:10789000735B6C6173745F736C6F745D2E64617481
:1078A0006100000066726F6D5F746F70202D20663E
:1078B000726F6D5F626F74746F6D203E20300000D8
:1078C0004E65656420746F206D6F76652025702D80
:1078D0003E257020282B253034782920746F2025F0
:1078E000702D3E25700A000042756666657220653F
:1078F00078697374732077726974696E6720666C37
:1079000061736820656C656D656E747300000000BE
:107910004E756B696E6720736C6F742025640A0066
:1079200057726974696E6720666C61736820636F53
:107930006D706C6574650000505F536176654761DA
:107940006D655772697465466C617368536C6F74CA
:1079500020446F6E650000002F55736572732F7A97
:107960006170702F6465762F646333325F6E696275
:10797000626C65722F7270323034302D646F6F6DAF
:107980002F7372632F646F6F6D2F705F73657475E3
:10799000702E63006E756D6C696E6573203E3D20C0
:1079A0006E756D736563746F727300006D61703016
:1079B000256900006D6170256900000069203C2088
:1079C000636F756E745F6F66287768645F7465783F
:1079D000747572657472616E736C6174696F6E290F
:1079E000000000002F55736572732F7A6170702F3D
:1079F0006465762F646333325F6E6962626C6572B0
:107A00002F7270323034302D646F6F6D2F7372634C
:107A10002F646F6F6D2F705F737065632E6300004E
:107A200069203C20636F756E745F6F6628776864A9
:107A30005F666C61747472616E736C6174696F6E91
:107A40002900000045565F446F446F6E75743A20FC
:107A50006C696E6564656620686164206E6F207372
:107A600065636F6E64207369646564656621205583
:107A70006E657870656374656420626568617669B7
:107A80006F72206D6179206F6363757220696E205B
:107A900056616E696C6C6120446F6F6D2E20000022
:107AA00045565F446F446F6E75743A205741524E8D
:107AB000494E473A20656D756C6174696E67206246
:107AC0007566666572206F76657272756E20647574
:107AD0006520746F204E554C4C206261636B20739F
:107AE0006563746F722E20556E657870656374657A
:107AF00064206265686176696F72206D6179206FBC
:107B00006363757220696E2056616E696C6C6120CA
:107B1000446F6F6D2E0000006C69202D206C696E23
:107B20006573203C203635353336000074696D6549
:107B3000203C2032353600002F55736572732F7A42
:107B40006170702F6465762F646333325F6E696293
:107B5000626C65722F7270323034302D646F6F6DCD
:107B60002F7372632F646F6F6D2F705F73776974FB
:107B700063682E6300000000212873697A6520265F
:107B8000203329002F55736572732F7A6170702F1F
:107B90006465762F646333325F6E6962626C65720E
:107BA0002F7270323034302D646F6F6D2F737263AB
:107BB0002F646F6F6D2F705F7469636B2E630000AD
:107BC0007468696E6B65725F6E6578742874686935
:107BD0006E6B65727461696C29203D3D2026746866
:107BE000696E6B657263617000000000736C6F7486
:107BF000203E3D203020262620736C6F74203C20D0
:107C0000380000007468696E6B65722D3E706F6F8E
:107C10006C5F696E666F20262030783800000000A7
:107C200074797065203C3D204D41585F5448494E61
:107C30004B45525F504F4F4C5300000021282A62A1
:107C40006974736574202620283175203C3C2073AC
:107C50006C6F74292900000066726F6E747365631F
:107C6000746F722D3E666C6F6F72706963203D3D5C
:107C700020736B79666C61746E756D207C7C202836
:107C8000666C6F6F72706C616E652D3E68656967BA
:107C90006874203D3D20736563746F725F666C6F1E
:107CA0006F726865696768742866726F6E74736551
:107CB00063746F722920262620666C6F6F72706C59
:107CC000616E652D3E7069636E756D203D3D206669
:107CD000726F6E74736563746F722D3E666C6F6F36
:107CE00072706963290000002F55736572732F7AD3
:107CF0006170702F6465762F646333325F6E6962E2
:107D0000626C65722F7270323034302D646F6F6D1B
:107D10002F7372632F646F6F6D2F725F6273702E9B
:107D20006300000066726F6E74736563746F722D0A
:107D30003E6365696C696E67706963203D3D2073C1
:107D40006B79666C61746E756D207C7C2028636530
:107D5000696C696E67706C616E652D3E68656967F8
:107D60006874203D3D20736563746F725F6365695D
:107D70006C696E676865696768742866726F6E748F
:107D8000736563746F7229202626206365696C69A8
:107D90006E67706C616E652D3E7069636E756D20E7
:107DA0003D3D2066726F6E74736563746F722D3E15
:107DB0006365696C696E6770696329006E756D5FD4
:107DC0006672616D656472617761626C6573203C97
:107DD000204D41585F4652414D455F445241574105
:107DE000424C4553000000002F55736572732F7A83
:107DF0006170702F6465762F646333325F6E6962E1
:107E0000626C65722F7270323034302D646F6F6D1A
:107E10002F7372632F646F6F6D2F725F6461746173
:107E20005F7768642E6300007768645F74657874B8
:107E3000757265735B736B79746578747572655D63
:107E40002E70617463685F636F756E74203D3D20B2
:107E5000310000005445585455524531000000008F
:107E60006E756D7465787475726573203E3D204E35
:107E7000554D5F5350454349414C5F544558545507
:107E800052455300465F535441525400465F454E9D
:107E9000440000006E756D666C617473203C3D207B
:107EA00032353600575F4C756D704C656E6774687F
:107EB000286669727374666C61742D3129203D3DAA
:107EC000204E554D5F5350454349414C5F464C4110
:107ED0005453202B206E756D666C61747300000026
:107EE000535F535441525400535F454E44000000C9
:107EF00034202A206E756D7370726974656C756DAF
:107F00007073203D3D20575F4C756D704C656E67FA
:107F100074682866697273747370726974656C75BD
:107F20006D702D3129000000505F535441525400B0
:107F3000434F4C4F524D415000000000696E646544
:107F400078203C206E756D6C696E657300000000D2
:107F50002F55736572732F7A6170702F6465762F59
:107F6000646333325F6E6962626C65722F72703265
:107F70003034302D646F6F6D2F7372632F646F6FA9
:107F80006D2F725F6D61696E2E630000696E6465AE
:107F900078203C206E756D736563746F727300009A
:107FA00074203C3D204C4153545F5357495443483F
:107FB0005F54455854555245000000006E6F726D75
:107FC000616C203D3D2074207C7C206E6F726D6161
:107FD0006C203D3D202874205E20312900000000E7
:107FE000636F6C203E3D3020262620636F6C203C62
:107FF00020323536000000002F55736572732F7ADA
:108000006170702F6465762F646333325F6E6962CE
:10801000626C65722F7270323034302D646F6F6D08
:108020002F7372632F646F6F6D2F725F6461746161
:108030002E6800006664000066645F6E756D203E09
:108040003D302026262066645F6E756D203C204DF5
:1080500041585F4652414D455F4452415741424C61
:108060004553000066642D3E7265616C5F69642053
:108070003E3D2030000000007768645F74657874CE
:10808000757265735B66642D3E7265616C5F6964D1
:108090005D2E776964746820213D20300000000067
:1080A00064635F736F757263652E7265616C5F697F
:1080B00064203E3D203000002F55736572732F7A87
:1080C0006170702F6465762F646333325F6E69620E
:1080D000626C65722F7270323034302D646F6F6D48
:1080E0002F7372632F646F6F6D2F725F7365677389
:1080F0002E630000706E203C207063006D69642068
:108100003E3D2030202626206D6964203C3D2076AF
:108110006965776865696768740000007968202B75
:108120002031203E3D2030202626207968202B203B
:1081300031203C3D20766965776865696768740021
:1081400066642D3E7265616C5F6964203C3D203041
:10815000000000002F55736572732F7A6170702FC5
:108160006465762F646333325F6E6962626C657238
:108170002F7270323034302D646F6F6D2F737263D5
:108180002F646F6F6D2F725F7468696E67732E63F3
:1081900000000000636F6C756D6E2E636F6C203E87
:1081A0003D3020262620636F6C756D6E2E636F6CDC
:1081B000203C2070617463685F776964746828701C
:1081C00061746368290000006E6578745F636F6C8A
:1081D000756D6E203C2070617463685F77696474AC
:1081E00068287061746368290000000073697A650B
:1081F000203E3D2031000000626173655F6F66665E
:10820000736574203C203235360000007365675F6B
:10821000636F756E74203C204D41585F5345475342
:1082200000000000645F257300000000696E646553
:1082300078203C204E554D5F534658002F557365AE
:1082400072732F7A6170702F6465762F6463333296
:108250005F6E6962626C65722F7270323034302DDD
:10826000646F6F6D2F7372632F646F6F6D2F736FF9
:10827000756E64732E6300004465677265656C6596
:1082800073736E657373204D6F6465204F6E0000CD
:108290004465677265656C6573736E657373204DB5
:1082A0006F6465204F666600416D6D6F20286E6FAC
:1082B000206B6579732920416464656400000000C7
:1082C0005665727920486170707920416D6D6F201C
:1082D00041646465640000004D7573696320436800
:1082E000616E676500000000494D504F535349428D
:1082F0004C452053454C454354494F4E0000000027
:108300004E6F20436C697070696E67204D6F6465B5
:10831000204F4E004E6F20436C697070696E67206D
:108320004D6F6465204F464600000000506F776532
:10833000722D757020546F67676C656400000000D3
:10834000696E56756C6E2C205374722C20496E76B3
:1083500069736F2C205261642C20416C6C6D6170CC
:108360002C206F72204C6974652D616D70000000C7
:108370002E2E2E20646F65736E2774207375636BC9
:10838000202D20474D000000616E673D3078257834
:108390003B782C793D28307825782C307825782941
:1083A000000000004368616E67696E67204C657667
:1083B000656C2E2E2E00000069646D79706F73005D
:1083C0006964636C65760000696463686F707065EA
:1083D0007273000069646265686F6C647600000007
:1083E00069646265686F6C6473000000696462654B
:1083F000686F6C646900000069646265686F6C6432
:108400007200000069646265686F6C64610000005E
:1084100069646265686F6C646C0000006964626521
:10842000686F6C64000000006964636C6970000030
:10843000696473706973706F706400006964666169
:108440000000000069646B6661000000696464718B
:108450006400000069646D757300000057494D4168
:1084600050256400436F756C64206E6F7420706CCF
:10847000616365207061746368206F6E206C65763F
:10848000656C202564000000736C6F74203D3D20F6
:1084900070617463685F68617368286865616465AA
:1084A000722D3E70617463685F6E756D2900000007
:1084B000696E742070617463685F6F66667365745B
:1084C0005F6F725F696E76657273655F736C6F74F0
:1084D00028696E74290000002F55736572732F7A16
:1084E0006170702F6465762F646333325F6E6962EA
:1084F000626C65722F7270323034302D646F6F6D24
:108500002F7372632F70645F72656E6465722E6381
:1085100070700000783E3D3020262620783C534382
:108520005245454E5749445448000000696E743125
:10853000365F7420616C6C6F635F70645F636F6C37
:10854000756D6E28696E74290000000072635F69A2
:108550006E646578203E3D2030000000766F6964CF
:1085600020667265655F70645F636F6C756D6E2801
:10857000696E7431365F7429000000006578697394
:1085800074696E675F696E646578203D3D202A706E
:108590007265765F6578697374696E675F7074720F
:1085A00000000000766F696420707573685F646F07
:1085B000776E5F785F6775747328696E742C2069B5
:1085C0006E7431365F74290021636F6C756D6E5F58
:1085D00069735F6E696C286E65775F636F6C2900E5
:1085E0002A707265765F6578697374696E675F700B
:1085F0007472203D3D202D310000000021636F6C1E
:10860000756D6E5F69735F6E696C286578697374E8
:10861000696E675F636F6C290000000063622E79EA
:108620006C203C3D2063622E79680000766F69649F
:1086300020707573685F646F776E5F785F66757AB8
:108640007A7928696E742C20696E7431365F7429CA
:108650000000000072656E6465725F636F6C735B2F
:1086600072635F696E6465785D2E796C203E3D2093
:10867000302026262072656E6465725F636F6C73AE
:108680005B72635F696E6465785D2E796C203C2057
:108690004D41494E5F564945574845494748542042
:1086A00026262072656E6465725F636F6C735B7201
:1086B000635F696E6465785D2E7968203E3D203089
:1086C0002026262072656E6465725F636F6C735B33
:1086D00072635F696E6465785D2E7968203C204D19
:1086E00041494E5F5649455748454947485400005F
:1086F000766F69642070645F6164645F636F6C753A
:108700006D6E2870645F636F6C756D6E5F747970E9
:1087100065290000212870645F666C61672026204F
:1087200032290000766F69642070645F6164645F61
:108730006D61736B65645F636F6C756D6E732875C7
:10874000696E74385F742A2C20696E7429000000E9
:1087500079735B315D203E3D2079735B305D0000B5
:1087600070645F636F6C756D6E20667261637320F9
:1087700073757270726973696E672025303878205E
:10878000253038780A00000079735B69202A20338D
:10879000202B20315D203E3D2079735B69202A200B
:1087A000335D0000766F69642070645F6164645FAC
:1087B000706C616E655F636F6C756D6E28696E7449
:1087C0002C20696E742C20696E742C206669786583
:1087D000645F742C20696E742C20696E742900000B
:1087E000424954204F56455252554E00766F6964A7
:1087F0002074685F66696C6C5F6279746528746860
:108800005F6269745F696E7075742A2900000000E8
:1088100075696E742074685F726561645F62697403
:10882000732874685F6269745F696E7075742A2C4E
:1088300020696E742900000075696E7431365F74AA
:108840002074685F6465636F64655F7461626C6502
:108850005F7370656369616C5F31362874685F644B
:1088600065636F6465722C20636F6E737420756925
:108870006E74385F742A2C2074685F6269745F6953
:108880006E7075742A29000075696E74385F7420E3
:1088900074685F6465636F64655F7461626C655F73
:1088A0007370656369616C2874685F6465636F6485
:1088B00065722C20636F6E73742075696E74385FF7
:1088C000742A2C2074685F6269745F696E707574B5
:1088D0002A290000706F73203C20666C61745F640D
:1088E00065636F6465725F627566202B20636F75C8
:1088F0006E745F6F6628666C61745F6465636F6435
:1089000065725F627566290075696E74385F742AD6
:10891000206465636F64655F666C61745F746F5F2C
:10892000736C6F7428696E742C20696E7429000052
:108930007866203C202875696E7429207800000034
:108940006361636865645F666C61745F736C6F74A8
:1089500073000000766F696420666C7573685F76DB
:108960006973706C616E657328696E74385F742A00
:108970002C20696E742900006865616465722D3E63
:1089800070617463685F6E756D203D3D2070617429
:1089900063685F6E756D0000766F6964206765744B
:1089A0005F70617463685F6465636F646572286992
:1089B0006E742C2070617463685F6465636F6465B6
:1089C0005F696E666F2A2C20696E742C20696E7444
:1089D000290000002A6C61737420213D202D310094
:1089E000736C6F74203E3D3020262620736C6F74AC
:1089F000203C2050415443485F4445434F44455236
:108A00005F484153485F53495A450000706F7320D7
:108A10002D207064692E6465636F646572203C3D2F
:108A20002073706163655F6E6565646564202D20E9
:108A300050415443485F484153485F454E54525952
:108A40005F4845414445525F48574F5244530000E8
:108A5000706F73203C3D2070617463685F64656370
:108A60006F6465725F63697263756C61725F627572
:108A700066202B2070617463685F6465636F646552
:108A8000725F63697263756C61725F6275665F774E
:108A9000726974655F6C696D69740000706F732032
:108AA0003C3D2070617463685F6465636F646572E8
:108AB0005F63697263756C61725F627566202B20FB
:108AC00050415443485F4445434F4445525F4349F6
:108AD0005243554C41525F4255464645525F5349B9
:108AE0005A45202D2031000077203E2030202626B8
:108AF0002077203C3D2033323000000077203D3D80
:108B0000203332302026262068203D3D2032303070
:108B100000000000766F696420647261775F737093
:108B20006C61736828696E742C20696E742C2069DE
:108B30006E742C2075696E74385F742A2C20696EEF
:108B40007429000028636F6C5F6F6666736574201C
:108B500026203078666629203C207064692E7700D4
:108B600070203C2037000000746F70203C20626F42
:108B700074746F6D00000000766F69642064726128
:108B8000775F66756C6C73637265656E5F62616357
:108B90006B67726F756E6428696E742C20696E74D1
:108BA0002900000028746F70203C204D41494E5F21
:108BB0005649455748454947485420262620626F64
:108BC00074746F6D203C3D204D41494E5F564945C0
:108BD0005748454947485429207C7C2028746F70A9
:108BE000203E3D204D41494E5F5649455748454935
:108BF00047485420262620626F74746F6D203E20F3
:108C00004D41494E5F5649455748454947485429C3
:108C1000000000005046554231000000424F5353BF
:108C20004241434B000000006920213D202D3100CE
:108C3000766F696420647261775F636F6D706F73C4
:108C40006974655F636F6C756D6E7328696E742CE3
:108C500020696E7429000000636F6C203C2077004F
:108C6000706300006C696D6974203C3D20770000E2
:108C700072756E5F636F756E74203C205748445F59
:108C80004D41585F434F4C5F534547530000000030
:108C9000757365645F746869735F74696D65203CA2
:108CA0002031350072756E5F636F756E74203C3DC8
:108CB000205748445F4D41585F434F4C5F534547F1
:108CC0005300000072756E2E79202B2072756E2E67
:108CD000636F756E74203C3D203132380000000017
:108CE00070636F6C203C2070617463685F776964A7
:108CF0007468287064692E706174636829000000CC
:108D000028636F6C5F6F6666736574202620307809
:108D1000666629203C207700632E7465787475722E
:108D2000656D696420213D20544558545552454D88
:108D300049445F504C414E45000000007064692E6C
:108D400077203C3D205748445F50415443485F4D95
:108D500041585F574944544800000000766F6964E9
:108D600020647261775F70617463685F636F6C75B4
:108D70006D6E7328696E742C20696E742C20696E78
:108D80007431365F742A2C2075696E74385F742ACA
:108D90002C20696E74290000636F6C203C20706485
:108DA000692E770028636F6C5F6F66667365742643
:108DB00030786666293C7064692E7700707265763B
:108DC0003E3D300031203D3D2070203E3E203800A9
:108DD000703C370030203D3D20282A767020262028
:108DE00028283175203C3C20286269742929202DCF
:108DF0002031292900000000766F696420647261C7
:108E0000775F766973706C616E657328696E743113
:108E1000365F742900000000626974203C2038002D
:108E20002A7020213D20323535000000706C616EC3
:108E3000655F6E756D203C206E756D766973706C24
:108E4000616E6573000000002128282875696E7422
:108E50007074725F7429207029202620307833299D
:108E60000000000062697420213D203800000000ED
:108E700072656E6465725F636F6C5F636F756E744D
:108E8000203D3D2030000000766F69642070645FF3
:108E9000656E645F6672616D6528696E7429000095
:108EA000766F69642072655F736F72745F72656755
:108EB000756C61725F636F6C756D6E735F62795F05
:108EC00066645F6E756D282900000000796C203C97
:108ED0003D204D41494E5F56494557484549474811
:108EE00054000000766F696420647261775F667574
:108EF0007A7A5F636F6C756D6E73282900000000CD
:108F00007968203C3D204D41494E5F5649455748C0
:108F10004549474854000000504655423200000081
:108F2000706E756D0000000048454C503100000027
:108F300048454C500000000074685F66696C6C5FC7
:108F4000627974650000000074685F726561645F37
:108F5000626974730000000074685F726561645F29
:108F600073696D706C655F6465636F646572000042
:108F700074685F6372656174655F6465636F64657F
:108F8000725F31360000000074685F63726561745F
:108F9000655F6465636F646572000000008040C0B7
:108FA00020A060E0109050D030B070F0088848C821
:108FB00028A868E8189858D838B878F8048444C4C1
:108FC00024A464E4149454D434B474F40C8C4CCCC1
:108FD0002CAC6CEC1C9C5CDC3CBC7CFC028242C279
:108FE00022A262E2129252D232B272F20A8A4ACAC1
:108FF0002AAA6AEA1A9A5ADA3ABA7AFA068646C661
:1090000026A666E6169656D636B676F60E8E4ECE60
:109010002EAE6EEE1E9E5EDE3EBE7EFE018141C124
:1090200021A161E1119151D131B171F1098949C990
:1090300029A969E9199959D939B979F9058545C530
:1090400025A565E5159555D535B575F50D8D4DCD30
:109050002DAD6DED1D9D5DDD3DBD7DFD038343C3E8
:1090600023A363E3139353D333B373F30B8B4BCB30
:109070002BAB6BEB1B9B5BDB3BBB7BFB078747C7D0
:1090800027A767E7179757D737B777F70F8F4FCFD0
:109090002FAF6FEF1F9F5FDF3FBF7FFF74685F667B
:1090A000696C6C5F627974650000000074685F72BF
:1090B0006561645F626974730000000072656164D9
:1090C0005F6368616E6E656C5F6576656E745F6424
:1090D00065636F646572000074685F6465636F64E4
:1090E000655F7461626C655F7370656369616C0074
:1090F0006465636F64655F64617461007265616477
:109100005F7261775F706978656C735F6465636FC8
:109110006465725F6333000074685F66696C6C5FDE
:10912000627974650000000074685F726561645F55
:109130006269747300000000726561645F72617738
:109140005F706978656C735F6465636F64657200F6
:109150007415031001020000DC140310E414031062
:1091600003020000F414031014150310020200009F
:109170001C150310381503100003000044150310DC
:1091800098150310000000004C1503105C15031027
:1091900001020000681503107015031001020000A1
:1091A000801503109415031000030000A41503108C
:1091B000061A0010241A0010B21900101E1900100F
:1091C0008E17001080180010EC170010D218001035
:1091D00074685F6465636F646500000074685F664F
:1091E000696C6C5F627974650000000074685F727E
:1091F0006561645F62697473000000006D75737867
:109200005F7265636F72645F6E6F74655F6F6666D1
:10921000000000006D7573785F7265636F72645F44
:109220006E6F74655F6F6E007065656B5F65766508
:109230006E7400004D5553585F4C6F6164526177F6
:10924000000000004D4944495F49746572617465CE
:10925000547261636B000000002001070A0B5B5D24
:109260004043787B7E7F790002040507080A0B0CD7
:109270000E0F10121314151718191A1B1D1E1F207C
:1092800021222425262728292A2C2D2E2F30313241
:109290003334363738393A3B3C3D3E3F4041424318
:1092A00045464748494A4B4C4D4E4F5051525354F6
:1092B00055565758595A5B5C5D5E5F6061626364E6
:1092C00065666768696A6B6C6D6E6F7071727374D6
:1092D00075767778797A7B7C7D7E7F8081818283C9
:1092E0008485868788898A8B8C8D8E8F90919293C6
:1092F000949495969798999A9B9C9D9E9FA0A1A2C5
:10930000A3A3A4A5A6A7A8A9AAABACADAEAFAFB0C6
:10931000B1B2B3B4B5B6B7B8B9BABABBBCBDBEBFCB
:10932000C0C1C2C3C4C4C5C6C7C8C9CACBCCCDCDD1
:10933000CECFD0D1D2D3D4D5D6D6D7D8D9DADBDCDC
:10934000DDDEDEDFE0E1E2E3E4E5E6E6E7E8E9EAE8
:10935000EBECEDEDEEEFF0F1F2F3F4F5F5F6F7F8F6
:10936000F9FAFBFCFCFDFEFF0407090B0D0F1113BE
:109370001516181A1B1D1E202123242627282A2BE8
:109380002D2E2F30323334363738393B3C3D3E3F7B
:1093900041424344454648494A4B4C4D4E4F50523A
:1093A000535455565758595A5B5C5D5E5F60616215
:1093B0006465666768696A6B6C6D6E6F70717272F6
:1093C000737475767778797A7B7C7D7E7F808182F5
:1093D00083848585868788898A8B8C8D8E8F9090F3
:1093E000919293949596979899999A9B9C9D9E9FFC
:1093F000A0A0A1A2A3A4A5A6A6A7A8A9AAABACAC0D
:10940000ADAEAFB0B1B2B2B3B4B5B6B7B7B8B9BA22
:10941000BBBCBCBDBEBFC0C1C1C2C3C4C5C5C6C73D
:10942000C8C9C9CACBCCCDCECECFD0D1D2D2D3D45D
:10943000D5D5D6D7D8D9D9DADBDCDDDDDEDFE0E083
:10944000E1E2E3E4E4E5E6E7E7E8E9EAEBEBECEDAB
:10945000EEEEEFF0F1F1F2F3F4F4F5F6F7F7F8F9D8
:10946000FAFBFBFCFDFEFEFF080C101316181B1D7B
:109470001F22242628292B2D2F3132343537393A13
:109480003C3D3F404143444647484A4B4C4D4F507A
:10949000515254555657585A5B5C5D5E5F6062632B
:1094A0006465666768696A6B6C6D6E6F7071727304
:1094B0007475767778797A7B7C7D7E7F80818283F4
:1094C000848586878788898A8B8C8D8E8F8F9091F3
:1094D0009293949596969798999A9B9B9C9D9E9F04
:1094E000A0A0A1A2A3A4A5A5A6A7A8A9A9AAABAC20
:1094F000ADADAEAFB0B0B1B2B3B4B4B5B6B7B7B846
:10950000B9BABABBBCBDBDBEBFC0C0C1C2C3C3C473
:10951000C5C5C6C7C8C8C9CACACBCCCDCDCECFCFAA
:10952000D0D1D2D2D3D4D4D5D6D6D7D8D8D9DADBE5
:10953000DBDCDDDDDEDFDFE0E1E1E2E3E3E4E5E526
:10954000E6E7E7E8E9E9EAEBEBECEDEDEEEEEFF06C
:10955000F0F1F2F2F3F4F4F5F6F6F7F7F8F9F9FAB8
:10956000FBFBFCFDFDFEFEFF10171C2024272A2D0F
:1095700030323537393C3E4042444547494B4C4EEA
:10958000505153545657595A5C5D5E606162646530
:109590006667696A6B6C6D6E7071727374757677DD
:1095A00078797A7B7C7D7E808081828384858687C2
:1095B00088898A8B8C8D8E8F8F90919293949596BB
:1095C000969798999A9B9B9C9D9E9F9FA0A1A2A3D2
:1095D000A3A4A5A6A6A7A8A9A9AAABACACADAEAFFB
:1095E000AFB0B1B1B2B3B4B4B5B6B6B7B8B8B9BA32
:1095F000BBBBBCBDBDBEBFBFC0C1C1C2C3C3C4C471
:10960000C5C6C6C7C8C8C9CACACBCBCCCDCDCECFBC
:10961000CFD0D0D1D2D2D3D3D4D5D5D6D6D7D8D80F
:10962000D9D9DADBDBDCDCDDDDDEDFDFE0E0E1E168
:10963000E2E3E3E4E4E5E5E6E6E7E8E8E9E9EAEAC7
:10964000EBEBECECEDEDEEEFEFF0F0F1F1F2F2F32D
:10965000F3F4F4F5F5F6F6F7F7F8F8F9F9FAFAFB9A
:10966000FBFCFCFDFEFEFFFF00000000CC17050028
:10967000982F0A0063470F002E5F1400F976190037
:10968000C28E1E008BA6230053BE280019D62D00C3
:10969000DEED3200A1053800631D3D002335420098
:1096A000E04C47009C644C00557C51000B945600E4
:1096B000BFAB5B0070C360001EDB6500C8F26A00D0
:1096C000700A700013227500B4397A0050517F007F
:1096D000E96884007D8089000D988E0098AF930022
:1096E0001FC79800A1DE9D001EF6A200960DA800DF
:1096F0000925AD00773CB200DE53B700416BBC00DA
:109700009D82C100F399C60043B1CB008DC8D00043
:10971000D0DFD5000CF7DA00420EE0007025E5003E
:10972000983CEA00B853EF00D16AF400E281F900F6
:10973000EB98FE00ECAF0301E6C60801D6DD0D0193
:10974000BEF412019E0B180176221D01443922013C
:109750000A502701C6662C01787D3101209436011C
:10976000C0AA3B0156C14001E2D7450162EE4A0161
:10977000DA045001461B5501A8315A0100485F0127
:109780004C5E64018C746901C28A6E01ECA07301A5
:109790000CB778011ECD7D0126E3820120F98701F7
:1097A000100F8D01F2249201C83A970190509C014C
:1097B0004E66A101FC7BA6019E91AB0134A7B001CE
:1097C000BCBCB50134D2BA01A0E7BF01FEFCC401A4
:1097D0004E12CA019027CF01C43CD401E851D901EF
:1097E000FE66DE01047CE301FC90E801E6A5ED01E4
:1097F000BEBAF20188CFF70142E4FC01ECF80102A5
:10980000880D070210220C028C361102F44A16024F
:109810004C5F1B0294732002CC872502F49B2A0222
:1098200008B02F020CC43402FCD73902DCEB3E0234
:10983000A8FF43026413490210274E02A83A5302BC
:109840002C4E5802A0615D02007562024C886702CE
:10985000849B6C02ACAE7102BCC17602BCD47B02AC
:10986000A8E7800280FA8502440D8B02F41F900263
:109870008C32950214459A0284579F02E469A4022F
:10988000287CA9025C8EAE0278A0B30280B2B80236
:1098900074C4BD0250D6C20218E8C702C8F9CC028F
:1098A000640BD202E81CD702542EDC02AC3FE1026A
:1098B000EC50E6021462EB022473F0022084F502FD
:1098C0000495FA02CCA5FF0280B604031CC7090365
:1098D000A0D70E030CE8130360F8180398081E03C2
:1098E000BC182303C4282803B4382D038C48320342
:1098F00048583703EC673C0374774103E886460316
:109900003C964B0378A550039CB45503A4C35A035B
:1099100090D25F0364E164031CF06903B8FE6E0338
:109920003C0D7403A01B7903EC297E031C388303D0
:109930003046880328548D0300629203C06F97035A
:10994000647D9C03EC8AA1035498A603A0A5AB03F5
:10995000D0B2B003E4BFB503DCCCBA03B4D9BF03C3
:109960006CE6C4030CF3C90388FFCE03EC0BD403ED
:109970002C18D9035424DE035830E303403CE80399
:109980000848ED03B453F2033C5FF703A86AFC03F5
:10999000F875010420810604308C0B04189710041C
:1099A000E8A1150498AC1A0420B71F0490C1240440
:1099B000D8CB290400D62E0410E03304F8E938048B
:1099C000C0F33D0468FD4204E806480450104D040D
:1099D00090195204B0225704B02B5C0488346104FF
:1099E000403D6604D8456B04484E70049856750493
:1099F000C85E7A04D8667F04C06E840480768904C9
:109A0000207E8E04A0859304F88C980430949D04E5
:109A1000409BA20428A2A704F0A8AC0498AFB1040C
:109A200018B6B60470BCBB04A8C2C004B8C8C5044C
:109A3000A0CECA0468D4CF0408DAD40480DFD904E5
:109A4000D0E4DE0400EAE30408EFE804E8F3ED0400
:109A5000A0F8F20438FDF704A801FD04E8050205AA
:109A6000080A0705000E0C05D8111105801516050A
:109A700000191B05581C2005881F250598222A055A
:109A800078252F0530283405C02A3905282D3E05B4
:109A9000682F43058031480570334D053035520538
:109AA000C836570540385C0580396105A03A66051F
:109AB000983B6B05603C7005003D7505703D7A056F
:109AC000C03D7F05E03D8405D03D8905A03D8E0564
:109AD000403D9305B03C9805F83B9D05183BA20519
:109AE000083AA705D038AC056837B105D835B605B2
:109AF0001834BB052832C0051030C505D02DCA0565
:109B0000602BCF05C028D405F825D9050023DE0534
:109B1000D81FE305881CE8050819ED055815F2055E
:109B20007811F705700DFC0538090106D00406060A
:109B300038000B0678FB0F0688F6140660F119064C
:109B400010EC1E0690E62306E8E0280608DB2D064A
:109B5000F8D43206B8CE370650C83C06B0C141062C
:109B6000E0BA4606E8B34B06B8AC500658A5550611
:109B7000C89D5A0608965F06188E6406F885690621
:109B8000A07D6E0620757306686C780680637D067E
:109B9000685A82061851870698478C06F03D910650
:109BA00008349606F8299B06B01FA0063815A506AE
:109BB000880AAA06A8FFAE0698F4B30650E9B806CC
:109BC000D8DDBD0628D2C20648C6C70638BACC06BC
:109BD000F0ADD10670A1D606C094DB06D887E006AA
:109BE000C07AE506786DEA06F05FEF063852F406B3
:109BF0005044F9063036FE06D827030748190807EF
:109C0000880A0D0790FB110760EC160700DD1B07A3
:109C100068CD200798BD250790AD2A07589D2F07CE
:109C2000E88C3407387C3907586B3E07405A4307A5
:109C3000F848480770374D07B0255207C01357073B
:109C400090015C0730EF600798DC6507C0C96A07C0
:109C5000B8B66F0770A37407F88F7907407C7E074A
:109C60005068830730548807D03F8D07382B920700
:109C70006816970758019C0718ECA00798D6A50707
:109C8000E0C0AA07F0AAAF07C894B407607EB9077E
:109C9000C067BE07E850C307D839C8078822CD0778
:109CA000000BD20738F3D60738DBDB0700C3E00729
:109CB00088AAE507D891EA07F078EF07C85FF407AC
:109CC0006046F907C82CFE07F0120308D0F8070811
:109CD00080DE0C08F0C3110820A91608208E1B088E
:109CE000D072200850572508903B2A08A01F2F0843
:109CF00060033408F0E6380830CA3D0840AD420839
:109D000010904708A0724C080055510810375608AB
:109D1000F0185B0880FA5F08E0DB640800BD6908A2
:109D2000E09D6E08807E7308E05E7808003F7D0845
:109D3000E01E820890FE8608F0DD8B0810BD9008BA
:109D4000F09B9508A07A9A0800599F082037A4082C
:109D50001015A908B0F2AD0810D0B20840ADB70890
:109D6000208ABC08C066C1082043C608401FCB0833
:109D700020FBCF08C0D6D40820B2D908408DDE0819
:109D80002068E308B042E808101DED0820F7F1084C
:109D9000F0D0F60880AAFB08D0830009E05C050932
:109DA000B0350A09300E0F0980E6130980BE180984
:109DB00040961D09C06D2209F0442709F01B2C09AB
:109DC000A0F2300910C93509309F3A0920753F09C2
:109DD000C04A44092020490940F54D0910CA5209DA
:109DE000B09E570900735C0900476109D01A6609E3
:109DF00050EE6A0980C16F0980947409306779094F
:109E0000A0397E09C00B8309A0DD870940AF8C090A
:109E1000A0809109B051960970229B0900F39F0917
:109E200040C3A4093093A909E062AE095032B309D6
:109E30008001B80950D0BC09F09EC109406DC60927
:109E4000503BCB091009D00990D6D409C0A3D90939
:109E5000B070DE09503DE309B009E809C0D5EC094E
:109E600090A1F109206DF6096038FB095003000A42
:109E700000CE040A6098090A80620E0A502C130A68
:109E8000E0F5170A20BF1C0A2088210AD050260AB4
:109E900040192B0A50E12F0A30A9340AC070390A40
:109EA00000383E0AF0FE420AA0C5470A008C4C0A60
:109EB0002052510AF017560A80DD5A0AB0A25F0AF2
:109EC000A067640A502C690AB0F06D0AC0B4720A27
:109ED0008078770A003C7C0A30FF800A20C2850A1D
:109EE000B0848A0A00478F0A0009940AC0CA980AF7
:109EF000308C9D0A504DA20A200EA70AB0CEAB0AA4
:109F0000F08EB00AE04EB50A800EBA0AE0CDBE0A65
:109F1000E08CC30AA04BC80A100ACD0A40C8D10A77
:109F20001086D60AA043DB0AE000E00AD0BDE40AAE
:109F3000807AE90AD036EE0AE0F2F20A90AEF70A29
:109F4000006AFC0A2025010B00E0050B809A0A0B31
:109F5000B0540F0BA00E140B40C8180B80811D0BC2
:109F6000803A220B30F3260B90AB2B0BA063300B07
:109F7000701B350BE0D2390B008A3E0BE040430BDF
:109F800060F7470BA0AD4C0B8063510B2019560BAB
:109F900060CE5A0B60835F0B0038640B60EC680B7B
:109FA00070A06D0B2054720B9007770BB0BA7B0B2F
:109FB000706D800BF01F850B10D2890BF0838E0B18
:109FC0007035930BA0E6970B90979C0B2048A10B44
:109FD00060F8A50B50A8AA0BF057AF0B4007B40BC5
:109FE00040B6B80BF064BD0B5013C20B50C1C60B8A
:109FF000106FCB0B701CD00B80C9D40B4076D90BE3
:10A00000B022DE0BD0CEE20BA07AE70B1026EC0BD1
:10A0100040D1F00B107CF50B9026FA0BC0D0FE0B54
:10A02000907A030C2024080C50CD0C0C3076110CC7
:10A03000C01E160CF0C61A0CE06E1F0C7016240C15
:10A04000B0BD280CA0642D0C300B320C80B1360C46
:10A0500070573B0C10FD3F0C50A2440C4047490C7C
:10A06000E0EB4D0C3090520C3034570CD0D75B0CD9
:10A07000207B600C101E650CC0C0690C10636E0C58
:10A080000005730CB0A6770C00487C0CF0E8800C3F
:10A09000A089850CF0298A0CE0C98E0C9069930C7C
:10A0A000E008980CE0A79C0C8046A10CD0E4A50C1D
:10A0B000C082AA0C6020AF0CB0BDB30CB05AB80C73
:10A0C00050F7BC0C9093C10C802FC60C20CBCA0C4F
:10A0D0007066CF0C6001D40CF09BD80C3036DD0CD0
:10A0E00020D0E10CB069E60CF002EB0CD09BEF0C39
:10A0F0006034F40CA0CCF80C8064FD0C00FC010D65
:10A100003093060D102A0B0D90C00F0DB056140D94
:10A1100080EC180D00821D0D2017220DF0AB260DCE
:10A1200060402B0D70D42F0D3068340DA0FB380D1E
:10A13000B08E3D0D6021420DC0B3460DD0454B0D94
:10A1400070D74F0DD068540DC0F9580D708A5D0D51
:10A15000B01A620DA0AA660D403A6B0D70C96F0D62
:10A160006058740DE0E6780D10757D0DF002820DDB
:10A170007090860D901D8B0D50AA8F0DC036940DDA
:10A18000E0C2980DA04E9D0D00DAA10D0065A60D50
:10A19000B0EFAA0D007AAF0D0004B40DA08DB80D7C
:10A1A000E016BD0DC09FC10D5028C60D90B0CA0D60
:10A1B0006038CF0DE0BFD30D0047D80DD0CDDC0DFA
:10A1C0003054E10D50DAE50D0060EA0D60E5EE0D6A
:10A1D000606AF30D00EFF70D4073FC0D30F7000ED1
:10A1E000C07A050E00FE090ED0800E0E5003130E2D
:10A1F0007085170E40071C0EA088200EB009250E92
:10A20000608A290EB00A2E0EB08A320E500A370E1E
:10A2100090893B0E7008400EF086440E2005490ED2
:10A22000F0824D0E6000520E707D560E30FA5A0EBE
:10A2300080765F0E80F2630E206E680E60E96C0E11
:10A240004064710ED0DE750E00597A0EC0D27E0EBB
:10A25000304C830E50C5870E003E8C0E50B6900ECB
:10A26000502E950EE0A5990E201D9E0E0094A20E74
:10A27000800AA70EA080AB0E70F6AF0ED06BB40EA6
:10A28000E0E0B80E8055BD0ED0C9C10EC03DC60E6F
:10A2900050B1CA0E8024CF0E5097D30EC009D80EED
:10A2A000D07BDC0E90EDE00EE05EE50EE0CFE90E37
:10A2B0007040EE0EB0B0F20E8020F70E0090FB0E54
:10A2C00020FFFF0EE06D040F40DC080F304A0D0F39
:10A2D000D0B7110F1025160FF0911A0F70FE1E0F38
:10A2E000906A230F50D6270FB0412C0FB0AC300F1F
:10A2F0006017350FA081390F80EB3D0F0055420FDD
:10A3000020BE460FE0264B0F408F4F0F40F7530FF4
:10A31000E05E580F20C65C0F002D610F8093650F23
:10A32000A0F9690F505F6E0FB0C4720FB029770F9C
:10A33000508E7B0F80F27F0F6056840FD0B9880F4C
:10A34000F01C8D0FA07F910F00E2950FF0439A0F44
:10A3500080A59E0FB006A30F8067A70FF0C7AB0FB5
:10A360000028B00FB087B40F00E7B80FE045BD0F6D
:10A3700070A4C10F9002C60F5060CA0FB0BDCE0FBF
:10A38000B01AD30F5077D70F90D3DB0F702FE00F99
:10A39000E08AE40F00E6E80FB040ED0F009BF10FFC
:10A3A000F0F4F50F804EFA0FB0A7FE0F80000310F7
:10A3B000E0580710E0B00B1080081010C05F1410B8
:10A3C000A0B61810200D1D1040632110E0B8251014
:10A3D000400E2A1020632E10C0B73210E00B371049
:10A3E000A05F3B1000B33F1000064410A058481077
:10A3F000E0AA4C10C0FC5010404E5510409F591020
:10A4000000F05D104040621020906610A0DF6A10DE
:10A41000C02E6F10807D7310E0CB7710C0197C10B8
:10A420006067801080B4841060018910C04D8D1069
:10A43000C099911060E59510A0309A10607B9E1035
:10A44000E0C5A210E00FA710A059AB10E0A2AF101A
:10A45000C0EBB3104034B810607CBC1000C4C01016
:10A46000600BC5104052C910E098CD1000DFD1102C
:10A47000C024D610006ADA1000AFDE10A0F3E2109C
:10A48000C037E710807BEB10E0BEEF10E001F41066
:10A490008044F810C086FC1080C80011000A051125
:10A4A000004B0911A08B0D11E0CB1111A00B16115F
:10A4B000204B1A11208A1E11E0C8221120072711F3
:10A4C00000452B1160822F1180BF331120FC371102
:10A4D00060383C1160744011C0AF4411E0EA48118B
:10A4E000A0254D11E05F5111C099551140D359116C
:10A4F000600C5E1120456211607D661140B56A11E5
:10A50000E0EC6E1100247311A05A771100917B11B9
:10A51000E0C67F1160FC83118031881140668C1188
:10A52000A09A901180CE94110002991120359D11AE
:10A53000E067A111409AA51120CCA911C0FDAD1171
:10A54000E02EB211A05FB611E08FBA11E0BFBE11CC
:10A5500060EFC211801EC711404DCB11807BCF111F
:10A5600080A9D31100D7D7112004DC11E030E0110D
:10A57000205DE4112089E811A0B4EC11C0DFF011D6
:10A58000800AF511C034F911C05EFD114088011236
:10A5900060B1051200DA091260020E12402A12128E
:10A5A000C0511612E0781A12809F1E12E0C52212C6
:10A5B000C0EB261220112B1240362F12005B3312F3
:10A5C000407F371220A33B1280C63F12A0E94312FE
:10A5D000400C4812802E4C1260505012E071541200
:10A5E000E092581280B35C12C0D36012A0F36412E0
:10A5F0000013691200326D12A0507112E06E7512D4
:10A60000A08C791200AA7D1200C78112A0E38512E6
:10A61000E0FF8912A01B8E12003792120052961290
:10A62000806C9A12A0869E1260A0A212C0B9A612D7
:10A63000C0D2AA1240EBAE126003B312201BB712B5
:10A640006032BB124049BF12C05FC312E075C7122F
:10A65000808BCB12E0A0CF12C0B5D31220CAD71284
:10A6600040DEDB12E0F1DF122005E4120018E812F0
:10A67000602AEC12603CF012004EF412405FF812B7
:10A680000070FC12608000136090041300A0081397
:10A6900020AF0C13E0BD101340CC141320DA1813B4
:10A6A000A0E71C13C0F4201380012513E00D29132B
:10A6B000C0192D134025311340303513003B391399
:10A6C00040453D13204F4113805845138061491385
:10A6D000206A4D1360725113207A5513A0815913CB
:10A6E000A0885D13208F611340956513209B69132B
:10A6F00060A06D1360A57113E0A9751300AE791306
:10A70000C0B17D1300B58113E0B7851360BA89131A
:10A7100060BC8D1320BE911360BF951320C09913A8
:10A72000A0C09D13A0C0A11340C0A51360BFA91372
:10A7300040BEAD13A0BCB11380BAB51320B8B91395
:10A7400040B5BD1300B2C11340AEC51320AAC91352
:10A75000A0A5CD13C0A0D113609BD513C095D9136C
:10A76000808FDD130089E1130082E513A07AE913DD
:10A77000E072ED13A06AF1130062F5130059F913AA
:10A78000804FFD13C0450114603B0514C03009140F
:10A79000A0250D14201A1114400E1514E0011914EF
:10A7A00040F51C1400E8201480DA241480CC28140E
:10A7B00020BE2C1460AF301420A0341480903814C4
:10A7C00080803C1400704014205F4414E04D481415
:10A7D000403C4C14202A5014A0175414C0045814A0
:10A7E00060F15B14A0DD5F1480C96314E0B46714EA
:10A7F000E09F6B14808A6F14C0747314805E7714AA
:10A80000E0477B14E0307F146019831480018714C3
:10A8100040E98A1480D08E1460B79214E09D96149B
:10A8200000849A14A0699E14E04EA214A033A614CA
:10A830002018AA1420FCAD14A0DFB114E0C2B51496
:10A84000A0A5B9140088BD14E069C114604BC514FB
:10A85000802CC914400DCD1480EDD01460CDD414DB
:10A86000C0ACD814E08BDC14806AE014C048E41457
:10A870008026E814E003EC14E0E0EF1460BDF3146C
:10A88000A099F7144075FB14A050FF14802B0315FA
:10A890000006071520E00A15C0B90E150093121521
:10A8A000E06B161540441A15601C1E15E0F32115C7
:10A8B00020CB2515E0A1291540782D15204E311506
:10A8C000C0233515E0F8381580CD3C15E0A14015C2
:10A8D000C075441520494815401C4C15E0EE4F1535
:10A8E00020C15315E092571560645B1540355F1524
:10A8F000E005631500D66615C0A56A1520756E15AE
:10A900000044721580127615A0E0791540AE7D15D1
:10A91000807B811560488515E0148915E0E08C1571
:10A9200080AC9015A077941580429815E00C9C158A
:10A93000C0D69F1560A0A3158069A7152032AB155E
:10A9400080FAAE1560C2B215E089B615E050BA15AE
:10A950008017BE15C0DDC115A0A3C5150069C915B6
:10A96000002ECD15A0F2D015C0B6D415807AD8151A
:10A97000E03DDC15C000E01540C3E3156085E71538
:10A980002047EB156008EF1540C9F215C089F61590
:10A99000C049FA156009FE15A0C8011660870516A2
:10A9A000C0450916C0030D1640C11016607E14166E
:10A9B000203B181680F71B1660B31F16E06E231697
:10A9C000002A2716A0E42A16E09E2E16C05832163A
:10A9D0002012361620CB3916C0833D16003C411696
:10A9E000C0F3441620AB481620624C16A01850162F
:10A9F000C0CE531680845716C0395B16A0EE5E1683
:10AA000020A3621640576616E00A6A1620BE6D162D
:10AA1000007171166023751660D5781600877C1654
:10AA200020388016E0E883164099871640498B1637
:10AA3000C0F88E16E0A79216A0569616E0049A1655
:10AA4000C0B29D164060A116400DA51600BAA8160A
:10AA50002066AC160012B01660BDB3166068B7165B
:10AA60000013BB1640BDBE160067C2166010C616A6
:10AA700040B9C916C061CD16E009D116A0B1D416EF
:10AA8000E058D816E0FFDB1640A6DF16604CE31650
:10AA900000F2E6164097EA16203CEE1680E0F1162A
:10AAA0008084F5162028F91660CBFC16206E00175E
:10AAB0008010041760B2071700540B1720F50E170B
:10AAC000E09512172036161700D6191780751D1736
:10AAD000A014211740B324178051281760EF2B17BB
:10AAE000E08C2F17E029331780C63617C0623A175B
:10AAF00080FE3D17E0994117E034451780CF481795
:10AB0000A0694C1760035017C09C5317A035571706
:10AB100020CE5A1740665E1700FE611740956517F4
:10AB2000202C6917A0C26C17C058701760EE7317FD
:10AB3000A083771780187B17E0AC7E17E040821760
:10AB400080D48517C067891780FA8C17E08C90171E
:10AB5000E01E941780B09717A0419B1760D29E17F4
:10AB6000C062A217A0F2A5172082A9174011AD1745
:10AB700000A0B017402EB41740BCB717C049BB1790
:10AB8000C0D6BE178063C217C0EFC517807BC91738
:10AB90000007CD170092D017A01CD417E0A6D71736
:10ABA000C030DB1720BADE172043E217C0CBE51711
:10ABB000E053E917C0DBEC172063F01700EAF31746
:10ABC000A070F717C0F6FA17807CFE17E001021894
:10ABD000C0860518400B0918608F0C182013101838
:10ABE0008096131860191718E09B1A18001E1E187B
:10ABF000A09F2118E0202518C0A1281840222C1859
:10AC000040A22F180022331840A1361800203A180D
:10AC1000809E3D18801C4118209A441860174818DF
:10AC200040944B18A0104F18A08C5218400856188A
:10AC30006083591840FE5C18A0786018A0F2631871
:10AC4000206C671860E56A18205E6E1880D671184F
:10AC5000804E751800C67818203D7C18E0B37F1828
:10AC6000402A831840A08618C0158A18E08A8D18DB
:10AC7000A0FF9018E0739418E0E79718605B9B18AA
:10AC800080CE9E184041A21880B3A5186025A9184F
:10AC9000E096AC180008B018C078B31800E9B618F0
:10ACA000E058BA1860C8BD188037C11840A6C4184B
:10ACB0008014C8186082CB18E0EFCE18005DD2185F
:10ACC000A0C9D518E035D918C0A1DC18400DE0188E
:10ACD0006078E31800E3E618404DEA1820B7ED1855
:10ACE000A020F118A089F41860F2F718A05AFB18F8
:10ACF00080C2FE18E029021900910519A0F7081971
:10AD0000E05D0C19C0C30F1940291319408E1619A4
:10AD1000E0F2191940571D1900BB2019801E241993
:10AD2000A081271940E42A1980462E1960A83119FC
:10AD3000E0093519E06A381980CB3B19E02B3F193F
:10AD4000A08B421920EB4519404A4919E0A84C193B
:10AD5000200750190065531980C25619A01F5A19AF
:10AD6000407C5D1980D8601960346419E08F6719E0
:10AD700000EB6A19A0456E1900A07119E0F9741969
:10AD80006053781980AC7B1920057F19805D82198A
:10AD900060B58519E00C891900648C19C0BA8F1947
:10ADA000001193190067961980BC9919A0119D197B
:10ADB0006066A019C0BAA319A00EA7194062AA190B
:10ADC00060B5AD192008B119805AB41960ACB71933
:10ADD00000FEBA19204FBE1900A0C11960F0C419B5
:10ADE0006040C819E08FCB1920DFCE19002ED21990
:10ADF000607CD51960CAD8190018DC194065DF19C4
:10AE000000B2E21980FEE519804AE9194096EC1972
:10AE100080E1EF19602CF319C076F619E0C0F9193A
:10AE2000800AFD19E053001AC09C031A40E5061A77
:10AE3000602D0A1A20750D1A60BC101A6003141ACE
:10AE4000E049171A00901A1AC0D51D1A201B211AA2
:10AE50002060241AC0A4271AE0E82A1AC02C2E1A4F
:10AE60002070311A20B3341AC0F5371A00383B1A53
:10AE7000E0793E1A40BB411A60FC441A003D481A72
:10AE8000407D4B1A40BD4E1AC0FC511AC03B551AAA
:10AE9000807A581AE0B85B1AC0F65E1A6034621AFB
:10AEA0008071651A40AE681AA0EA6B1AA0266F1A64
:10AEB0004062721A809D751A40D8781AC0127C1AA6
:10AEC000C04C7F1A6086821AC0BF851AA0F8881A03
:10AED00020318C1A20698F1AE0A0921A40D8951A56
:10AEE000200F991AC0459C1AE07B9F1AA0B1A21AA4
:10AEF00000E7A51A201CA91AA050AC1AE084AF1ACA
:10AF0000C0B8B21A40ECB51A401FB91A0052BC1AA8
:10AF10004084BF1A20B6C21AC0E7C51AE018C91A81
:10AF2000A049CC1A007ACF1AE0A9D21A80D9D51A32
:10AF3000C008D91AA037DC1A0066DF1A0094E21A9A
:10AF4000C0C1E51A00EFE81AE01BEC1A6048EF1ADE
:10AF50008074F21A40A0F51AA0CBF81AA0F6FB1ADA
:10AF60004021FF1A804B021B4075051BC09E081B29
:10AF7000C0C70B1B80F00E1BC018121BA040151B76
:10AF80004068181B608F1B1B20B61E1B80DC211B1A
:10AF90008002251B2028281B604D2B1B20722E1B96
:10AFA000A096311BC0BA341B60DE371BC0013B1BAF
:10AFB000C0243E1B4047411B6069441B408B471B1C
:10AFC000A0AC4A1BA0CD4D1B60EE501BA00E541B25
:10AFD000802E571B004E5A1B206D5D1BE08B601BA3
:10AFE00040AA631B40C8661BE0E5691B20036D1B7C
:10AFF0000020701B803C731B8058761B4074791BAB
:10B00000A08F7C1BA0AA7F1B20C5821B60DF851B35
:10B0100040F9881BA0128C1BC02B8F1B6044921B15
:10B02000C05C951BA074981B408C9B1B60A39E1B4F
:10B0300020BAA11BA0D0A41BA0E6A71B60FCAA1BE2
:10B04000A011AE1B8026B11B203BB41B404FB71B89
:10B050000063BA1B8076BD1B8089C01B209CC31B6C
:10B0600060AEC61B60C0C91BE0D1CC1B00E3CF1B88
:10B07000E0F3D21B4004D61B4014D91BE023DC1B99
:10B080004033DF1B2042E21BA050E51BC05EE81BE3
:10B09000A06CEB1B007AEE1B0087F11BC093F41B26
:10B0A00000A0F71BE0ABFA1B80B7FD1BA0C2001C81
:10B0B00060CD031CE0D7061CE0E1091CA0EB0C1CD2
:10B0C000E0F40F1CE0FD121C6006161CA00E191CFB
:10B0D00060161C1CE01D1F1CE024221CA02B251C3C
:10B0E0000032281CE0372B1C803D2E1CC042311C36
:10B0F000A047341C004C371C20503A1CE0533D1C28
:10B100004057401C405A431CE05C461C205F491CD1
:10B1100000614C1C80624F1CA063521C8064551C53
:10B12000E064581CE0645B1CA0645E1CE063611C6E
:10B13000C062641C6061671C805F6A1C605D6D1C7E
:10B14000E05A701CE057731CA054761C0051791C07
:10B15000004D7C1CA0487F1CE043821CC03E851C27
:10B160004039881C60338B1C402D8E1CA026911CFE
:10B17000C01F941C6018971CC0109A1CA0089D1C2E
:10B180004000A01C80F7A21C60EEA51CC0E4A81C17
:10B19000E0DAAB1CC0D0AE1C20C6B11C20BBB41C76
:10B1A000C0AFB71C20A4BA1C0098BD1CA08BC01C4B
:10B1B000C07EC31CA071C61C2064C91C4056CC1C98
:10B1C0000048CF1C6039D21C602AD51C201BD81C1B
:10B1D000600BDB1C60FBDD1CE0EAE01C20DAE31CFA
:10B1E00000C9E61C80B7E91CA0A5EC1C6093EF1C0D
:10B1F000C080F21CC06DF51C805AF81CC046FB1CB8
:10B20000C032FE1C601E011D8009041D60F4061D75
:10B2100000DF091D20C90C1DE0B20F1D409C121D4E
:10B220006085151D206E181D80561B1D603E1E1D5D
:10B230002026211D600D241D40F4261DC0DA291D85
:10B2400000C12C1DE0A62F1D408C321D6071351DE4
:10B250002056381DA03A3B1DA01E3E1D6002411D18
:10B26000A0E5431DA0C8461D40AB491D808D4C1D67
:10B27000606F4F1DE050521D2032551DE012581DC9
:10B2800060F35A1D80D35D1D40B3601DA092631D05
:10B29000C071661D6050691DC02E6C1DC00C6F1DF5
:10B2A00060EA711DA0C7741D80A4771D20817A1DDE
:10B2B000405D7D1D2039801DA014831DC0EF851DBC
:10B2C00080CA881D00A58B1D007F8E1DC058911D52
:10B2D0002032941D200B971DE0E3991D20BC9C1D7E
:10B2E00020949F1DC06BA21D0043A51DE019A81D41
:10B2F00060F0AA1DA0C6AD1D609CB01DE071B31D1D
:10B300000047B61DE01BB91D40F0BB1D60C4BE1D4B
:10B310002098C11D806BC41D803EC71D2011CA1D11
:10B3200080E3CC1D80B5CF1D2087D21D6058D51D70
:10B330004029D81DE0F9DA1D20CADD1D009AE01D64
:10B340008069E31DA038E61D8007E91D00D6EB1DCE
:10B3500020A4EE1DE071F11D403FF41D600CF71DAF
:10B3600020D9F91D80A5FC1D8071FF1D403D021EE6
:10B37000A008051EA0D3071E409E0A1E80680D1E51
:10B380008032101E20FC121E60C5151E408E181E35
:10B39000E0561B1E001F1E1EE0E6201E80AE231E70
:10B3A000A075261E803C291E00032C1E20C92E1EBF
:10B3B000E08E311E6054341E8019371E40DE391E67
:10B3C000A0A23C1EC0663F1E802A421EE0ED441E25
:10B3D000E0B0471EA0734A1E00364D1E00F84F1EF7
:10B3E000A0B9521E007B551E003C581EA0FC5A1EE0
:10B3F000E0BC5D1EE07C601E803C631EC0FB651EE1
:10B40000A0BA681E40796B1E80376E1E60F5701EF4
:10B4100000B3731E2070761E002D791EA0E97B1EDE
:10B42000C0A57E1EA061811E201D841E40D8861EE0
:10B430002093891EA04D8C1EC0078F1EA0C1911E97
:10B44000007B941E4034971E00ED991E60A59C1E43
:10B45000805D9F1E6015A21EC0CCA41EE083A71EA7
:10B46000A03AAA1E00F1AC1E20A7AF1EE05CB21EDF
:10B470004012B51E60C7B71E207CBA1E8030BD1EAC
:10B4800080E4BF1E4098C21EA04BC51EA0FEC71E72
:10B4900060B1CA1EC063CD1EC015D01E80C7D21EAB
:10B4A000E078D51EE029D81E80DADA1EE08ADD1E9B
:10B4B000E03AE01EA0EAE21E009AE51E0049E81EFE
:10B4C000A0F7EA1E00A6ED1E0054F01EA001F31E18
:10B4D00000AFF51E005CF81EC008FB1E00B5FD1E87
:10B4E0000061001FC00C031F00B8051F0063081F88
:10B4F000C00D0B1F20B80D1F2062101FC00B131FA3
:10B5000020B5151F205E181FC0061B1F20AF1D1F72
:10B510002057201FE0FE221F20A6251F404D281F78
:10B52000E0F32A1F409A2D1F4040301F00E6321FD3
:10B53000608B351F6030381F00D53A1F60793D1F82
:10B54000801D401F20C1421FA064451FA007481F47
:10B5500060AA4A1FC04C4D1FE0EE4F1F8090521F43
:10B560000032551F00D3571FC0735A1F40145D1F70
:10B5700060B45F1F2054621F80F3641FA092671F96
:10B5800060316A1FE0CF6C1F006E6F1FE00B721FEF
:10B5900040A9741F8046771F40E3791FC07F7C1F3E
:10B5A000001C7F1FC0B7811F4053841F80EE861F81
:10B5B0006089891FE0238C1F20BE8E1F0058911FB9
:10B5C000A0F1931FE08A961FC023991F60BC9B1FA8
:10B5D000A0549E1F80ECA01F2084A31F801BA61FC9
:10B5E00080B2A81F2049AB1F60DFAD1F6075B01F80
:10B5F000200BB31F80A0B51F8035B81F40CABA1FEB
:10B60000A05EBD1FA0F2BF1F6086C21FE019C51F4C
:10B61000E0ACC71FC03FCA1F20D2CC1F4064CF1F61
:10B6200020F6D11FA087D41FC018D71FA0A9D91FEB
:10B63000203ADC1F60CADE1F405AE11FE0E9E31F29
:10B640002079E61F0008E91FA096EB1FE024EE1FFB
:10B65000E0B2F01F8040F31FE0CDF51FE05AF81F65
:10B66000A0E7FA1F0074FD1F0000002019004B0026
:10B670007D00AF00E200140146017801AB01DD015D
:10B680000F0242027402A602D8020B033D036F03AD
:10B69000A103D403060438046A049D04CF04010501
:10B6A000330566059805CA05FC052F066106930655
:10B6B000C506F8062A075C078E07C107F3072508A9
:10B6C00057088A08BC08EE08200953098509B709FC
:10B6D000E9091B0A4E0A800AB20AE40A170B490B51
:10B6E0007B0BAD0BDF0B120C440C760CA80CDB0CA7
:10B6F0000D0D3F0D710DA30DD50D080E3A0E6C0EFC
:10B700009E0ED00E030F350F670F990FCB0FFD0F55
:10B71000301062109410C610F8102A115D118F11AC
:10B72000C111F311251257128912BC12EE12201307
:10B7300052138413B613E8131A144D147F14B11462
:10B74000E314151547157915AB15DD150F164116C0
:10B750007416A616D8160A173C176E17A017D2171C
:10B760000418361868189A18CC18FE18301962197F
:10B770009419C619F8192A1A5C1A8E1AC01AF21AE4
:10B78000241B561B881BBA1BEC1B1E1C501C821C46
:10B79000B41CE61C181D4A1D7C1DAE1DE01D111EAB
:10B7A000431E751EA71ED91E0B1F3D1F6F1FA11F15
:10B7B000D31F0420362068209A20CC20FE20302180
:10B7C00061219321C521F72129225A228C22BE22F0
:10B7D000F022222353238523B723E9231B244C245F
:10B7E0007E24B024E224132545257725A825DA25D3
:10B7F0000C263E266F26A126D32604273627682747
:10B800009927CB27FD272E2860289228C328F528C2
:10B81000262958298A29BB29ED291E2A502A822A3D
:10B82000B32AE52A162B482B792BAB2BDC2B0E2CBD
:10B830003F2C712CA22CD42C052D372D682D9A2D40
:10B84000CB2DFD2D2E2E602E912EC22EF42E252FC7
:10B85000572F882FBA2FEB2F1C304E307F30B0304F
:10B86000E230133144317631A731D8310A323B32DC
:10B870006C329D32CF320033313362339433C5336F
:10B88000F633273459348A34BB34EC341D354F3504
:10B890008035B135E235133644367536A636D8369E
:10B8A00009373A376B379C37CD37FE372F3860383A
:10B8B0009138C238F338243955398639B739E839DF
:10B8C000193A4A3A7B3AAC3ADD3A0E3B3F3B6F3B82
:10B8D000A03BD13B023C333C643C953CC53CF63C30
:10B8E000273D583D893DBA3DEA3D1B3E4C3E7D3EDD
:10B8F000AD3EDE3E0F3F3F3F703FA13FD23F024093
:10B90000334064409440C540F5402641574187414B
:10B91000B841E84119424A427A42AB42DB420C4309
:10B920003C436D439D43CE43FE432F445F448F44CD
:10B93000C044F044214551458145B245E245134696
:10B9400043467346A446D446044734476547954763
:10B95000C547F547264856488648B648E748174938
:10B9600047497749A749D749074A384A684A984A10
:10B97000C84AF84A284B584B884BB84BE84B184CF0
:10B98000484C784CA84CD84C084D384D684D984DD3
:10B99000C84DF74D274E574E874EB74EE74E164FC0
:10B9A000464F764FA64FD64F0550355065509550AF
:10B9B000C450F450245153518351B351E2511252A7
:10B9C00041527152A152D05200532F535F538E53A4
:10B9D000BE53ED531D544C547C54AB54DB540A55A8
:10B9E000395569559855C855F755265656568556B2
:10B9F000B456E356135742577157A157D057FF57C4
:10BA00002E585D588C58BC58EB581A5949597859DA
:10BA1000A759D659055A345A635A925AC15AF05AFC
:10BA20001F5B4E5B7D5BAC5BDB5B0A5C395C685C1F
:10BA3000975CC65CF45C235D525D815DB05DDE5D4C
:10BA40000D5E3C5E6B5E995EC85EF75E255F545F7F
:10BA5000835FB15FE05F0F603D606C609A60C960BA
:10BA6000F760266154618361B161E0610E623D62FD
:10BA70006B629962C862F662256353638163B06347
:10BA8000DE630C643A6469649764C564F364216599
:10BA900050657E65AC65DA650866366664669266F2
:10BAA000C066EE661C674A677867A667D467026857
:10BAB00030685E688C68BA68E868166943697169BD
:10BAC0009F69CD69FB69286A566A846AB16ADF6A30
:10BAD0000D6B3A6B686B966BC36BF16B1E6C4C6CA9
:10BAE0007A6CA76CD56C026D306D5D6D8A6DB86D2A
:10BAF000E56D136E406E6D6E9B6EC86EF56E236FB6
:10BB0000506F7D6FAA6FD86F057032705F708C7048
:10BB1000BA70E770147141716E719B71C871F571E3
:10BB200022724F727C72A972D672037330735D7386
:10BB30008973B673E37310743D7469749674C37437
:10BB4000F0741C7549757675A275CF75FC752876ED
:10BB500055768176AE76DA760777337760778C77AD
:10BB6000B977E57712783E786A789778C378EF7876
:10BB70001C7948797479A079CD79F979257A517A47
:10BB80007D7AAA7AD67A027B2E7B5A7B867BB27B21
:10BB9000DE7B0A7C367C627C8E7CBA7CE67C117D06
:10BBA0003D7D697D957DC17DEC7D187E447E707EF6
:10BBB0009B7EC77EF37E1E7F4A7F767FA17FCD7FEF
:10BBC000F87F24804F807B80A680D280FD802981F1
:10BBD00054817F81AB81D68101822D8258828382FC
:10BBE000AE82DA82058330835B838683B183DC8314
:10BBF000078433845E848984B484DF840985348532
:10BC00005F858A85B585E0850B86368660868B865E
:10BC1000B686E1860B87368761878B87B687E18793
:10BC20000B88368860888B88B588E0880A893589D2
:10BC30005F898A89B489DE89098A338A5D8A888A1C
:10BC4000B28ADC8A068B318B5B8B858BAF8BD98B71
:10BC5000038C2D8C578C818CAB8CD58CFF8C298DD3
:10BC6000538D7D8DA78DD18DFB8D248E4E8E788E3C
:10BC7000A28ECB8EF58E1F8F498F728F9C8FC58FB2
:10BC8000EF8F199042906C909590BF90E890119131
:10BC90003B9164918E91B791E0910A9233925C92BC
:10BCA0008592AF92D89201932A9353937C93A59354
:10BCB000CE93F7932094499472949B94C494ED94FA
:10BCC00016953F9568959095B995E2950B963396A4
:10BCD0005C968596AD96D696FF962797509778975F
:10BCE000A197C997F2971A9843986B989398BC9824
:10BCF000E4980C9935995D998599AD99D699FE99F5
:10BD0000269A4E9A769A9E9AC69AEE9A169B3E9BD1
:10BD1000669B8E9BB69BDE9B069C2E9C559C7D9CB9
:10BD2000A59CCD9CF49C1C9D449D6C9D939DBB9DAE
:10BD3000E29D0A9E319E599E809EA89ECF9EF79EB0
:10BD40001E9F459F6D9F949FBB9FE39F0AA031A0BC
:10BD500058A07FA0A7A0CEA0F5A01CA143A16AA1D6
:10BD600091A1B8A1DFA106A22DA254A27BA2A1A2FB
:10BD7000C8A2EFA216A33CA363A38AA3B0A3D7A330
:10BD8000FEA324A44BA471A498A4BEA4E5A40BA56F
:10BD900032A558A57EA5A5A5CBA5F1A518A63EA6BA
:10BDA00064A68AA6B0A6D7A6FDA623A749A76FA713
:10BDB00095A7BBA7E1A707A82DA853A878A89EA878
:10BDC000C4A8EAA810A935A95BA981A9A6A9CCA9EC
:10BDD000F2A917AA3DAA62AA88AAADAAD3AAF8AA6C
:10BDE0001EAB43AB68AB8EABB3ABD8ABFDAB23ACF8
:10BDF00048AC6DAC92ACB7ACDCAC01AD26AD4BAD94
:10BE000070AD95ADBAADDFAD04AE29AE4EAE73AE3A
:10BE100097AEBCAEE1AE06AF2AAF4FAF73AF98AFEF
:10BE2000BDAFE1AF06B02AB04FB073B097B0BCB0B1
:10BE3000E0B004B129B14DB171B196B1BAB1DEB182
:10BE400002B226B24AB26EB292B2B6B2DAB2FEB262
:10BE500022B346B36AB38EB3B2B3D5B3F9B31DB44C
:10BE600041B464B488B4ACB4CFB4F3B416B53AB545
:10BE70005DB581B5A4B5C8B5EBB50EB632B655B64D
:10BE800078B69BB6BFB6E2B605B728B74BB76EB764
:10BE900091B7B4B7D7B7FAB71DB840B863B886B88A
:10BEA000A9B8CCB8EEB811B934B956B979B99CB9BA
:10BEB000BEB9E1B903BA26BA48BA6BBA8DBAB0BAFC
:10BEC000D2BAF4BA17BB39BB5BBB7EBBA0BBC2BB4B
:10BED000E4BB06BC28BC4ABC6DBC8FBCB1BCD2BCA8
:10BEE000F4BC16BD38BD5ABD7CBD9EBDBFBDE1BD15
:10BEF00003BE24BE46BE68BE89BEABBECCBEEEBE8F
:10BF00000FBF31BF52BF74BF95BFB6BFD8BFF9BF17
:10BF10001AC03BC05CC07EC09FC0C0C0E1C002C1AF
:10BF200023C144C165C186C1A7C1C8C1E8C109C256
:10BF30002AC24BC26BC28CC2ADC2CDC2EEC20FC30D
:10BF40002FC350C370C391C3B1C3D1C3F2C312C4D2
:10BF500032C453C473C493C4B3C4D3C4F4C414C5A7
:10BF600034C554C574C594C5B4C5D4C5F3C513C68A
:10BF700033C653C673C692C6B2C6D2C6F1C611C77F
:10BF800031C750C770C78FC7AFC7CEC7EEC70DC880
:10BF90002CC84CC86BC88AC8A9C8C9C8E8C807C992
:10BFA00026C945C964C983C9A2C9C1C9E0C9FFC9B5
:10BFB0001ECA3DCA5BCA7ACA99CAB8CAD6CAF5CAE5
:10BFC00014CB32CB51CB6FCB8ECBACCBCBCBE9CB25
:10BFD00007CC26CC44CC62CC81CC9FCCBDCCDBCC76
:10BFE000F9CC17CD36CD54CD72CD90CDADCDCBCDD6
:10BFF000E9CD07CE25CE43CE60CE7ECE9CCEBACE46
:10C00000D7CEF5CE12CF30CF4DCF6BCF88CFA6CFC6
:10C01000C3CFE0CFFECF1BD038D056D073D090D056
:10C02000ADD0CAD0E7D004D121D13ED15BD178D1F7
:10C0300095D1B2D1CFD1EBD108D225D242D25ED2A6
:10C040007BD297D2B4D2D1D2EDD20AD326D342D367
:10C050005FD37BD397D3B4D3D0D3ECD308D424D439
:10C0600041D45DD479D495D4B1D4CDD4E9D405D517
:10C0700020D53CD558D574D590D5ABD5C7D5E3D50B
:10C08000FED51AD635D651D66CD688D6A3D6BED60E
:10C09000DAD6F5D610D72CD747D762D77DD798D721
:10C0A000B3D7CED7EAD704D81FD83AD855D870D846
:10C0B0008BD8A6D8C1D8DBD8F6D811D92BD946D978
:10C0C00060D97BD995D9B0D9CAD9E5D9FFD919DAC0
:10C0D00034DA4EDA68DA82DA9DDAB7DAD1DAEBDA14
:10C0E00005DB1FDB39DB53DB6DDB87DBA1DBBADB79
:10C0F000D4DBEEDB08DC21DC3BDC54DC6EDC88DCF2
:10C10000A1DCBBDCD4DCEDDC07DD20DD39DD53DD7B
:10C110006CDD85DD9EDDB8DDD1DDEADD03DE1CDE14
:10C1200035DE4EDE67DE7FDE98DEB1DECADEE3DEC0
:10C13000FBDE14DF2DDF45DF5EDF76DF8FDFA7DF7D
:10C14000C0DFD8DFF1DF09E021E03AE052E06AE049
:10C1500082E09AE0B2E0CAE0E2E0FAE012E12AE12D
:10C1600042E15AE172E18AE1A2E1B9E1D1E1E9E11A
:10C1700000E218E22FE247E25EE276E28DE2A5E21B
:10C18000BCE2D3E2EBE202E319E330E347E35FE32F
:10C1900076E38DE3A4E3BBE3D2E3E9E3FFE316E454
:10C1A0002DE444E45BE471E488E49FE4B5E4CCE48A
:10C1B000E2E4F9E40FE526E53CE552E569E57FE5D3
:10C1C00095E5ABE5C2E5D8E5EEE504E61AE630E62E
:10C1D00046E65CE672E688E69EE6B3E6C9E6DFE69A
:10C1E000F5E60AE720E736E74BE761E776E78CE715
:10C1F000A1E7B6E7CCE7E1E7F6E70CE821E836E8A7
:10C200004BE860E875E88AE89FE8B4E8C9E8DEE84A
:10C21000F3E808E91DE931E946E95BE96FE984E9FA
:10C2200099E9ADE9C2E9D6E9EBE9FFE913EA28EAC1
:10C230003CEA50EA64EA79EA8DEAA1EAB5EAC9EA99
:10C24000DDEAF1EA05EB19EB2DEB41EB54EB68EB82
:10C250007CEB90EBA3EBB7EBCBEBDEEBF2EB05EC7F
:10C2600019EC2CEC3FEC53EC66EC79EC8CECA0EC8C
:10C27000B3ECC6ECD9ECECECFFEC12ED25ED38EDAF
:10C280004BED5EED71ED83ED96EDA9EDBBEDCEEDE1
:10C29000E1EDF3ED06EE18EE2BEE3DEE4FEE62EE25
:10C2A00074EE86EE99EEABEEBDEECFEEE1EEF3EE80
:10C2B00005EF17EF29EF3BEF4DEF5FEF71EF82EFE7
:10C2C00094EFA6EFB7EFC9EFDBEFECEFFEEF0FF067
:10C2D00021F032F043F055F066F077F089F09AF0F3
:10C2E000ABF0BCF0CDF0DEF0EFF000F111F122F197
:10C2F00033F144F154F165F176F187F197F1A8F14A
:10C30000B8F1C9F1D9F1EAF1FAF10BF21BF22BF213
:10C310003CF24CF25CF26CF27CF28CF29CF2ADF2EC
:10C32000BDF2CCF2DCF2ECF2FCF20CF31CF32BF3DA
:10C330003BF34BF35AF36AF379F389F398F3A8F3D9
:10C34000B7F3C7F3D6F3E5F3F5F304F413F422F4EB
:10C3500031F440F44FF45EF46DF47CF48BF49AF411
:10C36000A9F4B8F4C6F4D5F4E4F4F2F401F50FF549
:10C370001EF52CF53BF549F558F566F574F582F593
:10C3800091F59FF5ADF5BBF5C9F5D7F5E5F5F3F5F5
:10C3900001F60FF61DF62BF638F646F654F662F661
:10C3A0006FF67DF68AF698F6A5F6B3F6C0F6CEF6E9
:10C3B000DBF6E8F6F5F603F710F71DF72AF737F77F
:10C3C00044F751F75EF76BF778F785F792F79EF72A
:10C3D000ABF7B8F7C5F7D1F7DEF7EAF7F7F703F8E9
:10C3E00010F81CF828F835F841F84DF85AF866F8B6
:10C3F00072F87EF88AF896F8A2F8AEF8BAF8C6F89D
:10C40000D2F8DDF8E9F8F5F801F90CF918F923F993
:10C410002FF93BF946F951F95DF968F973F97FF99C
:10C420008AF995F9A0F9ABF9B7F9C2F9CDF9D8F9BC
:10C43000E3F9EDF9F8F903FA0EFA19FA23FA2EFAEC
:10C4400039FA43FA4EFA58FA63FA6DFA78FA82FA30
:10C450008CFA97FAA1FAABFAB5FAC0FACAFAD4FA8A
:10C46000DEFAE8FAF2FAFCFA05FB0FFB19FB23FBF4
:10C470002DFB36FB40FB4AFB53FB5DFB66FB70FB71
:10C4800079FB83FB8CFB95FB9EFBA8FBB1FBBAFB06
:10C49000C3FBCCFBD5FBDEFBE7FBF0FBF9FB02FCAF
:10C4A0000BFC14FC1CFC25FC2EFC36FC3FFC48FC61
:10C4B00050FC59FC61FC69FC72FC7AFC82FC8BFC30
:10C4C00093FC9BFCA3FCABFCB3FCBBFCC3FCCBFC14
:10C4D000D3FCDBFCE3FCEBFCF2FCFAFC02FD09FD07
:10C4E00011FD19FD20FD28FD2FFD36FD3EFD45FD0A
:10C4F0004CFD54FD5BFD62FD69FD70FD77FD7FFD28
:10C5000086FD8CFD93FD9AFDA1FDA8FDAFFDB5FD57
:10C51000BCFDC3FDC9FDD0FDD6FDDDFDE3FDEAFD9B
:10C52000F0FDF7FDFDFD03FE09FE10FE16FE1CFEEC
:10C5300022FE28FE2EFE34FE3AFE40FE46FE4BFE54
:10C5400051FE57FE5DFE62FE68FE6DFE73FE78FED4
:10C550007EFE83FE89FE8EFE93FE99FE9EFEA3FE66
:10C56000A8FEADFEB2FEB7FEBCFEC1FEC6FECBFE0F
:10C57000D0FED5FEDAFEDEFEE3FEE8FEECFEF1FEC6
:10C58000F6FEFAFEFFFE03FF07FF0CFF10FF14FF8D
:10C5900019FF1DFF21FF25FF29FF2DFF31FF35FF6B
:10C5A00039FF3DFF41FF45FF48FF4CFF50FF53FF60
:10C5B00057FF5BFF5EFF62FF65FF69FF6CFF6FFF68
:10C5C00073FF76FF79FF7CFF80FF83FF86FF89FF83
:10C5D0008CFF8FFF92FF95FF97FF9AFF9DFFA0FFB3
:10C5E000A2FFA5FFA8FFAAFFADFFAFFFB2FFB4FFF8
:10C5F000B7FFB9FFBBFFBEFFC0FFC2FFC4FFC6FF4E
:10C60000C8FFCAFFCCFFCEFFD0FFD2FFD4FFD6FFBA
:10C61000D8FFD9FFDBFFDDFFDEFFE0FFE1FFE3FF37
:10C62000E4FFE6FFE7FFE9FFEAFFEBFFECFFEEFFC9
:10C63000EFFFF0FFF1FFF2FFF3FFF4FFF5FFF6FF6E
:10C64000F7FFF7FFF8FFF9FFFAFFFAFFFBFFFBFF29
:10C65000FCFFFCFFFDFFFDFFFEFFFEFFFEFFFFFFF7
:10C66000FFFFFFFFFFFFFFFFFFFFFFFFFFFFFFFFDA
:10C67000FFFFFFFFFFFFFFFFFFFFFEFFFEFFFEFFCD
:10C68000FDFFFDFFFCFFFCFFFBFFFBFFFAFFFAFFD6
:10C69000F9FFF8FFF7FFF7FFF6FFF5FFF4FFF3FFF1
:10C6A000F2FFF1FFF0FFEFFFEEFFECFFEBFFEAFF21
:10C6B000E9FFE7FFE6FFE4FFE3FFE1FFE0FFDEFF66
:10C6C000DDFFDBFFD9FFD8FFD6FFD4FFD2FFD0FFBD
:10C6D000CEFFCCFFCAFFC8FFC6FFC4FFC2FFC0FF2A
:10C6E000BEFFBBFFB9FFB7FFB4FFB2FFAFFFADFFA7
:10C6F000AAFFA8FFA5FFA2FFA0FF9DFF9AFF97FF3B
:10C7000095FF92FF8FFF8CFF89FF86FF83FF80FFDD
:10C710007CFF79FF76FF73FF6FFF6CFF69FF65FF9A
:10C7200062FF5EFF5BFF57FF53FF50FF4CFF48FF68
:10C7300045FF41FF3DFF39FF35FF31FF2DFF29FF49
:10C7400025FF21FF1DFF19FF14FF10FF0CFF07FF3E
:10C7500003FFFFFEFAFEF6FEF1FEECFEE8FEE3FE4E
:10C76000DEFEDAFED5FED0FECBFEC6FEC1FEBCFE6E
:10C77000B7FEB2FEADFEA8FEA3FE9EFE99FE93FE9E
:10C780008EFE89FE83FE7EFE78FE73FE6DFE68FEE1
:10C7900062FE5DFE57FE51FE4BFE46FE40FE3AFE37
:10C7A00034FE2EFE28FE22FE1CFE16FE10FE09FEA2
:10C7B00003FEFDFDF7FDF0FDEAFDE3FDDDFDD6FD29
:10C7C000D0FDC9FDC3FDBCFDB5FDAFFDA8FDA1FDBC
:10C7D0009AFD93FD8CFD86FD7FFD77FD70FD69FD63
:10C7E00062FD5BFD54FD4CFD45FD3EFD36FD2FFD1C
:10C7F00028FD20FD19FD11FD09FD02FDFAFCF2FCEA
:10C80000EBFCE3FCDBFCD3FCCBFCC3FCBBFCB3FCD0
:10C81000ABFCA3FC9BFC93FC8BFC82FC7AFC72FCC3
:10C8200069FC61FC58FC50FC48FC3FFC36FC2EFCCB
:10C8300025FC1CFC14FC0BFC02FCF9FBF0FBE7FBE9
:10C84000DEFBD5FBCCFBC3FBBAFBB1FBA8FB9EFB1D
:10C8500095FB8CFB83FB79FB70FB66FB5DFB53FB5D
:10C860004AFB40FB36FB2DFB23FB19FB0FFB05FBB3
:10C87000FCFAF2FAE8FADEFAD4FACAFAC0FAB5FA21
:10C88000ABFAA1FA97FA8CFA82FA78FA6DFA63FA9F
:10C8900058FA4EFA43FA39FA2EFA23FA19FA0EFA2E
:10C8A00003FAF8F9EDF9E3F9D8F9CDF9C2F9B7F9D6
:10C8B000ABF9A0F995F98AF97FF973F968F95DF98F
:10C8C00051F946F93BF92FF923F918F90CF901F957
:10C8D000F5F8E9F8DDF8D2F8C6F8BAF8AEF8A2F83B
:10C8E00096F88AF87EF872F866F85AF84DF841F82A
:10C8F00035F828F81CF810F803F8F7F7EAF7DEF730
:10C90000D1F7C5F7B8F7ABF79EF792F785F778F749
:10C910006BF75EF751F744F737F72AF71DF710F773
:10C9200003F7F5F6E8F6DBF6CEF6C0F6B3F6A5F6B5
:10C9300098F68AF67DF66FF662F654F646F638F605
:10C940002BF61DF60FF601F6F3F5E5F5D7F5C9F56B
:10C95000BBF5ADF59FF591F582F574F566F558F5E3
:10C9600049F53BF52CF51EF50FF501F5F2F4E4F46D
:10C97000D5F4C6F4B8F4A9F49AF48BF47CF46DF40D
:10C980005EF44FF440F431F422F413F404F4F5F3BC
:10C99000E5F3D6F3C7F3B7F3A8F398F389F379F384
:10C9A0006AF35AF34BF33BF32BF31CF30CF3FCF257
:10C9B000ECF2DCF2CCF2BDF2ADF29CF28CF27CF245
:10C9C0006CF25CF24CF23CF22BF21BF20BF2FAF13D
:10C9D000EAF1D9F1C9F1B8F1A8F197F187F176F14F
:10C9E00065F154F144F133F122F111F100F1EFF06E
:10C9F000DEF0CDF0BCF0ABF09AF089F077F066F0A5
:10CA000055F043F032F021F00FF0FEEFECEFDBEFEA
:10CA1000C9EFB7EFA6EF94EF82EF71EF5FEF4DEF45
:10CA20003BEF29EF17EF05EFF3EEE1EECFEEBDEEB2
:10CA3000ABEE99EE86EE74EE62EE4FEE3DEE2BEE2F
:10CA400018EE06EEF3EDE1EDCEEDBBEDA9ED96EDC2
:10CA500083ED71ED5EED4BED38ED25ED12EDFFEC64
:10CA6000ECECD9ECC6ECB3ECA0EC8CEC79EC66EC1D
:10CA700053EC3FEC2CEC19EC05ECF2EBDEEBCBEBE2
:10CA8000B7EBA3EB90EB7CEB68EB54EB41EB2DEBBE
:10CA900019EB05EBF1EADDEAC9EAB5EAA1EA8DEAAC
:10CAA00079EA64EA50EA3CEA28EA13EAFFE9EBE9AA
:10CAB000D6E9C2E9ADE999E984E96FE95BE946E9BC
:10CAC00031E91DE908E9F3E8DEE8C9E8B4E89FE8E0
:10CAD0008AE875E860E84BE836E821E80CE8F6E714
:10CAE000E1E7CCE7B6E7A1E78CE776E761E74BE75C
:10CAF00036E720E70AE7F5E6DFE6C9E6B3E69EE6B5
:10CB000088E672E65CE646E630E61AE604E6EEE51E
:10CB1000D8E5C2E5ABE595E57FE569E552E53CE59D
:10CB200026E50FE5F9E4E2E4CCE4B5E49FE488E42B
:10CB300071E45BE444E42DE416E4FFE3E9E3D2E3CB
:10CB4000BBE3A4E38DE376E35FE347E330E319E37C
:10CB500002E3EBE2D3E2BCE2A5E28DE276E25EE242
:10CB600047E22FE218E200E2E9E1D1E1B9E1A2E116
:10CB70008AE172E15AE142E12AE112E1FAE0E2E0FF
:10CB8000CAE0B2E09AE082E06AE052E03AE021E0F6
:10CB900009E0F1DFD8DFC0DFA7DF8FDF76DF5EDF00
:10CBA00045DF2DDF14DFFBDEE3DECADEB1DE98DE1B
:10CBB0007FDE67DE4EDE35DE1CDE03DEEADDD1DD44
:10CBC000B8DD9EDD85DD6CDD53DD39DD20DD07DD83
:10CBD000EDDCD4DCBBDCA1DC88DC6EDC54DC3BDCD3
:10CBE00021DC08DCEEDBD4DBBADBA1DB87DB6DDB31
:10CBF00053DB39DB1FDB05DBEBDAD1DAB7DA9DDAA1
:10CC000082DA68DA4EDA34DA19DAFFD9E5D9CAD924
:10CC1000B0D995D97BD960D946D92BD911D9F6D8B5
:10CC2000DBD8C1D8A6D88BD870D855D83AD81FD859
:10CC300004D8EAD7CED7B3D798D77DD762D747D70E
:10CC40002CD710D7F5D6DAD6BED6A3D688D66CD6D2
:10CC500051D635D61AD6FED5E3D5C7D5ABD590D5A6
:10CC600074D558D53CD520D505D5E9D4CDD4B1D48B
:10CC700095D479D45DD441D424D408D4ECD3D0D382
:10CC8000B4D397D37BD35FD342D326D30AD3EDD289
:10CC9000D1D2B4D297D27BD25ED242D225D208D2A0
:10CCA000EBD1CFD1B2D195D178D15BD13ED121D1C9
:10CCB00004D1E7D0CAD0ADD090D073D056D038D000
:10CCC0001BD0FECFE0CFC3CFA6CF88CF6BCF4DCF49
:10CCD00030CF12CFF5CED7CEBACE9CCE7ECE60CEA0
:10CCE00043CE25CE07CEE9CDCBCDADCD90CD72CD07
:10CCF00054CD36CD17CDF9CCDBCCBDCC9FCC81CC7F
:10CD000062CC44CC26CC07CCE9CBCBCBACCB8ECB06
:10CD10006FCB51CB32CB14CBF5CAD6CAB8CA99CA9D
:10CD20007ACA5BCA3DCA1ECAFFC9E0C9C1C9A2C945
:10CD300083C964C945C926C907C9E8C8C9C8A9C8FB
:10CD40008AC86BC84CC82CC80DC8EEC7CEC7AFC7C1
:10CD50008FC770C750C731C711C7F1C6D2C6B2C698
:10CD600092C673C653C633C613C6F3C5D4C5B4C57D
:10CD700094C574C554C534C514C5F4C4D3C4B3C470
:10CD800093C473C453C432C412C4F2C3D1C3B1C375
:10CD900091C370C350C32FC30FC3EEC2CDC2ADC287
:10CDA0008CC26BC24BC22AC209C2E8C1C8C1A7C1AA
:10CDB00086C165C144C123C102C1E1C0C0C09FC0DA
:10CDC0007EC05CC03BC01AC0F9BFD8BFB6BF95BF1C
:10CDD00074BF52BF31BF0FBFEEBECCBEABBE89BE6B
:10CDE00068BE46BE24BE03BEE1BDBFBD9EBD7CBDC8
:10CDF0005ABD38BD16BDF4BCD2BCB0BC8FBC6DBC36
:10CE00004ABC28BC06BCE4BBC2BBA0BB7EBB5BBBB0
:10CE100039BB17BBF4BAD2BAB0BA8DBA6BBA48BA3A
:10CE200026BA03BAE1B9BEB99CB979B956B934B9D1
:10CE300011B9EEB8CCB8A9B886B863B840B81DB877
:10CE4000FAB7D7B7B4B791B76EB74BB728B705B72E
:10CE5000E2B6BFB69BB678B655B632B60EB6EBB5EF
:10CE6000C8B5A4B581B55DB53AB516B5F3B4CFB4C0
:10CE7000ACB488B464B441B41DB4F9B3D5B3B2B39F
:10CE80008EB36AB346B322B3FEB2DAB2B6B292B28E
:10CE90006EB24AB226B202B2DEB1BAB196B171B187
:10CEA0004DB129B104B1E0B0BCB097B073B04FB090
:10CEB0002AB006B0E1AFBDAF98AF73AF4FAF2AAFA6
:10CEC00006AFE1AEBCAE97AE73AE4EAE29AE04AEC9
:10CED000DFADBAAD95AD70AD4BAD26AD01ADDCACFF
:10CEE000B7AC92AC6DAC48AC23ACFDABD8ABB3AB3C
:10CEF0008EAB68AB43AB1EABF8AAD3AAADAA88AA87
:10CF000062AA3DAA17AAF2A9CCA9A6A981A95BA9E0
:10CF100035A910A9EAA8C4A89EA878A853A82DA846
:10CF200007A8E1A7BBA795A76FA749A723A7FDA6B9
:10CF3000D7A6B0A68AA664A63EA618A6F1A5CBA53C
:10CF4000A5A57EA558A532A50BA5E5A4BEA498A4C9
:10CF500071A44BA424A4FEA3D7A3B0A38AA363A364
:10CF60003CA316A3EFA2C8A2A1A27BA254A22DA209
:10CF700006A2DFA1B8A191A16AA143A11CA1F5A0BD
:10CF8000CEA0A7A080A058A031A00AA0E39FBB9F7D
:10CF9000949F6D9F459F1E9FF79ECF9EA89E809E4B
:10CFA000599E319E0A9EE29DBB9D939D6C9D449D22
:10CFB0001C9DF49CCD9CA59C7D9C559C2E9C069C08
:10CFC000DE9BB69B8E9B669B3E9B169BEE9AC69AFB
:10CFD0009E9A769A4E9A269AFE99D699AD998599F7
:10CFE0005D9935990C99E498BC9893986B984398FF
:10CFF0001A98F297C997A197789750972797FF9615
:10D00000D696AD9685965C9633960B96E295B99535
:10D01000909568953F951695ED94C4949B94729461
:10D0200049942094F793CE93A5937C9353932A939A
:10D030000193D892AF9285925C9233920A92E091DA
:10D04000B7918E9164913B911191E890BF9095902A
:10D050006C9042901990EF8FC58F9C8F728F498F83
:10D060001F8FF58ECC8EA28E788E4E8E248EFB8DE9
:10D07000D18DA78D7D8D538D298DFF8CD58CAB8C5B
:10D08000818C578C2D8C038CD98BAF8B858B5B8BD4
:10D09000318B068BDC8AB28A888A5D8A338A098A58
:10D0A000DE89B4898A895F8935890A89E088B588EB
:10D0B0008B88608836880B88E187B6878B87618785
:10D0C00036870B87E186B6868B86608636860B862A
:10D0D000E085B5858A855F8534850985DF84B484DC
:10D0E00089845E8433840784DC83B18386835B8395
:10D0F00030830583DA82AE82838258822D82018258
:10D10000D681AB817F8154812981FD80D280A68028
:10D110007B804F802480F87FCD7FA17F767F4A7F00
:10D120001E7FF37EC77E9B7E707E447E187EEC7DE4
:10D13000C17D957D697D3D7D117DE67CBA7C8E7CCF
:10D14000627C367C0A7CDE7BB27B867B5A7B2E7BC4
:10D15000027BD67AAA7A7D7A517A257AF979CD79C5
:10D16000A079747948791C79EF78C37897786A78D0
:10D170003E781278E577B9778C77607733770777E1
:10D18000DA76AE76817655762876FC75CF75A275FF
:10D19000767549751C75F074C374967469743D7422
:10D1A0001074E373B67389735D7330730373D6724F
:10D1B000A9727C724F722272F571C8719B716E7187
:10D1C00041711471E770BA708C705F7032700570C5
:10D1D000D86FAA6F7D6F506F236FF56EC86E9B6E10
:10D1E0006D6E406E136EE56DB86D8A6D5D6D306D60
:10D1F000026DD56CA76C7A6C4C6C1E6CF16BC36BBA
:10D20000966B686B3A6B0D6BDF6AB16A846A566A1B
:10D21000286AFB69CD699F69716943691669E86885
:10D22000BA688C685E6830680268D467A6677867F9
:10D230004A671C67EE66C066926664663666086674
:10D24000DA65AC657E6550652165F364C5649764F5
:10D2500069643A640C64DE63B0638163536325637D
:10D26000F662C86299626B623D620E62E061B16112
:10D27000836154612661F760C9609A606C603D60AB
:10D280000F60E05FB15F835F545F255FF75EC85E4C
:10D29000995E6B5E3C5E0D5EDE5DB05D815D525DF4
:10D2A000235DF45CC65C975C685C395C0A5CDB5BA4
:10D2B000AC5B7D5B4E5B1F5BF05AC15A925A635A5E
:10D2C000345A055AD659A759785949591A59EB5819
:10D2D000BC588C585D582E58FF57D057A1577157DE
:10D2E00042571357E356B456855656562656F755A9
:10D2F000C8559855695539550A55DB54AB547C547B
:10D300004C541D54ED53BE538E535F532F53005353
:10D31000D052A152715241521252E251B351835133
:10D3200053512451F450C450955065503550055018
:10D33000D64FA64F764F464F164FE74EB74E874E05
:10D34000574E274EF74DC84D984D684D384D084DF6
:10D35000D84CA84C784C484C184CE84BB84B884BF0
:10D36000584B284BF84AC84A984A684A384A074AEC
:10D37000D749A749774947491749E748B6488648F2
:10D3800056482648F547C5479547654734470447FB
:10D39000D446A446734643461346E245B24581450A
:10D3A00051452145F044C0448F445F442F44FE431F
:10D3B000CE439D436D433C430C43DB42AB427A4238
:10D3C0004A421942E841B841874157412641F54058
:10D3D000C5409440644033400240D23FA13F703F7B
:10D3E0003F3F0F3FDE3EAD3E7D3E4C3E1B3EEA3DA5
:10D3F000BA3D893D583D273DF63CC53C953C643CD3
:10D40000333C023CD13BA03B6F3B3F3B0E3BDD3A04
:10D41000AC3A7B3A4A3A193AE839B739863955393C
:10D420002439F338C238913860382F38FE37CD3779
:10D430009C376B373A370937D836A63675364436B7
:10D440001336E235B13580354E351D35EC34BB34FD
:10D450008A3459342734F633C53394336233313345
:10D460000033CF329D326C323B320A32D831A73191
:10D47000763144311331E230B0307F304E301C30E1
:10D48000EB2FBA2F882F572F252FF42EC22E912E37
:10D49000602E2E2EFD2DCB2D9A2D682D372D052D8E
:10D4A000D42CA22C712C3F2C0E2CDC2BAB2B792BEB
:10D4B000482B162BE52AB32A822A502A1E2AED2948
:10D4C000BB298A2958292629F528C32892286028AB
:10D4D0002E28FD27CB279927682736270427D32610
:10D4E000A1266F263E260C26DA25A8257725452578
:10D4F0001325E224B0247E244C241B24E923B723E3
:10D50000852353232223F022BE228C225A22292251
:10D51000F721C521932161213021FE20CC209A20C2
:10D52000682036200420D31FA11F6F1F3D1F0B1F33
:10D53000D91EA71E751E431E111EE01DAE1D7C1DAB
:10D540004A1D181DE61CB41C821C501C1E1CEC1B22
:10D55000BA1B881B561B241BF21AC01A8E1A5C1A9F
:10D560002A1AF819C619941962193019FE18CC181C
:10D570009A18681836180418D217A0176E173C1797
:10D580000A17D816A616741641160F16DD15AB1518
:10D59000791547151515E314B1147F144D141A1499
:10D5A000E813B613841352132013EE12BC1289121F
:10D5B00057122512F311C1118F115D112A11F810A4
:10D5C000C610941062103010FD0FCB0F990F670F2B
:10D5D000350F030FD00E9E0E6C0E3A0E080ED50DB1
:10D5E000A30D710D3F0D0D0DDB0CA80C760C440C3A
:10D5F000120CDF0BAD0B7B0B490B170BE40AB20AC5
:10D60000800A4E0A1B0AE909B7098509530920094E
:10D61000EE08BC088A0857082508F307C1078E07DB
:10D620005C072A07F806C506930661062F06FC0567
:10D63000CA059805660533050105CF049D046A04F3
:10D6400038040604D403A1036F033D030B03D8027F
:10D65000A602740242020F02DD01AB01780146010D
:10D660001401E200AF007D004B001900E7FFB5FF99
:10D6700083FF51FF1EFFECFEBAFE88FE55FE23FE1F
:10D68000F1FDBEFD8CFD5AFD28FDF5FCC3FC91FCAF
:10D690005FFC2CFCFAFBC8FB96FB63FB31FBFFFA3B
:10D6A000CDFA9AFA68FA36FA04FAD1F99FF96DF9C7
:10D6B0003BF908F9D6F8A4F872F83FF80DF8DBF753
:10D6C000A9F776F744F712F7E0F6ADF67BF649F6E0
:10D6D00017F6E4F5B2F580F54EF51CF5E9F4B7F46C
:10D6E00085F453F421F4EEF3BCF38AF358F325F3F5
:10D6F000F3F2C1F28FF25DF22BF2F8F1C6F194F180
:10D7000062F130F1FDF0CBF099F067F035F003F005
:10D71000D0EF9EEF6CEF3AEF08EFD6EEA3EE71EE8E
:10D720003FEE0DEEDBEDA9ED77ED44ED12EDE0EC13
:10D73000AEEC7CEC4AEC18ECE6EBB3EB81EB4FEB98
:10D740001DEBEBEAB9EA87EA55EA23EAF1E9BFE91A
:10D750008CE95AE928E9F6E8C4E892E860E82EE89E
:10D76000FCE7CAE798E766E734E702E7D0E69EE61B
:10D770006CE63AE608E6D6E5A4E572E540E50EE596
:10D78000DCE4AAE478E446E414E4E2E3B0E37EE314
:10D790004CE31AE3E8E2B6E284E252E220E2EFE18F
:10D7A000BDE18BE159E127E1F5E0C3E091E05FE005
:10D7B0002DE0FCDFCADF98DF66DF34DF02DFD0DE7A
:10D7C0009FDE6DDE3BDE09DED7DDA6DD74DD42DDEA
:10D7D00010DDDEDCADDC7BDC49DC17DCE5DBB4DB5B
:10D7E00082DB50DB1EDBEDDABBDA89DA58DA26DAC7
:10D7F000F4D9C2D991D95FD92DD9FCD8CAD898D833
:10D8000067D835D803D8D2D7A0D76ED73DD70BD796
:10D81000DAD6A8D676D645D613D6E2D5B0D57ED5FB
:10D820004DD51BD5EAD4B8D487D455D424D4F2D35B
:10D83000C1D38FD35ED32CD3FBD2C9D298D266D2B8
:10D8400035D203D2D2D1A0D16FD13ED10CD1DBD011
:10D85000A9D078D046D015D0E4CFB2CF81CF50CF69
:10D860001ECFEDCEBCCE8ACE59CE28CEF6CDC5CDBC
:10D8700094CD63CD31CD00CDCFCC9ECC6CCC3BCC08
:10D880000ACCD9CBA7CB76CB45CB14CBE3CAB1CA54
:10D8900080CA4FCA1ECAEDC9BCC98BC95AC928C99A
:10D8A000F7C8C6C895C864C833C802C8D1C7A0C7DE
:10D8B0006FC73EC70DC7DCC6ABC67AC649C618C619
:10D8C000E7C5B6C585C554C523C5F2C4C1C491C456
:10D8D00060C42FC4FEC3CDC39CC36BC33BC30AC388
:10D8E000D9C2A8C277C246C216C2E5C1B4C183C1BB
:10D8F00053C122C1F1C0C1C090C05FC02EC0FEBFE5
:10D90000CDBF9CBF6CBF3BBF0BBFDABEA9BE79BE0B
:10D9100048BE18BEE7BDB6BD86BD55BD25BDF4BC2D
:10D92000C4BC93BC63BC32BC02BCD1BBA1BB71BB49
:10D9300040BB10BBDFBAAFBA7FBA4EBA1EBAEDB960
:10D94000BDB98DB95CB92CB9FCB8CCB89BB86BB873
:10D950003BB80BB8DAB7AAB77AB74AB719B7E9B67E
:10D96000B9B689B659B629B6F9B5C8B598B568B586
:10D9700038B508B5D8B4A8B478B448B418B4E8B386
:10D98000B8B388B358B328B3F8B2C8B298B268B283
:10D9900038B209B2D9B1A9B179B149B119B1EAB076
:10D9A000BAB08AB05AB02AB0FBAFCBAF9BAF6BAF67
:10D9B0003CAF0CAFDCAEADAE7DAE4DAE1EAEEEAD4F
:10D9C000BFAD8FAD5FAD30AD00ADD1ACA1AC72AC31
:10D9D00042AC13ACE3ABB4AB84AB55AB25ABF6AA0E
:10D9E000C7AA97AA68AA38AA09AADAA9AAA97BA9E4
:10D9F0004CA91DA9EDA8BEA88FA85FA830A801A8B2
:10DA0000D2A7A3A774A744A715A7E6A6B7A688A67A
:10DA100059A62AA6FBA5CCA59DA56EA53FA510A538
:10DA2000E1A4B2A483A454A425A4F6A3C7A398A3F5
:10DA300069A33AA30CA3DDA2AEA27FA250A222A2A8
:10DA4000F3A1C4A195A167A138A109A1DBA0ACA055
:10DA50007DA04FA020A0F19FC39F949F669F379FFA
:10DA6000099FDA9EAC9E7D9E4F9E209EF29DC39D97
:10DA7000959D679D389D0A9DDB9CAD9C7F9C509C2D
:10DA8000229CF49BC69B979B699B3B9B0D9BDF9ABB
:10DA9000B09A829A549A269AF899CA999C996E9942
:10DAA00040991299E498B69888985A982C98FE97BD
:10DAB000D097A297749746971897EA96BD968F9637
:10DAC000619633960596D895AA957C954F952195A4
:10DAD000F394C69498946A943D940F94E293B4930B
:10DAE000869359932B93FE92D092A392769248926A
:10DAF0001B92ED91C0919391659138910B91DD90BE
:10DB0000B090839056902890FB8FCE8FA18F748F0A
:10DB1000468F198FEC8EBF8E928E658E388E0B8E4F
:10DB2000DE8DB18D848D578D2A8DFD8CD08CA38C8C
:10DB3000778C4A8C1D8CF08BC38B978B6A8B3D8BBB
:10DB4000108BE48AB78A8A8A5E8A318A048AD889E5
:10DB5000AB897F8952892689F988CD88A088748805
:10DB600047881B88EE87C287968769873D8711871C
:10DB7000E486B8868C86608633860786DB85AF852B
:10DB8000838556852A85FE84D284A6847A844E8431
:10DB90002284F683CA839E83728346831A83EF822C
:10DBA000C38297826B823F821482E881BC8190811C
:10DBB000658139810D81E280B6808A805F80338003
:10DBC0000880DC7FB17F857F5A7F2E7F037FD77EE1
:10DBD000AC7E817E557E2A7EFF7DD37DA87D7D7DB6
:10DBE000527D267DFB7CD07CA57C7A7C4F7C247C7E
:10DBF000F97BCD7BA27B777B4C7B217BF77ACC7A40
:10DC0000A17A767A4B7A207AF579CA79A0797579F2
:10DC10004A791F79F578CA789F7875784A781F789D
:10DC2000F577CA77A07775774B772077F676CB763E
:10DC3000A17676764C762276F775CD75A3757875D4
:10DC40004E752475FA74CF74A5747B74517427745F
:10DC5000FD73D373A9737F7355732B730173D772DD
:10DC6000AD72837259722F720572DC71B271887154
:10DC70005E7135710B71E170B7708E7064703B70BE
:10DC80001170E76FBE6F946F6B6F416F186FEF6E1F
:10DC9000C56E9C6E726E496E206EF66DCD6DA46D74
:10DCA0007B6D516D286DFF6CD66CAD6C846C5B6CBC
:10DCB000326C096CE06BB76B8E6B656B3C6B136BF6
:10DCC000EA6AC16A986A706A476A1E6AF569CD692C
:10DCD000A4697B6953692A690169D968B068886851
:10DCE0005F6837680E68E667BD6795676D6744676C
:10DCF0001C67F466CB66A3667B6653662A6602667B
:10DD0000DA65B2658A6562653A651265EA64C2647D
:10DD10009A6472644A642264FA63D263AB63836375
:10DD20005B6333630C63E462BC6295626D6245625F
:10DD30001E62F661CF61A76180615861316109613E
:10DD4000E260BB6093606C6045601D60F65FCF5F12
:10DD5000A85F815F595F325F0B5FE45EBD5E965ED8
:10DD60006F5E485E215EFA5DD35DAC5D855D5F5D93
:10DD7000385D115DEA5CC45C9D5C765C505C295C3E
:10DD8000025CDC5BB55B8F5B685B425B1B5BF55ADF
:10DD9000CE5AA85A825A5B5A355A0F5AE859C25974
:10DDA0009C597659505929590359DD58B7589158FB
:10DDB0006B5845581F58F957D357AD578857625776
:10DDC0003C571657F056CB56A5567F565A563456E2
:10DDD0000E56E955C3559E55785553552D55085542
:10DDE000E254BD54985472544D5428540354DD5396
:10DDF000B85393536E5349532453FF52DA52B552DA
:10DE000090526B5246522152FC51D751B2518D5112
:10DE1000695144511F51FA50D650B1508D5068503D
:10DE200043501F50FA4FD64FB14F8D4F694F444F5B
:10DE3000204FFC4ED74EB34E8F4E6A4E464E224E6A
:10DE4000FE4DDA4DB64D924D6E4D4A4D264D024D6A
:10DE5000DE4CBA4C964C724C4E4C2B4C074CE34B60
:10DE6000BF4B9C4B784B544B314B0D4BEA4AC64A47
:10DE7000A34A7F4A5C4A384A154AF249CE49AB491F
:10DE80008849654941491E49FB48D848B5489248E8
:10DE90006F484C4829480648E347C0479D477A47A2
:10DEA000574734471247EF46CC46AA468746644652
:10DEB00042461F46FD45DA45B845954573455045F0
:10DEC0002E450C45E944C744A544824460443E4481
:10DED0001C44FA43D843B6439443714350432E4302
:10DEE0000C43EA42C842A6428442624241421F4277
:10DEF000FD41DC41BA4198417741554134411241DD
:10DF0000F140CF40AE408C406B404A402840074033
:10DF1000E63FC53FA43F823F613F403F1F3FFE3E7B
:10DF2000DD3EBC3E9B3E7A3E593E383E183EF73DB4
:10DF3000D63DB53D953D743D533D333D123DF13CDD
:10DF4000D13CB03C903C6F3C4F3C2F3C0E3CEE3BF8
:10DF5000CE3BAD3B8D3B6D3B4D3B2D3B0C3BEC3A03
:10DF6000CC3AAC3A8C3A6C3A4C3A2C3A0D3AED3900
:10DF7000CD39AD398D396E394E392E390F39EF38EB
:10DF8000CF38B03890387138513832381238F337CA
:10DF9000D437B43795377637573737371837F93698
:10DFA000DA36BB369C367D365E363F362036013655
:10DFB000E235C335A5358635673548352A350B3505
:10DFC000EC34CE34AF3491347234543435341734A5
:10DFD000F933DA33BC339E337F3361334333253334
:10DFE0000733E932CA32AC328E32703253323532B4
:10DFF0001732F931DB31BD31A03182316431463124
:10E0000029310B31EE30D030B330953078305A3082
:10E010003D3020300230E52FC82FAA2F8D2F702FD2
:10E02000532F362F192FFC2EDF2EC22EA52E882E11
:10E030006B2E4E2E312E152EF82DDB2DBE2DA22D42
:10E04000852D692D4C2D2F2D132DF62CDA2CBE2C61
:10E05000A12C852C692C4C2C302C142CF82BDC2B6F
:10E06000BF2BA32B872B6B2B4F2B332B172BFB2A71
:10E07000E02AC42AA82A8C2A702A552A392A1D2A5D
:10E08000022AE629CB29AF29942978295D2942293A
:10E0900026290B29F028D428B9289E288328682807
:10E0A0004D2832281628FC27E127C627AB279027C2
:10E0B00075275A273F2725270A27EF26D526BA2670
:10E0C000A02685266B26502636261B260126E72508
:10E0D000CC25B22598257E25632549252F25152594
:10E0E000FB24E124C724AD24932479245F2446240F
:10E0F0002C241224F823DF23C523AC239223782376
:10E100005F2345232C231323F922E022C722AD22CB
:10E1100094227B22622248222F221622FD21E42112
:10E12000CB21B2219921812168214F2136211D2146
:10E130000521EC20D320BB20A2208A207120592069
:10E14000402028200F20F71FDF1FC61FAE1F961F7D
:10E150007E1F661F4E1F361F1E1F061FEE1ED61E79
:10E16000BE1EA61E8E1E761E5E1E471E2F1E171E6C
:10E17000001EE81DD11DB91DA21D8A1D731D5B1D4A
:10E18000441D2D1D151DFE1CE71CD01CB91CA11C17
:10E190008A1C731C5C1C451C2E1C171C011CEA1BD2
:10E1A000D31BBC1BA51B8F1B781B611B4B1B341B7C
:10E1B0001E1B071BF11ADA1AC41AAE1A971A811A13
:10E1C0006B1A551A3E1A281A121AFC19E619D01998
:10E1D000BA19A4198E19781962194D19371921190C
:10E1E0000B19F618E018CA18B5189F188A18741871
:10E1F0005F184A1834181F180A18F417DF17CA17BF
:10E20000B517A0178B17761761174C1737172217FA
:10E210000D17F816E316CF16BA16A51691167C162A
:10E22000671653163E162A1615160116ED15D81543
:10E23000C415B0159C15871573155F154B1537154B
:10E2400023150F15FB14E714D314BF14AC14981442
:10E25000841470145D144914351422140E14FB1325
:10E26000E713D413C113AD139A13871374136013F8
:10E270004D133A13271314130113EE12DB12C812B5
:10E28000B512A2128F127D126A1257124512321263
:10E290001F120D12FA11E811D511C311B1119E11FF
:10E2A0008C117A1167115511431131111F110D1184
:10E2B000FB10E910D710C510B310A1108F107E10FD
:10E2C0006C105A1049103710251014100210F10F5D
:10E2D000DF0FCE0FBD0FAB0F9A0F890F770F660FB1
:10E2E000550F440F330F220F110F000FEF0EDE0EEC
:10E2F000CD0EBC0EAC0E9B0E8A0E790E690E580E1A
:10E30000480E370E270E160E060EF50DE50DD50D2F
:10E31000C40DB40DA40D940D840D740D640D530D36
:10E32000430D340D240D140D040DF40CE40CD50C28
:10E33000C50CB50CA60C960C870C770C680C580C09
:10E34000490C390C2A0C1B0C0B0CFC0BED0BDE0BD7
:10E35000CF0BC00BB10BA20B930B840B750B660B91
:10E36000570B480B3A0B2B0B1C0B0E0BFF0AF10A39
:10E37000E20AD40AC50AB70AA80A9A0A8C0A7E0ACF
:10E380006F0A610A530A450A370A290A1B0A0D0A4D
:10E39000FF09F109E309D509C809BA09AC099E09C1
:10E3A00091098309760968095B094D094009320919
:10E3B000250918090B09FD08F008E308D608C90863
:10E3C000BC08AF08A208950888087B086E08620898
:10E3D000550848083B082F08220816080908FD07B9
:10E3E000F007E407D807CB07BF07B307A6079A07CC
:10E3F0008E07820776076A075E07520746073A07C5
:10E400002E07230717070B07FF06F406E806DD06AD
:10E41000D106C506BA06AF06A30698068D06810684
:10E4200076066B066006550649063E063306280644
:10E430001D0613060806FD05F205E705DD05D205F4
:10E44000C705BD05B205A8059D05930588057E0590
:10E45000740569055F0555054B05400536052C0516
:10E46000220518050E050405FB04F104E704DD048C
:10E47000D304CA04C004B604AD04A3049A049004EF
:10E4800087047D0474046B04620458044F0446043A
:10E490003D0434042B042204190410040704FE0371
:10E4A000F503EC03E403DB03D203CA03C103B8039F
:10E4B000B003A7039F0397038E0386037E037503B0
:10E4C0006D0365035D0355034D0345033D033503AC
:10E4D0002D0325031D0315030E030603FE02F70299
:10E4E000EF02E702E002D802D102CA02C202BB0276
:10E4F000B402AC02A5029E02970290028902810238
:10E500007A0274026D0266025F02580251024B02E7
:10E5100044023D02370230022A0223021D02160283
:10E52000100209020302FD01F701F001EA01E40112
:10E53000DE01D801D201CC01C601C001BA01B5018A
:10E54000AF01A901A3019E01980193018D018801EA
:10E5500082017D01770172016D01670162015D0138
:10E56000580153014E01490144013F013A0135016F
:10E5700030012B01260122011D01180114010F0198
:10E580000A0106010101FD00F900F400F000EC00B1
:10E59000E700E300DF00DB00D700D300CF00CB00B3
:10E5A000C700C300BF00BB00B800B400B000AD009E
:10E5B000A900A500A2009E009B0097009400910076
:10E5C0008D008A008700840080007D007A0077003B
:10E5D000740071006E006B006900660063006000EB
:10E5E0005E005B0058005600530051004E004C0086
:10E5F000490047004500420040003E003C003A0010
:10E60000380036003400320030002E002C002A0082
:10E610002800270025002300220020001F001D00E5
:10E620001C001A0019001700160015001400120033
:10E63000110010000F000E000D000C000B000A006E
:10E640000900090008000700060006000500050093
:10E6500004000400030003000200020002000100A5
:10E6600001000100010001000100010001000100A2
:10E67000010001000100010001000200020002008F
:10E680000300030004000400050005000600060066
:10E6900007000800090009000A000B000C000D002B
:10E6A0000E000F00100011001200140015001600DB
:10E6B000170019001A001C001D001F002000220076
:10E6C00023002500270028002A002C002E003000FF
:10E6D00032003400360038003A003C003E00400072
:10E6E00042004500470049004C004E0051005300D5
:10E6F000560058005B005E00600063006600690021
:10E700006B006E007100740077007A007D0080005D
:10E71000840087008A008D009100940097009B0080
:10E720009E00A200A500A900AD00B000B400B80092
:10E73000BB00BF00C300C700CB00CF00D300D70091
:10E74000DB00DF00E300E700EC00F000F400F9007C
:10E75000FD00010106010A010F01140118011D014C
:10E76000220126012B01300135013A013F0144010C
:10E7700049014E01530158015D01620167016D01BC
:10E78000720177017D01820188018D019301980159
:10E790009E01A301A901AF01B501BA01C001C601E3
:10E7A000CC01D201D801DE01E401EA01F001F70158
:10E7B000FD0103020902100216021D0223022A02B1
:10E7C000300237023D0244024B02510258025F02FE
:10E7D00066026D0274027A02810289029002970237
:10E7E0009E02A502AC02B402BB02C202CA02D1025E
:10E7F000D802E002E702EF02F702FE0206030E0370
:10E8000015031D0325032D0335033D0345034D0368
:10E8100055035D0365036D0375037E0386038E0355
:10E8200097039F03A703B003B803C103CA03D2032E
:10E83000DB03E403EC03F503FE03070410041904EF
:10E8400022042B0434043D0446044F04580462049B
:10E850006B0474047D04870490049A04A304AD043B
:10E86000B604C004CA04D304DD04E704F104FB04C5
:10E8700004050E05180522052C05360540054B0537
:10E8800055055F05690574057E05880593059D0599
:10E89000A805B205BD05C705D205DD05E705F205EA
:10E8A000FD05080613061D06280633063E06490622
:10E8B000550660066B06760681068D069806A30649
:10E8C000AF06BA06C506D106DD06E806F406FF0661
:10E8D0000B07170723072E073A07460752075E075D
:10E8E0006A07760782078E079A07A607B307BF074E
:10E8F000CB07D807E407F007FD0709081608220828
:10E900002F083B084808550862086E087B088808ED
:10E910009508A208AF08BC08C908D608E308F008A3
:10E92000FD080B0918092509320940094D095B0941
:10E9300068097609830991099E09AC09BA09C809D1
:10E94000D509E309F109FF090D0A1B0A290A370A4B
:10E95000450A530A610A6F0A7E0A8C0A9A0AA80AB3
:10E96000B70AC50AD40AE20AF10AFF0A0E0B1C0B09
:10E970002B0B3A0B480B570B660B750B840B930B49
:10E98000A20BB10BC00BCF0BDE0BED0BFC0B0B0C7A
:10E990001B0C2A0C390C490C580C680C770C870C92
:10E9A000960CA60CB50CC50CD50CE40CF40C040D9F
:10E9B000140D240D340D430D530D640D740D840D91
:10E9C000940DA40DB40DC40DD50DE50DF50D060E79
:10E9D000160E270E370E480E580E690E790E8A0E47
:10E9E0009B0EAC0EBC0ECD0EDE0EEF0E000F110F07
:10E9F000220F330F440F550F660F770F890F9A0FB1
:10EA0000AB0FBD0FCE0FDF0FF10F0210141025104A
:10EA1000371049105A106C107E108F10A110B310CF
:10EA2000C510D710E910FB100D111F113111431142
:10EA3000551167117A118C119E11B111C311D511A5
:10EA4000E811FA110D121F123212451257126A12F2
:10EA50007D128F12A212B512C812DB12EE12011330
:10EA6000141327133A134D136013741387139A1357
:10EA7000AD13C113D413E713FB130E142214351472
:10EA800049145D14701484149814AC14BF14D31476
:10EA9000E714FB140F15231537154B155F15731568
:10EAA00087159C15B015C415D815ED15011615164A
:10EAB0002A163E16531667167C169116A516BA1618
:10EAC000CF16E316F8160D17221737174C176117D4
:10EAD00076178B17A017B517CA17DF17F4170A1880
:10EAE0001F1834184A185F1874188A189F18B51818
:10EAF000CB18E018F6180B19211937194D1962199E
:10EB000078198E19A419BA19D019E619FC19121A14
:10EB1000281A3E1A551A6B1A811A971AAE1AC41A75
:10EB2000DA1AF11A071B1E1B341B4B1B611B781BC7
:10EB30008F1BA51BBC1BD31BEA1B011C171C2E1C07
:10EB4000451C5C1C731C8A1CA11CB91CD01CE71C36
:10EB5000FE1C151D2D1D441D5B1D731D8A1DA21D50
:10EB6000B91DD11DE81D001E171E2F1E471E5E1E5B
:10EB7000761E8E1EA61EBE1ED61EEE1E061F1E1F53
:10EB8000361F4E1F661F7E1F961FAE1FC61FDF1F3C
:10EB9000F71F0F2028204020592071208A20A22012
:10EBA000BB20D320EC2005211D2136214F216821D7
:10EBB00081219921B221CB21E421FD2116222F228E
:10EBC000482262227B229422AD22C722E022F9222F
:10EBD00013232C2345235F2378239223AC23C523BF
:10EBE000DF23F82312242C2446245F247924932441
:10EBF000AD24C724E124FB2415252F2549256325B1
:10EC00007E259825B225CC25E72501261B2636260C
:10EC100050266B268526A026BA26D526EF260A275B
:10EC200025273F275A2775279027AB27C627E12797
:10EC3000FC27162832284D28682883289E28B928C2
:10EC4000D428F0280B29262942295D2978299429DE
:10EC5000AF29CB29E629022A1D2A392A552A702AEA
:10EC60008C2AA82AC42AE02AFB2A172B332B4F2BE5
:10EC70006B2B872BA32BBF2BDC2BF82B142C302CCE
:10EC80004C2C692C852CA12CBE2CDA2CF62C132DA7
:10EC90002F2D4C2D692D852DA22DBE2DDB2DF82D70
:10ECA000152E312E4E2E6B2E882EA52EC22EDF2E27
:10ECB000FC2E192F362F532F702F8D2FAA2FC82FD0
:10ECC000E52F023020303D305A3078309530B33067
:10ECD000D030EE300B312931463164318231A031F0
:10ECE000BD31DB31F93117323532533270328E3269
:10ECF000AC32CA32E93207332533433361337F33D1
:10ED00009E33BC33DA33F933173435345434723428
:10ED10009134AF34CE34EC340B352A354835673571
:10ED20008635A535C335E235013620363F365E36A9
:10ED30007D369C36BB36DA36F936183737375737D3
:10ED400076379537B437D437F337123832385138ED
:10ED500071389038B038CF38EF380F392E394E39F6
:10ED60006E398D39AD39CD39ED390D3A2C3A4C3AF1
:10ED70006C3A8C3AAC3ACC3AEC3A0C3B2D3B4D3BDE
:10ED80006D3B8D3BAD3BCE3BEE3B0E3C2F3C4F3CB9
:10ED90006F3C903CB03CD13CF13C123D333D533D87
:10EDA000743D953DB53DD63DF73D183E383E593E44
:10EDB0007A3E9B3EBC3EDD3EFE3E1F3F403F613FF4
:10EDC000823FA43FC53FE63F074028404A406B4092
:10EDD0008C40AE40CF40F140124134415541774123
:10EDE0009841BA41DC41FD411F42414262428442A6
:10EDF000A642C842EA420C432E434F437143934319
:10EE0000B643D843FA431C443E4460448244A5447C
:10EE1000C744E9440C452E45504573459545B845D2
:10EE2000DA45FD451F46424664468746AA46CC461B
:10EE3000EF461247354757477A479D47C047E34754
:10EE4000064829484C486F489248B548D848FB487E
:10EE50001E49414965498849AB49CE49F249154A9D
:10EE6000384A5C4A7F4AA34AC64AEA4A0D4B314BAC
:10EE7000554B784B9C4BBF4BE34B074C2B4C4E4CAC
:10EE8000724C964CBA4CDE4C024D264D4A4D6E4D9E
:10EE9000924DB64DDA4DFE4D224E464E6A4E8F4E85
:10EEA000B34ED74EFC4E204F444F694F8D4FB14F5C
:10EEB000D64FFA4F1F50435068508D50B150D65026
:10EEC000FA501F51445169518D51B251D751FC51E3
:10EED000215246526B529052B552DA52FF5224538D
:10EEE00049536E539353B853DD53035428544D5430
:10EEF00072549854BD54E25408552D5553557855C5
:10EF00009E55C355E9550E5634565A567F56A5564A
:10EF1000CB56F05616573C5762578857AD57D357C4
:10EF2000F9571F5845586B589158B758DD58035931
:10EF30002959505976599C59C259E8590F5A355A8E
:10EF40005B5A825AA85ACE5AF55A1B5B425B685BE1
:10EF50008F5BB55BDC5B025C295C505C765C9D5C26
:10EF6000C45CEA5C115D385D5F5D855DAC5DD35D61
:10EF7000FA5D215E485E6F5E965EBD5EE45E0B5F8D
:10EF8000325F595F815FA85FCF5FF65F1D604560AC
:10EF90006C609360BB60E2600961316158618061BF
:10EFA000A761CF61F6611E6245626D629562BC62C7
:10EFB000E4620C6333635B638363AB63D263FA63C2
:10EFC00022644A6472649A64C264EA6412653A65AF
:10EFD00062658A65B265DA6502662A6653667B6693
:10EFE000A366CB66F4661C6744676D679567BD676B
:10EFF000E6670E6837685F688868B068D968016935
:10F000002A6953697B69A469CD69F5691E6A476AF3
:10F01000706A986AC16AEA6A136B3C6B656B8E6BA7
:10F02000B76BE06B096C326C5B6C846CAD6CD66C4E
:10F03000FF6C286D526D7B6DA46DCD6DF66D206EED
:10F04000496E726E9C6EC56EEF6E186F416F6B6F7E
:10F05000946FBE6FE76F11703B7064708E70B77005
:10F06000E1700B7134715E718871B271DC7105727F
:10F070002F7259728372AD72D77201732B735573ED
:10F080007F73A973D373FD73277451747B74A57454
:10F09000CF74FA7424754E757875A375CD75F775B0
:10F0A00022764C767676A176CB76F67620774B77FD
:10F0B0007577A077CA77F5771F784A7875789F7843
:10F0C000CA78F5781F794A797579A079CA79F5797E
:10F0D000207A4B7A767AA17ACC7AF77A217B4C7BAC
:10F0E000777BA27BCD7BF97B247C4F7C7A7CA57CD3
:10F0F000D07CFB7C267D527D7D7DA87DD37DFF7DF0
:10F100002A7E557E817EAC7ED77E037F2E7F5A7FFE
:10F11000857FB17FDC7F088033805F808A80B68006
:10F12000E2800D81398165819081BC81E881148202
:10F130003F826B829782C382EF821A8346837283F7
:10F140009E83CA83F68322844E847A84A684D284E2
:10F15000FE842A8556858385AF85DB8507863386C1
:10F1600060868C86B886E48611873D876987968796
:10F17000C287EE871B8847887488A088CD88F98865
:10F18000268952897F89AB89D889048A318A5E8A27
:10F190008A8AB78AE48A108B3D8B6A8B978BC38BE4
:10F1A000F08B1D8C4A8C778CA38CD08CFD8C2A8D97
:10F1B000578D848DB18DDE8D0B8E388E658E928E3F
:10F1C000BF8EEC8E198F468F748FA18FCE8FFB8FE1
:10F1D000289056908390B090DD900B913891659176
:10F1E0009391C091ED911B9248927692A392D09206
:10F1F000FE922B9359938693B493E2930F943D948C
:10F200006A949894C694F39421954F957C95AA9509
:10F21000D8950596339661968F96BD96EA9618977F
:10F2200046977497A297D097FE972C985A988898EB
:10F23000B698E498129940996E999C99CA99F89950
:10F24000269A549A829AB09ADF9A0D9B3B9B699BAF
:10F25000979BC69BF49B229C509C7F9CAD9CDB9C07
:10F260000A9D389D679D959DC39DF29D209E4F9E52
:10F270007D9EAC9EDA9E099F379F669F949FC39F99
:10F28000F19F20A04FA07DA0ACA0DBA009A138A1D8
:10F2900067A195A1C4A1F3A122A250A27FA2AEA210
:10F2A000DDA20CA33AA369A398A3C7A3F6A325A440
:10F2B00054A483A4B2A4E1A410A53FA56EA59DA566
:10F2C000CCA5FBA52AA659A688A6B7A6E6A615A78B
:10F2D00044A774A7A3A7D2A701A830A860A88FA8A5
:10F2E000BEA8EDA81DA94CA97BA9AAA9DAA909AABB
:10F2F00038AA68AA97AAC7AAF6AA25AB55AB84ABC9
:10F30000B4ABE3AB13AC42AC72ACA1ACD1AC00ADCE
:10F3100030AD5FAD8FADBFADEEAD1EAE4DAE7DAECF
:10F32000ADAEDCAE0CAF3CAF6BAF9BAFCBAFFBAFCA
:10F330002AB05AB08AB0BAB0EAB019B149B179B1BD
:10F34000A9B1D9B109B238B268B298B2C8B2F8B2AC
:10F3500028B358B388B3B8B3E8B318B448B478B492
:10F36000A8B4D8B408B538B568B598B5C8B5F9B576
:10F3700029B659B689B6B9B6E9B619B74AB77AB750
:10F38000AAB7DAB70BB83BB86BB89BB8CCB8FCB827
:10F390002CB95CB98DB9BDB9EDB91EBA4EBA7FBAF8
:10F3A000AFBADFBA10BB40BB71BBA1BBD1BB02BCC3
:10F3B00032BC63BC93BCC4BCF4BC25BD55BD86BD8A
:10F3C000B6BDE7BD18BE48BE79BEA9BEDABE0BBF4A
:10F3D0003BBF6CBF9CBFCDBFFEBF2EC05FC090C007
:10F3E000C1C0F1C022C153C183C1B4C1E5C116C2BD
:10F3F00046C277C2A8C2D9C20AC33BC36BC39CC36F
:10F40000CDC3FEC32FC460C491C4C1C4F2C423C51C
:10F4100054C585C5B6C5E7C518C649C67AC6ABC6C4
:10F42000DCC60DC73EC76FC7A0C7D1C702C833C867
:10F4300064C895C8C6C8F7C828C95AC98BC9BCC909
:10F44000EDC91ECA4FCA80CAB1CAE3CA14CB45CBA4
:10F4500076CBA7CBD9CB0ACC3BCC6CCC9ECCCFCC3B
:10F4600000CD31CD63CD94CDC5CDF6CD28CE59CECE
:10F470008ACEBCCEEDCE1ECF50CF81CFB2CFE4CF5F
:10F4800015D047D078D0A9D0DBD00CD13ED16FD1E8
:10F49000A0D1D2D103D235D266D298D2C9D2FBD272
:10F4A0002CD35ED38FD3C1D3F2D324D455D487D4F5
:10F4B000B8D4EAD41BD54DD57ED5B0D5E2D513D678
:10F4C00045D676D6A8D6DAD60BD73DD76ED7A0D7F5
:10F4D000D2D703D835D867D898D8CAD8FCD82DD970
:10F4E0005FD991D9C2D9F4D926DA58DA89DABBDAE8
:10F4F000EDDA1EDB50DB82DBB4DBE5DB17DC49DC5D
:10F500007BDCADDCDEDC10DD42DD74DDA6DDD7DDCD
:10F5100009DE3BDE6DDE9FDED0DE02DF34DF66DF3C
:10F5200098DFCADFFCDF2DE05FE091E0C3E0F5E0AB
:10F5300027E159E18BE1BDE1EFE120E252E284E213
:10F54000B6E2E8E21AE34CE37EE3B0E3E2E314E47C
:10F5500046E478E4AAE4DCE40EE540E572E5A4E5DF
:10F56000D6E508E63AE66CE69EE6D0E602E734E742
:10F5700066E798E7CAE7FCE72EE860E892E8C4E8A7
:10F58000F6E828E95AE98DE9BFE9F1E923EA55EA05
:10F5900087EAB9EAEBEA1DEB4FEB81EBB3EBE6EB65
:10F5A00018EC4AEC7CECAEECE0EC12ED44ED77EDBF
:10F5B000A9EDDBED0DEE3FEE71EEA3EED6EE08EF1A
:10F5C0003AEF6CEF9EEFD0EF03F035F067F099F073
:10F5D000CBF0FDF030F162F194F1C6F1F8F12BF2CD
:10F5E0005DF28FF2C1F2F3F225F358F38AF3BCF324
:10F5F000EEF321F453F485F4B7F4E9F41CF54EF579
:10F6000080F5B2F5E4F517F649F67BF6ADF6E0F6CF
:10F6100012F744F776F7A9F7DBF70DF83FF872F821
:10F62000A4F8D6F808F93BF96DF99FF9D1F904FA75
:10F6300036FA68FA9AFACDFAFFFA31FB63FB96FBC9
:10F64000C8FBFAFB2CFC5FFC91FCC3FCF5FC28FD1D
:10F650005AFD8CFDBEFDF1FD23FE55FE88FEBAFE6F
:10F66000ECFE1EFF51FF83FFB5FFE7FF19004B00C3
:10F670007D00AF00E200140146017801AB01DD011D
:10F680000F0242027402A602D8020B033D036F036D
:10F69000A103D403060438046A049D04CF040105C1
:10F6A000330566059805CA05FC052F066106930615
:10F6B000C506F8062A075C078E07C107F307250869
:10F6C00057088A08BC08EE08200953098509B709BC
:10F6D000E9091B0A4E0A800AB20AE40A170B490B11
:10F6E0007B0BAD0BDF0B120C440C760CA80CDB0C67
:10F6F0000D0D3F0D710DA30DD60D080E3A0E6C0EBB
:10F700009E0ED00E030F350F670F990FCB0FFD0F15
:10F71000301062109410C610F8102A115D118F116C
:10F72000C111F311251257128912BC12EE122013C7
:10F7300052138413B613E8131A144D147F14B11422
:10F74000E314151547157915AB15DD150F16411680
:10F750007316A616D8160A173C176E17A017D217DD
:10F760000418361868189A18CC18FE18301962193F
:10F770009419C619F8192A1A5C1A8E1AC01AF21AA4
:10F78000241B561B881BBA1BEC1B1E1C501C821C06
:10F79000B41CE61C181D4A1D7C1DAE1DE01D111E6B
:10F7A000431E751EA71ED91E0B1F3D1F6F1FA11FD5
:10F7B000D31F0420362068209A20CC20FE20302140
:10F7C00061219321C521F72129225A228C22BE22B0
:10F7D000F022222353238523B723E9231B244C241F
:10F7E0007E24B024E224132545257725A825DA2593
:10F7F0000C263E266F26A126D32604273627682707
:10F800009927CB27FD272E2860289228C328F52882
:10F81000262958298A29BB29ED291E2A502A822AFD
:10F82000B32AE52A162B482B792BAB2BDC2B0E2C7D
:10F830003F2C712CA22CD42C052D372D682D9A2D00
:10F84000CB2DFD2D2E2E602E912EC22EF42E252F87
:10F85000572F882FBA2FEB2F1C304E307F30B0300F
:10F86000E230133144317631A731D8310A323B329C
:10F870006C329D32CF320033313362339433C5332F
:10F88000F633273459348A34BB34EC341D354F35C4
:10F890008035B135E235133644367536A636D8365E
:10F8A00009373A376B379C37CD37FE372F386038FA
:10F8B0009138C238F338243955398639B739E8399F
:10F8C000193A4A3A7B3AAC3ADD3A0E3B3F3B6F3B42
:10F8D000A03BD13B023C333C643C953CC53CF63CF0
:10F8E000273D583D893DBA3DEA3D1B3E4C3E7D3E9D
:10F8F000AD3EDE3E0F3F3F3F703FA13FD23F024053
:10F90000334064409440C540F5402641574187410B
:10F91000B841E84119424A427A42AB42DB420C43C9
:10F920003C436D439D43CE43FE432F445F448F448D
:10F93000C044F044214551458145B245E245134656
:10F9400043467346A446D446044734476547954723
:10F95000C547F547264856488648B648E7481749F8
:10F9600047497749A749D749074A384A684A984AD0
:10F97000C84AF84A284B584B884BB84BE84B184CB0
:10F98000484C784CA84CD84C084D384D684D984D93
:10F99000C84DF74D274E574E874EB74EE74E164F80
:10F9A000464F764FA64FD64F05503550655095506F
:10F9B000C450F450245153518351B351E251125267
:10F9C00041527152A152D05200532F535F538E5364
:10F9D000BE53ED531D544C547C54AB54DB540A5568
:10F9E000395569559855C855F75526565656855672
:10F9F000B456E356135742577157A057D057FF5785
:10FA00002E585D588C58BC58EB581A59495978599A
:10FA1000A759D659055A345A635A925AC15AF05ABC
:10FA20001F5B4E5B7D5BAC5BDB5B0A5C395C685CDF
:10FA3000975CC65CF45C235D525D815DB05DDE5D0C
:10FA40000D5E3C5E6B5E995EC85EF75E255F545F3F
:10FA5000835FB15FE05F0F603D606C609A60C9607A
:10FA6000F760266154618361B161E0610E623D62BD
:10FA70006B629962C862F662256353638163B06307
:10FA8000DE630C643A6469649764C564F364216559
:10FA900050657E65AC65DA650866366664669266B2
:10FAA000C066EE661C674A677867A667D467026817
:10FAB00030685E688C68BA68E8681669436971697D
:10FAC0009F69CD69FB69286A566A846AB16ADF6AF0
:10FAD0000D6B3A6B686B966BC36BF16B1E6C4C6C69
:10FAE0007A6CA76CD56C026D306D5D6D8A6DB86DEA
:10FAF000E56D136E406E6D6E9B6EC86EF56E236F76
:10FB0000506F7D6FAA6FD86F057032705F708C7008
:10FB1000BA70E770147141716E719B71C871F571A3
:10FB200022724F727C72A972D672037330735D7346
:10FB30008973B673E37310743D7469749674C374F7
:10FB4000F0741C7549757675A275CF75FC752876AD
:10FB500055768176AE76DB760777347760778C776B
:10FB6000B977E57712783E786A789778C378EF7836
:10FB70001C7948797479A079CD79F979257A517A07
:10FB80007D7AAA7AD67A027B2E7B5A7B867BB27BE1
:10FB9000DE7B0A7C367C627C8E7CBA7CE67C117DC6
:10FBA0003D7D697D957DC17DEC7D187E447E707EB6
:10FBB0009B7EC77EF37E1E7F4A7F767FA17FCD7FAF
:10FBC000F87F24804F807B80A680D280FD802981B1
:10FBD00054817F81AB81D68101822D8258828382BC
:10FBE000AE82DA82058330835B838683B183DC83D4
:10FBF000078433845E848984B484DF8409853485F2
:10FC00005F858A85B585E0850B86368660868B861E
:10FC1000B686E1860B87368761878B87B687E18753
:10FC20000B88368860888B88B588E0880A89358992
:10FC30005F898A89B489DE89098A338A5D8A888ADC
:10FC4000B28ADC8A068B318B5B8B858BAF8BD98B31
:10FC5000038C2D8C578C818CAB8CD58CFF8C298D93
:10FC6000538D7D8DA78DD18DFB8D248E4E8E788EFC
:10FC7000A28ECC8EF58E1F8F498F728F9C8FC58F71
:10FC8000EF8F199042906C909590BF90E8901191F1
:10FC90003B9164918E91B791E0910A9233925C927C
:10FCA0008592AF92D89201932A9353937C93A59314
:10FCB000CE93F7932094499472949B94C494ED94BA
:10FCC00016953F9568959095B995E2950B96339664
:10FCD0005C968596AD96D696FF962797509778971F
:10FCE000A197C997F2971A9843986B989398BC98E4
:10FCF000E4980C9935995D998599AD99D699FE99B5
:10FD0000269A4E9A769A9E9AC69AEE9A169B3E9B91
:10FD1000669B8E9BB69BDE9B069C2E9C559C7D9C79
:10FD2000A59CCD9CF49C1C9D449D6B9D939DBB9D6F
:10FD3000E29D0A9E319E599E809EA89ECF9EF79E70
:10FD40001E9F459F6D9F949FBB9FE39F0AA031A07C
:10FD500058A07FA0A7A0CEA0F5A01CA143A16AA196
:10FD600091A1B8A1DFA106A22DA254A27BA2A1A2BB
:10FD7000C8A2EFA216A33CA363A38AA3B0A3D7A3F0
:10FD8000FEA324A44BA471A498A4BEA4E5A40BA52F
:10FD900032A558A57EA5A5A5CBA5F1A518A63EA67A
:10FDA00064A68AA6B0A6D7A6FDA623A749A76FA7D3
:10FDB00095A7BBA7E1A707A82DA853A878A89EA838
:10FDC000C4A8EAA810A935A95BA981A9A6A9CCA9AC
:10FDD000F2A917AA3DAA62AA88AAADAAD3AAF8AA2C
:10FDE0001EAB43AB68AB8EABB3ABD8ABFDAB23ACB8
:10FDF00048AC6DAC92ACB7ACDCAC01AD26AD4BAD54
:10FE000070AD95ADBAADDFAD04AE29AE4EAE73AEFA
:10FE100097AEBCAEE1AE06AF2AAF4FAF73AF98AFAF
:10FE2000BDAFE1AF06B02AB04FB073B097B0BCB071
:10FE3000E0B004B129B14DB171B196B1BAB1DEB142
:10FE400002B226B24AB26EB292B2B6B2DAB2FEB222
:10FE500022B346B36AB38EB3B2B3D5B3F9B31DB40C
:10FE600041B464B488B4ACB4CFB4F3B416B53AB505
:10FE70005DB581B5A4B5C8B5EBB50EB632B655B60D
:10FE800078B69BB6BFB6E2B605B728B74BB76EB724
:10FE900091B7B4B7D7B7FAB71DB840B863B886B84A
:10FEA000A9B8CCB8EEB811B934B956B979B99CB97A
:10FEB000BEB9E1B903BA26BA48BA6BBA8DBAB0BABC
:10FEC000D2BAF5BA17BB39BB5BBB7EBBA0BBC2BB0A
:10FED000E4BB06BC28BC4ABC6DBC8FBCB1BCD2BC68
:10FEE000F4BC16BD38BD5ABD7CBD9EBDBFBDE1BDD5
:10FEF00003BE24BE46BE68BE89BEABBECCBEEEBE4F
:10FF00000FBF31BF52BF74BF95BFB6BFD8BFF9BFD7
:10FF10001AC03BC05CC07EC09FC0C0C0E1C002C16F
:10FF200023C144C165C186C1A7C1C8C1E8C109C216
:10FF30002AC24BC26BC28CC2ADC2CDC2EEC20FC3CD
:10FF40002FC350C370C390C3B1C3D1C3F2C312C493
:10FF500032C453C473C493C4B3C4D3C4F4C414C567
:10FF600034C554C574C594C5B4C5D4C5F3C513C64A
:10FF700033C653C673C692C6B2C6D2C6F1C611C73F
:10FF800031C750C770C78FC7AFC7CEC7EEC70DC840
:10FF90002CC84CC86BC88AC8A9C8C9C8E8C807C952
:10FFA00026C945C964C983C9A2C9C1C9E0C9FFC975
:10FFB0001ECA3DCA5BCA7ACA99CAB8CAD6CAF5CAA5
:10FFC00014CB32CB51CB6FCB8ECBACCBCBCBE9CBE5
:10FFD00007CC26CC44CC62CC81CC9FCCBDCCDBCC36
:10FFE000F9CC17CD36CD54CD72CD90CDADCDCBCD96
:10FFF000E9CD07CE25CE43CE60CE7ECE9CCEBACE06
:020000041004E6
:10000000D7CEF5CE12CF30CF4DCF6BCF88CFA6CF86
:10001000C3CFE0CFFECF1BD038D056D073D090D016
:10002000ADD0CAD0E7D004D121D13ED15BD178D1B7
:1000300095D1B2D1CFD1EBD108D225D242D25ED266
:100040007BD298D2B4D2D1D2EDD20AD326D342D326
:100050005FD37BD397D3B4D3D0D3ECD308D425D4F8
:1000600041D45DD479D495D4B1D4CDD4E9D405D5D7
:1000700020D53CD558D574D590D5ABD5C7D5E3D5CB
:10008000FED51AD635D651D66CD688D6A3D6BED6CE
:10009000DAD6F5D610D72CD747D762D77DD798D7E1
:1000A000B3D7CED7EAD704D81FD83AD855D870D806
:1000B0008BD8A6D8C1D8DBD8F6D811D92BD946D938
:1000C00060D97BD995D9B0D9CAD9E5D9FFD919DA80
:1000D00034DA4EDA68DA82DA9DDAB7DAD1DAEBDAD4
:1000E00005DB1FDB39DB53DB6DDB87DBA1DBBADB39
:1000F000D4DBEEDB08DC21DC3BDC54DC6EDC88DCB2
:10010000A1DCBBDCD4DCEDDC07DD20DD39DD53DD3B
:100110006CDD85DD9EDDB8DDD1DDEADD03DE1CDED4
:1001200035DE4EDE67DE7FDE98DEB1DECADEE3DE80
:10013000FBDE14DF2DDF45DF5EDF76DF8FDFA7DF3D
:10014000C0DFD8DFF1DF09E021E03AE052E06AE009
:1001500082E09AE0B2E0CAE0E2E0FAE012E12AE1ED
:1001600042E15AE172E18AE1A2E1B9E1D1E1E9E1DA
:1001700000E218E22FE247E25EE276E28DE2A5E2DB
:10018000BCE2D3E2EBE202E319E330E347E35FE3EF
:1001900076E38DE3A4E3BBE3D2E3E9E3FFE316E414
:1001A0002DE444E45BE471E488E49FE4B5E4CCE44A
:1001B000E2E4F9E40FE526E53CE552E569E57FE593
:1001C00095E5ABE5C2E5D8E5EEE504E61AE630E6EE
:1001D00046E65CE672E688E69EE6B3E6C9E6DFE65A
:1001E000F5E60AE720E736E74BE761E776E78CE7D5
:1001F000A1E7B6E7CCE7E1E7F6E70CE821E836E867
:100200004BE860E875E88AE89FE8B4E8C9E8DEE80A
:10021000F3E808E91DE931E946E95BE96FE984E9BA
:1002200099E9ADE9C2E9D6E9EBE9FFE913EA28EA81
:100230003CEA50EA64EA79EA8DEAA1EAB5EAC9EA59
:10024000DDEAF1EA05EB19EB2DEB41EB54EB68EB42
:100250007CEB90EBA3EBB7EBCBEBDEEBF2EB05EC3F
:1002600019EC2CEC3FEC53EC66EC79EC8CECA0EC4C
:10027000B3ECC6ECD9ECECECFFEC12ED25ED38ED6F
:100280004BED5EED71ED83ED96EDA9EDBBEDCEEDA1
:10029000E1EDF3ED06EE18EE2BEE3DEE4FEE62EEE5
:1002A00074EE86EE99EEABEEBDEECFEEE1EEF3EE40
:1002B00005EF17EF29EF3BEF4DEF5FEF71EF82EFA7
:1002C00094EFA6EFB7EFC9EFDBEFECEFFEEF0FF027
:1002D00021F032F043F055F066F077F089F09AF0B3
:1002E000ABF0BCF0CDF0DEF0EFF000F111F122F157
:1002F00033F144F154F165F176F187F197F1A8F10A
:10030000B8F1C9F1D9F1EAF1FAF10BF21BF22BF2D3
:100310003CF24CF25CF26CF27CF28CF29CF2ADF2AC
:10032000BDF2CCF2DCF2ECF2FCF20CF31CF32BF39A
:100330003BF34BF35AF36AF379F389F398F3A8F399
:10034000B7F3C7F3D6F3E5F3F5F304F413F422F4AB
:1003500031F440F44FF45EF46DF47CF48BF49AF4D1
:10036000A9F4B8F4C6F4D5F4E4F4F2F401F50FF509
:100370001EF52CF53BF549F558F566F574F582F553
:1003800091F59FF5ADF5BBF5C9F5D7F5E5F5F3F5B5
:1003900001F60FF61DF62BF638F646F654F662F621
:1003A0006FF67DF68AF698F6A5F6B3F6C0F6CEF6A9
:1003B000DBF6E8F6F5F603F710F71DF72AF737F73F
:1003C00044F751F75EF76BF778F785F792F79EF7EA
:1003D000ABF7B8F7C5F7D1F7DEF7EAF7F7F703F8A9
:1003E00010F81CF828F835F841F84DF85AF866F876
:1003F00072F87EF88AF896F8A2F8AEF8BAF8C6F85D
:10040000D2F8DDF8E9F8F5F801F90CF918F923F953
:100410002FF93BF946F951F95DF968F973F97FF95C
:100420008AF995F9A0F9ABF9B7F9C2F9CDF9D8F97C
:10043000E3F9EDF9F8F903FA0EFA19FA23FA2EFAAC
:1004400039FA43FA4EFA58FA63FA6DFA78FA82FAF0
:100450008CFA97FAA1FAABFAB5FAC0FACAFAD4FA4A
:10046000DEFAE8FAF2FAFCFA05FB0FFB19FB23FBB4
:100470002DFB36FB40FB4AFB53FB5DFB66FB70FB31
:1004800079FB83FB8CFB95FB9EFBA8FBB1FBBAFBC6
:10049000C3FBCCFBD5FBDEFBE7FBF0FBF9FB02FC6F
:1004A0000BFC14FC1CFC25FC2EFC36FC3FFC48FC21
:1004B00050FC58FC61FC69FC72FC7AFC82FC8BFCF1
:1004C00093FC9BFCA3FCABFCB3FCBBFCC3FCCBFCD4
:1004D000D3FCDBFCE3FCEBFCF2FCFAFC02FD09FDC7
:1004E00011FD19FD20FD28FD2FFD36FD3EFD45FDCA
:1004F0004CFD54FD5BFD62FD69FD70FD77FD7FFDE8
:1005000086FD8CFD93FD9AFDA1FDA8FDAFFDB5FD17
:10051000BCFDC3FDC9FDD0FDD6FDDDFDE3FDEAFD5B
:10052000F0FDF7FDFDFD03FE09FE10FE16FE1CFEAC
:1005300022FE28FE2EFE34FE3AFE40FE46FE4BFE14
:1005400051FE57FE5DFE62FE68FE6DFE73FE78FE94
:100550007EFE83FE89FE8EFE93FE99FE9EFEA3FE26
:10056000A8FEADFEB2FEB7FEBCFEC1FEC6FECBFECF
:10057000D0FED5FEDAFEDEFEE3FEE8FEECFEF1FE86
:10058000F6FEFAFEFFFE03FF07FF0CFF10FF14FF4D
:1005900019FF1DFF21FF25FF29FF2DFF31FF35FF2B
:1005A00039FF3DFF41FF45FF48FF4CFF50FF53FF20
:1005B00057FF5BFF5EFF62FF65FF69FF6CFF6FFF28
:1005C00073FF76FF79FF7CFF80FF83FF86FF89FF43
:1005D0008CFF8FFF92FF95FF97FF9AFF9DFFA0FF73
:1005E000A2FFA5FFA8FFAAFFADFFAFFFB2FFB4FFB8
:1005F000B7FFB9FFBBFFBEFFC0FFC2FFC4FFC6FF0E
:10060000C8FFCAFFCCFFCEFFD0FFD2FFD4FFD6FF7A
:10061000D8FFD9FFDBFFDDFFDEFFE0FFE1FFE3FFF7
:10062000E4FFE6FFE7FFE9FFEAFFEBFFECFFEEFF89
:10063000EFFFF0FFF1FFF2FFF3FFF4FFF5FFF6FF2E
:10064000F7FFF7FFF8FFF9FFFAFFFAFFFBFFFBFFE9
:10065000FCFFFCFFFDFFFDFFFEFFFEFFFEFFFFFFB7
:10066000FFFFFFFFFFFFFFFFFFFFFFFFA01DD0F514
:1006700088C59AFCA878F6FD7C7B8BFEFC43DEFEE9
:1006800011F212FF916A37FF552952FF199D66FF3B
:100690009BC276FFC9D483FF08A18EFF01B397FFE9
:1006A000FE6C9FFF2916A6FF50E3ABFF75FCB0FF61
:1006B0007280B5FF7987B9FFC224BDFFC767C0FF4D
:1006C000215DC3FF2A0FC6FF7A86C8FF43CACAFF4F
:1006D00093E0CCFF92CECEFFA598D0FF9342D2FFFD
:1006E000A2CFD3FFA942D5FF229ED6FF3BE4D7FF7E
:1006F000DC16D9FFB837DAFF4E48DBFFF649DCFFDE
:10070000E13DDDFF2125DEFFAC00DFFF61D1DFFF32
:100710000798E0FF5555E1FFF009E2FF6EB6E2FFF2
:10072000575BE3FF2AF9E3FF5190E4FF4421E5FF23
:100730005CACE5FFF331E6FF5AB2E6FFDE2DE7FFE2
:10074000C4A4E7FF4E17E8FFB885E8FF39F0E8FFDB
:100750000757E9FF52BAE9FF471AEAFF1077EAFFA5
:10076000D6D0EAFFBC27EBFFE77BEBFF76CDEBFFB4
:10077000881CECFF3969ECFFA6B3ECFFE6FBECFF4D
:100780001342EDFF4386EDFF8AC8EDFFFF08EEFF41
:10079000B247EEFFB784EEFF1FC0EEFFFAF9EEFF9F
:1007A0005732EFFF4469EFFFD19EEFFF09D3EFFF10
:1007B000FA05F0FFAE37F0FF3368F0FF9297F0FFD5
:1007C000D5C5F0FF07F3F0FF321FF1FF5D4AF1FFDF
:1007D0009174F1FFD79DF1FF36C6F1FFB6EDF1FF41
:1007E0005F14F2FF363AF2FF435FF2FF8B83F2FFB2
:1007F00016A7F2FFE7C9F2FF07ECF2FF780DF3FF4F
:10080000412EF3FF664EF3FFED6DF3FFDA8CF3FF3D
:1008100031ABF3FFF7C8F3FF2FE6F3FFDD02F4FF80
:10082000061FF4FFAD3AF4FFD455F4FF8170F4FFD6
:10083000B68AF4FF75A4F4FFC3BDF4FFA2D6F4FF9B
:1008400015EFF4FF1E07F5FFC11EF5FF0036F5FF9B
:10085000DD4CF5FF5A63F5FF7B79F5FF418FF5FF1E
:10086000AFA4F5FFC6B9F5FF88CEF5FFF8E2F5FFB6
:1008700018F7F5FFE80AF6FF6C1EF6FFA531F6FF44
:100880009544F6FF3C57F6FF9D69F6FFBA7BF6FFED
:10089000938DF6FF2B9FF6FF82B0F6FF9AC1F6FF0D
:1008A00075D2F6FF13E3F6FF77F3F6FFA003F7FF29
:1008B0009113F7FF4B23F7FFCE32F7FF1B42F7FFF1
:1008C0003551F7FF1B60F7FFD06EF7FF537DF7FF41
:1008D000A68BF7FFC999F7FFBFA7F7FF86B5F7FF0C
:1008E00022C3F7FF91D0F7FFD6DDF7FFF0EAF7FF5D
:1008F000E2F7F7FFAA04F8FF4B11F8FFC51DF8FF58
:10090000182AF8FF4636F8FF4F42F8FF334EF8FF3B
:10091000F359F8FF9165F8FF0C71F8FF657CF8FF5B
:100920009D87F8FFB492F8FFAB9DF8FF82A8F8FF0F
:100930003AB3F8FFD4BDF8FF4FC8F8FFADD2F8FFC7
:10094000EEDCF8FF13E7F8FF1BF1F8FF08FBF8FFF8
:10095000D904F9FF900EF9FF2C18F9FFAF21F9FF28
:10096000182BF9FF6734F9FF9E3DF9FFBD46F9FFEB
:10097000C44FF9FFB358F9FF8B61F9FF4C6AF9FFD7
:10098000F772F9FF8B7BF9FF0984F9FF728CF9FF8D
:10099000C694F9FF059DF9FF2FA5F9FF45ADF9FFB5
:1009A00048B5F9FF36BDF9FF11C5F9FFD9CCF9FFFC
:1009B0008ED4F9FF30DCF9FFC0E3F9FF3EEBF9FF1D
:1009C000AAF2F9FF05FAF9FF4E01FAFF8608FAFFCD
:1009D000AE0FFAFFC516FAFFCB1DFAFFC124FAFFCE
:1009E000A82BFAFF7E32FAFF4539FAFFFD3FFAFFE6
:1009F000A646FAFF404DFAFFCB53FAFF475AFAFFDB
:100A0000B560FAFF1667FAFF686DFAFFAC73FAFF7C
:100A1000E379FAFF0C80FAFF2886FAFF378CFAFF99
:100A20003992FAFF2F98FAFF189EFAFFF4A3FAFF03
:100A3000C4A9FAFF88AFFAFF40B5FAFFECBAFAFF93
:100A40008CC0FAFF21C6FAFFAACBFAFF29D1FAFF20
:100A50009CD6FAFF04DCFAFF61E1FAFFB3E6FAFF85
:100A6000FBEBFAFF38F1FAFF6BF6FAFF94FBFAFFA3
:100A7000B200FBFFC705FBFFD20AFBFFD30FFBFF52
:100A8000CA14FBFFB719FBFF9C1EFBFF7723FBFF7C
:100A90004828FBFF112DFBFFD031FBFF8736FBFF02
:100AA000343BFBFFD93FFBFF7644FBFF0949FBFFCB
:100AB000954DFBFF1852FBFF9356FBFF055BFBFFB9
:100AC000705FFBFFD263FBFF2D68FBFF806CFBFFB9
:100AD000CB70FBFF0E75FBFF4A79FBFF7E7DFBFFB2
:100AE000AB81FBFFD185FBFFEF89FBFF068EFBFF90
:100AF0001692FBFF1F96FBFF219AFBFF1C9EFBFF3C
:100B000010A2FBFFFEA5FBFFE4A9FBFFC5ADFBFFA9
:100B10009EB1FBFF71B5FBFF3EB9FBFF04BDFBFFC0
:100B2000C4C0FBFF7EC4FBFF32C8FBFFDFCBFBFF73
:100B300087CFFBFF28D3FBFFC4D6FBFF5ADAFBFFAE
:100B4000E9DDFBFF73E1FBFFF8E4FBFF77E8FBFF68
:100B5000F0EBFBFF63EFFBFFD1F2FBFF3AF6FBFF8D
:100B60009DF9FBFFFBFCFBFF5400FCFFA703FCFF10
:100B7000F506FCFF3E0AFCFF820DFCFFC110FCFFE6
:100B8000FB13FCFF3017FCFF601AFCFF8B1DFCFF02
:100B9000B220FCFFD323FCFFF026FCFF082AFCFF59
:100BA0001C2DFCFF2B30FCFF3533FCFF3B36FCFFDC
:100BB0003C39FCFF393CFCFF323FFCFF2642FCFF86
:100BC0001645FCFF0148FCFFE94AFCFFCC4DFCFF49
:100BD000AB50FCFF8553FCFF5C56FCFF2E59FCFF1D
:100BE000FD5BFCFFC75EFCFF8E61FCFF5164FCFFF8
:100BF0000F67FCFFCA69FCFF816CFCFF346FFCFFD0
:100C0000E471FCFF9074FCFF3877FCFFDC79FCFF9B
:100C10007D7CFCFF1A7FFCFFB381FCFF4984FCFF55
:100C2000DB86FCFF6A89FCFFF68BFCFF7E8EFCFFF7
:100C30000291FCFF8393FCFF0196FCFF7C98FCFF74
:100C4000F39AFCFF679DFCFFD79FFCFF45A2FCFFCA
:100C5000AFA4FCFF16A7FCFF7AA9FCFFDBABFCFFEF
:100C600038AEFCFF93B0FCFFEBB2FCFF3FB5FCFFDE
:100C700091B7FCFFDFB9FCFF2BBCFCFF73BEFCFF90
:100C8000B9C0FCFFFCC2FCFF3CC5FCFF79C7FCFF00
:100C9000B3C9FCFFEBCBFCFF20CEFCFF51D0FCFF27
:100CA00081D2FCFFADD4FCFFD7D6FCFFFED8FCFF01
:100CB00023DBFCFF44DDFCFF64DFFCFF80E1FCFF85
:100CC0009AE3FCFFB2E5FCFFC7E7FCFFD9E9FCFFB4
:100CD000E9EBFCFFF6EDFCFF01F0FCFF0AF2FCFF84
:100CE00010F4FCFF13F6FCFF14F8FCFF13FAFCFFF2
:100CF00010FCFCFF0AFEFCFF0200FDFFF701FDFFF8
:100D0000EA03FDFFDB05FDFFCA07FDFFB609FDFF96
:100D1000A10BFDFF890DFDFF6E0FFDFF5211FDFFC1
:100D20003313FDFF1315FDFFF016FDFFCB18FDFF7C
:100D3000A31AFDFF7A1CFDFF4F1EFDFF2220FDFFC1
:100D4000F221FDFFC123FDFF8D25FDFF5827FDFF8B
:100D50002029FDFFE72AFDFFAB2CFDFF6E2EFDFFD6
:100D60002E30FDFFED31FDFFAA33FDFF6535FDFFA0
:100D70001E37FDFFD538FDFF8A3AFDFF3E3CFDFFE3
:100D8000EF3DFDFF9F3FFDFF4D41FDFFF942FDFFA0
:100D9000A344FDFF4C46FDFFF247FDFF9749FDFFD1
:100DA0003B4BFDFFDC4CFDFF7C4EFDFF1A50FDFF71
:100DB000B651FDFF5153FDFFEA54FDFF8156FDFF83
:100DC0001758FDFFAB59FDFF3D5BFDFFCE5CFDFFFE
:100DD0005D5EFDFFEB5FFDFF7761FDFF0163FDFFE2
:100DE0008A64FDFF1166FDFF9767FDFF1B69FDFF2C
:100DF0009D6AFDFF1E6CFDFF9E6DFDFF1C6FFDFFDC
:100E00009870FDFF1372FDFF8D73FDFF0575FDFFEB
:100E10007B76FDFFF077FDFF6479FDFFD67AFDFF5D
:100E2000477CFDFFB67DFDFF247FFDFF9180FDFF28
:100E3000FC81FDFF6683FDFFCE84FDFF3586FDFF4F
:100E40009B87FDFFFF88FDFF628AFDFFC48BFDFFCE
:100E5000248DFDFF838EFDFFE18FFDFF3D91FDFFA2
:100E60009992FDFFF293FDFF4B95FDFFA296FDFFCA
:100E7000F897FDFF4D99FDFFA09AFDFFF29BFDFF46
:100E8000439DFDFF939EFDFFE29FFDFF2FA1FDFF10
:100E90007BA2FDFFC6A3FDFF10A5FDFF58A6FDFF29
:100EA0009FA7FDFFE6A8FDFF2BAAFDFF6EABFDFF90
:100EB000B1ACFDFFF3ADFDFF33AFFDFF72B0FDFF41
:100EC000B0B1FDFFEDB2FDFF29B4FDFF64B5FDFF3C
:100ED0009DB6FDFFD6B7FDFF0DB9FDFF44BAFDFF7E
:100EE00079BBFDFFADBCFDFFE0BDFDFF13BFFDFF06
:100EF00044C0FDFF74C1FDFFA2C2FDFFD0C3FDFFD2
:100F0000FDC4FDFF29C6FDFF54C7FDFF7EC8FDFFE0
:100F1000A6C9FDFFCECAFDFFF5CBFDFF1BCDFDFF32
:100F200040CEFDFF63CFFDFF86D0FDFFA8D1FDFFC2
:100F3000C9D2FDFFE9D3FDFF08D5FDFF26D6FDFF91
:100F400043D7FDFF5FD8FDFF7AD9FDFF95DAFDFF9E
:100F5000AEDBFDFFC6DCFDFFDEDDFDFFF4DEFDFFE9
:100F60000AE0FDFF1FE1FDFF33E2FDFF46E3FDFF69
:100F700058E4FDFF69E5FDFF79E6FDFF89E7FDFF28
:100F800097E8FDFFA5E9FDFFB2EAFDFFBEEBFDFF1F
:100F9000C9ECFDFFD3EDFDFFDDEEFDFFE5EFFDFF4D
:100FA000EDF0FDFFF4F1FDFFFAF2FDFFFFF3FDFFB1
:100FB00004F5FDFF07F6FDFF0AF7FDFF0CF8FDFF46
:100FC0000DF9FDFF0EFAFDFF0DFBFDFF0CFCFDFF13
:100FD0000AFDFDFF08FEFDFF04FFFDFF0000FEFF10
:100FE000FB00FEFFF501FEFFEE02FEFFE703FEFF42
:100FF000DF04FEFFD605FEFFCC06FEFFC207FEFFA4
:10100000B708FEFFAB09FEFF9F0AFEFF910BFEFF34
:10101000830CFEFF750DFEFF650EFEFF550FFEFFF4
:101020004410FEFF3311FEFF2012FEFF0D13FEFFE2
:10103000F913FEFFE514FEFFD015FEFFBA16FEFF02
:10104000A417FEFF8D18FEFF7519FEFF5C1AFEFF48
:10105000431BFEFF291CFEFF0F1DFEFFF41DFEFFBC
:10106000D81EFEFFBB1FFEFF9E20FEFF8021FEFF5D
:101070006222FEFF4323FEFF2324FEFF0325FEFF23
:10108000E225FEFFC026FEFF9E27FEFF7B28FEFF17
:101090005729FEFF332AFEFF0E2BFEFFE92BFEFF32
:1010A000C32CFEFF9C2DFEFF752EFEFF4D2FFEFF75
:1010B0002530FEFFFC30FEFFD231FEFFA832FEFFDE
:1010C0007D33FEFF5234FEFF2635FEFFFA35FEFF6C
:1010D000CC36FEFF9F37FEFF7138FEFF4239FEFF20
:1010E000123AFEFFE23AFEFFB23BFEFF813CFEFFFA
:1010F0004F3DFEFF1D3EFEFFEA3EFEFFB73FFEFFF7
:101100008340FEFF4E41FEFF1942FEFFE442FEFF18
:10111000AE43FEFF7744FEFF4045FEFF0946FEFF5B
:10112000D046FEFF9847FEFF5E48FEFF2549FEFFC2
:10113000EA49FEFFB04AFEFF744BFEFF384CFEFF4B
:10114000FC4CFEFFBF4DFEFF824EFEFF444FFEFFF4
:101150000650FEFFC750FEFF8851FEFF4852FEFFBB
:101160000753FEFFC653FEFF8554FEFF4355FEFFA7
:101170000156FEFFBE56FEFF7B57FEFF3758FEFFAF
:10118000F358FEFFAE59FEFF695AFEFF235BFEFFD8
:10119000DD5BFEFF975CFEFF505DFEFF085EFEFF1D
:1011A000C05EFEFF785FFEFF2F60FEFFE660FEFF81
:1011B0009C61FEFF5262FEFF0763FEFFBC63FEFF01
:1011C0007064FEFF2465FEFFD865FEFF8B66FEFFA0
:1011D0003D67FEFFEF67FEFFA168FEFF5369FEFF5C
:1011E000036AFEFFB46AFEFF646BFEFF146CFEFF31
:1011F000C36CFEFF726DFEFF206EFEFFCE6EFEFF23
:101200007B6FFEFF2870FEFFD570FEFF8171FEFF31
:101210002D72FEFFD972FEFF8473FEFF2E74FEFF57
:10122000D974FEFF8275FEFF2C76FEFFD576FEFF99
:101230007E77FEFF2678FEFFCE78FEFF7579FEFFF3
:101240001C7AFEFFC37AFEFF697BFEFF0F7CFEFF68
:10125000B47CFEFF5A7DFEFFFE7DFEFFA37EFEFFF7
:10126000477FFEFFEA7FFEFF8D80FEFF3081FEFF9D
:10127000D381FEFF7582FEFF1783FEFFB883FEFF5A
:101280005984FEFFFA84FEFF9A85FEFF3A86FEFF30
:10129000D986FEFF7987FEFF1788FEFFB688FEFF1E
:1012A0005489FEFFF289FEFF8F8AFEFF2C8BFEFF22
:1012B000C98BFEFF658CFEFF018DFEFF9D8DFEFF3D
:1012C000388EFEFFD38EFEFF6E8FFEFF0890FEFF6E
:1012D000A290FEFF3C91FEFFD591FEFF6E92FEFFB5
:1012E0000693FEFF9F93FEFF3794FEFFCE94FEFF12
:1012F0006695FEFFFD95FEFF9396FEFF2997FEFF84
:10130000BF97FEFF5598FEFFEA98FEFF7F99FEFF0C
:10131000149AFEFFA89AFEFF3C9BFEFFD09BFEFFA7
:10132000649CFEFFF79CFEFF8A9DFEFF1C9EFEFF55
:10133000AE9EFEFF409FFEFFD29FFEFF63A0FEFF1A
:10134000F4A0FEFF84A1FEFF15A2FEFFA5A2FEFFF2
:1013500034A3FEFFC4A3FEFF53A4FEFFE2A4FEFFDE
:1013600070A5FEFFFFA5FEFF8DA6FEFF1AA7FEFFDC
:10137000A8A7FEFF35A8FEFFC1A8FEFF4EA9FEFFED
:10138000DAA9FEFF66AAFEFFF2AAFEFF7DABFEFF12
:1013900008ACFEFF93ACFEFF1DADFEFFA8ADFEFF47
:1013A00031AEFEFFBBAEFEFF44AFFEFFCEAFFEFF91
:1013B00056B0FEFFDFB0FEFF67B1FEFFEFB1FEFFEC
:1013C00077B2FEFFFEB2FEFF86B3FEFF0CB4FEFF57
:1013D00093B4FEFF1AB5FEFFA0B5FEFF25B6FEFFD3
:1013E000ABB6FEFF30B7FEFFB5B7FEFF3AB8FEFF63
:1013F000BFB8FEFF43B9FEFFC7B9FEFF4BBAFEFF01
:10140000CEBAFEFF52BBFEFFD5BBFEFF57BCFEFFB0
:10141000DABCFEFF5CBDFEFFDEBDFEFF60BEFEFF70
:10142000E1BEFEFF62BFFEFFE3BFFEFF64C0FEFF42
:10143000E5C0FEFF65C1FEFFE5C1FEFF65C2FEFF20
:10144000E4C2FEFF63C3FEFFE3C3FEFF61C4FEFF11
:10145000E0C4FEFF5EC5FEFFDCC5FEFF5AC6FEFF10
:10146000D8C6FEFF55C7FEFFD2C7FEFF4FC8FEFF1E
:10147000CCC8FEFF48C9FEFFC4C9FEFF40CAFEFF3C
:10148000BCCAFEFF38CBFEFFB3CBFEFF2ECCFEFF67
:10149000A9CCFEFF23CDFEFF9ECDFEFF18CEFEFFA2
:1014A00092CEFEFF0CCFFEFF85CFFEFFFECFFEFFEC
:1014B00077D0FEFFF0D0FEFF69D1FEFFE1D1FEFF45
:1014C00059D2FEFFD1D2FEFF49D3FEFFC0D3FEFFAB
:1014D00038D4FEFFAFD4FEFF26D5FEFF9CD5FEFF1D
:1014E00013D6FEFF89D6FEFFFFD6FEFF75D7FEFF9F
:1014F000EBD7FEFF60D8FEFFD5D8FEFF4AD9FEFF2E
:10150000BFD9FEFF33DAFEFFA8DAFEFF1CDBFEFFC9
:1015100090DBFEFF04DCFEFF77DCFEFFEBDCFEFF72
:101520005EDDFEFFD1DDFEFF44DEFEFFB6DEFEFF28
:1015300028DFFEFF9BDFFEFF0DE0FEFF7EE0FEFFEB
:10154000F0E0FEFF61E1FEFFD2E1FEFF43E2FEFFBD
:10155000B4E2FEFF25E3FEFF95E3FEFF05E4FEFF98
:1015600075E4FEFFE5E4FEFF55E5FEFFC4E5FEFF82
:1015700034E6FEFFA3E6FEFF12E7FEFF80E7FEFF74
:10158000EFE7FEFF5DE8FEFFCBE8FEFF39E9FEFF77
:10159000A7E9FEFF15EAFEFF82EAFEFFEFEAFEFF83
:1015A0005CEBFEFFC9EBFEFF36ECFEFFA2ECFEFF9C
:1015B0000FEDFEFF7BEDFEFFE7EDFEFF53EEFEFFBE
:1015C000BEEEFEFF2AEFFEFF95EFFEFF00F0FEFFEE
:1015D0006BF0FEFFD6F0FEFF40F1FEFFABF1FEFF29
:1015E00015F2FEFF7FF2FEFFE9F2FEFF53F3FEFF6E
:1015F000BCF3FEFF26F4FEFF8FF4FEFFF8F4FEFFBF
:1016000061F5FEFFC9F5FEFF32F6FEFF9AF6FEFF1A
:1016100003F7FEFF6BF7FEFFD3F7FEFF3AF8FEFF7E
:10162000A2F8FEFF09F9FEFF70F9FEFFD7F9FEFFF1
:101630003EFAFEFFA5FAFEFF0CFBFEFF72FBFEFF6B
:10164000D8FBFEFF3EFCFEFFA4FCFEFF0AFDFEFFF2
:1016500070FDFEFFD5FDFEFF3BFEFEFFA0FEFEFF80
:1016600005FFFEFF6AFFFEFFCEFFFEFF3300FFFF18
:101670009700FFFFFB00FFFF5F01FFFFC301FFFFBC
:101680002702FFFF8B02FFFFEE02FFFF5103FFFF68
:10169000B503FFFF1804FFFF7B04FFFFDD04FFFF1E
:1016A0004005FFFFA205FFFF0406FFFF6706FFFFDF
:1016B000C906FFFF2A07FFFF8C07FFFFEE07FFFFAA
:1016C0004F08FFFFB008FFFF1109FFFF7209FFFF7E
:1016D000D309FFFF340AFFFF940AFFFFF50AFFFF5B
:1016E000550BFFFFB50BFFFF150CFFFF750CFFFF40
:1016F000D50CFFFF340DFFFF940DFFFFF30DFFFF2F
:10170000520EFFFFB10EFFFF100FFFFF6F0FFFFF25
:10171000CD0FFFFF2C10FFFF8A10FFFFE810FFFF27
:101720004611FFFFA411FFFF0212FFFF5F12FFFF30
:10173000BD12FFFF1A13FFFF7813FFFFD513FFFF42
:101740003214FFFF8F14FFFFEB14FFFF4815FFFF5C
:10175000A415FFFF0116FFFF5D16FFFFB916FFFF7F
:101760001517FFFF7117FFFFCC17FFFF2818FFFFAA
:101770008318FFFFDF18FFFF3A19FFFF9519FFFFDE
:10178000F019FFFF4B1AFFFFA51AFFFF001BFFFF19
:101790005A1BFFFFB51BFFFF0F1CFFFF691CFFFF5C
:1017A000C31CFFFF1D1DFFFF761DFFFFD01DFFFFA8
:1017B000291EFFFF831EFFFFDC1EFFFF351FFFFFFB
:1017C0008E1FFFFFE71FFFFF3F20FFFF9820FFFF57
:1017D000F020FFFF4921FFFFA121FFFFF921FFFFBB
:1017E0005122FFFFA922FFFF0123FFFF5923FFFF23
:1017F000B023FFFF0824FFFF5F24FFFFB624FFFF95
:101800000D25FFFF6425FFFFBB25FFFF1226FFFF0D
:101810006826FFFFBF26FFFF1527FFFF6C27FFFF8E
:10182000C227FFFF1828FFFF6E28FFFFC428FFFF15
:101830001929FFFF6F29FFFFC529FFFF1A2AFFFFA4
:101840006F2AFFFFC52AFFFF1A2BFFFF6F2BFFFF39
:10185000C32BFFFF182CFFFF6D2CFFFFC12CFFFFD8
:10186000162DFFFF6A2DFFFFBE2DFFFF132EFFFF7A
:10187000672EFFFFBA2EFFFF0E2FFFFF622FFFFF25
:10188000B62FFFFF0930FFFF5C30FFFFB030FFFFD6
:101890000331FFFF5631FFFFA931FFFFFC31FFFF8E
:1018A0004F32FFFFA132FFFFF432FFFF4633FFFF4D
:1018B0009933FFFFEB33FFFF3D34FFFF8F34FFFF12
:1018C000E134FFFF3335FFFF8535FFFFD635FFFFDE
:1018D0002836FFFF7936FFFFCB36FFFF1C37FFFFAF
:1018E0006D37FFFFBE37FFFF0F38FFFF6038FFFF88
:1018F000B138FFFF0239FFFF5239FFFFA339FFFF65
:10190000F339FFFF433AFFFF943AFFFFE43AFFFF4A
:10191000343BFFFF843BFFFFD33BFFFF233CFFFF34
:10192000733CFFFFC23CFFFF123DFFFF613DFFFF25
:10193000B03DFFFF003EFFFF4F3EFFFF9E3EFFFF1B
:10194000ED3EFFFF3B3FFFFF8A3FFFFFD93FFFFF19
:101950002740FFFF7640FFFFC440FFFF1241FFFF1B
:101960006141FFFFAF41FFFFFD41FFFF4B42FFFF22
:101970009842FFFFE642FFFF3443FFFF8143FFFF32
:10198000CF43FFFF1C44FFFF6A44FFFFB744FFFF44
:101990000445FFFF5145FFFF9E45FFFFEB45FFFF5D
:1019A0003846FFFF8446FFFFD146FFFF1D47FFFF7C
:1019B0006A47FFFFB647FFFF0248FFFF4F48FFFFA0
:1019C0009B48FFFFE748FFFF3349FFFF7F49FFFFC9
:1019D000CA49FFFF164AFFFF624AFFFFAD4AFFFFF9
:1019E000F94AFFFF444BFFFF8F4BFFFFDA4BFFFF2E
:1019F000264CFFFF714CFFFFBC4CFFFF064DFFFF65
:101A0000514DFFFF9C4DFFFFE74DFFFF314EFFFFA4
:101A10007C4EFFFFC64EFFFF104FFFFF5B4FFFFFE7
:101A2000A54FFFFFEF4FFFFF3950FFFF8350FFFF30
:101A3000CD50FFFF1651FFFF6051FFFFAA51FFFF7E
:101A4000F351FFFF3D52FFFF8652FFFFCF52FFFFD2
:101A50001953FFFF6253FFFFAB53FFFFF453FFFF28
:101A60003D54FFFF8654FFFFCE54FFFF1755FFFF85
:101A70006055FFFFA855FFFFF155FFFF3956FFFFE7
:101A80008256FFFFCA56FFFF1257FFFF5A57FFFF4C
:101A9000A257FFFFEA57FFFF3258FFFF7A58FFFFB8
:101AA000C258FFFF0959FFFF5159FFFF9859FFFF27
:101AB000E059FFFF275AFFFF6F5AFFFFB65AFFFF9B
:101AC000FD5AFFFF445BFFFF8B5BFFFFD25BFFFF15
:101AD000195CFFFF605CFFFFA75CFFFFED5CFFFF91
:101AE000345DFFFF7B5DFFFFC15DFFFF075EFFFF12
:101AF0004E5EFFFF945EFFFFDA5EFFFF205FFFFF99
:101B0000675FFFFFAD5FFFFFF35FFFFF3860FFFF21
:101B10007E60FFFFC460FFFF0A61FFFF4F61FFFFB0
:101B20009561FFFFDA61FFFF2062FFFF6562FFFF43
:101B3000AA62FFFFF062FFFF3563FFFF7A63FFFFDA
:101B4000BF63FFFF0464FFFF4964FFFF8E64FFFF74
:101B5000D264FFFF1765FFFF5C65FFFFA065FFFF15
:101B6000E565FFFF2966FFFF6E66FFFFB266FFFFB8
:101B7000F666FFFF3A67FFFF7E67FFFFC367FFFF61
:101B80000768FFFF4B68FFFF8E68FFFFD268FFFF0B
:101B90001669FFFF5A69FFFF9D69FFFFE169FFFFBB
:101BA000246AFFFF686AFFFFAB6AFFFFEF6AFFFF6F
:101BB000326BFFFF756BFFFFB86BFFFFFB6BFFFF27
:101BC0003E6CFFFF816CFFFFC46CFFFF076DFFFFE2
:101BD0004A6DFFFF8D6DFFFFCF6DFFFF126EFFFFA0
:101BE000556EFFFF976EFFFFDA6EFFFF1C6FFFFF62
:101BF0005E6FFFFFA16FFFFFE36FFFFF2570FFFF29
:101C00006770FFFFA970FFFFEB70FFFF2D71FFFFF3
:101C10006F71FFFFB171FFFFF371FFFF3472FFFFC0
:101C20007672FFFFB872FFFFF972FFFF3B73FFFF91
:101C30007C73FFFFBD73FFFFFF73FFFF4074FFFF67
:101C40008174FFFFC274FFFF0475FFFF4575FFFF3E
:101C50008675FFFFC775FFFF0776FFFF4876FFFF1A
:101C60008976FFFFCA76FFFF0A77FFFF4B77FFFFFA
:101C70008C77FFFFCC77FFFF0D78FFFF4D78FFFFDC
:101C80008D78FFFFCE78FFFF0E79FFFF4E79FFFFC3
:101C90008E79FFFFCE79FFFF0F7AFFFF4F7AFFFFAC
:101CA0008E7AFFFFCE7AFFFF0E7BFFFF4E7BFFFF9A
:101CB0008E7BFFFFCD7BFFFF0D7CFFFF4D7CFFFF89
:101CC0008C7CFFFFCC7CFFFF0B7DFFFF4B7DFFFF7C
:101CD0008A7DFFFFC97DFFFF087EFFFF487EFFFF73
:101CE000877EFFFFC67EFFFF057FFFFF447FFFFF6C
:101CF000837FFFFFC27FFFFF0180FFFF3F80FFFF69
:101D00007E80FFFFBD80FFFFFC80FFFF3A81FFFF69
:101D10007981FFFFB781FFFFF681FFFF3482FFFF6C
:101D20007382FFFFB182FFFFEF82FFFF2D83FFFF72
:101D30006C83FFFFAA83FFFFE883FFFF2684FFFF7A
:101D40006484FFFFA284FFFFE084FFFF1E85FFFF86
:101D50005C85FFFF9985FFFFD785FFFF1586FFFF95
:101D60005286FFFF9086FFFFCE86FFFF0B87FFFFA7
:101D70004887FFFF8687FFFFC387FFFF0188FFFFBC
:101D80003E88FFFF7B88FFFFB888FFFFF688FFFFD4
:101D90003389FFFF7089FFFFAD89FFFFEA89FFFFED
:101DA000278AFFFF648AFFFFA08AFFFFDD8AFFFF0B
:101DB0001A8BFFFF578BFFFF938BFFFFD08BFFFF2B
:101DC0000D8CFFFF498CFFFF868CFFFFC28CFFFF4D
:101DD000FF8CFFFF3B8DFFFF778DFFFFB48DFFFF73
:101DE000F08DFFFF2C8EFFFF688EFFFFA48EFFFF9C
:101DF000E18EFFFF1D8FFFFF598FFFFF958FFFFFC4
:101E0000D18FFFFF0C90FFFF4890FFFF8490FFFFF2
:101E1000C090FFFFFC90FFFF3791FFFF7391FFFF22
:101E2000AF91FFFFEA91FFFF2692FFFF6192FFFF54
:101E30009D92FFFFD892FFFF1493FFFF4F93FFFF88
:101E40008A93FFFFC593FFFF0194FFFF3C94FFFFC0
:101E50007794FFFFB294FFFFED94FFFF2895FFFFFB
:101E60006395FFFF9E95FFFFD995FFFF1496FFFF37
:101E70004F96FFFF8A96FFFFC496FFFFFF96FFFF76
:101E80003A97FFFF7597FFFFAF97FFFFEA97FFFFB6
:101E90002498FFFF5F98FFFF9998FFFFD498FFFFFA
:101EA0000E99FFFF4999FFFF8399FFFFBD99FFFF3F
:101EB000F899FFFF329AFFFF6C9AFFFFA69AFFFF87
:101EC000E09AFFFF1A9BFFFF549BFFFF8E9BFFFFD3
:101ED000C89BFFFF029CFFFF3C9CFFFF769CFFFF1F
:101EE000B09CFFFFEA9CFFFF249DFFFF5D9DFFFF6D
:101EF000979DFFFFD19DFFFF0A9EFFFF449EFFFFBE
:101F00007E9EFFFFB79EFFFFF19EFFFF2A9FFFFF10
:101F1000649FFFFF9D9FFFFFD69FFFFF10A0FFFF65
:101F200049A0FFFF82A0FFFFBBA0FFFFF5A0FFFFBE
:101F30002EA1FFFF67A1FFFFA0A1FFFFD9A1FFFF17
:101F400012A2FFFF4BA2FFFF84A2FFFFBDA2FFFF73
:101F5000F6A2FFFF2FA3FFFF68A3FFFFA1A3FFFFD0
:101F6000D9A3FFFF12A4FFFF4BA4FFFF84A4FFFF30
:101F7000BCA4FFFFF5A4FFFF2EA5FFFF66A5FFFF92
:101F80009FA5FFFFD7A5FFFF10A6FFFF48A6FFFFF5
:101F900081A6FFFFB9A6FFFFF1A6FFFF2AA7FFFF5B
:101FA00062A7FFFF9AA7FFFFD3A7FFFF0BA8FFFFC2
:101FB00043A8FFFF7BA8FFFFB3A8FFFFEBA8FFFF2D
:101FC00023A9FFFF5BA9FFFF93A9FFFFCBA9FFFF99
:101FD00003AAFFFF3BAAFFFF73AAFFFFABAAFFFF05
:101FE000E3AAFFFF1BABFFFF52ABFFFF8AABFFFF74
:101FF000C2ABFFFFFAABFFFF31ACFFFF69ACFFFFE5
:10200000A1ACFFFFD8ACFFFF10ADFFFF47ADFFFF56
:102010007FADFFFFB6ADFFFFEEADFFFF25AEFFFFCB
:102020005CAEFFFF94AEFFFFCBAEFFFF02AFFFFF42
:102030003AAFFFFF71AFFFFFA8AFFFFFDFAFFFFFBA
:1020400017B0FFFF4EB0FFFF85B0FFFFBCB0FFFF32
:10205000F3B0FFFF2AB1FFFF61B1FFFF98B1FFFFAF
:10206000CFB1FFFF06B2FFFF3DB2FFFF74B2FFFF2B
:10207000ABB2FFFFE2B2FFFF18B3FFFF4FB3FFFFAA
:1020800086B3FFFFBDB3FFFFF3B3FFFF2AB4FFFF2B
:1020900061B4FFFF97B4FFFFCEB4FFFF05B5FFFFAC
:1020A0003BB5FFFF72B5FFFFA8B5FFFFDFB5FFFF30
:1020B00015B6FFFF4CB6FFFF82B6FFFFB8B6FFFFB5
:1020C000EFB6FFFF25B7FFFF5BB7FFFF92B7FFFF3C
:1020D000C8B7FFFFFEB7FFFF34B8FFFF6BB8FFFFC5
:1020E000A1B8FFFFD7B8FFFF0DB9FFFF43B9FFFF4E
:1020F00079B9FFFFAFB9FFFFE6B9FFFF1CBAFFFFD9
:1021000052BAFFFF88BAFFFFBDBAFFFFF3BAFFFF65
:1021100029BBFFFF5FBBFFFF95BBFFFFCBBBFFFFF3
:1021200001BCFFFF37BCFFFF6CBCFFFFA2BCFFFF81
:10213000D8BCFFFF0EBDFFFF43BDFFFF79BDFFFF12
:10214000AFBDFFFFE4BDFFFF1ABEFFFF4FBEFFFFA5
:1021500085BEFFFFBABEFFFFF0BEFFFF25BFFFFF3A
:102160005BBFFFFF90BFFFFFC6BFFFFFFBBFFFFFCF
:1021700031C0FFFF66C0FFFF9BC0FFFFD1C0FFFF64
:1021800006C1FFFF3BC1FFFF71C1FFFFA6C1FFFFFB
:10219000DBC1FFFF10C2FFFF46C2FFFF7BC2FFFF94
:1021A000B0C2FFFFE5C2FFFF1AC3FFFF4FC3FFFF2F
:1021B00084C3FFFFB9C3FFFFEEC3FFFF23C4FFFFCC
:1021C00058C4FFFF8DC4FFFFC2C4FFFFF7C4FFFF69
:1021D0002CC5FFFF61C5FFFF96C5FFFFCBC5FFFF05
:1021E00000C6FFFF35C6FFFF69C6FFFF9EC6FFFFA3
:1021F000D3C6FFFF08C7FFFF3DC7FFFF71C7FFFF43
:10220000A6C7FFFFDBC7FFFF0FC8FFFF44C8FFFFE4
:1022100079C8FFFFADC8FFFFE2C8FFFF17C9FFFF86
:102220004BC9FFFF80C9FFFFB4C9FFFFE9C9FFFF2A
:102230001DCAFFFF52CAFFFF86CAFFFFBBCAFFFFCE
:10224000EFCAFFFF23CBFFFF58CBFFFF8CCBFFFF75
:10225000C1CBFFFFF5CBFFFF29CCFFFF5ECCFFFF1B
:1022600092CCFFFFC6CCFFFFFACCFFFF2FCDFFFFC4
:1022700063CDFFFF97CDFFFFCBCDFFFF00CEFFFF6C
:1022800034CEFFFF68CEFFFF9CCEFFFFD0CEFFFF16
:1022900004CFFFFF38CFFFFF6CCFFFFFA1CFFFFFC1
:1022A000D5CFFFFF09D0FFFF3DD0FFFF71D0FFFF6B
:1022B000A5D0FFFFD9D0FFFF0DD1FFFF41D1FFFF18
:1022C00074D1FFFFA8D1FFFFDCD1FFFF10D2FFFFC9
:1022D00044D2FFFF78D2FFFFACD2FFFFE0D2FFFF76
:1022E00013D3FFFF47D3FFFF7BD3FFFFAFD3FFFF26
:1022F000E3D3FFFF16D4FFFF4AD4FFFF7ED4FFFFD6
:10230000B2D4FFFFE5D4FFFF19D5FFFF4DD5FFFF86
:1023100080D5FFFFB4D5FFFFE7D5FFFF1BD6FFFF3A
:102320004FD6FFFF82D6FFFFB6D6FFFFE9D6FFFFED
:102330001DD7FFFF51D7FFFF84D7FFFFB8D7FFFF9F
:10234000EBD7FFFF1FD8FFFF52D8FFFF86D8FFFF54
:10235000B9D8FFFFECD8FFFF20D9FFFF53D9FFFF0B
:1023600087D9FFFFBAD9FFFFEDD9FFFF21DAFFFFC1
:1023700054DAFFFF88DAFFFFBBDAFFFFEEDAFFFF78
:1023800022DBFFFF55DBFFFF88DBFFFFBBDBFFFF2F
:10239000EFDBFFFF22DCFFFF55DCFFFF88DCFFFFE8
:1023A000BCDCFFFFEFDCFFFF22DDFFFF55DDFFFFA1
:1023B00088DDFFFFBCDDFFFFEFDDFFFF22DEFFFF5B
:1023C00055DEFFFF88DEFFFFBBDEFFFFEEDEFFFF17
:1023D00022DFFFFF55DFFFFF88DFFFFFBBDFFFFFCF
:1023E000EEDFFFFF21E0FFFF54E0FFFF87E0FFFF8C
:1023F000BAE0FFFFEDE0FFFF20E1FFFF53E1FFFF49
:1024000086E1FFFFB9E1FFFFECE1FFFF1FE2FFFF05
:1024100052E2FFFF85E2FFFFB8E2FFFFEBE2FFFFC2
:102420001DE3FFFF50E3FFFF83E3FFFFB6E3FFFF82
:10243000E9E3FFFF1CE4FFFF4FE4FFFF82E4FFFF3F
:10244000B4E4FFFFE7E4FFFF1AE5FFFF4DE5FFFF00
:1024500080E5FFFFB3E5FFFFE5E5FFFF18E6FFFFBF
:102460004BE6FFFF7EE6FFFFB0E6FFFFE3E6FFFF80
:1024700016E7FFFF49E7FFFF7BE7FFFFAEE7FFFF40
:10248000E1E7FFFF14E8FFFF46E8FFFF79E8FFFF01
:10249000ACE8FFFFDEE8FFFF11E9FFFF44E9FFFFC3
:1024A00076E9FFFFA9E9FFFFDCE9FFFF0EEAFFFF86
:1024B00041EAFFFF73EAFFFFA6EAFFFFD9EAFFFF49
:1024C0000BEBFFFF3EEBFFFF70EBFFFFA3EBFFFF0C
:1024D000D6EBFFFF08ECFFFF3BECFFFF6DECFFFFCF
:1024E000A0ECFFFFD2ECFFFF05EDFFFF38EDFFFF93
:1024F0006AEDFFFF9DEDFFFFCFEDFFFF02EEFFFF57
:1025000034EEFFFF67EEFFFF99EEFFFFCCEEFFFF1B
:10251000FEEEFFFF31EFFFFF63EFFFFF96EFFFFFE0
:10252000C8EFFFFFFBEFFFFF2DF0FFFF5FF0FFFFA6
:1025300092F0FFFFC4F0FFFFF7F0FFFF29F1FFFF6C
:102540005CF1FFFF8EF1FFFFC0F1FFFFF3F1FFFF32
:1025500025F2FFFF58F2FFFF8AF2FFFFBDF2FFFFF7
:10256000EFF2FFFF21F3FFFF54F3FFFF86F3FFFFBE
:10257000B8F3FFFFEBF3FFFF1DF4FFFF50F4FFFF85
:1025800082F4FFFFB4F4FFFFE7F4FFFF19F5FFFF4C
:102590004BF5FFFF7EF5FFFFB0F5FFFFE2F5FFFF14
:1025A00015F6FFFF47F6FFFF79F6FFFFACF6FFFFDA
:1025B000DEF6FFFF10F7FFFF43F7FFFF75F7FFFFA2
:1025C000A7F7FFFFDAF7FFFF0CF8FFFF3EF8FFFF6A
:1025D00071F8FFFFA3F8FFFFD5F8FFFF08F9FFFF31
:1025E0003AF9FFFF6CF9FFFF9FF9FFFFD1F9FFFFF9
:1025F00003FAFFFF35FAFFFF68FAFFFF9AFAFFFFC1
:10260000CCFAFFFFFFFAFFFF31FBFFFF63FBFFFF89
:1026100095FBFFFFC8FBFFFFFAFBFFFF2CFCFFFF52
:102620005FFCFFFF91FCFFFFC3FCFFFFF5FCFFFF1A
:1026300028FDFFFF5AFDFFFF8CFDFFFFBEFDFFFFE2
:10264000F1FDFFFF23FEFFFF55FEFFFF88FEFFFFAA
:10265000BAFEFFFFECFEFFFF1EFFFFFF51FFFFFF73
:1026600083FFFFFFB5FFFFFFE7FFFFFF190000003B
:102670004B0000007D000000AF000000E200000001
:10268000140100004601000078010000AB010000C9
:10269000DD0100000F020000420200007402000091
:1026A000A6020000D80200000B0300003D0300005A
:1026B0006F030000A1030000D40300000604000023
:1026C000380400006B0400009D040000CF040000EB
:1026D00001050000340500006605000098050000B3
:1026E000CB050000FD0500002F060000610600007C
:1026F00094060000C6060000F80600002B07000044
:102700005D0700008F070000C2070000F40700000B
:1027100026080000590800008B080000BD080000D2
:10272000F008000022090000540900008709000099
:10273000B9090000EB0900001E0A0000500A000061
:10274000820A0000B50A0000E70A0000190B000029
:102750004C0B00007E0B0000B00B0000E30B0000F0
:10276000150C0000480C00007A0C0000AC0C0000B6
:10277000DF0C0000110D0000430D0000760D00007D
:10278000A80D0000DB0D00000D0E0000400E000043
:10279000720E0000A40E0000D70E0000090F00000A
:1027A0003C0F00006E0F0000A10F0000D30F0000CF
:1027B00005100000381000006A1000009D10000095
:1027C000CF1000000211000034110000671100005A
:1027D00099110000CC110000FE1100003112000020
:1027E0006312000096120000C8120000FB120000E5
:1027F0002E1300006013000093130000C5130000A7
:10280000F81300002A1400005D140000901400006A
:10281000C2140000F5140000271500005A1500002E
:102820008D150000BF150000F215000024160000F1
:10283000571600008A160000BC160000EF160000B4
:10284000221700005417000087170000BA17000075
:10285000EC1700001F180000521800008518000037
:10286000B7180000EA1800001D19000050190000F8
:1028700082190000B5190000E81900001B1A0000B9
:102880004D1A0000801A0000B31A0000E61A00007A
:10289000191B00004C1B00007E1B0000B11B000038
:1028A000E41B0000171C00004A1C00007D1C0000F7
:1028B000B01C0000E31C0000151D0000481D0000B6
:1028C0007B1D0000AE1D0000E11D0000141E000075
:1028D000471E00007A1E0000AD1E0000E01E000032
:1028E000131F0000461F0000791F0000AC1F0000EE
:1028F000DF1F0000122000004520000078200000AB
:10290000AB200000DE200000122100004521000065
:1029100078210000AB210000DE2100001122000020
:102920004422000078220000AB220000DE220000DA
:10293000112300004423000078230000AB23000093
:10294000DE2300001124000045240000782400004C
:10295000AB240000DE240000122500004525000005
:1029600078250000AC250000DF25000013260000BC
:102970004626000079260000AD260000E026000073
:1029800014270000472700007A270000AE27000028
:10299000E127000015280000482800007C280000DE
:1029A000AF280000E3280000172900004A29000092
:1029B0007E290000B1290000E5290000192A000045
:1029C0004C2A0000802A0000B32A0000E72A0000F9
:1029D0001B2B00004E2B0000822B0000B62B0000AA
:1029E000EA2B00001D2C0000512C0000852C00005B
:1029F000B92C0000ED2C0000202D0000542D00000B
:102A0000882D0000BC2D0000F02D0000242E0000B9
:102A1000582E00008C2E0000BF2E0000F32E000068
:102A2000272F00005B2F00008F2F0000C32F000016
:102A3000F72F00002B3000005F30000094300000C2
:102A4000C8300000FC30000030310000643100006C
:102A500098310000CC310000003200003532000017
:102A6000693200009D320000D132000006330000C0
:102A70003A3300006E330000A2330000D733000069
:102A80000B3400003F34000074340000A834000010
:102A9000DD34000011350000453500007A350000B6
:102AA000AE350000E3350000173600004C3600005C
:102AB00080360000B5360000E93600001E37000001
:102AC0005337000087370000BC370000F1370000A3
:102AD000253800005A3800008F380000C338000045
:102AE000F83800002D3900006239000097390000E5
:102AF000CB390000003A0000353A00006A3A000085
:102B00009F3A0000D43A0000093B00003E3B000021
:102B1000733B0000A83B0000DD3B0000123C0000BE
:102B2000473C00007C3C0000B13C0000E63C00005B
:102B30001B3D0000503D0000853D0000BA3D0000F7
:102B4000F03D0000253E00005A3E00008F3E000090
:102B5000C53E0000FA3E00002F3F0000653F000028
:102B60009A3F0000CF3F0000054000003A400000BF
:102B700070400000A5400000DB4000001041000054
:102B8000464100007B410000B1410000E6410000E9
:102B90001C4200005142000087420000BD4200007C
:102BA000F2420000284300005E430000944300000E
:102BB000C9430000FF430000354400006B4400009F
:102BC000A1440000D74400000D450000434500002B
:102BD00078450000AE450000E44500001A460000BC
:102BE0005146000087460000BD460000F346000045
:102BF000294700005F47000095470000CC470000D0
:102C000002480000384800006E480000A548000057
:102C1000DB48000011490000484900007E490000DF
:102C2000B4490000EB490000214A0000584A000066
:102C30008E4A0000C54A0000FB4A0000324B0000EB
:102C4000694B00009F4B0000D64B00000D4C00006C
:102C5000434C00007A4C0000B14C0000E84C0000EE
:102C60001E4D0000554D00008C4D0000C34D00006E
:102C7000FA4D0000314E0000684E00009F4E0000EB
:102C8000D64E00000D4F0000444F00007B4F000067
:102C9000B24F0000E94F00002150000058500000E2
:102CA0008F500000C6500000FE500000355100005B
:102CB0006C510000A4510000DB51000012520000D2
:102CC0004A52000081520000B9520000F052000048
:102CD000285300005F53000097530000CF530000BB
:102CE000065400003E54000076540000AE5400002C
:102CF000E55400001D550000555500008D5500009D
:102D0000C5550000FD550000355600006D56000009
:102D1000A5560000DD560000155700004D57000075
:102D200085570000BD570000F55700002D580000E2
:102D3000665800009E580000D65800000F59000049
:102D4000475900007F590000B8590000F0590000B1
:102D5000295A0000615A00009A5A0000D25A000015
:102D60000B5B0000445B00007C5B0000B55B000077
:102D7000EE5B0000275C00005F5C0000985C0000D8
:102D8000D15C00000A5D0000435D00007C5D000036
:102D9000B55D0000EE5D0000275E0000605E000093
:102DA000995E0000D25E00000B5F0000455F0000EE
:102DB0007E5F0000B75F0000F05F00002A60000047
:102DC000636000009C600000D66000000F6100009E
:102DD0004961000082610000BC610000F6610000F2
:102DE0002F62000069620000A3620000DC62000044
:102DF00016630000506300008A630000C463000093
:102E0000FE6300003864000072640000AC640000DF
:102E1000E6640000206500005A650000946500002B
:102E2000CE65000008660000436600007D66000075
:102E3000B7660000F26600002C67000067670000BC
:102E4000A1670000DC670000166800005168000000
:102E50008B680000C6680000016900003C69000042
:102E600076690000B1690000EC690000276A000083
:102E7000626A00009D6A0000D86A0000136B0000BF
:102E80004E6B0000896B0000C46B0000FF6B0000FC
:102E90003B6C0000766C0000B16C0000EC6C000034
:102EA000286D0000636D00009F6D0000DA6D00006A
:102EB000166E0000516E00008D6E0000C96E00009D
:102EC000046F0000406F00007C6F0000B86F0000CE
:102ED000F46F00002F7000006B700000A7700000FE
:102EE000E37000001F7100005C7100009871000029
:102EF000D4710000107200004C7200008972000052
:102F0000C5720000017300003E7300007A73000078
:102F1000B7730000F3730000307400006D7400009C
:102F2000A9740000E67400002375000060750000BD
:102F30009C750000D97500001676000053760000DD
:102F400090760000CD7600000A77000048770000F8
:102F500085770000C2770000FF7700003D78000011
:102F60007A780000B8780000F57800003279000027
:102F700070790000AE790000EB790000297A00003A
:102F8000677A0000A47A0000E27A0000207B00004B
:102F90005E7B00009C7B0000DA7B0000187C000058
:102FA000567C0000947C0000D37C0000117D000062
:102FB0004F7D00008D7D0000CC7D00000A7E00006A
:102FC000497E0000877E0000C67E0000047F00006E
:102FD000437F0000827F0000C17F0000FF7F000070
:102FE0003E8000007D800000BC800000FB8000006F
:102FF0003A81000079810000B8810000F88100006A
:103000003782000076820000B5820000F582000061
:103010003483000074830000B3830000F383000056
:103020003384000072840000B2840000F284000047
:103030003285000072850000B1850000F185000036
:103040003286000072860000B2860000F286000020
:103050003287000073870000B3870000F387000009
:103060003488000074880000B5880000F6880000ED
:103070003689000077890000B8890000F9890000CE
:10308000398A00007A8A0000BB8A0000FC8A0000AE
:103090003E8B00007F8B0000C08B0000018C000085
:1030A000438C0000848C0000C58C0000078D00005C
:1030B000488D00008A8D0000CC8D00000D8E000030
:1030C0004F8E0000918E0000D38E0000158F0000FF
:1030D000578F0000998F0000DB8F00001D900000CB
:1030E0005F900000A2900000E49000002691000094
:1030F00069910000AB910000EE9100003192000058
:1031000073920000B6920000F99200003C93000018
:103110007F930000C29300000594000048940000D3
:103120008B940000CE94000011950000559500008E
:1031300098950000DC9500001F9600006396000043
:10314000A6960000EA9600002E97000072970000F5
:10315000B5970000F99700003D98000082980000A4
:10316000C69800000A9900004E990000929900004C
:10317000D79900001B9A0000609A0000A49A0000F2
:10318000E99A00002E9B0000729B0000B79B000094
:10319000FC9B0000419C0000869C0000CB9C000032
:1031A000109D0000569D00009B9D0000E09D0000CA
:1031B000269E00006B9E0000B19E0000F69E00005F
:1031C0003C9F0000829F0000C89F00000DA00000EF
:1031D00053A0000099A00000E0A0000026A100007C
:1031E0006CA10000B2A10000F9A100003FA2000004
:1031F00085A20000CCA2000013A3000059A3000088
:10320000A0A30000E7A300002EA4000075A4000006
:10321000BCA4000003A500004AA5000091A5000081
:10322000D9A5000020A6000068A60000AFA60000F7
:10323000F7A600003EA7000086A70000CEA700006A
:1032400016A800005EA80000A6A80000EEA80000D6
:1032500036A900007EA90000C7A900000FAA00003F
:1032600058AA0000A0AA0000E9AA000032AB0000A2
:103270007AAB0000C3AB00000CAC000055AC000002
:103280009EAC0000E7AC000031AD00007AAD00005C
:10329000C3AD00000DAE000056AE0000A0AE0000B1
:1032A000EAAE000033AF00007DAF0000C7AF000002
:1032B00011B000005BB00000A5B00000F0B000004D
:1032C0003AB1000084B10000CFB1000019B2000093
:1032D00064B20000AFB20000FAB2000044B30000D4
:1032E0008FB30000DAB3000026B4000071B4000010
:1032F000BCB4000007B5000053B500009EB5000047
:10330000EAB5000036B6000081B60000CDB6000078
:1033100019B7000065B70000B1B70000FEB70000A4
:103320004AB8000096B80000E3B800002FB90000CA
:103330007CB90000C8B9000015BA000062BA0000EC
:10334000AFBA0000FCBA000049BB000096BB000009
:10335000E4BB000031BC00007FBC0000CCBC00001E
:103360001ABD000068BD0000B5BD000003BE00002E
:1033700051BE00009FBE0000EEBE00003CBF00003A
:103380008ABF0000D9BF000027C0000076C000003F
:10339000C5C0000013C1000062C10000B1C100003F
:1033A00000C2000050C200009FC20000EEC2000038
:1033B0003EC300008DC30000DDC300002DC400002B
:1033C0007CC40000CCC400001CC500006CC500001B
:1033D000BDC500000DC600005DC60000AEC6000001
:1033E000FEC600004FC70000A0C70000F1C70000E4
:1033F00042C8000093C80000E4C8000035C90000BE
:1034000087C90000D8C900002ACA00007BCA000092
:10341000CDCA00001FCB000071CB0000C3CB000061
:1034200015CC000067CC0000BACC00000CCD000029
:103430005FCD0000B1CD000004CE000057CE0000EB
:10344000AACE0000FDCE000050CF0000A4CF0000A7
:10345000F7CF00004AD000009ED00000F2D000005C
:1034600046D1000099D10000EDD1000042D2000009
:1034700096D20000EAD200003FD3000093D30000B0
:10348000E8D300003DD4000091D40000E6D4000051
:103490003BD5000091D50000E6D500003BD60000EA
:1034A00091D60000E7D600003CD7000092D700007C
:1034B000E8D700003ED8000094D80000EBD8000008
:1034C00041D9000098D90000EED9000045DA00008B
:1034D0009CDA0000F3DA00004ADB0000A1DB000008
:1034E000F8DB000050DC0000A7DC0000FFDC00007F
:1034F00057DD0000AFDD000007DE00005FDE0000EA
:10350000B7DE000010DF000068DF0000C1DF000050
:1035100019E0000072E00000CBE0000024E10000B0
:103520007DE10000D7E1000030E200008AE2000007
:10353000E3E200003DE3000097E30000F1E3000058
:103540004BE40000A6E4000000E500005BE500009D
:10355000B5E5000010E600006BE60000C6E60000DE
:1035600021E700007DE70000D8E7000034E8000014
:103570008FE80000EBE8000047E90000A3E9000045
:10358000FFE900005CEA0000B8EA000015EB00006B
:1035900071EB0000CEEB00002BEC000088EC00008B
:1035A000E6EC000043ED0000A1ED0000FEED0000A0
:1035B0005CEE0000BAEE000018EF000076EF0000AD
:1035C000D4EF000033F0000091F00000F0F00000B4
:1035D0004FF10000AEF100000DF200006CF20000AF
:1035E000CCF200002BF300008BF30000EBF30000A3
:1035F0004BF40000ABF400000BF500006CF500008C
:10360000CCF500002DF600008EF60000EFF600006D
:1036100050F70000B1F7000012F8000074F8000045
:10362000D6F8000037F9000099F90000FCF9000015
:103630005EFA0000C0FA000023FB000085FB0000DA
:10364000E8FB00004BFC0000AFFC000012FD000096
:1036500075FD0000D9FD00003DFE0000A1FE000048
:1036600005FF000069FF0000CDFF000032000100EF
:1036700096000100FB00010060010100C50101008E
:103680002B02010090020100F60201005C03010020
:10369000C2030100280401008E040100F4040100AB
:1036A0005B050100C205010029060100900601002A
:1036B000F70601005E070100C60701002D080100A2
:1036C00095080100FD08010066090100CE0901000E
:1036D000370A01009F0A0100080B0100710B01006D
:1036E000DA0B0100440C0100AD0C0100170D0100C4
:1036F000810D0100EB0D0100550E0100C00E01000F
:103700002A0F0100950F0100001001006B1001004D
:10371000D610010042110100AD1101001912010083
:1037200085120100F11201005E130100CA130100AD
:1037300037140100A4140100111501007E150100C9
:10374000EB15010059160100C716010035170100DD
:10375000A31701001118010080180100EE180100E4
:103760005D190100CC1901003C1A0100AB1A0100DF
:103770001B1B01008B1B0100FB1B01006B1C0100CC
:10378000DB1C01004C1D0100BD1D01002E1E0100AF
:103790009F1E0100101F0100821F0100F31F010086
:1037A00065200100D82001004A210100BC21010050
:1037B0002F220100A222010015230100892301000C
:1037C000FC23010070240100E424010058250100BD
:1037D000CD25010041260100B62601002B2701005E
:1037E000A0270100152801008B28010001290100F4
:1037F00077290100ED290100642A0100DA2A01007D
:10380000512B0100C82B0100402C0100B72C0100F6
:103810002F2D0100A72D01001F2E0100972E010062
:10382000102F0100892F0100023001007B300100C0
:10383000F43001006E310100E83101006232010014
:10384000DD32010057330100D23301004D34010055
:10385000C834010044350100C03501003C36010088
:10386000B836010034370100B13701002E380100AD
:10387000AB38010028390100A6390100243A0100C3
:10388000A23A0100203B01009F3B01001D3C0100CA
:103890009D3C01001C3D01009B3D01001B3E0100C1
:1038A0009B3E01001B3F01009C3F01001D400100A9
:1038B0009E4001001F410100A04101002242010081
:1038C000A442010026430100A94301002B4401004A
:1038D000AE44010032450100B54501003946010002
:1038E000BD46010041470100C64701004B480100A9
:1038F000D048010055490100DB490100604A010040
:10390000E64A01006D4B0100F44B01007A4C0100C6
:10391000024D0100894D0100114E0100994E010038
:10392000214F0100AA4F010032500100BC5001009C
:1039300045510100CF51010058520100E3520100EE
:103940006D530100F8530100835401000E5501002E
:103950009A55010026560100B25601003F5701005A
:10396000CB57010058580100E65801007359010077
:10397000015A0100905A01001E5B0100AD5B01007D
:103980003C5C0100CC5C01005B5D0100EB5D010073
:103990007C5E01000C5F01009D5F01002E60010054
:1039A000C060010052610100E46101007662010023
:1039B000096301009C63010030640100C4640100DC
:1039C00058650100EC650100816601001667010081
:1039D000AB67010041680100D76801006D69010013
:1039E000036A01009A6A0100326B0100C96B010091
:1039F000616C0100FA6C0100926D01002B6E0100F8
:103A0000C46E01005E6F0100F86F0100927001004A
:103A10002D710100C871010063720100FF72010085
:103A20009B73010037740100D474010071750100AB
:103A30000E760100AC7601004A770100E9770100BB
:103A40008778010027790100C6790100667A0100B4
:103A5000067B0100A77B0100487C0100E97C010096
:103A60008B7D01002D7E0100D07E0100737F01005F
:103A700016800100B98001005D8101000282010011
:103A8000A68201004C830100F183010097840100AC
:103A90003D850100E48501008B860100328701002D
:103AA000DA870100828801002B890100D489010096
:103AB0007E8A0100278B0100D28B01007C8C0100E3
:103AC000278D0100D38D01007F8E01002B8F010017
:103AD000D88F01008590010032910100E091010032
:103AE0008E9201003D930100EC9301009C94010033
:103AF0004C950100FD950100AD9601005F97010016
:103B000011980100C398010075990100289A0100DD
:103B1000DC9A0100909B0100449C0100F99C01008B
:103B2000AE9D0100649E01001A9F0100D19F01001B
:103B300088A0010040A10100F8A10100B0A201008D
:103B400069A3010023A40100DDA4010097A50100E1
:103B500052A601000DA70100C9A7010085A8010018
:103B600042A90100FFA90100BDAA01007BAB010031
:103B70003AAC0100F9AC0100B8AD010078AE01002B
:103B800039AF0100FAAF0100BCB001007EB1010005
:103B900041B2010004B30100C8B301008CB40100BC
:103BA00050B5010016B60100DBB60100A2B7010056
:103BB00068B8010030B90100F7B90100C0BA0100CE
:103BC00089BB010052BC01001CBD0100E7BD010022
:103BD000B2BE01007DBF010049C0010016C1010055
:103BE000E3C10100B1C201007FC301004EC4010066
:103BF0001EC50100EEC50100BEC601008FC7010051
:103C000061C8010034C9010006CA0100DACA010016
:103C1000AECB010083CC010058CD01002ECE0100B7
:103C200004CF0100DBCF0100B3D001008BD1010034
:103C300064D201003DD3010017D40100F2D4010089
:103C4000CDD50100A9D6010085D7010062D80100B9
:103C500040D901001EDA0100FDDA0100DDDB0100C0
:103C6000BDDC01009EDD010080DE010062DF01009D
:103C700045E0010028E101000CE20100F1E2010051
:103C8000D7E30100BDE40100A4E501008BE60100DB
:103C900073E701005CE8010046E9010030EA010039
:103CA0001BEB010007EC0100F3EC0100E0ED01006B
:103CB000CDEE0100BCEF0100ABF001009BF1010073
:103CC0008BF201007DF301006FF4010061F501004A
:103CD00055F6010049F701003EF8010034F90100F2
:103CE0002AFA010021FB010019FC010012FD01006C
:103CF0000BFE010005FF010000000200FC000200B5
:103D0000F8010200F6020200F4030200F3040200CC
:103D1000F2050200F3060200F4070200F6080200B2
:103D2000F9090200FC0A0200010C0200060D020063
:103D30000C0E0200130F02001B10020023110200E0
:103D40002D12020037130200421402004E15020029
:103D50005B1602006917020077180200871902003B
:103D6000971A0200A81B0200BA1C0200CD1D020017
:103D7000E11E0200F61F02000C21020022220200B6
:103D80003A230200522402006B250200862602001C
:103D9000A1270200BD280200DA290200F82A020049
:103DA000172C0200372D0200582E02007A2F020035
:103DB0009D300200C0310200E53202000B340200E7
:103DC000323502005A36020082370200AC38020057
:103DD000D7390200033B0200303C02005E3D020086
:103DE0008C3E0200BC3F0200ED4002002042020077
:103DF0005343020087440200BC450200F346020020
:103E00002A480200634902009C4A0200D74B020084
:103E1000134D0200504E02008E4F0200CD500200A2
:103E20000D5202004F53020092540200D555020079
:103E30001A57020061580200A8590200F05A020005
:103E40003A5C0200855D0200D15E02001E60020045
:103E50006D610200BD6202000E6402006065020036
:103E6000B3660200086802005E690200B56A0200DB
:103E70000E6C0200676D0200C36E02001F7002002C
:103E80007D710200DC7202003C7402009E7502002B
:103E90000177020065780200CB790200327B0200D4
:103EA0009A7C0200047E02006F7F0200DC80020028
:103EB0004A820200B98302002A8502009C86020021
:103EC0001088020085890200FB8A0200738C0200C0
:103ED000ED8D0200688F0200E49002006292020001
:103EE000E293020063950200E596020069980200E1
:103EF000EF990200769B0200FF9C0200899E02005F
:103F000015A00200A3A1020032A30200C3A4020074
:103F100055A60200E9A702007FA9020016AB020025
:103F2000AFAC02004AAE0200E6AF020084B102006C
:103F300024B30200C5B4020069B602000EB8020044
:103F4000B4B902005DBB020007BD0200B3BE0200AF
:103F500061C0020011C20200C2C3020076C50200A5
:103F60002BC70200E2C802009BCA020056CC020026
:103F700013CE0200D2CF020092D1020055D302002C
:103F800019D50200E0D60200A8D8020073DA0200B8
:103F90003FDC02000EDE0200DEDF0200B1E10200C3
:103FA00086E302005DE5020035E7020010E9020049
:103FB000EDEA0200CDEC0200AEEE020092F002004B
:103FC00077F202005FF402004AF6020036F80200BF
:103FD00025FA020016FC020009FE0200FEFF0200A4
:103FE000F6010300F0030300ED050300EC070300F6
:103FF000ED090300F00B0300F60D0300FF0F0300B3
:104000000A120300171403002716030039180300CF
:104010004E1A0300661C0300801E03009C20030050
:10402000BC220300DD24030002270300292903002A
:10403000532B03007F2D0300AF2F0300E03103005B
:10404000153403004D36030087380300C43A0300DB
:10405000043D0300473F03008D410300D5430300A7
:10406000214603006F480300C14A0300154D0300B9
:104070006D4F0300C851030025540300865603000A
:10408000EA580300515B0300BB5D03002960030095
:10409000996203000D65030084670300FF69030054
:1040A0007D6C0300FE6E0300827103000A7403003E
:1040B0009676030025790300B77B03004D7E03004D
:1040C000E68003008383030024860300C88803007E
:1040D000708B03001C8E0300CC9003007F930300C1
:1040E00036960300F1980300AF9B0300729E030015
:1040F00039A1030003A40300D2A60300A4A903006E
:104100007BAC030055AF030034B2030017B50300C6
:10411000FFB70300EABA0300DABD0300CEC0030014
:10412000C7C30300C4C60300C5C90300CBCC03004A
:10413000D5CF0300E4D20300F8D5030010D9030063
:104140002DDC03004EDF030075E20300A0E5030051
:10415000D0E8030005EC03003FEF03007EF203000C
:10416000C2F503000BF9030059FC0300ACFF030088
:104170000503040063060400C60904002F0D0400B3
:104180009D1004001014040089170400081B04008B
:104190008D1E040017220400A62504003C290400FB
:1041A000D82C04007930040021340400CE370400F8
:1041B000823B04003C3F0400FC420400C246040071
:1041C0008F4A0400624E04003B5204001C56040057
:1041D000025A0400F05D0400E4610400DF6504009D
:1041E000E1690400EA6D0400FA710400117604002C
:1041F0002F7A0400557E040082820400B6860400F3
:10420000F28A0400358F040080930400D3970400E1
:104210002E9C040090A00400FBA404006DA90400DF
:10422000E8AD04006BB20400F7B604008ABB0400DA
:1042300027C00400CCC4040079C9040030CE0400B7
:10424000EFD20400B8D7040089DC040064E1040064
:1042500049E6040036EB04002DF004002EF50400BE
:1042600039FA04004EFF04006C04050095090500AE
:10427000C80E0500051405004D1905009F1E050018
:10428000FC23050064290500D72E050056340500DF
:10429000DF390500743F050014450500C04A0500DC
:1042A000785005003C5605000C5C0500E8610500EF
:1042B000D1670500C76D0500C9730500D8790500F1
:1042C000F47F05001D860500548C050098920500BA
:1042D000EA9805004B9F0500B9A5050035AC05001F
:1042E000C0B205005AB9050003C00500BBC60500F1
:1042F00082CD050058D405003FDB050035E20500FE
:104300003BE9050052F005007AF70500B2FE050012
:10431000FB050600560D0600C2140600401C0600F0
:10432000D0230600722B060027330600EF3A060062
:10433000CA420600B84A0600BB520600D15A06001F
:10434000FB6206003A6B06008E730600F77B0600E0
:1043500075840600098D0600B4950600759E06005A
:104360004DA706003CB0060043B9060062C2060035
:1043700099CB0600E8D4060051DE0600D4E706001B
:1043800070F1060027FB0600F8040700E50E0700A1
:10439000ED18070012230700532D0700B13707005F
:1043A0002C420700C64C07007E57070055620700E5
:1043B0004C6D0700637807009B830700F48E0700AD
:1043C0006F9A07000DA60700CDB10700B1BD070029
:1043D000BAC90700E8D507003BE20700B5EE0700C1
:1043E00056FB07001E080800101508002A220800C6
:1043F0006F2F0800DE3C08007A4A08004158080088
:10440000376608005A740800AD8208003091080031
:10441000E59F0800CBAE0800E5BD080032CD0800DE
:10442000B5DC08006FEC080060FC0800890C09008E
:10443000ED1C09008B2D0900663E09007E4F090026
:10444000D56009006D720900468409006396090071
:10445000C4A809006BBB09005BCE090094E1090008
:1044600018F50900E8080A00081D0A0078310A005A
:104470003A460A00515B0A00BF700A0085860A00AE
:10448000A69C0A0023B30A0000CA0A003FE10A0002
:10449000E2F80A00EB100B005E290B003D420B0016
:1044A0008B5B0B004A750B007F8F0B002CAA0B0057
:1044B00053C50B00FAE00B0023FD0B00D1190C00D3
:1044C00009370C00CF540C0026730C0013920C001B
:1044D0009AB10C00BFD10C0088F20C00F9130D004A
:1044E00019360D00EA580D00757C0D00BDA00D00B9
:1044F000CAC50D00A1EB0D004A120E00CA390E000C
:1045000029620E006F8B0E00A3B50E00CEE00E00E8
:10451000F90C0F002B3A0F006E680F00CD970F00BB
:1045200052C80F0006FA0F00F72C10002F61100080
:10453000BC961000A9CD100006061100E13F110045
:10454000497B11004EB8110001F7110076371200B7
:10455000BD791200EDBD12001A0413005A4C13006D
:10456000C796130078E313008A32140019841400EC
:1045700044D814002A2F1500F0881500B9E515005D
:10458000AE451600F9A81600C70F1700487A1700A5
:10459000B2E817003C5B180022D21800A64D1900A3
:1045A0000DCE1900A4531A00BCDE1A00AF6F1B0019
:1045B000D6061C00A9A41C0092491D0010F61D007F
:1045C000ABAA1E00F9671F009F2E200054FF200099
:1045D000DFDA21001FC222000AB62300B2B724008E
:1045E00048C8250024E92600C51B2800DE612900F3
:1045F00057BD2A005E302C006DBD2D005B672F007B
:104600006E3131006D1F3300BD35350086793700BE
:10461000D6F03900DFA23C0039983F003EDB420073
:10462000877846008E7F4A008B034F00B01C5400F1
:10463000D7E9590002936000FF4C6800F85E7100F2
:10464000372B7C00653D8900E7629900ABD6AD0051
:104650006F95C800EF0DED0004BC21018484740146
:1046600058870902783A650360E22F0AF8210010A2
:104670004E210010AC1F00100E230010A6220010C7
:10468000DE1D00108C2200100A1F001008240010EC
:10469000761E00108C220010D41D0010565F44724C
:1046A000617750617463684E00000000565F447289
:1046B000617750617463684C6973740088B5A700B2
:1046C00071280010592800105B280010C046041003
:1046D0000000061000000000F819031006005250F8
:1046E00053B4F4A1001A03105A5F4D616C6C6F63F0
:1046F0004E6F5573657200007365745F6D656D6212
:104700006C6F636B5F73697A650000007074725F31
:10471000746F5F73686F727470747200536574564F
:104720006F696365566F6C756D65000060470410B6
:10473000020000007D38001001380010FD34001028
:10474000B9360010A1360010E9370010D13700103B
:104750002537001031360010012E00100000000037
:10476000020300000001030506080A0B0D0E1011DC
:1047700013141617191A1B1D1E2021222425272960
:104780002B2D2F3132343637393B3C3D3F404243AD
:1047900044454748494A4B4C4D4F5051525354544D
:1047A00055565758595A5B5C5C5D5E5F606061624C
:1047B00063636465656667676869696A6B6B6C6D7E
:1047C0006D6E6E6F707071717272737374757576D1
:1047D000767777787879797A7A7B7B7B7C7C7D7D3C
:1047E0007E7E7F7F33013301340134013501360190
:1047F00036013701370138013801390139013A01F1
:104800003B013B013C013C013D013D013E013F01BB
:104810003F01400140014101420142014301430186
:104820004401440145014601460147014701480151
:10483000490149014A014A014B014C014C014D011A
:104840004D014E014F014F015001500151015201E4
:1048500052015301530154015501550156015701AD
:1048600057015801580159015A015A015B015B0176
:104870005C015D015D015E015F015F01600161013D
:104880006101620162016301640164016501660105
:10489000660167016801680169016A016A016B01CB
:1048A0006C016C016D016E016E016F017001700190
:1048B0007101720172017301740174017501760155
:1048C000760177017801780179017A017A017B011B
:1048D0007C017C017D017E017E017F0180018101DF
:1048E00081018201830183018401850185018601A3
:1048F00087018801880189018A018A018B018C0165
:104900008D018D018E018F018F0190019101920126
:1049100092019301940194019501960197019701E9
:10492000980199019A019A019B019C019D019D01A9
:104930009E019F01A001A001A101A201A301A30169
:10494000A401A501A601A601A701A801A901A90129
:10495000AA01AB01AC01AD01AD01AE01AF01B001E7
:10496000B001B101B201B301B401B401B501B601A6
:10497000B701B801B801B901BA01BB01BC01BC0162
:10498000BD01BE01BF01C001C001C101C201C3011F
:10499000C401C401C501C601C701C801C901C901DB
:1049A000CA01CB01CC01CD01CE01CE01CF01D00196
:1049B000D101D201D301D301D401D501D601D70150
:1049C000D801D801D901DA01DB01DC01DD01DE010A
:1049D000DE01DF01E001E101E201E301E401E501C3
:1049E000E501E601E701E801E901EA01EB01EC017B
:1049F000ED01ED01EE01EF01F001F101F201F30132
:104A0000F401F501F601F601F701F801F901FA01E7
:104A1000FB01FC01FD01FE01FF0100020102010298
:104A2000020203020402050206020702080209024A
:104A30000A020B020C020D020E020F0210021002FB
:104A400011021202130214021502160217021802B2
:104A500019021A021B021C021D021E021F02200262
:104A60002102220223022402250226022702280212
:104A700029022A022B022C022D022E022F023002C2
:104A80003102320233023402350236023702380272
:104A900039023A023B023C023D023E023F02400222
:104AA00041024202440245024602470248024902CC
:104AB0004A024B024C024D024E024F02500251027A
:104AC00052025302540256025702580259025A0225
:104AD0005B025C025D025E025F02600262026302D0
:104AE0006402650266026702680269026A026C0279
:104AF0006D026E026F027002710272027302750221
:104B000076027702780279027A027B027D027E02C7
:104B10007F0280028102820284028502860287026D
:104B2000880289028B028C028D028E028F02900213
:104B300092029302940295029602980299029A02B6
:104B40009B029C029E029F02A002A102A202A4025A
:104B5000A502A602A702A902AA02AB02AC02AE02FB
:104B6000AF02B002B102B202B402B502B602B7029D
:104B7000B902BA02BB02BD02BE02BF02C002C2023B
:104B8000C302C402C502C702C802C902CB02CC02DA
:104B9000CD02CE02D002D102D202D402D502D60278
:104BA000D802D902DA02DC02DD02DE02E002E10212
:104BB000E202E402E502E602E802E902EA02EC02AD
:104BC000ED02EE02F002F102F202F402F502F60248
:104BD000F802F902FB02FC02FD02FF0200030203DD
:104BE000030304030603070309030A030B030D036E
:104BF0000E03100311031203140315031703180304
:104C00001A031B031C031E031F0321032203240397
:104C100025032703280329032B032C032E032F032B
:104C20003103320334033503370338033A033B03BC
:104C30003D033E034003410343034403460347034C
:104C400049034A034C034D034F03500352035303DC
:104C50005503570358035A035B035D035E03600368
:104C60006103630365036603680369036B036C03F5
:104C70006E0370037103730374037603780379037F
:104C80007B037C037E038003810383038403860309
:104C9000880389038B038D038E0390039203930390
:104CA0009503970398039A039C039D039F03A10315
:104CB000A203A403A603A703A903AB03AC03AE039B
:104CC000B003B103B303B503B703B803BA03BC031E
:104CD000BD03BF03C103C303C403C603C803CA03A0
:104CE000CB03CD03CF03D103D203D403D603D80320
:104CF000DA03DB03DD03DF03E103E303E403E6039D
:104D0000E803EA03EC03ED03EF03F103F303F50318
:104D1000F603F803FA03FC03FE036C030000000033
:104D2000010000000200000008000000090000006F
:104D30000A00000010000000110000001200000036
:104D40000300000004000000050000000B0000004C
:104D50000C0000000D000000130000001400000013
:104D60001500000009005250800000C08C1B031089
:104D7000203C0010383C0010243C00102C3C00105B
:104D8000203C0010383C0010283C001086400010E9
:104D9000B8400010E8400010E8400010FC4000104F
:104DA000E8400010000102030405060708090A0B89
:104DB0000C0D0E0F101112131415161718191A1BBB
:104DC0001C1D1E1F202122232425262228292A2BB0
:104DD0003C5F3E3F2921402324255E262A283A3A7B
:104DE0003C2B3E3F404142434445464748494A4B9D
:104DF0004C4D4E4F505152535455565758595A5B7B
:104E0000215D225F274142434445464748494A4B7A
:104E10004C4D4E4F505152535455565758595A7B3A
:104E20007C7D7E7F0000000000000000000000008C
:104E3000000000006100000062000000630000004C
:104E400064000000650000006600000067000000CC
:104E500068000000690000006A0000006B000000AC
:104E60006C0000006D0000006E0000006F0000008C
:104E7000700000007100000072000000730000006C
:104E8000740000007500000076000000770000004C
:104E900078000000790000007A0000003100000076
:104EA0003200000033000000340000003500000034
:104EB0003600000037000000380000003900000014
:104EC000300000000D0000001B0000007F0000000B
:104ED00009000000200000002D0000003D0000003F
:104EE0005B0000005D0000005C00000000000000AE
:104EF0003B00000027000000600000002C000000C4
:104F00002E0000002F000000BA000000BB000000CF
:104F1000BC000000BD000000BE000000BF0000009B
:104F2000C0000000C1000000C2000000C30000007B
:104F3000C4000000D7000000D8000000D900000025
:104F4000C6000000FF000000D2000000C700000003
:104F5000C9000000D3000000CF000000D100000015
:104F6000AE000000AC000000AF000000AD0000008B
:104F7000C50000002F0000002A0000002D000000E6
:104F80002B0000000D000000CF000000AF0000006B
:104F9000D1000000AC000000CC000000AE0000001A
:104FA000C7000000AD000000C9000000D2000000F2
:104FB00000000000000000000000000000000000F1
:104FC0003D0000005F5F777261705F66726565002B
:104FD0005F5F777261705F63616C6C6F630000008C
:104FE0005F5F777261705F6D616C6C6F6300000072
:104FF0007570646174655F75735F73696E63655F17
:10500000626F6F74000000000600525053B4F4A1A8
:10501000FC1F0310080052501AF71E00686F7374CB
:105020005F73656E645F6C6F636B656400000000A6
:105030006368616E6E656C5F636F6E6669675F73F0
:1050400065745F64726571006368616E6E656C5F44
:10505000636F6E6669675F7365745F636861696ECD
:105060005F746F0016600010D85E00108A61001037
:1050700090600010F0610010725F0010495F456E93
:10508000646F6F6D0000000072656E6465725F741E
:105090006578745F6D6F64655F7363616E6C696E74
:1050A000650000006368616E6E656C5F636F6E66BD
:1050B00069675F7365745F64726571006368616ED0
:1050C0006E656C5F636F6E6669675F7365745F635F
:1050D0006861696E5F746F00647261775F7670619A
:1050E0007463680066696C6C5F7363616E6C696E93
:1050F000657300006E65775F6672616D655F696EEE
:1051000069745F6F7665726C6179735F70616C65ED
:105110007474655F616E645F77697065000000009C
:10512000636865636B5F746578745F6275666665F6
:10513000720000007363616E6C696E655F66756E08
:10514000635F7769706500005C510410785104104A
:105150004001C800020005000000000020BCBE00A5
:105160004001E803180038004C0300000D00030064
:105170002A0400000000000068590410000000002C
:10518000415B001099650010000000A8400540AD8B
:10519000150015A8950255AD8A528AFACA57CAFF5A
:1051A0009F529FFADF57DFFF828769B1E28825B6F9
:1051B000B84C0BAF792F5155B958AC3BF296154FFF
:1051C0003532858B20F2E262AB122976DDE4C5919F
:1051D000C9BD23716AABE9C208D004824B221051C9
:1051E000E5A531854B355EEFBA02378629CE0F5CD7
:1051F00023A6BA000038FFF41F3FFDF4979F7FFA03
:10520000E90C9CF7FB7DBF7CDEF733C0BC6DDBB6E1
:105210001E1F033C3EAEDB7A7C0C9065F9FCF973F3
:10522000B200B29CF7FD9C2C00645902ECFBBEEF6F
:10523000FBE7CBE5F3BEEFFBBE83A5FEE94F7501AF
:10524000FBBEEFFBE5E7BFFCE5E7CBBEEFFBCEDB4C
:1052500037FFF80FD7D3344DD7C0526BAD4BCE09C3
:10526000F0FB7FFD3E0CC3F0E4F008F8DB2F7FFB82
:10527000E5975F7EF9BFCFAF3A20B95F3E2FF709C0
:10528000F8A67B74B8D96E0E8FBA6FC077A7376F48
:105290007FDC7E7CFBE6F41D90E59CE4BC04506B57
:1052A000ADB556B5027FBBBFBFFFDF4F9F3E7DFA56
:1052B00004D6D21FE752E6E35856006CDBB601591C
:1052C000CE49CE4BCE4096739224019224C97909DF
:1052D000808CDB18000CFDD60F00D075DD06803FFA
:1052E000D4BDFE0180C7C7E3BA6E1B806D5BD7E3F8
:1052F000F131000020CBB22491805AEB1F0080795D
:10530000DEE679DEE61992B5BCE8D6D3E9CF654D85
:10531000801765CCD0973F03C7793EDEDD4ED3744E
:10532000078661E801C09861188661C8080C19C732
:10533000711CC70C00EAB22F1500C93901002419ED
:1053400000D800004800BE3B8D19FAEE1B60A997FB
:10535000CBFDFDE5521720C7EB2449CEC05A4E6362
:1053600086BE2B1BB096D369399D4E6505C667CBAB
:105370003C6DE338BE05B6AEEB9E9F4EA7B202C7AA
:10538000BEEB9E9752CA0A6CE5741A330CC300AC8C
:10539000A594B5945256602DA59C4FA7D3780D9037
:1053A000200190201900A731433F643C0138730667
:1053B000A01F329EC60C3DB09632269100D652DE1A
:1053C000BD7B77DBADC0E3E35CCA564A29C0F35A24
:1053D000EB5A6BADCF81A5BEE8BAAE7B5117E06644
:1053E000AEB5D65AE71B60ABDF7F7BFD6DFF7DDD81
:1053F00080AD7EFFEDF5B77DDF1F80A5BEE8BA77F3
:10540000A5D47F024A29652BA594022C4992240B2E
:10541000F0761CC7719CA6E91A7855EB7C7D3DD7C8
:10542000FA0A38F47DDFF7FDF775032E9FF7FDFECE
:1054300072B95C2E4079F57A7BF74329A5006B2978
:10544000A59452CA0A3CAFB5AE7DDFF707602DA523
:105450009452FEE5DD3ABE81E7B5D675AEB5BE0223
:10546000D652FAE3782A6505F6FB9F9324598052B9
:105470004A29A594B20297CBE572B95CEA12E072B0
:10548000B95C2EF7F77BADC0E5529764A9970B7016
:10549000B95CEA92240BB05FFE3C66E8FFFDB20304
:1054A000CB300CC3300CC302F8A67BF4E4F8ECCD8F
:1054B000E93B6019C7711CC7715CE0F1712E0000F7
:1054C0000076862100005C8FEB344D77C0A3BEBF11
:1054D0009E6BAD7505B096AEEBCA0A3C1BC7659EC8
:1054E000A669BA03B096ADEBCA0A1CE73FF687BEC1
:1054F000EFFB0380BB699AA6691DA76B3CEAFBF929
:10550000AED65A5F0189639264014E276F4EA7D3CE
:10551000E974AA75C1A3BEAFF3F5F55C5F01C724BA
:10552000499205C0ABFDFEFEFEFE1EC06DADB5D6B8
:105530000A602DA594B202B8ADB5D6BAF6FD01B891
:105540009BA6699AD6717C0BDCDED5BEEF0F00D628
:10555000D21FC7B2028F87E1F9300C437B06609AF5
:10556000A6699AEE005C2E974B5D02E072B9DCDF13
:10557000EF15C0A52E59EA054029A594723E8D3736
:10558000C03665E8CB06BC49F22449DE0049224911
:10559000023C49F226499E0077B700008F8F73299D
:1055A00065032CF545D7752FEA329E569898A66963
:1055B0009AA63B3066B096ADEBCA0A1E1F67D7E3CA
:1055C0003A4DD31D30713DAED334DD817E88EB7111
:1055D0009DA6E90E1CE7A3EB719DA6E90E60A97DCF
:1055E0005F97F1B4C0E3E36C2D5BD7951528AC65EC
:1055F000EBBAB2827E88B56C5D5756A0724C922C85
:10560000204B754C922CA01FE298245940F1F83899
:1056100097B29552E0381F1DE752B6520A64E86D02
:10562000B55FFBBE6E00FEF57F3E9DAF6EBF003FD7
:10563000CED3B44DD334FD001E1F676B29A594153E
:1056400028ACA5945256D00FB196524A59C1703D1C
:1056500099A6699AA63BD00F314DD3344D7740A11E
:1056600094524A399FC66B8AB594524A292B284ACC
:1056700029A5945256909C2F5DD75DCE0938CE7FD8
:10568000EC0F7DDFF7AF9E0397BA64CF9E043CAF6B
:1056900075FDBEFE7FADF5AFE0CDA724E724C9D5EB
:1056A0001364E85D8FEB344D7760CCE0982459406B
:1056B00086DE5A4A296505197AD3344DD37407DC3E
:1056C000DDBAADB5D65AE1EE5679F57A7BF74329C6
:1056D000052CF3FCA33300C7793E5A01300C86A198
:1056E000EF4A5901D8BAAEEB00B09D4EA713D07562
:1056F0002FCA94A1FFE1BF4FE35774DD8B3265A839
:105700003FFCF38FA71324922CCB12006DBE9A1B83
:1057100000AEE6365F01EF9FBE7FFAFEE9FBA7EF22
:105720009FBE7FFAFEE9FBA71F5E7E78F9E1E58761
:10573000971F5E7E78F9E1E587971FBF7CFCF2F149
:10574000CBC72F1FBF7CFCF2F1CBC72F4992244956
:1057500092244992E4264992244972939B244992C7
:10576000D65A6BADBD6EADB5D65A036CADB5D65A33
:105770006BE02637499224ADB5D65E9F5EB7D65A08
:105780006BADB5D65A6BADB5D65A6BAD81EDF4BAEB
:10579000B5D65A6BADB5D6DAEBD306D05A6BADB5EC
:1057A0000D204972931B00C04D9224499224F90A9E
:1057B0009024497600C09E2449922449BE264992ED
:1057C0000076802449B22749922449BEE66B922490
:1057D000496BADB5D67E6DADB5D65A6BADB5F6EBB2
:1057E000F03B00F87DF8B5B5D65A6BADB5D6DA6F9B
:1057F0007600B0FBADB5D65A6BADB5D6DAAFC3AF58
:10580000ADB5D65A6B60B703B4D65AFBCD6FADB504
:10581000D65A6B4992DD0ED05A6BADB51D00ECF631
:10582000244912C0DE5A6BADB5D65A6BADB5DF0157
:1058300092245FF315007CCDD7244912C0EFADB59B
:10584000D65A6BADB5D65ADB5B6BADB5D692247B21
:10585000F62449922449720300F89A2449B2EFFBD6
:10586000BEEFFBBEEFFBBEEFFB0ED8F77DDFF77D93
:10587000DF0F87C3E170381C0E87C3E170381C1E30
:105880001E1E1E1E1E1E1E1E1E1E1E1E1E1E1EF660
:105890007DDFF77D0700EE6EAFAEAE6EEF80EB6999
:1058A0009AAEA652CA046CA5745DD7755D07B0CDDB
:1058B000F33CCFF30CD84A3F64E8CB06E07C757527
:1058C0007575F504A0D65AEBDAF71DE0EE364912ED
:1058D000C0394BAD75C919709C4BD94A998FC071AD
:1058E0002EA5CCF33CFF1BF076C8F863ADB52E00B7
:1058F000CEF7F7F76700FF793ADFDFFFF5DC77C017
:10590000B3A1EFD7BEEF876780B594524A290560EF
:10591000636303909C1376C090F1346670068C1913
:10592000FA21A333F0E6D3A72449922449922457BD
:1059300057574F001267090077B7EE6E01C7793EDF
:10594000020090000002F0308EE338FEFD3C2FCFC5
:10595000C0D53CCFF30CC093ABA1FFBB1B00B0AED6
:10596000EBBAAE2B000000007059041000000000DC
:105970006465636F6D70726573735F62756666658B
:1059800072000000495F5069636F5F537461727405
:10599000536F756E64000000FFFFFFFFFFFFFFFF06
:1059A000FFFFFFFFFFFFFFFF0200000004000000F9
:1059B00006000000080000000700080009000A00B7
:1059C0000B000C000D000E0010001100130015005C
:1059D000170019001C001F002200250029002D00BF
:1059E000320037003C00420049005000580061007E
:1059F0006B00760082008F009D00AD00BE00D100DC
:105A0000E600FD0017013301510173019801C10146
:105A1000EE01200256029202D4021C036C03C3035F
:105A200024048E04020583051006AB0656071208EF
:105A3000E008C309BD0AD00BFF0C4C0EBA0F4C1185
:105A40000713EE1406175419DC1BA51EB6211525E5
:105A5000CA28DF2C5B314B36B93BB24144487E4FFC
:105A600071572F60CE696274FF7F00007069636FA9
:105A7000666C6173685F736563746F725F70726F79
:105A80006772616D000000006932635F7365745F67
:105A90006261756472617465000000007370696E04
:105AA0005F6C6F636B5F696E69740000616C61723B
:105AB0006D5F706F6F6C5F63616E63656C5F616C6F
:105AC00061726D00616C61726D5F706F6F6C5F67AA
:105AD00065745F64656661756C7400006765745F0A
:105AE000656E7472795F69645F6869676800000059
:105AF00070685F667265655F6E6F646500000000C8
:105B000070685F6164645F6368696C645F6E6F6432
:105B10006500000070685F696E736572745F6E6F18
:105B20006465000070685F6765745F6E6F64650030
:105B30006164645F616C61726D5F756E6465725FF4
:105B40006C6F636B000000007570646174655F7555
:105B5000735F73696E63655F626F6F74000000004E
:105B6000616C61726D5F706F6F6C5F616C61726DA3
:105B70005F63616C6C6261636B0000006765745FFA
:105B8000656E747279000000686172647761726595
:105B90005F616C61726D5F7365745F74617267657C
:105BA000740000007570646174655F75735F73697C
:105BB0006E63655F626F6F74000000006972715FF1
:105BC00072656D6F76655F68616E646C657200000A
:105BD0006972715F7365745F6578636C75736976FC
:105BE000655F68616E646C65720000007570646169
:105BF00074655F75735F73696E63655F626F6F7401
:105C0000000000006D757465785F65786974000048
:105C10006D757465785F656E7465725F626C6F63D5
:105C20006B5F756E74696C0070685F72656D6F761E
:105C3000655F616E645F667265655F6E6F64650067
:105C400070685F72656D6F76655F616E795F6865BC
:105C50006164000070685F6164645F6368696C64BC
:105C60005F6E6F646500000070685F6765745F6EEB
:105C70006F646500636C6F636B5F636F6E6669670B
:105C800075726500706C6C5F696E6974000000006D
:105C900072756E74696D655F696E697400000000ED
:105CA000AAA10010C2A10010C2A10010B6A100104C
:105CB000C2A10010C2A10010C2A10010C2A1001018
:105CC000C2A10010C2A10010C2A100109EA100102C
:105CD000C2A1001092A10010C2A10010C2A1001028
:105CE00086A1001092A20010B8A20010DAA2001043
:105CF000B8A2001072A20010B8A20010B8A2001042
:105D0000B8A20010B8A20010B8A20010B8A20010EB
:105D1000B8A20010AEA20010B8A20010B8A20010E5
:105D2000B8A20010B8A20010B8A20010E6A200109D
:105D30004AA7001060A7001060A7001060A700101D
:105D400060A7001060A7001060A7001060A70010F7
:105D500060A7001060A7001060A7001060A70010E7
:105D600060A7001060A7001060A7001060A70010D7
:105D700060A7001060A7001060A7001060A70010C7
:105D800060A7001060A7001060A7001060A70010B7
:105D900060A7001060A7001060A7001060A70010A7
:105DA00060A7001060A7001060A7001060A7001097
:105DB0008CA500104EA500108CA5001060A7001047
:105DC00060A7001060A7001060A7001060A7001077
:105DD00060A7001060A7001060A7001060A7001067
:105DE00060A7001060A7001060A7001060A7001057
:105DF00060A7001060A7001060A7001032A3001079
:105E000060A7001060A7001060A7001060A7001036
:105E100060A7001060A7001060A7001060A7001026
:105E200060A7001032A30010DAA5001032A3001002
:105E30008CA500104EA500108CA5001000000000DD
:105E4000000000000000F03F0000000000002440BF
:105E500000000000000059400000000000408F409A
:105E6000000000000088C34000000000006AF84005
:105E70000000000080842E4100000000D012634129
:105E80000000000084D797410000000065CDCD419F
:105E90005F5F61656162695F646F75626C655F69B0
:105EA0006E6974005F5F61656162695F666C6F61F6
:105EB000745F696E6974000006005250D3F0754239
:105EC000DC2D031006005250E182887FE42D031080
:105ED00006005250BBFF3CB6002E03100D0A000016
:105EE0007570646174655F75735F73696E63655F18
:105EF000626F6F74000000006D756C7469636F727F
:105F0000655F6C61756E63685F636F7265315F7743
:105F10006974685F737461636B000000636F70790C
:105F20005F70726F6772616D00000000090052506F
:105F3000000000C0442F031009005250000000C0B0
:105F4000502F03100900525000000000582F03107A
:105F50000900525000000000642F03107570646146
:105F600074655F646D615F7472616E736665725FA4
:105F700073746174655F697271735F656E61626C81
:105F800065640000A080F0702D70036042B0440092
:105F90005F70696F5F66696E645F6F666673657474
:105FA0005F666F725F70726F6772616D00000000F4
:105FB0007570646174655F706572635F6D6F646551
:105FC00000000000080102000000000002000000C4
:105FD00004000000010000000300000005000000B4
:105FE000FFFFFFFFFFFFFFFF0600000008000000AB
:105FF0000A00000007000000090000000B0000007C
:10600000FFFFFFFFFFFFFFFF0C0000000E0000007E
:10601000100000000D0000000F0000001100000043
:10602000FFFFFFFFFFFFFFFFFFFFFFFFFFFFFFFF80
:10603000FFFFFFFFFFFFFFFFFFFFFFFFFFFFFFFF70
:10604000FFFFFFFFFFFFFFFF4F504C5F63616C637B
:106050005F6275666665725F73746572656F000076
:106060000080A0B4C0CCD4DCE0E8ECF0F4F8FCFF95
:106070004F504C5F63616C635F6275666665725F0B
:106080006C696E6561720000000000000000000095
:1060900001010101010101010202020202020202E8
:1060A00003030303030303030404040404040404B8
:1060B0000505050505050505060606060606060688
:1060C0000707070707070707080808080808080858
:1060D00009090909090909090A0A0A0A0A0A0A0A28
:1060E0000B0B0B0B0B0B0B0B0C0C0C0C0C0C0C0CF8
:1060F0000D0D0D0C0C0C0C0C0C0C0C0B0B0B0B0BE2
:106100000B0B0B0A0A0A0A0A0A0A0A0909090909F1
:106110000909090808080808080808070707070701
:106120000707070606060606060606050505050511
:106130000505050404040404040404030303030321
:106140000303030202020202020202010101010131
:10615000010101000000000000000000010000003B
:10616000020000000400000006000000080000001B
:106170000A0000000C0000000E00000010000000EB
:1061800012000000140000001400000018000000BD
:10619000180000001E0000001E000000FA07F507AE
:1061A000EF07EA07E407DF07DA07D407CF07C907D5
:1061B000C407BF07B907B407AE07A907A4079F071D
:1061C000990794078F078A0784077F077A0775075F
:1061D00070076A07650760075B07560751074C079A
:1061E000470742073D07380733072E0729072407CB
:1061F0001F071A07150710070B0706070207FD06FA
:10620000F806F306EE06E906E506E006DB06D60626
:10621000D206CD06C806C406BF06BA06B506B10644
:10622000AC06A806A3069E069A06950691068C065D
:10623000880683067F067A06760671066D0668066E
:1062400064065F065B06570652064E06490645067B
:1062500041063C063806340630062B062706230680
:106260001E061A06160612060E0609060506010681
:10627000FD05F905F505F005EC05E805E405E00583
:10628000DC05D805D405D005CC05C805C405C00576
:10629000BC05B805B405B005AC05A805A405A00566
:1062A0009C059905950591058D058905850581054F
:1062B0007E057A05760572056F056B056705630532
:1062C00060055C055805540551054D054905460511
:1062D00042053E053B053705340530052C052905EB
:1062E000250522051E051B051705140510050C05BF
:1062F000090506050205FF04FB04F804F404F10493
:10630000ED04EA04E704E304E004DC04D904D60461
:10631000D204CF04CC04C804C504C204BE04BB0428
:10632000B804B504B104AE04AB04A804A404A104E9
:106330009E049B049804940491048E048B048804A6
:10634000850482047E047B047804750472046F045F
:106350006C0469046604630460045D045A04570411
:10636000540451044E044B044804450442043F04C1
:106370003C0439043604330430042D042A04280470
:10638000250422041F041C04190416041404110417
:106390000E040B0408040604030400044F504C5F71
:1063A00051756575655F41646A75737443616C6CA2
:1063B0006261636B7300000070685F6164645F63B7
:1063C00068696C645F6E6F646500000070685F6987
:1063D0006E736572745F6E6F6465000070685F67EE
:1063E00065745F6E6F6465004F504C5F51756575E5
:1063F000655F5075736800006765745F656E7472E1
:10640000790000008432031045E80010DDE500103B
:1064100079E50010ADE5001075E90010D5E8001031
:1064200085E5001087E5001089E5001005EC0010F7
:106430006D6F626A5F66756C6C0000007000000032
:106440006000000040000000B0000000414D5F63AC
:106450006C656172464200000080FFFFCD4CFFFF7B
:10646000000001000000000000000100000000002A
:106470000080FFFF33B300000080FFFF33B3000054
:106480000080FFFFCD4CFFFF0000F0FF0000000088
:1064900024491200000000002449120000000000FE
:1064A00092240900300C030024491200000000006F
:1064B00092240900D0F3FCFF0000F0FF0000000070
:1064C000B86DEBFF300C03000000F0FF000000008F
:1064D000B86DEBFFD0F3FCFF4992F4FF0000000021
:1064E0000000F0FF300C03004992F4FF00000000B0
:1064F0000000F0FFD0F3FCFF6EDBF6FF00000000B1
:106500006EDBF6FFD0F3FCFF6EDBF6FFD0F3FCFF93
:106510009EE7F9FFD0F3FCFF9EE7F9FFD0F3FCFF05
:106520009EE7F9FF49920400D0F3FCFF0000000051
:10653000D0F3FCFFD0F3FCFFD0F3FCFFD0F3FCFF63
:1065400000000000D0F3FCFF00000000D0F3FCFFCF
:106550000000000049920400300C0300499204003E
:10656000300C03004463FDFF300C03004463FDFF67
:10657000799E0300FBD0FCFF799E0300FBD0FCFF5B
:106580004DE004004463FDFF0000F0FF0000000048
:1065900024491200000000002449120000000000FD
:1065A00092240900499204002449120000000000CE
:1065B00092240900B76DFBFF0000F0FF000000000F
:1065C000B86DEBFF499204000000F0FF00000000EE
:1065D000B86DEBFFB76DFBFF4992F4FF00000000C0
:1065E0000000F0FF499204004992F4FF000000000F
:1065F0000000F0FFB76DFBFF050004000300020080
:106600000500000000000C000B000A000D00110046
:10661000010014001300120015001E0000003300DA
:10662000320031003400370003003B003A003900EB
:106630003C003F0002004C004B004A004D004F0060
:10664000020053005200510054005800050046005B
:106650004500430047000000010022002100200007
:1066600023002F00CA0E0110020F0110120F01109B
:10667000260F01102E0F01106C0F0110740F011066
:10668000843803109038031001000000983803107C
:10669000A838031002000000AC380310B83803100B
:1066A00003000000BC380310C838031004000000C9
:1066B000CC380310DC38031005000000E838031064
:1066C000F438031006000000FC38031010390310E2
:1066D00007000000000000000000000000000000B3
:1066E0009C390310CC390310003A03104C3A0310C4
:1066F000803A0310B83A0310F43A0310303B031009
:106700009C3903106C3B0310A03B0310D43B0310D7
:10671000083C0310443C03107C3C0310B43C0310C1
:10672000465F41727453637265656E4C756D704E51
:10673000616D65000000000001000000080000001D
:10674000043E0310103E0310000000000200000091
:1067500008000000CC3F0310D43F031000000000ED
:106760000300000008000000A8410310B04103101E
:10677000000000000400000008000000A043031017
:10678000A843031001000000010000000600000003
:10679000A0450310A84503100100000001000000FF
:1067A0000B000000404703104847031001000000A1
:1067B0000100000014000000B4490310BC4903109C
:1067C00001000000010000001E000000F84A031054
:1067D000004B031001000000010000000F0000004A
:1067E000F04C0310F84C0310010000000100000001
:1067F0001F000000A04D0310A84D03100200000070
:106800000100000006000000A0450310084E031020
:1068100002000000010000000B00000040470310D0
:10682000904F03100200000001000000140000005F
:10683000B4490310C850031002000000010000001A
:106840001E000000F84A031000520310020000006E
:10685000010000000F000000F04C031084530310EF
:1068600002000000010000001F000000A04D031006
:106870003454031003000000010000000600000073
:10688000A04503109855031003000000010000000C
:106890000B000000404703104C570310030000009A
:1068A0000100000014000000B44903101058031048
:1068B00003000000010000001E000000F84A031061
:1068C0005C59031003000000010000000F000000ED
:1068D000F04C03102C5B03100300000001000000CB
:1068E0001F000000A04D0310CC5B0310463C0110BC
:1068F000423C0110763C0110863C01108C3C01109A
:10690000923C0110983C01109E3C0110A43C0110E7
:106910007E3C0110AA3C0110475F446F506C6179C6
:1069200044656D6F0000000074685F6465636F64A8
:1069300065000000475F5265616444656D6F54698E
:1069400063636D640000000074685F666C75736853
:106950005F6279746573000074685F77726974654B
:106960005F626974730000006D6F626A5F66756CC8
:106970006C0000007074725F746F5F73686F727484
:10698000707472001E005A00780078005A00960059
:10699000780078000E015A00D2009600960096000A
:1069A000D2009600A4019600D2009600F000960056
:1069B000B400960096002C014A01A4012C01B400F9
:1069C00078001E0000000000000000000000000031
:1069D000000000000000000000001E004B007800D6
:1069E0005A00A500B400B4001E00A50000005A0023
:1069F0005A005A0078005A006801F0001E00AA00F0
:106A000000005A002D005A0096005A005A00A500B6
:106A10001E008700000007000101020208020303B4
:106A20000404050506060000A81A0020A71A002085
:106A3000A61A0020A51A0020A41A0020A31A0020DC
:106A4000A21A0020A11A00208002000540010000C7
:106A50001800280019003200B45F0310C85F03104B
:106A6000DC5F0310F45F0310086003102460031060
:106A70003C600310546003107060031084600310C6
:106A8000A0600310C0600310D8600310EC60031016
:106A90000861031024610310386103104C61031076
:106AA000646103107C61031090610310A461031002
:106AB000BC610310D8610310EC6103100462031081
:106AC000246203103C6203105862031074620310C6
:106AD0008C620310A4620310B8620310C862031032
:106AE000E0620310F06203100063031014630310EC
:106AF0002C6303104063031050630310646303109E
:106B0000786303108C6303109C630310B06303105D
:106B1000C4630310DC630310F06303100464031008
:106B20001C6403102C640310486403105C6403109D
:106B30007C64031090640310B0640310D4640310E9
:106B4000E864031000650310186503103465031032
:106B500054650310686503107C6503109465031089
:106B6000A8650310C0650310D4650310E465031025
:106B7000FC6503100C6603101C66031030660310DE
:106B80004866031064660310786603109466031069
:106B9000AC660310C0660310DC660310F8660310D1
:106BA000086703102867031048670310686703101D
:106BB0007C6703109C670310B0670310C86703105D
:106BC000DC670310F4670310046803101C680310EB
:106BD0003068031044680310044E0310044E031081
:106BE000044E031058680310686803107C68031093
:106BF00094680310AC680310CC680310E8680310B5
:106C000000690310186903102C690310446903100C
:106C10005C6903106C6903108069031098690310A4
:106C2000B4690310C8690310E0690310FC6903101C
:106C30000C6A0310246A0310386A03104C6A0310AC
:106C4000646A0310786A0310846A0310906A031060
:106C5000A06A0310B46A0310CC6A0310E46A03103C
:106C6000F86A0310106B03102C6B0310446B0310B5
:106C70005C6B0310C0680310C0680310C068031089
:106C8000C0680310C0680310C0680310C068031018
:106C9000C0680310C0680310686B0310706B0310AA
:106CA0007C6B0310846B0310FFFF9500640096005B
:106CB000000000009C00FF00190000009A009E00E8
:106CC000A50039000000000000001000000038009E
:106CD0006400000000000000060C0002000000003C
:106CE000BC0BAE001400B00024080100BB00C800BB
:106CF0001B000000B800BD00C2003B0008000000FF
:106D0000000014000000380064000000004B000088
:106D100006004000CB0000000900CF001E00D1009B
:106D200025080000DC00AA001B000000D900DE00DE
:106D3000E3003C00080000000000140000003800E0
:106D400064000000004B000006004000EC00000062
:106D50004000F100BC02F300300800000D010A0001
:106D60001C000000FF000F01000047000F000000A2
:106D70000000140000003800F40100000050000082
:106D80000600400000000000FFFF1901E8030000BA
:106D900000080000000000000000000000000000EB
:106DA00000000000000000000000140000001000BF
:106DB000640000000000000010020000000000005D
:106DC000420041012C0143016A08000057016400A0
:106DD0001B004F015301590100004A000A00000046
:106DE0000000140000003800F401000000690000F9
:106DF000060040005F010000FFFF3C01E8030000C7
:106E00006B080000000000000000000000003E01D0
:106E10000000520000000A0000000B000000080003
:106E2000640000000A0000001006010000000000DD
:106E3000FFFF3701E8030000000800000000000029
:106E40000000000000000000000000000000000042
:106E500000001400000010006400000000000000AA
:106E6000100200000000000043006A0158026C019B
:106E700031080000820150001D00000078018401EB
:106E80000000640008000000000030000000400026
:106E9000E8030000004B0000060040008E010000E7
:106EA000FFFF6501E803000010080000000000007B
:106EB0000000000000006701000011000000140045
:106EC0000000060000000800640000000800000048
:106ED00010060100000000004100960146009801E4
:106EE00025080000A401AA001B000000A001A601C3
:106EF000AD013C0008000000000014000000380054
:106F000064000000004B000006004000B3010000D8
:106F1000B90BBA013C00BC0127080000C701C8003A
:106F20001B00C401C401C901CE013E0008000000DD
:106F3000000014000000380064000000004C000055
:106F400006004000D6010000BA0BDB019600DD010F
:106F500029083400E801B4001A00E5010000EA0144
:106F6000000040000A00000000001E000000380081
:106F700090010000004D000006004000F0010000FC
:106F80003A00DB019600DD0129083400E801B40075
:106F90001A00E5010000EA01000040000A000000BC
:106FA00000001E000000380090010000004D0000AD
:106FB00006004400F0010000BD0BF6019001F7014E
:106FC0002A080000FB0180001A000000F801FE0101
:106FD000000041000800000000001F000000380011
:106FE00090010000004D0000064240000402000035
:106FF000BB0B0F02E80311022B0800001C02320039
:107000001A00190219021E020000430008000000C5
:107010000000180000004000E8030000004D0000E0
:107020000600400025020000FFFF0A02E8030000FE
:1070300010080000000000000000000000000C022A
:107040000000110000000F00000006000000080012
:1070500064000000080000001006010000000000AD
:1070600045002C02F4012E022F08000039023200E4
:107070001A00360236023B020000480008000000F9
:107080000000180000004000E8030000004D000070
:107090000600400042020000BE0B490264004B02A1
:1070A00000083300510200011A0000004D02530293
:1070B000000011000800000000001000000038006F
:1070C00032000000034D00000642000000000000F6
:1070D00007005902B80B5B022D0802006B02280062
:1070E0001A00000067026D02000045000C0000005D
:1070F0000000800000006400E8030000004D000074
:10710000060040000000000044007802F4017A020A
:107110002E0800008B0280001A00000087028D02FA
:10712000000046000C00000000004000000040008D
:1071300058020000004E00000600400094020000CB
:107140001000A202A00FA4022C080000B20214003A
:107150001A000000AC02B30200004400100000005E
:107160000000280000006E00E8030000004D000051
:1071700006004000000000004700BD029001BE0272
:1071800032080000C80280001E000000C402CA02CB
:10719000000049000800000000001F000000380047
:1071A00090010000004D000006424000D0020000A7
:1071B0005400D6023200D80265080000E602AA0098
:1071C0001B000000E002E802ED026600080000007B
:1071D000000014000000380064000000004B0000B4
:1071E00006004000F60200004800FB0264000000B8
:1071F0000008000008030001670000000000FC0216
:1072000000006800000000000000100000004800BE
:107210008096980000000000060340000000000077
:1072200058000A03FA000000000800000B03FF00EA
:107230006100000000000C0300006200000000007C
:107240000000100000001000809698000000000070
:10725000060000000000000059001003E8031103BD
:107260000008000000000000000000000000000016
:1072700000000000000000000000140000002000DA
:107280006400000000000000180000000000000082
:1072900057000000E80300000008000000000000A4
:1072A00000000000000000000000000000000000DE
:1072B0000000140000002000640000000000000036
:1072C0001800000000000000FFFF1303E8030000A7
:1072D0005E08000000000000000000000000000048
:1072E0000000110000000A0000000600000020005D
:1072F0006400000003000000101601000000000000
:10730000FFFF1703E8030000000800000000000072
:10731000000000000000000000000000000000006D
:1073200000001400000010006400000000000000D5
:107330001002000000000000F30726031400000004
:10734000000800000000000000000000000028030A
:10735000000052000000000000000A0000002A00A7
:1073600064000000000000000600080000000000AB
:10737000FFFF6100E80300001008000000000000AB
:1073800000000000000063000000110000000A007F
:107390000000060000000800640000000300000078
:1073A0001006010000000000FFFF6600E803000077
:1073B000100800000000000000000000000068004D
:1073C0000000110000000A00000006000000080094
:1073D000640000000500000010060100000000002D
:1073E000FFFF7200E80300000E080000000000002C
:1073F0000000000000007F000000520000001400A8
:1074000000000B00000008006400000014000000F1
:107410001006010000000000FFFF6B00E803000001
:1074200008080000000000000000000000006D00DF
:10743000000011000000190000000D00000008000D
:1074400064000000050000001006010000000000BC
:10745000FFFF7300E80300000008000000000000C8
:10746000000000000000750000000F00000019007F
:1074700000000D000000080064000000640000002F
:107480001006010000000000FFFF9B02E80300005F
:1074900008080000000000000000000000009D023D
:1074A000000011000000190000000D00000008009D
:1074B000640000000500000010060100000000004C
:1074C000FFFF5D00E803000000080000000000006E
:1074D00000000000000000000000000000000000AC
:1074E0000000140000001000640000000000000014
:1074F0001002000000000000FFFF5A00E803000037
:107500000008000000000000000000000000000073
:107510000000000000000000000014000000100047
:1075200064000000000000001000000000000000E7
:10753000FFFF8200E80300000008000000000000D8
:10754000000000000000000000000000000000003B
:1075500000001400000010006400000000000000A3
:107560001002000000000000FFFF8E00E803000092
:107570000008000000000000000000000000000003
:1075800000000000000000000000140000001000D7
:107590006400000000000000100200000000000075
:1075A0000E000000E80300000008000000000000DA
:1075B00000000000000000000000000000000000CB
:1075C0000000140000001000640000000000000033
:1075D0001800000000000000FFFF7B00E80300002F
:1075E0000008000000000000000000000000000093
:1075F0000000000000000000000014000000100067
:107600006400000000000000100200000000000004
:10761000E2072203E8030000000800000000000069
:10762000000000000000000000000000000000005A
:1076300000001400000010006400000000000000C2
:107640000100000000000000E3072403E80300003D
:107650000008000000000000000000000000000022
:1076600000000000000000000000140000001000F6
:1076700064000000000000000100000000000000A5
:10768000DE073003E80300000008000000000000EF
:1076900000000000000000000000000000000000EA
:1076A0000000140000001000640000000000000052
:1076B0000100800000000000DF073603E80300003F
:1076C00000080000000000000000000000000000B2
:1076D0000000000000000000000014000000100086
:1076E00064000000000000000100800000000000B5
:1076F00005003C03E8030000000800000000000053
:107700000000000000000000000000000000000079
:1077100000001400000010006400000000000000E1
:1077200001000002000000000D003E03E80300001D
:107730000008000000000000000000000000000041
:107740000000000000000000000014000000100015
:1077500064000000000000000100000200000000C2
:1077600006004003E80300000008000000000000DD
:107770000000000000000000000000000000000009
:107780000000140000001000640000000000000071
:10779000010000020000000027004603E80300008B
:1077A00000080000000000000000000000000000D1
:1077B00000000000000000000000140000001000A5
:1077C0006400000000000000010000020000000052
:1077D00026004403E8030000000800000000000049
:1077E0000000000000000000000000000000000099
:1077F0000000140000001000640000000000000001
:10780000010000020000000028004203E80300001D
:107810000008000000000000000000000000000060
:107820000000000000000000000014000000100034
:1078300064000000000000000100000200000000E1
:10784000DB074803E8030000000800000000000018
:107850000000000000000000000000000000000028
:107860000000140000001000640000000000000090
:107870000100000000000000DC074903E8030000ED
:1078800000080000000000000000000000000000F0
:1078900000000000000000000000140000001000C4
:1078A0006400000000000000010000000000000073
:1078B000DD074A03E80300000008000000000000A4
:1078C00000000000000000000000000000000000B8
:1078D0000000140000001000640000000000000020
:1078E0000100800000000000E6075003E8030000EC
:1078F0000008000000000000000000000000000080
:107900000000000000000000000014000000100053
:107910006400000000000000010080000000000082
:10792000E7075403E803000000080000000000001F
:107930000000000000000000000000000000000047
:1079400000001400000010006400000000000000AF
:107950000100800000000000E8075503E803000074
:10796000000800000000000000000000000000000F
:1079700000000000000000000000140000001000E3
:107980006400000000000000010080000000000012
:10799000E9075D03E80300000008000000000000A4
:1079A00000000000000000000000000000000000D7
:1079B000000014000000100064000000000000003F
:1079C0000100000000000000EA075E03E803000079
:1079D000000800000000000000000000000000009F
:1079E0000000000000000000000014000000100073
:1079F00064000000000000000100800000000000A2
:107A0000FD076403E8030000000800000000000018
:107A10000000000000000000000000000000000066
:107A200000001400000010006400000000000000CE
:107A3000010080000000000053005903E80300002B
:107A4000000800000000000000000000000000002E
:107A50000000000000000000000014000000100002
:107A60006400000000000000010080000000000031
:107A7000D7076603E80300000008000000000000CC
:107A800000000000000000000000000000000000F6
:107A9000000014000000100064000000000000005E
:107AA000010000000000000000086703E803000078
:107AB00000080000000000000000000000000000BE
:107AC0000000000000000000000014000000100092
:107AD0006400000000000000010000000000000041
:107AE000DA076803E8030000000800000000000057
:107AF0000000000000000000000000000000000086
:107B000000001400000010006400000000000000ED
:107B10000100000000000000FE076903E803000008
:107B2000000800000000000000000000000000004D
:107B30000000000000000000000014000000100021
:107B400064000000000000000100000000000000D0
:107B5000FF076A03E80300000008000000000000BF
:107B60000000000000000000000000000000000015
:107B7000000014000000100064000000000000007D
:107B8000010000000000000011006B03E80300008A
:107B900000080000000000000000000000000000DD
:107BA00000000000000000000000140000001000B1
:107BB0006400000000000000010000000000000060
:107BC000D8076C03E8030000000800000000000074
:107BD00000000000000000000000000000000000A5
:107BE000000014000000100064000000000000000D
:107BF000010000000000000001086D03E803000020
:107C0000000800000000000000000000000000006C
:107C10000000000000000000000014000000100040
:107C200064000000000000000100000000000000EF
:107C300008006E03E80300000008000000000000D8
:107C40000000000000000000000000000000000034
:107C5000000014000000100064000000000000009C
:107C60000100000000000000D6076F03E8030000D9
:107C700000080000000000000000000000000000FC
:107C800000000000000000000000140000001000D0
:107C9000640000000000000001000000000000007F
:107CA000D2077003E8030000000800000000000095
:107CB00000000000000000000000000000000000C4
:107CC000000014000000100064000000000000002C
:107CD0000100000000000000D5077103E803000068
:107CE000000800000000000000000000000000008C
:107CF0000000000000000000000014000000100060
:107D0000640000000000000001000000000000000E
:107D1000D3077203E8030000000800000000000021
:107D20000000000000000000000000000000000053
:107D300000001400000010006400000000000000BB
:107D40000100000000000000D4077303E8030000F6
:107D5000000800000000000000000000000000001B
:107D600000000000000000000000140000001000EF
:107D7000640000000000000001000000000000009E
:107D8000D1077403E80300000008000000000000B1
:107D900000000000000000000000000000000000E3
:107DA000000014000000100064000000000000004B
:107DB000010000000000000052007503E80300000D
:107DC00000080000000000000000000000000000AB
:107DD000000000000000000000001400000010007F
:107DE000640000000000000001000000000000002E
:107DF0005500BF03E8030000000800000000000079
:107E00000000000000000000000000000000000072
:107E100000001000000010006400000000000000DE
:107E200002000010000000005600C303E803000039
:107E3000000800000000000000000000000000003A
:107E40000000000000000000000010000000100012
:107E500064000000000000000200001000000000AC
:107E6000EC077603E80300000008000000000000B3
:107E70000000000000000000000000000000000002
:107E8000000010000000100064000000000000006E
:107E900002000010000000001E008B03E803000039
:107EA00000080000000000000000000000000000CA
:107EB00000000000000000000000100000001000A2
:107EC000640000000000000002000010000000003C
:107ED0001F008C03E8030000000800000000000001
:107EE0000000000000000000000000000000000092
:107EF00000001000000010006400000000000000FE
:107F0000020000100000000020008D03E8030000C4
:107F10000008000000000000000000000000000059
:107F20000000000000000000000010000000100031
:107F300064000000000000000200001000000000CB
:107F400021008E03E803000000080000000000008C
:107F50000000000000000000000000000000000021
:107F6000000010000000100064000000000000008D
:107F7000020000100000000025009103E80300004B
:107F800000080000000000000000000000000000E9
:107F900000000000000000000000100000001000C1
:107FA000640000000000000002000010000000005B
:107FB00024009C03E803000000080000000000000B
:107FC00000000000000000000000000000000000B1
:107FD000000010000000100064000000000000001D
:107FE000020000100000000029009503E8030000D3
:107FF0000008000000000000000000000000000079
:108000000000000000000000000010000000100050
:1080100064000000000000000200001000000000EA
:108020002A009903E8030000000800000000000097
:108030000000000000000000000000000000000040
:1080400000001000000010006400000000000000AC
:1080500002000010000000002B009203E803000063
:108060000008000000000000000000000000000008
:1080700000000000000000000000100000001000E0
:10808000640000000000000002000010000000007A
:108090002C009E03E8030000000800000000000020
:1080A00000000000000000000000000000000000D0
:1080B000000010000000100064000000000000003C
:1080C00002000010000000002D00A203E8030000E1
:1080D0000008000000000000000000000000000098
:1080E0000000000000000000000010000000100070
:1080F000640000000000000002000010000000000A
:108100002E00A603E80300000008000000000000A5
:10811000000000000000000000000000000000005F
:1081200000001000000010006400000000000000CB
:1081300002000010000000003700AA03E80300005E
:108140000008000000000000000000000000000027
:1081500000000000000000000000100000001000FF
:108160006400000000000000020000100000000099
:108170003800AE03E8030000000800000000000023
:1081800000000000000000000000000000000000EF
:10819000000010000000100064000000000000005B
:1081A00002000010000000003900B203E8030000E4
:1081B00000080000000000000000000000000000B7
:1081C000000000000000000000001000000010008F
:1081D0006400000000000000020000100000000029
:1081E0002F008A03E80300000008000000000000E0
:1081F000000000000000000000000000000000007F
:1082000000001000000010006400000000000000EA
:10821000020000100000000030009403E80300009A
:108220000008000000000000000000000000000046
:10823000000000000000000000001000000010001E
:1082400064000000000000000200001000000000B8
:1082500022008F03E8030000000800000000000077
:10826000000000000000000000000000000000000E
:108270000000140000001000640000000000000076
:10828000000000100000000023009003E80300003D
:1082900000080000000000000000000000000000D6
:1082A00000000000000000000000100000001000AE
:1082B0006400000000000000020000100000000048
:1082C00031007803E803000000080000000000000F
:1082D000000000000000000000000000000000009E
:1082E00000001000000044006400000000000000D6
:1082F000020300100000000032008603E8030000C3
:108300000008000000000000000000000000000065
:1083100000000000000000000000100000005400F9
:1083200064000000000000000203001000000000D4
:1083300033008703E803000000080000000000008D
:10834000000000000000000000000000000000002D
:108350000000100000005400640000000000000055
:10836000020300100000000034008803E80300004E
:1083700000080000000000000000000000000000F5
:108380000000000000000000000010000000440099
:108390006400000000000000020300100000000064
:1083A00035008903E8030000000800000000000019
:1083B00000000000000000000000000000000000BD
:1083C0000000100000003400640000000000000005
:1083D00002030010000000003B008603E8030000D9
:1083E0000008000000000000000000000000000085
:1083F0000000000000000000000014000000540015
:1084000064000000000000000003001000000000F5
:108410003C008803E80300000008000000000000A2
:10842000000000000000000000000000000000004C
:108430000000140000004400640000000000000080
:1084400000030010000000003D008703E803000067
:108450000008000000000000000000000000000014
:1084600000000000000000000000140000003400C4
:108470006400000000000000000300100000000085
:108480003E008903E803000000080000000000002F
:1084900000000000000000000000000000000000DC
:1084A0000000140000003400640000000000000020
:1084B00000030010000000003F007803E803000004
:1084C00000080000000000000000000000000000A4
:1084D0000000000000000000000014000000440044
:1084E0006400000000000000000300100000000015
:1084F00016000302E803000000080000000000006E
:10850000000000000000000000000000000000006B
:1085100000001400000010006400000000000000D3
:1085200000000010000000000F00A400E80300009D
:108530000008000000000000000000000000000033
:108540000000000000000000000014000000100007
:1085500064000000000000000000001000000000A7
:108560001200C100E8030000000800000000000045
:1085700000000000000000000000000000000000FB
:108580000000140000001000640000000000000063
:1085900000000010000000001500EF01E8030000DB
:1085A00000080000000000000000000000000000C3
:1085B0000000000000000000000014000000100097
:1085C0006400000000000000000000100000000037
:1085D00017005802E8030000000800000000000037
:1085E000000000000000000000000000000000008B
:1085F00000001400000010006400000000000000F3
:1086000000000010000000001400CD01E80300008D
:108610000008000000000000000000000000000052
:108620000000000000000000000014000000100026
:1086300064000000000000000000001000000000C6
:108640001300E200E8030000000800000000000042
:10865000000000000000000000000000000000001A
:108660000000140000001000640000000000000082
:1086700000000010000000000A00AD00E803000048
:1086800000080000000000000000000000000000E2
:1086900000000000000000000000140000001000B6
:1086A0006400000000000000000000100000000056
:1086B0000C00AD00E803000000080000000000000E
:1086C00000000000000000000000000000000000AA
:1086D0000000140000001000640000000000000012
:1086E00000000010000000001C007E03E8030000F2
:1086F0000008000000000000000000000000000072
:108700000000000000000000000010000000100049
:1087100064000000000000000200001000000000E3
:1087200018007F03E80300000008000000000000BC
:108730000000000000000000000000000000000039
:1087400000001400000010006400000000000000A1
:1087500000000010000000001B008003E803000080
:108760000008000000000000000000000000000001
:1087700000000000000000000000100000001000D9
:108780006400000000000000020000100000000073
:108790001D008103E8030000000800000000000045
:1087A00000000000000000000000000000000000C9
:1087B0000000100000001000640000000000000035
:1087C000020000100000000019008303E80300000D
:1087D0000008000000000000000000000000000091
:1087E0000000000000000000000010000000100069
:1087F0006400000000000000020000100000000003
:108800001A008403E80300000008000000000000D4
:108810000000000000000000000000000000000058
:1088200000001000000010006400000000000000C4
:10883000020000100000000036009303E80300006F
:108840000008000000000000000000000000000020
:1088500000000000000000000000200000001000E8
:108860006400000000000000020000100000000092
:1088700046002D03E803000000080000000000008F
:1088800000000000000000000000000000000000E8
:108890000000100000001000640000000000000054
:1088A00002000010000000004900B603E8030000C9
:1088B00000080000000000000000000000000000B0
:1088C0000000000000000000000010000000580040
:1088D000640000000000000002030010000000001F
:1088E0004A00B703E8030000000800000000000091
:1088F0000000000000000000000000000000000078
:10890000000010000000580064000000000000009B
:1089100002030010000000004B00B803E803000051
:10892000000800000000000000000000000000003F
:1089300000000000000000000000100000004000E7
:1089400064000000000000000203001000000000AE
:108950004C00B903E803000000080000000000001C
:108960000000000000000000000000000000000007
:108970000000100000004000640000000000000043
:1089800002030010000000004D00BA03E8030000DD
:1089900000080000000000000000000000000000CF
:1089A0000000000000000000000010000000400077
:1089B000640000000000000002030010000000003E
:1089C0004E00BB03E80300000008000000000000A8
:1089D0000000000000000000000000000000000097
:1089E00000001000000040006400000000000000D3
:1089F00002030010000000004F00BC03E803000069
:108A0000000800000000000000000000000000005E
:108A10000000000000000000000014000000100032
:108A200064000000000000001000001000000000C2
:108A30005000BD03E8030000000800000000000033
:108A40000000000000000000000000000000000026
:108A5000000014000000100064000000000000008E
:108A600010000010000000005100BE03E8030000E9
:108A700000080000000000000000000000000000EE
:108A800000000000000000000000140000001000C2
:108A90006400000000000000100000100000000052
:108AA00000000000000000000000000001040100C0
:108AB0009DF0011000000000020002002DEA0110EC
:108AC000020000000200020051EB01100300000050
:108AD0000200020091EB01100400000002010500F9
:108AE000000000000600000002020500F5EB011086
:108AF000070000000203060000000000080000005C
:108B0000020205000000000009000000020106004A
:108B100019EB011002000000030002002DEA011011
:108B20000A0000000300020051EB01100B000000DE
:108B30000300020091EB01100C000000030005008F
:108B4000000000000E000000030107009DEE011070
:108B50000F000000030205000000000010000000EC
:108B60000301060019EB01100A0000000480080050
:108B7000A5F0011001000000010002002DEA011023
:108B8000120000000100020051EB01101300000070
:108B90000100020091EB011014000000010004002C
:108BA000000000001600000001000800F9EE0110AE
:108BB000170000000101060000000000180000007E
:108BC000010206000000000019000000010305007A
:108BD000000000001A000000010206000000000072
:108BE0001B00000001010600000000001C00000046
:108BF00001000400000000001D000000010008004A
:108C000019EB01101200000005800500A5F001100D
:108C10001F00000005810400ADF0011001000000FC
:108C2000060002002DEA01102000000006000200EC
:108C300051EB0110210000000600020091EB011031
:108C400022000000060004000000000024000000D4
:108C50000600080055EF011025000000060108007D
:108C600000000000260000000602080049EB011089
:108C700027000000060308003389011028000000C7
:108C80000604080000000000290000000605080096
:108C90003F8901102A0000000606070000000000BE
:108CA0002B000000060707004B8901102C00000074
:108CB0000600060019EB0110200000000601080064
:108CC000000000002E00000006000400000000006C
:108CD0002100000006880600A5F001103000000009
:108CE00006890500ADF00110010000000700020038
:108CF0002DEA0110310000000700020051EB0110C5
:108D0000320000000700020091EB01103300000068
:108D100007000500F9EF011035000000070105000C
:108D2000F9EF0110360000000701010019EB0110F6
:108D30003100000008800600A5F0011001000000CD
:108D400008810600ADF001100100000009000200DA
:108D50002DEA0110390000000900020051EB01105A
:108D60003A0000000900020091EB01103B000000F6
:108D700009010900C9EB01103D00000009010D00C7
:108D80005DED01103E0000000901010019EB01102A
:108D9000390000000A800400A5F001104000000026
:108DA0000A81050000000000410000000A82050061
:108DB000ADF00110420000000A830500ADF0011083
:108DC000010000000B0205002DEA01104400000024
:108DD0000B0305002DEA0110430000000B02020006
:108DE00051EB0110450000000B02020091EB011055
:108DF000460000000B00050085EC01104800000053
:108E00000B01050085EC0110490000000B01010079
:108E100019EB0110430000000C0002002DEA0110C4
:108E20004A0000000C00020051EB01104B00000052
:108E30000C00020091EB01104C0000000C0004003B
:108E4000ADED01104E0000000C01150019EB0110F2
:108E50004A0000000D800500A5F00110010000008F
:108E60000D810500A5F00110010000000E000200B8
:108E70002DEA0110510000000E00020051EB01101C
:108E8000520000000E00020091EB011053000000A0
:108E90000E00150065F10110550000000E010B00D9
:108EA000C9EB0110560000000E010B0085ED01100A
:108EB000570000000E01150019EB011051000000D1
:108EC0000F800C00A5F00110590000000F81070071
:108ED000ADF00110010000001002090000000000C8
:108EE0005B00000010010900000000005C000000B1
:108EF00010000900000000000000000011800500C3
:108F0000000000005E0000001101050000000000EC
:108F10005F0000001102050000000000600000007A
:108F20001103050000000000000000001280050091
:108F30000000000062000000128105000000000037
:108F400061000000128207000000000064000000C1
:108F50001283070000000000650000001284070073
:108F60000000000000000000138005000000000069
:108F7000670000001381050000000000660000008B
:108F8000138207000000000069000000138307003F
:108F9000000000006A0000001384070000000000C9
:108FA0000000000014800700000000006C000000BA
:108FB00014810700000000006B0000001580050010
:108FC000000000006E000000158105000000000098
:108FD0006F00000015820500000000007000000016
:108FE00015830500000000007100000015840500D5
:108FF00000000000000000001680020000000000D9
:1090000072000000178005000000000074000000DE
:10901000178105000000000073000000188009009F
:109020000000000076000000188109000000000028
:109030007700000018820900B5F0011078000000E8
:10904000188309000000000079000000188409005E
:10905000000000007A0000001885090000000000F0
:109060000000000019800900000000007C000000E2
:1090700019810900000000007D000000198209002C
:10908000000000007E0000001983090000000000BD
:1090900000000000168109007D870110800000009B
:1090A0001682070000000000810000001683050002
:1090B00000000000000000001A800700000000000F
:1090C000830000001A8107000000000084000000F7
:1090D0001A80070000000000850000001A810700C8
:1090E00000000000860000001A8207000000000057
:1090F000870000001A8307000000000088000000BD
:109100001A84070000000000890000001A8507008B
:10911000000000008A0000001A860700000000001E
:109120008B0000001A870700000000008C00000080
:109130001A880700000000008D0000001A8907004F
:1091400000000000000000001B800700000000007D
:109150008F0000001B81070000000000900000004D
:109160001B80070000000000910000001B81070029
:1091700000000000920000001B82070000000000B9
:10918000930000001B830700000000009400000013
:109190001B84070000000000000000001C0000000D
:1091A00000000000000000001C000500000000009E
:1091B000970000001C01050000000000980000005E
:1091C0001C02050000000000990000001C030500BF
:1091D00000000000960000001C040D0000000000CC
:1091E000950000001C850700000000009A000000A8
:1091F0001C060500000000009D0000001C06050084
:109200008D860110950000001C070B000000000077
:109210009F0000001C080B00A98C0110A00000009A
:109220001C090B00AD860110A10000001C0A0B00F8
:1092300000000000A20000001C0B0B00000000005A
:10924000A30000001C0C0B0000000000A4000000A4
:109250001C0D000000000000000000001C0E0600B5
:1092600000000000A60000001C0F0600818601100F
:10927000A70000001C100600AD860110A800000029
:109280001C11060000000000A90000001C120600CE
:1092900000000000AA0000001C13060000000000EF
:1092A000AB0000001C14060000000000AC00000031
:1092B0001C15060000000000AD0000001C16000098
:1092C00000000000000000001D000B0015720110DE
:1092D000AF0000001D010B0015720110AE00000070
:1092E0001D0005000D730110B10000001D000500F8
:1092F0000D730110B20000001D0105000D73011077
:10930000B30000001D0105000D730110B400000042
:109310001D0205000D730110B50000001D020500BF
:109320000D730110B60000001D0305000D73011040
:10933000B70000001D0305000D730110B000000010
:109340001D040B0065750110B90000001D05090022
:10935000D9750110BA0000001D04090000000000CA
:10936000B00000001D06040000000000BC0000006A
:109370001D0604008D860110B00000001D070600C8
:1093800000000000BE0000001D0806001986011044
:10939000BF0000001D090600AD860110C0000000DE
:1093A0001D0A060000000000C10000001D0B0000A7
:1093B00000000000000000001D0C0600000000007E
:1093C000C30000001D0D060081860110C4000000CE
:1093D0001D0E0600AD860110C50000001D0F060021
:1093E00000000000C60000001D1006000000000084
:1093F000C70000001D11060000000000C8000000AA
:109400001D12060000000000C90000001D13060028
:1094100000000000CA0000001D1400000000000051
:10942000000000001D0A060000000000CC00000043
:109430001D09060000000000CD0000001D08060008
:1094400000000000CE0000001D0706000000000024
:10945000B00000001E000B0015720110D0000000CB
:109460001E010B0015720110CF0000001E00040049
:109470000D730110D20000001E0004000D730110D6
:10948000D30000001E0104000D730110D400000081
:109490001E0104000D730110D50000001E0204001F
:1094A0000D730110D60000001E0204000D730110A0
:1094B000D70000001E0304000D730110D800000047
:1094C0001E0304000D730110D10000001E040B00E8
:1094D00065750110DA0000001E850B003D76011055
:1094E000DB0000001E040B0000000000D1000000A3
:1094F0001E06040000000000DD0000001E0604003F
:109500008D860110D10000001E070600000000003B
:10951000DF0000001E08060019860110E0000000B0
:109520001E090600AD860110E10000001E0A0600BB
:1095300000000000E20000001E0B00000000000020
:10954000000000001E0C060000000000E400000007
:109550001E0D060081860110E50000001E0E0600AB
:10956000AD860110E60000001E0F0600000000009E
:10957000E70000001E10060000000000E8000000E8
:109580001E11060000000000E90000001E12060087
:1095900000000000EA0000001E13060000000000AA
:1095A000EB0000001E14000000000000000000009E
:1095B0001E0B060000000000ED0000001E0A060061
:1095C00000000000EE0000001E0906000000000080
:1095D000EF0000001E08060000000000F000000080
:1095E0001E07060000000000D10000001F000B0055
:1095F00015720110F20000001F010B00157201101E
:10960000F10000001F000300197D0110F4000000AC
:109610001F000300197D0110F50000001F01030069
:10962000197D0110F60000001F010300197D0110D3
:10963000F70000001F020300197D0110F800000070
:109640001F020300197D0110F90000001F03030031
:10965000197D0110FA0000001F030300197D01109D
:10966000FB0000001F040300197D0110FC00000036
:109670001F040300197D0110FD0000001F050300F9
:10968000197D0110FE0000001F050300197D011067
:10969000F30000001F860100797E01100001000028
:1096A0001F860B0065750110010100001F8709006E
:1096B000597F0110020100001F8809006575011023
:1096C000030100001F8909006575011004010000F5
:1096D0001F8A090065750110050100001F8B090034
:1096E00065750110060100001F8C090065750110E9
:1096F000070100001F8D09006575011008010000B9
:109700001F8E0900E57F0110090100001F8F150061
:1097100000000000F30000001F9A0B000000000092
:109720000B0100001F9B0B00000000000C0100005B
:109730001F9C0B0000000000F30000001F1006003B
:10974000000000000E0100001F1006008D860110B1
:10975000F30000001F1008000000000010010000CE
:109760001F11080019860110110100001F120800C6
:10977000AD860110120100001F1308000000000058
:10978000130100001F140800000000001401000075
:109790001F15080000000000150100001F1608003A
:1097A00000000000160100001F1706000000000066
:1097B000170100001F18060000000000180100003B
:1097C0001F190000000000000000000020800300BE
:1097D000357F01101A01000020810300857E0110F1
:1097E0001B01000020800300857E01101C01000089
:1097F00020810300857E01101D01000020820300EE
:10980000477F01101E01000020810300857E0110AA
:109810001F01000020820300857E0110200100004E
:1098200020810300857E01102101000020820300B9
:10983000857E01102201000020830300857E011037
:109840002301000020820300857E01102401000016
:1098500020830300857E0110250100002082030083
:10986000857E01102601000020830300857E011003
:109870002701000020840300857E011028010000DC
:1098800020830300857E011029010000208403004D
:10989000857E01102A01000020830300857E0110CF
:1098A0002B01000020840300477F01102C010000E1
:1098B00020850300857E01102D0100002084030017
:1098C000857E01102E01000020850300857E011099
:1098D0002F01000020840300857E0110300100006C
:1098E00020850300857E01103101000020860300E1
:1098F000857E01103201000020870300857E011063
:109900003301000020860300857E01103401000031
:1099100020870300857E01103501000020860300AA
:10992000857E01103601000020870300857E01102E
:1099300000000000110105000000000038010000D7
:1099400011020500000000003901000011010500AE
:10995000000000003A0100001102050000000000B4
:109960003B010000110305000000000000000000A2
:1099700021800300DD7A01103D01000021810300F8
:10998000DD7A01103C010000228009000000000087
:109990003F0100002281070000000000400100009C
:1099A00022820500000000000000000023000B00E0
:1099B000157201104201000023010B001572011005
:1099C00041010000230003000D7301104401000059
:1099D000230003000D730110450100002301030063
:1099E0000D73011046010000230103000D730110E7
:1099F00047010000230203000D730110480100001D
:109A0000230203000D73011049010000230303002A
:109A10000D7301104A010000230303000D730110B0
:109A20004B010000230403000D7301104C010000E2
:109A3000230403000D7301104D01000023050300F2
:109A40000D7301104E010000230503000D7301107A
:109A5000430100002306010065750110500100005C
:109A600023060700917C0110510100002307070025
:109A7000657501105201000023080700B37C011036
:109A800043010000238901006575011054010000A5
:109A900023890B006575011055010000230A0B0096
:109AA000517A011056010000230A0B006575011060
:109AB00043010000230B06000000000058010000D5
:109AC000230B06008D86011043010000230B0800C4
:109AD000000000005A010000230C080000000000F4
:109AE0005B010000230D0800198601105C010000D5
:109AF000230E0800AD8601105D010000230F080051
:109B0000000000005E0100002310000000000000C3
:109B100000000000231006000000000060010000AB
:109B2000230F06000000000061010000230E060064
:109B30000000000062010000230D0600000000008C
:109B400063010000230C0600000000006401000017
:109B5000230B0600000000004301000024800500E4
:109B600000000000660100002481050000000000E4
:109B70006501000016810900000000006801000076
:109B8000168207000000000069010000168305002E
:109B900000000000000000002500100015720110F8
:109BA0006B01000025011000157201106A01000010
:109BB000250005000D7301106D0100002500050052
:109BC0000D7301106E010000250105000D730110D9
:109BD0006F010000250105000D73011070010000E8
:109BE000250205000D73011071010000250205001A
:109BF0000D73011072010000250305000D730110A3
:109C000073010000250305000D73011074010000AD
:109C1000250405000D7301107501000025040500E1
:109C20000D73011076010000250505000D7301106C
:109C300077010000250505000D7301106C0100007F
:109C400025061500E98001107901000025870B0029
:109C5000FD8001107A0100002508060065750110DD
:109C60007B01000025060600657501107C010000DF
:109C700025870B00D58101107D0100002508060015
:109C8000657501107E01000025060600657501104E
:109C90007F01000025870B00AD82011080010000CC
:109CA00025080600657501108101000025060600E3
:109CB000657501106C01000025090400000000001A
:109CC00083010000250904008D8601106C0100004D
:109CD000250A07000000000085010000250B070091
:109CE0001986011086010000250C0700AD860110C1
:109CF00087010000250D070000000000880100001A
:109D0000250E07000000000089010000250F070054
:109D1000000000008A01000025100700000000007C
:109D20008B01000025110700000000008C010000DD
:109D300025120700000000008D010000251300001F
:109D4000A58701100000000025110600000000009A
:109D50008F010000251006000000000090010000A7
:109D6000250F06000000000091010000250E0600EE
:109D70000000000092010000250D06000000000018
:109D800093010000250C0600000000009401000073
:109D9000250B06000000000095010000250A0600C2
:109DA000000000006C01000026000B00157201107D
:109DB0009701000026010B001572011096010000AA
:109DC000260004000D730110990100002600040014
:109DD0000D7301109A010000260104000D7301109B
:109DE0009B010000260104000D7301109C0100007E
:109DF000260204000D7301109D01000026020400DC
:109E00000D7301109E010000260304000D73011064
:109E10009F010000260304000D730110980100004B
:109E200026040B0065750110A101000026850500C0
:109E3000B5760110A201000026840500B576011058
:109E4000A30100002605020021770110A1010000F6
:109E50002606040000000000A501000026060400FC
:109E60008D86011098010000260706000000000002
:109E7000A70100002608060019860110A8010000AD
:109E800026090600AD860110A9010000260A060079
:109E900000000000AA010000260B060000000000E0
:109EA000AB010000260C060000000000AC01000021
:109EB000260D00000000000000000000260E060035
:109EC00000000000AE010000260F06008186011090
:109ED000AF01000026100600AD860110B0010000A1
:109EE0002611060000000000B10100002612060045
:109EF00000000000B2010000261300000000000076
:109F000000000000260D060000000000B401000063
:109F1000260C060000000000B5010000260B06001C
:109F200000000000B6010000260A06000000000044
:109F3000B70100002609060000000000B80100007B
:109F40002608060000000000B901000026070600F0
:109F5000000000009801000000000B0015720110C5
:109F6000BB01000000010B0015720110BA010000D6
:109F7000000004000D730110BD010000000004008A
:109F80000D730110BE010000000104000D730110EB
:109F9000BF010000000104000D730110C0010000AA
:109FA000000204000D730110C10100000002040052
:109FB0000D730110C2010000000304000D730110B5
:109FC000C3010000000304000D730110BC01000078
:109FD0000004090065750110C501000000050900B5
:109FE00065750110C6010000000607001F7801100A
:109FF000BC0100000007030000000000C8010000D1
:10A00000000703008D860110BC0100000008090054
:10A0100000000000CA0100000009090019860110B3
:10A02000CB010000000A070000000000CC01000086
:10A03000000B0700AD860110CD010000000C0000F0
:10A040000000000000000000000D060000000000FD
:10A05000CF010000000E060081860110D001000033
:10A06000000F060000000000D101000000100600F3
:10A07000AD860110D20100000011060000000000B2
:10A08000D30100000012060000000000D40100000F
:10A090000013060000000000D501000000140000BD
:10A0A0000000000000000000000C0900000000009B
:10A0B000D7010000000B090000000000D8010000DB
:10A0C000000A070000000000D90100000009070095
:10A0D00000000000DA010000000807000000000096
:10A0E000BC01000027000B0015720110DC0100000C
:10A0F00027010B0015720110DB010000270003008F
:10A100000D730110DE010000270003000D73011024
:10A11000DF010000270103000D730110E0010000C2
:10A12000270103000D730110E10100002702030065
:10A130000D730110E2010000270203000D730110EE
:10A14000E3010000270303000D730110E401000088
:10A15000270303000D730110DD010000270409002F
:10A1600065750110E60100002705090065750110FD
:10A17000E701000027060900AD780110DD010000AD
:10A180002707030000000000E90100002707030083
:10A190008D860110DD010000270809000000000085
:10A1A000EB0100002709090019860110EC010000ED
:10A1B000270A050000000000ED010000270B050044
:10A1C000AD860110EE010000270C05000000000024
:10A1D000EF010000270D000000000000000000005B
:10A1E000270D060000000000F1010000270C06000A
:10A1F00000000000F2010000270B06000000000034
:10A20000F3010000270A060000000000F40100002E
:10A210002709060000000000F501000027080600DD
:10A2200000000000DD01000028000B001572011085
:10A23000F6010000280004000D730110F701000072
:10A240002801060065750110F901000028020600CA
:10A2500065750110FA0100002883060005790110D8
:10A26000F70100002804040000000000FC010000C9
:10A27000280404008D860110FD0100002805070058
:10A2800000000000F701000028060900000000009F
:10A29000FF010000280709001986011000020000D4
:10A2A0002808090000000000010200002809090038
:10A2B0000000000002020000280A0900AD8601101B
:10A2C00003020000280B0000000000000000000056
:10A2D000280B09000000000005020000280A090000
:10A2E000000000000602000028090900000000002C
:10A2F0000702000028080900000000000802000012
:10A3000028070900000000000902000028060900D3
:10A3100000000000F7010000298005000000000097
:10A320000B02000029810500000000000A02000065
:10A3300029820700000000000D02000029830700A9
:10A34000000000000E020000298407000000000049
:10A35000000000002A000B0015720110100200001E
:10A360002A010B00157201100F0200002A000400E0
:10A370000D730110120200002A0004000D73011079
:10A38000130200002A0104000D73011014020000E2
:10A390002A0104000D730110150200002A020400B6
:10A3A0000D730110160200002A0204000D73011043
:10A3B000170200002A0304000D73011018020000A8
:10A3C0002A0304000D730110110200002A04090081
:10A3D000657501101A0200002A0509006575011053
:10A3E0001B0200002A060900C579011011020000B5
:10A3F0002A070300000000001D0200002A070300D6
:10A400008D860110110200002A08090000000000DA
:10A410001F0200002A09090019860110200200000D
:10A420002A0A090000000000210200002A0B09008E
:10A43000AD860110220200002A0C09000000000075
:10A44000230200002A0D0900000000002402000081
:10A450002A0E0000A5870110000000002A0E090046
:10A4600000000000260200002A0D09000000000084
:10A47000270200002A0C090000000000280200004A
:10A480002A0B090000000000290200002A0A090026
:10A49000000000002A0200002A0909000000000054
:10A4A0002B0200002A080900000000001102000031
:10A4B0002B000B00157201102D0200002B010B0068
:10A4C000157201102C0200002B0004000D73011006
:10A4D0002F0200002B0004000D7301103002000059
:10A4E0002B0104000D730110310200002B01040048
:10A4F0000D730110320200002B0204000D730110D5
:10A50000330200002B0204000D730110340200001E
:10A510002B0304000D730110350200002B0304000F
:10A520000D7301102E0200002B0409006575011047
:10A53000370200002B050900657501103802000084
:10A540002B060900C57901102E0200002B0703001D
:10A55000000000003A0200002B0703008D86011066
:10A560002E0200002B080900000000003C02000041
:10A570002B090900198601103D0200002B0A090071
:10A58000000000003E0200002B0B0900AD86011008
:10A590003F0200002B0C09000000000040020000F8
:10A5A0002B0D090000000000410200002B0E0000EE
:10A5B00000000000000000002B0E09000000000059
:10A5C000430200002B0D09000000000044020000BF
:10A5D0002B0C090000000000450200002B0B0900B5
:10A5E00000000000460200002B0A090000000000E5
:10A5F000470200002B09090000000000480200008B
:10A600002B080900000000002E0200002C800B0027
:10A61000157201104A0200002C810B001572011006
:10A62000490200002C8007000D7301104C0200004D
:10A630002C8107000D7301104B0200002C820B00CF
:10A64000657501104E0200002C830500DD830110AA
:10A650004F0200002C8205000000000050020000A4
:10A660002C830500000000004F0200002C84040031
:10A6700000000000520200002C8404008D860110AE
:10A680004B0200002C85070000000000540200006F
:10A690002C86070019860110550200002C87070040
:10A6A00000000000560200002C880700AD86011053
:10A6B000570200002C0907000000000058020000AB
:10A6C0002C0A070000000000000000002D000B0015
:10A6D000157201105A0200002D010B0015720110B5
:10A6E000590200002D0004000F8901105C020000D7
:10A6F0002D0004000D7301105D0200002D01040007
:10A700000D7301105E0200002D0104000D73011095
:10A710005F0200002D0204000F890110600200009A
:10A720002D0204000D730110610200002D030400CE
:10A730000D730110620200002D0304000D7301105F
:10A74000630200002D0404000F8901106402000060
:10A750002D0404000D730110650200002D05040096
:10A760000D730110660200002D0504000D73011029
:10A770005B0200002D801500657501106802000065
:10A780002D8605003D760110690200002D87050029
:10A790003D7601106A0200002D87020081770110CA
:10A7A000680200002D080400000000006C02000098
:10A7B0002D0804008D8601105B0200002D09150094
:10A7C000198601106E0200002D0A0B00AD860110E3
:10A7D0006F0200002D0B0B00000000007002000053
:10A7E0002D0C0B0000000000710200002D0D0B006D
:10A7F00000000000720200002D0E0B00000000009F
:10A80000730200002D0F0B00000000007402000016
:10A810002D100B0000000000750200002D110B0030
:10A8200000000000760200002D121F000000000052
:10A83000770200002D120000A58701100000000023
:10A840002E000B0015720110790200002E010B0082
:10A8500015720110780200002E00150000000000A3
:10A860007B0200002E000400218901107C02000000
:10A870002E0004000D7301107D0200002E01040063
:10A880000D7301107E0200002E0104000D730110F3
:10A890007F0200002E0204000D73011080020000F0
:10A8A0002E0204000D730110810200002E0304002B
:10A8B00021890110820200002E0304000D73011093
:10A8C000830200002E0404000D73011084020000B6
:10A8D0002E0404000D730110850200002E050400F3
:10A8E0000D730110860200002E0504000D73011087
:10A8F0007B0200002E8015006575011088020000A3
:10A900002E860500E1770110890200002E870500E0
:10A91000000000008A0200002E87020081770110EB
:10A92000880200002E080400000000008C020000D5
:10A930002E0804008D8601107B0200002E091500F0
:10A94000198601108E0200002E0A0800AD86011043
:10A950008F0200002E0B0800000000009002000093
:10A960002E0C080000000000910200002E0D0800CF
:10A9700000000000920200002E0E080000000000FF
:10A98000930200002E0F0000A587011000000000B8
:10A990002E0F060000000000950200002E0E06009B
:10A9A00000000000960200002E0D060000000000CE
:10A9B000970200002E0C0600000000009802000024
:10A9C0002E0B060000000000990200002E0A06006F
:10A9D000000000009A0200002E090600000000009E
:10A9E0007B0200002F800600000000009C02000097
:10A9F0002F810600000000009B020000308006004E
:10AA0000000000009E0200003081060000000000EF
:10AA10009F0200003082060000000000A00200003B
:10AA20003083060000000000A10200003084060010
:10AA3000000000000000000031000B001572011042
:10AA4000A302000031010B0015720110A2020000E8
:10AA500031000400FD880110A5020000310004004F
:10AA60000D730110A6020000310104000D730110E6
:10AA7000A7020000310104000D730110A8020000BC
:10AA8000310204000D730110A9020000310204001C
:10AA90000D730110AA020000310304000F89011098
:10AAA000AB020000310304000D730110A40200008A
:10AAB0003104070065750110AD02000031050D007D
:10AAC00087790110AE02000031040D006575011098
:10AAD000AF02000031050D0087790110B0020000BF
:10AAE00031040D0065750110B102000031050D0043
:10AAF00087790110A402000031060B008D86011039
:10AB0000A402000031070B0000000000B4020000A6
:10AB100031080B0019860110B502000031090B0045
:10AB200000000000B6020000310A0B000000000027
:10AB3000B7020000310B0B0000000000B80200005B
:10AB4000310C0B00AD860110B9020000310D0B0075
:10AB500000000000BA020000310E0B0000000000EF
:10AB6000BB020000310F1F0000000000BC0200000B
:10AB7000310F0000A58701100000000032000B001B
:10AB800015720110BD020000320004000D730110A7
:10AB9000BF020000320004000D730110C00200006B
:10ABA000320104000D730110C102000032010400E3
:10ABB0000D730110C2020000320204000D73011077
:10ABC000C3020000320204000D730110BE02000037
:10ABD0003203060065750110C5020000320406004C
:10ABE00065750110C602000032850600657501100A
:10ABF000C702000032850100F1850110BE0200008D
:10AC00003206070000000000C902000032060700FB
:10AC10008D860110BE02000032870900000000008E
:10AC2000CB0200003288090019860110CC02000016
:10AC30003289090000000000CD020000328A0900BC
:10AC400000000000CE020000328B090031870110A5
:10AC5000CF020000328C090000000000000000005C
:10AC6000320C090000000000D1020000320B090084
:10AC700000000000D2020000320A090000000000BB
:10AC8000D30200003209090000000000D4020000D5
:10AC90003208090000000000D50200003207090058
:10ACA00000000000BE02000033000B00157201100E
:10ACB000D702000033010B0015720110D60200000C
:10ACC000330004000D730110D902000033000400AA
:10ACD0000D730110DA020000330104000D7301103E
:10ACE000DB020000330104000D730110DC020000E0
:10ACF000330204000D730110DD0200003302040072
:10AD00000D730110DE020000330304000D73011007
:10AD1000DF020000330304000D730110D8020000AD
:10AD200033040B0065750110E102000033050B00D0
:10AD300065750110E202000033860500B57601104A
:10AD4000E30200003305070065750110E40200000E
:10AD500033860500B5760110E502000033050200D8
:10AD600021770110E1020000330704000000000019
:10AD7000E7020000330704008D860110D8020000AE
:10AD80003308060000000000E90200003309060055
:10AD900019860110EA020000330A0600AD86011090
:10ADA000EB020000330B060000000000EC02000084
:10ADB000330C00000000000000000000330D06000E
:10ADC00000000000EE020000330E06008186011034
:10ADD000EF020000330F0600AD860110F002000004
:10ADE0003310060000000000F102000033110600DD
:10ADF00000000000F2020000331206000000000014
:10AE0000F30200003313060000000000F40200000B
:10AE10003314060000000000F502000033150000A6
:10AE20000000000000000000330C060000000000DD
:10AE3000F7020000330B060000000000F8020000DB
:10AE4000330A060000000000F90200003309060082
:10AE500000000000FA0200003308060000000000B5
:10AE6000D80200003400000000000000FB020000D7
:10AE70003400070000000000FD020000340107005C
:10AE800000000000FE0200003402070019860110D5
:10AE9000FF02000034030700000000000003000070
:10AEA000340407000000000001030000340507001F
:10AEB000000000000203000034060700000000004C
:10AEC0000303000034070700000000000403000033
:10AED00034080700000000000503000034090700E3
:10AEE0000000000006030000340A0700B9860110C4
:10AEF00007030000340B0000000000000000000009
:10AF0000340C05000000000009030000340C0900A7
:10AF10008D860110FB0200003500000000000000DB
:10AF20000000000035012500E18901100A0300003E
:10AF300035006500ED8901100D03000035000B00A0
:10AF4000000000000E03000035000B0000000000B0
:10AF50000F03000035000000D58A0110000000003A
:10AF600033000B0015720110100300003300B6000F
:10AF7000658901101203000033009700DD8A01107B
:10AF80001203000036800400958C011014030000A9
:10AF900036810400B18B01101503000036820400D5
:10AFA000B18B01101603000036830400B18B011031
:10AFB0001303000020800500857E011018030000A7
:10AFC00020810500857E0110190300002082050004
:10AFD000857E01101A03000020830500857E011084
:10AFE0001B03000020840500857E01101C03000067
:10AFF00020850500857E01101D03000020860500C8
:10B00000857E01101E03000020870500857E01104B
:10B010000000000016810B0000000000200300006B
:10B0200016820B00000000002103000016830B00B5
:10B03000798A0110000000003700070000000000BE
:10B0400023030000378108000000000022030000F5
:10B0500038000700000000002503000038810700C9
:10B060000000000024030000390007000000000079
:10B07000270300003901070000000000260300003C
:10B080003A80060000000000290300003A81060013
:10B09000198601102A0300003A8206000000000011
:10B0A0002B0300003A830B007D8701102C03000066
:10B0B0003A840B0000000000000000003B80050007
:10B0C000000000002E0300003B810500000000008E
:10B0D0002F0300003B820500000000002D0300004C
:10B0E0003C00070000000000310300003C010700A5
:10B0F00000000000320300003C02070000000000D6
:10B10000330300003C03070000000000340300008C
:10B110003C02070000000000350300003C0107006E
:10B1200000000000300300003D00070000000000A8
:10B13000370300003D010700000000003803000055
:10B140003D02070000000000390300003D03070036
:10B15000000000003A0300003D020700000000006C
:10B160003B0300003D010700000000003603000023
:10B170003E000B00000000003D0300003E810B007C
:10B18000000000003C0300003F000B000000000036
:10B190003F0300003F810B00000000003E03000061
:10B1A00040000B00000000004103000040810B0044
:10B1B000000000004003000041000B000000000000
:10B1C0004303000041810B00000000004203000027
:10B1D00042000B00000000004503000042810B000C
:10B1E000000000004403000043000B0000000000CA
:10B1F0004703000043810B000000000046030000ED
:10B2000044000000000000000000000045000000B5
:10B210000000000000000000468007000000000061
:10B220004B03000046810700000000004C030000B3
:10B2300046820700000000004D030000468307001F
:10B24000000000004E0300004682070000000000DE
:10B250004F03000046810700000000004A03000081
:10B2600047800700000000005103000047810700ED
:10B2700000000000520300004782070000000000A9
:10B280005303000047830700000000005003000044
:10B290004880000000000000000000004980070016
:10B2A0000000000056030000498107000000000074
:10B2B0005703000049820700000000005803000007
:10B2C0004983070000000000550300004A80070082
:10B2D000000000005A0300004A810700000000003F
:10B2E0005B0300004A820700000000005C030000CE
:10B2F0004A83070000000000590300004B80000053
:10B3000000000000000000004C800700000000006A
:10B310005F0300004C810700000000006003000094
:10B320004C82070000000000610300004C8307000E
:10B3300000000000620300004C82070000000000D3
:10B34000630300004C810700000000005E03000062
:10B350004D80070000000000650300004D0107005C
:10B3600000000000640300004E0000000000000028
:10B37000000000004F00000000000000000000007E
:10B38000500000000000000000000000510000001C
:10B39000000000000000000052000000000000005B
:10B3A000000000005300000000000000000000004A
:10B3B00054000000000000000000000055000000E4
:10B3C0000000000000000000560000000000000027
:10B3D0000000000057000000000000000000000016
:10B3E00058000000000000000000000059000000AC
:10B3F00000000000000000005A00000000000000F3
:10B40000000000005B0000000000000000000000E1
:10B410005C00000000000000000000005D00000073
:10B4200000000000000000005E800000000000003E
:10B43000000000005F0000000000000000000000AD
:10B4400060000B00000000007903000060011000A4
:10B45000000000007A030000600209000000000004
:10B460007B0300006001070000000000780300007B
:10B470001C0D000000000000000000001C12000075
:10B48000000000000000000061000000000000005B
:10B49000000000006200000000000000000000004A
:10B4A000630000000000000000000000648007004E
:10B4B000000000008203000064810700000000001B
:10B4C0008103000065000000000000000000000093
:10B4D0006600070000000000850300006601090007
:10B4E000000000008403000067000000000000006E
:10B4F00000000000680000000000000000000000E4
:10B500006900000000000000000000006A00000068
:10B5100000000000000000006B00000000000000C0
:10B52000000000006C0000000000000000000000AF
:10B530006D00000000000000000000006E00000030
:10B5400000000000000000006F000000000000008C
:10B5500000000000708000000000000000000000FB
:10B560007180000000000000000000007200000078
:10B570000000000000000000730000000000000058
:10B580000000000074000000000000000000000047
:10B590007500000000000000000000007680070039
:10B5A0000000000096030000768107000000000004
:10B5B0009703000076820700000000009803000057
:10B5C00076810700000000009503000077800700E7
:10B5D000000000009A0300007781070000000000CF
:10B5E0009B03000077820700000000009903000021
:10B5F00078000F00000000009D03000078010F009C
:10B60000000000009C03000079800500000000009D
:10B610009F0300007981050000000000A0030000E6
:10B620007982050000000000A10300007983050075
:10B63000000000009E0300007A800500000000006A
:10B64000A30300007A81050000000000A4030000AD
:10B650007A82050000000000A50300007A8305003F
:10B6600000000000A20300007B8005000000000035
:10B67000A70300007B81050000000000A803000074
:10B680007B82050000000000A90300007B83050009
:10B6900000000000A60300007C8005000000000000
:10B6A000AB0300007C81050000000000AC0300003B
:10B6B0007C82050000000000AD0300007C830500D3
:10B6C00000000000AA0300007D80050000000000CB
:10B6D000AF0300007D81050000000000B003000002
:10B6E0007D82050000000000B10300007D8305009D
:10B6F00000000000AE0300007E8005000000000096
:10B70000B30300007E81050000000000B4030000C8
:10B710007E82050000000000B50300007E83050066
:10B7200000000000B20300007F00000000000000E5
:10B730000000000080000000000000000000000089
:10B7400081000000000000000000000082000000F6
:10B750000000000000000000830000000000000066
:10B760000000000084000000000000000000000055
:10B7700085000000000000000000000086000000BE
:10B780000000000000000000870000000000000032
:10B79000000000008880050000000000C0030000D9
:10B7A0008881050000000000C103000088820500B8
:10B7B00000000000C20300008883050000000000B4
:10B7C000BF0300008980050000000000C4030000E2
:10B7D0008981050000000000C50300008982050082
:10B7E00000000000C603000089830500000000007F
:10B7F000C3030000505D5F1F38484E34391A1B1FC9
:10B800002324263402002E736D4D0110FFFF00002B
:10B810000000000002002F6D314D0110FFFF0000FD
:10B820000000000001000000D14701100100B16ECE
:10B83000994C01100100AF68455001100100AF6440
:10B84000455001100100AF66455001100100B06A7B
:10B850001D5001100100B26EB147011001002965B1
:10B86000CD4F011001002A6DAD46011001000F738C
:10B87000A147011001002469255701100100256826
:10B880002557011001002668255701100100277572
:10B89000255701100100286E255701100100206B6B
:10B8A0008D4F0110010021748D4F0110010022699C
:10B8B0008D4F0110010023748D4F011047616D6D94
:10B8C0006120636F7272656374696F6E204F4646C4
:10B8D00000000000000047616D6D6120636F7272AF
:10B8E000656374696F6E206C6576656C203100004D
:10B8F00047616D6D6120636F7272656374696F6E0D
:10B90000206C6576656C2032000047616D6D6120AA
:10B91000636F7272656374696F6E206C6576656CB7
:10B920002033000047616D6D6120636F7272656343
:10B9300074696F6E206C6576656C203400000000C1
:10B9400000086DDCDEF1956B4BF8FE8C10424A1559
:10B95000D32F50F29A1BCD80A1594D245F6E5530E4
:10B96000D48CD3F9164FC8321CBC348CCA7844919D
:10B970003E46B8BE5BC598E0956819B2FCB6CAB63B
:10B980008DC50451B5F2912A27E39CC6E1C1DB5D68
:10B990007AAFF900AF8F46EF2EF6A335A36DA887D7
:10B9A00002EB195C14918A4D45A64EB0ADD4A67138
:10B9B0005EA12932EF316FA4463C0225AB4B889C37
:10B9C0000B382A928AE549924D3D62C4876A3FC589
:10B9D000C35660CB7165AAF7B57150FA6C07FFEDDD
:10B9E00081E24F6B70A667F118DFEF78C63A3C52E0
:10B9F0008003B8428FE091E051CEA32D3F5AA87248
:10BA00003B219F5F1C8B7B627DC40F46C2FD360EBF
:10BA10006DE24711A15DBA57F48A14347BFB1A24F6
:10BA2000112E34E7E84C1FDD5425D8A5D46AC5F2A1
:10BA3000622B27AFFE91BE5476DEBB8878A3ECF96B
:10BA4000C26001101A600110C2600110B6600110DE
:10BA5000BC600110AC60011074610110F061011054
:10BA600074610110686101103E610110686101108C
:10BA70007074725F746F5F73686F72747074720049
:10BA8000B8630110C6630110B8630110E6630110CA
:10BA9000E6630110A0630110E6630110A0630110CA
:10BAA00024650110D2640110AE64011024650110F8
:10BAB00054650110EE640110EE64011084640110FD
:10BAC0007074725F746F5F73686F727470747200F9
:10BAD0006D6F626A5F66756C6C0000006D6F626A04
:10BAE0005F66756C6C0000007074725F746F5F73DA
:10BAF000686F727470747200505F52656375727310
:10BB0000697665536F756E640000000000000000E8
:10BB100098B700000000010098B700000000000086
:10BB20006848FFFF0000FFFF6848FFFF00000100BA
:10BB300098B70000000000006848FFFF0000FFFF0A
:10BB40006848FFFF0000000098B7000003010507E8
:10BB5000040506070001020308000000AE90011072
:10BB6000C8900110E2900110169101106A91011025
:10BB70000A9201106093011088910110C891011080
:10BB8000129101104C9101100E940110A891011016
:10BB90007074725F746F5F73686F72747074720028
:10BBA000736563746F725F64656C74615F6365690C
:10BBB0006C696E67686569676874000073656374B3
:10BBC0006F725F7365745F6365696C696E676865E2
:10BBD0006967687400000000736563746F725F6466
:10BBE000656C74615F666C6F6F72686569676874B5
:10BBF00000000000736563746F725F7365745F6645
:10BC00006C6F6F726865696768740000BA9801109C
:10BC1000FE980110C8980110F098011012990110B7
:10BC2000E2980110A4990110BA990110C49E011064
:10BC3000C49E0110C49E0110D0990110289A0110D1
:10BC4000949A0110DC9A0110B89A0110009B01101F
:10BC5000489B0110249B01106C9B0110849B0110D8
:10BC60004A9A0110AC9B0110C49B0110EC9B01107F
:10BC70006C9A0110049C01101C9C0110349C011052
:10BC80004C9C0110F09C01100A9D0110249D011094
:10BC90003E9D0110589D0110729D01108C9D011058
:10BCA000A69D0110EA9D0110049E01102A9E01101C
:10BCB000449E01105E9E0110789E01109E9E011010
:10BCC0007074725F746F5F73686F727470747200F7
:10BCD0006D6F626A5F66756C6C0000006D6F626A02
:10BCE0005F66756C6C0000006D6F626A5F66756CF4
:10BCF0006C0000007074725F746F5F73686F7274B1
:10BD000070747200505F556E7365745468696E6725
:10BD1000506F736974696F6E0000000004000000CA
:10BD2000000000000000000004000000000000000F
:10BD300000000000040000000000000000000000FF
:10BD40000400000064E6022000000000040000007F
:10BD500068F20220000000000400000070F20220DF
:10BD600000000000040000006CF20220000000004F
:10BD70000400000000000000000000007800000047
:10BD800000000000000000000800000000000000AB
:10BD900000000000040000008C20012000000000D2
:10BDA000040000000000000000000000040000008B
:10BDB000000000000000000004000000000000007F
:10BDC000000000002800000038F8022001000000F8
:10BDD000040000000000000000000000040000005B
:10BDE000E01B032000000000040000000000000031
:10BDF0000000000004000000A41F0120000000005B
:10BE000004000000A81F0120000000000400000042
:10BE1000000000000000000004000000DE1B032002
:10BE20000000000000000000000000000000000012
:10BE300000010202030303030404040404040404D1
:10BE400005050505050505050505050505050505A2
:10BE50000606060606060606060606060606060682
:10BE60000606060606060606060606060606060672
:10BE70000707070707070707070707070707070752
:10BE80000707070707070707070707070707070742
:10BE90000707070707070707070707070707070732
:10BEA0000707070707070707070707070707070722
:10BEB0000808080808080808080808080808080802
:10BEC00008080808080808080808080808080808F2
:10BED00008080808080808080808080808080808E2
:10BEE00008080808080808080808080808080808D2
:10BEF00008080808080808080808080808080808C2
:10BF000008080808080808080808080808080808B1
:10BF100008080808080808080808080808080808A1
:10BF20000808080808080808080808080808080891
:10BF300010212132213232432132324332434354E1
:10BF400021323243324343543243435443545465C1
:10BF500021323243324343543243435443545465B1
:10BF60003243435443545465435454655465657691
:10BF70002132324332434354324343544354546591
:10BF80003243435443545465435454655465657671
:10BF90003243435443545465435454655465657661
:10BFA0004354546554656576546565766576768741
:10BFB0007074725F746F5F73686F72747074720004
:10BFC0006D6F626A5F66756C6C000000B8E5011009
:10BFD0004CE50110FAE4011038E4011082E501108B
:10BFE0007074725F746F5F73686F727470747200D4
:10BFF0006D6F626A5F66756C6C000000BE0D0210AA
:10C00000EA0D02101A0E0210360E0210F60D021082
:10C01000440E0210520E0210280E0210600E021082
:10C02000900E0210D20E0210F60E02101A0F02101D
:10C030004A0F0210640F02107E0F02109C0F0210B4
:10C04000505F5361766547616D65577269746546E7
:10C050006C617368536C6F74000000007074725FE1
:10C06000746F5F73686F7274707472006D6F626A60
:10C070005F66756C6C00000073617665675F777250
:10C080006974655F6D6F626A5F74000073656374E5
:10C090006F725F7365745F6365696C696E6768650D
:10C0A0006967687400000000736563746F725F7382
:10C0B00065745F666C6F6F726865696768740000AD
:10C0C000505F41726368697665576F726C640000F7
:10C0D00074685F666C7573685F627974657300007D
:10C0E00074685F77726974655F62697473000000D9
:10C0F00074685F66696C6C5F62797465000000004B
:10C1000074685F726561645F626974730000000047
:10C11000505F4C6F616452656A6563740000000093
:10C12000505F4C6F61644C696E65446566730000D6
:10C13000736563746F725F7365745F6365696C695F
:10C140006E676865696768740000000073656374F2
:10C150006F725F7365745F666C6F6F726865696735
:10C16000687400006D6F626A5F66756C6C00000039
:10C1700034270210342702106E2702107E27021087
:10C180008E2702109E270210AE27021034270210BD
:10C19000BE27021034270210CE27021034270210C7
:10C1A000E0270210F0270210342702103427021073
:10C1B0000028021010280210342702101E28021036
:10C1C00034270210342702102E28021034270210C0
:10C1D000342702104028021034270210342702109E
:10C1E000342702103427021050280210342702107E
:10C1F000342702103427021034270210602802105E
:10C20000702802108028021090280210A028021026
:10C21000B2280210342702103427021034270210EB
:10C22000CA280210342702103427021034270210C3
:10C23000342702103427021034270210342702104A
:10C24000DA280210E0280210F22802103427021027
:10C2500000290210102902101E2902102E29021096
:10C26000342702103427021034270210342702101A
:10C27000342702103427021034270210342702100A
:10C2800034270210342702103427021034270210FA
:10C29000F6290210002A02100A2A0210122A02109D
:10C2A0001C2A0210262A021034270210382A0210F3
:10C2B000422A02104C2A0210562A0210602A02104A
:10C2C0006A2A021034270210742A02107E2A0210F1
:10C2D0008A2A0210962A02109E2A0210A82A021008
:10C2E000B22A0210BC2A0210C62A0210D02A02105A
:10C2F000DC2A0210E62A0210F22A02103427021069
:10C300006C2902103427021034270210342702103F
:10C310003E290210FC2A0210062B0210102B0210DC
:10C320004C2902105C2902107C29021034270210CB
:10C330003427021034270210342702103427021049
:10C340003427021034270210342702108C290210DF
:10C350001A2B02109C2902103427021034270210D5
:10C36000AE290210B4290210262B02103427021025
:10C37000422B02104C2B0210D62902103427021037
:10C3800034270210342702103427021034270210F9
:10C3900034270210342702103427021034270210E9
:10C3A00034270210E6290210282C0210F42B021068
:10C3B0008A2C02100E2C02108A2C02104E2C021015
:10C3C0008A2C0210602C02108A2C02108A2C021077
:10C3D0008A2C02108A2C0210282C0210FC2F02102A
:10C3E000F62F0210203002102C30021038300210CC
:10C3F000FC2F0210FC2F0210FC2F021050300210F4
:10C400005830021062300210FC2F02106A30021005
:10C410007630021082300210FC2F0210FC2F021026
:10C420008C300210505F537061776E537065636992
:10C43000616C73007074725F746F5F73686F727495
:10C4400070747200505F55706461746553706563F9
:10C4500069616C73000000006D6F626A5F66756CE5
:10C460006C0000000200000806030008080700082E
:10C470000C0900080F0D000813100008171400081D
:10C480001B1800081F1C00085856010855520108C7
:10C490005C5901085F5D010862600108646301087E
:10C4A00067650108696801086C6A0108706D010818
:10C4B00074710108787501087C790108863A0210C8
:10C4C00040350210863A0210863A0210863A02106F
:10C4D000863A0210863A02104C350210863A021053
:10C4E00068350210863A021082350210863A021030
:10C4F000863A021092350210B0350210863A0210C8
:10C50000863A0210CE350210863A0210EA35021041
:10C5100008360210863A021026360210863A0210B9
:10C52000863A0210403502104035021040350210A4
:10C5300042360210863A0210403502104035021091
:10C540004035021040350210863A0210863A021039
:10C55000863A0210863A0210863A0210863A021093
:10C560005E3602102638021042380210863A021057
:10C570005E380210863A0210863A0210863A02109D
:10C5800096360210B2360210CE360210863A0210EB
:10C59000863A0210863A0210DE360210863A0210FF
:10C5A000863A0210863A0210863A02107A38021051
:10C5B00096380210B2380210D0380210EC3802104F
:10C5C000443902100839021026390210603902106D
:10C5D0007E3902109A3902107A360210863A021019
:10C5E000863A0210863A0210863A0210863A021003
:10C5F000863A0210863A0210863A0210863A0210F3
:10C60000863A0210863A0210863A0210863A0210E2
:10C61000863A0210863A0210863A0210863A0210D2
:10C62000863A0210863A0210863A0210863A0210C2
:10C63000863A0210863A0210863A0210863A0210B2
:10C64000863A0210863A0210343A0210863A0210F4
:10C65000FA3602101637021032370210863A0210EC
:10C66000863A0210863A0210863A0210863A021082
:10C67000863A0210863A02104E3702106A370210CC
:10C6800086370210B6390210D2390210EE39021084
:10C690004035021040350210863A0210863A0210E8
:10C6A000863A0210A23702100A3A0210863A0210A5
:10C6B000863A0210863A0210C0370210863A0210FB
:10C6C000863A0210863A0210E03702106D6F626AF5
:10C6D0005F66756C6C000000505F53746172744249
:10C6E0007574746F6E0000000203010405010607F3
:10C6F000010809010A0B010C0D010E0F01101101B7
:10C700001213011415011617011819011A1B011C27
:10C710001D012021012223011E1F014849014A4B0E
:10C72000012829024C4D022425024E4F02262702E1
:10C730005051022A2B022C2D022E2F0230310232B0
:10C7400033033435033637033839033A3B033C3D72
:10C75000033E3F034041034243034445034647032E
:10C760006D6F626A5F66756C6C0000009840021025
:10C7700038400210424002104C4002105640021055
:10C78000604002106A400210744002107E400210A5
:10C79000884002105A5F5468696E6B467265650086
:10C7A0007468696E6B65725F6E0000005A5F546852
:10C7B000696E6B4D616C6C6F63496D706C0000004D
:10C7C000505F4164645468696E6B657200000000DC
:10C7D0007074725F746F5F73686F727470747200DC
:10C7E0006D6F626A5F66756C6C000000525F537516
:10C7F00062736563746F7200525F496E697453703F
:10C80000726974654C756D7073000000525F496EFB
:10C810006974466C61747300525F496E6974546543
:10C8200078747572657300006C6F6F6B75705F74F0
:10C83000657874757265000072657365745F667201
:10C84000616D656472617761626C65730000000000
:10C85000736964655F736574626F74746F6D74651A
:10C860007874757265000000736964655F73657440
:10C870006D696474657874757265000073696465C8
:10C880005F736574746F7074657874757265000099
:10C89000636865636B5F7377697463685F746578F9
:10C8A0007475726500000000736563746F725F7663
:10C8B000616C6964636F756E745F757064617465D3
:10C8C0005F636865636B5F696D706C006C696E6552
:10C8D0005F7365745F6D6170706564006C696E652F
:10C8E0005F69735F6D617070656400006C696E658F
:10C8F0005F76616C6964636F756E745F7570646197
:10C9000074655F636865636B5F696D706C000000E0
:10C910006C696E655F7370656369616C000000002F
:10C920007768645F6C696E655F7370656369616C7D
:10C9300000000000636C6561725F6C696E655F7317
:10C9400070656369616C00006D6F626A5F66756C2B
:10C950006C000000400140014001400140014001E5
:10C9600040014001400140014001400140014001BF
:10C9700040014001400140014001400140014001AF
:10C98000400140014001400140014001400140019F
:10C99000400140014001400140014001400140018F
:10C9A000400140014001400140014001400140017F
:10C9B000400140014001400140014001400140016F
:10C9C000400140014001400140014001400140015F
:10C9D000400140014001400140014001400140014F
:10C9E000400140014001400140014001400140013F
:10C9F000400140014001400140014001400140012F
:10CA0000400140014001400140014001400140011E
:10CA1000400140014001400140014001400140010E
:10CA200040014001400140014001400140014001FE
:10CA300040014001400140014001400140014001EE
:10CA400040014001400140014001400140014001DE
:10CA500040014001400140014001400140014001CE
:10CA600040014001400140014001400140014001BE
:10CA700040014001400140014001400140014001AE
:10CA8000400140014001400140014001400140019E
:10CA9000400140014001400140014001400140018E
:10CAA000400140014001400140014001400140017E
:10CAB000400140014001400140014001400140016E
:10CAC000400140014001400140014001400140015E
:10CAD000400140014001400140014001400140014E
:10CAE000400140014001400140014001400140013E
:10CAF000400140014001400140014001400140012E
:10CB0000400140014001400140014001400140011D
:10CB1000400140014001400140014001400140010D
:10CB200040014001400140014001400140014001FD
:10CB300040014001400140014001400140014001ED
:10CB400040014001400140014001400140014001DD
:10CB500040014001400140014001400140014001CD
:10CB600040014001400140014001400140014001BD
:10CB700040014001400140014001400140014001AD
:10CB8000400140014001400140014001400140019D
:10CB9000400140014001400140014001400140018D
:10CBA000400140014001400140014001400140017D
:10CBB000400140014001400140014001400140016D
:10CBC000400140014001400140014001400140015D
:10CBD000400140014001400140014001400140014D
:10CBE000400140014001400140014001400140013D
:10CBF000400140014001400140014001400140012D
:10CC0000400140014001400140014001400140011C
:10CC1000400140014001400140014001400140010C
:10CC200040014001400140014001400140014001FC
:10CC300040014001400140014001400140014001EC
:10CC400040014001400140014001400140014001DC
:10CC500040014001400140014001400140014001CC
:10CC600040014001400140014001400140014001BC
:10CC700040014001400140014001400140014001AC
:10CC8000400140014001400140014001400140019C
:10CC9000400140014001400140014001400140018C
:10CCA000400140014001400140014001400140017C
:10CCB000400140014001400140014001400140016C
:10CCC000400140014001400140014001400140015C
:10CCD000400140014001400140014001400140014C
:10CCE000400140014001400140014001400140013C
:10CCF000400140014001400140014001400140012C
:10CD0000400140014001400140014001400140011B
:10CD1000400140014001400140014001400140010B
:10CD200040014001400140014001400140014001FB
:10CD300040014001400140014001400140014001EB
:10CD400040014001400140014001400140014001DB
:10CD500040014001400140014001400140014001CB
:10CD600040014001400140014001400140014001BB
:10CD700040014001400140014001400140014001AB
:10CD8000400140014001400140014001400140019B
:10CD9000400140014001400140014001400140018B
:10CDA000400140014001400140014001400140017B
:10CDB000400140014001400140014001400140016B
:10CDC000400140014001400140014001400140015B
:10CDD000400140014001400140014001400140014B
:10CDE000400140014001400140014001400140013B
:10CDF000400140014001400140014001400140012B
:10CE0000400140014001400140014001400140011A
:10CE1000400140014001400140014001400140010A
:10CE200040014001400140014001400140014001FA
:10CE300040014001400140014001400140014001EA
:10CE400040014001400140014001400140014001DA
:10CE500040014001400140014001400140014001CA
:10CE600040014001400140014001400140014001BA
:10CE700040014001400140014001400140014001AA
:10CE8000400140014001400140014001400140019A
:10CE9000400140014001400140014001400140018A
:10CEA000400140014001400140014001400140017A
:10CEB000400140014001400140014001400140016A
:10CEC000400140014001400140014001400140015A
:10CED000400140014001400140014001400140014A
:10CEE000400140014001400140014001400140013A
:10CEF000400140014001400140014001400140012A
:10CF00004001400140014001400140014001400119
:10CF10004001400140014001400140014001400109
:10CF200040014001400140014001400140014001F9
:10CF300040014001400140014001400140014001E9
:10CF400040014001400140014001400140014001D9
:10CF500040014001400140014001400140014001C9
:10CF600040014001400140014001400140014001B9
:10CF700040014001400140014001400140014001A9
:10CF80004001400140014001400140014001400199
:10CF90004001400140014001400140014001400189
:10CFA0004001400140014001400140014001400179
:10CFB0004001400140014001400140014001400169
:10CFC0004001400140014001400140014001400159
:10CFD0004001400140014001400140014001400149
:10CFE0004001400140014001400140014001400139
:10CFF0004001400140014001400140014001400129
:10D000004001400140014001400140014001400118
:10D010004001400140014001400140014001400108
:10D0200040014001400140014001400140014001F8
:10D0300040014001400140014001400140014001E8
:10D0400040014001400140014001400140014001D8
:10D0500040014001400140014001400140014001C8
:10D0600040014001400140014001400140014001B8
:10D0700040014001400140014001400140014001A8
:10D080004001400140014001400140014001400198
:10D090004001400140014001400140014001400188
:10D0A0004001400140014001400140014001400178
:10D0B0004001400140014001400140014001400168
:10D0C0004001400140014001400140014001400158
:10D0D0004001400140014001400140014001400148
:10D0E0004001400140014001400140014001400138
:10D0F0004001400140014001400140014001400128
:10D100004001400140014001400140014001400117
:10D110004001400140014001400140014001400107
:10D1200040014001400140014001400140014001F7
:10D1300040014001400140014001400140014001E7
:10D1400040014001400140014001400140014001D7
:10D150004001400140014001400140013F013F01C9
:10D160003F013F013E013E013E013E013D013D01C7
:10D170003D013D013C013C013C013C013B013B01C7
:10D180003B013B013A013A013A013A013A013901C6
:10D1900039013901390138013801380138013701C5
:10D1A00037013701370137013601360136013601C3
:10D1B00035013501350135013401340134013401C3
:10D1C00034013301330133013301320132013201C1
:10D1D00032013201310131013101310130013001BF
:10D1E0003001300130012F012F012F012F012E01BD
:10D1F0002E012E012E012E012D012D012D012D01BB
:10D200002C012C012C012C012C012B012B012B01B9
:10D210002B012B012A012A012A012A0129012901B6
:10D2200029012901290128012801280128012801B3
:10D2300027012701270127012701260126012601B1
:10D2400026012501250125012501250124012401AF
:10D2500024012401240123012301230123012301AB
:10D2600022012201220122012201210121012101A9
:10D2700021012101200120012001200120011F01A5
:10D280001F011F011F011F011E011E011E011E01A2
:10D290001E011D011D011D011D011D011C011C019F
:10D2A0001C011C011C011B011B011B011B011B019B
:10D2B0001A011A011A011A011A0119011901190199
:10D2C0001901190119011801180118011801180193
:10D2D0001701170117011701170116011601160191
:10D2E000160116011501150115011501150115018C
:10D2F0001401140114011401140113011301130189
:10D300001301130112011201120112011201120183
:10D310001101110111011101110110011001100180
:10D320001001100110010F010F010F010F010F017A
:10D330000E010E010E010E010E010E010D010D0177
:10D340000D010D010D010C010C010C010C010C0172
:10D350000C010B010B010B010B010B010B010A016D
:10D360000A010A010A010A01090109010901090169
:10D370000901090108010801080108010801080163
:10D38000070107010701070107010701060106015F
:10D39000060106010601050105010501050105015A
:10D3A0000501040104010401040104010401030155
:10D3B0000301030103010301030102010201020150
:10D3C000020102010201010101010101010101014A
:10D3D0000101000100010001000100010001FF0046
:10D3E000FF00FF00FF00FF00FF00FE00FE00FE0048
:10D3F000FE00FE00FE00FD00FD00FD00FD00FD0042
:10D40000FD00FC00FC00FC00FC00FC00FC00FB003C
:10D41000FB00FB00FB00FB00FB00FB00FA00FA0036
:10D42000FA00FA00FA00FA00F900F900F900F90030
:10D43000F900F900F800F800F800F800F800F8002A
:10D44000F700F700F700F700F700F700F700F60025
:10D45000F600F600F600F600F600F500F500F5001F
:10D46000F500F500F500F400F400F400F400F40019
:10D47000F400F400F300F300F300F300F300F30012
:10D48000F200F200F200F200F200F200F200F1000D
:10D49000F100F100F100F100F100F000F000F00007
:10D4A000F000F000F000F000EF00EF00EF00EF0000
:10D4B000EF00EF00EE00EE00EE00EE00EE00EE00FA
:10D4C000EE00ED00ED00ED00ED00ED00ED00EC00F4
:10D4D000EC00EC00EC00EC00EC00EC00EB00EB00EE
:10D4E000EB00EB00EB00EB00EB00EA00EA00EA00E7
:10D4F000EA00EA00EA00EA00E900E900E900E900E0
:10D50000E900E900E800E800E800E800E800E800D9
:10D51000E800E700E700E700E700E700E700E700D2
:10D52000E600E600E600E600E600E600E600E500CC
:10D53000E500E500E500E500E500E500E400E400C5
:10D54000E400E400E400E400E400E300E300E300BE
:10D55000E300E300E300E300E200E200E200E200B7
:10D56000E200E200E200E100E100E100E100E100B0
:10D57000E100E100E000E000E000E000E000E000A9
:10D58000E000DF00DF00DF00DF00DF00DF00DF00A2
:10D59000DE00DE00DE00DE00DE00DE00DE00DD009C
:10D5A000DD00DD00DD00DD00DD00DD00DC00DC0095
:10D5B000DC00DC00DC00DC00DC00DB00DB00DB008E
:10D5C000DB00DB00DB00DB00DA00DA00DA00DA0087
:10D5D000DA00DA00DA00D900D900D900D900D90080
:10D5E000D900D900D900D800D800D800D800D80078
:10D5F000D800D800D700D700D700D700D700D70071
:10D60000D700D600D600D600D600D600D600D60069
:10D61000D600D500D500D500D500D500D500D50061
:10D62000D400D400D400D400D400D400D400D3005B
:10D63000D300D300D300D300D300D300D300D20053
:10D64000D200D200D200D200D200D200D100D1004C
:10D65000D100D100D100D100D100D100D000D00044
:10D66000D000D000D000D000D000CF00CF00CF003D
:10D67000CF00CF00CF00CF00CF00CE00CE00CE0035
:10D68000CE00CE00CE00CE00CD00CD00CD00CD002E
:10D69000CD00CD00CD00CD00CC00CC00CC00CC0026
:10D6A000CC00CC00CC00CB00CB00CB00CB00CB001F
:10D6B000CB00CB00CB00CA00CA00CA00CA00CA0017
:10D6C000CA00CA00CA00C900C900C900C900C9000F
:10D6D000C900C900C800C800C800C800C800C80008
:10D6E000C800C800C700C700C700C700C700C70000
:10D6F000C700C700C600C600C600C600C600C600F8
:10D70000C600C500C500C500C500C500C500C500F0
:10D71000C500C400C400C400C400C400C400C400E8
:10D72000C400C300C300C300C300C300C300C300E0
:10D73000C300C200C200C200C200C200C200C200D8
:10D74000C200C100C100C100C100C100C100C100D0
:10D75000C000C000C000C000C000C000C000C000C9
:10D76000BF00BF00BF00BF00BF00BF00BF00BF00C1
:10D77000BE00BE00BE00BE00BE00BE00BE00BE00B9
:10D78000BD00BD00BD00BD00BD00BD00BD00BD00B1
:10D79000BC00BC00BC00BC00BC00BC00BC00BC00A9
:10D7A000BB00BB00BB00BB00BB00BB00BB00BB00A1
:10D7B000BA00BA00BA00BA00BA00BA00BA00BA0099
:10D7C000B900B900B900B900B900B900B900B90091
:10D7D000B800B800B800B800B800B800B800B80089
:10D7E000B700B700B700B700B700B700B700B70081
:10D7F000B600B600B600B600B600B600B600B60079
:10D80000B500B500B500B500B500B500B500B50070
:10D81000B400B400B400B400B400B400B400B40068
:10D82000B300B300B300B300B300B300B300B30060
:10D83000B200B200B200B200B200B200B200B20058
:10D84000B100B100B100B100B100B100B100B10050
:10D85000B000B000B000B000B000B000B000B00048
:10D86000AF00AF00AF00AF00AF00AF00AF00AF0040
:10D87000AE00AE00AE00AE00AE00AE00AE00AE0038
:10D88000AD00AD00AD00AD00AD00AD00AD00AD0030
:10D89000AC00AC00AC00AC00AC00AC00AC00AC0028
:10D8A000AB00AB00AB00AB00AB00AB00AB00AB0020
:10D8B000AB00AA00AA00AA00AA00AA00AA00AA0017
:10D8C000AA00A900A900A900A900A900A900A9000F
:10D8D000A900A800A800A800A800A800A800A80007
:10D8E000A800A700A700A700A700A700A700A700FF
:10D8F000A700A600A600A600A600A600A600A600F7
:10D90000A600A500A500A500A500A500A500A500EE
:10D91000A500A400A400A400A400A400A400A400E6
:10D92000A400A400A300A300A300A300A300A300DD
:10D93000A300A300A200A200A200A200A200A200D5
:10D94000A200A200A100A100A100A100A100A100CD
:10D95000A100A100A000A000A000A000A000A000C5
:10D96000A000A0009F009F009F009F009F009F00BD
:10D970009F009F009E009E009E009E009E009E00B5
:10D980009E009E009D009D009D009D009D009D00AD
:10D990009D009D009D009C009C009C009C009C00A4
:10D9A0009C009C009C009B009B009B009B009B009C
:10D9B0009B009B009B009A009A009A009A009A0094
:10D9C0009A009A009A00990099009900990099008C
:10D9D0009900990099009800980098009800980084
:10D9E000980098009800970097009700970097007C
:10D9F0009700970097009600960096009600960074
:10DA0000960096009600960095009500950095006A
:10DA10009500950095009500940094009400940062
:10DA2000940094009400940093009300930093005A
:10DA30009300930093009300920092009200920052
:10DA4000920092009200920091009100910091004A
:10DA50009100910091009100900090009000900042
:10DA600090009000900090008F008F008F008F003A
:10DA70008F008F008F008F008E008E008E008E0032
:10DA80008E008E008E008E008D008D008D008D002A
:10DA90008D008D008D008D008C008C008C008C0022
:10DAA0008C008C008C008C008B008B008B008B001A
:10DAB0008B008B008B008B008A008A008A008A0012
:10DAC0008A008A008A008A0089008900890089000A
:10DAD0008900890089008900880088008800880002
:10DAE00088008800880088008700870087008700FA
:10DAF00087008700870087008600860086008600F2
:10DB000086008600860086008500850085008500E9
:10DB100085008500850085008400840084008400E1
:10DB200084008400840084008300830083008300D9
:10DB300083008300830083008200820082008200D1
:10DB400082008200820082008100810081008100C9
:10DB500081008100810081008000800080008000C1
:10DB60008000800080007F007F007F007F007F00BA
:10DB70007F007F007F007E007E007E007E007E00B2
:10DB80007E007E007E007D007D007D007D007D00AA
:10DB90007D007D007D007C007C007C007C007C00A2
:10DBA0007C007C007C007B007B007B007B007B009A
:10DBB0007B007B007A007A007A007A007A007A0093
:10DBC0007A007A007900790079007900790079008B
:10DBD0007900790078007800780078007800780083
:10DBE000780077007700770077007700770077007C
:10DBF0007700760076007600760076007600760074
:10DC0000760075007500750075007500750075006B
:10DC10007400740074007400740074007400740064
:10DC2000730073007300730073007300730072005D
:10DC30007200720072007200720072007200710055
:10DC4000710071007100710071007100700070004E
:10DC50007000700070007000700070006F006F0046
:10DC60006F006F006F006F006F006E006E006E003F
:10DC70006E006E006E006E006E006D006D006D0037
:10DC80006D006D006D006D006C006C006C006C0030
:10DC90006C006C006C006B006B006B006B006B0029
:10DCA0006B006B006B006A006A006A006A006A0021
:10DCB0006A006A006900690069006900690069001A
:10DCC0006900680068006800680068006800680013
:10DCD000680067006700670067006700670067000B
:10DCE0006600660066006600660066006600650005
:10DCF00065006500650065006500650064006400FE
:10DD000064006400640064006400630063006300F6
:10DD100063006300630063006200620062006200EF
:10DD200062006200620061006100610061006100E8
:10DD300061006100600060006000600060006000E1
:10DD400060005F005F005F005F005F005F005F00DA
:10DD50005E005E005E005E005E005E005E005D00D4
:10DD60005D005D005D005D005D005D005C005C00CD
:10DD70005C005C005C005C005C005B005B005B00C6
:10DD80005B005B005B005B005A005A005A005A00BF
:10DD90005A005A005A0059005900590059005900B8
:10DDA00059005900580058005800580058005800B1
:10DDB00057005700570057005700570057005600AC
:10DDC00056005600560056005600560055005500A5
:10DDD000550055005500550055005400540054009E
:10DDE0005400540054005300530053005300530098
:10DDF0005300530052005200520052005200520091
:10DE0000510051005100510051005100510050008B
:10DE1000500050005000500050004F004F004F0085
:10DE20004F004F004F004F004E004E004E004E007E
:10DE30004E004E004D004D004D004D004D004D0078
:10DE40004D004C004C004C004C004C004C004B0072
:10DE50004B004B004B004B004B004A004A004A006D
:10DE60004A004A004A004A00490049004900490066
:10DE70004900490048004800480048004800480060
:10DE8000470047004700470047004700460046005C
:10DE90004600460046004600460045004500450055
:10DEA000450045004500440044004400440044004F
:10DEB000440043004300430043004300430042004A
:10DEC0004200420042004200420041004100410045
:10DED000410041004100400040004000400040003F
:10DEE00040003F003F003F003F003F003F003E003A
:10DEF0003E003E003E003E003E003D003D003D0035
:10DF00003D003D003D003C003C003C003C003C002E
:10DF10003C003B003B003B003B003B003A003A002A
:10DF20003A003A003A003A00390039003900390025
:10DF3000390039003800380038003800380038001F
:10DF4000370037003700370037003600360036001C
:10DF50003600360036003500350035003500350016
:10DF60003500340034003400340034003300330012
:10DF7000330033003300330032003200320032000D
:10DF80003200310031003100310031003100300009
:10DF900030003000300030002F002F002F002F0005
:10DFA0002F002F002E002E002E002E002E002D0000
:10DFB0002D002D002D002D002C002C002C002C00FD
:10DFC0002C002C002B002B002B002B002B002A00F8
:10DFD0002A002A002A002A002900290029002900F5
:10DFE00029002800280028002800280028002700F1
:10DFF00027002700270027002600260026002600ED
:10E0000026002500250025002500250024002400E9
:10E0100024002400240023002300230023002300E5
:10E0200022002200220022002200210021002100E3
:10E0300021002100200020002000200020001F00DF
:10E040001F001F001F001F001E001E001E001E00DC
:10E050001E001D001D001D001D001D001C001C00D9
:10E060001C001C001C001B001B001B001B001A00D6
:10E070001A001A001A001A001900190019001900D4
:10E0800019001800180018001800180017001700D1
:10E0900017001700160016001600160016001500CF
:10E0A00015001500150015001400140014001400CC
:10E0B00013001300130013001300120012001200CB
:10E0C00012001100110011001100110010001000C9
:10E0D000100010000F000F000F000F000F000E00C7
:10E0E0000E000E000E000D000D000D000D000D00C5
:10E0F0000C000C000C000C000B000B000B000B00C4
:10E100000A000A000A000A000A00090009000900C2
:10E1100009000800080008000800070007000700C1
:10E1200007000700060006000600060005000500BF
:10E1300005000500040004000400040003000300BF
:10E1400003000300020002000200020001000100BF
:10E1500001000100010000000000000000000000BC
:10E1600000000000000000000000000000000000AF
:10E17000000000000000000000000000000000009F
:10E18000000000000000000000000000000000008F
:10E19000000000000000000000000000000000007F
:10E1A000000000000000000000000000000000006F
:10E1B000000000000000000000000000000000005F
:10E1C000000000000000000000000000000000004F
:10E1D000000000000000000000000000000000003F
:10E1E000000000000000000000000000000000002F
:10E1F000000000000000000000000000000000001F
:10E20000000000000000000000000000000000000E
:10E2100000000000000000000000000000000000FE
:10E2200000000000000000000000000000000000EE
:10E2300000000000000000000000000000000000DE
:10E2400000000000000000000000000000000000CE
:10E2500000000000000000000000000000000000BE
:10E2600000000000000000000000000000000000AE
:10E27000000000000000000000000000000000009E
:10E28000000000000000000000000000000000008E
:10E29000000000000000000000000000000000007E
:10E2A000000000000000000000000000000000006E
:10E2B000000000000000000000000000000000005E
:10E2C000000000000000000000000000000000004E
:10E2D000000000000000000000000000000000003E
:10E2E000000000000000000000000000000000002E
:10E2F000000000000000000000000000000000001E
:10E30000000000000000000000000000000000000D
:10E3100000000000000000000000000000000000FD
:10E3200000000000000000000000000000000000ED
:10E3300000000000000000000000000000000000DD
:10E3400000000000000000000000000000000000CD
:10E3500000000000000000000000000000000000BD
:10E3600000000000000000000000000000000000AD
:10E37000000000000000000000000000000000009D
:10E38000000000000000000000000000000000008D
:10E39000000000000000000000000000000000007D
:10E3A000000000000000000000000000000000006D
:10E3B000000000000000000000000000000000005D
:10E3C000000000000000000000000000000000004D
:10E3D000000000000000000000000000000000003D
:10E3E000000000000000000000000000000000002D
:10E3F000000000000000000000000000000000001D
:10E40000000000000000000000000000000000000C
:10E4100000000000000000000000000000000000FC
:10E4200000000000000000000000000000000000EC
:10E4300000000000000000000000000000000000DC
:10E4400000000000000000000000000000000000CC
:10E4500000000000000000000000000000000000BC
:10E4600000000000000000000000000000000000AC
:10E47000000000000000000000000000000000009C
:10E48000000000000000000000000000000000008C
:10E49000000000000000000000000000000000007C
:10E4A000000000000000000000000000000000006C
:10E4B000000000000000000000000000000000005C
:10E4C000000000000000000000000000000000004C
:10E4D000000000000000000000000000000000003C
:10E4E000000000000000000000000000000000002C
:10E4F000000000000000000000000000000000001C
:10E50000000000000000000000000000000000000B
:10E5100000000000000000000000000000000000FB
:10E5200000000000000000000000000000000000EB
:10E5300000000000000000000000000000000000DB
:10E5400000000000000000000000000000000000CB
:10E5500000000000000000000000000000000000BB
:10E5600000000000000000000000000000000000AB
:10E57000000000000000000000000000000000009B
:10E58000000000000000000000000000000000008B
:10E59000000000000000000000000000000000007B
:10E5A000000000000000000000000000000000006B
:10E5B000000000000000000000000000000000005B
:10E5C000000000000000000000000000000000004B
:10E5D000000000000000000000000000000000003B
:10E5E000000000000000000000000000000000002B
:10E5F000000000000000000000000000000000001B
:10E60000000000000000000000000000000000000A
:10E6100000000000000000000000000000000000FA
:10E6200000000000000000000000000000000000EA
:10E6300000000000000000000000000000000000DA
:10E6400000000000000000000000000000000000CA
:10E6500000000000000000000000000000000000BA
:10E6600000000000000000000000000000000000AA
:10E67000000000000000000000000000000000009A
:10E68000000000000000000000000000000000008A
:10E69000000000000000000000000000000000007A
:10E6A000000000000000000000000000000000006A
:10E6B000000000000000000000000000000000005A
:10E6C000000000000000000000000000000000004A
:10E6D000000000000000000000000000000000003A
:10E6E000000000000000000000000000000000002A
:10E6F000000000000000000000000000000000001A
:10E700000000000000000000000000000000000009
:10E7100000000000000000000000000000000000F9
:10E7200000000000000000000000000000000000E9
:10E7300000000000000000000000000000000000D9
:10E7400000000000000000000000000000000000C9
:10E7500000000000000000000000000000000000B9
:10E7600000000000000000000000000000000000A9
:10E770000000000000000000000000000000000099
:10E780000000000000000000000000000000000089
:10E790000000000000000000000000000000000079
:10E7A0000000000000000000000000000000000069
:10E7B0000000000000000000000000000000000059
:10E7C0000000000000000000000000000000000049
:10E7D0000000000000000000000000000000000039
:10E7E0000000000000000000000000000000000029
:10E7F0000000000000000000000000000000000019
:10E800000000000000000000000000000000000008
:10E8100000000000000000000000000000000000F8
:10E8200000000000000000000000000000000000E8
:10E8300000000000000000000000000000000000D8
:10E8400000000000000000000000000000000000C8
:10E8500000000000000000000000000000000000B8
:10E8600000000000000000000000000000000000A8
:10E870000000000000000000000000000000000098
:10E880000000000000000000000000000000000088
:10E890000000000000000000000000000000000078
:10E8A0000000000000000000000000000000000068
:10E8B0000000000000000000000000000000000058
:10E8C0000000000000000000000000000000000048
:10E8D0000000000000000000000000000000000038
:10E8E0000000000000000000000000000000000028
:10E8F0000000000000000000000000000000000018
:10E900000000000000000000000000000000000007
:10E9100000000000000000000000000000000000F7
:10E9200000000000000000000000000000000000E7
:10E9300000000000000000000000000000000000D7
:10E9400000000000000000000000000000000000C7
:10E95000000000000820E01FC01FA01F801F601FD4
:10E96000401F181FF81ED81EB01E901E701E481E95
:10E97000281E001EE01DB81D981D701D501D281D6D
:10E98000001DE01CB81C901C681C481C201CF81BB7
:10E99000D01BA81B801B581B301B081BE01AB81A81
:10E9A000901A681A381A101AE819C01990196819BB
:10E9B00040191019E818B818901860183818081875
:10E9C000D817B017801750172017F816C8169816C2
:10E9D000681638160816D815A8157815481518158C
:10E9E000E014B014801450141814E813B8138013F2
:10E9F00050131813E812B012801248121812E011C6
:10EA0000A811701140110811D01098106010281032
:10EA1000F00FB80F800F480F100FD80EA00E680E21
:10EA2000300EF80DB80D800D480D080DD00C980C67
:10EA3000580C200CE00BA80B680B300BF00AB80A3E
:10EA4000780A380A000AC009800948090809C80874
:10EA5000880848081008D007900750071007D0060C
:10EA6000900650061006D005900550051005D004FC
:10EA7000900450041004D003900350031003D002FC
:10EA8000880248020802C801880148010801C00044
:10EA9000800040000000C0FF80FF40FFF8FEB8FE8D
:10EAA00078FE38FEF8FDB8FD78FD30FDF0FCB0FCD6
:10EAB00070FC30FCF0FBB0FB70FB30FBF0FAB0FAFE
:10EAC00070FA30FAF0F9B0F970F930F9F0F8B0F8FE
:10EAD00070F830F8F0F7B8F778F738F7F8F6B8F6D6
:10EAE00080F640F600F6C8F588F548F510F5D0F444
:10EAF00098F458F420F4E0F3A8F368F330F3F8F254
:10EB0000B8F280F248F208F2D0F198F160F128F101
:10EB1000F0F0B8F080F048F010F0D8EFA0EF68EF18
:10EB200030EFF8EEC0EE90EE58EE20EEE8EDB8EDE6
:10EB300080ED50ED18EDE8ECB0EC80EC48EC18EC12
:10EB4000E8EBB0EB80EB50EB20EBE8EAB8EA88EAC0
:10EB500058EA28EAF8E9C8E998E968E938E908E9EB
:10EB6000E0E8B0E880E850E828E8F8E7C8E7A0E780
:10EB700070E748E718E7F0E6C0E698E670E640E69A
:10EB800018E6F0E5C8E598E570E548E520E5F8E425
:10EB9000D0E4A8E480E458E430E408E4E0E3B8E337
:10EBA00098E370E348E320E300E3D8E2B0E290E2C8
:10EBB00068E248E220E200E2D8E1B8E190E170E1E9
:10EBC00050E128E108E1E8E0C0E0A0E080E060E09A
:10EBD00040E020E0F8DF0000FF7F00800080FF7F42
:10EBE000756A1269FA67E466D065BF64B0636262F1
:10EBF000586152600B5F0B5E0B5DCE5BD65A9F591E
:10EC0000AB587C578B5661557554535332524E5105
:10EC100034501B4F084E2D4D1D4C134B0A4A0249D0
:10EC20000048FF46014606450D4419432642364139
:10EC300018402D3F463E603D503C703B913A8B3929
:10EC4000B238B137DE36E435163520342F3367322B
:10EC50007C319330AE2FF12E102E332D582C802B7B
:10EC6000AB2AD9290A293E287327AC26C7250625B1
:10EC700046248B23B222FB2146217720C71FFD1E8D
:10EC8000541E901DEB1C2D1C8D1BD51A201A6E19BD
:10EC9000D7182A188017DA1635169415F6145A1450
:10ECA000C1132A13971206127711EB106210DB0FB3
:10ECB000450FC30E440EB60D3C0DC50C400CCD0BDC
:10ECC0004E0BE00A660AFE0989092609B7084B08B7
:10ECD000F00789072507D00671061606BD056705EA
:10ECE0001D05CC047E043304EA03A40360031E0361
:10ECF000E002A4026B0234020002CF01A001740101
:10ED00004A012301FD00DB00BB009E00800069007A
:10ED1000530040003000220016000C0006000200E4
:10ED20000100020005000B00150020002E003E002F
:10ED3000510066007D009B00B800D700F9001E015D
:10ED400045016F019A01C901FA012E0264029D0278
:10ED5000D902170358039A03E0032A047504C30475
:10ED600014055C05B2050A066506C40619077C078A
:10ED7000E2073E08AA0818097B09F009570AD10AD8
:10ED80003E0BBD0B2F0CB40C2C0DA40D330EB10E8D
:10ED9000310FC80F4F10D8106411F11182121513E2
:10EDA000AC134414DF147E151F16C216691712180F
:10EDB000BF185419061ABA1A721B131CD01C751DE1
:10EDC000371EE21EAA1F5A202821DC2193226C2321
:10EDD0002724E524A6258C2652271B28E728B729B7
:10EDE000882A5C2B342C0E2DEA2DCB2E872F6D30EC
:10EDF000553141320733F833EB34BB35B4368837FD
:10EE000087386039653A443B233C323D173EFE3E2D
:10EE1000E93F0541F541E742DD43D444CF45CC46C7
:10EE2000CB47CF48D449DD4AE84BF74CD04DE54EAF
:10EE3000FB4F1651FA5119533B5427554E563F5725
:10EE40006E586359975A905BCC5CCB5DCC5E10607A
:10EE500015611F626D637B648C659E66B367CC68C9
:10EE600070645F6164645F636F6C756D6E32000027
:10EE70006D616B655F64726177636F6C756D6E0059
:10EE8000525F476574436F6C756D6E00525F5265DB
:10EE90006E6465725365674C6F6F70006D6F626A68
:10EEA0005F66756C6C0000006D616B655F6472611C
:10EEB00077636F6C756D6E00525F47657450617457
:10EEC0006368436F6C756D6E0000000074685F725C
:10EED0006561645F6261636B77617264735F6269CD
:10EEE00074730000525F447261774D61736B6564A7
:10EEF000436F6C756D6E00006D6F626A5F66756C56
:10EF00006C00000016000000140000001500000056
:10EF100005000000100000000D0000000F000000C0
:10EF20000E000000090000006765745F6D75745F76
:10EF3000736678696E666F5F740000006E6F6E6551
:10EF4000000000000000000000000000FFFFFFFFC5
:10EF5000FFFFFFFF706973746F6C000000400000DA
:10EF600000000000FFFFFFFFFFFFFFFF73686F74EB
:10EF7000676E00000040000000000000FFFFFFFF80
:10EF8000FFFFFFFF7367636F636B000000400000CB
:10EF900000000000FFFFFFFFFFFFFFFF64736874C6
:10EFA000676E00000040000000000000FFFFFFFF50
:10EFB000FFFFFFFF64626F706E0000000040000002
:10EFC00000000000FFFFFFFFFFFFFFFF6462636CB4
:10EFD000730000000040000000000000FFFFFFFF82
:10EFE000FFFFFFFF64626C6F61640000004000007F
:10EFF00000000000FFFFFFFFFFFFFFFF706C617369
:10F000006D6100000040000000000000FFFFFFFFF6
:10F01000FFFFFFFF62666700000000000040000085
:10F0200000000000FFFFFFFFFFFFFFFF7361777528
:10F03000700000000040000000000000FFFFFFFF24
:10F04000FFFFFFFF73617769646C000000760000CA
:10F0500000000000FFFFFFFFFFFFFFFF7361776607
:10F06000756C00000040000000000000FFFFFFFF83
:10F07000FFFFFFFF736177686974000000400000C4
:10F0800000000000FFFFFFFFFFFFFFFF726C6175D4
:10F090006E6300000040000000000000FFFFFFFF63
:10F0A000FFFFFFFF7278706C6F6400000046000085
:10F0B00000000000FFFFFFFFFFFFFFFF66697273A4
:10F0C000687400000046000000000000FFFFFFFF22
:10F0D000FFFFFFFF66697278706C00000046000059
:10F0E00000000000FFFFFFFFFFFFFFFF7073746170
:10F0F000727400000064000000000000FFFFFFFFCA
:10F10000FFFFFFFF7073746F700000000064000069
:10F1100000000000FFFFFFFFFFFFFFFF646F726F43
:10F12000706E00000064000000000000FFFFFFFFA1
:10F13000FFFFFFFF646F72636C73000000640000E8
:10F1400000000000FFFFFFFFFFFFFFFF73746E6D05
:10F150006F7600000077000000000000FFFFFFFF57
:10F16000FFFFFFFF73777463686E0000004E0000BE
:10F1700000000000FFFFFFFFFFFFFFFF73777463D6
:10F1800068780000004E000000000000FFFFFFFF55
:10F19000FFFFFFFF706C7061696E0000006000008F
:10F1A00000000000FFFFFFFFFFFFFFFF646D7061C5
:10F1B000696E00000060000000000000FFFFFFFF1C
:10F1C000FFFFFFFF706F7061696E0000006000005C
:10F1D00000000000FFFFFFFFFFFFFFFF7669706187
:10F1E000696E00000060000000000000FFFFFFFFEC
:10F1F000FFFFFFFF6D6E7061696E00000060000030
:10F2000000000000FFFFFFFFFFFFFFFF7065706160
:10F21000696E00000060000000000000FFFFFFFFBB
:10F22000FFFFFFFF736C6F7000000000004E0000D6
:10F2300000000000FFFFFFFFFFFFFFFF6974656D27
:10F2400075700000004E000000000000FFFFFFFF8F
:10F25000FFFFFFFF77706E7570000000004E00002A
:10F2600000000000FFFFFFFFFFFFFFFF6F6F660062
:10F27000000000000060000000000000FFFFFFFF32
:10F28000FFFFFFFF74656C657074000000200000D4
:10F2900000000000FFFFFFFFFFFFFFFF706F7369BB
:10F2A000743100000062000000000000FFFFFFFF5B
:10F2B000FFFFFFFF706F736974320000006200008F
:10F2C00000000000FFFFFFFFFFFFFFFF706F73698B
:10F2D000743300000062000000000000FFFFFFFF29
:10F2E000FFFFFFFF62677369743100000062000076
:10F2F00000000000FFFFFFFFFFFFFFFF6267736971
:10F30000743200000062000000000000FFFFFFFFF9
:10F31000FFFFFFFF736774736974000000620000F1
:10F3200000000000FFFFFFFFFFFFFFFF636163734B
:10F33000697400000062000000000000FFFFFFFF92
:10F34000FFFFFFFF6272737369740000005E0000CC
:10F3500000000000FFFFFFFFFFFFFFFF6379627304
:10F3600069740000005C000000000000FFFFFFFF68
:10F37000FFFFFFFF7370697369740000005A00009B
:10F3800000000000FFFFFFFFFFFFFFFF62737073CD
:10F3900069740000005A000000000000FFFFFFFF3A
:10F3A000FFFFFFFF6B6E747369740000005A00006A
:10F3B00000000000FFFFFFFFFFFFFFFF76696C7397
:10F3C00069740000005A000000000000FFFFFFFF0A
:10F3D000FFFFFFFF6D616E7369740000005A00004B
:10F3E00000000000FFFFFFFFFFFFFFFF7065736974
:10F3F00074000000005A000000000000FFFFFFFF43
:10F40000FFFFFFFF736B6C61746B00000046000030
:10F4100000000000FFFFFFFFFFFFFFFF7367746145
:10F42000746B00000046000000000000FFFFFFFFBB
:10F43000FFFFFFFF736B657063680000004600000C
:10F4400000000000FFFFFFFFFFFFFFFF76696C6118
:10F45000746B00000046000000000000FFFFFFFF8B
:10F46000FFFFFFFF636C61770000000000460000B3
:10F4700000000000FFFFFFFFFFFFFFFF736B6573DE
:10F48000776700000046000000000000FFFFFFFF5C
:10F49000FFFFFFFF706C64657468000000200000CF
:10F4A00000000000FFFFFFFFFFFFFFFF70646965C2
:10F4B000686900000020000000000000FFFFFFFF5F
:10F4C000FFFFFFFF706F64746831000000460000AA
:10F4D00000000000FFFFFFFFFFFFFFFF706F64747D
:10F4E000683200000046000000000000FFFFFFFF40
:10F4F000FFFFFFFF706F6474683300000046000078
:10F5000000000000FFFFFFFFFFFFFFFF6267647462
:10F51000683100000046000000000000FFFFFFFF10
:10F52000FFFFFFFF6267647468320000004600005E
:10F5300000000000FFFFFFFFFFFFFFFF7367746421
:10F54000746800000046000000000000FFFFFFFF9D
:10F55000FFFFFFFF63616364746800000046000002
:10F5600000000000FFFFFFFFFFFFFFFF736B6C64F5
:10F57000746800000046000000000000FFFFFFFF6D
:10F58000FFFFFFFF627273647468000000200000D8
:10F5900000000000FFFFFFFFFFFFFFFF63796264D1
:10F5A000746800000020000000000000FFFFFFFF63
:10F5B000FFFFFFFF737069647468000000200000A3
:10F5C00000000000FFFFFFFFFFFFFFFF627370649A
:10F5D000746800000020000000000000FFFFFFFF33
:10F5E000FFFFFFFF76696C64746800000020000074
:10F5F00000000000FFFFFFFFFFFFFFFF6B6E746462
:10F60000746800000020000000000000FFFFFFFF02
:10F61000FFFFFFFF706564746800000000200000B9
:10F6200000000000FFFFFFFFFFFFFFFF736B65643B
:10F63000746800000020000000000000FFFFFFFFD2
:10F64000FFFFFFFF706F73616374000000780000BC
:10F6500000000000FFFFFFFFFFFFFFFF6267616325
:10F66000740000000078000000000000FFFFFFFFB2
:10F67000FFFFFFFF646D616374000000007800000D
:10F6800000000000FFFFFFFFFFFFFFFF62737061DC
:10F69000637400000064000000000000FFFFFFFF33
:10F6A000FFFFFFFF627370776C6B00000064000067
:10F6B00000000000FFFFFFFFFFFFFFFF76696C61A6
:10F6C000637400000064000000000000FFFFFFFF03
:10F6D000FFFFFFFF6E6F776179000000004E0000B2
:10F6E00000000000FFFFFFFFFFFFFFFF6261726588
:10F6F00078700000003C000000000000FFFFFFFFEA
:10F70000FFFFFFFF70756E6368000000004000009F
:10F7100000000000FFFFFFFFFFFFFFFF686F6F6645
:10F72000000000000046000000000000FFFFFFFF97
:10F73000FFFFFFFF6D6574616C0000000046000074
:10F7400000000000FFFFFFFFFFFFFFFF636867751A
:10F750006E0000000040000054EF0410960000000E
:10F760000000000074696E6B00000000003C0000A7
:10F7700000000000FFFFFFFFFFFFFFFF62646F70EC
:10F780006E0000000064000000000000FFFFFFFFAB
:10F79000FFFFFFFF6264636C730000000064000001
:10F7A00000000000FFFFFFFFFFFFFFFF69746D62B5
:10F7B0006B0000000064000000000000FFFFFFFF7E
:10F7C000FFFFFFFF666C616D650000000020000018
:10F7D00000000000FFFFFFFFFFFFFFFF666C616D91
:10F7E000737400000020000000000000FFFFFFFF16
:10F7F000FFFFFFFF676574706F770000003C00003B
:10F8000000000000FFFFFFFFFFFFFFFF626F73704C
:10F81000697400000046000000000000FFFFFFFFC9
:10F82000FFFFFFFF626F7363756200000046000018
:10F8300000000000FFFFFFFFFFFFFFFF626F737319
:10F84000697400000046000000000000FFFFFFFF99
:10F85000FFFFFFFF626F73706E0000000046000044
:10F8600000000000FFFFFFFFFFFFFFFF626F7364F8
:10F87000746800000046000000000000FFFFFFFF6A
:10F88000FFFFFFFF6D616E61746B000000460000BA
:10F8900000000000FFFFFFFFFFFFFFFF6D616E64D0
:10F8A000746800000046000000000000FFFFFFFF3A
:10F8B000FFFFFFFF737373697400000000460000D0
:10F8C00000000000FFFFFFFFFFFFFFFF7373647482
:10F8D000680000000046000000000000FFFFFFFF7E
:10F8E000FFFFFFFF6B65656E706E00000046000055
:10F8F00000000000FFFFFFFFFFFFFFFF6B65656E6D
:10F90000647400000046000000000000FFFFFFFFDD
:10F91000FFFFFFFF736B656163740000004600002A
:10F9200000000000FFFFFFFFFFFFFFFF736B657329
:10F93000697400000046000000000000FFFFFFFFA8
:10F94000FFFFFFFF736B6561746B000000460000F2
:10F9500000000000FFFFFFFFFFFFFFFF726164690F
:10F960006F000000003C000000000000FFFFFFFFF0
:10F97000FFFFFFFF0000000000000000000000008B
:10F980000000000000000000000000006D6F626ACF
:10F990005F66756C6C000000BEA30210BEA302106F
:10F9A000ECA10210BEA302105CA20210BEA30210C2
:10F9B000C6A20210BEA3021040A30210BEA30210F2
:10F9C00098A30210D2A90210D2A9021034A80210E2
:10F9D000D2A902108CA80210D2A90210E2A802102B
:10F9E000D2A9021038A90210D2A90210ACA90210A3
:10F9F0006C250020B82400204024002000000000D6
:10FA00000A090600B900A40094008F0045007A009E
:10FA1000D100660074005900A60037004700380086
:10FA200087001D0047001800FE0019006100320029
:10FA3000BC00400080004E00D6005C0085008200C3
:10FA4000D000880094008C00EB009E009C00A80071
:10FA500030009A00AE005F0009014B0082003000C8
:10FA600017011700C60030008C001900190188002A
:10FA70000000000000000000000000000000000086
:10FA80000000000000000000000000000000000076
:10FA90000000000018FA0210BCF60210A6F50210D1
:10FAA00080F5021028F50210CEF60210288F031000
:10FAB000F0340310308F0310030000000300000037
:10FAC000030000000300000003000000030000002A
:10FAD000030000000300000002000000020000001C
:10FAE0000200000002000000010000000100000010
:10FAF000000000004001C0FE4001C0FE4001400186
:10FB0000C0FE40014001C0FE400140014001C0FE76
:10FB1000400140014001C0FEC0FEC0FEC0FE4001E9
:10FB2000C0FEC0FE4001400140014001C0FE400156
:10FB3000C0FE40014001C0FEC0FE40014001C0FEC9
:10FB4000C0FEC0FEC0FE4001400140014001C0FEB9
:10FB500040014001C0FE4001002020202020202044
:10FB6000202028282828282020202020202020206D
:10FB7000202020202020202020881010101010107D
:10FB800010101010101010101004040404040404C9
:10FB90000404041010101010101041414141414163
:10FBA0000101010101010101010101010101010145
:10FBB0000101010110101010101042424242424255
:10FBC0000202020202020202020202020202020215
:10FBD00002020202101010102000000000000000BD
:10FBE0000000000000000000000000000000000015
:10FBF0000000000000000000000000000000000005
:10FC000000000000000000000000000000000000F4
:10FC100000000000000000000000000000000000E4
:10FC200000000000000000000000000000000000D4
:10FC300000000000000000000000000000000000C4
:10FC400000000000000000000000000000000000B4
:0CFC5000000000000000000000000000A8
:10FC5C00DC460410644D0410B85E0410C45E04103D
:10FC6C0088020010D05E041094020010A002001054
:10FC7C00AC0200101450041008500410505F041013
:0CFC8C00445F0410385F04102C5F04106B
:10FC9800F0B557464546DE464E46E0B503880D00AA
:10FCA8005B0883B01F1C082B00D90827BBB2802231
:10FCB800984652000021841C280001F079FC434634
:10FCC80001220026002B2FD008239A46073B9B468B
:10FCD800A44611004046184F63461B88B3421BDDFB
:10FCE80053465A465B1A9A40CCB281469846200041
:10FCF80014000191434632009A4000231100194331
:10FD0800795C01336854A342F8D163461B880136F5
:10FD1800B342EFDC48460199042398460131760046
:10FD2800C4448842D8DA8046404603B0F0BCBB469B
:10FD3800B246A946A046F0BD9C8F0310F0B5DE463A
:10FD480057464E464546E0B585B01F000E9B0191CB
:10FD5800042105009A46029201F03AFC04218346E8
:10FD6800280001F035FC8146834552D000D380E05D
:10FD78005A46801A01F0BCFB20231B1A00934B46FD
:10FD8800002603933B003700984602E00136202EF8
:10FD980027D0280001F034FC0028F7D0F300DBB2AC
:10FDA800994643460024B0461E00280001F028FC6E
:10FDB80000280DD02800009901F00AFC7A00531C95
:10FDC80058449A454DD949462143B1540137F05416
:10FDD8000134082CE9D13300464601369846202ED6
:10FDE800D7D1039B3E00994647464946300001F06B
:10FDF80097FB029B984252D84B4632003900019833
:10FE080001F096FB05B0F0BCBB46B246A946A04639
:10FE1800F0BD002398463B0000262F004546984633
:10FE280002E00135202D22D0380001F0E9FB00283E
:10FE3800F7D0EB00DBB200249B4609E05946404668
:10FE48002143815449460136C1540134082CE8D075
:10FE5800380001F0D5FB0028F7D07200531C534539
:10FE6800ECD32121134A1448144B01F0D9FB47461F
:10FE7800BBE7202602E0013E002EB6D0280001F0A4
:10FE8800BFFB0028F7D00824280001F0B9FB0028A0
:10FE98000BD01E21074A0848094B01F0C1FB292154
:10FEA800044A0548074B01F0BBFB013C002CEBD191
:10FEB800E1E7C0463891031060140310481303109B
:10FEC8005014031068130310F0B5DE464E4657462B
:10FED8004546E0B587B01F00109B0391042105003B
:10FEE8009946049201F074FB042104000190280053
:10FEF80001F06EFB0290061B844200D073E00023E1
:10FF080098469B462B00002445460596984602E0F5
:10FF18000135202D28D0404601F072FB0028F7D08B
:10FF2800EB00DBB29A4643460026A8461D0028008F
:10FF380001F066FB00280ED063001B199A1C4A4585
:10FF480000D392E051463143F9545946FB18597091
:10FF5800029B0134BB540136082EE8D12B004546DC
:10FF680001359846202DD6D14546059E701C01F0D6
:10FF7800BFFA20231B1A9A46012352469340013B9D
:10FF8800984601239B462B00002655469A46290091
:10FF9800504601F01DFB80450DD0019B9C46630037
:10FFA8001B199A1C60444A4565D25946FE54FB18F1
:10FFB80059700134B8540136F6B2072EE7D1200043
:10FFC800029901F0ADFA049B98425AD822003900F0
:10FFD800029B039801F034FB07B0F0BCBB46B24665
:10FFE800A946A046F0BD300001F082FA20231B1A72
:08FFF8009B46002398463B00E4
:020000041005E5
:10000000002447460596984602E00137202F2DD060
:10001000280001F0F9FA0028F7D0FB00DBB29A467D
:1000200043460026B8461F00280001F0EDFA0028DC
:1000300013D05946280001F0CFFA019B9C4663007B
:100040001B199A1C6044914513D951463143F95408
:100050000021FB1859700134B8540136082EE3D141
:100060003B00474601379846202FD1D14746059E91
:1000700080E73D21084A0948094B01F0D5FA4C2197
:10008000054A0648064B01F0CFFA5521024A0348BB
:10009000044B01F0C9FAC046FC9003106014031031
:1000A000A014031068130310F8B518C8DE465746AD
:1000B00045464E461800E0B592460D0001F044FA60
:1000C0004E4B04341B689C46C00600D54BE0A02272
:1000D0000F2390469946073B9B46494F494BA844FE
:1000E0004E465A46697820000C09314049002242A8
:1000F00000D0944352466400795A3C5B59801C807E
:10010000297809016144895C02224C0014401C5B7F
:100110000E0016409E5B3604344310C04C08144059
:100120001C5B8E0816409E5B3604344310C0CC081E
:1001300014401C5B0E0916409E5B3604344310C00D
:100140004C0914401C5B8E0916409E5B36043443F8
:1001500010C0023504004545C2D1F0BCBB46B246D2
:10016000A946A046F8BDA022082390469B46073327
:100170009946234F234BA84437E049460A4051464D
:1001800040005200385ABA5A18805A802A78200003
:1001900012016244525C022154000C401C5B1600A8
:1001A0000E409E5B3604344310C054080C401C5B68
:1001B00096080E409E5B3604344310C0D4080C40B1
:1001C0001C5B16090E409E5B3604344310C0540974
:1001D0000C401C5B96090E409E5B3604344310C0F5
:1001E00002350400454500D1B7E759466A78100941
:1001F0000142C2D088430200C1E7C04690070320F5
:1002000088510410F02C0120024B8022D2051A6084
:100210007047C04600E200E0F0B5C64600B53F4B6F
:1002200005000E001B7882B0A72964DC8C006418DE
:10023000DA00A401D21A13019B1A5B02E418384BAE
:10024000E418384B1F68002F07D040222100FF32EE
:10025000601C01F0F1F9BB5D2370334B98461B78AD
:10026000012B3ED0314B1B78002B4ED101F0C4F94D
:100270002F4F0021019001A801F0CEF907220021A3
:1002800001A801F0B1F92B4E01AA0021380001F0BC
:100290009BF9102101A801F0BFF901AA002130004B
:1002A00001F092F9082101A801F0B6F9012101A895
:1002B00001F072F901AA0121380001F085F9182135
:1002C00001A801F0A9F901AA0121300001F07CF98F
:1002D000194B01225B08BB60FB60B360F3604346CF
:1002E0001A70A02221002800520000F067F802B026
:1002F00080BCB846F0BD012220395340DBB28C00EF
:10030000DA006418D21AA40195E70C49084801F0F4
:100310004BF90B49074801F047F9A7E75A1C03209E
:100320006832012088090320761C03208B1C0320DF
:10033000800000D0C00000D0A4F20220A8DD02207E
:10034000C4DD022010B5134C200000F0E7F80028AF
:1003500008D1114B114C18602378022B01D001F009
:1003600003F910BD200000F0DCF80D480D490E4ADD
:100370000E4B0A4C00782070087811781A680C4BE4
:1003800018700C4B0C481970034B1A6000F025F9DB
:10039000E2E7C046A8F80220880903205C1C03207D
:1003A000921C0320901C0320911C032010F20220B9
:1003B0005A1C03205B1C0320702E012030B50A4418
:1003C00094461D4D04C92A602A642A6A925A6B6AAF
:1003D000DB5A1B0413432A6E925A6C6E245B24046E
:1003E000144318C06145EDD130BD70B50A44944640
:1003F000114D40C92E602E642A6A925A6B6ADB5AEC
:100400001B0413432A6E925A6C6E245B240414431B
:1004100018C0360C2E602E642A6A925A6B6ADB5A18
:100420001B0413432A6E925A6C6E245B24041443FB
:1004300018C06145DDD170BD800000D0002305E00B
:100440009A00802149055158815001333F2BF7DD37
:10045000704710B50130804710BD0000F0B5DE4692
:1004600057464E464546E0B5C1B082468B461825F4
:100470002B88142420882149984706002B8820883F
:100480001F49984780462B8820881E4998470700B7
:100490002B8820881C49984781462B8820881B4937
:1004A00098470500002E23D04346002B20D0002F74
:1004B0001ED04B46002B1BD06846FFF7BFFFB0474E
:1004C000C047802280246401D82352022100504674
:1004D000A847220059465046B847C8476846FFF724
:1004E000B8FF41B0F0BCBB46B246A946A046F0BD3D
:1004F000074B084A08482B2101F096F849460000AE
:10050000455800005250000046430000524500008C
:10051000DC2303106C5A041034240310808800B2CA
:1005200070470268EFF3108172B61368002BFCD09D
:10053000BFF35F8F0422835E002B08DC0368BFF3E8
:100540005F8F00221A6081F3108820BFE9E7013B2A
:1005500083800368BFF35F8F00221A6081F31088E5
:100560007047F0B5C64600B5040090461F002668E7
:10057000EFF3108C72B63568002DFCD0BFF35F8F9F
:100580000423E55E002D0EDC2368BFF35F8F00229D
:100590001A608CF310884046390000F0A5FF00284F
:1005A000E5D0002009E0013DA5802368BFF35F8FFF
:1005B00000221A608CF31088012080BCB846F0BD80
:1005C00010B582B00400684600F086FF009A019BD7
:1005D0002000FFF7C6FF02B010BD10B50268EFF3B0
:1005E000108172B61368002BFCD0BFF35F8F04221A
:1005F000835E0624025F93420BDA01338380036833
:10060000BFF35F8F00221A6081F3108840BF012082
:1006100010BD0368BFF35F8F00221A6081F310885A
:100620000020F5E703000068EFF3108C72B6026853
:10063000002AFCD0BFF35F8F04229A56002A0BDBFE
:10064000002910D00A6000201B68BFF35F8F0022D2
:100650001A608CF310887047D0221206127852B2BA
:100660001A710120F0E70020EEE70000F8B5CE4651
:10067000474680B50400170098460368002B20D039
:10068000D0231B061B785BB299462668EFF3108CCB
:1006900072B63568002DFCD0BFF35F8F0425655717
:1006A000002D14DB2368BFF35F8F00221A608CF3E8
:1006B00010883800414600F017FF0028E5D00020E0
:1006C0000FE00A4B0A4A0B48852100F0ADFF4B466C
:1006D00023712368BFF35F8F00221A608CF31088A8
:1006E0000120C0BCB946B046F8BDC0462C29031055
:1006F000105C0410E828031070B582B006001500E5
:100700001C0001A9FFF78EFF002807D1019B5BB2F7
:10071000D0221206127852B2934201D102B070BDBB
:100720002A0023003000FFF7A1FFF7E710B50268A9
:10073000EFF3108172B61368002BFCD0BFF35F8F0C
:100740000423C356002B0ADBFF2303710368BFF3A6
:100750005F8F00221A6081F3108840BF10BD034BE9
:10076000034A0448B42100F05FFFC046402903104B
:10077000045C0410E828031001207047F8B501223A
:10078000DE4657464E464546704BE0B5196B0A4269
:1007900000D119E16E4C1A63E368EFF3108072B672
:1007A0001A68002AFCD0BFF35F8F2569002D00D1A5
:1007B000E3E2E368BFF35F8F00221A6080F31088E2
:1007C00000262A68A3699A4200D0624D626BEFF35B
:1007D000108872B61368002BFCD0BFF35F8F3D23E7
:1007E000E35C002B00D055E2A36B002B00D054E358
:1007F0003C23E35C002B00D055E3626BBFF35F8FBB
:10080000136088F310880027504A5368DB0107D42F
:100810008023D82050491B060B600B604F4B1350B0
:10082000D8224A4B4E49985888420ED09950CC2134
:1008300059588C46216C481C80466046002800DAD6
:10084000C7E21F21404601409950A0232A896968C8
:10085000DB051960DA61E268EFF3108972B613689C
:10086000002BFCD0BFF35F8F20230021E1543D4BD0
:1008700098464246A38B128A9B18E28B9BB2A383B5
:10088000934200D23AE29B1AA383324BA069ED1A3D
:100890006B1E9D4143465A890304013AEDB21B0C7D
:1008A000934200D252E28022520294466044C01A1F
:1008B0002D4BA0611B6898474346DB894343E38384
:1008C00000232361626B1368002BFCD0BFF35F8FA2
:1008D0003D230122E254002D03D03B32A35C0133BF
:1008E000A354626BBFF35F8F00231360E268BFF312
:1008F0005F8F136089F31088002F00D138E22268DF
:10090000EFF3108872B61368002BFCD0BFF35F8F33
:1009100000236268781E9C4600270021002A13D01D
:100920009569002D00D10EE2012713699661002B15
:100930001CD011619A611A001B69002BF9D1013892
:1009400016D316002A1EEBD10025EEE7000020503A
:100950007C010320AC1E0120D010205060600000FC
:10096000C420000074090320CC1E01200138E8D205
:100970006346002B01D00023A360002F00D06560E8
:100980002368BFF35F8F0021196088F31088E16A44
:10099000EFF3108072B60B68002BFCD0BFF35F8FB3
:1009A000130019009B69002BFBD1256B8D6122631D
:1009B000E26ABFF35F8F136080F3108840BFAF4BD4
:1009C0001B68002B00D09847AD4A136B9B0700D4DF
:1009D000A3E00323AB4C616B1363EFF3108572B696
:1009E0000B68002BFCD0BFF35F8F3D23E35C002B33
:1009F00000D0FDE0A36B002B00D04EE23C33E35C63
:100A0000002B00D04FE2626BBFF35F8F136085F362
:100A100010880026E268EFF3108772B61368002B87
:100A2000FCD0BFF35F8F002220239246E25C002AB5
:100A300010D1A069A2830132E25482B2002A07D009
:100A4000000C914B013000041B68A0619847E083C3
:100A500001239A462369002B08D01A68A369002055
:100A60009B1A002B00DC8AE020610136606A0028B6
:100A700000D184E0A369002200219846454603681E
:100A8000ED1A002D4FDD856903696562002D00D1E7
:100A9000E3E082610200002B09D0020011619A613B
:100AA0001A001B69002BF9D1002D00D166E0280047
:100AB000E4E7013E00D38FE04346002B01D0002342
:100AC000A3606346002B00D067602368BFF35F8F8D
:100AD0000021196089F31088E16AEFF3108072B683
:100AE0000B68002BFCD0BFF35F8F130019009B69CC
:100AF000002BFBD1266B8E612263E26ABFF35F8F0E
:100B0000136080F3108840BF5C4B1B68002B00D043
:100B100098475346002B00D09BE0F0BCBB46B24642
:100B2000A946A046F8BD984528D183696362002B89
:100B300000D1A8E100238361236819680029FCD053
:100B4000BFF35F8F6368002B00D18EE101688C4694
:100B500065461968691A002900DC87E1A1688846A2
:100B60000968691A002900DCFAE04346A060986130
:100B70002368BFF35F8F0021196020611000E368D4
:100B8000BFF35F8F00221A6087F31088002E2AD0EF
:100B90002268EFF3108972B61368002BFCD0BFF304
:100BA0005F8F0023626898469C460021013E002A20
:100BB00015D097690123002F13D09C4613699061CB
:100BC000002B00D175E711619A611A001B69002B97
:100BD000F9D1013E00D26FE710003A1EE9D100279B
:100BE000ECE79846E9E7002800D192E7020073E7B6
:100BF000A16BA02389463C21615C244A8C460121DB
:100C0000DB059858014212D04846995001282AD94C
:100C100098580126804647460120394203D0985013
:100C200099580E42FBD101234F461F43A7636346E9
:100C30000026002B03D000236646A363A38700F0A1
:100C40008BFC636BBFF35F8F00221A6085F3108803
:100C5000E0E60F48FFF7C1FC5FE7A5628261002B69
:100C600000D01AE78BE700236646626BA363A38775
:100C7000BFF35F8F136085F31088CBE6C81E012099
:100C8000000020507C010320CC1E01200C04000039
:100C9000680903203C22A0230121A25CA06B91469D
:100CA000824ADB0584469858014215D06046995027
:100CB000012800D896E098580127824601208346F3
:100CC0005046014204D05946995099580F42FAD1E2
:100CD000012362461A43A2634B460027002B03D030
:100CE00000234F46A363A38700F036FC636BBFF37A
:100CF0005F8F00221A6088F3108885E56C4B9D4257
:100D000026D02B7D002B24D0013BDBB22B75002B92
:100D10001FD123681A68002AFCD0BFF35F8F00221E
:100D20002B692A612A681A60AA699A61A268AB6174
:100D3000954200D1ADE02268BFF35F8F002101250D
:100D400011602361BEE501239C46EDE50130AFE56E
:100D500021610025B6E565461968691A002903DD99
:100D600098469B69002BF6D1836143469861FFE664
:100D7000002E00D128E6320009E6666A002E1AD05D
:100D80000022A7693368F91A002936DDB169336991
:100D90006162002918D0B5613500002B08D03500FC
:100DA0002A619D611D001B69002BF9D1002901D02A
:100DB0000E00E7E72E00E368BFF35F8F00221A60A2
:100DC00080F310883A4D01E5A162B561002BE6D1B0
:100DD000F1E7D4201858404500D136E51F200140E6
:100DE000995032E500234F46626BA363A387BFF39C
:100DF0005F8F136088F3108806E59F4239D1B3698D
:100E00006362002B47D00023B36123681A68002A6D
:100E1000FCD0BFF35F8F6368002B36D031681A684F
:100E20008A1A002A32DDA7683A688A1A002A15DD74
:100E3000BE61A6602268BFF35F8F00231360E26883
:100E40002661BFF35F8F136080F310882B0035009D
:100E50001E00B6E41A688A1A002A03DD1F009B6987
:100E6000002BF7D1B361BE61E4E7A06083616060ED
:100E70007EE6E368BFF35F8F00221A6080F310887C
:100E80002E000B4DA2E4A36256E6A660B361666035
:100E9000D0E7A3604FE7A362B7E7064A0648074BCF
:100EA000074900F0C1FB00F067FBC0460C040000DE
:100EB000AC1E01205C5F0410CC2E03101C2F03100D
:100EC0004E0200008021F0B52248234D234F090334
:100ED0002B6B9C46AB8E06E0E25964462243AB8600
:100EE000C261032B08D842689C00160001339BB2F4
:100EF0000E400A42F0D0F0BDAB6B2A680133AE86DB
:100F0000AB639342E4DB6C68A34209DB2B6AAE63FC
:100F10007B606B6ABB60AB6AFB60AB693B60D7E729
:100F2000EC68A342D4DC934207D0AA6893420DD068
:100F3000A342CDD16B692B63CAE72B6A7B606B6AD6
:100F4000BB60EB6AFB60EB693B60C1E72B692B631D
:100F5000BEE7C0460000205054080320CC2E0120DC
:100F6000F8B5CE4647469D4880B5426BEFF31086F4
:100F700072B61368002BFCD0BFF35F8F3D23C35CB8
:100F8000002B4DD1836B002B00D01EE13C23C35CB2
:100F9000002B00D01FE1426BBFF35F8F136086F31D
:100FA00010880025C268EFF3108C72B61368002B0E
:100FB000FCD0BFF35F8F0269002A00D195E0C368BF
:100FC000BFF35F8F00221A608CF31088002D4CD085
:100FD00000240268EFF3108872B61368002BFCD06F
:100FE000BFF35F8F002342689C4600270021023D2B
:100FF000002A13D09669002E47D001271369946107
:10100000002B05D011619A611A001B69002BF9D1E0
:101010006B1C3DD01400013D321EEBD10026EDE7E4
:10102000A023816B6E4A89460121DB05456B9C58E4
:10103000AC46214212D04C469950012C19D99C58EB
:101040000125A04647460124394203D09C509958B7
:101050000D42FBD101234F461F438763BFF35F8FD0
:1010600000236246136086F31088C0BCB946B046C0
:10107000F8BD3C23C55C002383638387BFF35F8F88
:101080006246136086F310888CE701239C46B4E720
:101090006346002B01D000238360002F00D0466000
:1010A0000368BFF35F8F0021196088F31088C16A5D
:1010B000EFF3108472B60B68002BFCD0BFF35F8F88
:1010C000130019009B69002BFBD1056B8D61026336
:1010D000C26ABFF35F8F136084F3108840BF414B37
:1010E0001B68002BC1D09847BFE7446A002C62D030
:1010F000002187692368FE1A002E13DDA669236983
:101100004662002E41D0A2612200002B08D02200AE
:1011100011619A611A001B69002BF9D1002E24D0AD
:101120003400E7E79F4220D1A3694362002B40D0FF
:101130000023A361036819680029FCD0BFF35F8F07
:101140004368002B31D026681968711A00292DDDFB
:1011500087683968711A002920DDBC6184600368E2
:10116000BFF35F8F0021196004611400C368BFF3EF
:101170005F8F00221A608CF31088002D00D028E7C2
:10118000002C00D171E7220091E78662A261002B5A
:10119000BDD1EBE71968711A002903DD1F009B69B7
:1011A000002BF7D1A361BC61D9E78460A3614460DF
:1011B000D5E78362BEE7C368BFF35F8F1C608CF323
:1011C0001088002D00D003E74FE7074A0748084B77
:1011D000084900F029FA00F0CFF9C0467C0103204D
:1011E0000C040000C81E01205C5F0410CC2E03100C
:1011F0001C2F03104E02000070B5384D002604006D
:10120000EA6AEFF3108C72B61368002BFCD0BFF3C0
:101210005F8F286B00280FD1EB6ABFF35F8F1860D8
:101220008CF31088002905D020BFEA6AEFF3108CF8
:1012300072B6E9E7002070BD0300012C09D9012234
:1012400001E0002B33D001329B699442F9D1002B8D
:101250002DD000229C69E96A2C639A61BFF35F8FED
:101260000A608CF31088002103001A009B699161C9
:101270001361002BF9D1EA68EFF3108172B613689D
:10128000002BFCD0BFF35F8FAA696B69D41A002CC6
:1012900014DD03006A611A601B69002BFBD1EA6848
:1012A000BFF35F8F136081F310880375C3E7EB6AA8
:1012B000BFF35F8F1E608CF31088B3E7084A548930
:1012C0001A04013C120CA24201D25A1CE1E780240C
:1012D0006402A44663449A1ADBE7C0467C010320FB
:1012E0007409032030B5184CE268EFF3108C72B625
:1012F0001368002BFCD0BFF35F8F636A002B0CD008
:1013000001681A688A1A002A08DDA56A2A688A1AFA
:10131000002A11DDA861A06202E0A0628361606220
:10132000E368BFF35F8F00221A608CF3108830BD32
:101330001A688A1A002A03DD1D009B69002BF7D169
:101340008361A861ECE7C0467C01032010B504006E
:101350001000002205E0E3689B07FCD58B5CA360CE
:1013600001328242F7D300E0A368E3685B07FBD455
:10137000E368DB06FCD400E0A368E3685B07FBD40A
:101380000123236210BD0000F0B5DE4657464E46ED
:101390004546E0B589B083468A4612A901C9049042
:1013A0000F78120B1203013B1B0B1C03002F04D000
:1013B000904606920794059754E0A046069207943B
:1013C00005974FE080235B01EF184346591B00252A
:1013D0000FE0002F13DC0136564529DA7400A419FA
:1013E000A4005C44256843465D1BEBD4414680273E
:1013F0007F01EB19A2689342EBDD571BE9E76268B6
:101400004346CB1A994653199C462B484B460393A7
:1014100043460293019100972B00614600F074F857
:1014200004984844616849193A0000F005F9D2E788
:10143000224800F0A9F8EFF3108572B6204800F0BA
:10144000A3F80499F02000064044FFF707F81D4870
:1014500000F09AF885F31088059B002B1BD08023A1
:101460005B019844059B002B17D00023079A414647
:101470008A425B41DBB2002B16D080256D012A0029
:101480004146049800F048F80F482A00414600F011
:101490003BF80026A0E70D4BE3E700234246069900
:1014A0008A425B41DBB2E6E709B0F0BCBB46B2461C
:1014B000A946A046F0BDC0468C760310BC7603104A
:1014C000E0760310F07603107476031000F0FFFF4F
:1014D0007047C0460000000001B40248844601BCC9
:1014E000604700BFD58A001001B40248844601BCA1
:1014F000604700BF3585001001B40248844601BC36
:10150000604700BF45A8001001B40248844601BCF2
:10151000604700BF11BA001001B40248844601BC04
:10152000604700BF01B7001001B40248844601BC07
:10153000604700BFCD03001001B40248844601BCDF
:10154000604700BFE903001001B40248844601BCB3
:10155000604700BF8559001001B40248844601BCB1
:10156000604700BF85BB001001B40248844601BC3F
:10157000604700BF7167001001B40248844601BC97
:10158000604700BFB1BB001001B40248844601BCF3
:10159000604700BFB1B9001001B40248844601BCE5
:1015A000604700BFD15A001001B40248844601BC14
:1015B000604700BF015B001001B40248844601BCD3
:1015C000604700BFF5B6001001B40248844601BC74
:1015D000604700BFF55A001001B40248844601BCC0
:1015E000604700BF490C001001B40248844601BCAA
:1015F000604700BFAD5A001001B40248844601BCE8
:10160000604700BFED5A001001B40248844601BC97
:10161000604700BFC90B001001B40248844601BCFA
:10162000604700BF9D5A001001B40248844601BCC7
:10163000604700BF9994001001B40248844601BC81
:10164000604700BF890F031001B40248844601BC03
:10165000604700BFF104001001D7C4C3C2C1C0BEBF
:10166000BDBCBB6E790D7FAEACAFAD1B636D676665
:1016700030092D3DACAEAFAD2B3837363534333273
:1016800031D8FFFFFFFFFFFFFF0201B6B8209D2EFC
:101690002CAFADACAEC8000000000610880302FFFE
:1016A0000100000001000000010000000100000036
:1016B0000100000001000000010000000100000026
:1016C00001FFFF002D640010000000004106002013
:1016D0000100042041060020555B0010FF010000BE
:1016E000341B0020010000004D75001039750010FA
:1016F0009975001035750010897400101D78001060
:10170000097500100D7500108574001003000000AD
:101710000080044000000000004004400000000081
:1017200010000000641B0020000000007026002054
:10173000002E01200000000000000000102E0120FB
:101740000000000000000000100000000000000089
:101750000000000000000000503300004C33000087
:1017600054330000523300004D5300004D4300003D
:101770005334000043340000030000F800000B0065
:101780000000010000000000008000800000000058
:10179000FF0FFF0F00000000000000000000FF0F1F
:1017A0000000FF0F0000000000000000000000002B
:1017B0000000FF000000010000FFFFFF000001002B
:1017C00000FFFEFF0001020100FFFEFF0001020119
:1017D00000FFFDFF0001030100FEFDFE000103010B
:1017E00000FEFCFE00000000000000000000010000
:1017F0000000FF000001020100FFFEFF00010301E5
:1018000000FFFDFF0002040200FEFCFE00020502D4
:1018100000FEFBFE0003060300FDFAFD00030703C4
:1018200000FDF9FD74F2022000000000000000003D
:101830000B000000FFFF000000000000010000009E
:1018400000786D6100000000000000000000000052
:101850000100000000656D61000000000000000054
:1018600000000000000000000100000090330310A1
:10187000040000000100000033330000FF030000FB
:101880001D0C0110B922011099140110615D0110A5
:10189000070400002C3D031001000000383D031038
:1018A00002000000443D03100A000000583D0310F0
:1018B0000B0000006C3D03100C0000005C3D0310A9
:1018C00012000000683D03100E000000743D03107C
:1018D00011000000803D03100F000000903D031038
:1018E000140000009C3D031016000000AC3D0310E6
:1018F00005000000B83D031008000000C43D0310BF
:1019000003000000D03D031013000000E83D031069
:1019100015000000F83D031000000000000000006A
:1019200000000000010000001A190000060000007D
:10193000B41E00206C1D0020094C01105000360020
:101940000000000001000031E54D011001000032EF
:10195000E54D011001000033E54D01100100003498
:10196000E54D011001000035E54D01100100003684
:10197000E54D011006000000B41E0020B41D00203B
:10198000E94901105000360000000000010000315C
:10199000B155011001000032B155011001000033B2
:1019A000B155011001000034B1550110010000359E
:1019B000B155011001000036B155011004000000BE
:1019C0006C1E002004B80410754A0110500040003D
:1019D0000000000001000000141E002024B80410C4
:1019E000915501104A01AF00000000000100000005
:1019F000B41E00202C1E0020715501101801B900E2
:101A00000000000001000000C147011001000000BB
:101A1000841E00204C1E002025540110FFFF0000F2
:101A200000000000010000009D53011005000000AF
:101A30006C1E00202CB80410354B011038002F000C
:101A40000000000004000000B41E002054B8041080
:101A5000154801103C0025000000000005000000B2
:101A60009C1E002074B80410FD47011030003F0098
:101A70000200000004000000B41E00209CB8041006
:101A8000EF47011030003F0000000000060000009A
:101A900000000000CC1E0020E14701106100400062
:101AA0000000000001001B6E294F011001001C6F97
:101AB0009147011001000B6CF94E011001001D73DC
:101AC0007150011001001E728147011001001F7149
:101AD000D14E011030310A01050000000A0000005B
:101AE000040000001400000001000000C800000015
:101AF000320000002C010000320000000100000054
:101B000003000201030002000301020000000000C4
:101B100002000201000000000301030000000000B9
:101B200002000301020103010201030000000000A2
:101B3000010000000800000008000000080000008C
:101B40000000000000000000000000000000000095
:101B500065316D3100000000000000000000000051
:101B600065316D3200000000000000000000000040
:101B700065316D330000000000000000000000002F
:101B800065316D340000000000000000000000001E
:101B900065316D350000000000000000000000000D
:101BA00065316D36000000000000000000000000FC
:101BB00065316D37000000000000000000000000EB
:101BC00065316D38000000000000000000000000DA
:101BD00065316D39000000000000000000000000C9
:101BE00065326D31000000000000000000000000C0
:101BF00065326D32000000000000000000000000AF
:101C000065326D330000000000000000000000009D
:101C100065326D340000000000000000000000008C
:101C200065326D350000000000000000000000007B
:101C300065326D360000000000000000000000006A
:101C400065326D3700000000000000000000000059
:101C500065326D3800000000000000000000000048
:101C600065326D3900000000000000000000000037
:101C700065336D310000000000000000000000002E
:101C800065336D320000000000000000000000001D
:101C900065336D330000000000000000000000000C
:101CA00065336D34000000000000000000000000FB
:101CB00065336D35000000000000000000000000EA
:101CC00065336D36000000000000000000000000D9
:101CD00065336D37000000000000000000000000C8
:101CE00065336D38000000000000000000000000B7
:101CF00065336D39000000000000000000000000A6
:101D0000696E7465720000000000000000000000B1
:101D1000696E74726F000000000000000000000097
:101D200062756E6E79000000000000000000000087
:101D3000766963746F72000000000000000000000C
:101D4000696E74726F610000000000000000000006
:101D500072756E6E696E00000000000000000000E9
:101D60007374616C6B7300000000000000000000E1
:101D7000636F756E746400000000000000000000D6
:101D800062657477656500000000000000000000D7
:101D9000646F6F6D00000000000000000000000094
:101DA0007468655F646100000000000000000000CE
:101DB000736861776E000000000000000000000002
:101DC000646474626C750000000000000000000094
:101DD000696E5F636974000000000000000000008D
:101DE0006465616400000000000000000000000065
:101DF00073746C6B73320000000000000000000080
:101E0000746865646132000000000000000000009A
:101E1000646F6F6D320000000000000000000000E1
:101E2000646474626C320000000000000000000076
:101E300072756E6E69320000000000000000000044
:101E400064656164320000000000000000000000D2
:101E500073746C6B7333000000000000000000001E
:101E6000726F6D65726F00000000000000000000DE
:101E7000736861776E32000000000000000000000F
:101E80006D657373616700000000000000000000D2
:101E9000636F756E743200000000000000000000E7
:101EA000646474626C3300000000000000000000F5
:101EB000616D706965000000000000000000000016
:101EC00074686564613300000000000000000000D9
:101ED00061647269616E0000000000000000000093
:101EE0006D657373673200000000000000000000A1
:101EF000726F6D657232000000000000000000008B
:101F000074656E73650000000000000000000000B2
:101F1000736861776E33000000000000000000006D
:101F20006F70656E696E0000000000000000000028
:101F30006576696C000000000000000000000000F1
:101F4000756C74696D610000000000000000000005
:101F5000726561645F6D0000000000000000000019
:101F6000646D3274746C000000000000000000001A
:101F7000646D32696E740000000000000000000013
:101F8000CA070000FFFFFFFFFFFFFFFFFFFFFFFF8C
:101F900001000000B883031007000000C083031095
:101FA00006020000C88303100A000000D483031057
:101FB00009000000E083031009000000EC83031017
:101FC00009000000F88303100900000004840310D6
:101FD0000900000010840310090000001C84031095
:101FE000080000002884031006000000308403105D
:101FF0000A0000003C840310040000004484031025
:10200000050000004C8403100500000054840310F8
:102010000502000001000000000B03006800A8009A
:10202000000067010000000000000000000B03003A
:102030002800880000006A01000000000000000085
:10204000000B0300A000600000006D010000000014
:1020500000000000000B0300680050000000700149
:102060000000000000000000000B030078002000CA
:1020700000007301000000000000000000080300E1
:1020800028000000000076010000000000000000B1
:10209000020B01008000880001005D0100000000CB
:1020A00000000000020B01008000880002005E01B9
:1020B0000000000000000000020B0100800088000A
:1020C00003005F010000000000000000020B01009F
:1020D0008000880004006001000000000000000093
:1020E000020B010080008800050061010000000073
:1020F00000000000020B0100800088000600620161
:102100000000000000000000020B010080008800B9
:10211000070063010000000000000000020B030044
:10212000C0009000080064010000000000000000F2
:10213000020B01008000880008006101000000001F
:1021400000000000000B0300E000680000003F01F9
:102150000000000000000000000B0300B800A00019
:10216000000042010000000000000000000B03001E
:102170007000880000004501000000000000000021
:10218000000B030048007000000048010000000040
:1021900000000000000B03005800600000004B012D
:1021A0000000000000000000000B030040003000B1
:1021B00000004E010000000000000000000B0300C2
:1021C000C0002800000051010000000000000000D5
:1021D000000B030088001000000054010000000004
:1021E00000000000000B0300500010000000570129
:1021F0000000000000000000000B03004000180079
:1022000000005A0100000000000000004CE4002023
:102210000000000000000000E5B6001035A8001026
:0C2220004DAF0010B5B50010E502001035
:10222C00F0B5C64600B5050082B0A72903DD02B0A3
:10223C0080BCB846F0BD304B1A78D3009B1A1C01F9
:10224C00E41A8B005B189B016402E4182B4B2C4A9C
:10225C0098461B78A418012B3ED02A4B1B78002BD8
:10226C0041D100F06DF8284F0021019001A800F039
:10227C0057F80722002101A800F06AF8234E01AAA2
:10228C000021380000F074F8102101A800F048F883
:10229C0001AA0021300000F06BF8082101A800F021
:1022AC003FF8012101A800F05BF801AA01213800D8
:1022BC0000F05EF8182101A800F032F801AA012103
:1022CC00300000F055F8124B01225B08BB60FB603C
:1022DC00B360F36043461A70A0222100280052001C
:1022EC00C0F790FBA3E70B49074800F021F80A4917
:1022FC00064800F01DF8B4E75A1C0320761C032096
:10230C00683201208B1C0320800000D0C00000D05C
:10231C00A4F20220A8DD0220C4DD0220000000008F
:10232C0001B40248844601BC604700BF9D5A0010AE
:10233C0001B40248844601BC604700BF015B001039
:10234C0001B40248844601BC604700BFED5A00103E
:10235C0001B40248844601BC604700BFAD5A00106E
:10236C0001B40248844601BC604700BFD15A00103A
:10237C0001B40248844601BC604700BFF55A001006
:10238C000000000000000000000000000000000041
:10239C000000000000000000000000000000000031
:1023AC000000000000000000000000000000000021
:1023BC000000000000000000000000000000000011
:1023CC000000000000000000000000000000000001
:1023DC0000000000000000000000000000000000F1
:1023EC0000000000000000000000000000000000E1
:1023FC0000000000000000000000000000000000D1
:10240C0000000000000000000000000000000000C0
:10241C0000000000000000000000000000000000B0
:10242C0000000000000000000000000000000000A0
:10243C000000000000000000000000000000000090
:10244C000000000000000000000000000000000080
:10245C000000000000000000000000000000000070
:10246C000000000000000000000000000000000060
:10247C000000000000000000000000000000000050
:04248C00000000004C
:102490005908C30607068B052E05E404A60471043B
:1024A00043041A04F503D303B50398037E036503BD
:1024B0004E03390324031103FF02ED02DC02CD02B7
:1024C000BD02AF02A0029302860279026D02610290
:1024D00056024B02400236022C02220218020F0260
:1024E0000602FD01F501EC01E401DC01D401CD019E
:1024F000C501BE01B701B001A901A2019B0195016F
:102500008F01880182017C01770171016B016601F5
:1025100060015B01550150014B01460141013C0145
:10252000370133012E012901250121011C01180168
:1025300014010F010B0107010301FF00FB00F8006C
:10254000F400F000EC00E900E500E200DE00DB0052
:10255000D700D400D100CD00CA00C700C400C1001C
:10256000BE00BB00B800B500B200AF00AC00A900CF
:10257000A700A400A1009F009C0099009700940070
:1025800092008F008D008A00880086008300810001
:102590007F007D007A007800760074007200700081
:1025A0006E006C006A0068006600640062006000F3
:1025B0005E005C005B00590057005500530052005C
:1025C00050004E004D004B004A00480046004500B8
:1025D0004300420040003F003E003C003B00390009
:1025E00038003700350034003300310030002F0050
:1025F0002E002D002B002A0029002800270026008D
:102600002500240023002200210020001F001E00BE
:102610001D001C001B001A001900180017001700ED
:102620001600150014001400130012001100110010
:1026300010000F000F000E000D000D000C000C002C
:102640000B000A000A000900090008000800070042
:10265000070007000600060005000500050004004D
:102660000400040003000300030002000200020053
:102670000200010001000100010001000100010051
:10268000000000000000000000000000000000004A
:10269000000000000000000000000000000000003A
:1026A0000100010001000100010001000100020021
:1026B0000200020002000300030003000400040003
:1026C00004000500050005000600060007000700DD
:1026D000070008000800090009000A000A000B00B2
:1026E0000C000C000D000D000E000F000F0010007C
:1026F0001100110012001300140014001500160040
:1027000017001700180019001A001B001C001D00FC
:102710001E001F00200021002200230024002500AD
:1027200026002700280029002A002B002D002E005B
:102730002F003000310033003400350037003800FE
:1027400039003B003C003E003F0040004200430097
:102750004500460048004A004B004D004E00500026
:10276000520053005500570059005B005C005E00AA
:10277000600062006400660068006A006C006E0021
:10278000700072007400760078007A007D007F008F
:1027900081008300860088008A008D008F009200EF
:1027A0009400970099009C009F00A100A400A7003E
:1027B000A900AC00AF00B200B500B800BB00BE007D
:1027C000C100C400C700CA00CD00D100D400D700AA
:1027D000DB00DE00E200E500E900EC00F000F400C0
:1027E000F800FB00FF00030107010B010F011401BA
:1027F00018011C012101250129012E013301370196
:102800003C01410146014B01500155015B01600152
:1028100066016B01710177017C01820188018F01E2
:1028200095019B01A201A901B001B701BE01C5013B
:10283000CD01D401DC01E401EC01F501FD0106024A
:102840000F02180222022C02360240024B025602EC
:1028500061026D02790286029302A002AF02BD02FC
:10286000CD02DC02ED02FF021103240339034E0303
:1028700065037E039803B503D303F5031A044304E9
:102880007104A604E4042E058B050706C306590847
:10289000FA07F507EF07EA07E407DF07DA07D407C7
:1028A000CF07C907C407BF07B907B407AE07A90711
:1028B000A4079F07990794078F078A0784077F0754
:1028C0007A07750770076A07650760075B07560791
:1028D00051074C07470742073D07380733072E07C4
:1028E000290724071F071A07150710070B070607F4
:1028F0000207FD06F806F306EE06E906E506E00621
:10290000DB06D606D206CD06C806C406BF06BA0642
:10291000B506B106AC06A806A3069E069A0695065D
:1029200091068C06880683067F067A06760671066F
:102930006D06680664065F065B06570652064E067D
:102940004906450641063C063806340630062B0685
:10295000270623061E061A06160612060E06090686
:1029600005060106FD05F905F505F005EC05E80588
:10297000E405E005DC05D805D405D005CC05C8057F
:10298000C405C005BC05B805B405B005AC05A8056F
:10299000A405A0059C059905950591058D0589055A
:1029A000850581057E057A05760572056F056B053F
:1029B0006705630560055C055805540551054D051F
:1029C0004905460542053E053B05370534053005FA
:1029D0002C052905250522051E051B0517051405CF
:1029E00010050C05090506050205FF04FB04F804A3
:1029F000F404F104ED04EA04E704E304E004DC0475
:102A0000D904D604D204CF04CC04C804C504C2043B
:102A1000BE04BB04B804B504B104AE04AB04A804FE
:102A2000A404A1049E049B049804940491048E04BD
:102A30008B048804850482047E047B047804750476
:102A400072046F046C0469046604630460045D042A
:102A50005A045704540451044E044B0448044504DA
:102A600042043F043C0439043604330430042D048A
:102A70002A042804250422041F041C041904160433
:102A8000140411040E040B040804060403040004D7
:102A9000000100010001000100010001010100012D
:102AA0000001010100010101000101010101010119
:102AB0000101010101010101010101020101010204
:102AC00001020102010201020102020201020202EC
:102AD00002020202020202020202020402020204D2
:102AE00002040204020402040204040402040404B2
:102AF00004040404040404040000000000000000B6
:102B000068808080808080808080808080A0C06895
:102B100068808080808080808080808080A0C0608D
:04000005100001E9FD
:00000001FF
