:020000041000EA
:1000000000B50C4B00219960082159610A4919601B
:100010000A490B480160002159600121996001BC27
:10002000002800D0004707480749086003C880F34C
:10003000088808470000001800031F00180200038A
:10004000F40000180001001008ED00E000000000BE
:1000500000000000000000000000000000000000A0
:100060000000000000000000000000000000000090
:100070000000000000000000000000000000000080
:100080000000000000000000000000000000000070
:100090000000000000000000000000000000000060
:1000A0000000000000000000000000000000000050
:1000B0000000000000000000000000000000000040
:1000C0000000000000000000000000000000000030
:1000D0000000000000000000000000000000000020
:1000E0000000000000000000000000000000000010
:1000F000000000000000000000000000A071FAAD48
:1001000000200420F7010010C3010010C5010010F9
:10011000C1010010C1010010C1010010C101001097
:10012000C1010010C1010010C1010010C701001081
:10013000C1010010C1010010C9010010CB01001065
:10014000CD010010CD010010CD010010CD01001037
:10015000CD010010CD010010CD01001029140020A8
:10016000711B0020CD010010CD0100100D1C0020DE
:10017000CD010010CD010010CD010010CD01001007
:10018000CD010010CD010010CD010010CD010010F7
:10019000CD010010CD010010CD010010CD010010E7
:1001A000CD010010CD010010CD010010CD010010D7
:1001B000CD010010CD010010CD010010CD010010C7
:1001C00000BE00BE00BE00BE00BE00BEEFF3058054
:1001D000103800BEF2EB8871E033051020340510B2
:1001E0003402001090A31AE700201F49086006C8D7
:1001F00081F3088810471D48006800282FD10DA4FE
:100200000ECC002902D000F012F8F9E71849194A7B
:10021000002000E001C19142FCD1174988471749ED
:1002200088471749884700BEFDE701C901C29A42C5
:10023000FBD3704720340510C0000020742F00202D
:10024000D462051000000420640204203865051003
:100250000010042090160420000000007047094898
:100260000AF0EAFA0047000008ED00E0000000D0C4
:10027000782F0020E82F0320AD940010193B0010C8
:100280006D9400105756000006005250ABB36053F7
:100290005C5F031006005250861C03026C5F031063
:1002A000060052505422A29D805F03100500525058
:1002B000DE65F468C86B0510F8B5C0460648074906
:1002C000091A8B10C90FC91810B5491003D0044B77
:1002D000002B00D0984710BD742F0020742F0020F1
:1002E00000000000054B10B5002B03D00449054861
:1002F00000E000BFFFF7E2FF10BDC04600000000B5
:1003000004050320D843031010B50400037B002B21
:100310000AD1026843689A420FD023685A1C2260AF
:100320001B78A36008232373237B013B2373A368FB
:10033000012018405B08A36010BD2EF0A9FDECE77A
:1003400010B50400037B172B0FD8026843689A424C
:1003500011D023685A1C22601978237BA268994027
:100360000A43A2600833237310BD044B044A0548B6
:100370008D2109F07FF82EF08BFDEAE7D8430310BA
:10038000A0C40310E843031070B504000D00202939
:1003900008DD0B4B0B4A0C489A2109F06BF8200042
:1003A000FFF7CEFF237BAB42F9DBEAB29B1A237344
:1003B000A2681000E840A060A840504070BDC04650
:1003C00024440310B0C40310E8430310002807D0EE
:1003D000012807D049000130400808180130704753
:1003E0000120FCE70220FAE7F0B5D6464F46464624
:1003F000C0B58146884617001E00002A08D1023089
:1004000000234A461380E0BCBA46B146A846F0BD78
:10041000012A05D1012303800B7883700430F2E7B1
:100420005B0001339BB203805B009A46851CB200DF
:10043000002128000BF078FB0023BB4213D25A00A6
:1004400042445478002C08DDB44206D8013CA40094
:100450002A5B01322A530133EFE7224B224A234819
:10046000362109F007F8012309E05A1E9200A91865
:100470004988A85A9A0002320918A9520133B34296
:10048000F3D300210FE0480043461B185B78013B83
:100490009B000233EA5A541CEC52524443461B5C04
:1004A000484683540131B942EDD3002200239A46D5
:1004B0000FE09100685A8146881C84465046181AFD
:1004C0008046604644462C524B446B52CA445B0003
:1004D0000132B242EDD3760001377F08F61976007B
:1004E000A81990E72C440310F0C4031054440310DF
:1004F000F8B5DE4657464E464546E0B581460F0004
:1005000090461E00002A09D1023000234A4613807B
:10051000F0BCBB46B246A946A046F8BD012A07D1A9
:1005200002800B784A7812029B1843800430EFE770
:10053000730001339BB29A460380851CB2000021F0
:1005400028000BF0F1FA0022424514D253009B1808
:10055000FB189C78002C08DDB44206D8013CA400AE
:100560002B5B01332B530132EEE7224B224A234807
:10057000702108F07FFF012309E05A1E9200A9189C
:100580004988A85A9A0002320918A9520133B34285
:10059000F3D3002114E04A005218BC18A378013BA1
:1005A000BA5C9346647824029B000233EA5A501CDA
:1005B000E85252445200200058444B4698520131B0
:1005C0004145E8D3002200239A460CE091006C5A82
:1005D000881C814650461F1A48462F521B196B52E1
:1005E000A2445B000132B242F0D37600464476006A
:1005F000A8198DE72C440310D8C4031054440310E9
:10060000F0B5DE4657464E464546E0B587B0050094
:100610008B4603920293FFF777FE00280BD15B46CF
:10062000981C00235A46138007B0F0BCBB46B24664
:10063000A946A046F0BD2800FFF766FE0700082186
:100640002800FFF7A1FE0600C4B208212800FFF72A
:100650009BFE0190C3B29C4221D004212800FFF7E9
:1006600093FE804604212800FFF78EFE82468045D7
:100670001BD04246801A0AF0D3F820231B1A994651
:10068000002F00D1AAE0FF243440002653460493F3
:1006900000955B460593CB46029B9A4674E0012386
:1006A0005A4613809470101DBEE7FF243440002684
:1006B000019F029B994606E05D4B5E4A5E48BD2164
:1006C00008F0D8FE0134FF233B40A34278D3280032
:1006D000FFF71AFE0028F5D07200531C10998B42C8
:1006E000EAD249468C544A464146D1540136E9E79C
:1006F0004F4B504A5048CC2108F0BCFEAB4213D3BC
:1007000059460098FFF740FE40447200531C534581
:10071000EED26119B954F854013601354B461B1B12
:10072000072BEBDD0723E9E7BA462CE059463800F2
:10073000FFF72AFE404484464B465A00531C10994A
:100740008B4208D26119504681546146C15401233D
:100750009C46E14410E0364B364A3748D92108F030
:1007600089FEB1463E00009F07E0AB420ADB38003D
:10077000FFF7CAFD0028D9D10135331B072BF4DD63
:100780000723F2E74E460834FF27019B1F40A7428C
:1007900012DB009B99461800FFF7B6FD051EE0D05E
:1007A0004846FFF7B1FD0028EDD000231D00B946F3
:1007B0005746109B9A46B1E7049B9A46059B9B4679
:1007C00051463000FFF702FE039B98422AD8534659
:1007D000320002995846FFF707FE25E7FF24344010
:1007E0000026019F06E0124B124A1348E82108F048
:1007F00041FE0134FF233B40A342E1DB2800FFF729
:1008000083FD0028F5D049462800FFF7BDFD404490
:100810007200531C10998B42E5D202998C54C85433
:100820000136E6E7054B034A0348F32108F022FEB0
:1008300090440310C0C4031054440310B044031088
:1008400010B50400037B002B0AD1026843689A426A
:100850000FD023685A1C22601B78A36008232373DF
:10086000237B013B2373A368012018405B08A3602E
:1008700010BD2EF00DFBECE710B50400037B172B29
:100880000FD8026843689A4211D023685A1C22602C
:100890001978237BA26899400A43A2600833237326
:1008A00010BD044B044A05488D2108F0E3FD2EF0ED
:1008B000EFFAEAE7D843031004C60310E843031035
:1008C00070B504000D00202908DD0B4B0B4A0C48C5
:1008D0009A2108F0CFFD2000FFF7CEFF237BAB422B
:1008E000F9DBEAB29B1A2373A2681000E840A0600B
:1008F000A840504070BDC0462444031014C60310E5
:10090000E8430310F0B5DE4657464E464546E0B58F
:1009100085B007000291039298460E9B9B460421E6
:10092000FFF7CEFF814604213800FFF7C9FF82465A
:100930004A46801A09F074FF20231B1A01930026EF
:10094000002526E001993800FFF7BAFF80195D45C0
:1009500015D24B461B01DBB26A00234341468B5440
:100960000132885401350134072C0ED83800FFF7C6
:1009700067FF0028F7D05645E4D13000E7E7184B71
:10098000184A19481A2108F075FD33004E46994659
:1009900001360F2E09D83800FFF752FF0028F7D094
:1009A00000244B46B1461E00DEE751462800FFF703
:1009B0000DFD039B98420CD853462A0041460298ED
:1009C000FFF712FD05B0F0BCBB46B246A946A046F3
:1009D000F0BD064B034A0448222108F04BFDC046F7
:1009E000E044031024C60310F8440310B04403107D
:1009F000F0B5DE4657464E464546E0B583B00400A6
:100A0000884615001F000C9B99460D9B9A46E422D0
:100A100000210BF089F8A560534600934B463A003D
:100A200029004046FFF76EFFA168431A5B10E3817F
:100A30001B041A0CDB0BBA1AC918534600934B4619
:100A40004046FFF7DDFDA168431A5B1023821B04BB
:100A50001A0CDB0BBA1AC918534600934B46404692
:100A6000FFF7CEFDA168431A5B1063821B041A0CCA
:100A7000DB0BBA1AC918534600934B464046FFF7A2
:100A8000BFFDA168431A5B10A3821B041A0CDB0B89
:100A9000BA1AC918534600934B464046FFF7B0FDBB
:100AA000A168431A5B10E3821B041A0CDB0BBA1A11
:100AB000C918534600934B464046FFF7A1FDA16875
:100AC000431A5B1023831B041A0CDB0BBA1AC918D8
:100AD000534600934B464046FFF792FDA168431AE8
:100AE0005B1063831B041A0CDB0BBA1AC91853463C
:100AF00000934B464046FFF783FDA568451B6D10EC
:100B0000ADB204214046FFF7DBFE8346022613E028
:100B100033000C335B00E318DD80A1686B007A1BA7
:100B2000C918534600934B464046FFF769FDA56838
:100B3000451B6D10ADB201365E45E9D9A583A168AC
:100B40006B007A1BC918534600934B464046FFF78B
:100B500057FDA568451B6D10002205E0511C530090
:100B6000E318AE3319700A00162AF7DD5200A218F6
:100B7000AE32FF23137020003E30102264210AF0B1
:100B8000D3FF20004E30102264210AF0CDFF200058
:100B90005E30102280210AF0C7FF20009E3001261F
:100BA0007642102231000AF0BFFF20008E30102262
:100BB00031000AF0B9FF2804000C03B0F0BCBB46BA
:100BC000B246A946A046F0BD10B50400037B002B39
:100BD0000AD1026843689A420FD023685A1C2260E7
:100BE0001B78A36008232373237B013B2373A36833
:100BF000012018405B08A36010BD2EF049F9ECE716
:100C000010B50400037B172B0FD8026843689A4283
:100C100011D023685A1C22601978237BA26899405E
:100C20000A43A2600833237310BD044B044A0548ED
:100C30008D2108F01FFC2EF02BF9EAE7D8430310B2
:100C400080C60310E843031070B504000D0020298E
:100C500008DD0B4B0B4A0C489A2108F00BFC2000D6
:100C6000FFF7CEFF237BAB42F9DBEAB29B1A23737B
:100C7000A2681000E840A060A840504070BDC04687
:100C80002444031090C60310E8430310F8B5CE4681
:100C9000474680B506000C0017000388012B2BD9AE
:100CA000137B072B2ED9BA68FF231340E15C3088F1
:100CB00040008046B044002934D0082926D80820B6
:100CC000401A83401800FF2303402A48C35C4800B1
:100CD000294C04196400A45B9C421DD93C7B641A16
:100CE0003C73CA40BA604000825B9B1A4246D05CAB
:100CF000C0BCB946B046F8BD204B214A2148E72187
:100D000008F0B8FB1000FFF77BFFCCE71E4B1C4A36
:100D10001C48F62108F0AEFB1C4B194A1948F82173
:100D200008F0A8FB120ABA603A7B083A3A73328894
:100D3000013AD10F8A18521091460E4AD45C2236DD
:100D4000082564003800FFF73FFF04433388A342BF
:100D50000BD804360135EDB24D45F2D30C4B084AA1
:100D60008E210848490008F085FB7388E01A434645
:100D7000185CBDE704C50310FFFFFF7F3445031077
:100D800040C60310E84303104445031050450310C8
:100D90007C450310F0B5D6464F464646C0B582B0F6
:100DA0008146884617001E000B9B9A461000FFF7ED
:100DB0000BFF002813D00C9B009353460A9A310076
:100DC0003800FFF71DFC04005146300033F09CFA58
:100DD0000A9B5B00F318A3420BD9002418E00C9B7C
:100DE000009353460A9A3100380033F09DFA04000C
:100DF000EAE70B4B0B4A0C48632108F03BFB4B46E0
:100E00001D193A0051463000FFF740FF28700134A9
:100E10004445F4D302B0E0BCBA46B146A846F0BDA2
:100E20000846031058C60310A845031070B50A4CB5
:100E300022680A4B51008918C9005B1862C862C356
:100E400062C862C30132D117490F521807231340F9
:100E50005B1A236070BDC046E83D0120EC3D0120D7
:100E60000B4B1B680B4A126893420ED05A00D218E3
:100E7000D000094A80180133D917490F5B1807229F
:100E800013405B1A024A136070470020FCE7C0461B
:100E9000AC3E0120E83D0120EC3D012070B505008D
:100EA0000024072C12D80A4A63001B199B0099588A
:100EB000280006F058FA002801D00134F1E7044B6D
:100EC0006200121992009B18187900E0042070BD8E
:100ED000B8C603100D4B1878002814D10C4B1B78A2
:100EE000002B00D1012070470120C0B20133032B39
:100EF000F4D80028F8D1074AD25C002A01D001308A
:100F0000F3E70020F1E700230020F0E7962F03200D
:100F1000652F0320BCF80220002200E00132032AE2
:100F20000BD8D300C318002119715B795BB2002B79
:100F3000F4DAD300C3185971F0E77047002300E0DA
:100F40000133032B09D8054A127852B29A42F7D0DE
:100F5000DA0082180021D171F2E77047522F032086
:100F6000002070470020704710B504F052FC074B7A
:100F70001A68D3171B041B0C9B181B141818044A5F
:100F8000002300210AF05EFC080010BD1C050320B0
:100F90008FC2F50870B582B02A4B18682A4B002121
:100FA000595609F075FC050006F01CF9274C22681B
:100FB000126890472268D2689047254A1078002826
:100FC0003AD1244B1B78002B04D1234A1268521BC0
:100FD000022A34DC204B1C68651B042D2DDC6D4679
:100FE0000822002128000AF09FFD184B1B685B684F
:100FF000210028009847184B1C680521200009F0A3
:1010000047FC164B00229A56154B89008918C900D7
:101010005A1841CD41C25B180122DA710D4B1B7881
:10102000002B05D10C4A136801331360012004E042
:10103000200004F025FBF5E7002002B070BD180089
:10104000FBE7C0466CE60220DA2F032034F90220C9
:10105000652F0320962F032074F90220522F0320BE
:101060009C1A032070B50F4B1C680F4B1B78002B8C
:1010700001D1200070BD0D4D286804F029FB2860C7
:10108000094B1B78002B0AD0094B1B78002B03D18E
:10109000064B1B68A342ECDA044B1C68E9E704F03A
:1010A00061FAF1E774F90220962F03207C0B0320EC
:1010B000652F032070B5134B1B78002B00D070BD3B
:1010C000FFF752FF104B0021595609F0E1FB0F4B7F
:1010D0001D68451B18600E4B1B68AB420CDCED1AFB
:1010E0000B4B00221A600024A542E8DDFFF752FFF7
:1010F0000028E4D00134F7E7054A5B1B13600025A4
:10110000F1E7C046BD2F0320DA2F032004F40220AC
:10111000C414032010B5FFF727FF044B00215956D4
:1011200009F0B6FB024B186010BDC046DA2F032051
:1011300004F40220F0B5C64600B504F05DFB594B3F
:101140000021595609F0A4FB0600574B1860574B75
:101150001B78002B10D0FFF71DFFFFF783FF050062
:10116000534B504A00215156186809F091FB2C1A34
:10117000002C0EDC01240CE0FFF79CFFEDE74C4B4C
:10118000484A00215156186809F082FB0019A8420C
:101190001DDCFFF79FFE002809D0454B414A002186
:1011A0005156186809F074FB001985425BDAFFF7A5
:1011B00081FFFFF757FF05003D4B3A4A002151568A
:1011C000186809F065FBA842D9DD00BED7E704F036
:1011D00013FB344B0021595609F05AFB801B04289D
:1011E0005DDC012004F01EFBD3E73800FFF7A6FE0C
:1011F00053E0304BA2005218D2009B18DB792E4AE4
:101200005354C01801310329F3DD2C4B1B78002BFC
:1012100001D001281EDD2A4B1B689B686001254A0E
:10122000801825499847224A136801331360380013
:10123000FFF772FE01361B4B002159568E420FDA22
:101240001B4B186809F024FB854200DA00BE002120
:101250000020D8E7194B00221A7004F083F9DAE76E
:10126000FFF728FF4446631E9846002C17D0FFF76F
:1012700031FE002813D00E4B0A4A0021515618683F
:1012800009F006FB052109F003FB0C004F01094B97
:10129000FF180A4B1B78002BA7D00026CBE780BC99
:1012A000B846F0BDDA2F032030050320BD2F032000
:1012B0006CE602209C1A0320BCF80220962F032023
:1012C00034F90220014B18607047C04634F90220FF
:1012D00070B50C001500002813D0FFF741FE002860
:1012E00012D12000FFF73EFE041E05D0074829005A
:1012F0000AF0BEFD012405E0054829000AF0B8FD0A
:1013000000E00400200070BD0024FBE7404703100C
:10131000004703100C4A002313600C4A1360036457
:101320000122C263436442600260094A137005E00F
:101330005A1E1A43D20F0749CA540133032BF7DD53
:101340000268054B1A7070471C0503207C0B0320B4
:10135000522F0320BCF80220DA2F0320054A002375
:101360001360054A1360054A1360054B01221A7089
:101370007047C0467C0B032074F902206CE6022003
:10138000962F0320F8B505240457002C1FDB6300BB
:10139000C518AE352D786DB2457145187E352E785D
:1013A000771C2F70002E24D145188E352D786DB204
:1013B000013512D145189E352D786DB2013512D107
:1013C00041180D009E352C708E310C701AE0124BB6
:1013D000124A1348532108F04DF8124B0F4A104897
:1013E000572108F047F8104B0C4A0D48582108F0D7
:1013F00041F841189E3100254D576D004519AE3515
:101400002C700C70C118AE31FF240C700133C01861
:10141000AE300270F8BDC046B44703107CC703105D
:10142000D04703100C4803103048031070B5431820
:101430007E331B7893421AD944187E34013B2370C3
:10144000002A20D143188E3300229A56002A14DB3A
:101450005300C318AE3300241C5743188E331C703E
:10146000002C4ADA41189E31FF230B7045E02E4BC9
:101470002E4A2F48712107F0FDFF2E4B2B4A2C4896
:10148000762107F0F7FF43188E331B785BB2002BF1
:1014900010DB44189E3400256557002D10DB012A0F
:1014A0001ADD5B00C318AE331B785BB2002B0DDB7B
:1014B000013AF4E7204B1D4A1D487E2107F0DAFF70
:1014C0001E4B1A4A1A487F2107F0D4FF1C4B174ABB
:1014D0001748832107F0CEFF5C000219AE32127864
:1014E00052B2002A15DB954219D05300C318AE330F
:1014F0001B785BB20419AE342370530005240457E3
:10150000C118AE310C7042710133C018AE30007892
:1015100070BD084B054A0648862107F0ABFF41180D
:101520009E310B70E1E7C0465448031064C70310B6
:10153000D04703107C48031090480310B4480310B0
:10154000D848031010B50400037B172B0FD802688E
:1015500043689A4211D023685A1C22601978237B71
:10156000A26899400A43A2600833237310BD044B5C
:10157000044A05488D2107F07DFF2DF089FCEAE73C
:10158000D843031044C70310E843031070B50400A8
:101590000D00202908DD0B4B0B4A0C489A2107F05F
:1015A00069FF2000FFF7CEFF237BAB42F9DBEAB2F5
:1015B0009B1A2373A2681000E840A060A840504026
:1015C00070BDC0462444031054C70310E843031001
:1015D00010B50400037B002B0AD1026843689A42CD
:1015E0000FD023685A1C22601B78A3600823237342
:1015F000237B013B2373A368012018405B08A36091
:1016000010BD2DF045FCECE7F8B5CE46474680B559
:1016100089460388002B1DD05A0090468044012B38
:101620001ED0013BDF0FFF187F10851C0026002411
:1016300064004846FFF7CCFF04432B88A34212D82E
:1016400004350136B742F3D80B4B0C4A0C48DF2166
:1016500007F010FF0B4B094A0948CA2107F00AFF9F
:101660004346187803E06B88E01A4346185CC0BC18
:10167000B946B046F8BDC0467C45031038C70310D4
:10168000E8430310E848031010B503F029F810BD33
:101690000120704710B503F023F810BD026B012341
:1016A0005A4093009B189B00C018806870474620E2
:1016B0007047000070B504000D000F49042232F09D
:1016C00091FC00280CD10C2002F0C4FF002806D0A9
:1016D00063684360083DAB4207D10834046070BDC5
:1016E00006480AF095FB0020F9E7054B054A064835
:1016F000064907F0BFFEC046F4480310FC4803103B
:10170000284903109CC7031050490310DB03000055
:10171000F0B5D6464F464646C0B582B00400056BCC
:1017200001235D4005634333984680440700343706
:10173000436B002B00D198E043461B79002B1CD053
:10174000E06C230044339B895B00C0183900FFF72D
:101750005BFF0609F6B2AB005B199B00E3181E6144
:101760000021996159610F2319000140072900D90F
:1017700063E18B00B649CB589F46C06C4646738BDD
:101780005B00C0183900FFF73FFF3071D8E7042134
:101790003800FFF7FBFE0190C6B208213800FFF7C2
:1017A000F5FE002E09D1AB005B199B00E318C022A7
:1017B0001A733F3202405A6138E0731EDBB2082BC5
:1017C0000ED8AB005B199B00E318B0221A73A14A34
:1017D000FF21019E0E40925D5A610140996125E012
:1017E0009D4B9E4A9E489F4907F044FEE06C2300B3
:1017F0004433DB895B00C0183900FFF705FFC307DE
:1018000039D50130C10F09184910230044339B1901
:101810003E331A785218D2B21A70AB005B199B0093
:10182000E318B0211973A93959619A61636B002BD0
:1018300000D108E1220044321379013BDBB213717D
:10184000002B00D001E10026E06C230044339B8B89
:101850005B00C0183900FFF7D7FE3618FF28F3D019
:10186000AB005B199B00E418A66002B0E0BCBA466E
:10187000B146A846F0BDC10F091849104942C4E756
:10188000E06C230044331B8A5B00C0183900FFF76B
:10189000BBFEC30718D50130C10F0918491022003B
:1018A000443292195E3213785B18DBB213709B01DD
:1018B000AA0052199200A218E0211173613919404F
:1018C0005161DB099361B1E7C10F09184910494221
:1018D000E5E7E06C230044335B8A5B00C018390005
:1018E000FFF792FEC30715D50130C10F0918491043
:1018F000230044339B196E331A785218D2B21A70EF
:10190000AB005B199B00E318B0211973AF39596123
:101910009A618BE7C10F091849104942E8E7E06C6A
:10192000092E2FD0230044339B8A5B00C018390056
:10193000FFF76AFE8146E06C230044331B8B5B009B
:10194000C0183900FFF760FE824681281FD080282A
:1019500028D022004432931919004E3108703E33CA
:10196000187090714A4631004046FFF70BFDAB00FE
:101970005B199B00E31890221A734A465A6152463B
:101980009A6153E723004433DB8A5B00CEE72300F0
:1019900044339A799B1919004E310A703E331A70FC
:1019A0009246DFE7230044339B194E331B789A4657
:1019B000D8E7230044339B197E331B78002B0ED0CD
:1019C000012B12D8002231004046FFF72FFDAB005B
:1019D0005B199B00E31880221A73586126E7224B9B
:1019E0001E4A1F48214907F045FDE06C0C332200D8
:1019F00044325B00D218D3885B00C0183900FFF76F
:101A000003FE0200DFE703213800FFF7BFFD0A30C5
:101A1000AB005B199B00E318B0221A730D4A125CED
:101A20005A6103E7AB005B199B00E318FF221A73AE
:101A3000D03A1A6100236363F8E60D4B074A084861
:101A40000C4907F017FD00260AE7002608E7C04604
:101A500018C70310C0C703108849031090C70310AC
:101A600050490310FB030000AC490310310400008F
:101A7000CC4903104904000010B5026B93009B1879
:101A80009B000833C3180B60FFF742FE012010BD16
:101A900030B5124CA5440400002343600363836007
:101AA00001680A684968426352188263C36301008F
:101AB00034310B7302002932FF32C03344308025A9
:101AC000AD00019502AD00955B00FEF791FF20008F
:101AD000FFF71EFE83239B009D4430BDF4FDFFFFF6
:101AE00070B506000C1E0DD18520C00002F0B2FDBD
:101AF000050063001B199B00F3180360FFF7C8FF84
:101B0000280070BD024B034A0348044907F0B2FCA9
:101B1000D4490310ACC7031050490310BE020000A3
:101B200080231B06C3600360014B836043607047E2
:101B3000FFFFFF7F83688B4205DD8160436893422E
:101B400006DD42607047C3688B42F7DAC160F5E793
:101B500003689342F6DA0260F4E70000F0B583B060
:101B6000040001914679002E05D0006832F02AFB6E
:101B7000237998422CD3A7792568280032F022FBDC
:101B8000874216D2EB5D019A93420FD00023A371D6
:101B90000023E371A579206832F014FB854219D344
:101BA0000723E356B3420EDA002014E00137A77191
:101BB000EEE70723E356B342ECDA084A0199D15421
:101BC0000133E371E6E70023E371A371012002E032
:101BD000002000E0002003B0F0BDC04684070320D1
:101BE00010B5030008005A79014909F0A3FF10BDA0
:101BF00084070320704770477047704730B589B03D
:101C00000500002406E00134044A23002021684630
:101C100001F0EEFFAC42F6D309B030BDF849031035
:101C2000704710B50B1482B25A430414634389B24F
:101C300080B24843614311441B04000C084418441B
:101C400010BD10B5FFF7EDFF10BD000010B50A0084
:101C5000C11743184B409B13D417111961408B4295
:101C600006DB504001D4054807E08020000604E070
:101C700001140004D31708F059FE10BDFFFFFF7FC9
:101C80008000044B1B681B581B021B0A024A106889
:101C9000C018704740F9022090230020034B1860C1
:101CA00001230370002343707047C04614240320AF
:101CB000F0B5DE4657464E464546E0B5B54B93B0C7
:101CC00009931B680590002B00D1D3E3059B59783D
:101CD0001A780B020B9206911A43012A00D8D0E021
:101CE000012317009A4604930E339B46AA4B1B68A8
:101CF0000D93AA4B0A93AA4B0C93AA4B0E93059AE9
:101D0000049B91469B0099444B465D789B78EA0979
:101D10005B001343984642460A9B52001B68012110
:101D2000D05E4B461E7853462B401B021E434B464B
:101D30000096DC78FFF7A4FF5246C378811D1A4055
:101D4000039252461A4209D0827882189279022A66
:101D500001D900F0FBFB0999920089586D06AA0E83
:101D600007920C9A457806781278029565190196C3
:101D70009E08954203DD121B0292002A7BDD0E9A1B
:101D80001278944209D2029D121B0892954272DD8C
:101D9000AA1A02920622944666448022039DDB0121
:101DA000AC4652001A40019B1A43837806336344C1
:101DB000C018A3001B19009C9B01A4460D9C634402
:101DC000A446634403930B2E00D95FE2764BB40024
:101DD0001B599F4608998C464B006344C0180299D2
:101DE00000293DD0039C0323A4468846A343013326
:101DF0009C444B004344511EC3188846069323005D
:101E000066461091D11E0B91911E43441191009290
:101E10000178009A2170022A15DD0B990A2900D851
:101E20001BE300270022611C851CA9425741002F9B
:101E30002ED1451C9D422BD2009A45780D70013160
:101E40009942FAD10092817841341970069941364D
:101E500041330330FF34FF36FF338842D8D1009A34
:101E6000079B002B00D0F4E0059B5A781B781702E3
:101E700006920B931F43049B013304939F4200DDA2
:101E80003DE713B0F0BCBB46B246A946A046F0BD44
:101E90000321E743A14300D1E6E2022245786570C1
:101EA0003A4200D1DDE20132A570144200D0DEE2F8
:101EB00045780132E5700192119A4578521A9708D7
:101EC0000F92BA002F022F43B846944642462F0481
:101ED0001743624631002D063D439719009A20C1F1
:101EE000B942FCD1019900920F9A61446245AAD08F
:101EF0004778109A4D1C67549542A4DA0231675511
:101F00009142A0DA457865549DE7089B002B00D1EB
:101F10001AE14C461E00039B00948C4604001800F6
:101F200000218146080015E040186178023401293B
:101F300006D98D1E6D086B00023001351818641922
:101F400053460B4201D001300134904200DDD7E20C
:101F500000D180E22178FF29E6D1484601344130A2
:101F6000013EFF30002EDBD1009B61469946030005
:101F70002000012464420894029C002C00D0EBE075
:101F8000079B002B00D176E74346142B00D072E765
:101F9000069BAAE258140320343D0120442B032061
:101FA0008D230020E52F0320D47B0410039E029C88
:101FB000002C00D154E7A446A30063449B01F3180E
:101FC000019353109C4653461340984663465D0068
:101FD0004B46069303006046AC46454690461C00BF
:101FE00037001A18002800D139E281460800110094
:101FF00000955A465D4623781A401D4201D0825C06
:102000003A701B0901D0C35C7B7001340237A142D6
:10201000EFD10A001300624601004846009DB41843
:10202000002D0AD05F461A781740B9465F4617421E
:1020300002D04A468A5C227001334136019AFF364B
:102040009642CCD1069B42469946079B002B00D175
:102050000AE74B4659789B78C9095B000B43143B50
:1020600059424B41D21A029B002B00D138E2079F04
:102070005743002F00DCF7E6032138000223884392
:10208000511E8B429B4102995B4201938B005E186B
:10209000039B01009C460325814601310230B601B5
:1020A000029103906644D919AC4698181D007B1E16
:1020B000069313004B440F93029BBC089846904430
:1020C00043460793039BA4009846904443460B93D2
:1020D000069B009798464346062B2ED92B00674651
:1020E00003431F4229D1019F0023002F25D0EF5821
:1020F000C7500433A342FAD1009FBC4211D04B46D3
:102100000F9FEB5CEB55009F029B9F4209DDEB5C50
:10211000079FEB55009F039B9F4202DDEB5C0B9FEB
:10212000EB55413541314130FF35FF31FF30AE4293
:1021300000D199E64346062BD0D82B001F789F5438
:1021400001338B42FAD1ECE701235B420893029CF6
:10215000039B002C00D113E72500AC46A4009D187A
:102160006444AC4606924D466246A4011C19019592
:1021700000921D0002009946A0461378FF2B00D163
:102180005AE15478ED180232012C17DD681E160052
:102190009446012302005846377801363840085CDF
:1021A0003F09D054C85DE85402339C42F3DC6246D8
:1021B000A31E5B080133D2185B00ED18534623427F
:1021C00006D05846137801320340CB5C2B700135A2
:1021D000009B9D4200D999E1CFD110004B46444667
:1021E000009A41334132FF32FF330092A342C0D103
:1021F000019B069A994633E6029C002C00D12FE6FB
:10220000A446A3005410A046039C6344A4465B016B
:1022100043445B006344019343465B009C46534642
:10222000134000934B4606931300260042469846FF
:1022300063466644050034009146F31A002A23D011
:102240005A462F7801353A408A5C3F091A70CA5DB8
:102250005A700233B342F3D14A468018009B002BD8
:1022600005D05D46037801302B40CB5C23704136AE
:10227000019BFF36B34200D1E4E66346050034001B
:102280009146F31A002ADBD11C00E7E73300042251
:10229000063B934300D1EEE57421AF4BAF4AB04803
:1022A000FF3107F0E7F8029B002B00D1D8E59C46F0
:1022B000039E9C006444B4460700A40135006444B6
:1022C000B6189446A0462A003B000C001978FF2956
:1022D00000D1BAE0521859780233002908D0002002
:1022E0001F5CE75D175401308142F9DC5B1852181E
:1022F000964200D211E1E9D1210062461F00444616
:1023000041354136FF35FF36A542DAD1A8E5029BBB
:10231000002B00D1A4E51D000323A846039E9C4684
:10232000AB004344B0469B0198444D46B3180F920E
:1023300037003F2442460B9500933E009146069796
:102340000278FF2A7DD04778831C9846B618032F61
:1023500070DD1D0063463200981B01966E78AB78E5
:1023600036021B0433432E780335334326001E40C8
:102370008E5D16709E0926408E5D56701E0B26409F
:102380008E5D9B0C9670CB5CD37004328318BB427D
:10239000E4DB3A1F920801325000019E801892003F
:1023A0004044B618654663463D403B4219D0220082
:1023B00007783A408A5C3270012D31D04278BF09EB
:1023C00092003A4327001740CF5D7770022D2ED040
:1023D000857892092D01154325404A5D0330B2707E
:1023E0000336009B9E4220D89E42A9D14A46069FB2
:1023F000009B41374133FF33FF37009397429CD115
:102400000B9B0F9A99462BE5089C531CA4465B1026
:102410006343C018A3006344039C9B01E618C6E510
:10242000009B013601309E42DED9A82176E00230C1
:102430000236D6E71800B5E710004B464446013097
:10244000CEE64A46069F0130D2E71F0021006246D1
:102450004446013754E7484681E5611CECE434000A
:10246000DEE50222019227E50122019224E5032202
:10247000019221E53B4A883315685B000121E85E43
:10248000FFF7FEFB00284FD00124C3781C4251D037
:102490008378002B54D0B523099E06305B00306052
:1024A0000121E85EFFF7ECFB00283DD0C3781C4219
:1024B00040D08378002B43D0A72306305B007060A8
:1024C0000121E85EFFF7DCFB00282DD0C3781C4219
:1024D00030D08378002B33D00630B060FFF7F6FBA6
:1024E000059B1A785B780B9206931F020B9B1F4388
:1024F000049B013304939F4201DDFFF700FCC0E41D
:10250000F021164A1648184B06F0B4FF0621174B67
:10251000124A1348FF3106F0ADFFB021134B0F4AAA
:102520000F48490006F0A6FFBA210C4A0C48104B90
:1025300006F0A0FFBB21094A09480E4B06F09AFF9E
:10254000BC21064A06480C4B06F094FFC721034AFB
:1025500003480A4B06F08EFFD84A0310147C04107F
:10256000184A0310442B0320C44A0310CC4A03101A
:10257000104A0310504A0310744A0310904A031083
:10258000F0B5C64600B5414C246855002C5FA40048
:102590003F4D2D682D592D022D0A3E4C246864199B
:1025A00004256557491B05256557401B11D425781F
:1025B000E678F60180277F003E4035432D18A0269F
:1025C0007600B54205DC002903DB64786418C82C6A
:1025D00000DD00BE304C2468002C4FD02678657892
:1025E0002D023543A778E67836023E43B54242D8FD
:1025F000AD006419012637001740FD01A846657833
:10260000AC467F2567463D4047463D4365705208CE
:10261000A270214C2268177855782D023D43AD00F9
:1026200052191070000A30405578B5432843507055
:1026300020680578427812022A4392008018C170FF
:10264000216808784A7812020243920089183F22D2
:102650001A4052004B787E20834313434B7022680C
:10266000117853781B020B43013399B28130034038
:102670001370090A517080BCB846F0BD074B084A78
:10268000CC210848FF3106F0F5FEC046442B03205C
:1026900040F902209023002014240320104B031043
:1026A000047C0410184A031010B50023FFF768FFDC
:1026B00010BDC04610B5FFF7F7FF10BD10B5FFF70E
:1026C0005FFF10BD7047C046024B034A12681A6094
:1026D0007047C046343D01204031002070B50500F0
:1026E00000F0A8F8041E25D0154B1B6819795A79FB
:1026F00012020A43997909041143DA7912060A434E
:1027000010490A60187A597A09020143987A00043C
:102710000843D97A0906014359180B48016018008B
:102720000C300A4908600A3292009B18084A13606C
:10273000200070BD0748290009F09AFBF8E7C04661
:1027400090230020FC04032040F90220482B0320A2
:102750003CF902201C4B0310F0B5C64600B580467C
:10276000134B1B689A7DDE7D3602164300270AE074
:10277000104B1B685B190A20185E80BCB846F0BD80
:102780002600B74211D0BB19DC0FE41864106500B5
:102790002D19AD00074B19684919404604F0E3FDB7
:1027A0000028E5D0ECDB671CEBE701204042E4E7C2
:1027B000482B03203CF9022010B5FFF7CDFF00287D
:1027C00000DB10BD00BEFCE7084B1B68984200D33D
:1027D00000BE8000064B1B681B1858681B68C01A97
:1027E0000002000A9B0FC01A7047C046FC04032079
:1027F00040F9022010B5FFF7DFFF8000044B1B6893
:102800001B581B021B0A034A1068C01810BDC046A3
:1028100040F9022090230020024B1B68984200D30D
:1028200000BE7047FC04032010B5FFF7C5FFFFF79B
:10283000F3FF10BD70B5050000240020002C00D06F
:1028400070BD044B1B68280098470028F8D101345C
:10285000F4E7C046287C0410704770B505001000EE
:102860001C006B685918220009F064F9200070BD43
:1028700010B50B4B1B78492B0DD10A4B1B78572BEE
:1028800009D1094B1B78482B05D1084B1B78442BE9
:1028900001D1074810BD0748014906F083FEC04634
:1028A00000000610010006100200061003000610CA
:1028B000347C0410304B031010B500280FD0094AA7
:1028C000094BC318934204D8830702D18003000C3C
:1028D00010BD064B064A0748CC2106F0CBFD002070
:1028E000F6E7C046FCFF0300FCFFFFDF5C4B031074
:1028F000747C0410884B031010B58023DB029942CE
:1029000007DA0331CA17032313405B189B10838037
:1029100010BD034B034A0448592106F0ABFDC046E5
:10292000C04B0310607C0410D04B0310013870477B
:1029300070B582B001A801F0EBFB04000D4B1860EC
:10294000019D0560060010363000FFF7B5FFE080FE
:10295000A0800123A372E660201DFFF7ADFF208257
:1029600060820423A375290010393000FFF7C4FFEB
:1029700002B070BD70F9022070B50600083E042355
:10298000B3717488002C13D080231B059C466444CB
:10299000A400A379042B0DD03388002B2DD08022E6
:1029A0001205944663449C00A379042B27D070BD84
:1029B0000024EEE7A18889000838050083889B0081
:1029C000C9182000FFF798FF2B882380002B0FD019
:1029D00080221205944663449D002000FFF76CFF9F
:1029E0006880164B1B68DA68964203D02600D3E74E
:1029F0000025F2E7DC602600CEE70024D4E7A188BA
:102A00008900B3889B00C9183000FFF775FF238841
:102A10003380002B0FD080221205944663449D0022
:102A20003000FFF749FF6880044B1B68DA68A24258
:102A3000BDD1DE60BBE70025F2E7C04670F9022099
:102A4000F8B5CE46474680B5884603300323984301
:102A500007000533994681444E465B4B1B68DB6893
:102A60005888002812D080221205944660448000C5
:102A70008279042A00D018004588002D08D08023D0
:102A80001B059C466544AD00040031E00020EFE7E3
:102A90000025F9E74D4806F085FD6388002B18D026
:102AA00080221205944663449C000830FFF764FFBF
:102AB0002488002C0FD080231B059C466444A4006E
:102AC0002088002828D080231B059C466044800075
:102AD0000BE00024E9E70024F2E7008800281DD07D
:102AE00080231B059C4660448000A379042B17D0EB
:102AF000A842CFD08379042BEFD0062BCDD8008805
:102B0000002806D080231B059C46604480000400FA
:102B1000EBE700240020E8E70020E6E70020E4E7F8
:102B2000A1888900B142E3DB4B46C91A402918DC71
:102B30004346062B37DCA371200008302388224A45
:102B40001268002B36D0802109058C4663449B0017
:102B5000D360032F30D90023A360C0BCB946B04670
:102B6000F8BDE5182800FFF7C7FE0423AB7120006D
:102B7000FFF7A2FE688023882B80002B11D08022D3
:102B80001205944663449E002800FFF795FE70806E
:102B90002800FFF791FE208049462000FFF7ACFE99
:102BA000C6E70026F0E70A4B0A4AC6210A48490050
:102BB00006F060FC0023CBE7084B064AA821064834
:102BC000FF3106F057FCC04670F90220084C031094
:102BD000184C0310507C0410D04B03102C4C0310E5
:102BE00070B505000E00144B1B689888002805D0AE
:102BF00080231B059C466044800004E0002002E026
:102C000000240DE020000C4B1B680433834212D0DB
:102C10000388002BF4D080221205944663449C0064
:102C20008379042BEED0AB42ECDBB342EADC083014
:102C3000FFF7A2FEE6E770BD70F9022070470000C2
:102C400030B50F4B1D68002D17D00E4B1868013D95
:102C50000B4B1D60002306E0591C0A4A8C00A45847
:102C60009B009C500B009D42F6DC074A1368591CE0
:102C70001160064A9B00985030BD0020FCE7C0461A
:102C8000602203201822032014220320CC210320D9
:102C900070B5154B09221A60144B00221A600025EA
:102CA0001FE00921280007F0F3FD114C6B005A19B1
:102CB000D20011550F4A880080585B19DB00E418D8
:102CC0006070093189008B58A3700921280007F032
:102CD000DFFD0002A08100232361074BAA00D4502E
:102CE0000135082DDDDD70BD602203201422032094
:102CF0006422032084820410182203208B68092B8D
:102D000007D00F2B07D09800C0188000034BC018C5
:102D100070470F23F7E70923F5E7C0466C31012020
:102D200070B543790169C4780A78D2070AD42201C0
:102D30008A18957CD27C12022A43120412149B1822
:102D400000E00C33002BFCDB00E00C3B5F2BFCDCD9
:102D500002335B01426912699A18002C03D08B7808
:102D60005B08403BD218002A1DDB8E235B009A4291
:102D70001ADB1D3AFF3A1400C0214900100007F089
:102D800087FD0D00C0214900200007F081FD0300F0
:102D9000062800D907231D35FF35054A6D00A85ABE
:102DA0009B02184303E00022014B5200D05A70BD31
:102DB0004C7D041010B50C00FFF7A0FFE268D300B3
:102DC0009B189B00024A1268D318036010BDC046CE
:102DD0006CF90220084B1B680360084B1B684360BA
:102DE00064228260642B01DD642343603023C3606E
:102DF000002303617047C0466CF902201C3C01208F
:102E0000044B1878002804D0034B1868431E9841DF
:102E1000C0B27047942F0320F804032010B50400BB
:102E20000068FEF73BFC0200074B186800230021F6
:102E300008F008FD054B1A68002307F08FFD044ACF
:102E400023000CF083FD10BD501C03203C1B03200D
:102E5000C935001070B5194B1B78DA071CD4174A16
:102E600002218B431370164B164A12681A60164BD8
:102E7000164A12681A600024124B1B68A34210D92C
:102E8000A500134E33685859FEF702FE306840190A
:102E9000FFF7C4FF0134EFE7084A02210B43137028
:102EA0000BE0002407E0A3001B199800094BC01891
:102EB000FFF790FF01340F2CF5D970BDAE2F032022
:102EC0009C0D0320F8040320281803201C3C01203B
:102ED000F01B03206C31012010B5030000201856B0
:102EE000B0309A89D989090A10430CF0AEFC10BDA4
:102EF000F8B505001A4B1B68834205DC184B00220D
:102F00001A60184B1A60F8BD174B8200D658300073
:102F1000FFF7E2FF002373617371F3789C46104B57
:102F20001F68013F1F602B0006E0591C0E4A8800F5
:102F300084589B009C500B009F42F6DC094A1368A2
:102F4000591C1160094A9B009E506346002BDAD041
:102F5000074B1B78012BD6D82800FFF7C9FFD2E713
:102F60001422032060220320CC21032018220320F6
:102F70009623002070B50C00FFF7C0FE0500E66840
:102F8000002400E00134094B1B68A3420DDD084B0F
:102F9000A200D3585A69AA42F4D11B79B342F1D1A5
:102FA0002000FFF7A5FF013CECE770BD14220320D1
:102FB000CC21032010B50020002200E00132094B93
:102FC0001B6893420ADD084B9100C9584969840087
:102FD000E3585B699942F1D91000EFE7FFF788FFEA
:102FE00010BDC04614220320CC21032070B505007B
:102FF000802424020020002300E00133094A1268E3
:10300000033A9A420BDD084A99008A58917AA14204
:10301000F3DA5269AA42F0D30C001800EDE7FFF78B
:1030200067FF70BD14220320CC21032010B50020BF
:10303000002301E0180001330A4A12689A420EDDAB
:10304000094A99008A58D1780029F3D15169064A72
:103050008400A25852699142EDD31800EBE7FFF7C4
:1030600047FF10BD14220320CC21032070B50500BA
:10307000002400E00134084B1B68A3420ADD074B23
:10308000A200D3585B69AB42F4D12000FFF730FFB8
:10309000013CEFE770BDC04614220320CC21032081
:1030A00070B504000D000979002A1CD03F2211439D
:1030B000C9B21970200040300CF0C7FB29782000FD
:1030C00020300CF0C2FB6978200060300CF0BDFBB2
:1030D000A978200080300CF0B8FBE9782000E030BF
:1030E0000CF0B3FB70BD6A791143E2E7F8B5040058
:1030F00003698B422DD02161E27012018D18AE7AE6
:1031000002202056A289E31D29000B311043012221
:10311000FFF7C6FF01202056A789230008330122AC
:103120003240291D3843FFF7BBFF00202056C03036
:10313000A389A97A627A114318430CF086FB2A7B93
:10314000697B0F230B4012099B181E22D31AA3720E
:10315000F8BDC3789342CED1FAE770B50400FFF70B
:10316000DFFD0500E389834200D170BD00202056B9
:10317000A030A389FF21294018430CF066FB0020F2
:103180002056B030A389290A2022114318430CF09D
:103190005CFBE581E9E70000F0B5A5B00C00FFF7A6
:1031A000ADFD07002369403B036100240026002594
:1031B00009E0FFF7D2FF174BAA00D158B20012ABBB
:1031C000D15001360135144B1B68AB420ADD114B5F
:1031D000AA00D0584369BB42EBD0A3006A4698507E
:1031E0000134EFE7002305E09A0069465058094989
:1031F00050500133A342F7D3002307E01919980078
:1032000012AA8058034A890088500133B342F5D38B
:1032100025B0F0BDCC21032014220320F8B5040012
:10322000FF2915D881710569C67843695B68234811
:10323000C35C01335B00FF220A40825C53435B0A9C
:103240003F27FF1AE1793F230B40BB4206D1F8BD6F
:103250001B4B1C4A1C481D4906F00CF93F2399439F
:103260003943C9B2E171022020564030A389184386
:103270000CF0EBFA3301EB189B7ADB07E7D533014F
:10328000EB185B7A3F2BE2D09F4200D81F00227AD6
:103290003F23110099430B003B439A42D7D023723E
:1032A000012020564030A2893601AD19297A3F24E9
:1032B000A143194310430CF0C8FAC8E7CC7C0410B2
:1032C0004C4C0310847C04105C4C0310450200003D
:1032D000F0B583B007000E0015000193124B1B7868
:1032E000002B00D10025FFF7ABFC041E17D047616F
:1032F000089B03713378DB0713D5F3784371FB68C0
:1033000063722A0031002000FFF7F0FE09992000C7
:10331000FFF784FF0023E3812000FFF71EFF03B0C7
:10332000F0BD019B4371EAE796230020F0B5CE463D
:10333000474680B583B00C00CE680F69002F2DD0B2
:10334000FFF7DCFC0500A368092B2AD00468B0460F
:10335000227863781B02134304221A409146424BA1
:103360001B78002B37D0012B52D0404B1B68002B11
:1033700000D175E001970096434600222100280005
:10338000FFF7A6FF4B46002B34D00197009643462B
:10339000012221002800FFF79BFF2BE0FFF7EAFD49
:1033A00028E03300233B2E2B24D8314B1C68F3003C
:1033B0009B199B002F4A94466344E4182E490B68DE
:1033C0002E4AD65401330F2213400B603C239846FB
:1033D000BEE7FFF7EFFD2A4B1B68082BF9D84B46D9
:1033E000002B0CD1019700964346002221002800B3
:1033F000FFF76EFF03B0C0BCB946B046F0BD019701
:1034000000964346012221002800FFF761FFE9E70B
:103410001B4B1B68092B0FD0194B1B68082B0FD0B7
:103420004B46002B13D10197009643460022210002
:103430002800FFF74DFFDDE72800FFF7D7FDEBE79A
:103440004B46002BEFD02800FFF7D0FDE8E70197AF
:1034500000964346012221002800FFF739FFE2E7EA
:10346000FFF7E4FD86E7C046962300206022032094
:103470009807032014FBFFFFF4F30220E4F302207B
:103480001422032070B505008160104B1B688B422D
:1034900000D30B00002A04D00D4A12689A4200D2D1
:1034A00013006B60002400E00134082C0DD8094B98
:1034B00062001219D2009B185B69AB42F4D1054837
:1034C00080188179FFF7AAFEEEE770BD1C3C012051
:1034D000281803206422032010B50C00FFF70EFC0F
:1034E000E3682169072B04D07B2B05D1FFF7BEFDD4
:1034F00002E00122FFF7C6FF10BD000070B5050015
:103500000F4B1B6883421AD00D4B1860002409E052
:10351000A000001980000B4BC01800222900FFF703
:10352000B1FF01340F2C0AD8F2D00648A3001B19B2
:103530009B00C01881680022FFF7A4FFF1E770BD6F
:103540001C3C01206C31012070B50400034D28683B
:1035500021000CF02DFA2C6070BDC046501C0320D9
:1035600010B50C69CA688B68512B00D010BD032AB6
:10357000FCD12078000463781B021843A378184319
:10358000FFF7E2FFF2E710B50B79C02B16D008D891
:10359000902B0DD0B02B0ED0802B01D1FFF7EAFC81
:1035A00010BDE02B0DD0FF2BFAD1FFF7D9FFF7E7C5
:1035B000FFF7BCFEF4E7FFF78FFFF1E7FFF7FAFB39
:1035C000EEE7FFF7E9FDEBE710B582B00400006815
:1035D00001A9FEF751FA002801D102B010BD0199EE
:1035E0002000FFF7D0FF019B1A79FF2A02D19B68C8
:1035F0002F2B03D02000FFF711FCEEE7084A1368D9
:10360000013B1360002BE8D1064B1B78002BE4D064
:10361000054A0023054800210CF098F9DDE7C04673
:103620009C0D0320C12F0320552E0010881300008D
:1036300010B5174B1B78002B00D110BD0CF09AF978
:103640000CF08EF9002408E0A3001B199800114B20
:10365000C0180021FFF70AFD01340F2CF4D9002413
:1036600006E00D4BA2001B689858FEF713F80134D2
:103670000A4B1B68A342F4D8074C206801F030F8CD
:1036800000232360054A13600CF07EF9D5E7C0469D
:10369000942F03206C310120F01B0320F804032039
:1036A00010B5044B1B78002B00D110BD00200CF08E
:1036B00075F9FAE7942F032010B5104B1B78002BF7
:1036C00000D110BD01200CF069F9002400E00134A4
:1036D000082CF6D80A4B62001219D1005B185B69FE
:1036E000002BF4D0064B5B181A69064B1B689A42F4
:1036F000EDD2034BC818FFF7EFFBE8E7942F032048
:10370000642203209807032010B5054B1C688B002A
:10371000E418FEF7E5F920602000FFF77FFB10BDFD
:10372000F01B032070B505000C001E4B1B78002B0E
:1037300037D0002835D0FDF7ABFF800000F08AFFBE
:10374000194B18602800FDF7A3FF184B1860184BA1
:103750001860184B1C702800FDF7A9FF164B186065
:10376000164B174A1A60174B174A12681A60002442
:1037700004E021002800FFF7C7FF01340B4B1B6852
:10378000A342F6D8002407E0A000001980000F4BE8
:10379000C018FFF71FFB01340F2CF5D900200CF0E7
:1037A000FDF870BD942F0320F01B0320F8040320C4
:1037B0009C0D0320C12F03203C1B0320501C032021
:1037C00020A10700281803201C3C01206C31012097
:1037D00010B5044B1B78002B03D0002801D0FDF757
:1037E00053FF10BD942F032010B5044B1B78002B02
:1037F00002D0FDF75FFF10BD0020FCE7942F0320EF
:1038000010B5084B1B78002B00D110BDFFF710FF3F
:103810000BF0F2FF0448FFF707F8024B00221A7082
:10382000F3E7C046942F0320984C031010B50B48C3
:103830000121FEF7DFFF02000832094B1A60094B35
:10384000C218094B1A60094BC218094B1A60094B80
:103850009C466044084B1860012010BD984C031032
:103860006CF902200812000098070320A418000039
:1038700068F90220A42800009C07032010B50E4B15
:103880000020185E0BF0AAFF00200BF0FFFFFFF7EF
:10389000CDFF041E0CD0FFF7FBF9084B00221A6085
:1038A000074B1A60074B01321A700124200010BD2B
:1038B0000BF0A2FFFAE7C04694230020F01B032080
:1038C000F8040320942F0320014B18707047C04662
:1038D0009623002010B5044B9B689847002802D01F
:1038E000024B014A1A6010BDD8230020A017032004
:1038F00010B5044B9B689847002802D0024B014A40
:103900001A6010BD947C0410D80403200B68002BAF
:1039100004DBFE2B04DDFE230B6001E000230B60C3
:103920000368002B04DB7F2B04DD7F23036001E0B1
:10393000002303607047000010B5054B1B78002B77
:1039400000D010BDFFF7C6FFFFF7D2FFF9E7C04672
:10395000B52F032010B5044B1B68002B02D01B6948
:10396000984710BD0020FCE7A017032010B5074BB7
:103970001B68002B01D05B699847054B1B68002B27
:1039800003D01B6B002B00D0984710BDA01703205D
:10399000D804032010B582B0040001910092084BB6
:1039A0001B68002B0AD0694601A8FFF7AFFF044B44
:1039B0001B689B69009A01992000984702B010BDCE
:1039C000A017032070B584B004000D000392029389
:1039D0000A4B1B68002B0FD002A903A8FFF796FF24
:1039E000064B1B68DE69029B039A08990091290027
:1039F0002000B04704B070BD0020FBE7A0170320F3
:103A000010B5034B1B68002B01D01B6A984710BDF3
:103A1000A017032010B5044B1B68002B02D05B6A73
:103A2000984710BD0020FCE7A017032010B5044BF9
:103A30001B68002B03D09B6A002B00D0984710BD59
:103A4000A01703207047000010B5034B1B68002B24
:103A500001D01B69984710BDD804032010B5034B53
:103A60001B68002B01D05B69984710BDD804032068
:103A700010B5034B1B68002B01D09B69984710BD04
:103A8000D804032010B50300034A1068002802D0B0
:103A9000C2691800904710BDD804032010B5034B2D
:103AA0001B68002B01D01B6A984710BDD804032067
:103AB00010B5034B1B68002B01D05B6A984710BD03
:103AC000D804032010B5034B1B68002B01D09B6A60
:103AD000984710BDD80403207047000070B584B02B
:103AE00006000C0001AB02AA03A905F06BFC051E41
:103AF00004D1002C09D1200004B070BD019A0299B4
:103B0000039805F023FC2C00F5E70248310005F08E
:103B100049FDC046A04C031000B583B008F0B4F9CD
:103B2000FA20400004F087FC0F2005F07BFB012108
:103B30001148FFF7D3FFC82004F07DFC172005F0E3
:103B4000D1FAD0231B06802212045A625A6100F077
:103B500021FB01F0A1FB0BF057FD01AB00221A7015
:103B60005A709A7001980BF0F7FC0BF01DFD10F0E5
:103B70002BFC002003B000BD90D0030001E00370D7
:103B800001300378002B07D0044AD15C03220A409D
:103B9000022AF4D1203BF2E77047C046DD3205101F
:103BA00070B504000D00002A01D1002070BD013A5B
:103BB000831800211970290030F090FA200030F0AD
:103BC00001FB285C43425841C0B2EFE770B50500E5
:103BD0000C1E01D1002070BD06F0FCFD002801DBA9
:103BE000A042F8D3013C2D1900232B702000F2E7EE
:103BF0000CB400B583B004AB04CB0193FFF7E6FF30
:103C000003B008BC02B018470300E03B062B09D8FC
:103C10009B00094AD3589F469D200AE0B82008E03F
:103C2000B82006E0672805D8044B8000C05800E0A3
:103C3000B62070470020FCE7D8820410748304107B
:103C400010B5FFF7E1FF10BD00B587B001236A464C
:103C50001370FFF7D9FF019000230293039300280C
:103C600001D107B000BD6846FDF7E0F8F9E70000B4
:103C700010B50C00084B1B78002B0AD0FFF7C4FFCF
:103C8000002C07D0002805DB7F2803D8034B185CE5
:103C900000E0002010BDC046B8230020F4820410CC
:103CA00070B586B00500140000236A461370FFF754
:103CB000ABFF060001902800FFF7C2FF0290E4135B
:103CC00001231C4021002800FFF7D2FF03900A4B7C
:103CD0001B785BB2002B03D1002E09D106B070BD5A
:103CE000064B1A6850232100280000F085FAF5E7FA
:103CF0006846FDF79BF8F1E7422F0320B03E012014
:103D0000014B01221A707047B8230020014B00229A
:103D10001A707047B8230020704710B50C2005F0CA
:103D2000ECF90C2005F0DEF9002201210C2005F051
:103D3000BFF9D024240680235B01A3620D2005F087
:103D4000DCF90D2005F0CEF9002201210D2005F04F
:103D5000AFF980239B01A362162005F0CEF916204F
:103D600005F0C0F900220121162005F0A1F98023F9
:103D7000DB03A362072005F0C0F9072005F0B2F9C4
:103D800000220121072005F093F98023A3620E2071
:103D900005F0B3F90E2005F0A5F9002201210E204F
:103DA00005F086F98023DB01A3620F2005F0A5F959
:103DB0000F2005F097F9002201210F2005F078F976
:103DC00080231B02A362122005F097F9122005F050
:103DD00089F900220121122005F06AF98023DB0213
:103DE000A362132005F089F9132005F07BF9002266
:103DF0000121132005F05CF980231B03A3621A2024
:103E000005F07BF91B2005F078F910BD10B5D02323
:103E10001B065B681B0350D40023804A12689A4239
:103E200010D07E4A1360002B49D1002200212C20A3
:103E3000FFF736FF00220021E120FFF731FF784B2A
:103E400001221A60D0231B065B685B0345D4002364
:103E5000744A12689A4208D0724A1360002B3ED10D
:103E600000220021E420FFF71BFFD0231B065B6824
:103E70005B043AD400236C4A12689A4246D06A4ADC
:103E80001360002B33D1002200212820FFF708FF08
:103E9000002200215720FFF703FF002200211C20F1
:103EA000FFF7FEFED0231B065B681B032ED4002207
:103EB00000212B20FFF7F4FE28E00123ADE70022CC
:103EC00000212C20FFF7C0FE00220021E120FFF797
:103ED000BBFE534B00221A60B4E70123B8E700226F
:103EE0000021E420FFF7B0FEBFE70123C3E7002273
:103EF00000212820FFF7A8FE002200215720FFF70D
:103F0000A3FE002200211C20FFF79EFED0231B06EB
:103F10005B681B045AD40023444A12689A4208D0B2
:103F2000424A1360002B53D1002200212920FFF7C1
:103F3000B7FED0231B065B68DB044FD400233C4A4A
:103F400012689A4208D03A4A1360002B48D10022E6
:103F500000215220FFF7A4FED0231B065B689B04C0
:103F600044D40023334A12689A4208D0314A13607D
:103F7000002B3DD1002200215120FFF791FED023DC
:103F80001B065B685B0239D400232B4A12689A42F5
:103F900008D0294A1360002B32D100220021502082
:103FA000FFF77EFED0231B065B681B062ED4002382
:103FB000224A12689A4208D0204A1360002B27D167
:103FC000002200214F20FFF76BFE10BD0123A3E765
:103FD000002200212920FFF737FEAAE70123AEE7E0
:103FE000002200215220FFF72FFEB5E70123B9E799
:103FF000002200215120FFF727FEC0E70123C4E77C
:10400000002200215020FFF71FFECBE70123CFE75E
:10401000002200214F20FFF717FED6E7B42300202F
:1040200064310120B0230020AC230020A82300200D
:10403000A4230020A02300209C23002098230020FC
:1040400010B5FFF76AFE10BD10B5FFF7DFFE10BD1B
:104050007047000030B50500002000280DD19142C6
:1040600000DA00BE054B03241800A043044C241AB8
:104070002C60032BF1D80139EFE730BDE82F032086
:104080000000042010B501220021002005F026F9CF
:1040900010BD000070B50D4B00241C57182C03D028
:1040A0000A4B01341C7070BD094D28680100A03115
:1040B000F02212012FF0BAFF2868A3001B195A0141
:1040C0008018A022002107F02FFDECE7B923002083
:1040D0008C1A032010B50400FFF7DCFF094B1B68A6
:1040E000094A002151568A00521852019B1804E0D7
:1040F00001341A7007225A7002332278002AF7D14D
:1041000010BDC0468C1A0320B92300207047000060
:1041100070B5050004221021FFF79CFF04002A68F7
:104120000248210007F0A4FE200070BDF04C0310EF
:1041300070B5060030F046F8400823252D1A0024FB
:1041400003E0202007F030FE0134AC42F9DB300000
:1041500007F05EFE70BD10B5002403E03D2007F0BF
:1041600023FE01344A2CF9DD0A2007F01DFE10BDA4
:1041700010B50400FFF7EFFF2000FFF7D9FFFFF7AE
:10418000EAFF034807F044FEFFF7E5FF10BDC04615
:10419000184D031010B5FFF753FF10BDF0B5C6461C
:1041A00000B505000F0016000024B44219DA0A21F8
:1041B000280006F06DFB0134331B98463031F9546A
:1041C0000A21280006F064FB051E0AD00321200006
:1041D00006F05EFB0029E8D1013F2C234246BB5488
:1041E000E3E7B44205DA331B013B2022FA540134E1
:1041F000F7E780BCB846F0BDF0B5DE4657464E4600
:104200004546E0B5A5B007000091140010002FF05E
:10421000D9FF05000600CF4B1B785BB2002B0EDBED
:10422000282F16D0292F00D169E12A2F00D169E16A
:104230002B2F00D07AE1083507239D436DE1C54B54
:1042400018221A70282F00D157E12C2FE8D100270F
:10425000E8E7C04B00229A5693009B185B01690067
:10426000BD4A5B1807331268D31800221A70270062
:1042700000E001373B78202BFBD0390000E0013112
:104280000B78002B09D0202B07D01A00613AD2B24C
:10429000192AF4D8203B0B70F1E74B1C98460023F9
:1042A0000B70AE4938002FF049FF002805D0AC490B
:1042B00038002FF043FF002817D1FFF7E3FE00235B
:1042C0002370A54B1D68A34B00229A5693009B18A0
:1042D0005B01ED18A3490622280007F02BFC200003
:1042E0002FF070FF0022062365E19F4920002FF088
:1042F00025FF002812D09D4938002FF01FFF00280D
:104300001AD09B4938002FF019FF051E824634D081
:10431000002E00D0EBE0FFF7BDFED0E78E4B186813
:10432000FA221201002107F0FFFB8A4B00221A70CB
:10433000C5E701239C46E0446319434503D942463F
:104340001278202AF5D0434503D943461B78002B29
:1043500007D18848FFF7BEFEFFF79CFEFFF79AFEE5
:10436000ADE72E2B05D143465B78002BF4D0202BF4
:10437000F2D08148FFF7AEFEEEE78048FFF7AAFED5
:10438000FFF788FE10AF7E4B3A0043CB43C243CBCE
:1043900043C243CB43C243CB43C27A4B7A4A9E1AB1
:1043A00001961FF0F7FE00900922532302A98C46C4
:1043B000634419003000FFF7F1FE3800FFF78AFE72
:1043C000724E326808327249380006F0D9F9316805
:1043D0000B784A7812021A438B781B041343C8786F
:1043E000000618430922532302A98C46634419008E
:1043F000FFF7D4FE3800FFF76DFE072102A81FF07B
:10440000EDFE2E00022700E00136062E1EDCF30032
:1044100002AA9B58002BF7D05E49320010A806F084
:10442000AFF9F30002AA94466344994658680830ED
:10443000092253216144FFF7B1FE10A8FFF74AFE9D
:104440004B465B680833ED180137DDE74F4B9B4661
:1044500019680A784B781B0213438A7812041A43AE
:10446000CB781B0613434C4A126890469844FFF7DA
:1044700011FE4A4910AB99463A00180006F080F93F
:104480005B4619680A784B781B0213438A7812043A
:104490001A43CB781B061343019AD0182818092217
:1044A0004F2102AB9C466144FFF778FE4846FFF778
:1044B00011FE3B4B4A4643CB43C243CB43C243CBA3
:1044C00043C203CB03C2009B42469B1A5B1B00D432
:1044D0009A4609224F2102AB9C4661445046FFF7A1
:1044E0005DFE10A8FFF7F6FDFFF7D4FDE7E62D48C7
:1044F000FFF7F0FDFFF7CEFD0DE7002792E6002362
:104500002370DEE6002E00D1DBE6013D65190023B5
:104510002B70D6E62023A3550136AE4201DA4B2E8E
:10452000F8DD0136A61900233370CAE60099380079
:10453000FFF79EFB002800D1C3E67E2800DDC0E621
:104540004B2E00DDBDE660550135651900232B704B
:10455000B7E6C046B92300208C1A0320F86B03107D
:10456000384E0310784F0310444E0310484E03108A
:10457000644E03104C4E0310504E0310684E03104F
:104580007C4E0310C86B051000000010482B032060
:10459000AC4E0310D84E031090230020084F031098
:1045A000304F03105C4F0310A15CE954591C0726DF
:1045B0006E54023301328242F6DB5F22EA545A1C07
:1045C0008721A954023304E05A1CAA180021117053
:1045D00002339F2BF8DD25B0F0BCBB46B246A9469E
:1045E000A046F0BD10B594B000F0BCFF0FF0E2FEA5
:1045F000FFF768FA01E0FFF7B9F911482FF0D4FE90
:104600000028F8D00E482FF057FE0E4B01241C70E6
:104610000D482FF009FE0D4B1C70002300220021D5
:104620000020FFF76DFB00236A461370084B1A60E9
:10463000FA208000FFF70CFDFFF798F9F8E7C04675
:10464000403D01209C2F0320880B0320422F032094
:10465000B03E012010B5D0231B061B68002B03D0F1
:10466000064B1B78002B03D10121FEF7E9F910BDA1
:10467000034B044A0448054904F0FCFE602F032064
:10468000804F031030850410AC4F03107D020000F2
:1046900070B5D0231B061B68002B03D00B4B1B7877
:1046A000002B0CD141430C0001212000FEF7C8F97A
:1046B00005002200002107F037FA280070BD044BE6
:1046C000044A0548054904F0D5FEC046602F032082
:1046D000804F031020850410AC4F031083020000AC
:1046E00010B5D0231B061B68002B03D0064B1B788C
:1046F000002B02D1FEF740F910BD044B044A0548D7
:10470000054904F0B7FEC046602F0320804F031018
:1047100014850410AC4F03108A020000094B5B792A
:10472000002B0ED0A022D205074B0B21D150A02286
:10473000D205054BD3580B221A42F8D1014B002267
:104740005A71704770EA022044040000074B196850
:104750000B794A7912021A438B791B041343C879E7
:10476000000618431F300002000A7047482B032040
:1047700004498A6A3F2313402033034A93718B6AAA
:10478000136070470040054070EA0220F8B51AE057
:104790000133032B12DC1B4A5900C918C9005218F7
:1047A0005269002AF4D017495A00D218D2008A1848
:1047B000506A8A689042EBDC002500E00125002D5C
:1047C00003D1002D1DD00023E3E70E4B9E68013678
:1047D0009E60002412E00B4B62001219D2009B185D
:1047E0005F690521300006F053F87B1E9F41064BA0
:1047F00089000919C9005B18DF710134032CEADD57
:10480000DFE7F8BDC0F802209C1A032010B50C2980
:1048100006D80368054A1340C9020B43036010BD64
:10482000034B044A0448C32104F024FEFF87FFFF22
:10483000EC4F0310988504100C50031000B583B0A2
:1048400001000023019310330193134B019301A83E
:10485000FFF7DCFF019B0C22190091430A0008219D
:104860000A4301920D4A1A400A4301920C4A1A4027
:104870000A4301920B4A1A401143019109210A434C
:104880000192094A1A400A43019208481840084315
:10489000019003B000BDC04610801F0033F8FFFF39
:1048A00033F8BFFF33F89FFF33F81FFF31F81FFFC6
:1048B00010B53F2906D80368054A1340C9030B43C6
:1048C000036010BD034B044A0448B52104F0D2FD37
:1048D000FF7FE0FF68500310808504100C50031028
:1048E00030B583B005000C000920FFF7A7FF019049
:1048F000102302009A4313000192202213430193D4
:104900001C23984310430190232101A8FFF7D0FFF7
:10491000064B01225A71064B1A681032054B1A6079
:104920005D609C60019ADA6003B030BD70EA0220DD
:10493000082400204002005030B583B005000C0070
:104940000A20FFF77BFF019010220300134301931D
:104950002023010099430B00134301932C23984318
:10496000030013430C3A13430193222101A8FFF7DC
:104970009FFF074B01225A71064B1A681032064BF3
:104980001D605A609C60019ADA6003B030BDC04679
:1049900070EA0220082400208002005010B5144B59
:1049A00004221A71002305E0124A59008024640091
:1049B0008C5201331F2BF7DD0E4C22888023DB0045
:1049C00013432380E28F80239B001343E3870A4B2A
:1049D0001B680022DA6658600132DA660748202137
:1049E000FFF77EFF20212000FFF7A6FF10BDC04685
:1049F00070EA0220D814032008240020DCF20220F0
:104A000070B50600154B03221A71802901D84B1E80
:104A10000BE0134B134A1448144904F02BFD5A1CA5
:104A2000134CE55C52001553013B002BF7DA802351
:104A3000DB000B430E4803804A00145A80239B007E
:104A4000234313520B4B1B680022DA665E6001326F
:104A5000DA660131FFF770FF70BDC04670EA0220D0
:104A60007C5003106C8504109C500310030200005E
:104A7000DCF202200824002070B5614B1B78002B6B
:104A800004D15F4B01221A7000225A705C4B1B78D4
:104A9000012B0BD0022B2BD0594B1B78032B2DD085
:104AA000574B1B78042B00D1A6E070BD544A01235C
:104AB000D35601335370524B01229A56032A0FDC0E
:104AC0004F4B51008918C9005B182833187800280B
:104AD00003D14B4B01325A70EDE7FFF75FFFE4E77C
:104AE00002221A7000221A749878FFF757FFDCE749
:104AF000434B03221A7000225A70CDE7404A01232B
:104B0000D356013353703E4B01241C57032C61DCF8
:104B10003B4B62001219D2009B185B69002B03D13A
:104B2000374B01345C70EEE7364A5360364B1978E8
:104B3000012917D0324B62001219D2009B185B6A10
:104B40005A1C0FD0022921D02E4B00221A700821A6
:104B50002B4B62001219D2009B1828331878FFF7EC
:104B60004FFFA2E7264B62001219D2009B189A69E8
:104B7000254B9B689A42E7D02248022303700830F5
:104B80002249702206F0D6FF7821E1E71D4A043160
:104B9000117093601A4A611C4B005B18DB00D3183C
:104BA0009868936898420FDA0130164DE860052145
:104BB00005F06EFE164B49012800103059182022CE
:104BC00006F0B8FF3021C3E70E4B01225242DA60F3
:104BD0001021BDE704221A701B7C002B00D15FE777
:104BE000084A1370064C63685360A0780821FFF7E9
:104BF00007FF0023237458E7014B05221A7054E77E
:104C0000C0F80220DCF20220941903209819032036
:104C10009C1A0320F0B5C64600B5BF4B1B68DA6A84
:104C2000BE4B1968EFF3108072B60B685C426341AB
:104C3000DCB2002BF9D1BFF35F8FB84B586053063D
:104C400027D4930600D4DDE0B34B1C68636B5B058F
:104C50001DD5636EB24B01221A71B24A00219172C6
:104C60001B68B14D6B60FFF771FD0002030A6B70AA
:104C7000030CAB70000EE870AC4B1B78012B00D11D
:104C800082E0022B00D18AE0A74B00221A70236D2C
:104C9000AEE0FFF743FDA04B1B685B6DA44B1B7898
:104CA000012B0ED09E4B00221A719C4B1A685B6838
:104CB000BFF35F8F0021116083F3108880BCB8467A
:104CC000F0BD974B1B79002BECD0964B1B78012B3A
:104CD00005D0934B00221A71FFF7CEFEE2E7914B0D
:104CE000012018560600914B1B78012B3AD08D4BB2
:104CF00042001218D2009B1829331A780132D2B21E
:104D00001A70102AE5D9874B42001118C9005918AA
:104D100000244C610B0028331C70FFF737FDD8E7E7
:104D2000711C824A73009C469C19E40014194B00C4
:104D300098465F18FF00D21914341432A8CAA8C4C8
:104D4000A8CAA8C4774A33006344DB00D31844469A
:104D50006518ED0052191433143270CA70C370CA4A
:104D600070C30E00022EDBDD704B5A7B013A5A7382
:104D70000022DA659968013199606A4BDA65702121
:104D80005A5401385870A4E767480370674B9B6812
:104D9000836068490C30122206F0CCFE77E7624B44
:104DA00005221A705F4A51699960D0681369984268
:104DB00013DA01305C4DE860052105F069FD5E4BBA
:104DC000002018565D4A8B001B18DB0028001030AD
:104DD000D118082206F0AEFE59E7534B0122524289
:104DE000DA6054E74F4A591C91724F4AD35C2361F1
:104DF000636F102B00D158E74A4B9B7A5BB21F2B95
:104E0000F0DD52E7530718D5434B1B681B691A05A1
:104E100007D5434A02211171424A0021117253728F
:104E200043E740490A7A497A8A4200D33DE73D493F
:104E3000501C08723C498B5437E7920500D434E784
:104E4000354B1B681B6E3A4B1B78012B0ED0022B87
:104E500000D02AE7324B1B79012B00D1CAE0022B8C
:104E600000D1CCE02E4B00221A711EE72C4B1B798F
:104E7000042B08D0032B00D1B6E0294B00221A7175
:104E8000FFF7FAFD11E7A022D20591239B00D3582A
:104E9000254A9B1A202BF0D11378012B54D0052BD7
:104EA000EBD1204A0124145713336343D318293319
:104EB000002119701378012BDFD11C4B1B78022BBA
:104EC000DBD11F4B996A1300601C182242439B18C8
:104ED0005960154A91689960D5686B1CCDD0114B0B
:104EE0009B689D42C9DD0F4BDB689D42C5DA0521F9
:104EF000280005F0CDFC114A8B001B19DB00D018EF
:104F00001049082206F016FE064B182262439B1831
:104F10005D62FFF73BFCB0E7082400200C3C012059
:104F200070EA0220C0F80220DCF20220941903206B
:104F3000AF2F0320B0070320522F03209C1A032019
:104F400000400540ECF20220614B1B78022B15D08B
:104F5000012B92D15F4B1B78012B8ED15C4B012032
:104F600018565D4A946A421C18214A439A185460A4
:104F70005A4A926841435B189A617EE75468544BE1
:104F80005C60544B1B78012B03D0514B04221A74E4
:104F900073E715682D0AFFF7D9FB854203D04C4B08
:104FA00007221A7469E74B4B597B032918D8484AE2
:104FB000907818234B43D21854612832107045481A
:104FC000C3185C611833464A70CA70C314681C6009
:104FD00092889A80013141738368013383604CE782
:104FE0003B4B03221A7448E7A022D205A0239B0062
:104FF000D35842E7384B9A6A354B1A6032E7344B44
:105000001A7A5B7A9A4200D02CE7364B1D68334BF4
:105010005B689D4200D025E72F4B9A6A2C4B5A6063
:105020002E4B1B78022B0FD0062B29D0294A127841
:10503000012A00D016E7042B45D0072B00D011E73A
:10504000244B03221A730DE7224B1B78012B00D04F
:1050500008E725482549702206F06CFD1C4BFF220D
:10506000DA7200E00134032C00DDFBE6194B182254
:1050700062439B185B699D42F4D1154BDC72F1E7EA
:10508000144B02221A70154BD868431C00D1E9E674
:10509000124B9A680E4BDA605B690133984200D07C
:1050A000E0E60B4B9B69984200DBDBE6084B58615E
:1050B000052105F0EDFB0E4B490158180D49202242
:1050C00006F038FDCEE6034B01321A73CAE6C0463D
:1050D000C0F802209419032000400540DCF20220B1
:1050E000E8F2022070EA022098190320E4F202207C
:1050F0009C1A0320ECF2022010B5002B02DB0260A8
:10510000436010BD024B034A03483F2104F0B2F94B
:10511000D850031040850410F450031070B582B0CD
:10512000060014001D00FA229200002306980021B8
:1051300006F088FB02000B0012196B41002B09DB03
:105140006846FFF7D9FF009A019B32607360300018
:1051500002B070BD01225242004BF1E7FFFFFF7F1A
:1051600010B582B0040003F0F7F902000B006846A6
:10517000FFF7C2FF009A019B22606360200002B02B
:1051800010BD30B585B004000D0002A8FFF7E8FFA0
:10519000029A039B00952000FFF7C0FF200005B096
:1051A00030BD000030B583B02B4B1A68EFF310818F
:1051B00072B6136858424341DCB2002BF9D1BFF3F9
:1051C0005F8F254B5960254B1B79002B21D0244B39
:1051D0001B685A6B214A002111716C3380229201A5
:1051E000134302221A6014E0130020229A7017E081
:1051F0000132032A0BDC1B4950008018C300CB1876
:10520000283318788B789842F2D10125F0E7002DE9
:1052100009D0144A93780133DBB29370602BE3D04A
:1052200022000025E5E70F4B00241C70FFF724FC4B
:10523000094B1A685B68BFF35F8F146083F31088B3
:105240000A216846FFF79DFF009A019B012003F0A9
:1052500033FA03B030BDC0460C3C012070EA022096
:1052600008240020C0F8022010B5084808220021B8
:1052700006F05AFC06487422002106F055FC054849
:105280007422002106F050FC10BDC04670EA0220D6
:10529000C0F802209419032010B5174B1B78174B48
:1052A0001B78174803F062FC1648174902F018FBF8
:1052B00003210E2003F0E4FE03210F2003F0E0FEA3
:1052C000002201210E2003F0F3FE002201210F2015
:1052D00003F0EEFE0D49182003F0CCFA0C49012032
:1052E00003F0A2F9C021012003F01EFB01210120DF
:1052F00003F0A6FA10BDC0460834051004340510AA
:105300000C3C01200824002000350C00154C001036
:10531000A5510010F0B5CE46474680B583B0814612
:1053200088461700354B1A68EFF3108172B6136880
:1053300058424341DCB2002BF9D1BFF35F8F2F4BB2
:105340005960012003F02CFAFFF78EFF2C4B012649
:105350001E702C4D2C4928001830122206F0EAFB52
:105360002A4B9A6A2E706A612E736E734B46AB732A
:105370004346EB732F74AE60254B202199705A6120
:10538000012252429A600DE0214A63001B19DB00A2
:10539000D318012149425962013463001B19DB0013
:1053A000D2189160032CEFDD1A4C23680025DD66CE
:1053B00000220021200002F0BFFA23689022920010
:1053C0001A630122DA660D4B1A685B68BFF35F8FC0
:1053D000156083F310880A216846FFF7D2FE009A11
:1053E000019B012003F068F90121182003F028FA3D
:1053F00003B0C0BCB946B046F0BDC0460C3C01206D
:10540000AF2F032094190320B0070320004005406C
:10541000C0F802200824002070B51F4B1A68EFF373
:10542000108172B61368002BFCD0BFF35F8F1A4D4A
:105430006960012003F0B4F9FFF716FF174B01264E
:105440001E70174B02221A70164B033A5A61DA602B
:105450001A61FFF78DF9144B9A79144C0121200041
:1054600002F06AFA21680022CA6680239B010B437E
:10547000802119602368E531FF311963DE662968F0
:105480006B68BFF35F8F0A6083F3108801211820D7
:1054900003F0D6F970BDC0460C3C012094190320DE
:1054A000AF2F0320C0F8022070EA02200824002059
:1054B00010B5234B1A68EFF3108172B61368002BF6
:1054C000FCD0BFF35F8F1E4B59601E4B1B78022B25
:1054D0000AD000201A4B1A685B68BFF35F8F002167
:1054E000116083F3108810BD174B1B79002B25D159
:1054F000164B9B6A164A12689B1A164A127B012A9F
:1055000004D0154A934203D80020E3E7134AF9E791
:10551000FFF72EF90F4B1B78012B0AD0104B1B689D
:105520000022DA66084A92799A600122DA6601203E
:10553000D0E7084B00221A739A60EFE70020C9E712
:105540000C3C0120AF2F032070EA022000400540F0
:10555000C0F802209419032040420F00A0860100E9
:105560000824002010B5154B1A68EFF3108172B6AD
:105570001368002BFCD0BFF35F8F104B5960104BAA
:105580001B78002B09D10D4B1A685B68BFF35F8F46
:105590000021116083F3108810BDFFF7BFF80120D0
:1055A00003F0FEF80021182003F04AF9054B1A68B1
:1055B0000023D366024A1370E5E7C0460C3C012085
:1055C000AF2F03200824002010B5154B1A68EFF305
:1055D000108172B613685C426341DCB2002BF9D1D2
:1055E000BFF35F8F0E4B59600E4B1B78022B10D010
:1055F000012B12D10C49702206F09CFA084B1A6854
:105600005B68BFF35F8F0021116083F31088200077
:1056100010BD064B0B241C57ECE701246442E9E75C
:105620000C3C0120AF2F032098190320C0F8022062
:10563000104B1968EFF3108272B60B68002BFCD088
:10564000BFF35F8F0B4B5A600B4B0221197019731C
:105650000A4B1B78012B08D0064B1B68BFF35F8FEA
:105660000021196082F31088704703498B68013369
:105670008B60F1E70C3C012094190320AF2F03202D
:1056800010B5104B1A68EFF3108172B61368002B37
:10569000FCD0BFF35F8F0B4B59600B4B1B78022B79
:1056A0000BD10A4B1861074B1A685B68BFF35F8F19
:1056B0000021116083F3108810BD044B5862FFF77E
:1056C00065F8F0E70C3C0120AF2F0320C0F8022062
:1056D00070B50400404B1A68EFF3108172B613687E
:1056E00058424341D8B2002BF9D1BFF35F8F3A4BF8
:1056F00059603A4B1B78012B0CD0022B3BD0200079
:10570000354B1A685B68BFF35F8F0021116083F32C
:10571000108870BD324B9B68A34205DD0134221D09
:105720002F4BDA602000EBE72E4B9E6A012500E04C
:105730000135032DF3DC2A4B6A005219D2009B1865
:105740005B69002BF4D0264B691C4A005218D2002A
:105750009B185B68F31A244A9342E9D9204B6A00EC
:105760005219D2009B181900283100220A705A6180
:10577000FFF70CF8DCE71A4B5B69A34204DD601C01
:10578000031D174A9361BBE7164B9B6A144A526884
:105790009B1A154A93421DD9144B00221A7005001A
:1057A0000AE0134B8A005219D2009B180022DA71CA
:1057B00001310429F5DD0135032D06DC0D4B1B7885
:1057C0005BB2AB42F7D00100F3E7084B00221A703E
:1057D0002000D5E72000D3E70C3C0120AF2F0320A9
:1057E000C0F8022000400540A0860100962F03204B
:1057F0009C1A0320522F032010B502F0ADFEFA22AE
:105800009200002305F0AAF883001818C300181AA4
:1058100010BD10B502F0A0FEFA229200002305F0A0
:105820009DF810BD10B502F006FE10BD70470000D7
:105830008000044B1B681B581B021B0A024A10689D
:10584000C018704740F9022090230020D0231B0687
:10585000D861704701238340002903D0D02212066B
:1058600053617047D02212069361FAE710B5040025
:105870001022002106F058F980235B022360F823F0
:105880005B0263608023DB02A360C0231B03A36071
:10589000200010BD000C704780B2704770B5050045
:1058A0000C00FFF7E3FF22000B320D346B68044954
:1058B0000B40D2011343240323436B60280070BDC7
:1058C0007F00FEFF002904D0036810221343036009
:1058D0007047036810229343F9E7C046002904D0BB
:1058E0000368202213430360704703682022934318
:1058F000F9E7C046002A07D18001A023DB059C46BA
:1059000060440B68036170478001A023DB059C465F
:1059100060440B68C360F6E7002A06D18001A0232B
:10592000DB059C466044016070478001A023DB05D5
:105930009C466044C163F7E770B504AC20CC247882
:105940008001A026F605B44660440360426085608D
:10595000002C02D10B68036170BD0B68C360FBE7CC
:105960008001A023DB059C4660444160C261704712
:1059700001238340A021C905054A8B508301A02241
:10598000D20594466344DB68DB01F7D47047C04618
:10599000440400008301A022D205944663441B699D
:1059A000DB01F7D47047C0467047C04603681F222A
:1059B00093430A40134303607047C04610B5036821
:1059C000064C23404901F824A40021400B439202D5
:1059D000F821C9010A401343036010BD1F80FFFF77
:1059E0000368054A1340002904D080225202134361
:1059F000036070470022FAE7FFFFFEFFF820C001B6
:105A00007047C04613680A318900401843607047E8
:105A100003680B6043684B6083688B60C368CB602E
:105A200003690B61C36A4B61036B8B617047C046AE
:105A30000B6803604B6843608B688360CB68C3600E
:105A40000B6903614B69C3628B6903637047C0468E
:105A5000034B536001235381138101207047C046DB
:105A6000A4FC0220F0B5D6464F464646C0B52A4BA8
:105A70001B78A7293BDCDA00D21A1301274E9B1AA8
:105A80005B02F318264A1568002D3ED0254A12689D
:105A90009246002A39D08F00BC468C446746BF012D
:105AA000BC4663449846204BA0249C46D2235B020C
:105AB000994600226400B1440FE057469B00DB5931
:105AC000B34206D34B4504D267469B5C5B00DB5B6D
:105AD000038001320230A24204D0AB5CCB1AECD579
:105AE0004346F1E7E0BCBA46B146A846F0BD012204
:105AF0005340DBB2DA00D21A13019B1A0B4A074E4D
:105B000094465B026344F318BCE7094A09480A4B10
:105B10000A4903F0AFFCC046612F03203C4101203D
:105B2000502B03204C2B03208405032000D8FFFFBB
:105B3000848604107C51031058510310AD020000FC
:105B400010B50C2906D80368054A1340C9020B4357
:105B5000036010BD034B044A0448C32103F08AFCD0
:105B6000FF87FFFFEC4F03100C8604100C5003104E
:105B700000B583B001000023019310330193134B50
:105B8000019301A8FFF7DCFF019B0C221900914350
:105B90000A0008210A4301920D4A1A400A43019261
:105BA0000C4A1A400A4301920B4A1A4011430191D0
:105BB00009210A430192094A1A400A4301920848FE
:105BC00018400843019003B000BDC04610801F007C
:105BD00033F8FFFF33F8BFFF33F89FFF33F81FFFA1
:105BE00031F81FFF10B53F2906D80368054A134056
:105BF000C9030B43036010BD034B044A0448B5219D
:105C000003F038FCFF7FE0FF68500310F4850410B8
:105C10000C500310F0B557464E464546DE46E0B5FB
:105C20008BB01700059201228D787C780635A94645
:105C30003D7817008026274080463F026406039087
:105C4000C8783D43A70E76000197C4010F78344011
:105C50003C43A2464C46024014190C19E7186B004D
:105C60009C46029444466444A34604950693002A45
:105C700008D106318308172800D91CE3C34A9B00CA
:105C8000D3589F464B46CA5CC14B5501ED18022ABA
:105C900000D92AE3800800D16CE0022800D02AE372
:105CA0005346581021003A000F263C18002800D116
:105CB000CEE2370013781F401E4202D07F007F5B88
:105CC0000F801B0902D05B005B5B4B80013204310B
:105CD0009442EED1800058445346DB0700D578E06B
:105CE000019B002B32D01900059B5A789B78D20972
:105CF0005B001343143B5A4253415246D31A594353
:105D00009A46002922DD4B1E082B28D9049B039AB2
:105D100053445B00D0185A46024392071FD1069A9B
:105D200002329A421BD000235E464D08AD00F25865
:105D3000C25004339D42FAD101220B0093430A4220
:105D400004D05A00925B53445B009A53029BE01AC2
:105D50000BB0F0BCBB46B246A946A046F0BD5B46C0
:105D600052464900520059181888985202338B4203
:105D7000FAD1EBE7874B1B688B4200D1E9E1534630
:105D80005910230022009B0700D03BE23B000F206C
:105D90007C18002900D185E2197801330E097600BC
:105DA0000140765B49004F5B3104394302C29C429B
:105DB000F2D15346DB0700D492E70F232278013457
:105DC00013405B005A5B5946734B53445B005A5275
:105DD00086E70F221100237819401A4202D04900A9
:105DE0004B5B038001347BE753465B005B44994681
:105DF0000F232000984653463C0000930300674E53
:105E00002278FF2A00D11FE2607852009B180234EA
:105E1000012823DD1A0001259C46A2462300040028
:105E200008002900150047461A7802311740C75D5F
:105E300012097F00F75B01332F80825C5200B25A57
:105E40006A8004358C42EEDC010020005446634633
:105E5000821E52080132A41892009B1801220242AD
:105E600008D040462278013402408A5C5200B25A7F
:105E70001A8002334B4500D931E2C1D1009B9A46CA
:105E80002EE73B78454E5B00F35A23807B785B001E
:105E9000F05A5346022B41DD069A0123941C039AC3
:105EA000013594466444620813405246D11E023ABA
:105EB000052900D8FBE1002B00D1BCE102218C4672
:105EC00020800399D21A88465B195B00510843442D
:105ED00089000404C918044310C38B42FCD1012378
:105EE00013421BD09A43624459465300C85251464C
:105EF000541C01398C4211DA5B44941C58808C424A
:105F00000CDAD41C9880A14208DD141DD880A1426F
:105F100004DD05321881914200DD5881BB78FC1CFC
:105F20005B00F25A4FE753463C00DC4658101DD048
:105F300082005A4484463D005B460F24B846100058
:105F4000164E22002F7801353A408A5C3F095200F4
:105F5000B25A1A80CA5D5200B25A5A80043398422B
:105F6000EFD10300474660469C463C185346DB078A
:105F700000D4B5E60F23227801341340CB5C074AE6
:105F80005B009B5A62461380AAE6C046B4850410A3
:105F90000402042030180320FFFFFF7F8405032044
:105FA00053465B001A0003232500994653465A4482
:105FB00007933F263B0092462F00D24C1A78FF2AC7
:105FC00000D13BE15200BF185A78023394469846FC
:105FD000032A00DC14E140463A0003250097477885
:105FE00083783F021B043B43077804353B4337006B
:105FF0001F40CF5D03307F00E75B17809F0937406C
:10600000CF5D7F00E75B57801F0B3740CF5D9B0C58
:106010007F00E75B9780CB5C5B00E35AD38008325C
:10602000AC45DCDC63461A1F920801325300009F26
:106030009B18D2004344BF1862464846654610404C
:106040004A462A4221D032001D782A408A5C5200FA
:10605000A25A3A80012800D1CCE05A78AD099200CA
:106060002A43350015404D5D6D00655B7D8002283B
:1060700000D1C2E090099A78033312010243324002
:106080008A5C5200A25ABA800637574500D919E1F6
:1060900094D1079A1C00924622E653465B102500D5
:1060A0009C463A00FC18002B00D1FDE00F269548D5
:1060B000370013781F401E4203D0CF5D7F003F5A48
:1060C0002F801B0903D0CB5C5B00C35A6B8001326D
:1060D00004359442ECD16346980058445346DB079C
:1060E00000D4FDE50F22150023781D401A4200D18F
:1060F00078E64B5D834A5B009B5A01340380EFE5F1
:10610000534658005844050008007E4E3B78FF2B4C
:1061100000D197E079785B00E4180237002912D0AB
:10612000AC46002305000800FA5CAA5C5200B15A94
:106130005A000133A1529842F6DC0100280065465E
:106140007F1849006418A54200D2C2E0DED13C00AD
:10615000C6E56D4B99461B68BB4200D17BE000232E
:1061600098466A4B00940793A02600237605B361F6
:1061700098330B205B051B68F369FFF7F9FB0B20D5
:10618000FFF7F6FC0021099009A8FFF79BFB09A87F
:106190000121FFF7A3FB09A82521FFF723FD00221A
:1061A0000B205B49FFF7B8FB3C0000220B2009A93C
:1061B000FFF7A0FB29234A46A03414607461B36141
:1061C00029220B200799FFF7CBFB43469F2B00DDCD
:1061D00086E50F21009A47443B78013718094000B3
:1061E0000B40405B5B005E5B0304334308C2BC4270
:1061F000F2D175E50133023747E70233043744E74C
:10620000434619E700294DD08C005C448C460F268C
:1062100021003C0030002378013418404000405BEE
:106220001B0910805B005B5B538004328A42F1D112
:1062300061467C18BDE501218C4642E6079A5C1C4C
:1062400092464DE57C1C4BE5009B01349A4647E5A0
:106250003C00584640E5A023B626DB05B60098462C
:106260002C4A9B59934224D90F2321009C46009726
:10627000674608001478013223095B003C405B5BF1
:106280006400645B1B042343036043469B59043151
:106290009A42EDD3009F00911C4B033A0793D31A07
:1062A000984661E73C0084E53C00584616E7012229
:1062B0001AE60094F0E7CE21174B184A18488900D7
:1062C00003F0D8F8C721174B144A1548890003F08A
:1062D000D1F8124A1248134B134903F0CBF80F4A76
:1062E0000F48104B114903F0C5F80C4A0C48104BED
:1062F000104903F0BFF8094A0948074B0E4903F05B
:10630000B9F8C04684050320F02F01206001042065
:106310000000405063010420CC490310288604107B
:106320007C510310CC4A03102B030000DB02000059
:10633000B85103103E03000095030000A02210B5E1
:106340000021920005F0F0FB10BDC04670B50A1E9A
:1063500000D170BDD0252D0620236B610124213B87
:106360009C40AC61010002482DF0BEFF6C61F0E77B
:1063700000C0034030B583B06B46D91D0870D025EE
:106380002D062023AB610124213B9C40AC610122FE
:1063900002482DF0A9FF6C6103B030BD00C003407E
:1063A00030B583B0052002F065FE030000900022A6
:1063B0000021062002F05AFD0521052002F060FEB2
:1063C000D0252D0620236B6201200521404202F0DA
:1063D00057FE012401235B429C406C620121022094
:1063E00002F04EFE0121032002F04AFE6C61154DC1
:1063F000154C2900200008F091FE2900200008F02B
:106400002BFE062002F036FE052002F033FE0F4878
:1064100005F0FEFC0E4C072323600E48072105F013
:1064200027FD2068FFF7A4FB0B4C20600C2398434A
:1064300020600A4805F0ECFC10212000FFF7D2FB99
:1064400003B030BD006CDC0200C00340D451031027
:106450003C3D0120005203106831012034520310EA
:1064600010B50D4808F018FB0C491E2002F002FA86
:1064700001211E2002F0E4F9094808F0E1F80120AA
:1064800008F044FB1E2002F0E3F906482DF0CCFE94
:106490002AF076FFFCE7C04698860410E56C0010F1
:1064A00031060020F83B0120F0B5C64600B586B0A5
:1064B00005000F0090461E0002AC19002000FFF7F7
:1064C000EDF900230093230032004146380008F024
:1064D000E9FA2B0007CC07C322681A60280006B02F
:1064E00080BCB846F0BDC046EF2110B5024A034853
:1064F000034B490002F0BEFF708604107C5103106C
:1065000064520310F0B5C6464F4B04001E6800B538
:10651000002E00D192E00723B046CA1713405B1843
:106520004A4ADB1015689A00D31847685B01984403
:10653000AF4200D36CE0464A1368002B00D173E0F1
:106540005368002B00D171E09368002B00D16FE0FD
:10655000D3680320002B38D1C3001B1880001750CC
:10656000DA009B181B01EB18636007270F407F00C0
:106570003A00414620002DF07FFEA1200021442258
:106580006368C00019509888266958803148FF32E6
:10659000988031481980195000232281002E34D070
:1065A000423AFF3A227570683375854236D9284AD7
:1065B0001368002B0BD05368002B3BD09368002B43
:1065C0003AD0D3680321002B02D0FFF78DFF0021C2
:1065D000CB005B1889005050DA009B181B01ED18A6
:1065E0007560414630007A1C2DF046FEA120002146
:1065F00044227368C00019509888164C5880164879
:10660000FF3219809C801950328180BCB846F0BDA1
:10661000A2235B01EB189F42A7D38CE7A2235B0167
:10662000EB189842DDD3C2E7002095E7012093E7FD
:10663000022091E70121CBE70221C9E7074A084878
:10664000084B094902F016FF8C1A0320841A032014
:10665000D40D03207D02000004050000D88504103D
:106660007C5103108C5203105A0200007047C04640
:106670007047C046014B18707047C046D4230020B5
:10668000F0B5DE4657464E464546E0B5064B83B06C
:106690001C780093022C09D803B0F0BCBB46B2466C
:1066A000A946A046F0BDC046632F0320D74B9822D1
:1066B0001D68D74B0021EE18300005F035FAFA239B
:1066C000DB00C8220021E81805F02EFAD423982216
:1066D000DB0000215200E81805F026FACD4B1A78AD
:1066E0009B46D3009B185B009B185B01E133FF3393
:1066F000E9184A78EB5C12021A43013A002A10DDCD
:106700009300CB18DB78C72B00D95DE2FA20C000DC
:106710008446EB1863441878B0541A70013A002A82
:10672000EED10020BC4D2856431C00D164E1BB4C87
:106730002668002E00D1E6E1B94B1B78002B00D172
:10674000A5E1002800D1A2E1082800DC13E20C2812
:1067500000DD30E245239A4675339C461D33994649
:106760000838440380233100AE4E9B00F7185B4687
:106770003000A846B346019362464B788E78D21A11
:1067800062431214D21853469B1B63431B149B197C
:10679000D210DB109201DB0213434A460D7803311D
:1067A000521B624312145219D21013430380023059
:1067B0008742E1D1019B5E4645469B46FF232B70F5
:1067C000994B1B68DB789B0800D016E2974B0121A0
:1067D0001B6898464246964B99461B785B00985E2C
:1067E000FFF726F88378102B00D900E20124C37844
:1067F0001C4200D1F5E1037B8E4D5B00F25A837998
:1068000001215B00F35A2B80C3795B00F35A6B8044
:10681000037A5B00F35AAB80437A5B00F35AEB8058
:10682000837A5B00F35A2B81C37AAA815B00F35A07
:1068300042466B81437B5B00F35AEB81837B5B00B9
:10684000F35A2B82C37B5B00F35A6B82037C5B00A1
:10685000F35AAB82437C5B00F35AEB82837C5B0090
:10686000F35A2B83C37C5B00F35A6B83037D5B007D
:10687000F35AAB83437D5B00F35AEB834B465B7863
:106880005B00985EFEF7D4FF8378102B00D9AEE151
:10689000C3781C4200D1A4E1837901215B00F35A43
:1068A0002B84C3795B00F35A6B84037A5B00F35A41
:1068B000AB84437A5B00F35AEB84837A5B00F35A30
:1068C0002B85C37A5B00F35A6B85037B5B00F35A1D
:1068D000AB85437B5B00F35AEB85837B5B00F35A0C
:1068E0002B86C37B5B00F35A6B86037C5B00F35AF9
:1068F000AB86427C4B465200B25A9B78EA86827C39
:106900005B005200B25A2A87C27C5200B25A6A8790
:10691000027D5200B25AAA87427D5200B25AEA87DB
:106920004246985EFEF784FF8378102B00D95EE123
:10693000C3781C4200D154E1422398464022474686
:1069400002339C46837946245B00F35A4821AB52BC
:10695000C3790A325B00F35AEB534C2367469846DF
:10696000037A5B00F35AEB534E2347469C46437A27
:106970005B00F35A2B53837A0A345B00F35A6B5251
:10698000C37A0A315B00F35AAB52037B0A325B00D5
:10699000F35AEB53562367469946437B5B00F35A01
:1069A000EB5358239846837B4F465B00F35A2B5397
:1069B0005A239C46C37B5B00F35A6B52037C0A311B
:1069C0005B00F35AAB52009B0A321C78437C5B009D
:1069D000F35AEB534746837C5B00F35AEB5367460D
:1069E000C37C5B00F35AEB53037D5B00F35A6B529D
:1069F000437D5B00F35AAB52052C00D04CE60E48A9
:106A00000378C82B00D947E618E0C04618240320B5
:106A100098080000622F0320D4230020440B032099
:106A20004B2F03208405032030180320442B032020
:106A3000247C041004020420E62F03205B461B780C
:106A40000025C822704C002B73D1A02673009846F5
:106A500084466E4912E00F2800DD97E0431C5B106E
:106A60009BB21B189BB23B80D8B20F6878559A42F4
:106A700000DD1A000135454500D195E023686F001F
:106A8000D85FDF190028E6DA00200023EDE70022B6
:106A90005F4B9A5643001B181B02F318002A14D1AF
:106AA0005C4E802230009200B4185A7899781F7892
:106AB000D210C9109201C9020A43FF103A43028062
:106AC000023003338442F0D178E65348013A12028F
:106AD000504E801880223100AC469200B4185F7886
:106AE0009A781D78C75D825C455DD210FF10BF01AA
:106AF000D2023A43EF103A430A80023103338C4208
:106B0000EDD165465AE64548FBF756FE01210600E1
:106B1000FEF78EFE20603000FBF756FE404B2668E5
:106B2000C3185A42534100203E4ADBB21370285624
:106B300004E6A0277B0098468446344910E00F28DD
:106B40002BDC831C5B109BB21B189BB23380D8B22A
:106B50000E6870559A4200DD1A000135454523D074
:106B600026686B00F05EF6180028E8DA0130308005
:106B700000230020ECE70921000403F089FE002334
:106B80009A469C46FF3304009946EBE50423C4284B
:106B900000DC66E7C820C82367E7C42802DDC820F8
:106BA000C823D5E70423CFE760460378934211DC7E
:106BB000D2B2027070E580235B009C4680240023E3
:106BC000A4019A469946CDE5174A1848184B194929
:106BD00002F050FC8021184B134A1448C90002F0FF
:106BE00049FC114A1148154B154902F043FC0E4A65
:106BF0000E48144B144902F03DFC0B4A0B48134B52
:106C0000134902F037FCC046542B0320502B0320BD
:106C1000DE2F032084050320D0C70310D8520310B1
:106C200000FDFFFF4B2F0320448604107C5103100E
:106C300098520310AD03000020530310504A031074
:106C4000E203000000530310E1030000E0520310D0
:106C5000DE030000F0B583B005000C0017001E0035
:106C6000022001F0C9FC1B4B1B88AB4203D11A4B1D
:106C70001B88BB4210D02A20FFF77CFB01A82B0AFF
:106C8000037045703B0A8370C7700421FFF75EFBF9
:106C9000104B1D80104B1F80104B1B88A34203D14B
:106CA0000F4B1B88B34210D02B20FFF763FB01A8CA
:106CB000230A03704470330A8370C6700421FFF7FF
:106CC00045FB064B1C80064B1E802C20FFF752FB19
:106CD00003B0F0BD1A2F03201C2F03201E2F03200A
:106CE000202F0320F0B55746DE4645464E46E0B518
:106CF000AA4B002118789A4601384342584189B07E
:106D000001302DF019FBA64BA64D1B78A64F2B701A
:106D100000233B70002800D185E00795BB460500A5
:106D2000A24B05932C682000FEF7B4FD0300200061
:106D30001C00FEF7B1FD0022059B64B29A5602903A
:106D4000A2421AD01C702DF00FFB80208004FEF7A9
:106D50007DFD974B1868FEF71DFE4022DB231421B2
:106D60000020FF32FFF776FF01210520FEF772FDBC
:106D7000012000214042FEF76DFD53461B78012B98
:106D800000D1EAE08B4A68681268904206D3A221DB
:106D900049018C466244904200D2F8E0864A9B004A
:106DA0009B5802990430984753461B78022B4DD8C4
:106DB0003E24A120A2220021A3266B68FF349F88D5
:106DC000800092005F8019809C80195099502E811C
:106DD00028002DF059FA764BA0241E6801273000B8
:106DE000FEF7D8FD7548FEF7DFFD02006B68A400D2
:106DF000734909333000083201970094FEF79CFD77
:106E000053461B780021012B14D001202DF094FA59
:106E1000051E87D15F463B78079D002B03D02B785A
:106E2000002B00D09EE009B0F0BCBB46B246A9469C
:106E3000A046F0BD02202DF07FFA051E00D071E7BC
:106E40005F463B78079D002BE9D1ECE7029BC72BFF
:106E500000D996E0FA22D20094465A4B00211F68CE
:106E60000693029BFB1863441E78002E1BD0564AE3
:106E7000BB199446634430001E7802E083424BDA2B
:106E80001900514B7A18D3181B78002BF6D1814288
:106E900071D04D498C463918614462440B70010031
:106EA0001070002EE3D1494B47491A787E5CD3001D
:106EB0009B185B009B185B01E133FF330393002EAB
:106EC00000D175E700230493414BB8469946039BD4
:106ED000B4009C46644444446278A378D2095B00C1
:106EE00013434A4612685B00985E0121FEF7A0FC3E
:106EF0000100029AE3786868D31A4A789A4215DC4E
:106F0000314BBE199C46049B66443678FB1863449B
:106F10001E70002EDBD14BE781422CD08342B8D1CA
:106F20002C4A2D482D4B2E4902F0A4FAD4239B0065
:106F30002200F4186400E35B0430FEF76BFE224A83
:106F4000069B94461F68BB19385363441B78002B7B
:106F500000D12DE704961E00B9E728000299FFF73B
:106F6000D1FA35E71F492048FEF762FD1F49204846
:106F7000FEF75EFD57E7174A17481E4B1E4902F001
:106F800079FA144A14481D4B1D4902F073FA8921FD
:106F90001C4B104A1048C90002F06CFA632F032002
:106FA0007C2F0320952F03207D2F0320BA23002060
:106FB0003C3D0120841A0320BC23002000C0034074
:106FC000683101201824032098080000622F032054
:106FD000442B0320348604107C510310F853031013
:106FE000530400007CF00220800000D098F00220C2
:106FF000C00000D0EC53031052040000B85303103B
:107000004B0400003C53031030B583B0FFF7C8F9C0
:10701000642001F010FA0521062002F031F8D02496
:10702000240640256562A561642001F004FA6561CB
:10703000642001F000FA0120FFF79CF9C82001F05C
:10704000FAF93620FFF796F96B46D81D0023037036
:107050000121FFF77BF93A20FFF78CF96B46981D69
:10706000552303700121FFF771F95120FFF782F9D1
:107070006B46581DAA2303700121FFF767F92020F2
:10708000FFF778F91120FFF775F9C82001F0D3F95F
:107090002920FFF76FF9C82001F0CDF90521042060
:1070A00001F0EEFF1023636263614022DF33FF32A1
:1070B00000210020FFF7CEFD03B030BD10B582B037
:1070C000104B1A689301A021C9058C4663441B69C3
:1070D000DB01F7D44022EF23FF3200210020FFF72D
:1070E000B9FD01AB00221A80002404E0022101A8AE
:1070F000FFF72CF9013496235B029C42F6DB02B0C9
:1071000010BDC0463C3D01200A4B10B51868FEF783
:1071100041FC4022DB23FF3214210020FFF79AFDBF
:1071200001210520FEF796FB012000214042FEF7D9
:1071300091FB10BD3C3D012010B5192001F0D2FF9C
:10714000D0231B06802292045A625A61FFF75CFF2B
:10715000FFF7B4FFFFF7D8FF174B1A6888235B00CF
:10716000D35E9B00154A1268D3581B021B0A144AAF
:107170001268D318134A136013480222002101F049
:1071800061FC12480222012101F05CFC104C01223A
:107190000021200001F056FC27F006FA07F09CF9C8
:1071A0000C4807F00DFA20002DF086F80A4B01225A
:1071B0001A700A4B1A7010BD442B032040F90220AC
:1071C0009023002030180320880B0320403D01202D
:1071D000F83B012061640010602F03207A2F032008
:1071E0007047C04610B5054B1B78002B00D110BD71
:1071F000FCF72AFF08F0AEFAF9E7C0467A2F032021
:107200007047C046F0B5CE46474680B58BB0814644
:1072100009A827F0ADFF07000999364A91424DD9D8
:10722000354B98461860FA231B01C018334A10608A
:10723000FD235B01FC18324A1460324B9C466744C4
:10724000314B05930026069607966A462023D218EE
:10725000167080218025AD000295019400953B00B9
:1072600005AA4901F9F796FD4A4605920696079642
:107270006A462023D3181E70FA26F6004346186883
:107280000295019400953B0005AA3100F9F782FDB3
:1072900043461868B44660440295019400953B004B
:1072A00005AA3100F9F776FD43461D68FA2212015E
:1072B0002900200004F03EFC00230FE0134B144A89
:1072C0001448154902F0D6F85A00E15CA954FA2195
:1072D000C90059180132615CA9540133FA22D20065
:1072E0009342F1DB0D4B1D600BB0C0BCB946B046FC
:1072F000F0BDC046DF330000881A0320801A032047
:10730000841A0320A0210000F886041020540310E2
:10731000CC8504107C5103103C0600008C1A03201D
:107320007047C0467047C046F0B5070000250020F2
:1073300003E0181BA34215D10135954212D27B5DA3
:10734000002B0FD01C00413CE4B2192C01D8203393
:10735000DBB24C5D2600413EF6B2192EE9D820344E
:10736000E4B2E6E7F0BD70B504000D002CF02AFF92
:10737000020029002000FFF7D7FF70BD054B1B78E6
:10738000002B03D0072803D9002000E0002070471D
:107390000120FCE7C22F032070470000F0B5C6466D
:1073A00000B504000E0015001A4B1B78002B2ED0E0
:1073B00000282CDB07282ADCFE27BF1A4F437F2139
:1073C000380003F065FA804675437F21280003F0FA
:1073D0005FFA3B007E3306DBFE23DB019F4204DBCA
:1073E000FF23984601E0002398462B007E3305DBFF
:1073F000FE23DB019D4202DBFF2000E00020064B64
:10740000220111190901591845460D74487480BCB0
:10741000B846F0BDC22F0320AC32012070470000F7
:1074200010B50400FFF7AAFF002809D0054B220180
:10743000121912019B18987C431E9841C0B210BDCE
:107440000020FCE7AC32012070470000034B1B78A2
:10745000002B02D0014B00221A707047C22F03206C
:10746000034B1870034B01221A7001207047C0466D
:10747000DD2F0320C22F032010B5040008001100E7
:10748000E368002B07D0074A1278002A05D0064A85
:10749000FCF7AEFB10BD2300F5E70A001900FCF76E
:1074A0007FFBF7E7DD2F03206054031000B585B0A4
:1074B000092201A9FFF7E0FF01A8FBF77DF905B05C
:1074C00000BD0000F0B5DE4657464E464546E0B5E5
:1074D0001500032A00DC92E00B784A78120213436D
:1074E0001BB21C001B12421C934603708A78582A58
:1074F00000D98DE0CB78002B00D08CE0043D043126
:10750000EE17033333405B199B10DD00681C804687
:107510006FE0582580221202934204DA3F4A9342D8
:1075200002DA3E4B00E03E4B1A127E00584682556E
:107530003C4A6C00A25A9146D4100A78D00603D572
:107540004846801082465444900603D54846401071
:1075500082465444500600D54C4450B200280DDBFE
:107560001C19120907231A402F4B9200D2585219A6
:10757000582A05DC002A04DA002202E06442EFE720
:10758000582280231B029C4204DA244B9C4202DADC
:10759000224C00E0224C231201365846835501311B
:1075A0000137032F21DC1F4B5500ED5AEB100E78ED
:1075B000F00702D5A81081464B44B00702D56810E9
:1075C00081464B44700700D55B19350700D55B42F7
:1075D000E31807253540144CAD002D59AD18582D32
:1075E00097DC002D96DA002594E708239946CB44D2
:1075F0006346581E8446002B03D00027D1E70023A2
:1076000098464046F0BCBB46B246A946A046F0BDEF
:1076100000239846F5E700239846F2E70080FFFF35
:10762000FF7F0000088F0410E88E041070B504007E
:1076300001684568A94212D06D1A802D00DD8025B1
:10764000200014302A00FFF73DFFC0B2A0740138BB
:10765000C0B2F82806D823685B19236070BD0023E8
:107660008374FBE7024B034A0348F82101F002FF51
:1076700068540310C08E0410C454031070B5060083
:107680000800140023F084FE0023C55E2800FBF7E9
:107690009BF8AD00224B1B685B591B021B0A21495A
:1076A0000968CB18072834DD1978032933D15978B4
:1076B000802932D10200083A190008313160891856
:1076C0007160DD782D029B781D437F2C1BD0280034
:1076D0006043010C0004144A6243D31703F03EF9DF
:1076E000F0603000FFF7A2FF0023B360C920000262
:1076F0006843C92169430D4B9C46614403F0F0F88F
:10770000F074012006E02804074903F0E9F8F0606E
:10771000E7E7002070BD0020FCE70020FAE7C04644
:1077200040F902209023002034C20000008D300078
:10773000F8B5CE46474680B507000C0090469946FE
:107740000800FFF71BFE002822D0134D2601361932
:107750003601A81900238374089A3900FFF78EFFB9
:10776000002804D10C4B9B199B7C002B09D14A4665
:1077700041462000FFF712FE2000C0BCB946B046CB
:10778000F8BD064B064A68210648FF3101F072FE3B
:1077900001204042F1E7C046AC32012004550310FD
:1077A000D48E0410C4540310024B1878431E984121
:1077B000C0B27047C22F0320014B18607047C0460B
:1077C000D4040320002808D00222064B1A70002897
:1077D00005D00822044B1A8070470122F5E7034ABE
:1077E000F8E7C046682F0320EC2E0320F8FF0000C6
:1077F000F0B5D6464F464646C0B505000C000520FC
:1078000001F038FC060060088019210003F068F8D8
:1078100007004300994681440521484603F060F87B
:1078200080463B1A9A46284B9C4224D87000801907
:10783000264903F055F8441C4346023BA34221D39A
:107840002B680022DA6629680B6804325340023242
:107850001A4080235B010B431A602B685246DA61A1
:107860002B6842461A624B464F2B11D9502148468D
:1078700003F036F80DE070008019154903F030F878
:10788000441CD9E7134B144A14485D2101F0F2FD62
:1078900001202A68A023D0502B681A007C32DB6FAD
:1078A0005C402404240C80235B0113431C602B6880
:1078B0000122DA663900300003F012F8E0BCBA4663
:1078C000B146A846F0BDC0463F420F0080969800E2
:1078D00040787D01BC550310D88F0410DC5503108F
:1078E00010B5114B98421DD01022104B1A60104B4E
:1078F0001A60104B9B6814009C43231EF9D104713D
:107900000268D46602686624FF3414600268D36398
:107910000268936302688833633CFF3CD450FFF7EE
:1079200067FF10BD0822E0E71024002000E00040BF
:1079300000F0004000C0004010B503680024DC6681
:10794000002910D00468216880239B004B400B491C
:107950000B408021490121430B6003689A60036852
:107960000122DA6610BD01680B6841225340034AC8
:107970001340802252010A431360F0E741020000E5
:10798000034B1B6802201840431E9841C0B2704749
:1079900000C00640EFF3108072B6034B1B68002B4B
:1079A000FBD0BFF35F8F70472C0100D0BFF35F8F18
:1079B000024B00221A6080F3108870472C0100D01F
:1079C000F8B506000C001500FFF7E4FFE308F71810
:1079D000F15C07222240012393400B4205D1DBB228
:1079E0000B433B70FFF7E2FFF8BD2100280001F0D8
:1079F000D9FDF0B583B00600019114001F00FFF718
:107A0000C9FF00E00134BC420CD8E308F518F35C70
:107A10000721214001228A401A42F3D1D2B21A43EF
:107A20002A7001E001246442FFF7C0FF002C02DB52
:107A3000200003B0F0BD019B002BF9D0089801F0A5
:107A4000B1FD0000002307E0054A9A189200BFF339
:107A50005F8F0021116001331F2BF5D97047C0469D
:107A60004000003410B51F2808D8074B9C466044DE
:107A70008000BFF35F8F0023036010BD034B044AF7
:107A80000448192101F0F6FC40000034245603108C
:107A9000EC8F041040560310054A1078431CDBB2EB
:107AA0001370172B02D9130010221A707047C046AA
:107AB0001824002010B582B00100054C054B00933E
:107AC0001F2318222000FFF794FF02B010BDC0460C
:107AD0003C3B01208C560310084B5B6A994209D845
:107AE000064A926A824207D2994201D0012002E0FE
:107AF000002000E0002070470120FCE70040054026
:107B000010B500290AD003681B7B8B4206D380681E
:107B1000054B9C4661440901401810BD034B044AC3
:107B200004483C2101F0A6FCFFFFFF0FA8560310FC
:107B3000CC900410CC560310F8B504001700FFF7E2
:107B4000DFFF0668456839002000FFF7D9FF0268AB
:107B500043680120AB4201D802D00020C0B2F8BD7A
:107B6000B242FBD8F9E7000010B5002B02DB02603F
:107B7000436010BD024B034A03483F2101F07AFCE9
:107B8000D850031098900410F450031010B582B030
:107B900004000498059912184B41002B09DB684634
:107BA000FFF7E2FF009A019B22606360200002B0B1
:107BB00010BD01225242014BF1E7C046FFFFFF7F9B
:107BC00010B5002908D0037B8B4205D300684B0019
:107BD0005B18033BC01810BD024B034A03486821E1
:107BE00001F048FC10570310749004102C57031038
:107BF00010B5437B8B4201D1012010BDFFF7E0FFA0
:107C00008378002B01D10020F7E70120F5E770B55C
:107C10000400857B002D01D1280070BD2900FFF7ED
:107C2000CFFF4378A373002B00D1E373002383704D
:107C300043700370F0E70000F8B506000C00150073
:107C4000FFF7BEFF0700002C0DD0002D11D0AC4275
:107C500015D029003000FFF7B3FF84703B78002B6C
:107C600013D13D70F8BD0A4B0A4A0B486F2101F051
:107C700001FC0A4B074A0848702101F0FBFB084B46
:107C8000044A0548712101F0F5FB43703D70E9E7B6
:107C900084570310509004102C5703109057031072
:107CA0009C57031070B506000D001400002914D075
:107CB000002A14D0436880689847002806D0220024
:107CC00029003000FFF7B8FF280007E02A00210054
:107CD0003000FFF7B1FF200000E0100070BD080089
:107CE000FCE7000070B504000D1E0CD0FFF768FF24
:107CF0000023837043700370617B2A002000FFF72C
:107D0000D1FF607370BD034B034A0448A52101F005
:107D1000B1FBC046B4570310649004102C570310F5
:107D200070B504000D1E0FD0FFF762FF00280BD1C5
:107D3000E17B00290ED1A37B002B03D1E37B002B39
:107D40000DD1A573E57370BD084B094A0948F621AA
:107D500001F090FB2000FFF733FF4570EBE7064B87
:107D6000034A0448FB2101F085FBC046B8570310C5
:107D7000409004102C570310DC57031010B5002955
:107D800007D003681B7B8B4203D3C06801394018BE
:107D900010BD034B034A0448412101F06BFBC04670
:107DA000A85603102C900410CC56031070B5050093
:107DB0000C00080000F0F4FC0949200000F034FC3D
:107DC000FFF76AFE074B9C466044800068602C7594
:107DD000D0231B061B786B75034BA400E55070BDC8
:107DE000F97E001040000034580B03200A4B1A683B
:107DF000EFF3108172B61368002BFCD0BFF35F8FD6
:107E0000054B1B68BFF35F8F00221A6081F3108857
:107E100040BF002000217047D014032010B582B06D
:107E2000040000F099FB02000B006846FFF79CFE7F
:107E3000009A019B22606360200002B010BD70B503
:107E400084B0040016001D0002A8FFF7E7FF029AA5
:107E5000039B009601952000FFF798FE200004B0D8
:107E600070BD0000F0B583B0070001921D000AABA1
:107E70001C780BAB1E78002C0BD000682100FFF79C
:107E8000B7FE002809D0194B194A1A48672101F09A
:107E9000F1FA0068FFF7BBFE0400002C02D12000BD
:107EA00003B0F0BD21003800FFF72AFE019B0360FC
:107EB0004560089B8360099BC36038682100FFF719
:107EC00011FFA042EBD1387D019A2B0000F0F4FBAA
:107ED000051E01D0002E04D00C9B002BDFD01D709E
:107EE000DDE73868210000F071FFF5E7F057031077
:107EF00080900410CC560310F0B5DE4657464E462F
:107F00004546E0B58FB00B900021794B8200D458E4
:107F1000894683E029002000FFF7F2FD80460268D1
:107F20004368921BBB41002B09DD43461A685B681E
:107F30000B9800F0C1FB0023984600268AE0002B36
:107F400001D1002AF1D10021584600F035FF070089
:107F5000A84215D143461A685B68089209934346C4
:107F60009E68DB689846002E10D029002000FFF79D
:107F700005FF037899461B021F432761002069E033
:107F80005C4B5D4A5D488E2101F074FA5C4B5A4AA5
:107F90005A48922101F06EFA2369002B00D177E054
:107FA000BB4219D106980799002342428B410092A7
:107FB0000193089A099B0CA8FFF7E8FD0C9A0D9B0A
:107FC00000210491013103910295414601910096EF
:107FD0002000FFF747FF16E04A4B474A4748A121D8
:107FE00001F048FA069A079B002B01D1002A52D1D2
:107FF00020682900FFF794FE29002000FFF7BEFE4D
:10800000037801330370002323616268BFF35F8F3D
:1080100013608AF310880120002861D00CA8FFF7B4
:10802000FDFE0C9E0D9F00220023089209936268BA
:10803000EFF3108A72B61368002BFCD0BFF35F8F8A
:1080400023689B465D7B002D00D063E700239846A4
:10805000002600206368BFF35F8F00221A608AF356
:108060001088002ED8D04B461F022F4341463800BF
:10807000B047069007916268EFF3108A72B61368F2
:10808000002BFCD0BFF35F8F079B002B00DA83E748
:10809000079B002BA6DD2369002BA9D0BB4219D179
:1080A0000CA8FFF7BBFE0C9A0D9B06980799009051
:1080B00001910CA8FFF76AFD0C9A0D9B0021049119
:1080C0000131039102954146019100962000FFF78E
:1080D000C9FE98E70B4B084A0848A42101F0CAF9E9
:1080E0000FB0F0BCBB46B246A946A046F0BDC046A4
:1080F000580B032018580310B0900410CC560310EE
:10810000305803103C58031010B50C4B5B68002B23
:1081100004D00B480A2100F0A5FC10BD074C094A09
:1081200020682300102100F0B2FD032000F008FABF
:1081300003212000FFF73AFEEBE7C0461C24002095
:10814000D0140320397B001010B5064B5B68002B60
:1081500001D0044810BD044B044A05485E2101F0DB
:1081600089F9C0461C24002078580310149004108C
:10817000CC560310F0B5DE4657464E464546E0B5B0
:108180008DB0060090461F00169B9A46179B994695
:1081900018AB1B780793272302AA94466344002256
:1081A0001A7021E001003000FFF7E8FD00783CE0A4
:1081B0000698002B5CD0079B002B59D04946D0472E
:1081C00004000D0003000B4359D0002940DB08A830
:1081D000FFF724FE089A099B0094019508A8FFF771
:1081E000D5FC089B9846099F7268EFF3108B72B616
:1081F000136859424B41D9B20691002BF8D1BFF315
:108200005F8F273302AA94466344049300230393A9
:1082100002934B4601935346009342463B00300085
:10822000FFF720FE0400051EBCD17368BFF35F8F0B
:10823000002119608BF31088002D17D0272302AA84
:10824000944663441B78002BB2D100022043B0E770
:1082500000236242AB410092019342463B0008A8D2
:10826000FFF794FC089B9846099FBDE70120404218
:108270000DB0F0BCBB46B246A946A046F0BD06987C
:10828000F6E7F0B5C64600B584B00500884616008E
:108290001F000AAB1C78FFF757FF02940197009666
:1082A0002A004346FFF766FF04B080BCB846F0BD25
:1082B000F0B5C64600B505000C1E42D04268EFF38B
:1082C000108772B61368002BFCD0BFF35F8FE6B245
:1082D0002B68984631001800FFF78AFC00282AD046
:1082E0002B69A34213D0240AE4B231002800FFF71F
:1082F00045FD0378A34211D000206B68BFF35F8F68
:1083000000221A6087F3108880BCB846F0BD0E4B7F
:108310000E4A2C210E48FF3101F0ACF831004046E6
:1083200000F054FD0028E8D10A4B084A992108487A
:10833000490001F09FF82B69A342DED100232B6195
:10834000DBE70020E0E7C0469C580310FC8F0410D8
:10835000CC560310C058031010B50400FFF7F4FE0C
:108360002100FFF7A5FF10BD407D704730B587B0F5
:1083700004000D00EFF30583002B20D106225242AA
:10838000D31712196B418B4202D803D1824201D913
:108390000022002304A8FFF7E7FB02A8FFF73EFD39
:1083A00002980399049A059B121A8B41002B0BDC4F
:1083B00008D02000290000F0DBF807B030BD1448D9
:1083C00001F0F0F8002AF4D0124A0498059900232D
:1083D0000093FFF756FF002813DAEAE70E4B1A68FE
:1083E000EFF3108172B61368002BFCD0BFF35F8FE0
:1083F000094B1B68BFF35F8F00221A6081F310885E
:1084000020BF04980599FFF767FB0028E6D0D0E766
:10841000C4580310ED7D0010D014032000B583B0C4
:1084200002000B006846FFF70AFD00980199FFF76C
:108430009DFF03B000BD10B5FA2292000023002179
:1084400003F000FAFFF7EAFF10BD000030B583B07B
:1084500005000C00EFF30583002B0FD10B4A00231E
:108460000093FFF70EFF00280BDD20BFFFF774FF1E
:1084700028002100FFF730FB03B030BDFFF72CFBD5
:10848000FAE728002100FFF727FBF5E7ED7D001054
:1084900010B5002B02DB0260436010BD024B034AA3
:1084A00003483F2100F0E6FFD8500310F490041079
:1084B000F450031070B5EFF305801038EFF3108C13
:1084C00072B6194B1B68002BFBD0BFF35F8F0122E4
:1084D0001300834015494B6315490B601549097812
:1084E0000C00C440224213D0104A546A124A85003C
:1084F000AA58944205D3114AAA580E4C99432170A8
:1085000007E00A4A031D9B0099589950002200E099
:108510000022BFF35F8F044B002119608CF3108899
:10852000002A00D0904770BD280100D000400540CF
:108530003C700540DB2F0320141A0320F42C01208B
:1085400010B50100024A034B1800FFF739FA10BDBD
:1085500014590310502F0320044B5B6A034A906A9E
:108560001900536A9942F9D17047C046004005404E
:10857000084B5B6A01E0074B5B6A8B42FBD301E06F
:10858000044B5B6A8B4203D1024B9B6A8342F7D355
:108590007047C04600400540F0B583B004000D00B0
:1085A000FFF7DAFF06000F0022002B0092197B4133
:1085B000994202D804D1904202D901225242D317E3
:1085C0006846FFF765FF00980199FFF7D1FF03B0F8
:1085D000F0BD000010B5002807DB064B9A6A054B7A
:1085E0009B6A9B1A8342FAD310BD0021FFF7D4FF88
:1085F000FAE7C0460040054010B50A4B984207D83C
:1086000043011B1A9B001818C000FFF7E3FF10BDC1
:10861000FA2292000023002103F014F9FFF7BCFFB7
:10862000F5E7C0469BC4200070B504000E00EFF3D0
:10863000108572B61B4B1B68002BFBD0BFF35F8FFE
:10864000002E1CD0200000F00DF9174B83420BD0F8
:108650001900200000F00EF90121200000F0F0F8D0
:108660000123A340114A1360114BA400E650BFF34D
:108670005F8F0C4B00221A6085F3108870BD0C4B85
:10868000A2000021D1500122A2400A490B78934355
:108690000B700549200000F01BF90021200000F0BC
:1086A000CFF8E4E7280100D0B58400103860054019
:1086B000F42C0120DB2F0320F0B5DE4600B584B09A
:1086C0000400150001921E000293FFF745FF039579
:1086D0008E4202D84ED185424CD9EFF3108B72B640
:1086E000274B1B68002BFBD0BFF35F8F254A177801
:1086F0000125A540EBB23B431370234B5D63221D64
:1087000092000199D150214AA100029888501B6A19
:108710002B4212D11C4B1B6C2B4208D00020BFF304
:108720005F8F174B00221A608BF3108823E0184BE1
:10873000184A1948C52100F09DFEFFF70DFF8E4233
:1087400014D802D1039B834210D80E4B1B78BB4236
:108750000ED00D4B1D625D631F222240012393400A
:108760000E4A1360074B1F700120D8E70020D6E7A0
:108770000120D4E7012004B080BCBB46F0BDC04658
:10878000280100D0DB2F032000400540141A0320ED
:1087900038590310D89004105C59031080E200E0AF
:1087A000EFF3108C72B60B4B1B68002BFBD0BFF3A2
:1087B0005F8F01238340084A136208490A789A436D
:1087C0000A70BFF35F8F034B00221A608CF310888E
:1087D0007047C046280100D000400540DB2F032031
:1087E000074B9B68103080001950BFF35F8FBFF3B9
:1087F0005F8F044B0021196082F310887047C046D8
:1088000000ED00E0240100D001238340034A1068FA
:108810001840431E9841C0B27047C04600E100E0D6
:10882000002904D0034B1860034B18607047034BBA
:108830001860FBE780E200E000E100E080E100E09A
:1088400010B5012383401800FFF7EAFF10BD0000B8
:1088500001238340014A13607047C04600E200E0F4
:1088600000207047024B9B6810308000C058704752
:1088700000ED00E070B504000D00EFF3108672B655
:108880000C4B1B68002BFBD0BFF35F8F2000FFF762
:10889000E9FF094B984201D0A84205D132002900D6
:1088A0002000FFF79DFF70BD044B054A0548862157
:1088B00000F0E0FD240100D0CD010010A859031004
:1088C00020910410E059031010B5FFF7D3FF10BD3D
:1088D00010B5EFF3108272B60D4B1B68002BFBD066
:1088E000BFF35F8F0B4B9C68030010339B00E35872
:1088F000094CA34201D08B4203D10749FFF770FF17
:1089000010BD064B064AB7210648490000F0B2FDEB
:10891000240100D000ED00E0CD010010CC4903108F
:108920000C910410E059031010B5032304009C437C
:10893000064A9446644422681840C000FC338340D1
:108940009A43130081400B43236010BD00E400E014
:108950000022044B02E0044902C30132072AFAD97B
:108960007047C04600E400E08080808010B582B08F
:108970000100074C074B0093052300222000FFF75E
:1089800038F8002801DB1F23181A02B010BDC046BA
:10899000DF2F0320285A031010B5002B02DB0260E2
:1089A000436010BD024B034A03483F2100F062FDC3
:1089B000D85003103C910410F450031010B582B04D
:1089C0000400FFF7C9FD02000B006846FFF7E4FF53
:1089D000009A019B22606360200002B010BD00007D
:1089E00070B582B0060014001D00FA229200002328
:1089F0000698002102F026FF02000B0012196B41BD
:108A0000002B09DB6846FFF7C7FF009A019B326025
:108A10007360300002B070BD01225242004BF1E79A
:108A2000FFFFFF7F30B585B004000D0002A8FFF7FF
:108A3000C5FF029A039B00952000FFF7D1FF20009D
:108A400005B030BD70B504000E001500FFF724F826
:108A50000100200000F006F8A680E580BFF35F8FDC
:108A600070BD0000024B9C46614489000160704764
:108A70004000003410B5002B02DB0260436010BDE3
:108A8000024B034A03483F2100F0F4FCD850031086
:108A900078910410F450031070B582B006001400F1
:108AA0001D00FA22920000230698002102F0CAFE5F
:108AB00002000B0012196B41002B09DB6846FFF71F
:108AC000D9FF009A019B32607360300002B070BD24
:108AD00001225242004BF1E7FFFFFF7F10B582B049
:108AE0000400FFF739FD02000B006846FFF7C2FFE4
:108AF000009A019B22606360200002B010BD30B577
:108B000085B004000D0002A8FFF7E8FF029A039B5E
:108B100000952000FFF7C0FF200005B030BD10B564
:108B20000400FEF7B9FF01002000FFF79BFFFF23C1
:108B30002371BFF35F8F10BD10B50400FEF7ACFFCB
:108B400001002000FFF78EFFFF23237100236371D4
:108B5000BFF35F8F10BD0000034B9C46614489004A
:108B60000160BFF35F8F70474000003410B5040010
:108B70000120FEF79FFF01002000FFF7EDFF10BD71
:108B800010B5002908D0037B8B4205D300684B0049
:108B90005B18033BC01810BD024B034A0348682111
:108BA00000F068FC10570310D09104102C570310EC
:108BB000F8B506000C001500FFF7E2FF0700002CD7
:108BC0000DD0002D11D0AC4215D029003000FFF798
:108BD000D7FF84703B78002B13D13D70F8BD0A4B52
:108BE0000A4A0B486F2100F045FC0A4B074A084827
:108BF000702100F03FFC084B044A0548712100F049
:108C000039FC43703D70E9E784570310BC910410B0
:108C10002C570310905703109C57031070B5060093
:108C20000D001400002914D0002A14D04368806875
:108C30009847002806D0220029003000FFF7B8FF2F
:108C4000280007E02A0021003000FFF7B1FF2000D4
:108C500000E0100070BD0800FCE770B505000023BF
:108C6000437301338373037BC373012406E0210044
:108C70002800FFF785FF0134E4B24470297BA1424C
:108C8000F5D82800FFF77CFF0023437070BD10B5B6
:108C9000017342608360FFF7E0FF10BDF0B5C64688
:108CA00000B505000C1E03D1200080BCB846F0BD05
:108CB000FFF766FF4678002EF6D031002800FFF758
:108CC0005FFF477800239846437021002800FFF794
:108CD00057FF43464370320021002800FFF79EFFF4
:108CE000040039002800FFF7D9FF02002100280006
:108CF000FFF794FF0400D7E7F0B5C64600B50400BF
:108D00000D001700002927D0FFF73AFF4378002B0A
:108D100028D18378002B2BD101782000FFF7BEFFEC
:108D200006008046002F0AD0E17B002926D1A37BD4
:108D3000002B03D1E37B002B25D1A573E5734346BC
:108D4000002B26D129002000FFF71AFF00234370D3
:108D5000300080BCB846F0BD114B124A1248382191
:108D600000F088FB114B0F4A0F483A2100F082FBBC
:108D70000F4B0C4A0C483B2100F07CFB2000FFF716
:108D8000FFFE4570D3E70B4B064A0748422100F02F
:108D900071FB31002000FFF7F3FE00238370D1E761
:108DA000DC5A0310A8910410E45A0310285B031046
:108DB000505B0310DC57031070B504000A00457BBC
:108DC0002900FFF799FF6073280070BD70B5060099
:108DD0000C1E40D0437B8B4207D0FFF7D1FE05002D
:108DE0008178002906D1002036E00121FFF7E4FF59
:108DF000012031E03000FFF7C3FE0178A1420DD021
:108E00003000FFF7BDFE4178A1420AD00029F7D11A
:108E1000124B134A13486B3100F02CFB6B78037034
:108E200001E06B7843700023AB706B70012221006E
:108E30003000FFF761FF0200717B814205D03000F6
:108E4000FFF7ECFE7073012006E0074B044A05486B
:108E5000712100F00FFB002070BDC046745B031051
:108E600090910410E45A03107C5B0310F8B5DE46C1
:108E700057464E464546E0B506000F0015000A9AD3
:108E8000934250D31A0E92461B0298460A9A002328
:108E90004046514601F062FD81467400A419A400C9
:108EA0002F4B9C4664446368834200D26060331F4A
:108EB000DBB29B46012B3CD9C0239B01234380227C
:108EC00012011A60274BB200D158002907D0586907
:108ED00001F006FD013043001B18033BFDD26D017C
:108EE00023685D40E0222A4080235B0123431A600F
:108EF0005A46012A28D980239B012343802212014C
:108F00001A604B4663604A4600234046514601F0D2
:108F100025FD144BB60098510120F0BCBB46B2466B
:108F2000A946A046F8BD104B104A1148332100F065
:108F3000A1FA012FC0D1C0239B01234303221A6051
:108F4000A368DB07FCD5CAE72168794003220A4001
:108F50001A60A3680125BD401D42FAD0CBE7C04688
:108F6000008000409C3B01209C5B0310DC910410BE
:108F7000B05B031030B583B00C2000F061F9FEF750
:108F8000FFFC00280DD0002304E02E4A99002E4853
:108F900088500133092BF8D92A4B2C4A5A6203B066
:108FA00030BD2B4B00229A6700F0BCF9294B0122FF
:108FB0001A60274B5B6C012BFBD1274B03221A60F5
:108FC000234B9B6B012BFBD1013300930433234ACA
:108FD0000121234800F096F805230093214A01213E
:108FE000214800F08FF8214B009300220221042039
:108FF000FFF73CFF1E4D00952B00002201210520AC
:10900000FFF734FF104C00942300002200210720BA
:10901000FFF72CFF00942300002200210820FFF717
:1090200025FF0A4B00932300002200210920FFF7AF
:109030001DFF00952B00002200210620FFF716FFE0
:10904000ADE7C0469C3B0120006CDC021BB7000072
:10905000008000403CB0004030B00040002F685914
:1090600000800240008C864700C00240001BB70011
:1090700040597307014B8000C05870479C3B01204A
:1090800010B58300084A944663441A68402462403D
:10909000803414408022520113431C60C000034BF3
:1090A0009C466044416010BD04C001400040014046
:1090B00080000B4B9C46604400290DD00823002AF9
:1090C0000CD004221343026853400C221A40802320
:1090D0005B0103431A6070470023F0E70022F1E7C9
:1090E00004C0014010B501238340D02212069362D0
:1090F00093610521FFF7C4FF10BD10B51F21FFF7D5
:10910000BFFF10BDF0B5C64600B504000E00170045
:109110001D00374801F0E4FB8046364BFA18364B09
:109120009A4239D80100380001F0DAFB0200103A07
:1091300098235B009A4235D86B1E062B38D8069BC5
:10914000013B062B34D83F09474537D32D04069BF6
:109150001B031D432368002B36DB284B9C4244D065
:1091600080235B01264A1360264A1360264A9268D0
:1091700019009143FAD12660A060221DC0239B01F3
:10918000134321221A602268002AFCDAE5600822D3
:109190001A6080BCB846F0BD1C4B1D4A1D48112109
:1091A00000F068F91C4B1A4A1A48192100F062F9BC
:1091B0001A4B174A17481C2100F05CF9184B144A47
:1091C0001448232100F056F922683F231340B3428C
:1091D000C3D1A3681B051B0D8342BED1E368EE22F9
:1091E000D2021340AB42B8D1D3E780239B01B9E749
:1091F000001BB70080E84BD380F8A93200C00240C2
:1092000000E0004000F0004000C00040005C03109F
:10921000EC910410605C0310A85C0310C45C0310A4
:10922000105D03100001044B1B685840F0230340FD
:10923000024A13607047C046004006400050064096
:1092400080239B000343014AD3627047008005409E
:10925000024B1A68024B5A607047C046B8F80220A9
:109260000080054010B5174B8022D2051A60164BBE
:10927000164A1A6000290AD0154BE022D2041A605F
:10928000002809D1124B802212061A6010BD0D4B26
:10929000E022D2041A60F3E743011B1A9B0018185E
:1092A00000010C4B186080235B04984202D3094BE9
:1092B000094A1A60FFF7CCFF054B8022D2051A60DD
:1092C000E4E7C04600B0054008200140FCFF010073
:1092D00000A00540B8F80220FFFFFF0010B5030012
:1092E00010000C4A8024E4051460002B0DD00122EC
:1092F0001343094A094CD461094C5C401462516221
:1093000093620021FFF7AEFF10BD034B0022DA612C
:10931000F7E7C04600B0054000800540D3C007B065
:109320002D3FF84F064BAA2212011A602F22DA6055
:10933000044B054A1A60024B5B68002BFBDA70474E
:10934000004002400060024000B0FA00F0B583B077
:1093500004000D001600FEF713FB002801D003B037
:10936000F0BD154F00973B00012201210530FFF7AA
:109370007DFD00962B00220001211048FFF7C2FE60
:1093800031006943200001F0ABFA04000C4B00935C
:10939000002202210420FFF769FD0094230000222F
:1093A00001210520FFF762FD00973B00022200210A
:1093B0000620FFF75BFDD2E7006CDC020080024074
:1093C000001BB700F0B5DE4657464E464546E0B5B1
:1093D00083B080468B4692460193A0235B0099465A
:1093E0002AE0013C002C1ED025007D4329003000DE
:1093F00001F076FA4045F4D12900300001F070FA0E
:109400000029EED1144B4A4653435A461360534643
:109410001F60019B1C60012003B0F0BCBB46B2463C
:10942000A946A046F0BD013F002F01D03C00D9E77E
:1094300001235B429C46E1444B460F2B09D9074E62
:109440004B465E43064BF218064B9A42F0D807276C
:10945000EAE70020E0E7C046001BB700E02E00006E
:10946000508EF4FF50F80C0000BEFDE710B5FFF77A
:10947000FBFF000030B583B00D001900002A0BD0AF
:10948000074B084C019200932B000200200002F0D1
:10949000EFFC0120FFF7E8FF034B1A00F1E7C0469D
:1094A0002C5D03103C5D03106C83031070B52B4BD7
:1094B0002B4A1A602B4B2C4A1A602C4B9A682A4B69
:1094C0009343FAD12A4C01E008CC9847294B9C429F
:1094D000FAD3FFF74FFD234B274A1A60234B9B68B3
:1094E000DB43DB01FAD1254B40229A675A671A67A2
:1094F000DA66234C09E0234B234A24488721FFF7EF
:10950000B9FF2000FFF70BFB0834214B9C4209D226
:109510002368002BF5D0012BEDD12000FFF70CFBC9
:109520000834F2E71B4DA9681B4CC022200002F052
:1095300001FBAC60EFF30583002B00D000BEFEF70B
:1095400081FAFFF705FAFEF7DFFD144C01E008CCC5
:109550009847134B9C42FAD370BDC04600E00040D0
:10956000BFCDFBFE00F00040FE7F3C0000C000408D
:109570005C2F00206C2F0020FFFFFF0100F0014056
:10958000542F00206C5D0310F89104108C5D0310C3
:109590005C2F002000ED00E0000000206C2F002078
:1095A000742F00200FB400B583B0084802F030FCDF
:1095B000049B002B07D005A90191180002F038FC8C
:1095C000034802F025FC0120FFF74EFFD85D031091
:1095D0003C47031010B50148FFF7E4FFE85D0310B6
:1095E0009A4200D288547047704710B5002802D0C4
:1095F0000B684968984710BD0100002007E0830010
:109600001B185B00501C08601078C01830380A68BE
:109610001378303BDBB2092BF1D97047F0B5DE4649
:1096200057464E464546E0B583B093461F000C9B17
:109630009A460D9C0E9B99460F9B9B0703D0B846FC
:109640000F00060022E00192A34688464E46B94626
:109650000700B44207D2551C4B4641462020B8476C
:1096600001342A00F5E73D004F465C46019B9B46CE
:10967000B1464646B84637002E0007E0013C551C6F
:109680005346185D43463900B0472A00002CF5D1F7
:1096900035003E0047460F9B9B0707D4100003B0E0
:1096A000F0BCBB46B246A946A046F0BDB0464E4609
:1096B000B9462F005D46531BB342EFD2541C4B46B4
:1096C00041462020B8472200F5E7F0B5CE46474690
:1096D00080B585B0944698460C9D0D9C0EAB1B78CA
:1096E0009946109A119B129EB7071CD4002B0CD0E0
:1096F000F7070AD54F46002F02D10C37374204D066
:10970000013B02E030272F550134944201D21F2C37
:10971000F8D9F70707D59C4205D21F2C03D830276C
:109720002F550134F5E7F70612D5770505D4002C3F
:1097300003D0944221D09C421FD00F9A102A32D0DD
:109740000F9A022A37D01F2C0AD830222A5501340A
:109750001F2C05D84A46002A33D02D222A55013421
:10976000039602930194009543466246FFF756FF25
:1097700005B0C0BCB946B046F0BD621E012C10D089
:109780000F9F102F0BD014000F9A102AD8D1B206B9
:10979000D6D51F2CD4D858222A550134D3E7023C01
:1097A000CBE71400C9E7B206EED41F2CECD8782220
:1097B0002A550134C7E71F2CD2D860322A5501340C
:1097C000C1E7720703D52B222A550134C8E73207B7
:1097D000C6D520222A550134C2E7F0B5DE465746E9
:1097E0004E464546E0B593B081468A4608920993B5
:1097F0001CAB10CB1B789B461E9D219B9846002CD2
:1098000003D1102342469A4390468023DB0046460C
:109810001E4042461A4212D0002C22D000260EE0F2
:109820003033D9B2771C0AAB99552900200001F0DA
:1098300057F8AC4216D31F2F14D83E00040029005D
:10984000200001F04DF8CBB2092BE9D9424692062F
:1098500005D54121C918C9B20A39C9B2E2E7612167
:10986000F8E7270043460693209B05931F9B04932C
:1098700003955B46029301970AAB0093099B089AF4
:1098800051464846FFF721FF13B0F0BCBB46B24635
:10989000A946A046F0BDF0B5DE4657464E464546C1
:1098A000E0B597B00A900B910C929A46209B99468E
:1098B000219F22AA13789B46249B0993259C289BD1
:1098C00098464A463A4302D1103293439846802242
:1098D000D20045461540434613420AD04A463A4311
:1098E00041D000252E0053460D934D46099B9A46C4
:1098F0001BE02E0053460D934D46099B9A4614E0FB
:109900003033DAB2731C99460EAB9A555246230097
:109910002800390001F022F8BC4226D819D04B4665
:109920001F2B1CD84E4605000F005246230028006E
:10993000390001F013F8D3B2092BE1D9424692065F
:1099400005D54122D218D2B20A3AD2B2DAE7612260
:10995000F8E7AA45E3D94E460D9B9A4608E04E46E5
:109960000D9B9A4604E0002602E04E460D9B9A4667
:1099700043460693279B0593269B0493099B0393D9
:109980005B46029301960EAB009353460C9A0B99DB
:109990000A98FFF79AFE17B0F0BCBB46B246A9463C
:1099A000A046F0BDF0B5DE4657464E464546E0B50A
:1099B00091B0804689460C929A461A9C1B9D2200C3
:1099C0002B002000290001F054FA002800D0ECE020
:1099D00001225242D44B2000290001F045FA002810
:1099E00000D0E2E001225242D04B2000290001F0D9
:1099F00025FA002800D0D8E000220023200029000A
:109A000001F01CFA002800D0E4E0069407958023BA
:109A1000DB001E9A1A400D921E9A1A4201D10623AB
:109A20001C930698079902000B0008920993030003
:109A30000A00024300D1D9E0080D4005400DBC4E9C
:109A4000B44660440A03120B1E00BA4B13431F00B6
:109A500001F022FAB84AB94B01F0ADF9B84AB94B56
:109A600001F082F9089009910022B74B30003900CB
:109A700001F071F9B54AB64B01F09DF902000B00F7
:109A80000898099901F070F901F01EFA834601F077
:109A900003FA06000F00AF4AAF4B01F08CF9002229
:109AA000AE4B01F061F901F00FFA0890AC4AAD4BF2
:109AB0003000390001F07FF906000F00089801F02E
:109AC000EBF9A94AA94B01F076F902000B0030002E
:109AD000390001F040F906000F0002000B0001F010
:109AE0006AF90A900B91089BA14A944663440021AD
:109AF0000022089109921B05099300230893320064
:109B00003B003000390001F02FF90E900F91320028
:109B10003B0000208021C90501F01DF906000F005F
:109B20000022944B0A980B9901F027F90022924BDE
:109B300001F01AF902000B000A980B9901F01DF9C7
:109B400000228E4B01F010F902000B000A980B99CD
:109B500001F013F902000B003000390001F004F9A4
:109B600002000B000E980F9901F007F90022714BCB
:109B700001F0FAF8089A099B01F01DF906000F00A0
:109B800008960997069A079B01F06EF900282FD0D6
:109B900001235B429C46E3440022774B30003900AE
:109BA00001F0EBF80890099122E01E9B04931D9BA5
:109BB00003931C9B02930094019553460C9A4946CB
:109BC000404600F0FFF811B0F0BCBB46B246A946D3
:109BD000A046F0BD00210022069107920694802342
:109BE0001B069C46AC446346079310E700239B4644
:109BF0005B466333C62B20D804261E9B1B0528D545
:109C0000089A099B190011430FD05D4A5D4B0698D5
:109C1000079901F021F900287AD000225A4B0698C2
:109C2000079901F00BF9002872D01C9B5B4506DDFB
:109C30005A469B1A013B1C9303E00526DDE70023EF
:109C40001C938023DB001E9A1A431E9200260023D9
:109C50009B461D9B9E4265D29F1B02231E9A1A4063
:109C60000A921E9A134202D0002E00D000275B46B3
:109C7000002B07D0089A099B0698079901F07DF8F8
:109C800006900791002200232000290001F0D6F859
:109C9000002800D07CE03D4B1E9A134004930397AC
:109CA0001C9B0293069B079C0093019453460C9ABD
:109CB0004946404600F086F8002E00D183E71E9BFF
:109CC0009B0671D54525441C534602004946280091
:109CD000C0475A46D317D2185A4005230593013E70
:109CE0000496002303930A3302935B46DB0F019330
:109CF00000925346220049464046FFF76EFD0A9BFC
:109D0000002B00D15FE7020047460C9E1D9D53E0EB
:109D10001C9B002B9DD00D9B002B9AD01C9B013BC4
:109D20001C9396E7002798E7FFFFEF7FFFFFEFFF09
:109D300001FCFFFF0000F03FFB799F501344D33F2D
:109D4000B3C8608B288AC63F0000F83F61436F6349
:109D5000A787D23F71A379094F930A400000E03FE3
:109D60001655B5BBB16B0240EF39FAFE422EE63F05
:109D7000FF03000000002C400000244000001840B9
:109D80002D431CEBE2361A3F80842E41FFF7FFFF84
:109D9000069C079D2200290080200006844661441D
:109DA0000B000692079376E765258CE7541C534613
:109DB00049462020B8472200931BAB42F6D310003F
:109DC00001E7C046F0B5DE4657464E464546E0B58B
:109DD00095B00690079193469946209F1E9A1F9B27
:109DE0001000190001F045F8002831D1012252423B
:109DF000BF4B1E981F9901F021F8002837D101228E
:109E00005242BC4B1E981F9901F02EF800283DD1FC
:109E10000022B94B1E981F9901F026F8002850D156
:109E20000022B64B1E981F9901F008F8002848D16F
:109E3000002200231E981F9901F000F8002850D13D
:109E400000239846229B5B0500D4B6E0002458E02E
:109E5000229B0393219B029303230193A84B00931E
:109E60004B465A4607990698FFF7D8FB0EE1229B0E
:109E70000393219B029304230193A24B00934B462F
:109E80005A4607990698FFF7C9FBFFE00423229A78
:109E90001A4022990B4210D09B4B002A0FD004226B
:109EA0002299039121990291019200934B465A46BF
:109EB00007990698FFF7B2FBE8E0944BEDE7032221
:109EC000EEE7229B0493219B039302971E9B1F9C0A
:109ED000009301944B465A4607990698FFF762FD96
:109EE000D4E01E9A1F9B0020002100F034FF1E903A
:109EF0001F9101239846A5E70CAB30221A55013F6C
:109F000001341F2C01D8092FF6D81E981F9900F094
:109F1000DBFF050000F0C0FF02000B001E981F9938
:109F200000F019FF7A4BFA009B181A685B680A92D6
:109F30000B9300F040FF0890099100F0E9FF060044
:109F400000F0A6FF02000B000898099900F003FF3B
:109F50000890099100226F4B00F086FF00282ED058
:109F60000136300000F094FF02000B000A980B99B4
:109F700000F06AFF002801D001350026002F2CD107
:109F8000280000F089FF02000B001E981F9900F0C6
:109F9000E2FE06000F0000225E4B00F04FFF00289B
:109FA00046D100225B4B3000390000F05DFF0028F5
:109FB0003ED1EB073CD501353AE0062746E70022C3
:109FC000544B0898099900F039FF0028D6D1002E8B
:109FD00001D0F307D2D50136D0E7AA461F2C11D8FD
:109FE000013F0A21300000F07BFC651C30310CABD6
:109FF00019550A21300000F073FC092E0ED9060015
:10A000002C00EBE755461F2C0CD87B1E002F09D0E7
:10A010000CAA302111551F000134F4E72B005546DE
:10A020001C00F0E71F2C03D80CAB2E221A5501346C
:10A030001F2C10D80A21280000F02AFC661C3031A1
:10A040000CAB19550A21280000F022FC051E01D096
:10A050003400EDE734000323229A1340012B1CD077
:10A060001F2C06D84346002B32D00CAB2D221A559C
:10A070000134229B0393219B029301940CAB009328
:10A080004B465A4607990698FFF7C8FA15B0F0BC38
:10A09000BB46B246A946A046F0BD219B002B13D07B
:10A0A0004346002B02D10C3313420FD0219B013BBE
:10A0B0002193190003E00CAB30221A5501348C4275
:10A0C000CED21F2CF7D9CBE72199F8E72199F6E7F3
:10A0D000229B5B0704D50CAB2B221A550134C8E731
:10A0E000229B1B07C5D50CAB20221A550134C0E7B3
:10A0F000FFFFEFFFFFFFEF7F65CDCD4165CDCDC108
:10A10000045E0310085E0310F85D0310005E031088
:10A11000A89304100000E03FF0B5DE4657464E46D7
:10A120004546E0B593B08246884693461193002990
:10A1300000D10DE300255646119B1878002800D168
:10A1400009E3252809D06C1C5B462A004146B0472C
:10A15000119B013311932500EEE701331193002782
:10A1600020E001231F4301321192012418E0022351
:10A170001F4301321192012412E004231F430132D4
:10A18000119201240CE008231F4301321192012493
:10A1900006E010231F4301321192012400E0002445
:10A1A000002C09D0119A1378203BD9B21029F6D887
:10A1B0008B00C849CB589F46119B1A781300303B3F
:10A1C000DBB2092B10D92A2A13D00B94119B1A78D1
:10A1D0002E2A1ED0119A1378683BD9B2122959D869
:10A1E0008B00BD49CB589F4611A8FFF705FA0B908D
:10A1F000ECE71C9B1A1D1C921B68002B04DB0B93C5
:10A20000119B01331193E1E7022217435B420B9349
:10A21000F6E78022D20017435A1C11925A78130095
:10A22000303BDBB2092B0BD92A2AD3D11C9B1A1D38
:10A230001C921C68002C08DB119B01331193C9E7A9
:10A2400011A8FFF7D9F90400C4E70024F4E780233C
:10A250005B003B43511C119151786C2901D01F00C8
:10A2600018E0C0239B001F430232119212E08023AA
:10A270003B43511C11915178682901D01F0009E01E
:10A28000C0231F430232119204E080235B001F436E
:10A2900001321192119B1878672818D8252800D20E
:10A2A0004CE20300253BDAB2422A00D946E2930091
:10A2B0008A4AD3589F4680239B001F430132119244
:10A2C000E8E780235B001F4301321192E2E7782820
:10A2D00000D933E2692800D230E20200693AD2B2F2
:10A2E000012393407E4A134211D11A0600D500E2A1
:10A2F0005B0500D422E21C9B1A1D1C921B689A4627
:10A30000002C00D0B2E10122524253468EE16F2868
:10A310000ED006D858283DD0622804D102239C468E
:10A3200008E0782839D010239F43063B9C4601E083
:10A3300008239C46582833D0692803D0642801D0CC
:10A340000C2297437A0501D50122974369282AD028
:10A35000642828D0BA0500D59FE0FA0500D5C1E0F1
:10A360007A0600D4D3E01C9A111D1C911168FF22BB
:10A370000A4005970B9B04930394634602930023C2
:10A38000019300925B462A0041463000FFF725FA10
:10A39000050027E010239C46CCE710239C46C9E724
:10A3A00020221743C8E7BA0520D4FA0550D47A060C
:10A3B00066D51C9A111D1C911168FF220A40D01706
:10A3C0001118414005970B9B049303946346029335
:10A3D000D20F019200915B462A0041463000FFF700
:10A3E000FCF90500119B01331193A5E61C9A073275
:10A3F00007218A43110008311C911168536899465E
:10A40000DB170C930D930C9A0D9B100048400E9097
:10A410004A4653400F930E980F990C9A0D9B801A41
:10A4200099410E900F9108970B9B079306946346F2
:10A430000493002305934B46DA0F0292009001919A
:10A440005B462A0041463000FFF725FA0500C9E7C0
:10A450001C9A111D1C911268D017111841400597C4
:10A460000B9B0493039463460293D20F01920091D5
:10A470005B462A0041463000FFF7AFF90500B1E71F
:10A480003A0605D51C9A111D1C910023D25E96E751
:10A490001C9A111D1C91126891E71C9A0732072122
:10A4A0008A43110008311C9108970B9B079306946F
:10A4B0006346049300230593029353681268009245
:10A4C00001935B462A0041463000FFF7E4F905009E
:10A4D00088E7C046089204104C9204109892041029
:10A4E000419000001C9A111D1C9105970B9B049331
:10A4F00003946346029300230193136800935B4621
:10A500002A0041463000FFF768F905006AE73A067D
:10A5100006D51C9A111D1C9112681204120C28E712
:10A520001C9A111D1C91126823E7462819D01C9B08
:10A530000733072293431A0008321C9204970B9AA0
:10A54000039202941A685B68009201935B462A00AA
:10A5500041463000FFF736FC0500119B0133119393
:10A56000EAE520231F43E2E7672801D0472802D10C
:10A5700080231B011F43452801D0472801D12023F8
:10A580001F431C9B0733072293431A0008321C9277
:10A5900004970B9A039202941A685B6800920193E5
:10A5A0005B462A0041463000FFF7FCF90500119B8D
:10A5B00001331193C0E502231A003A4091463B4211
:10A5C0001DD001241C9B1A1D1C926F1C18785B4621
:10A5D0002A004146B0474B46002B14D1119B013352
:10A5E00011933D00A8E5571C5B4641462020B0472B
:10A5F00023003A005C1C9D42F5D81500E2E70123D8
:10A600002A000B9DF6E73A00B1460B9E06E0571C68
:10A610005B4641462020C8472C003A00651CA642F4
:10A62000F5D817004E46D9E701330A0019780029FA
:10A6300002D0511E002AF7D152469B1A8022D20026
:10A64000390011408946174202D0A34200D92300A5
:10A6500002221100394010913A4209D02A00250007
:10A6600057469A4633004E46994621E022004CE672
:10A670002A004546A04606E0541C5B4629002020DF
:10A68000B0473B0022005F1C0B999942F4D8444626
:10A69000A8463B00250057469A4633004E46994649
:10A6A00006E01D000137541C5B464146C8472200A6
:10A6B0003878002804D0002EF4D06B1E002DF0D185
:10A6C000150053464E46109A002A03D1119B0133C0
:10A6D000119331E50B9F2A0006E0551C5B4641466D
:10A6E0002020B04723002A005C1C9F42F5D81500AB
:10A6F000ECE721233B431C9A111D1C911268059322
:10A7000008230493039408330293002301930092D7
:10A710005B462A0041463000FFF75FF80500119BB9
:10A720000133119308E56C1C5B462A004146252045
:10A73000B047119B013311932500FDE46C1C5B466F
:10A740002A004146B047119B013311932500F3E4E1
:10A750000A4B9A46EEE4B2465D450DD35B465A1E5F
:10A760005B4641460020D047280013B0F0BCBB46F2
:10A77000B246A946A046F0BD2A00F1E7E9950010CF
:10A780000EB430B584B0010007AC08CC03940122AC
:10A79000054D009452422800FFF7BEFC04B030BCC7
:10A7A00008BC03B01847C046E19500100CB430B5A2
:10A7B00085B00A0008AC08CC0394054D0094010054
:10A7C0002800FFF7A9FC05B030BC08BC02B0184750
:10A7D000E195001010B582B0044C009313000A00FC
:10A7E00001002000FFF798FC02B010BDE1950010B9
:10A7F00000B585B002900391012104480093130035
:10A800004A4202A9FFF788FC05B000BDEB95001095
:10A8100001480421014B18475024002059A800107A
:10A82000014B5B681847000050240020014B9B68D7
:10A83000184700005024002010B5010018231B8881
:10A8400014221088984710BD10B5010018231B88EA
:10A8500016221088984710BDF0B5C64600B507000F
:10A860000E0000250123984600E00135B5420AD2CA
:10A87000AC003C192068FFF7DFFF20600028F4D10E
:10A8800000239846F1E7404680BCB846F0BD000082
:10A89000124A936F9B0815D29066D166002905D0A5
:10A8A000FFE7FFE7FFE7516F106F704704B58021A6
:10A8B0000906C2175140002800D0C84329F0F4FC13
:10A8C000002104BDF0B5146E556E576F166FFFF77B
:10A8D000E3FF1466556657671667F0BD000000D0A9
:10A8E000114A936F9B0813D210665166002905D058
:10A8F000FFE7FFE7FFE7516F106F704704B50028CF
:10A9000001D00020C04329F0CFFC002104BDC04687
:10A91000F0B5146E556E576F166FFFF7E5FF1466AE
:10A92000556657671667F0BD000000D094464A4A46
:10A93000926F9208624601D228E0C046F0B5464EBA
:10A94000346E756E776F366F00F020F89446424A89
:10A9500014665566576716676246F0BD94463E4AD0
:10A96000926F9208624601D254E0C046F0B53A4E6A
:10A97000346E756E776F366F00F04CF89446364A39
:10A9800014665566576716676246F0BD002B24DBD8
:10A9900011D000293EDA00B5C943404200D101314F
:10A9A00000F038F8C943404200D10131DB43524244
:10A9B00000D1013300BD002AEBD1002801D10029CC
:10A9C00005D00020C90FC90701D1C043410800B517
:10A9D00029F042FC0022002300BD00B500290ADB5B
:10A9E000DB43524200D1013300F014F8C943404226
:10A9F00000D1013100BDC943404200D10131DB43E8
:10AA0000524200D1013300F005F8DB43524200D13D
:10AA1000013300BD002923D1002B18D1002A0CD00E
:10AA2000BC460D4F38667A6600210023FFE7FFE73A
:10AA3000FFE77A6F386F67467047002801D00748F4
:10AA4000010000B529F008FC0022002300BD02002F
:10AA50000B00002000217047000000D0FFFFFFFF27
:10AA6000002B00D0BFE0130C28D1002AE7D080B41F
:10AA7000114F39667A66FFE7FFE730B4040C7B6F4D
:10AA8000396F1B0423433B667A66FFE7FFE7FFE766
:10AA9000C04684B27B6F3D6F1B0423433B667A66DE
:10AAA000FFE7FFE7C04600232C042D0C7A6F386FB8
:10AAB00000196941B0BC7047000000D0F0B5944661
:10AAC0000025140E01D112020835140F01D1120114
:10AAD0000435940F01D192000235D40F01D15200F8
:10AAE0000135D40B0134254F7C66254C3C660E0C99
:10AAF00093B2FFE7FFE7FFE73C6F6643360C77034F
:10AB0000BE467343DF0B5B04C01AB941130C734399
:10AB1000DB18C91ACE086643360CB64493B27343A9
:10AB20001F0F1B01C01AB941130C73431F0B1B05E8
:10AB3000C01AB941860D8F023E436643360C092D7B
:10AB400024DB520A7243801A7703460A6643360CA6
:10AB500016235B1BDE40DF40BF1964466643821B41
:10AB60007046043506330100D940A840C01900D30F
:10AB70000131A24206D20023F0BD0000000000D047
:10AB8000FFFFFFFF121B0130F3D3F1E709277F1B03
:10AB9000FE406446A2B27243801A00D20139220CF0
:10ABA0007243130C1204821A99410B00704604354B
:10ABB00013370100F940A840801900D30131002B60
:10ABC00002D1A2420AD2F0BD013000D30131121BE2
:10ABD000FAD2013BF8D1A24200D2F0BD013000D33D
:10ABE0000131121BF7E7F0B51C0C00D080E00CB46B
:10ABF00000251C0A04D11B02160E3343120208352D
:10AC00001C0B04D11B01160F3343120104359C0B9E
:10AC100004D19B00960F334392000235DC0B02D126
:10AC200092185B4101351C00971864410134464F6E
:10AC30007C66464C3C660E0CFFE7FFE7FFE7C0462C
:10AC40003C6F6643360C7703BE4697B27743C01B12
:10AC500000D20139C01B00D201399FB27743C91B12
:10AC6000C91B170C77437E04FF0B801BB941CE082C
:10AC70006643360C0C2D33DBB644120B1F053A43EA
:10AC80001B0B97B27743C01B00D201399FB27743A9
:10AC9000C91B170C77433E043F0C801BB941860D3E
:10ACA0008F023E43664329277F1BFE400C3D7746BB
:10ACB000AF40BF1930BCA2B2ABB272437343801A2B
:10ACC0009941220C7243130C1204801A994102001C
:10ACD0000B000137001BA941F9D2781E0021F0BDFD
:10ACE0000C277F1BFE4077467F0BAF40FF19E0E744
:10ACF00000245D1C07D0144F7D663966FFE7FFE72F
:10AD0000FFE7FFE73C6F95B29EB265436643401B89
:10AD1000B141150C1E0C6543664336042F0C3E43AF
:10AD20002D04401BB141994204D202000B002000C7
:10AD30000021F0BD01D19042F7D3801A994101342E
:10AD40009942F2D3F6E70000000000D0FFFFFFFFBA
:10AD500048404140484018B41B4B5B68FC46019397
:10AD600008BD04DF2BB2001018B4174B1B68FC465B
:10AD7000019308BD00DF35B200109446134A926F6C
:10AD8000920809D2624618B40F4BDB68FC46019367
:10AD900008BD0CDFEDB400100C4AF0B5146E556E12
:10ADA000576F166F6246FFF7EEFF084A1466556646
:10ADB00057671667F0BD18B4034B9B68FC460193B8
:10ADC00008BD08DF91B300103C120320000000D042
:10ADD000FFB550404240504059404B40594000E080
:10ADE000FFB5154F4C00640D03D0BC4204D10C03D9
:10ADF00014D80020090D09055C00640D03D0BC4285
:10AE000004D11C030AD800221B0D1B0501264B4050
:10AE100009D44B4003D58B4200D18242FFBD9942F9
:10AE2000FCD19042FFBD0B43DB1803431343F5D025
:10AE3000C9434918FFBD0000FF07000000B5FFF738
:10AE4000CFFF804100BDC04600B5FFF7C9FF01D963
:10AE5000002000BD012000BD00B5FFF7B9FF01D9FA
:10AE6000002000BD012000BD00B5FFF7B1FF80410B
:10AE700000BD012040054A00121804D85A001218DB
:10AE800001D8002070470120704700207047000063
:10AE90000021002805D17047C1174840401AFAD058
:10AEA000C90713B5064B1B6898470CBC441CA2404D
:10AEB0001005120B0349091B09051943114310BD65
:10AEC0004C1303201F04000010B54C00620D8023BA
:10AED000D218DB00D21A5B057E2A10DD9E3A13DA07
:10AEE000CC170903490819435242D1406400013488
:10AEF0001532202A05DAD0400843604310BD0020F7
:10AF000010BD0846604310BDC80FC018013810BD01
:10AF100018B4044B5B6AFC46019308BD24DF9DB660
:10AF2000001000003C12032018B4044B1B6EFC46BA
:10AF3000019308BD60DF93B7001000003C120320AE
:10AF400018B4044BDB6FFC46019308BD7CDF1DB7D2
:10AF5000001000003C12032070B513231C78012C54
:10AF600012D0012C12DC214B214A93642148FFF7B7
:10AF700063FC214B186070BD1C491D4A980081502C
:10AF800001331F2BF8D9ECE70023FAE71B48FFF742
:10AF90005BFC05001A48FFF757FC023803789B005A
:10AFA0007F2B09DD12488022290000F0C3FD022C0E
:10AFB00008D0022CDADCD6E7124B134A13483221B0
:10AFC000FEF758FA124B1A88B5231B029A4209D190
:10AFD000104B1A88104B9A4204D1104B1A88104B10
:10AFE0009A42E6D00020FEF7DDFAC046F1B100102B
:10AFF0003C1203204C3300004C1303205344000048
:10B0000053460000105E0310F8930410645E0310B2
:10B0100054380000D8380000494600009C38000031
:10B0200059460000F0B5DE4657464E464546E0B567
:10B0300085B004000D00009201930E9B9A46002BF0
:10B0400044DD019B191101204042FFF749FC0390A8
:10B0500000239B4628E00C239946AB11039A5343E7
:10B060001D224946521A134101335B1098464B4644
:10B07000203B21D422009A40170023004A469340E7
:10B080001E004346D917009A019B404600F0DAFBA8
:10B0900034003D00241A8D415B464A4693404344A8
:10B0A0009B4653469B1A9A465346002B11DD534646
:10B0B0000C2BD0DCD146D0E720235B1A2200DA40EB
:10B0C00013002A008A4017001F43D6E7002303938A
:10B0D000BEE7009A019BAB4209DC01D1A24206D82F
:10B0E000009A019BA41A9D4101239C46E344009AC7
:10B0F000019BAB4209DC01D1A24206D8009A019B18
:10B10000A41A9D4101239C46E344002D0DDB0F9BB7
:10B11000002B01D05A461A602000290005B0F0BC6F
:10B12000BB46B246A946A046F0BD009A019BA418B2
:10B130005D41012149428C46E344002DE7DAA41821
:10B140005D41E344E3E70000F0B5C64600B586B0D4
:10B15000059002920393CB0F98460C0D6405640D85
:10B160000F033F0B80256D032F43039B1E0D7605B8
:10B17000760D1B031B0B2B431A4DAC4224D0002E23
:10B1800025D0002C05D14346002B26D100200021DC
:10B190001FE0B4421DDB00210191A41B009405981F
:10B1A0003900FFF73FFF04000D004346002B04D099
:10B1B00002000B00002554429D410B4A921B2000C7
:10B1C0002900FFF7B1FE04E00020084901E000205B
:10B1D000064906B080BCB846F0BD002080210906B3
:10B1E000F7E7C046FF070000330400000000F07FCF
:10B1F00007B56046002800D100BE01880A0A023067
:10B20000DF2AFAD1C9B2820804D302884088000438
:10B21000104300E00068024A5050039007BD000050
:10B220003C1203200FB403BC0CBCF0B50124E407AE
:10B23000634000E0F0B50C0DCF0F661E3605891B8C
:10B24000640503D3C943404200D30131640D03D0E8
:10B25000661CF60A07D0E41B00207F00791C8907D2
:10B260008912803C24031D0DDF0F6E1E36059B1BCB
:10B270006D0503D3DB43524200D301336D0D03D080
:10B280006E1CF60A07D0ED1B00227F007B1C9B077B
:10B290009B12803D2D032F1B661B58D4A446202EE5
:10B2A00046DA20371400BC401D00BD40F240334157
:10B2B0002A4380185941CB0F05D0C943C04300220F
:10B2C00064425041514162464D0D28D10D0D07D1C8
:10B2D00000281FD0241940414941013A0D0DF9D0F1
:10B2E000640006D3013000D30131002C01D14008A5
:10B2F0004000013A0BD4941CE40A04D11205114415
:10B30000DB071944F0BDD907204B194300E0D907EA
:10B310000020F0BD0029DDD1002CDBD1F0BD0132D1
:10B32000C6074008CD0728434908002EE1D0D9E7D9
:10B330003C2E29DA203E40371400BC4000D00124C6
:10B34000F24014431A00BB401C43D317ACE7AC4691
:10B35000202F08DA20360400B4400D00B540F84034
:10B3600039412843A5E73C2F0CDA203F4036040042
:10B37000B44000D00124F84004430800B1400C431D
:10B38000C117EAE710001900002494E70000F07FDD
:10B39000F0B50C0D661E3605891BE60A6405640DC2
:10B3A00002D0651CED0A04D0002001210905803C73
:10B3B0002403A4461C0D671E3F05DB1BE70A64053A
:10B3C000640D02D0651CED0A04D0002201231B0588
:10B3D000803C24037740644497B484B296B27443AB
:10B3E000070C7E43150C6F4380B26843361802D3B6
:10B3F000012000043F183004350C00197D418446BB
:10B4000088B29AB250430C0C62431F0C7C438EB23C
:10B410007E43921902D301263604A4191604170C90
:10B420003618674101BC81B29AB25143040C6243A1
:10B430001B0C5C4380B25843121802D30120000455
:10B4400024181004130C401863412D185E4100208D
:10B45000474106BC88B293B258430C0C6343120CAC
:10B46000544389B251435B1802D301210904641883
:10B4700019041A0C091862416D1856410020474101
:10B4800018BCF902720D1143F0026A0D1043ED026F
:10B490000A0D03D16D1940414941013B124E9B1BDE
:10B4A0007600B3420ED26D0007D301300026714101
:10B4B0006646354301D1400840001B05C918E40722
:10B4C0002144F0BD0BDA013306D1013004D1013142
:10B4D0004F0D01D04908F2E7E1070020F0BD013629
:10B4E00031050020EBE70000FF030000F0B51C0D64
:10B4F000671E3F05DB1BE70A6405640D02D0661C6E
:10B50000F60A04D0002201231B05803C2403D02529
:10B510002D060026F6432E661E096E66CE0FF6191E
:10B52000B44649004F0D02D07E1CF60A03D000201D
:10B530000021403F3F033E1BB600B444013F7F055E
:10B54000C91B49082E6F013676089C02950D2543CC
:10B550007543ED137543AD1301356D10F603761B7E
:10B560000CB4CC02450D2C43A2B2B3B25A43270C03
:10B570007B43350C6F43A4B26C431B1902D30124E7
:10B5800024043F191C041D0CA4187D4124196D418D
:10B59000009A91B2ACB26143170C7C432B0C5F4311
:10B5A00092B25A43A41802D301221204BF182204F3
:10B5B000230C52187B41019C6C431B19520ED9017C
:10B5C0000A434401A01A81B2B2B2514303145A4350
:10B5D000360C734387B27743D617D21900277E41C2
:10B5E00036049B191704160C7F185E417316ED186C
:10B5F000F301002680337541A90F06D16400690A62
:10B60000E8055B0A184309D22FE0042294448033F2
:10B610007541A90AA8059B0A184326D34041494110
:10B620002404009A019B0D005543641B4343E41A14
:10B6300095B286B27543170C7E43030C5F4392B2FA
:10B640005A43B61802D301221204BF183204330C35
:10B6500052197B4152429C41002C02D400220130FD
:10B6600051414008CA071043490802B06246D70753
:10B670009210084BD218084B9A4203D2120589182F
:10B68000C919F0BD0020002A01DC3900F0BD0133EA
:10B690001905F5E7FD030000FE070000002200B5D4
:10B6A000203200F004F8080000BD000000220B1555
:10B6B0000AD410B5944600F0A7F81414013400DA47
:10B6C0000021CB17144C2047002000217047624412
:10B6D000343A0CD40C2A07DA0400914090405242CC
:10B6E0002032D440214310BDD843D94310BD20326D
:10B6F00007D40C469440524220321141D04020439E
:10B7000010BD0800C917203203D452422032104124
:10B7100010BD1800190010BDCFB600104A00520D20
:10B72000144BD21A13DDFF2A1EDAD205CB0FDB072A
:10B730001A43C300400F0903490A084310435B0042
:10B7400001D301D0013070474308FBD2704702D0CB
:10B75000C80FC00770470A0312130132F8D1420F15
:10B76000072AF5D1012200E0FF22C80F000280184D
:10B77000C00570478003000000210A00002104E09A
:10B7800000210A00C11704E00022002306E0C046A1
:10B790000022CB1758405940C01A994130B5184C77
:10B7A000A21A002903D1010010D00020203A4C1524
:10B7B00012D104D2013A001849414C0DFAD3114C70
:10B7C000A24204D212058918DB07C91830BDD24342
:10B7D000520D00200021F5E703D4013A0018494139
:10B7E000FBD50B324405C00A4D052843C90A640045
:10B7F00003D0002460416141E1E7E0D34408F8E769
:10B8000032040000FE0700000A0DCC0F531E1B057A
:10B81000C91A520503D3C943404200D30131520D26
:10B8200003D0531CDB0A07D0121B00206400611CEC
:10B8300089078912803A1203014BD21A704700001F
:10B84000FF03000051434343C9188C46110C83B2D7
:10B850004B4310B4040C614392B280B25043624334
:10B860001C041B0C001910BC59411304120CC01805
:10B870005141614470470000484041404840002326
:10B880009C46114B5B68184700239C460E4B1B6877
:10B8900018470E4A936F9B0804D200239C460A4B1C
:10B8A000DB681847F0B5146E556E576F166FFFF7CB
:10B8B000F4FF064A1466556657671667F0BD002305
:10B8C0009C46014B9B68184750130320000000D092
:10B8D00007B548404140484001E0C04607B5420036
:10B8E000120E03D0FF2A03D1420218D8C00DC005A2
:10B8F0004A00120E03D0FF2A03D14A020FD8C90D05
:10B90000C9050122414005D4414001D5814207BD0E
:10B91000884207BD0143491801D0C043001807BD44
:10B9200000B5FFF7DBFF804100BDC04600B5FFF763
:10B93000CFFF01D9002000BD012000BD00B5FFF7F9
:10B94000C7FF804100BD491A002807D1084670474B
:10B95000C10FC90700D54042002817D0F44603B4F0
:10B960000B4B1B68984706BC81409E384042803193
:10B9700007D20B0607D04900490AC0051043084307
:10B9800060470130F8E7490A8902F5E7704700008F
:10B990004C13032000239C46014B5B6A18470000B0
:10B9A00050130320034BDB6FFC4618477CDFE9BADA
:10B9B000001000005013032070B513231E782A488E
:10B9C000FEF742FF0500012E11D0012E09DDAB1E4E
:10B9D0001B789B007F2B40DD24488022290000F04B
:10B9E000A9F82348FEF728FF224B186070BD1F48B6
:10B9F0005422290000F09EF81F4B1A881F4B9A42D0
:10BA00001CD1A7239B011A881D4B9A4216D11D4BAE
:10BA10001A881D4B9A4211D11C4B1A8894239B0102
:10BA20009A420BD11A4B1A881A4B9A4206D11A4BDA
:10BA30001A681A4B9A4201D1152307E01848FDF7FE
:10BA4000B1FD184C094A99008C5001331F2BF8D9CD
:10BA5000144B064A1362D361B7E7134B134A1448D9
:10BA60004221FDF707FDC046534600005013032056
:10BA70004C3300004C130320EE290000C40F0000DB
:10BA8000C20D0000962B0000C0B50000182B00006E
:10BA9000CC2A000010B50000FC2C000051ED87649A
:10BAA0006C830310B5BA0010B85E03100C94041038
:10BAB000EC5E031007B56046002800D100BE018887
:10BAC0000A0A0230DF2AFAD1C9B2820804D30288F6
:10BAD00040880004104300E00068024A5050039080
:10BAE00007BD000050130320C30FDB0741000A0EFF
:10BAF00007D0FF2A08D00909054A891819434007C9
:10BB000070471900002070470249C918FAE7000081
:10BB1000000000380000F07F01480421014B184765
:10BB20006024002059A80010014B1B681847000032
:10BB300060240020014B5B6818470000602400204F
:10BB400010B50300080011001B68984710BD0000E5
:10BB5000F8B507000D001600437D002B02D000242D
:10BB600000200CE003681100280098472DE03B7D81
:10BB700010E03B68154802219847601C0134B4422C
:10BB800014DA002CF3DD2B19013B1B780D3B5A42D4
:10BB90005341DBB22A5D0A2AF0D1002BEED1A0423C
:10BBA000E7DA3B68211A28189847E2E7B04203DA3F
:10BBB0003B68311A28189847002E06DDAD19013D63
:10BBC0002B780D3B5A4253413B75F8BD4494041009
:10BBD00070B505000368002B16D00C4B1C6805E0FF
:10BBE000290004C92000FFF7B3FF2469002C09D005
:10BBF0002368002BF9D0064B1B68002BF0D0A34222
:10BC0000F3D1EDE700232B6070BDC046B43D0120A9
:10BC1000503F012070B505000C000B68802B05D04B
:10BC200023685A1C2260E418257170BD0800FFF7D4
:10BC3000CFFFF5E710B5002B02DB0260436010BDBB
:10BC4000024B034A03483F21FDF714FCD850031070
:10BC500048940410F450031010B582B00400FCF7AF
:10BC60007BFC02000B006846FFF7E4FF009A019B93
:10BC700022606360200002B010BD000070B582B089
:10BC8000060014001D00FA229200002306980021ED
:10BC9000FFF7D8FD02000B0012196B41002B09DBE6
:10BCA0006846FFF7C7FF009A019B3260736030005F
:10BCB00002B070BD01225242004BF1E7FFFFFF7F4F
:10BCC00030B585B004000D0002A8FFF7C5FF029A49
:10BCD000039B00952000FFF7D1FF200005B030BD89
:10BCE00000B583B0FA2189006846FFF7E9FF009AA2
:10BCF000019B024828F028FB03B000BD542F002010
:10BD000010B5024828F0A0FA10BDC046542F0020FC
:10BD1000F0B5CE46474680B583B006000D0090468C
:10BD20001C00FFF7DDFF81466B1C05D0002C08D0FE
:10BD3000194F1A4B1C6807E0300028F043FA050041
:10BD4000F4E7174FF5E72469002C17D02368002B80
:10BD5000F9D0144B1B68002B01D0A342F3D12A0069
:10BD600031002000B8474346002BECD06B46D91D6C
:10BD70000A230B7001222000B847E4E74B46002B52
:10BD800007D16B1E9D41E8B203B0C0BCB946B046B6
:10BD9000F0BDFFF7B5FFF4E741BB0010B43D012053
:10BDA00051BB0010503F012010B582B004006B461B
:10BDB000D81D0470002300220121FFF7A9FF2000F5
:10BDC00002B010BD094A01E010331A001368002BBD
:10BDD00008D08342F8D1002907D1036913600023FA
:10BDE000036102E0002900D010607047B43D0120DB
:10BDF00010B5064B1C6801E098472469002C03D05D
:10BE00006368002BF8D1F8E710BDC046B43D0120AF
:10BE100070B5050028F0D6F90400002301220100C6
:10BE20002800FFF775FFFFF7E3FF200070BD00005B
:10BE300070B5A2B004000E00FFF752FF050000230A
:10BE400001930A483300220001A9FEF7D1FC040047
:10BE500001A8FFF7BDFEFFF7CBFF002D02D12000A8
:10BE600022B070BDFFF74CFFF9E7C04615BC0010CB
:10BE70000FB400B583B004A901C90191FFF7D8FF41
:10BE800003B008BC04B0184710B500F0AFF910BDFE
:10BE900070470000014B00221A707047802F03206A
:10BEA0004B79FF2B0CD18B79002B0BD1CB79012B4C
:10BEB0000AD1082A0AD98A78054B1A70092000E0AD
:10BEC000002070470020FCE70020FAE70020F8E798
:10BED000802F03200120704770B504000D00034837
:10BEE000FEF7AAFC030029002000984755420000F5
:10BEF00010B5012926D1117953791B020B43124940
:10BF000009788B4201D000201DE05378012B03D02B
:10BF1000022B10D0002016E09178D3781B02194331
:10BF2000DB0506D54B0A012098407F231940FFF717
:10BF3000D3FF0020F9E7642200210020FDF7CEF9AD
:10BF4000012000E0012010BD802F03200123037099
:10BF5000004870476094041010B50A784B781B02B3
:10BF600013438A7812041A43CB781B061343044AFE
:10BF7000934200D010BD00210800FFF7ADFFC0467E
:10BF800039050000024B1860024B19607047C0462B
:10BF9000303B0120343B012010B5002B02DB026056
:10BFA000436010BD024B034A03483F21FDF762FA8C
:10BFB000D850031094940410F450031010B582B0BC
:10BFC0000400FCF7C9FA02000B006846FFF7E4FF23
:10BFD000009A019B22606360200002B010BD000047
:10BFE00070B582B0060014001D00FA2292000023F2
:10BFF00006980021FFF726FC02000B0012196B4186
:10C00000002B09DB6846FFF7C7FF009A019B3260EF
:10C010007360300002B070BD01225242004BF1E764
:10C02000FFFFFF7F30B585B004000D0002A8FFF7C9
:10C03000C5FF029A039B00952000FFF7D1FF200067
:10C0400005B030BD10B582B00400049805991218EF
:10C050004B41002B09DB6846FFF79EFF009A019BCE
:10C0600022606360200002B010BD01225242014BE9
:10C07000F1E7C046FFFFFF7F10B5024B1878FCF7D1
:10C08000E7FB10BD852F032070B5124B1B68002BFA
:10C090001BD0EFF3108272B619680029FCD0BFF3F1
:10C0A0005F8F0C4842600C4B002119700368BFF38E
:10C0B0005F8F196082F3108800240025074B1878E1
:10C0C000FCF7C6FB2000290070BDFA24A40000255F
:10C0D000F4E7C04640050320A62F0320852F032048
:10C0E000F0B587B0040016001D000EAB1F7804A841
:10C0F000FFF764FF049A059B0096019504A8FFF7DB
:10C10000A1FF049A059B02970D9901910C9900914A
:10C110002000FCF72FF807B0F0BDF0B5C64600B51B
:10C1200084B00500884616001F000AAB1C78FCF797
:10C130000BF80294019700962A004346FFF7D0FFC0
:10C1400004B080BCB846F0BD10B582B01B480021D9
:10C1500028F0BAF8002827D1194B1B68002B2BD0E8
:10C16000EFF3108272B619680029FCD0BFF35F8F1D
:10C1700013494A601348037801246340DBB2012469
:10C1800004700968BFF35F8F0020086082F3108895
:10C19000002B11D00C4A012300930023FA208000C9
:10C1A0000021FFF7BAFF07E001200021404201F023
:10C1B00081F8024828F048F802B010BD3418032076
:10C1C00040050320A62F032089C0001010B5054BA1
:10C1D0001868002804D0044B1968002200F094FD70
:10C1E00010BDC046303B0120343B012010B582B069
:10C1F000D0231B061C68FBF7A7FFFCF7B5F8A0428D
:10C200002CD1234B1B7801F029FD2248FCF787FC39
:10C210000120FCF7ABFB204C20702049FF23184085
:10C22000FCF728FB20780121FCF70AFB0520FCF72E
:10C2300017FB041E18D01A4900220520FCF744FB06
:10C24000FBF72AFC0100174B1800FCF785FC164889
:10C250000121FFF7B7FD200002B010BD134B144AB7
:10C260001448B221FDF706F9134A01230093002375
:10C27000FA2080000021FFF750FFC443E40F094873
:10C2800008220021FFF750FC002CE4D0DFE7C04675
:10C290000C34051034180320852F032049C10010E9
:10C2A00079C000104005032070240020CC49031001
:10C2B000849404108C5F031089C0001010B5002016
:10C2C00001F0F6F910BD000030B583B004000D0098
:10C2D000FFF7F4FF002830D0002001F005FA002815
:10C2E0002ED0FA2189006846FFF79CFE009A019B38
:10C2F000164828F029F8002825D0FFF7DFFF00288E
:10C3000004D0002001F0F0F900280CD10120002118
:10C31000404200F0CFFF032464420C4827F094FF12
:10C32000200003B030BD2A002100002001F0E8F910
:10C33000041EF2D103246442EFE703246442EFE7D2
:10C3400003246442ECE703246442E9E73418032041
:10C35000F0B5C64600B582B080460D00FA218900CE
:10C360006846FFF75FFE009A019B2C4827F0ECFF20
:10C37000002803D102B080BCB846F0BDFFF79EFF95
:10C38000002849D1264B002000211860596023481D
:10C3900027F05AFFEEE701200021404200F08AFF1B
:10C3A000002001F0C1F9FFF789FF0028EFD000203D
:10C3B00001F032FA002820D0AC42E8DA2E1B00202F
:10C3C00001F02AFA0200864200DC3200002AE2D0A4
:10C3D00043461919002001F003FA0600012000214C
:10C3E000404200F067FF002001F09EF9A419FCF71D
:10C3F000B3F80B4B18605960DEE7FCF7ADF8084B5B
:10C400001E685F68074A002392197B419942BED893
:10C41000D2D19042D0D9BAE70024CDE73418032016
:10C420009030002020A107000048704718950410A4
:10C4300000487047C494041010B50400154B1B78D5
:10C44000002B0ED0002C11D1134B144A5A8001231B
:10C4500001335B009BB21048C0229200134303805B
:10C4600010BD0C48112100F025F8EBE7052C0ED883
:10C470000B4BA400E4580023122BE9D8E15C0029FF
:10C48000E6D00133044A58008152DBB2F4E70020C1
:10C49000E6E7C046541C03200C3D012009040000BF
:10C4A000AC94041010B5024800F032F810BDC0463C
:10C4B000900B032010B5002901D000230AE0104B97
:10C4C000104A11481F31FCF7D5FF00220DE037322A
:10C4D000C25401334A1E9A420ED90F2B0CD85A0867
:10C4E0000A4CA45CDA07F0D4042214410F22224043
:10C4F000092AECDC3032EBE7C0180023037010BDD2
:10C500001C6003102C95041024600310900B032072
:10C5100030B589B0040004AD0D2200212800FFF7DA
:10C5200003FB0D2200216846FFF7FEFA4B232B7018
:10C530000D226946280027F07FFE002304E05A1DE3
:10C5400069468A5CE2540133072BF8DD09B030BD3F
:10C5500002007F201040D209400080184001014BAA
:10C56000C018704770E6022010B5038B3F333F229E
:10C570009343022915D0124C2268C260D31823605D
:10C580009C0610D10F4C6240634080246401A3429A
:10C590000FD88906114380231B060B4342681360A2
:10C5A00010BD5B00E7E7084B084A09485421FCF737
:10C5B00061FF084B054A06485621FCF75BFFC04661
:10C5C000E404032000001050806103109C950410C7
:10C5D000B061031010620310F8B505000E001400DE
:10C5E000FFF7B6FF7F232B40EF0985707A427A412F
:10C5F00042700022C2700683C476012F0DD0DA008B
:10C6000012498C4662448260826800211160002BCE
:10C6100009D143600E4BC360F8BDDA000D498C466A
:10C6200062448260F0E7012F09D0013BDB000A4A37
:10C630009446634443602100FFF796FFECE7013B1B
:10C64000DB00064A944663444360F4E784001050DC
:10C6500000011050800010500C00105008001050C5
:10C6600070B584B006000D0014000C22002101A852
:10C67000FFF75AFA6B461E7103236A4653710295FF
:10C68000210001A827F038FE04B070BD70B50C0081
:10C690001500FFF75DFF2A00210000F00DF970BDC5
:10C6A00010B5002804D101210520FCF7C9F810BD00
:10C6B000034B044AD52104484900FCF7DBFEC04681
:10C6C000586203108C950410B061031010B5002857
:10C6D00005D1002200218020FFF7D8FF10BD034BB9
:10C6E000034ADB2103484900FCF7C4FE58620310EB
:10C6F0007C950410B0610310024B80225202DA6470
:10C700007047C0460020115070B5041E26D100F0BD
:10C71000ADF8164D0C23AB671549FF220520FCF739
:10C72000D3F8144840220021FFF7FEF900224021EF
:10C730000020FFF751FF002240218020FFF74CFF2F
:10C7400027F042FE01232B6480239B05EB6490239A
:10C75000094AEA502000FFF7CFFF70BD074B084A97
:10C7600086210848FF31FCF785FEC04600001150C5
:10C77000DD0D002070E6022010D001005862031089
:10C78000B0950410B06103100B785B0602D14B78B2
:10C79000052B00D070478A78014B1A60FAE7C04633
:10C7A0000000115010B50A0000280DD188780979D1
:10C7B00053791B020B435B05590DD2789207920FF8
:10C7C000FFF70AFF012010BD034B044AFC21044877
:10C7D000FF31FCF74FFEC046586203106C95041001
:10C7E000B061031010B527F0EFFD10BD10B50400C7
:10C7F000080011001A00002C03D1FFF747FF0120A9
:10C8000010BD034B034A04480449FCF733FEC046FD
:10C81000586203105C950410B06103100A02000016
:10C8200010B508004B0605D1CB09012B0AD0022216
:10C83000054B9A66FFF78CFE80221201002127F03B
:10C84000A3FD10BD0122F3E70020115010B5080030
:10C850004B0600D110BDFFF77BFE0023C370002202
:10C86000014927F091FDF5E7FFF7FFFF10B58023A1
:10C870005B040C4A13600C4A13600C4B9A688023CB
:10C880005B049343F9D10A4C9C2200212000FFF75E
:10C890004BF98022520100210648FFF745F9092390
:10C8A000636710BD00E0004000F0004000C00040A1
:10C8B000000011500000105070B504000D0016006B
:10C8C000837E002B17D1A6820023E3820133A37657
:10C8D0002561200027F070FD002804D0094A90232C
:10C8E00080218902D150200027F016FD002805D0B4
:10C8F0000123237770BD27F03FFDE4E7200027F0F8
:10C900002BFDF7E70020115070B5050000240CE066
:10C9100062001219D200184B1B689B18002B2AD0FA
:10C920005B68280098470134E4B2144B1B78A3429B
:10C9300010D3134A002A0BD0A342E9D8E31ADBB282
:10C94000002B18D15A00D318DB000E4A9B18E7E7DA
:10C950002300F5E70C4C532200212000FFF7E4F8F8
:10C96000E01C1022FF21FFF7DFF820001330202207
:10C97000FF21FFF7D9F870BDD42701203C2F0320F9
:10C980004DBF001058960410542B012010B5FFF72E
:10C99000BBFF00F0EBFD10BD70B505000C001600EC
:10C9A000C86800F0EDFDE3683200012128009847D7
:10C9B00070BD0000F0B5DE4657464E46C0B582B0A9
:10C9C00000900139C8B2FFF733FD002800D18EE096
:10C9D00043789A46022B00D08BE0C5796C11012276
:10C9E0004A4B1440240119781026B1432143197091
:10C9F000AD112A405201C9B22024A1430A431A7042
:10CA0000070009378278C3781B021343C418A74272
:10CA100066D27B780B2B09D001239B467B78042BB5
:10CA20006ED1E31B9BB29946002538E0FB789B460C
:10CA30003B78FF18F2E76B005B19DB00344A16689D
:10CA4000F618002E3DD1002054E02B0032E0B268F1
:10CA5000304B9A4242D1D34640E02C49CB18DD708E
:10CA60000132D2B2934509D9BB789B18DBB2274972
:10CA7000C918C978FF29F0D000203BE026482B00D8
:10CA8000019E3200390001F075F9B4466744234B2A
:10CA90001B78AB42BBD200202CE00135EDB21F4B1E
:10CAA0001B78AB42F3D31E4A002ACED0AB42C2D889
:10CAB000EB1ADBB2002B25D15E00F618F600194BFD
:10CAC000F618B3684A46390000989847019008283C
:10CAD000E3D98145E1D35B46012BB8D00022C1E701
:10CAE000114B002B10D000E000BF012002E000201D
:10CAF00000E0002002B0E0BCBB46B246A946F0BD53
:10CB00000020F7E70020F5E70120F3E7542B012090
:10CB1000D427012035D90010672B01203C2F03209A
:10CB20004DBF0010589604100000000070B50500BD
:10CB30000C00CB7888780F2B50D89A002E498A5851
:10CB40009746FFF771FC020012232100280000F035
:10CB5000D9FC44E0294B002B42D000E000BF021E6C
:10CB600040D08178C3781B020B432100280000F0DD
:10CB7000C9FC34E0022B09D0214B002B34D000E05B
:10CB800000BF0200002A05D1002028E0FFF750FC7A
:10CB90000200F7E79178D3781B020B4321002800AD
:10CBA00000F0B0FC1BE02379617909021943FFF71B
:10CBB00043FC021E1AD003782100280000F0A2FCDA
:10CBC0000DE0104B002B13D000E000BF021E11D06F
:10CBD00003782100280000F095FC00E0002070BDE3
:10CBE0000020FCE70020FAE70020F8E70020F6E745
:10CBF0000020F4E70020F2E7CC95041000000000CC
:10CC00000000000000000000024B5878431E9841CD
:10CC1000C0B27047542B0120024B18784007C00F58
:10CC20007047C046542B0120034B1878FF38431E31
:10CC30009841C0B27047C046AC24002070B50400D3
:10CC4000FFF7F2FF061E01D0300070BD24485322CA
:10CC50000021FEF769FF234D2800FBF760FF224B00
:10CC60001D60224D2800FBF781FF143D280001F0D4
:10CC7000D5FB1F4B1D601F4B002B04D01E48FFF738
:10CC800065F91E4B186000250BE06A005219D200AE
:10CC90001A4B1B689B18002BD6D01B689847013590
:10CCA000EDB2154B1B78AB4210D3124A002A0BD0C1
:10CCB000AB42EAD8EB1ADBB2002BC5D15A00D3182D
:10CCC000DB000F4A9B18E8E72B00F5E70D4B1C70C3
:10CCD0002000FFF719FD2000FFF7E2FC0126B3E773
:10CCE000542B01200C2B0120A82B0120A424002070
:10CCF000AC2B01204DBF00103C2F0320D427012076
:10CD000058960410AC240020F0B585B007000E0042
:10CD1000150001AC0C2200212000FEF705FF0823BE
:10CD20006370029703962900200027F0E5FA05B00A
:10CD3000F0BD000070B50C00094B1D788B78702297
:10CD40001A4201D0002070BD064B9978200000F0F7
:10CD5000D5FF0028F7D021002800FFF723FDF2E7D8
:10CD6000AC240020542B0120F8B5CE46474680B5B0
:10CD700081460C0017001E00089B9846002504E021
:10CD8000099A13702378E4180135AF4214DD6378F3
:10CD9000052B16D1E1788907890FB14213D1210003
:10CDA0004846FFF7C7FF002807D0A378DA09012A11
:10CDB000E6D042461370E5E70120C0BCB946B04654
:10CDC000F8BD0020F9E70020F7E7000010B57F204C
:10CDD0000840C909400040183030044BC0180330E7
:10CDE000034B196800F046FF10BDC046542B0120CC
:10CDF000A82B012010B57F200840C9094000401829
:10CE00003030044BC0180330034B196800F05AFF50
:10CE100010BDC046542B0120A82B0120F8B5CE46EA
:10CE2000474680B5194800787F250D40CE09184C3B
:10CE30006F00E419A4193034E478E40704D5002025
:10CE4000C0BCB946B046F8BD114CE419A41930274E
:10CE5000B946A1444C46E4780127BC4667463C43AA
:10CE600027004C46E770FFF7C1FC0028E8D1084BCB
:10CE70006D005B199B193033DA7801218A43DA702F
:10CE8000DA7803318A43DA70DAE7C046AC2400204E
:10CE9000542B012070B50F4B18787F240C40CD091E
:10CEA0000D4B62009B185B193033DB789B0700D574
:10CEB00070BDFFF7B5FC084B64001B195B193033DC
:10CEC000DA7802210A43DA70DA7801210A43DA704B
:10CED000EEE7C046AC240020542B012070B50F4B68
:10CEE00018787F240C40CD090D4B62009B185B190C
:10CEF0003033DB789B0700D470BDFFF7A7FC084BED
:10CF000064001B195B193033DA7802218A43DA7026
:10CF1000DA7801398A43DA70EEE7C046AC240020A3
:10CF2000542B01207F220A40C909044B52009B1850
:10CF30005B183033D8788007C00F7047542B01201E
:10CF4000F0B5C64600B582B005000C00002000F028
:10CF500017FB227860231340602B00D17FE1402B28
:10CF600018D02278D206D20E012A00D1C5E0022ABA
:10CF700000D10BE1002A00D078E1202B17D0002B44
:10CF800000D079E16378092B00D977E19B00C24A90
:10CF9000D3589F46C14B002B00D165E1180000F02B
:10CFA000EFFA22000121280000E000BF58E12379B8
:10CFB0000F2B00D95CE1BA4AD318DB78B94A002AB2
:10CFC00005D0B94A127893420ED39B1ADBB2002BDC
:10CFD00000D04FE15900C918C900B44BC91822004C
:10CFE0002800FFF7D9FC3BE15A00D318DB00B04A18
:10CFF0001168C9180029F2D1002031E1200000F0A9
:10D00000C5FAA1782800FFF761FBA54A1378022131
:10D010000B431370012023E1A14B5B786A46063273
:10D02000137001232100280000F06CFA012017E1A1
:10D03000A6789B4B5B78DBB2B34205D0984B5B780C
:10D04000002B09D1002E13D1954B5E7021002800D2
:10D0500000F044FA012003E12800FFF7C3FB904FE2
:10D06000BB7898462800FFF74FFC4346BB70E9E7C2
:10D0700031002800FFF79EFC0028E5D1F0E02100F8
:10D080002800FFF753FDEBE0A278E3781B0213437F
:10D09000012B01D00020E3E0814A137808210B43E3
:10D0A00013702100280000F019FA0120D8E0A278BE
:10D0B000E3781B021343012B01D00020D0E0784A13
:10D0C000137808218B4313702100280000F006FA22
:10D0D0000120C5E0724B1A785109920801230B40D8
:10D0E00002210A4013436A460632138002232100BC
:10D0F000280000F007FA0120B2E023790F2B00D9B5
:10D10000BEE0674AD318DB78664A002A05D0664A33
:10D110001278934225D39B1ADBB2002B00D0B1E0EA
:10D120005900C918C900614BC91822002800FFF72F
:10D1300033FC002800D093E0237860221A4200D00C
:10D140008EE063780A3B012B00D989E000F018FAE1
:10D1500063780A2B0FD02100280000F0BFF90120CE
:10D160007EE05A00D318DB00514A1168C918002923
:10D17000DBD1002074E06B469A1D0023137001334D
:10D180002100280000F0BEF9012069E021797F200C
:10D190000840CE0970220A4200D075E0404A4000A3
:10D1A00012189219D27C3F48002805D03E480078DA
:10D1B000824212D3121AD2B2002A15D15600B618E2
:10D1C000F6003A4AB618002B10D0002E5ED022008E
:10D1D00031002800FFF7E0FB42E050008218D20047
:10D1E00033480668B618EEE70026ECE76378012BB3
:10D1F00010D0032B0ED0002B4AD12800FFF792FE4F
:10D200006B469A1D108002232100280000F07AF955
:10D21000012025E0A078E2781202024304D1012B1C
:10D2200019D02800FFF736FE002E33D0220031003F
:10D230002800FFF7B1FB002000F0A2F9184B3422C0
:10D240009B5CDB07D80F002B0AD12100280000F0DF
:10D2500045F9012004E02800FFF740FEE4E7002044
:10D2600002B080BCB846F0BD0020F9E70020F7E727
:10D270000020F5E70020F3E70020F1E70020EFE7CA
:10D280000020EDE70020EBE70020E9E70020E7E7DA
:10D290000020E5E70120E3E70C9604100000000001
:10D2A000542B01204DBF00103C2F03205896041032
:10D2B000D427012030B585B000F0D5FC002808D176
:10D2C00005B030BD01AC2078FFF760FB22795C4BE4
:10D2D0009A705C4B1C686269EFF3108172B6136838
:10D2E000002BFCD0BFF35F8FA16101A9200001F0EA
:10D2F00038F86269A369BFF35F8F0021116083F37F
:10D3000010880028DCD001AB5B78082BE1D89B00AB
:10D310004D4AD3589F4601AB1878FFF737FB4B4B6C
:10D32000002BD6D000E000BFD3E7454B1A7801248C
:10D3300001210A431A703322995CA1439954995CE4
:10D340000420814399540132995CA1439954995C1A
:10D350008143995401AB187802A9FFF7F1FD002829
:10D36000B7D101AC20780021FFF75AFA207880214C
:10D37000FFF756FAADE701AB19797F220A40CC09D5
:10D380002F4B50001B181B193033D8780125A843A8
:10D39000D870D8780335A843D870002A1CD0284B01
:10D3A00052009B181B19DB7C294A002A05D0294A08
:10D3B0001278934217D39B1ADBB2002B00D07FE781
:10D3C0005A00D318DB00244A9B181C6901A8427933
:10D3D000039B0078A0477CE701A84279039B007873
:10D3E00000F0E2F875E75A00D218D2001B4B1B6818
:10D3F0009B18002BE9D163E7114B1B78DB0700D4A6
:10D4000067E7174B002B00D163E70D4B1878000737
:10D41000C00F00E000BF5CE7094B1B78DB0700D4BE
:10D4200057E7104B002B00D153E700E000BF50E757
:10D43000029B002B00D14CE70398984749E7C04670
:10D44000542B0120AC2B0120349604100000000066
:10D450004DBF00103C2F032058960410D427012004
:10D46000000000000000000010B50023CB56002B88
:10D4700005DB802100230022FFF7D0FC10BD002136
:10D48000F8E70000F8B50500124B9F89DE89B91B4B
:10D4900089B20B1C402900D940239CB20D4B1B784C
:10D4A0005BB2002B08DB0021B74211D00A4A2300EF
:10D4B0002800FFF7B3FCF8BDB74201D18021F3E7A4
:10D4C000044B996804482200FEF734FB8021EBE707
:10D4D0000022ECE7A02A0120142B012070B50600E1
:10D4E0000D00074C08222000FEF724FB0023A36058
:10D4F000E381A38129003000FFF7B6FF70BDC0466D
:10D50000A02A0120F0B5C64600B580460C001600E2
:10D510001D00154B08221F001800FEF70BFBBE6014
:10D520000023FB81A379E179090219430B1CA9426D
:10D5300000D92B1C99B20C4A9381A279E3791B0282
:10D54000134309D0002901D0002E0AD04046FFF72E
:10D5500099FF80BCB846F0BD21004046FFF784FF2C
:10D56000F7E70020F5E7C046A02A012010B50348E0
:10D5700014220021FEF7D8FA10BDC046A02A0120CF
:10D58000014B18617047C046A02A012010B5010068
:10D59000044C08222000FEF7CDFA0023A360E381AB
:10D5A000A38110BDA02A012070B505001C00C90987
:10D5B000294B1B78DB098B4211D0002C47D1274B1C
:10D5C000002B02D02449FFF7DFF8234B1B69002B07
:10D5D00003D0214A032128009847012070BD1E4B2B
:10D5E0001B785BB2002B07DB1B4B9868002830D000
:10D5F0001B492200FEF79EFA174AD389A1B25B1895
:10D600009BB2D381916809199160D288934201D06D
:10D610003F2C18D8104B1B69002B05D00E4A022155
:10D6200028009847002804D00B492800FFF71CFF6A
:10D63000D4E700212800FFF7F3F880212800FFF746
:10D64000EFF80120CAE72800FFF71CFFC6E700201B
:10D65000C4E70020C2E7C046A02A012089C7001005
:10D66000142B012070B5040005001035280000F0CF
:10D6700062FE3F2801D8002070BDE1780020FFF74E
:10D68000A5FB0028F8D0280000F055FE3F2808D957
:10D6900092239B00E218E17840230020FFF7BEFBB5
:10D6A000EAE7E1780020FFF7A5FB0020E4E70000AF
:10D6B00010B50400FFF7A8FA002801D1002010BD22
:10D6C000FFF7AAFA002809D1064BB2229200624362
:10D6D0009B181B79DB0703D50130F0E70020EEE74C
:10D6E0000020ECE7D827012010B5B2239B0043436C
:10D6F00010330248181800F0EEFD10BDD8270120A5
:10D7000070B5B2239B005843064BC51892B2103037
:10D71000C01800F047FE04002800FFF7A3FF200018
:10D7200070BDC046D827012070B50500FFF76CFA20
:10D73000002804D10023002B09D1002070BDFFF781
:10D740006BFA002801D10123F5E70023F3E7B224A7
:10D75000A4006C432034214BE4180434200000F072
:10D76000BAFD002801D10020E8E71C4BB22292004C
:10D770006A439B1899780020FFF728FB002801D105
:10D780000020DBE7B226B6006E43A2239B009C4636
:10D790006644124BF61840223100200000F002FED1
:10D7A000041E0ED00D4BB22292006A439B1899784A
:10D7B000030032000020FFF731FB00280CD02000CE
:10D7C000BCE7064BB22292006A439B18997800206E
:10D7D000FFF710FB0020B1E70020AFE7D8270120BA
:10D7E00070B50500B224A40044432034094BE4186A
:10D7F000043492B2200000F00CFE0600200000F07D
:10D800006AFD3F2801D8300070BD2800FFF78CFF6B
:10D81000F9E7C046D827012010B5B2239B00584332
:10D820002030034BC018043000F085FD10BDC04609
:10D83000D8270120F0B5CE46474680B583B02A48A8
:10D84000B22292000021FEF76FF90027002F04D0CA
:10D8500003B0C0BCB946B046F0BD234EB224A4000C
:10D860007C433519FF236B71002398461F4AEA80D9
:10D8700001222A81AB72EB7208232B73210038310D
:10D880008919F833994620001030801943460093D7
:10D8900001334A4600F0E1FC21003931FF3189199A
:10D8A0002000203080190430012300934A4600F004
:10D8B000D4FC8E239B00E3189946B1444846FBF7FD
:10D8C0002EF94346EB614B462B6290239B009C460E
:10D8D0006444A4192000FBF722F92C6343466B63D0
:10D8E0000137FFB2B2E7C046D827012000C2FFFFD0
:10D8F00070B50025002D00D070BDB224A4006C438B
:10D900000B4EA01905220021FEF70EF92000103061
:10D91000801900F083FD2034A4190434200000F0A5
:10D920007DFD0121200000F098FD0135EDB2E1E719
:10D93000D8270120F0B583B004004B79022B4ED1DB
:10D940008B79022B4FD10023002B01D0002547E01B
:10D950002848B225AD005D4340198078002802D0E8
:10D960000133DBB2F0E7234BEE188B7833700F787E
:10D97000CF19092503E03B785D19ADB2FF187B781C
:10D98000242B01D19542F6D9052B09D07B78042BA5
:10D9900002D17B790A2B10D03000FFF763FE1FE025
:10D9A00039002000FFF7C6F900281ED0BB7873703D
:10D9B0003B785D19ADB2FF18E8E739784D19ADB283
:10D9C0007918B31C0193F31C009302230222200058
:10D9D000FFF7CAF900280AD00E35ADB2DCE7002502
:10D9E000280003B0F0BD0025FAE70025F8E7002580
:10D9F000F6E7C046D8270120F8B514001278602356
:10DA00001340202B00D07FE0444A0025002D00D099
:10DA10007CE01678277963791B023B439E4206D04F
:10DA20000135EDB2B2239B009C466244EEE7637879
:10DA3000222B31D009D8202B11D0212B03D1012941
:10DA400023D0012061E000205FE0232B05D10129D4
:10DA500049D003294CD0012057E0002055E001298E
:10DA600003D0032908D001204FE00632072321000C
:10DA7000FFF748FD012048E0294B002B48D0911DBD
:10DA80002800FEF769FA01203FE006320723210053
:10DA9000FFF738FD012038E0012903D0032906D023
:10DAA000012032E02100FFF719FD01202DE0A178CF
:10DAB000E3781B020B430120190001400E005C08B3
:10DAC000044013714B425941C9B22432100000F096
:10DAD000C4FC144B002B1DD022003100280000E0B4
:10DAE00000BF012011E02100FFF7F8FC01200CE04D
:10DAF0000D4B002B10D0A378E178090219432800C0
:10DB000000E000BF012000E00020F8BD0020FCE79D
:10DB10000120FAE70120F8E70120F6E7D8270120E5
:10DB200059BF00100000000000000000F0B5D6460C
:10DB300000B582B001900F0000930024002C0ED09D
:10DB4000002C00D07CE0EB78BB4216D0AB78BB4217
:10DB50004DD00124200002B080BCBA46F0BDB225F1
:10DB6000AD006543394BED18EB78BB42E8D0AB789C
:10DB7000BB42E5D00134E4B2E0E710239A46AA4460
:10DB800092239B00E9186B461A88504600F041FC2E
:10DB90002F4B002B1BD06B79FF2B18D0002600E0F9
:10DBA0000136009B9E4212D26A79AB1992218900FC
:10DBB0008C4663441B789A42F2D1504600F0A0FB99
:10DBC0000028EDD16979200000E000BFE8E7214B93
:10DBD000002B04D0504600F093FB002803D028000F
:10DBE000FFF740FDB2E72000FEF7F0FAF7E71A4B27
:10DBF000002B02D0200000E000BF2000FFF794FDC2
:10DC0000002801D00124A5E72800243000F063FBA0
:10DC1000002817D1009B002B16D09E0601D00124AE
:10DC200098E7A9780198FFF7D1F8041E01D10124E3
:10DC300090E7A978002300220198FFF7EFF889E721
:10DC4000002487E7012485E7012483E7D827012002
:10DC500000000000CDC100100000000010B5002041
:10DC6000FEF7ECFF10BD10B5FEF7DEFF002800D078
:10DC7000012010BD70B504000D000378DB07D80F3C
:10DC8000002B1DD123785B07DE0F002B19DB012150
:10DC90004942280026F020FB2378DB07DA0F002B0F
:10DCA00007D123785B0709D4237804221343237018
:10DCB0000126280026F0C8FA300002E01600F8E736
:10DCC000002070BD70B506000C0001214942200003
:10DCD00026F002FB33785B07DD0F002B04DB20000E
:10DCE00026F0B2FA280070BD3378DB0704D433780D
:10DCF000042293433370F2E70025F0E70279437979
:10DD00001B0213435B055B0DC2789207920F022A38
:10DD10000DD0032A17D0012A1FD1022904D0144A9A
:10DD20009A421CD3012019E08022D200F8E7022990
:10DD300003D0402B17D8012010E08022920093429C
:10DD40000FD101200AE0022904D040229A420CD3CC
:10DD5000012003E08022D200F8E700207047002075
:10DD6000FCE70020FAE70020F8E70020F6E7C046CD
:10DD7000FF03000030B58A1801E00C7809199142C0
:10DD80000AD24C78052CF8D18D787A342C40640076
:10DD90000419ED096355F0E730BD03008A1890B20D
:10DDA000814202D85A00904203DB5B009BB2C01A4A
:10DDB00080B2704770B505000800AC889A420BD35A
:10DDC000D11A89B200291ED08C4210D2944209D8AF
:10DDD000121B93B26B810AE0D11A89B266008919CD
:10DDE00089B2EFE7A21893B2F4E71B1B9BB29C42E7
:10DDF000FBD92968EA885204520C5343C918FDF72D
:10DE000099FE012070BD0020FCE770B582B00500CE
:10DE1000160093080CE00A784B781B0213438C78A9
:10DE200024041C43CB781B0623432B6004310300DE
:10DE3000581E80B2002BEED1033332001A401E422E
:10DE400001D102B070BD0023019301A8FDF772FE5D
:10DE5000019B2B60F5E7F0B5DE4657464E4645463A
:10DE6000E0B583B005008A460CA909788488E01AD9
:10DE700080B21C1B1419A4B2EF887F047E0C07002B
:10DE80007743BFB27443A4B2A3462C68A046734341
:10DE90009844002908D001291AD003B0F0BCBB4631
:10DEA000B246A946A046F0BD904205D37243414612
:10DEB0005046FDF73FFEF0E73A0041465046FDF779
:10DEC00039FE2968380050445A46FDF733FEE4E72E
:10DED000904206D3724392B241465046FFF795FFF7
:10DEE000DBE703233A009A43914641465046FFF749
:10DEF0008CFF42464A440323380018401F4230D06A
:10DF000004231B1A9BB2191C5B4500D95946CFB29A
:10DF1000FF230B405946CC1AA3B29B460023019322
:10DF200001AB04E010781870013308000132411E83
:10DF3000C9B20028F6D1296804E0087818700133C6
:10DF4000170001317A1ED2B2002FF6D1019B524642
:10DF500013605B46002BA0D05A465046FFF755FF92
:10DF60009BE72968F5E7F0B5C64600B582B01E000C
:10DF700008AB1B8809AC277884889E420FD3F51A1A
:10DF8000ADB2002D1FD0AC4205D2B44210D8331B25
:10DF90009BB24381250095420FD315000DE0F51A81
:10DFA000ADB2A8466500AC4645466544ADB2E8E76B
:10DFB000A619B3B2EDE71B1B9BB29C42FBD900979D
:10DFC0002A00FFF748FF280002B080BCB846F0BD29
:10DFD000F0B583B004000D0016001F000069002892
:10DFE00003D00121494226F077F923899BB2628947
:10DFF00001970092320029002000FFF7B4FF0500CE
:10E00000618989B2A0882A00FFF7C7FE6081206974
:10E01000002801D026F018F9280003B0F0BD70B533
:10E0200082B01600950809E00B6803701D0A457060
:10E030001D0C85701B0EC370043025006C1EA4B22D
:10E04000002DF1D1032332001A401E4201D102B04B
:10E0500070BD0B68019301A9FDF76CFDF7E7F0B502
:10E06000DE4657464E464546E0B583B005008A4633
:10E070000CA90878AC88E11A89B21C1B1419A4B247
:10E08000EF887F047E0C0F007743BFB27443A4B2C5
:10E09000A3462C68A04673439844002808D0012862
:10E0A0001AD003B0F0BCBB46B246A946A046F0BDAC
:10E0B000914205D3724351464046FDF73BFDF0E7E0
:10E0C0003A0051464046FDF735FD28683900514475
:10E0D0005A46FDF72FFDE4E7914206D3724392B210
:10E0E00051464046FFF79BFFDBE703233A009A4384
:10E0F000914651464046FFF792FF42464A44032369
:10E10000380018401F422ED004231B1A9BB2191C42
:10E110005B4500D95946CFB2FF230B405946CC1A74
:10E12000A3B29B4653461B68019301AB04E01878E9
:10E130001070013308000132411EC9B20028F6D127
:10E14000286804E0197801700133170001307A1E45
:10E15000D2B2002FF6D15B46002BA2D05A465146D0
:10E16000FFF75DFF9DE72868F5E7F0B585B006008D
:10E170000391151E029300D16DE0C068002803D002
:10E180000121494226F0A8F83489A4B2718989B2E4
:10E19000F379DB091AD1B3888C420FD3611A89B2A3
:10E1A0008B4211D95B1A9BB22F1C9D4200D91F1CB8
:10E1B000BFB2002F47D0B288230035E0611A89B280
:10E1C0005A00891889B2EBE70023EDE7B788AF4220
:10E1D0000ED8029B002B21D1ED1BF3885B045B0C56
:10E1E0006B43039A94469C44634603930C00E0E718
:10E1F0008C420DD3631A9BB25B197A0093420FDBFA
:10E200007A1B92B23800FFF7C8FD04002F00D0E758
:10E21000631A9BB27A009B189BB2EDE70C00C8E72B
:10E220002F00C6E79B1A9BB29A42FBD9029A009232
:10E230003A0003993000FFF712FFB0883A0021003E
:10E24000FFF7ABFD3081F068002801D025F0FCFF1E
:10E25000380005B0F0BD1700FAE7F0B583B0040050
:10E26000019116001D0008AB1F7880231B029A4203
:10E270002DD8C068002803D00121494226F02CF88F
:10E280002069002803D00121494226F025F8019B8E
:10E290002360A6806D046B0CE588ED0BED031D4338
:10E2A000E580FB01E2797F2717401F43E7710023D8
:10E2B00063812381E068002801D025F0C5FF206933
:10E2C000002806D025F0C0FF012003B0F0BD0020DB
:10E2D000FBE70120F9E7818803899BB2428992B26A
:10E2E000934207D39B1A9BB2081C994200D9181C71
:10E2F00080B270479B1A9BB24A009B189BB2F3E70F
:10E3000003894089181A43425841C0B27047818836
:10E3100003899BB2428992B2934206D39B1A9BB265
:10E3200000208B424041C0B270479B1A9BB24A000A
:10E330009B189BB2F4E7828803899BB2418989B21A
:10E340008B4206D35B1A9BB29A4208D9D01A80B28C
:10E3500070475B1A9BB251005B189BB2F4E7002038
:10E36000F6E770B504000D000069002803D0012114
:10E37000494225F0B1FF228992B263899BB22900FC
:10E380002000FFF717FD0500618989B2A0882A00E7
:10E39000FFF703FD60812069002801D025F054FFBC
:10E3A000280070BD10B50023FFF712FE10BDF8B5B0
:10E3B00004000E00C068002803D00121494225F066
:10E3C0008BFF2589ADB22000FFF7A1FF002802D006
:10E3D000E779FF0916D0A2882B0001E09B1A9BB2B7
:10E3E0009A42FBD92068E2885204520C5343C01869
:10E3F0003100FDF79FFBA08801222900FFF7CDFC2B
:10E4000020810127E068002801D025F01DFF380099
:10E41000F8BD10B50023FFF7A8FE10BD10B504002D
:10E42000C068002803D00121494225F055FF20692A
:10E43000002803D00121494225F04EFF00236381CB
:10E440002381E068002801D025F0FEFE2069002825
:10E4500001D025F0F9FE012010BD70B504000D00BB
:10E46000C068002803D00121494225F035FF20690A
:10E47000002803D00121494225F02EFFED01E37968
:10E480007F2119402943E171E068002801D025F07F
:10E49000DBFE2069002801D025F0D6FE012070BDEA
:10E4A00003BD10B50400FAF753FAA04710BDD023FE
:10E4B0001B061B6D9B07FAD5D0231B06586540BF72
:10E4C000704700E020BFD0231B061B6DDB07F9D58A
:10E4D000D0231B06986D7047064B802252021A60AB
:10E4E000054B1B68DB03FBD5044B802252021A60EC
:10E4F0007047C04604200140040001400430014040
:10E50000F0B587B004000D0017000F20FAF77CF972
:10E51000060000210F20FAF793F9002300930193DE
:10E520000133029303970495059400250CE0D02352
:10E530001B069B6DD0231B061B6DDB07F7D440BF6A
:10E5400007E00135052D0DD8AB006A469C58002C1C
:10E55000F0D02000FFF7ABFFFFF7B3FF8442F0D00D
:10E560000025EFE731000F20FAF76AF907B0F0BD98
:10E5700010B50B00910711D103218A439A1811009D
:10E580000C390860100008380360074B043A136028
:10E59000064B9A680648FFF7B3FF10BD054B064AC5
:10E5A00006487621FAF766FFA3E4001000ED00E0CC
:10E5B000A1E40010BC630310709604106C63031098
:10E5C00010B5064B064A934205D319009F22D2008C
:10E5D000FFF7CEFF10BD01214942F7E7080B0420E9
:10E5E00064020420A021C9058C46012283016344F2
:10E5F0001869000E10407047A0230121074ADB056F
:10E6000010B599500020FFF7EDFF0028FAD1A023A4
:10E610000121034ADB05995010BDC04644040000A7
:10E620000C040000942110B5024A0348034B8900F2
:10E63000FAF720FFD496041000640310D863031087
:10E64000014B18607047C046042B0120F0B5DE4630
:10E65000454657464E46E0B5E14F9DB04422050081
:10E660000C000490039138000021FDF75DFA0220B0
:10E67000F9F7F8F9F8600420F9F7F4F97863032062
:10E68000F9F7F0F9F8620520F9F7ECF901232A000F
:10E690005B427B61D34B3860984643CA43C303CA8D
:10E6A00003C343461C601B8A002B02D14246013340
:10E6B0001382049BCC4A1B8900215B08033B938097
:10E6C000CA480122FAF7BEF9A423C94C9A4625008C
:10E6D00026005435A42101208900F5F7D9FF5246C0
:10E6E000330070607281AE4202D01C369E61F1E749
:10E6F00000233C63E366BFF35F8FC024BD4B00265D
:10E700001B78BD4B01251B78BC4B24061B78BC4BEA
:10E710001B7803E001366408202E09D02542F9D089
:10E72000300006210136FAF7ABFC6408202EF5D143
:10E730000520FAF79FFC039B06001B681900994609
:10E74000FCF7CEF8AF4B18809B464B460004000CFC
:10E750005843B04200D092E1049B5B6899461B6825
:10E760001A799246202A00D982E1052459781A782C
:10E77000090211439A781C5712040A43D978534668
:10E780000CAE0906114330005A00FDF7D3F9484694
:10E790005146049D9C4A04AB19735C7329003300F5
:10E7A000846806960592A04706AB1900974800F0CA
:10E7B000F1FA6B68964A1B6810701A7901235B4264
:10E7C00081469C46002A0CD0350000211C0091484F
:10E7D0002B88834200D10C00013102359142F7DBD6
:10E7E000A44663463B640123059AFF2553754B46B7
:10E7F000894F002138001D40FDF73AFB43465B6816
:10E800000022DB688149984608A82B00C0475B4678
:10E8100018882A00C101C9B2400800040902014356
:10E8200008AB7A480891002100F0BEFBFA2304AA45
:10E830005B429381794B069623CB23C6039B1B7EB9
:10E84000002B00D0BDE0C026754B36029946754BB3
:10E850009846754B04936D4B06A918009A4600F034
:10E8600099FA03003800FF27704A03211F401370F4
:10E87000FDF7FEFA5B461A880123E0249B460093CD
:10E88000D301DBB2520812041B02134308937A1D12
:10E890007B1C1203DB011343654D1E2203215046EE
:10E8A0000993240302230A940B9500F02BFB3A00F2
:10E8B00008AB0321504600F077FB00210720FAF750
:10E8C00033F840210820FAF72FF840210B20FAF7FF
:10E8D0002BF85C46012000F075F9A0230021554F6C
:10E8E00019203C60544FDB05902219605F609960ED
:10E8F000514618614B4B039852008B50838A4F4905
:10E900004B60C2880A60038A9B188B60428AD318C6
:10E91000CB60837D002B00D1A4E08023DB059C46E7
:10E92000040000230B6163464B61A77B8022784281
:10E930007841049D7B1E9F4143071E4352021D43A5
:10E94000154332438A61A02212069246CD61A28904
:10E9500026894042400F0392961B40075044B2461E
:10E960006689A4887F07A34664460C6354465A46CA
:10E97000A41BA41A039A121B921B073E033C3604E5
:10E980001E4323044C46033A120414432043886276
:10E9900040463B433A430643034302434B620E6205
:10E9A000CA62274927488B60274B0D60036001200E
:10E9B0004E60CA601DB0F0BCBB46B246A946A04638
:10E9C000F0BDD026214B224A0E93224B36029946A7
:10E9D000214B9846214B0493214B0C920D933AE71F
:10E9E00064140320781C0320B02400206C1C032036
:10E9F000CC1103201C3405101834051014340510F4
:10EA000010340510282F0320E82A01200000205090
:10EA1000E22F0320C42000001C650310FC960410A4
:10EA200004C0000044C0000001C00000E12F03202A
:10EA30001E0020200424005010002050441B0320FE
:10EA40009C3D0120082B01202514002042A04410E9
:10EA5000A090F06004D0000044D0000001D000007D
:10EA60002D6003708023002204009446DB0559E7E3
:10EA7000A321054B054A0648C900FAF7FBFC4A46A4
:10EA800031000448FAF78EFDF864031094960410E0
:10EA900000640310A464031010B50168FFF7D6FDED
:10EAA00010BDC04630B51C00012383B006AA1578FE
:10EAB0001E2200930F3300F025FAE2680E490F4B37
:10EAC0000A401343E360A2680D4B1A400D4B1343F9
:10EAD000A360002D08D0B82362680B499B030A404D
:10EAE0001343636003B030BD8023626806499B0214
:10EAF0000A401343F5E7C046E0FF0FFC1E0000018B
:10EB0000FFFFF50100000A40FFFF01FFF0B5C64618
:10EB10001E4E0400337800B5834202D180BCB84653
:10EB2000F0BDC0238022982019499B000B60194B2F
:10EB3000194D1A6021000001F9F772FE0921280021
:10EB400000F016F909222B68144993432B60902397
:10EB50001B010B60002C16D09020430010481F2191
:10EB60000078D827844698460E4B5B681B790B408B
:10EB70006344EB510C4B1B7819404346E9502B681A
:10EB8000934313432B603470C8E7C046E32F032040
:10EB90002C212050382120500000205000202050EF
:10EBA000E22F0320781C0320E12F032010B5010081
:10EBB000024A034B1800F8F703FF10BD306503103D
:10EBC000E02E032070B50400002501E00135640843
:10EBD000002C05D0E307F9D52800FFF7E7FFF5E79C
:10EBE00070BD10B5040010220021FCF79DFF8023AA
:10EBF0005B022360F8235B0263608023DB02A36077
:10EC0000C0231B03A360200010BD00000523CB56CA
:10EC1000002B01DB934211D1094B9C4660444342D7
:10EC20005841084B8000C058097901238B40013BB3
:10EC30009340184043425841C0B270470020FCE75F
:10EC40000000D0AF702C012070B50A79202A19D8A5
:10EC5000174B9C46604443425841164B8000C458B1
:10EC600001239340013B497949B2002910DB080098
:10EC70002025AA1A914218DC8B401C4201D00120A9
:10EC8000404270BD0C4B0D4A0D484021FAF7F2FB93
:10EC90002020801A002805DB1A0082401442F0D0A0
:10ECA0000138F7E701204042EBE701204042E8E766
:10ECB0000000D0AF702C0120546503100897041099
:10ECC0008065031070B505000C001600FFF79EFF6D
:10ECD000002801D0002108E01648FAF763FC9A19D1
:10ECE0008B1912339B005A51013123798B4211D970
:10ECF000227863781B021343A27812041A43E37844
:10ED00001B0613434A009B5A802292019342E6D38A
:10ED10001A00E5E701229A401300013B064A944697
:10ED200065446A4255410549AD006A58B3401343F2
:10ED30006B5070BDC86503100000D0AF702C01206F
:10ED400010B5074B984204D0064A0748F8F738FE3A
:10ED500010BD064A04310448F8F732FEF8E7C04611
:10ED60000000305000660310512F0320DC650310B3
:10ED700070B506000C00002501E001356408002C88
:10ED800006D0E307F9D529003000FFF7D9FFF4E7F3
:10ED900070BD0000F8B505000E00F8F7FBFD070098
:10EDA00031002800FFF750FF041E09DB020031008C
:10EDB0002800FFF787FF3800F8F7F8FD2000F8BDBE
:10EDC0000148FAF7EFFBC046C8650310F0B5D64618
:10EDD0004F464646C0B507000E0090461D004B004A
:10EDE0005A18D20082181100DC3109688A46CC32E8
:10EDF000126891469B19DB00C833C3180433C02244
:10EE000092011343802292021A6018E02800FBF757
:10EE10000DFD42018023DB0413437400A419E400B8
:10EE20003C192200DC3213604346C34001221A40E1
:10EE3000E0231B021343D83423606B1E1D40002DBA
:10EE4000E4D172009319DB00FB18DC3351461960E2
:10EE50009219D200BF18CC374B463B60E0BCBA4693
:10EE6000B146A846F0BD0000F0B5D6464F4646462E
:10EE7000C0B507000E0090461D004B005A18D20086
:10EE800082181100DC3109688A46CC32126891463A
:10EE90009B19DB00C833C3180433C022920113430B
:10EEA000802292021A6017E02800FBF7BFFC4201A3
:10EEB0008023DB0413437400A419E4003C192200EE
:10EEC000DC3213604346C34001221A400C4B13430B
:10EED000D83423606B1E1D40002DE5D172009319BC
:10EEE000DB00FB18DC33514619609219D200BF18C1
:10EEF000CC374B463B60E0BCBA46B146A846F0BDB5
:10EF000080E00000F0B5C64600B506AC25784C00A0
:10EF10006618F60086193700DC373F68BC46CC36E9
:10EF20003668B0466418E400C83404190434C026B6
:10EF3000B60134438026B6022660002D01D01F267C
:10EF400014E0002612E05401A0256D0525434C0075
:10EF50006418E40004192700DC373D60114D354387
:10EF6000D8342560053B05321F242240052BEAD802
:10EF70009B06520113434C006218D2008218150000
:10EF8000DC352B60074B3343D832136063462B606C
:10EF90006418E4000019CC304346036080BCB846D6
:10EFA000F0BDC04680E0000070B584B004000D00E4
:10EFB000160002680121A9408A430260002B34D068
:10EFC000186869004919C90061180A00C832106040
:10EFD000586804321060986804321060DB68DC31D5
:10EFE0000B606A005319DB00D033E318802149011C
:10EFF0000B438021090619601960164BAB40A360D2
:10F000002B1D01210800984080239B012343186099
:10F0100028000830814019601F2333405219D20064
:10F02000A418D834236004B070BD6846FFF7D9FD3A
:10F0300000996B005B19DB00E3181A00C8321160FD
:10F04000019904321160029904321160039ADC3391
:10F050001A60C6E701010101F0B5DE4657464E468B
:10F060004546E0B583B0070088460620FAF702F867
:10F070007B68022213409A463B1D9946C0239B01A0
:10F0800049460B431A600224BB46070000E02C00EF
:10F09000FE2C1DD801970026A51C280242460023FD
:10F0A0000021FCF7CFFB002903D1B142EFD1B842D8
:10F0B000EDD980256D002600012D0DD96C1E310083
:10F0C00061433800FBF70CFC404505D82500F3E709
:10F0D00080256D002600EFE734003E005F463C616E
:10F0E0006B1E1B023A685340FF221202134080221B
:10F0F00052013A43136080239B014A461343524610
:10F100001A60290061433000FBF7EAFB03B0F0BC52
:10F11000BB46B246A946A046F0BD000070B504004B
:10F12000174B984228D080229202164B1A60164B39
:10F130001A60164B9B6810009843FAD12000FFF725
:10F140008BFF656802210D40231DC02292011A43E6
:10F150001160226807267240C8361640802252018C
:10F16000224316608022920113431D6024342243FF
:10F1700003241460196070BD80225202D5E7C04696
:10F1800000C0034000E0004000F0004000C000402C
:10F1900070B506000D1C081CFCF7FCFB84B2002CAB
:10F1A00012D02000FCF7CFFB011C281CFCF767FBEA
:10F1B0008721C905FCF783FBFCF7ECFBC3B21B02FC
:10F1C00024041C43346070BD0023F8E710B504002C
:10F1D00010220021FCF7A8FC80235B022360F823A7
:10F1E0005B0263608023DB02A360C0231B03A36078
:10F1F000200010BD70B504000D00FFF7E7FF6A1C8A
:10F20000636809490B40ED012B431203134363600C
:10F21000E268D200D208802189050A43E260034AED
:10F2200013406360200070BD7F00FEFFFFFFFF9F63
:10F23000F0B5CE46474680B585B004000F00914634
:10F2400098460D9D012216000C9B9E40AA40164335
:10F2500033000022FFF7BAFD012233005242390089
:10F260002000FFF701FE294B9C424CD007263100BD
:10F270000C98F9F705FF31002800F9F701FF49461E
:10F280006846FFF7B7FF039B214A13401D438023C5
:10F290005B031A002A4303921E4A15402B430C9A23
:10F2A00096023343039302991B4B0B408022920238
:10F2B00013430293194B19400A438023DB05134380
:10F2C00002930520F9F7D6FEFCF73DFB051C4346EB
:10F2D0005800FCF738FB011C281CFCF7DAFA011C6B
:10F2E0006846FFF755FF6B464A4639002000FFF796
:10F2F0005BFE23680122BA401343236005B0C0BC03
:10F30000B946B046F0BD0626B1E7C0460000205021
:10F31000E0FF0FFCFF83FFFFFFFFF5C1FFFFF501DB
:10F32000F0B5C64600B586B0019002910392039BEA
:10F3300098460299181CFCF7C2FA071C0198FCF7C2
:10F3400031FB00226F4BFBF718FD00226E4BFBF7E1
:10F35000FBFEFBF7F5FD061CFCF724FB00228023D7
:10F36000DB05FBF7F1FE0022684BFBF7F4FC020023
:10F3700049004B0800206549FBF7EDFC04000D0037
:10F38000381CFCF70FFB22002B00FBF714FDFBF7EA
:10F39000D7FD051C391C4046FCF771FA041C0021FE
:10F3A000301CFCF7C3FA002814D0FE218905301C5C
:10F3B000FCF7B6FA002846D1FE218905301CFCF77F
:10F3C000B5FA002841D08021C905301CFCF7A8FA05
:10F3D00000283ED18021C905301CFCF7A7FA00287F
:10F3E0003CD04B49301CFCF79BFA002800D06FE062
:10F3F0004749301CFCF79AFA002800D16CE08121C3
:10F40000C905301CFCF78CFA002869D18121C90597
:10F41000301CFCF78BFA002865D03E49301CFCF705
:10F420007FFA002863D13B49301CFCF77FFA0028A3
:10F4300061D03949301CFCF773FA00285FD10026EF
:10F44000351C371C0DE000260BE00026351C371C50
:10F4500007E03B1C2F1C1D1C002602E00026351C6B
:10F46000371C211C381CFCF70FFA071C211C281C18
:10F47000FCF70AFA8046211C301CFCF705FA051C33
:10F480002649381CFCF71BFAFCF784FA04AC207000
:10F4900022494046FCF713FAFCF77CFA60701F49DA
:10F4A000281CFCF70CFAFCF775FAA07005AB228853
:10F4B0001A80A2789A705A781202187810439B78B2
:10F4C0001B04174A1040184306B080BCB846F0BD74
:10F4D0002E1C3D1C0027C4E70026351C371CC0E746
:10F4E0003E1C0027BDE70026351C371CB9E73E1C33
:10F4F0002F1C0025B5E70026351C371CB1E72E1C54
:10F500000025AEE700004E40000018400000F03F2C
:10F51000000040400000A0400000C04000007F43C9
:10F52000FFFF00FF00B583B00191102809D8084BF8
:10F53000420010181818032201A9FCF7FBFA03B0C7
:10F5400000BD044B102201001800FCF791FCF6E707
:10F55000B42A01201C66031010B582B0019000246B
:10F5600005E001992000FFF7DDFF0134E4B2102C23
:10F57000F7D902B010BD10B586B004000191029217
:10F580000393080011001A00FFF7CAFE05AA1070C5
:10F5900003041B0E537003021B0E93700599200089
:10F5A000FFF7C0FF06B010BD154B5B68DB03FBD453
:10F5B000134B00221A6118E0124B51008918C85CE5
:10F5C00080085B18597889089B789B081B040902FE
:10F5D0000B430343E12109061943094B5B68DB0335
:10F5E000FBD4074B19610132D2B2102AE4D9044B83
:10F5F0005B68DB03FBD4024B012252421A61704765
:10F6000000003050B42A012010B582B00D48FCF73C
:10F61000FFFB0D490D4C2000FFF7BCFB0200172338
:10F620000193013300930A4B00212000FFF700FEF5
:10F63000084833220021FCF777FAFFF7B5FF02B044
:10F6400010BDC046386603102897041000003050E3
:10F65000404B4C00B42A012030B585B01B4B1C68D0
:10F66000002501E00135EDB2102D1AD80194FE23DA
:10F670009B05029303930199029A039B2800FFF7CD
:10F680007AFF1349201CFCF7FFF8041C1149FCF712
:10F690004DF90028E6D00F49201CFCF7F0F8041CB7
:10F6A000E0E70A4D28680C49FCF7EEF8041C2860D6
:10F6B0000849FCF73BF9002804D00649201CFCF758
:10F6C000DEF82860FFF770FF05B030BDBC240020D5
:10F6D000000020410000B4430000A04010B582B0FB
:10F6E000FCF736F9FCF75EF90D4A0E4BFBF763FBAE
:10F6F000FBF726FC041C0C49FCF720F9002800D07D
:10F70000094C201CFCF746F901AB187000225A7016
:10F710009A700198FFF720FFFFF746FF02B010BD77
:10F72000666666666666044000007F4300B583B087
:10F73000022800DD0220C301181AC0B201AB5870C4
:10F74000987018700198FFF707FFFFF72DFF03B0BF
:10F7500000BD000010B51E4B186883071AD01D4B62
:10F7600000221A701C4B1B79012B18D01A4BB022A7
:10F770009B56002B17DD174BAE3A1A70154B1B78B2
:10F78000012B19D0022B1DD0002B03D1C0B20021B8
:10F79000FFF762FF0E4A13680133136010BD0D4B73
:10F7A00003321A70EAE70C4BA4229B58002BE5DDCC
:10F7B000084BA33A1A70E1E7074BA4229858FFF7C9
:10F7C0008DFFE7E7044BB0229856FFF7AFFFE1E764
:10F7D00044F90220872F0320C807032010B5044BEB
:10F7E000044A1A60536800209847012010BDC046A3
:10F7F000B03D0120889B041010B5054B1B68002B01
:10F8000004D09B689847024B00221A6010BDC04686
:10F81000B03D012010B5034B1B68002B01D01B69C4
:10F82000984710BDB03D012010B5044B1B68002B5C
:10F8300002D0DB68984710BD0020FCE7B03D0120F6
:10F8400010B50020FFF7F0FF10BD70B50D00C30527
:10F8500005D501000220FFF7DDFF002408E00100CC
:10F860000020FFF7D7FFF8E70020FFF7DDFF0134A6
:10F87000052CF9DD29000120FFF7CCFF002402E070
:10F88000FFF7DEFF0134172CFADD70BD70B50500FF
:10F89000402404E03F212000FFF7D7FF0134552C1E
:10F8A000F8DD602404E000212000FFF7CEFF0134E2
:10F8B000F52CF8DD012404E000212000FFF7C5FF4E
:10F8C00001343F2CF8DD60210420FFF7BEFF8021CA
:10F8D0000420FFF7BAFF20210120FFF7B6FF002D1B
:10F8E00006D140210820FFF7B0FF002D27D170BDC1
:10F8F00006200121FF30FFF7A8FF402406E080200A
:10F90000400020433F21FFF7A0FF0134552CF6DDD6
:10F910006024F52C07DC8020400020430021FFF705
:10F9200094FF0134F5E7012406E0802040002043E5
:10F930000021FFF78AFF01343F2CF6DDD1E70620D6
:10F940000121FF30FFF781FFD1E7000010B5034C24
:10F950002468002C01D06469A04710BDB03D01208F
:10F9600010B5034B1B68002B01D09B69984710BD55
:10F97000B03D012010B5034B1B68002B01D0DB69A3
:10F98000984710BDB03D012010B5034B1B68002BFC
:10F9900001D01B6A984710BDB03D012010B5034B44
:10F9A0001B68002B01D05B6A984710BDB03D012059
:10F9B00010B5034B1B68002B01D09B6A984710BD04
:10F9C000B03D0120F0B5C64600B5002620E083001A
:10F9D0006A0013433343984641004F19104CDB0033
:10F9E000E218576047101F512B0033409C4661447A
:10F9F0000532FF32116043462033DB001F510130D6
:10FA00000728E4DD0135012D01DC0020F8E701368F
:10FA1000012E01DC0025F6E780BCB846F0BDC046EB
:10FA2000980B032010B5FFF7CDFF024B01221A708F
:10FA300010BDC046D82F03200378022B13D008D85E
:10FA4000002B0DD0012B02D1436A98790AE00020E7
:10FA500008E0032B02D1436A187A03E0002001E09A
:10FA6000436A58797047436ADA78002A01D1187AD4
:10FA7000F8E70020F6E7000070B50400806D83070A
:10FA800016D55423E35A9D090F222A409D0A294B7B
:10FA90009A5C08235B1B9BB25B019BB2D31A1AB220
:10FAA0001B0423D4656A2B786D782A419B186381E7
:10FAB00043070CD55423E55A2D0A636A5E7A1E4A21
:10FAC0004B015B195B009B199B009B5863710C23D6
:10FAD000034208D02000FFF7AFFF00280AD100231F
:10FAE000E3706370A3700023A36570BD636A1B7825
:10FAF0006381DDE761798B081B180F2B00DD0F2375
:10FB0000DBB2637003220A40A2702278002A08D177
:10FB1000591EC9B20A2902D80C22D21AD2B2E270F6
:10FB2000E1E70B2B04D80C22D31ADBB2E370DAE73F
:10FB30000023FBE7E4970410980B032010B55C2327
:10FB40004B43C3181A009D32FF32126852797E333C
:10FB5000FF331B789B08D3180E2B1ADD5C234B4315
:10FB6000C3181A007932FF32012414708133FF3335
:10FB700000221A805C234B43C0180300A933FF33D3
:10FB800000221A60D130FF3003680832134303604B
:10FB900010BD5C234B43C3187933FF3300221A7026
:10FBA000E8E7F8B50600F323C05C0022002500E07A
:10FBB0000132082A0BDC1300B033F31836331B78FC
:10FBC0009B06F5D5510003238B401D43F0E78306C8
:10FBD00018D5C30602D5C0239B011D43C30702D518
:10FBE0008023DB011D43030702D580231B021D4335
:10FBF000430702D580235B021D43800702D5802383
:10FC00009B021D43736A1F006F40AB421FD000244C
:10FC100004E021003000FFF791FF0134112C16DCC5
:10FC20003B00E340DB07F8D52B00E340DB07F0D4D3
:10FC30005C236343F3181A007932FF3203211170F9
:10FC4000D133FF331A6805310A431A60E5E775625C
:10FC5000F8BDF0B5C64600B50500490001230B43C9
:10FC600096B25C2080464343EB181C00A134FF345D
:10FC70002680E6246400A4469C44644624889205B9
:10FC8000920DE0277F013C401443604604804046CB
:10FC9000484328180100A131FF310E800400CD3403
:10FCA000FF34218839400A432280D133FF331A6858
:10FCB0000E210A431A60D130FF3003680B43036002
:10FCC00080BCB846F0BDF0B5CE46474680B50500CD
:10FCD000490001230B43D6B25C2081464343EB1815
:10FCE0001C00A534FF342670920290461F00CD37C9
:10FCF000FF373C88E0225201404610400200A40534
:10FD0000A40D04433C804846484328180100A5310F
:10FD1000FF310E700400CD34FF3421888905890D30
:10FD20000A432280D133FF331A680E210A431A6036
:10FD3000D130FF3003680B430360C0BCB946B04606
:10FD4000F0BD000070B504000D00413060620D226E
:10FD50000021FBF7E9FE4023E5543D3B2370014BB6
:10FD6000238170BDFF01000010B5F323C35C9B0627
:10FD700000D410BD024B034A03480449F9F77AFB4B
:10FD8000586603103497041078660310EF020000E1
:10FD900070B5051E15D00B4A0021FBF7C5FE0024E7
:10FDA00008E05C2060437930FF3028182100FFF71D
:10FDB000C9FF0134112CF4DD3A231822EA54393BEF
:10FDC0002B6370BDF407000070B506000D00094BF1
:10FDD0001B78002B0BD001210748F4F759FC041EB7
:10FDE00003D006604560FFF7D3FF200070BDFFF72A
:10FDF00019FEF0E7D82F0320F4070000F0B5C6463F
:10FE000000B582B004001700836A9B009B08802223
:10FE10001206134383628023DB009F4206D87A4B8D
:10FE200083617A4BC3610162002213E0784B794A07
:10FE300079487A49F9F71EFB9E3B0020E05412E016
:10FE400002200341DB00704883549300CB1800204C
:10FE500018600132BA4211D23420235C0133DBB284
:10FE60002354D22BE8D03423E35C6D48C35CAA2032
:10FE70004000205C0028E3D00020E2E700253BE0C2
:10FE8000217A3000FFF7F8FD46E0013533E000222B
:10FE900089E0216A5C236B43E3181A009532FF3234
:10FEA00011608133FF3300229A5EFF235B009A4288
:10FEB00009DDA33BFF3B6B43E3187933FF331B782A
:10FEC000002B00D083E04346E3183733FF331B7821
:10FED000002B73D0A36AE26A00923A00310020003E
:10FEE00001F0D8FAB84206D04346E3183733FF335F
:10FEF0001B78002B77D10135112D77DC5C236B4308
:10FF00001E007936FF36A6196A109046E318D133E1
:10FF1000FF331B68002BB3D1A1695C236B43E3184B
:10FF20001A00B132FF3211605622FF32A15C1A0072
:10FF3000B532FF321170E2699133FF331A60EB077B
:10FF4000A7D433005C3308229A5EFF235B009A42F9
:10FF50000BDDA33BFF3BF35C002B06D04346E318CD
:10FF60003733FF331B78002B8FD05C236B43E318B0
:10FF70008133FF3300229A5EFF235B009A4209DD42
:10FF8000A33BFF3B6B43E3187933FF331B78002B14
:10FF900000D07CE7A36AE26A00923A0031002000B8
:10FFA00000F014FE0200BA42A5D0E0695300C01868
:10FFB000BA1A52000021FBF7B7FD9CE7A36AE26A78
:10FFC00000923A003100200001F032F88AE7002068
:10FFD00088E7236A82009B181A68E1694600715E0F
:10FFE00052181A600130B842F3D384E7E36A226BF7
:10FFF0007A439B18DB04DB0CE362A36ADB19A36280
:020000041001E9
:1000000002B080BCB846F0BD1CF40220A8FC02205F
:10001000B0660310F497041078660310C60600005B
:100020000C98041070B50D0014000269C3689A4260
:1000300004D12200FFF7E2FE00220EE0084B094A3D
:1000400009480A49F9F716FA9000281803685B1066
:100050001B04190C5B1803600132A242F4D370BD7B
:10006000D8660310CC970410786603103F07000091
:1000700070B505001400FF231940042912D06B1835
:1000800036331C7001291ED0042918D0CB1F0B2B2E
:1000900026D8082917D1E3091ED1A30901241C4041
:1000A0002C7210E053B2002BE9DAFE23DB000022B1
:1000B000C2543A32815C7F230B40835403E0E30750
:1000C00002D4A40704D470BD8348FBF7A1FEF8E76F
:1000D0008248FBF79DFEF6E78148FBF799FEDCE7D7
:1000E0000B00203B1F2B25D87E4A9B009A58002AE4
:1000F000E9DB5C235343EB181A009D32FF32116891
:10010000E00988721568A00901210840E8721568A5
:1001100060090840E870106825092940417211689B
:100120000F2222400A71D133FF331A68FF210A439C
:100130001A60C8E70B00403B1F2B19D8694A9B0087
:100140009A58002ABFDB5C235343EB181A009D32F8
:10015000FF321168A0000870A40912686249095DA5
:100160005170D133FF331A68FF210A431A60AAE79E
:100170000B00603B1F2B18D85A4A9B009A58002A44
:10018000A1DB5C235343EB181A009D32FF32116848
:100190002009487111680F2222408A71D133FF3340
:1001A0001A6808210A431A608DE70B00803B1F2B59
:1001B00019D84C4A9B009A58002A00DA83E75C233E
:1001C0005343EB181A009D32FF3211682009C871A1
:1001D00011680F2222400A72D133FF331A680821B6
:1001E0000A431A606FE70B00A03B082B19D90E00D9
:1001F000B03E082E23D90B00C03B082B37D859003E
:100200005C224A43AA189D32FF3211686008072217
:1002100002408A7001222240EB183733FF331A70F4
:1002200051E71031691836310A781202C02189006D
:100230000A40A21819002800FFF70BFD43E722022D
:10024000C0239B001A4010396B1836331B78D21824
:1002500031002800FFF7FDFCA408072222403100EE
:100260002800FFF730FD2800FFF79BFC2BE7BD2996
:100270001FD0E0391F2900D925E73723EB5C9B0607
:1002800000D420E7174B8900CA58002A00DA1AE781
:100290005C235343ED182B009D33FF331B6803226F
:1002A00014401C73D135FF352A68012313432B609A
:1002B00009E72800FFF758FD2800FFF772FCE20964
:1002C000AA235B00EA54A409543BFF3B1C4056237D
:1002D000FF33EC54F7E6C046F866031010670310CE
:1002E000286703104C9704104897041010B5490074
:1002F000104C2160236A1B88616A09880B43C1681E
:100300005B189BB292B29A1891B2FF231A400A4B23
:100310005200D05E0A0A7F231340184104D009B26C
:10032000002902DB400000B210BDC043400000B213
:10033000FAE7C046800000D020990410F0B583B0E1
:100340000C0011001A00636A18792F4B8000C05806
:100350002C23E35C98406085268DB3059B0D00043B
:10036000000C58433C23E35C002B43D0F6090723E1
:100370001E40F600254BF618254B264DDD62656ABA
:100380002F7B03253D40ED00234FED199D60234D4C
:100390001D63234DDD60234D234FEF626063A86032
:1003A000206B286021482863EE6008986860A06B85
:1003B000A6697608801B1861638D2B61F8204000C8
:1003C00000900825635F65895B190193834218DB00
:1003D0006B461B68DB00E360A369E06940081B1AF9
:1003E00023620723200001F0D3FF0E4B1B68236319
:1003F00003B0F0BDF60907231E40F6000C4BF618BB
:10040000BAE701ABE5E7C046E098041028250020D4
:10041000800000D028080000C8240020202401000B
:1004200000100420C00000D00B2404000A080000C3
:10043000E8240020F0B583B00C0011001A00636AB4
:1004400018792F4B8000C0582C23E35C98406085BE
:10045000268DB3059B0D0004000C58433C23E35C40
:10046000002B43D0F60907231E40F600254BF61853
:10047000254B264DDD62656A2F7B03253D40ED004F
:10048000234FED199D60234D1D63234DDD60234DEA
:10049000234FEF626063A860206B286021482863C7
:1004A000EE6008986860A06BA6697608801B1861EA
:1004B000638D2B61F820400000900825635F6589FB
:1004C0005B190193834218DB6B461B68DB00E3601A
:1004D000A369E06940081B1A23620323200001F08E
:1004E00057FF0E4B1B68236303B0F0BDF6090723CB
:1004F0001E40F6000C4BF618BAE701ABE5E7C04624
:10050000E098041028250020800000D02808000072
:10051000C82400202024010000100420C00000D0C6
:100520000B2404000A080000E8240020F0B583B082
:100530000C0011001A00636A18792F4B8000C05814
:100540002C23E35C98406085268DB3059B0D000449
:10055000000C58433C23E35C002B43D0F6090723EF
:100560001E40F600254BF618254B264DDD62656AC8
:100570002F7B03253D40ED00234FED199D60234D5A
:100580001D63234DDD60234D234FEF626063A86040
:10059000206B286021482863EE6008986860A06B93
:1005A000A6697608801B1861638D2B61F8204000D6
:1005B00000900825635F65895B190193834218DB0E
:1005C0006B461B68DB00E360A369E06940081B1A07
:1005D00023620523200001F0DBFE0E4B1B68236322
:1005E00003B0F0BDF60907231E40F6000C4BF618C9
:1005F000BAE701ABE5E7C046E098041028250020E3
:10060000800000D028080000C82400202024010019
:1006100000100420C00000D00B2404000A080000D1
:10062000E8240020F0B583B00C0011001A00636AC2
:1006300018792F4B8000C0582C23E35C98406085CC
:10064000268DB3059B0D0004000C58433C23E35C4E
:10065000002B43D0F60907231E40F600254BF61861
:10066000254B264DDD62656A2F7B03253D40ED005D
:10067000234FED199D60234D1D63234DDD60234DF8
:10068000234FEF626063A860206B286021482863D5
:10069000EE6008986860A06BA6697608801B1861F8
:1006A000638D2B61F820400000900825635F658909
:1006B0005B190193834218DB6B461B68DB00E36028
:1006C000A369E06940081B1A23620123200001F09E
:1006D0005FFE0E4B1B68236303B0F0BDF6090723D2
:1006E0001E40F6000C4BF618BAE701ABE5E7C04632
:1006F000E098041028250020800000D02808000081
:10070000C82400202024010000100420C00000D0D4
:100710000B2404000A080000E824002010B582B071
:10072000486A847A002C12D08078002809D00924E5
:10073000201A08710F48049C0094FFF7FFFD02B0D7
:1007400010BD0D48049C0094FFF774FEF7E7807815
:10075000002808D00924201A08710848049C009435
:10076000FFF7E4FEEBE70648049C0094FFF75AFF0E
:10077000E5E7C0464B1501102B150110FF140110C1
:10078000E1140110F0B583B00C0011001A00636A87
:1007900018792F4B8000C0582C23E35C984060856B
:1007A000268DB3059B0D0004000C58433C23E35CED
:1007B000002B43D0F60907231E40F600254BF61800
:1007C000254B264DDD62656A2F7B03253D40ED00FC
:1007D000234FED199D60234D1D63234DDD60234D97
:1007E000234FEF626063A860206B28602148286374
:1007F000EE6008986860A06BA6697608801B186197
:10080000638D2B61F820400000900825635F6589A7
:100810005B190193834218DB6B461B68DB00E360C6
:10082000A369E06940081B1A23620623200001F037
:10083000AFFD0E4B1B68236303B0F0BDF609072321
:100840001E40F6000C4BF618BAE701ABE5E7C046D0
:10085000E098041028250020800000D0280800001F
:10086000C82400202024010000100420C00000D073
:100870000B2404000A080000E8240020F0B583B02F
:100880000C0011001A00636A18792F4B8000C058C1
:100890002C23E35C98406085268DB3059B0D0004F6
:1008A000000C58433C23E35C002B43D0F60907239C
:1008B0001E40F600254BF618254B264DDD62656A75
:1008C0002F7B03253D40ED00234FED199D60234D07
:1008D0001D63234DDD60234D234FEF626063A860ED
:1008E000206B286021482863EE6008986860A06B40
:1008F000A6697608801B1861638D2B61F820400083
:1009000000900825635F65895B190193834218DBBA
:100910006B461B68DB00E360A369E06940081B1AB3
:1009200023620223200001F033FD0E4B1B6823637A
:1009300003B0F0BDF60907231E40F6000C4BF61875
:10094000BAE701ABE5E7C046E0980410282500208F
:10095000800000D028080000C824002020240100C6
:1009600000100420C00000D00B2404000A0800007E
:10097000E8240020F0B583B00C0011001A00636A6F
:1009800018792F4B8000C0582C23E35C9840608579
:10099000268DB3059B0D0004000C58433C23E35CFB
:1009A000002B43D0F60907231E40F600254BF6180E
:1009B000254B264DDD62656A2F7B03253D40ED000A
:1009C000234FED199D60234D1D63234DDD60234DA5
:1009D000234FEF626063A860206B28602148286382
:1009E000EE6008986860A06BA6697608801B1861A5
:1009F000638D2B61F820400000900825635F6589B6
:100A00005B190193834218DB6B461B68DB00E360D4
:100A1000A369E06940081B1A23620423200001F047
:100A2000B7FC0E4B1B68236303B0F0BDF609072328
:100A30001E40F6000C4BF618BAE701ABE5E7C046DE
:100A4000E098041028250020800000D0280800002D
:100A5000C82400202024010000100420C00000D081
:100A60000B2404000A080000E8240020F0B583B03D
:100A70000C0011001A00636A18792F4B8000C058CF
:100A80002C23E35C98406085268DB3059B0D000404
:100A9000000C58433C23E35C002B43D0F6090723AA
:100AA0001E40F600254BF618254B264DDD62656A83
:100AB0002F7B03253D40ED00234FED199D60234D15
:100AC0001D63234DDD60234D234FEF626063A860FB
:100AD000206B286021482863EE6008986860A06B4E
:100AE000A6697608801B1861638D2B61F820400091
:100AF00000900825635F65895B190193834218DBC9
:100B00006B461B68DB00E360A369E06940081B1AC1
:100B100023620023200001F03BFC0E4B1B68236383
:100B200003B0F0BDF60907231E40F6000C4BF61883
:100B3000BAE701ABE5E7C046E0980410282500209D
:100B4000800000D028080000C824002020240100D4
:100B500000100420C00000D00B2404000A0800008C
:100B6000E824002010B582B0486A847A002C12D0A4
:100B70008078002809D00924201A08710F48049CA5
:100B80000094FFF7FFFD02B010BD0D48049C0094D7
:100B9000FFF774FEF7E78078002808D00924201AB0
:100BA00008710848049C0094FFF7E4FEEBE7064850
:100BB000049C0094FFF75AFFE5E7C0469B1601101E
:100BC0007B1601104F1601103116011010B582B0BE
:100BD0004C6AE47A002C05D0049C0094FFF79EFD3B
:100BE00002B010BD049C0094FFF7BCFFF8E70000C2
:100BF000F0B583B00C0011001A00636A18792F4B0E
:100C00008000C0582C23E35C98406085268DB30596
:100C10009B0D0004000C58433C23E35C002B43D0A5
:100C2000F60907231E40F600254BF618254B264DE6
:100C3000DD62656A2F7B03253D40ED00234FED19F2
:100C40009D60234D1D63234DDD60234D234FEF62D7
:100C50006063A860206B286021482863EE600898D4
:100C60006860A06BE669B608801B1861638D2B6114
:100C7000F820400000900825635F65895B190193A7
:100C8000834218DB6B461B68DB00E360A369E06905
:100C900040081B1A23620B23200001F079FB0E4B46
:100CA0001B68236303B0F0BDF60907231E40F6005E
:100CB0000C4BF618BAE701ABE5E7C046E098041024
:100CC00028250020800000D028080000C82400202B
:100CD0002024010000100420C00000D00B240400D8
:100CE0000A080000E8240020F0B583B00C001100D1
:100CF0001A00636A18792F4B8000C0582C23E35CDC
:100D000098406085268DB3059B0D0004000C584368
:100D10003C23E35C002B43D0F60907231E40F6007A
:100D2000254BF618254B264DDD62656A2F7B032582
:100D30003D40ED00234FED199D60234D1D63234D74
:100D4000DD60234D234FEF626063A860206B286055
:100D500021482863EE6008986860A06BE669B608D1
:100D6000801B1861638D2B61F820400000900825DE
:100D7000635F65895B190193834218DB6B461B68CF
:100D8000DB00E360A369E06940081B1A23620923C2
:100D9000200001F0FDFA0E4B1B68236303B0F0BD89
:100DA000F60907231E40F6000C4BF618BAE701AB14
:100DB000E5E7C046E098041028250020800000D018
:100DC00028080000C824002020240100001004206E
:100DD000C00000D00B2404000A080000E824002012
:100DE00010B582B0486A807A002806D00648049C74
:100DF0000094FFF7FDFE02B010BD0448049C00946F
:100E0000FFF772FFF7E7C046A11501107915011031
:100E1000F0B583B00C0011001A00636A18792F4BEB
:100E20008000C0582C23E35C98406085268DB30574
:100E30009B0D0004000C58433C23E35C002B43D083
:100E4000F60907231E40F600254BF618254B264DC4
:100E5000DD62656A2F7B03253D40ED00234FED19D0
:100E60009D60234D1D63234DDD60234D234FEF62B5
:100E70006063A860206B286021482863EE600898B2
:100E80006860A06BE669B608801B1861638D2B61F2
:100E9000F820400000900825635F65895B19019385
:100EA000834218DB6B461B68DB00E360A369E069E3
:100EB00040081B1A23620A23200001F069FA0E4B36
:100EC0001B68236303B0F0BDF60907231E40F6003C
:100ED0000C4BF618BAE701ABE5E7C046E098041002
:100EE00028250020800000D028080000C824002009
:100EF0002024010000100420C00000D00B240400B6
:100F00000A080000E8240020F0B583B00C001100AE
:100F10001A00636A18792F4B8000C0582C23E35CB9
:100F200098406085268DB3059B0D0004000C584346
:100F30003C23E35C002B43D0F60907231E40F60058
:100F4000254BF618254B264DDD62656A2F7B032560
:100F50003D40ED00234FED199D60234D1D63234D52
:100F6000DD60234D234FEF626063A860206B286033
:100F700021482863EE6008986860A06BE669B608AF
:100F8000801B1861638D2B61F820400000900825BC
:100F9000635F65895B190193834218DB6B461B68AD
:100FA000DB00E360A369E06940081B1A23620823A1
:100FB000200001F0EDF90E4B1B68236303B0F0BD78
:100FC000F60907231E40F6000C4BF618BAE701ABF2
:100FD000E5E7C046E098041028250020800000D0F6
:100FE00028080000C824002020240100001004204C
:100FF000C00000D00B2404000A080000E8240020F0
:1010000010B582B0486A807A002806D00648049C51
:101010000094FFF7FDFE02B010BD0448049C00944C
:10102000FFF772FFF7E7C046F1160110C91601106D
:1010300010B582B04C6AE47A002C05D0049C009470
:10104000FFF7CEFE02B010BD049C0094FFF7D8FF5E
:10105000F8E70000F0B583B00C0011001A00636AD5
:1010600018792F4B8000C0582C23E35C9840608592
:10107000268DB3059B0D0004000C58433C23E35C14
:10108000002B43D0F60907231E40F600254BF61827
:10109000254B264DDD62656A2F7B03253D40ED0023
:1010A000234FED199D60234D1D63234DDD60234DBE
:1010B000234FEF626063A860206B2860214828639B
:1010C000EE6008986860A06BE669B608801B18613E
:1010D000638D2B61F820400000900825635F6589CF
:1010E0005B190193834218DB6B461B68DB00E360EE
:1010F000A369E06940081B1A23620F23200001F056
:1011000047F90E4B1B68236303B0F0BDF6090723B4
:101110001E40F6000C4BF618BAE701ABE5E7C046F7
:10112000E098041028250020800000D02808000046
:10113000C82400202024010000100420C00000D09A
:101140000B2404000A080000E8240020F0B583B056
:101150000C0011001A00636A18792F4B8000C058E8
:101160002C23E35C98406085268DB3059B0D00041D
:10117000000C58433C23E35C002B43D0F6090723C3
:101180001E40F600254BF618254B264DDD62656A9C
:101190002F7B03253D40ED00234FED199D60234D2E
:1011A0001D63234DDD60234D234FEF626063A86014
:1011B000206B286021482863EE6008986860A06B67
:1011C000E669B608801B1861638D2B61F82040002A
:1011D00000900825635F65895B190193834218DBE2
:1011E0006B461B68DB00E360A369E06940081B1ADB
:1011F00023620D23200001F0CBF80E4B1B68236304
:1012000003B0F0BDF60907231E40F6000C4BF6189C
:10121000BAE701ABE5E7C046E098041028250020B6
:10122000800000D028080000C824002020240100ED
:1012300000100420C00000D00B2404000A080000A5
:10124000E824002010B582B0486A807A002806D0D1
:101250000648049C0094FFF7FDFE02B010BD044850
:10126000049C0094FFF772FFF7E7C046F5150110E4
:10127000CB150110F0B583B00C0011001A00636AA1
:1012800018792F4B8000C0582C23E35C9840608570
:10129000268DB3059B0D0004000C58433C23E35CF2
:1012A000002B43D0F60907231E40F600254BF61805
:1012B000254B264DDD62656A2F7B03253D40ED0001
:1012C000234FED199D60234D1D63234DDD60234D9C
:1012D000234FEF626063A860206B28602148286379
:1012E000EE6008986860A06BE669B608801B18611C
:1012F000638D2B61F820400000900825635F6589AD
:101300005B190193834218DB6B461B68DB00E360CB
:10131000A369E06940081B1A23620E23200001F034
:1013200037F80E4B1B68236303B0F0BDF6090723A3
:101330001E40F6000C4BF618BAE701ABE5E7C046D5
:10134000E098041028250020800000D02808000024
:10135000C82400202024010000100420C00000D078
:101360000B2404000A080000E8240020F0B583B034
:101370000C0011001A00636A18792F4B8000C058C6
:101380002C23E35C98406085268DB3059B0D0004FB
:10139000000C58433C23E35C002B43D0F6090723A1
:1013A0001E40F600254BF618254B264DDD62656A7A
:1013B0002F7B03253D40ED00234FED199D60234D0C
:1013C0001D63234DDD60234D234FEF626063A860F2
:1013D000206B286021482863EE6008986860A06B45
:1013E000E669B608801B1861638D2B61F820400008
:1013F00000900825635F65895B190193834218DBC0
:101400006B461B68DB00E360A369E06940081B1AB8
:1014100023620C23200000F0BBFF0E4B1B682363EC
:1014200003B0F0BDF60907231E40F6000C4BF6187A
:10143000BAE701ABE5E7C046E09804102825002094
:10144000800000D028080000C824002020240100CB
:1014500000100420C00000D00B2404000A08000083
:10146000E824002010B582B0486A807A002806D0AF
:101470000648049C0094FFF7FDFE02B010BD04482E
:10148000049C0094FFF772FFF7E7C0464517011070
:101490001B17011010B582B04C6AE47A002C05D0FD
:1014A000049C0094FFF7CEFE02B010BD049C009493
:1014B000FFF7D8FFF8E70000084B01229A635B6A48
:1014C0001B785BB2002B03D0428D5343034A536316
:1014D000024B9A685A63586B7047C046C00000D0F0
:1014E00070B504001500FFF7E7FF0100A3696D0068
:1014F0005D1900222000FEF7F9FE288070BD70B54E
:101500000400160045690369ED18027915412DB2F2
:101510004361FFF7D1FF291800222000FEF7E6FE05
:101520002061A3697600985370BD70B50400150062
:10153000FFF7C2FF0100A36BA6696A00B6185A5DE7
:101540002000FEF7D3FE308070BD70B50400160099
:1015500045690369ED18027915412DB24361FFF722
:10156000ABFFA36B9A5D29182000FEF7BFFE206138
:10157000A3697600985370BD70B5050014008369A7
:101580005200D65EFFF798FF311800222800FEF7C0
:10159000ADFEEB69A4001C1923681B18236070BD05
:1015A00070B50500140083695200D65EFFF784FF12
:1015B000AB6B1A5D31182800FEF798FEEB69A400AA
:1015C0001B191A6812181A6070BD70B50500140056
:1015D000FFF772FF010000222800FEF787FEEB698B
:1015E000A2009B181A68A9696400615E401812186D
:1015F0001A6070BD70B505001400FFF75DFF0100B3
:10160000AB6B1A5D2800FEF771FEEB69A2009B1818
:101610001A68A9696400615E401812181A6070BDEA
:10162000024B9A685A63586B7047C046C00000D09E
:1016300070B504001500FFF7F3FF0100A3696D000A
:101640005D1900222000FEF751FE288070BD70B5A4
:101650000400160045690369ED18027915412DB2A1
:101660004361FFF7DDFF291800222000FEF73EFE50
:101670002061A3697600985370BD70B50400150011
:10168000FFF7CEFF0100A36BA6696A00B6185A5D8A
:101690002000FEF72BFE308070BD70B504001600F0
:1016A00045690369ED18027915412DB24361FFF7D1
:1016B000B7FFA36B9A5D29182000FEF717FE206183
:1016C000A3697600985370BD70B505001400836956
:1016D0005200D65EFFF7A4FF311800222800FEF763
:1016E00005FEEB69A4001C1923681B18236070BD5C
:1016F00070B50500140083695200D65EFFF790FFB5
:10170000AB6B1A5D31182800FEF7F0FDEB69A40001
:101710001B191A6812181A6070BD70B50500140004
:10172000FFF77EFF010000222800FEF7DFFDEB69D6
:10173000A2009B181A68A9696400615E401812181B
:101740001A6070BD70B505001400FFF769FF010055
:10175000AB6B1A5D2800FEF7C9FDEB69A2009B1870
:101760001A68A9696400615E401812181A6070BD99
:10177000022801D000207047FF20FCE77047704727
:10178000014B18607047C0467805032010B5030070
:10179000CAB2034908681900FEF76AFC10BDC046CA
:1017A000E03D012010B5002802D1094B196010BDA1
:1017B000022806D00128FAD1054B1868FFF7E6FF8A
:1017C000F5E780235B000B43014A1360EFE7C04657
:1017D000800B032010B5064B1B78002B00D110BDE9
:1017E0000020F5F7E9FF024B00221A70F7E7C04628
:1017F000432F032010B5002909D0084B1B7B8B42D7
:1018000005D3074B9C4661440901401810BD054BA8
:10181000054A06480649F7F72DFEC0466825002010
:10182000FFFFFF0F406703107C9B041060670310ED
:1018300009020000F8B504001500FFF7DBFF076898
:10184000466829002000FFF7D5FF026843680120A1
:10185000B34201D802D00020C0B2F8BDBA42FBD8D2
:10186000F9E7000010B5002908D0037B8B4205D3AF
:1018700000684B005B18033BC01810BD024B034AC5
:1018800003486821F7F7F6FD10570310609B04101A
:101890002C57031070B50400857B002D01D1280062
:1018A00070BD2900FFF7DEFF4378A373002B00D142
:1018B000E3730023837043700370F0E7F0B583B0E7
:1018C000040016001F00002802D1002003B0F0BD64
:1018D00016482100FFF7C6FF050015482100FFF755
:1018E00089FF040002684368921BBB4109980021EC
:1018F000F9F7A8FF089A0023F9F730F88019794121
:10190000206061602878099B0193089B0093320056
:101910003B00FFF7D3FF6878099B0193089B009376
:1019200032003B00FFF7CAFFCFE7C0466825002022
:10193000A0300020F8B506000C001500FFF792FF5C
:101940000700002C0DD0002D11D0AC4215D029007D
:101950003000FFF787FF84703B78002B13D13D7078
:10196000F8BD0A4B0A4A0B486F21F7F783FD0A4B73
:10197000074A08487021F7F77DFD084B044A0548DF
:101980007121F7F777FD43703D70E9E78457031045
:101990003C9B04102C570310905703109C570310C6
:1019A00070B506000D001400002914D0002A14D0D0
:1019B000436880689847002806D02200290030003C
:1019C000FFF7B8FF280007E02A0021003000FFF7EA
:1019D000B1FF200000E0100070BD0800FCE700002F
:1019E00070B504000D1E0CD0FFF73CFF0023837080
:1019F00043700370617B2A002000FFF7D1FF607302
:101A000070BD034B034A0448A521F7F733FDC046D8
:101A1000B4570310509B04102C57031010B5044CFE
:101A2000044A054823000A21F7F731F9200010BDC8
:101A3000A0300020351801106825002070B5F5F79A
:101A4000B3FE002804D1104B00221A70012070BD93
:101A50000E4B00221A600E4B002400251C605D60B6
:101A6000FFF7DCFF0B4B18600B4B1C605D600B49F4
:101A70000B48FEF7A9F90B4B18600B48F5F79CFED5
:101A8000014B01221A70E1E7432F03207805032060
:101A900098300020F42F0120882F002034C200004D
:101AA000A09E3600E03D0120CD1C0110024B587B6A
:101AB000434258417047C0466825002010B502488F
:101AC000F7F7CBF810BDC0466825002010B5024BD3
:101AD0001868FFF7F3FF10BDF42F0120F8B50500DB
:101AE0000F0016001648FFF7D5FE041E12D00100A5
:101AF0002800FFF77FFE069A079B02604360002ED6
:101B00000ED0104B9F4214D186600D482100FFF784
:101B100067FFF8BD0C4B0D4A0D480E49F7F7AAFCBC
:101B20000D4B9F42F0D00D4B084A09480C49F7F77E
:101B3000A1FC0C4B054A06480B49F7F79BFCC04635
:101B400068250020C9350010B45703106C9B0410A1
:101B50006067031027020000552E001098670310DD
:101B60002D020000B86703102E020000F0B583B00C
:101B700006000F0094461A0009490A4B0C684D688C
:101B800018685968241A8D41074B1868A4197D41BB
:101B9000009401956146FFF7A1FF03B0F0BDC04678
:101BA000882F002098300020F42F012070B5040009
:101BB0000E0015000C4B5B7B002B01D1002070BD8B
:101BC00009480121F7F7F8F801002000FFF712FE9D
:101BD0008368002B05D0054B336083682B600120A0
:101BE000EDE7034BF8E7C04668250020C935001033
:101BF000552E001010B5064B597B002902D100204C
:101C0000002110BDFFF7F6FD41680068F9E7C04606
:101C10006825002070B582B002000023C10E40018B
:101C2000801A9941C60D4D0235434402A4185D4106
:101C3000A60EA9013143A001001BA94180185941FA
:101C40001D4A0023F8F78AFE04000D001B490A68AC
:101C50004B6812196B410A604B60194B1B68002BD3
:101C600011D018490A684B6812196B410A604B6021
:101C700009E06A4601A92000FFF798FF002819D063
:101C80000098019B9847104B1C682000FFF70EFF3F
:101C900000280FD12000FFF7ADFF0A4B1A685B68E0
:101CA00080185941054B1A685B68994202D8E0D107
:101CB0009042DED902B070BD34C20000882F0020EF
:101CC0007805032098300020F42F0120F0B583B070
:101CD0000500304B1B78022B02D0EE6800240BE08D
:101CE0000020F1F7B7F8F8E7371B00233B4335D165
:101CF000E4193800FFF78EFFB44239D2264B1B6837
:101D0000002BF1D1254B1F683800FFF7CFFE0028CC
:101D1000EAD13800FFF76EFF214B1A685B68801824
:101D20005941204B1A685B68801A99411E4A00236A
:101D3000F9F788FD1D4A0023801859411C4A0023E9
:101D4000F8F70CFE0190371B00230029CED19942F1
:101D500001D1B842CAD807000B00C7E72B68596801
:101D6000A300C918134B18683A00FEF75BF9BFE7E8
:101D7000EB68AB602B685868002204E05100435EBA
:101D8000DB0043520132AB685B009342F6D803B0EC
:101D9000F0BDC046AE2F032078050320F42F0120AC
:101DA00098300020882F002034C200003F420F00EE
:101DB00040420F00E03D012000B583B00949814257
:101DC00009D10949487B0599019104990091FFF7D0
:101DD00075FD03B000BD054B054A06480649F7F7F7
:101DE00049FBC046A030002068250020E0670310B2
:101DF000209B0410606703105B02000010B582B0E6
:101E00000400054B1A685B6804480068019100945F
:101E1000FFF7D2FF02B010BD882F0020F42F012061
:101E2000BC6C7C677C6F64003C603D6A7C6A248883
:101E30002D882543C4682D192C06E40D644424889C
:101E40006D04B641F6436D0EEC4001D07440640061
:101E50000C800231514500DA404748470125BD67F3
:101E60007C6E247864B23D6D6C43BD6C64197C67F4
:101E70007C6F64003C603D6A7C6A24882D88254321
:101E8000C4682D192C06E40D644424886D04B64101
:101E9000F6436D0EEC4001D0744064000C800231BA
:101EA000514500DA40474847BC6C7C677C6F3D6910
:101EB0004E08AE5D64003C603D6A7C6A24882D88D3
:101EC0002543C4682D19AD192C06E40D64442488FB
:101ED0006D04B641F6436D0EEC4001D074406400D1
:101EE0000C800231514500DA404748470125BD6763
:101EF0007C6E247864B23D6D6C43BD6C64197C6764
:101F00007C6F3D694E08AE5D64003C603D6A7C6A52
:101F100024882D882543C4682D19AD192C06E40D9D
:101F2000644424886D04B641F6436D0EEC4001D044
:101F3000744064000C800231514500DA4047484744
:101F4000BC6C7C677C6F056946694561AD19067993
:101F5000F540641964003C603D6A7C6A24882D88E1
:101F60002543C4682D192C06E40D644424886D04AF
:101F7000B641F6436D0EEC4001D07440640004613C
:101F80000C800231514500DA404748470125BD67C2
:101F90007C6E247864B23D6D6C43BD6C64197C67C3
:101FA0007C6F056946694561AD190679F54064198C
:101FB00064003C603D6A7C6A24882D882543C4689F
:101FC0002D192C06E40D644424886D04B641F643B3
:101FD0006D0EEC4001D07440640004610C8002314D
:101FE000514500DA40474847BC6C7C677C6F056907
:101FF00046694561AD190679F54064193D694E0899
:10200000AE5D64003C603D6A7C6A24882D8825436F
:10201000C4682D19AD192C06E40D644424886D04A0
:10202000B641F6436D0EEC4001D07440640004618B
:102030000C800231514500DA404748470125BD6711
:102040007C6E247864B23D6D6C43BD6C64197C6712
:102050007C6F056946694561AD190679F5406419DB
:102060003D694E08AE5D64003C603D6A7C6A248830
:102070002D882543C4682D19AD192C06E40D644440
:1020800024886D04B641F6436D0EEC4001D07440D7
:10209000640004610C800231514500DA4047484732
:1020A000BC6C7C677C6F4D0875442E88344464009A
:1020B0003C603D6A7C6A24882D882543C4682D19BC
:1020C0002C06E40D644424886D04B641F6436D0E7D
:1020D000EC4001D07440640004610D6825440D603B
:1020E0000431514500DA404748470125BD677C6E01
:1020F000247864B23D6D6C43BD6C64197C677C6F61
:102100004D0875442E88344464003C603D6A7C6A06
:1021100024882D882543C4682D192C06E40D6444B9
:1021200024886D04B641F6436D0EEC4001D0744036
:10213000640004610D6825440D600431514500DAE6
:1021400040474847BC6C7C677C6F4D0875442E88BF
:1021500034443D698E08AE5D64003C603D6A7C6A33
:1021600024882D882543C4682D19AD192C06E40D4B
:10217000644424886D04B641F6436D0EEC4001D0F2
:102180007440640004610D6825440D6004315145BC
:1021900000DA404748470125BD677C6E247864B269
:1021A0003D6D6C43BD6C64197C677C6F4D08754454
:1021B0002E8834443D698E08AE5D64003C603D6A03
:1021C0007C6A24882D882543C4682D19AD192C06F6
:1021D000E40D644424886D04B641F6436D0EEC4072
:1021E00001D07440640004610D6825440D60043121
:1021F000514500DA40474847BC6C7C677C6F6400FF
:102200003C603D6A7C6A24882D882543C4682D196A
:102210002C06E40D644424886D04B641F6436D0E2B
:10222000EC4001D0744064004D0875442E8834445D
:102230000D6825440D600431514500DA4047484798
:102240000125BD677C6E247864B23D6D6C43BD6C26
:1022500064197C677C6F64003C603D6A7C6A2488FA
:102260002D882543C4682D192C06E40D6444248868
:102270006D04B641F6436D0EEC4001D0744064002D
:102280004D0875442E8834440D6825440D60043192
:10229000514500DA40474847BC6C7C677C6F3D691C
:1022A0008E08AE5D64003C603D6A7C6A24882D889F
:1022B0002543C4682D19AD192C06E40D6444248807
:1022C0006D04B641F6436D0EEC4001D074406400DD
:1022D0004D0875442E8834440D6825440D60043142
:1022E000514500DA404748470125BD677C6E247898
:1022F00064B23D6D6C43BD6C64197C677C6F3D6955
:102300008E08AE5D64003C603D6A7C6A24882D883E
:102310002543C4682D19AD192C06E40D64442488A6
:102320006D04B641F6436D0EEC4001D0744064007C
:102330004D0875442E8834440D6825440D600431E1
:10234000514500DA40474847C046C046C046C046EF
:10235000211E01105D1E0110A91E0110ED1E0110AD
:10236000411F01108D1F0110E91F01103D200110B8
:10237000A1200110EB20011045210110972101102F
:10238000F92101104122011099220110E9220110C6
:10239000F0B544464D4656465F46F0B4644618B420
:1023A00082B0DD0803D14C0081690C4402E08C004E
:1023B000C1690C44A24601948D4C9B00E458A3468D
:1023C0008C4CA446046AA6468B4F0478002C52D14C
:1023D0008A4CA1464378002B02D0C4780123A34045
:1023E000013B874C874D4678AE5D750603D36E0E74
:1023F0008578ED007619A41900940589002D01D186
:1024000001321FE0804CA04601321A4200D05847EA
:102410000489C5781600EE407607760F009DAD5D05
:10242000E6436E43F610A4190481458964191F26FA
:102430003601B44200DD3400E400C4600489002C9D
:1024400000D05847446AA479002C04600DD0457927
:10245000AE07B60F8670AD0864190F2C00DD0F248F
:1024600044700C252D1B00D3C570012404708A46CE
:10247000624CA0465847019CA1426CD0A246047809
:10248000012C68D1614CA1464378002B02D0C4785E
:102490000123A340013B5A4C5D4D4678AE5D750665
:1024A00003D36E0E8578ED007619A4190094541CA0
:1024B0001C4209D00489456AED790F2D04D0260904
:1024C000AE4201D1224629E0524CA04601321A42C6
:1024D00000D05847009CC5781600EE407607760F6E
:1024E000A55D04896419650A00D04B4C04814589B7
:1024F00064191F263601B44200DD3400E400C460D4
:102500000489456AED790F2D02D02609AE4205D027
:10251000651C6D0A00D158478A465847466AF578C7
:102520000024002D00D1347A0460002C0DD04579B0
:10253000AE07B60F8670AD0864190F2C00DD0F24AE
:1025400044700C252D1B00D3C570022404708A46EC
:102550002E4CA0465847019CA14237D0A246047891
:10256000022C33DB2D4CA1464378002B02D0C478DB
:102570000123A340013B224C254D4678AE5D7506F4
:1025800003D36E0E8578ED007619A4190094244CBF
:10259000A04601321A4200D05847009CC578160068
:1025A000EE407607760FA55D048964190481661CE8
:1025B000750A09D1458964191F263601B44200DD28
:1025C0003400E400C46058478A46584702B0FCBC57
:1025D0009C46A046A946B246BB46D20803D18069B4
:1025E000091A4808F0BDC069491A8108F0BD000009
:1025F0005023011000140420800000D07724011023
:10260000001604207016042009240110572501101B
:1026100080160420CD240110FF010000CD250110FB
:1026200093250110827AC37A1B0213431B041B14E7
:102630005A1C0ED0084A10685A00D3189B00074A4B
:102640001268D3180A229A5ED3009B189B00C01808
:1026500070470020FCE7C04644130320B414032055
:10266000027B437B1B0213431B041B145A1C0ED01A
:10267000084A10685A00D3189B00074A1268D318FA
:102680000A229A5ED3009B189B00C0187047002056
:10269000FCE7C04644130320B414032010B582693C
:1026A000054B1A4200D110BD044B054A7C21054858
:1026B000FF31F6F7DFFEC04601000010F46703109B
:1026C000B49B04100C68031010B582690C4B1A42BD
:1026D00011D041890B4A8B005B185B001268D3183C
:1026E0001A79587900021043000400142D21F8F7DC
:1026F000CFF8400710BDFFF7D1FFC06AFAE7C04628
:10270000010000107CF90220F0B5C64600B51C4E51
:102710003268D30F9B185B101A4D2A68D3182B60B0
:10272000194F3A68D30F9B185B10184C2268D318C6
:102730002360174B98461968164B18680004EFF78A
:1027400080FA306043461968134B18680004EFF7AD
:1027500078FA38603368DA0FD21852102E68B61A39
:102760002E60C20F1218521021688A1A22609B191B
:102770000A490B6080180A4B186080BCB846F0BD4F
:1027800054F9022058F9022048F9022060F9022089
:10279000940E0320143F0120083F01205CF9022021
:1027A00064F90220084B094A12681A60084B094A6A
:1027B00012681A60084B094A12681A60084B094AE5
:1027C00012681A607047C0462805032058F9022095
:1027D0002C05032060F902202405032054F902206F
:1027E0002005032048F9022010B5204B1968204B22
:1027F0001960204B1B68204A1360204A127852B29D
:10280000002A20D11E4A1F48006810601E4A1F4837
:10281000006810601A4A12688A181D4802601A4A35
:1028200012689B181B4A13601B4B18680004EFF7D3
:102830000DFA0100194B186080204002EFF706FAEC
:10284000174B186010BD174A12681468E068CA0F69
:1028500052185210821A0A4802602069DA0FD21800
:102860005210821A08480260D4E7C04624050320AB
:1028700054F902202005032048F90220B825002041
:1028800058F902202805032060F902202C050320B6
:102890005CF9022064F90220143F0120BC250020CD
:1028A000940E0320480B032070B50E4B1A68D30F0B
:1028B0009B185B100C4C20680C4A12689B180C4A41
:1028C000C1008B500B4B1D68EB0F5B195B100A4D61
:1028D0002D685B195218536001300A21F7F7D8FFB1
:1028E000216070BD54F9022080F9022058F90220BD
:1028F00084F9022048F9022060F9022070B5394BB2
:10290000394A1A60394B1A60394B3A4A1A603A4BC5
:102910001A60002212E038480068834201DD364820
:1029200003608878CB781B0203431B041B142D49DA
:1029300009688B4217DA2B490B6001322F4B1B8839
:10294000934217DD93002E490868C118C05C4B788C
:102950001B0203431B041B14244800688342DADA79
:1029600022480360DDE7224909688B42E5DD204902
:102970000B60E2E71D4B186800041860194B1A68D9
:1029800012041A601C4B196809041960184C23685A
:102990001B042360091A1B4801609B1A1A4D2B6007
:1029A0001A4B802292031A60194B1A60194B18684F
:1029B0000004EFF74BF904002968174B186800046E
:1029C000EFF744F9844200DD0400144A14608021CA
:1029D000114B186800048903EFF738F9104B1860A1
:1029E00070BDC04660FB0220FFFFFF7F5CFB022042
:1029F000E8F9022001000080E4F90220162F0320EC
:102A0000741C0320E0F90220D8F9022058FB0220B0
:102A100050FB0220143F0120083F012054FB0220FC
:102A2000DCF9022010B5264B1B68002B03D1244A89
:102A30005268002A05D0234A00211170224A2349F6
:102A40001160234A11685B1813601D4A52682149BE
:102A5000086812180A6020490868C10F091849104F
:102A60005B181E4C2468A3421ADD194B641A1C60C3
:102A70001B4B1968CB0F5B185B10D218194C2468DC
:102A8000A24215DD134AE41A1460114B1B68C318E7
:102A9000154A13600F4B1B68C918144B196010BD01
:102AA000134C2468A342E3DA094B641A1C60DFE785
:102AB000104C2468A242E8DA064AE41A1460E4E7FB
:102AC0004CF90220B82500200C3F0120FFFFFF7FBA
:102AD00058F9022060F9022054F90220E4F902209A
:102AE00048F90220E8F902205CF9022064F902208A
:102AF0005CFB022060FB022070B5354B01221A708E
:102B0000344B354A1A60354A00231360344A536007
:102B10001360344B802252021A60334B1A60334CDC
:102B20002168334B18680004EFF78BF8314B1860BD
:102B30002168314B18680004EFF783F802002F4B2F
:102B400018602F4B002159562E4B5B5C002B2BD06D
:102B5000D4234B432C495B182C490B602B4B1B682F
:102B60001868C168234C2568EB0F5B195B10CB1A02
:102B7000274D2B600369D00F801840101B1A254E7B
:102B80003360FFF74FFF244B2A681A60234B3268EB
:102B90001A60234B22681A60224B184A12681A6086
:102BA000214819F0C5F970BD184B17491960002369
:102BB000032BD3DC1349C95C002901D10133F7E7AA
:102BC000D4214B4310495B1810490B60C6E7C0463F
:102BD000442F03200C3F0120FFFFFF7F042D012025
:102BE0004CF9022044E60220CC040320940E03207A
:102BF000143F012054F90220083F012048F9022027
:102C0000522F0320C4070320C8070320480B0320CA
:102C100058F9022060F90220280503202C05032022
:102C2000240503202005032094250020002305E02F
:102C3000054AD9000120404288500133092BF7DDB5
:102C4000024B00221A60704784F9022080F90220AA
:102C500010B5154A00231360144A1360144A136018
:102C6000144BA02252001A60134B983A1A60FFF7D7
:102C7000DDFFFFF743FE114B18681149EEF7E6FF41
:102C8000104B1860104B1B68984203DD0D4B0B4A2C
:102C900012681A600B4B196880204002EEF7D6FFCD
:102CA0000A4B186010BDC04610F402201C3F0120E2
:102CB000183F0120143F0120083F012054FB02204F
:102CC00033B30000BC250020DCF90220940E032061
:102CD00010B5054B00221A70044819F029F9044B6D
:102CE00001221A7010BDC046442F03207C2500200D
:102CF000AC25002010B5134B1B78002B1FD0114BB7
:102D000000221A70104B00229A56104B1B785BB2AF
:102D10009A4207D10E4B00229A560E4B1B785BB29B
:102D20009A4209D0FFF794FF074B084A12781A70AD
:102D3000074B084A12781A70FFF7DEFE10BDFFF746
:102D4000C7FFDCE7AC25002079250020722F032087
:102D500078250020712F032010B5064B1968064B0B
:102D6000196080204002EEF771FF044B1860FFF7F6
:102D7000CBFC10BD54FB0220BC250020940E032088
:102D800010B5064B1968064B196080204002EEF71B
:102D90005DFF044B1860FFF7B7FC10BDDCF90220A3
:102DA000BC250020940E032030B583B00400C24B34
:102DB0001B78002B11D10378002B00D072E1426800
:102DC000BE4B1B789A4201D000256CE1FFF792FFC1
:102DD000BB4B00221A70012565E10378002B00D05F
:102DE00011E14368B74A12789A4235D0B64A127850
:102DF0009A425CD0B54A12789A426AD0B44A1278A4
:102E00009A4277D0B34A12789A4200D184E0B24A0B
:102E100012789A4200D187E0A84A12789A4200D1EB
:102E20008AE0AE4A12789A4200D18FE0AC4A12781A
:102E30009A4200D19BE0AB4A12789A4200D1B0E0AE
:102E4000A94A12789A4200D1C2E0A84A12789A425E
:102E500000D1CFE0002505E0A54B1B785BB2002B2D
:102E60001BD00025A34B1B785BB2002B04D0A24BD8
:102E70001B78032B00D916E1217AA048EEF76EFEED
:102E8000002800D10FE19E4C002020560130032184
:102E9000F7F7FEFC2170002505E19A4B19688020A8
:102EA000C002EEF7CEFE984B18600125DAE7904B92
:102EB0001B785BB2002B01D00025D3E7914B19683A
:102EC0008020C002EEF7BDFE40428F4B1860012506
:102ED000C8E7874B1B785BB2002B01D00025C1E708
:102EE000884B19688020C002EEF7ABFE864B586015
:102EF0000125B7E77E4B1B785BB2002B01D0002584
:102F0000B0E7804B19688020C002EEF79AFE40427D
:102F10007D4B58600125A5E77C4B7D4A1A607D4BAF
:102F20007D4A1A6001259DE7784B7B4A1A60794BF0
:102F3000774A1A60012595E7784B00221A60604BAA
:102F400001321A70FFF7C4FE01258BE7734A13683C
:102F500059424B411360002B05D0FFF723FCFFF7CC
:102F6000FBFE01257EE7FFF73FFC01257AE7604A7B
:102F70000023D35659424B415BB21370684A6949EA
:102F80001160002B06D0684B1968684BA0228B504B
:102F9000012567E7644B1968654BA0228B5001251A
:102FA00060E7644A0023D35659424B415BB2137029
:102FB000002B06D05C4B19685F4BA0228B5001257B
:102FC00050E7594B19685D4BA0228B50012549E70A
:102FD0005B4B5C4A5C4D5D490968009114212800F7
:102FE000F0F706FE504B1A68A023D550FFF75CFCA3
:102FF000012537E7FFF71AFE4B4B1968544BA02207
:103000008B5001252EE7012B01D000254BE04368B2
:103010002C4A12789A4215D02B4A12789A421BD029
:103020002A4A12789A4221D0294A12789A4227D005
:10303000284A12789A422DD0274A12789A4229D0EB
:10304000002530E02A4B1B785BB2002B2ED12E4B93
:1030500000221A60002526E0254B1B785BB2002B6E
:1030600026D1294B00221A6000251CE0204B1B783A
:103070005BB2002B1ED1244B00225A60002512E0C7
:103080001B4B1B785BB2002B64D11F4B00225A6094
:10309000002508E01D4B802252021A601D4B1A6069
:1030A000002500E00025E8B203B030BD0025FAE7B6
:1030B0000025F8E70025F6E7442F032069230020C8
:1030C000E42F03206D2300206C2300206F230020B9
:1030D0006E2300206A2300206B2300206823002039
:1030E000672300206623002065230020642300203E
:1030F000B82500205D2F0320D4250020B025002016
:103100004F2F0320940E03204CF90220CC040320FF
:10311000FAFA000044E602201E050100342D0120C9
:103120000C3F0120FFFFFF7F480B0320486803107E
:1031300058680310772F0320686803107068031025
:103140007C68031088680310182F012080F9022082
:10315000906803100025A6E710B5104B1968104CB5
:103160002068EEF76EFD0100206080204002EEF73F
:103170006DFD0C4B186023680B4A1268934206DB06
:103180000A4A1268934205DDFFF7FAFD10BDFFF70A
:10319000E3FDFBE7FFF7B8FAF8E7C046CC040320ED
:1031A000BC250020940E032054FB0220DCF90220F1
:1031B000F0B5C64600B5234B1A68234B1B681B6845
:1031C000D868824204D11F4A52681B699A4236D09D
:1031D0001E4B98461968EEF734FD1D4F3968000CF8
:1031E0000004EEF72EFD1B4D2A68D30F9B185B10D1
:1031F000C01A194E3060144C23681B68424611688F
:103200001869EEF71EFD3968000C0004EEF719FD91
:10321000124B1B68DA0FD2185210801A104A106035
:103220003268296852180F490A601B180E4A136049
:1032300023681A68D168034B196012695A6080BC10
:10324000B846F0BD0C3F0120480B0320BC250020F0
:10325000940E032054F9022058F9022048F9022064
:1032600060F902205CF9022064F9022010B5124BCB
:103270001B78002B18D0114A136801331360104BD0
:103280001B785BB2002B10D10E4B1A6880235B02B7
:103290009A420DD10C4B1B68002B03D10A4B5B6883
:1032A000002B01D0FFF7BEFB10BDFFF781FFEBE75E
:1032B000FFF752FFEEE7C046442F0320042D012004
:1032C000B825002044E602204CF9022010B5010088
:1032D000094B1B68A82B07DC084A12685A43084BA5
:1032E0001868F8F721FC10BD064B074ADC21074897
:1032F0008900F6F7BFF8C046083F0120143F0120BF
:103300004C3F0120A4680310D09B0410BC6803103C
:10331000F0B5DE4657464E464546E0B585B0050059
:103320000C004368A74A1268934205DCA649096865
:103330008B420BDB002300E00823E9688A4207DBAD
:10334000A14A1268914219DB002202E00423F4E74B
:1033500008221A4200D02BE128689C490F68B84225
:103360000EDA01210B43A9688F4210DD01210A43C7
:1033700016001E401A4211D000201AE10422E8E78C
:10338000934909688842EEDD02210B43EBE7904E3A
:103390003668B142ECDD02210A43E9E78D4B9846DD
:1033A0001968C01BEEF74DFC00148B4B9B461B6845
:1033B000C0182060894F3B68994668684346196881
:1033C000814B9A461B68C01AEEF73BFC00144B4633
:1033D0001B1A834A914612689B186360A86843468B
:1033E00019687A4B1B68C01AEEF72BFC00145B4679
:1033F0001B68C018A0603F68E868434619685346D8
:103400001B68C01AEEF71DFC00143B1A4A461268EE
:103410009B18E3606268002A05DB704909688A42EC
:103420000CDA350000E008252268002A08DB6D4927
:1034300009688A4206DB0222154303E00425F3E70C
:1034400001221543002B05DB644A1268934202DB1C
:10345000042600E00826A368002B06DB614A1268F8
:10346000934204DB02231E4301E001231E43330089
:103470002B4001932E4273D000209AE0370075E074
:103480007B0713D56368E168591AA06822689246E1
:10349000801A524A126891469B1A5843F7F7F8F976
:1034A000504402904B46013B03936FE0BB0713D59A
:1034B000E06863689A46C01AA1682368C91A494A35
:1034C0001268013A9146D31A5843F7F7E1F950448C
:1034D00003904B46029359E0FB070FD5E068636801
:1034E0009946C01AA1682368C91A5B425843F7F786
:1034F000CFF9484403900023029347E0002302934E
:10350000039343E002AB220003CB03C26368002BAA
:1035100005DB324A126893420CDA019D00E008256F
:103520002368002B08DB2F4A1268934216DB022324
:103530001D4313E00425F3E701231D430EE0082695
:10354000A368002B08DB274A1268934206DB02239C
:103550001E4303E00426F3E701231E432E422FD12E
:103560002B00334322D0002D88D02F003B0787D576
:103570006368E168591AA06822689146801A584326
:10358000F7F786F94844029000230393BD42B9D06F
:1035900002AA2300083303CA03C3E368002BCEDB6F
:1035A0000E4A12689342D5DA019EC9E7012000E075
:1035B000002005B0F0BCBB46B246A946A046F0BD0F
:1035C0000020F6E764F9022060F9022058F9022091
:1035D0005CF90220BC250020183F0120083F012093
:1035E0001C3F0120143F0120F0B5D6464F46464609
:1035F000C0B582680368D21AD41715196540A94668
:103600006C00A246002A12DB01229046C468426880
:10361000A41AE617A71977407E00002C0BDB0124C3
:10362000A446B9451DDD54466710F71B0CE0012286
:1036300052429046EAE701246442A446F1E762441C
:1036400054463F1B4344BF19134C24685443E418A9
:10365000124D2D68295584689C4217D0002FEEDA50
:10366000F0E777105446E71B03E04344BF1B624476
:103670005744094C24685443E418084D2D682955D3
:10368000C468944202D0002FEFDAF0E7E0BCBA46FB
:10369000B146A846F0BDC046143F01204C3F012072
:1036A00010B50C000549FFF733FE002800D110BD0E
:1036B00002482100FFF798FFF9E7C046643F012068
:1036C00070B584B005002B4B1A682B4B1B68D31ABE
:1036D000590214D0D917490A5B185B025B0A5B1ABE
:1036E00080242404E41AA418244B1E68B618244B22
:1036F0001B680193234A12689B1803930BE0140084
:10370000F2E70094029429006846FFF7C9FF80237E
:103710001B049C466444B442F3DB194B1A681A4BF1
:103720001B68D31A590214D0D917490A5B185B02D7
:103730005B0A5B1A80242404E41AA418114B1E6847
:10374000B6180C4B1B6800930C4A12689B18029326
:103750000BE01400F2E70194039429006846FFF798
:103760009FFF80231B049C466444B442F3DB04B0F7
:1037700070BDC04658F90220442D012054F90220A2
:1037800060F9022048F90220482D0120F8B55A4B73
:103790001C6800251AE0200015F00EFA002856D10A
:1037A000564B1B68DB6B002B0ED0227963791B0212
:1037B00013431B0608D452486321FFF771FF03E04F
:1037C0004F48B021FFF76CFF01350E344D4B1B887D
:1037D000AB4200DC8FE04C4B1A68217863781B0207
:1037E0000B431B049B13D018D15C43781B020B4383
:1037F0001B0443490B60207863781B0203431B04BE
:103800009B13D3189878DB781B0203431B044B608F
:10381000A078E3781B0203431B049B13D618D05CEB
:1038200073781B0203431B048B60A078E3781B02B0
:1038300003431B049B13D2189078D3781B020343D5
:103840001B04CB60314B1B785BB2002BA3D02279D9
:1038500063791B0213431B0604D52C4B1B785BB208
:10386000002BB1D02000FEF7FBFE0028A8D02000DE
:1038700015F02AF927280CD023799B0613D5234B62
:103880001B785BB2002B09D01D48B021FFF708FF61
:103890009AE71B48B821FFF703FF95E71848B021C6
:1038A000FFF7FEFE90E72000FEF7DAFE0600002399
:1038B000C75E2000FEF7B6FE0022835E9F4210D155
:1038C0000223F25E0221435E9A420FD10F4B1B7816
:1038D0005BB2002B00D177E709486021FFF7E0FEDB
:1038E00072E707484021FFF7DBFE6DE70448E72158
:1038F000FFF7D6FE68E7F8BD30F80220480B03203A
:10390000C8F20220002F0320741C03204F2F032035
:10391000F0B5D6464F464646C0B505000E00D40C5D
:1039200080231B01E31817495A008846575A1B0188
:103930008022520292461340FF1A00683900EEF7C7
:1039400080F98146630042469B5A24015246144046
:103950001C1B30682100EEF774F94B461B1A994680
:1039600028682100EEF76DF9040030683900EEF7A1
:1039700068F9241834604B462B60E0BCBA46B14667
:10398000A846F0BDD4EB0310F0B5DE4657464E46D0
:103990004546E0B585B083468A4616001F000F9B5A
:1039A0009946109B9846002524E03000EEF749F92F
:1039B000009001993000EEF744F9019024E03A00BC
:1039C00001A96846FFF7A4FF20E03000EEF739F9BF
:1039D000029003993000EEF734F9039022E0029B45
:1039E0004B440293039B434403930E996846FFF7AD
:1039F00057FE013555451DDA2C015C4421680091C4
:103A000063680193002ED0D1002FD8D1009B4B4486
:103A10000093019B43440193A1680291E3680393DF
:103A2000002ED2D1002FDAD03A0003A902A8FFF766
:103A30006FFFD4E705B0F0BCBB46B246A946A0462E
:103A4000F0BD0000F0B5C64600B584B0394B1B7818
:103A5000002B03D001256D42002446E0364B1B7835
:103A60005BB2002B16D0354B1B681D682800FEF793
:103A70002BFE0300324C2A690292EA680192D1229D
:103A80000092002210212000FFF77EFF04B080BCCE
:103A9000B846F0BD294B1B681D682800FEF714FED0
:103AA0000300284C2A690292EA680192D12200920E
:103AB000002207212000FFF767FFE7E7F62398467B
:103AC000214BD4226243D7583800FEF7FDFD030096
:103AD0001C4E3A690292FA68019242460092002214
:103AE00007213000FFF750FF0134032CCEDC0135F5
:103AF000D4236343144A9B18144A127852B2002A02
:103B000007D0134A1278002A03D10C4A12689A424D
:103B1000EAD1104B1B5D002BE6D00B4BD422624345
:103B20009B185B6B002BC9D10B4BAA00D35898464E
:103B3000C6E7C046982F03204F2F0320480B0320D1
:103B40000C9C04100C9D0410C80703205D2F03205B
:103B5000BC2F0320C4070320C09B0410F0B585B020
:103B6000060000271EE0002400E00024002C18D0EE
:103B70002000FEF7A9FD03008022154D2169029166
:103B8000E16801910096520303212800FFF7FCFE33
:103B9000A48B002CE9D080231B059C466444A40020
:103BA000E4E701370B4B1B88BB420EDD0A4AFB00E2
:103BB000DB199B001268D3189C8A002CD3D0802379
:103BC0001B059C466444A400D0E705B0F0BDC04688
:103BD000DC9B0410082F032044130320F0B5C646D5
:103BE00000B5002400E00134092C39DC1E4BE20052
:103BF000D058431CF7D01D4E31681D4B1B68C01AAE
:103C0000EEF71FF805141B4B98461B68ED181A4B6E
:103C10001F68154BE2009B1858683168174B1B68EA
:103C2000C01AEEF70EF800143F1A154B1B68FF1868
:103C3000A2B2013292B241460968A942D3DC1149CD
:103C400009680539A942CEDBBB42CCDC0A4B1B68B4
:103C5000063BBB42C7DB39002800EEF725FDC2E773
:103C600080BCB846F0BDC04684F90220BC250020C7
:103C700058F90220183F0120083F012060F9022076
:103C80001C3F0120143F0120064B1B680133064AEC
:103C900012685A43D30F9B185B10044A1268D05421
:103CA0007047C046083F0120143F01204C3F0120CF
:103CB00010B5144B1B78002B00D110BD124B134ACA
:103CC00012681A600020FFF701FB114B1B785BB2F2
:103CD000002B0ED1FFF75AFDFFF7B4FE0D4B1B78FA
:103CE0005BB2022B09D06020FFF7CEFFFFF776FF13
:103CF000E3E76820FFF7E4FCECE710217020FFF712
:103D00002DFFF0E7442F03204C3F012040310020DD
:103D1000772F03204F2F0320704710B5EEF7DEFCFE
:103D2000431E9841C0B210BD30B583B0334B1B78F1
:103D3000012B19D9022B13D0032B49D0022B4BD0C6
:103D40002F4B1B78042B03D82C4A1278032A47D018
:103D5000052B03D8294B1B78022B45D003B030BD6F
:103D6000284A1278012AE7D1254B04221A7001242F
:103D70000EE06D2D0BD1224B04221A70E0E7204B90
:103D800001221A70DCE71E4B03221A70D8E70134B7
:103D9000032CD5DC1C4A230006216846EFF728FFD8
:103DA0006846EEF7D9FC0028F1DD01216846EEF700
:103DB00021FD05786846EEF737FD6C2DE3D0D8D8A5
:103DC0006A2DDCD06B2DE2D10D4B02221A70B7E7C1
:103DD0000B4B05221A70B3E7094B06221A70AFE7A6
:103DE000064A01211170B3E7064B1B78023BDBB298
:103DF000012BB3D8034B01221A70AFE7D525002061
:103E0000D4250020732F03200069031010B5094B3F
:103E10001B78002B0CD1EDF723F8041E08D02000EE
:103E200004F0C0FD0028F6D1200001F05BFEF2E7AF
:103E300010BDC046D32F032010B51BF0A7F92F4BA0
:103E40001B782F4A1278934242D001242D4A1278CF
:103E5000002A01D0022A34D1002B03D12A4B1B683F
:103E6000002B37D1F3F7CCF9244B1B78002B03D16F
:103E7000264B1B78002B30D0204B1B78244A12781D
:103E8000934201D0002B32D11C4B1B781C4A13707B
:103E90001F4A13701F4B1B78002B12D01B4B1B7833
:103EA000002B28D11C4B196804311C4B1B68443B68
:103EB000D80FC01840101A4B1B68C0183222EEF7FA
:103EC000F9FB20001DF0DEFFEDF7F4F8200010BD37
:103ED0000024BBE703F0F0FBC4E7124B1B785BB296
:103EE000D4205843104BC01814F02CFFC4E7002016
:103EF000F2F7C0FBC8E70421D7E7C046752F0320BF
:103F0000C1250020E72F03206CE60220442F032068
:103F1000C0250020A82F0320B01C0320980E0320EA
:103F2000AC1C0320642F0320C807032010B5EDF755
:103F300077FEEFF7F1FEF3F753F9EFF7CDFDEDF76D
:103F400059FEEDF758FEEDF757FEEDF756FE04204B
:103F5000EDF754FE044B67221A7002325A70073A8A
:103F60009A701032DA7010BDB4F2022010B5F2F778
:103F70007DFBEDF7DFF80C4B0C4A00215156D422A3
:103F80004A43D05817F086F8094B1B78002B09D00C
:103F9000084B1B78002B05D1FFF74EFF064B1B7813
:103FA000002BF9D110BDC046C8070320522F0320B3
:103FB000D52300209E2F0320E72F032010B5164B9A
:103FC0001B78032B1BD0154B01221A70144B186859
:103FD000F2F74EFBF3F7A4F9F3F7AEF8EDF7AAF812
:103FE000EEF772FB14F09EFB0E48F7F711FFEDF7AA
:103FF00091F80D48F7F70CFFFFF7B8FFFCE70B4B04
:104000001B78052B03D00A4B1B78002BDBD009480B
:10401000F7F7FEFED7E7C046762F0320882F032050
:1040200048E60220F0690310106A0310702F032085
:10403000982F032008690310014B01221A70704762
:104040003F2F032010B5054A1368013B1360002B76
:1040500000DB10BDFFF7F0FFFBE7C0468005032043
:1040600070B54A4B00215956494BD4224A439A18FD
:1040700000231371474A1370474A1370474A13705D
:10408000474A1370474B1C78052C0ED0464D2868C4
:1040900001300621F6F7FCFB2960434B1A68062A1B
:1040A0002AD89300414AD3589F463F4D2868013093
:1040B0000721F6F7EDFB2960EFE73D4B1A78022A5E
:1040C0000ED03C4BAA2119603B4B032119703B4B8E
:1040D0003B491960022A08D01D2017F053F90BE064
:1040E000344B8221FF311960EEE7422017F04AF984
:1040F00002E0344802F0BCFC334B1B78032B35D074
:1041000070BD2C4BC8221A602B4BC53A1A702B4B32
:104110002E4A1A60F0E72E4802F0AAFCECE7264B84
:1041200003221A70224B1B78022B08D0214BC82285
:104130001A60042C0ED9214B244A1A60DCE71D4B6F
:104140008222FF321A601D4B1D4A1A60422017F06E
:1041500019F9D1E7194B1F4A1A60CDE71E4802F042
:1041600087FCC9E71D4802F083FCC5E71449134BDF
:104170001868F3F7F8F80028C2D11948EEF7ECFAFE
:104180000028BDDA0D4B174A1A60B9E7522F0320F9
:10419000C80703203F2F0320E02F0320A82F032070
:1041A000702F0320D4250020083D0120E89D041035
:1041B000D525002080050320752F03207C050320D2
:1041C000346A0310406A0310762F0320486A0310F4
:1041D000506A0310586A0310606A0310686A03107B
:1041E000706A03107C6A031010B5044B00221A7029
:1041F000034B013A1A60FFF71FFF10BD702F032019
:10420000083D012010B51C4B1B78042B07D01A4B1E
:104210001B78002B1AD0194B02221A7010BD1848B7
:10422000EEF79AFA002808DB134B01221A70124BA2
:104230001B78042BEBD100BEE9E71248EEF78CFAAD
:104240000028F4DB0C4B00221A70F0E70E48EEF762
:1042500083FA002803DD094B03221A70DEE70B48BE
:10426000EEF77AFA002803DD044B01221A70D5E735
:10427000024B00221A70D1E7732F0320D5250020AE
:10428000886A0310906A0310986A0310A06A0310EA
:1042900010B52A4B2A4A1A602A4B1B78002B23D1CF
:1042A000294B1B78012B0DD0284B1B78032B0FD0EB
:1042B000012B13D0002B0AD12548FFF72DFD1F4BF2
:1042C000186004E02348FFF727FD1C4B186010BD61
:1042D0002148FFF721FD194B1860F8E71F48FFF749
:1042E0001BFD164B1860F2E7174A1278022A0DD010
:1042F000012A11D0012B15D0032B19D0022BE6D1A6
:104300001748FFF709FD0D4B1860E0E71548FFF768
:1043100003FD0A4B1860DAE71348FFF7FDFC074B73
:104320001860D4E71148FFF7F7FC044B1860CEE79C
:104330000F48FFF7F1FC014B1860C8E748E6022080
:10434000A86A0310732F0320762F0320D5250020A1
:10435000D46A0310EC460310B06A0310C46A031059
:10436000186B0310B0460310C8460310E46A03102C
:10437000FC6A031010B5002300E001330A495A001B
:10438000D2189000415800290CD0074A5800C01894
:1043900084001219107A054A12789042EDD104482F
:1043A000F7F766FD10BDC046049E0410D42500201A
:1043B000306B031010B503480121EEF71BFAF2F73A
:1043C00021FF10BD606B031010B55A48EFF7B0FE27
:1043D0005948F7F71DFDEEF7ABFAEEF773F95748BA
:1043E000F7F716FDFFF7A2FD5548F7F711FD554801
:1043F000FFF793FC544B18680830ECF74FFD534B14
:104400001870FFF7FFFEFFF78FFC5148EEF7A4F995
:10441000002873DB4F48EEF79FF900286ADB4E4B0C
:1044200002221A70FFF734FF4C4B1868EFF7A0FE1A
:10443000494B1B78012B6AD04948F7F7E9FCF2F7A2
:1044400071FFF1F7F3F90120EFF776FAEFF7FAFAD7
:10445000444B02221A70444B013A1A70434B1A70B3
:10446000434B00221A70434B1A604348F7F7D0FCC5
:1044700004F0ACFD4148F7F7FBFC14F0F3F94048B9
:10448000F7F7C6FC10F0E0FC3E48F7F7C1FC3E4BE6
:104490001968C9003D4B1868C00016F05BFE00F0BB
:1044A00073F9FFF767FF3A48F7F7B2FC02F0FCFF39
:1044B0003848F7F7ADFC17F0A1FC374B1B78022BFF
:1044C0002BD0364B1B78032B12D0294B1B78002B9B
:1044D00003D1334B1B78002B28D0244B00229A5653
:1044E000214B002159561F4B0020185602F03CF971
:1044F000FFF764FD184B01221A7093E72948EEF785
:104500002BF900288EDB144B03221A708AE7264809
:10451000F7F77EFCEFF71FFE8EE72448EEF71CF955
:104520000028CEDA224B01221A70CAE7FFF75CFEA0
:10453000DEE7C046686B0310846B0310B46B031096
:10454000DC6B03106C830310482B0320732F0320B4
:10455000F46B0310006C0310762F032048E6022052
:10456000F86C0310D12F0320CE2F0320D02F03206F
:10457000452F0320401B03201C6D0310406D0310CA
:10458000646D0310846D03107C28002080280020B7
:10459000A06D0310C86D0310D5250020702F0320D7
:1045A000982F0320086C0310146C0310E46D0310A3
:1045B000D32F0320124B1B785BB28360114B1B7807
:1045C0005BB2C360104B1B785BB2C3610F4B1B78AF
:1045D0005BB2036201235B4243630D4B1B78436272
:1045E0000C4B1B7803610C4B1B7843610B4B1B7806
:1045F00083610B4B1B680363002383627047C046D3
:104600005D2F0320CE2F0320D02F0320D12F032096
:10461000D4250020A02F0320692F0320AD2F0320D5
:10462000401B032070B5134C001B801083001B1827
:104630001A02D21A5202121A13019B1ADB001B181B
:104640005B001B181E01F61A0B490C4D5022280066
:10465000EFF7A6FAEB799B19EB71094B00229A55FB
:10466000084B00229A56D4235343E418A034256003
:1046700070BDC046C8070320806E0310B43E012001
:10468000C4070320522F032070B505000E0000243C
:1046900000E00134032C11D80E4B1B78002BF8D10D
:1046A0000D4B1B5D002BF4D0335D002BF1D1D420DA
:1046B00060430A4BC018FFF7B5FFEAE7084B1D60DF
:1046C000084B1B78002B02D102F08EFB70BDFFF768
:1046D000C7FCF9E75E2F0320C4070320C8070320A7
:1046E000DC0403203F2F032010B504008268194B1F
:1046F0001A70C268184B1A70C269184B1A70026A95
:10470000174B1A70426B174B1A70836ADBB2164A4A
:1047100013700169154A11704169154A1170816958
:10472000144A1170016B144A1160016C134A117024
:10473000002B01D100220AE01148F7F769FBF9E7E5
:10474000E36B9A429B415B420E498B540132032A30
:10475000F6D910BD5D2F0320CE2F0320D02F0320CC
:10476000D12F0320CF2F0320862F0320A02F03203B
:10477000692F0320AD2F0320401B0320522F03205D
:10478000986E0310C407032000B597B00A4B1B783E
:10479000002B02D0094B01221A700948ECF792FD58
:1047A00001A8FFF707FF002101A8ECF7B3FD01A85E
:1047B000FFF79AFF17B000BD982F0320452F032065
:1047C000C425002010B5264A00231370254A022173
:1047D0001170254A1370254A137003F0D1FE244B43
:1047E0001B78002B05D101211F2016F02FFD00237F
:1047F00010E00121412016F029FDF8E71D4A0024B0
:1048000014571D4A9900C9188800121892689442DA
:1048100016D00133152B1CD817499A00D2189000D6
:10482000415C134A12789142F3D1002AE6D1134A2F
:1048300000241457104A121852689442E9D1DDE757
:104840000D4A121810690E490860D1680D4A1160AE
:10485000DFE70D4B00221A700C4B1A6010BDC046EA
:10486000702F0320752F0320E42F0320442F0320F3
:10487000732F0320722F0320B89E0410712F032082
:104880005C3F0120583F01206B2F0320543F012043
:10489000F8B5294B1F68294B1D6828000A380321E9
:1048A000F5F7F6FF0400072D43DD0A260A2007E08E
:1048B0000B36100002E0203B10E00430013C2F00DA
:1048C000002C38D07D1C3A78131E34D00A2AEFD041
:1048D0001B498F5C032139400229ECD0213B3F2B3F
:1048E000EBD8184A1288D21892B2174B1B685100A5
:1048F000CB5E9B0015490968CB581B021B0A144963
:104900000968CF18BC46CF5C6346DB78DB018021A9
:1049100049000B401F43C719A0235B009F420ADCDC
:10492000022C01DD3800C9E73100EDF7BDFE38008B
:10493000C4E70024B9E7F8BD5C3F0120543F0120E3
:10494000DD320510F22E0320442B032040F9022013
:104950009023002010B5164B1B78022B27D0154B47
:10496000FF221A70144B00241C60144B1979144B4D
:10497000CA00521AD2009B18DB885800C018800069
:10498000104BC018104B186002F068FF0F4B1860F6
:104990000F4B1C70064B02221A700E4B1C600E4B04
:1049A0001C600E4B1C7001213F2016F04FFC10BD07
:1049B0006B2F0320C1250020FC2F0120D8250020CB
:1049C0002CA4041024C2041004300120083001205B
:1049D0004D2F0320F82F0120003001204C2F032001
:1049E00010B5B14A1368013B1360002B00DD10BD08
:1049F000AE4B186802F032FF013004D0AB4B1A689E
:104A00001389002B7BD1AA4A136801331360A94A8A
:104A100000211170A84ADB009B58002B67D0A64BE1
:104A2000A34A1268D2009B181979A44BCA00521AE3
:104A3000D2009B18197A00295DD19F4B9C4A1268BD
:104A4000D2009B1819799D4BCA00521AD2009B18AC
:104A5000DA8853009B189B00994A9B18934A13606D
:104A6000984B00221A60974B1B680C2B00D1E1E099
:104A7000954A1278002A2ED0182B14D08E4B8C4ACF
:104A80001268D2009B1819798C4BCA00521AD200B6
:104A90009B18DA8853009B189B00894A9B18834A0D
:104AA0001268934217D1884B00221A70854B1A6006
:104AB000814B7F4A1268D2009B1819797F4BCA003C
:104AC000521AD2009B18DA8853009B189B007C4A2C
:104AD0009B18764A1360754B186802F0BFFE724B44
:104AE0001860013000D082E70F221A607FE7704B18
:104AF00000221A6093E7002016F0ECF99DE7734955
:104B00008A42D0D05A00D21892006D495218674993
:104B10000A606C490A6801320A60D222520093424C
:104B20002FD2043A93426BD8A03A93426AD019D953
:104B3000A922520093426BD01DD9AA22520093425F
:104B400068D090D32C3293428DD2083A93428AD9BE
:104B50007A3BFF3B9AB24923D340DB0700D482E77C
:104B600010213EE0B92B4FD0DA2B4FD09A2B00D03A
:104B700079E7042135E0023A934200D073E7382107
:104B80002FE0534A93421ED8013A934244D2823ACC
:104B9000934243D011D94F4A934241D000D962E7A2
:104BA0004D4A93423ED04D4A93423DD0FA22FF32C5
:104BB000934200D057E7102113E0203A934200D0EF
:104BC00051E737210DE0464A93422FD001329342FC
:104BD0000BD3444A93422BD0434A934200D042E73E
:104BE0003321002016F076F93DE7283A934201D1AF
:104BF0000821F6E73D4A934200D034E70E21F0E762
:104C00000221EEE73621ECE70121EAE70221E8E79D
:104C10003521E6E76B21E4E70221E2E73421E0E712
:104C20003321DEE71021DCE71021DAE70E21D8E797
:104C30000E21D6E7244A012111702D4A116800295E
:104C400058D01D4A1A480068C000121814791B4A2F
:104C5000E000001BC0001218508A42001218920097
:104C60001748121811480260214801224A40026088
:104C70000E4A1068124A904200D0F9E601294DD040
:104C80000D4A0B490968C900521810790B4AC10036
:104C9000091AC9005218518A4A005218920008494C
:104CA000521802490A60E3E608300120043001206E
:104CB000FC2F01204D2F0320D82500202CA4041008
:104CC00024C20410F82F01204C2F03205CC90410CB
:104CD000690200004E0200001A02000037020000C4
:104CE000AF020000B1020000C6020000AD020000E9
:104CF00000300120134A14480068C00012181479CB
:104D0000124AE000001BC0001218908A42001218DC
:104D100092000F4812180F480260A5E7094A0A4995
:104D20000968C90052181079084AC100091AC90057
:104D30005218918A4A0052189200054952180549A2
:104D40000A6095E6D8250020FC2F01202CA4041031
:104D500024C204100430012010B5284B1B78022B0C
:104D600027D0274B1C6801341C60264B1B78022B74
:104D70003DD0224A1278022A1AD0002B16D1224B9B
:104D800018681FF01FFA43001B18FA339C420DD914
:104D90001B4B00221A601B4B01321A701B4BFE3258
:104DA0001A701B4B1B785BB2032B23D0EEF7DEFD92
:104DB00010BD134B1B68322BD3D90022032A08D80D
:104DC000144BD42151435B18DB7A002B01D1013203
:104DD000F4E7032AC5D8104B1B785BB21E2B03D017
:104DE0000E4B08221A70BCE7FFF7B4FDB9E7FFF7D6
:104DF000F7FDDDE71E2016F0C5FAD7E7D525002020
:104E0000543F01206B2F03205C3F0120C12500206F
:104E1000712F0320C8070320722F0320702F032057
:104E200070B50378002B36D11C4B1B78002B01D0BA
:104E3000012031E0194B01221A70194D194E3368C7
:104E4000DB00EB181A79184CD3009B1ADB00E3182F
:104E5000DB8A5800C0188000144BC018144B18602F
:104E600002F0FCFC134B1860134B00221A60134B2A
:104E70001A703368DB00ED182A79D3009B1ADB0027
:104E8000E418A17E002901D1012005E0002016F0E0
:104E900021F8012000E0002070BDC0464D2F032006
:104EA000D8250020FC2F01202CA4041024C20410BB
:104EB0000430012008300120F82F01204C2F03205E
:104EC00010B5044B1B78022B01D0002010BDFFF75A
:104ED000A7FFFBE76B2F032070B5030000211CE048
:104EE000213A3F2A28D8314B1B889B189BB2304A65
:104EF00012685B009B5E9B002E4A1268D3581B020F
:104F00001B0A2D4A1268D518D25CEB78DB0180258C
:104F10006D002B401343C9182300002B0ED05C1CDE
:104F20001B781A1E0AD0254DEE5C03253540022D54
:104F3000D6D1203B1A00D3E70431EDE7CC0F64183B
:104F400064106442A0341FE0203B29E0174A128815
:104F5000D21892B2164B1B685100CB5E9B001549CC
:104F60000968CB581B021B0A13490968C818CE5C94
:104F7000C378DB01802149000B401E434C392000DF
:104F8000EDF792FBA419280000280ED0451C0278EA
:104F9000131E0AD00949885C032101400229D3D09D
:104FA000213B3F2BD2D90434EDE770BDF22E032014
:104FB000442B032040F9022090230020DD3205100D
:104FC0000D4B1A680D4B19680B785B009B5A48789B
:104FD0007F2101405B185B00D05AD35E002B02DBBF
:104FE0004004400C70474004000C835A5804400CA5
:104FF000DB0BF7D0C043F5E7B82A032004300120CB
:1050000010B5044B044A1268D200D058FFF764FF71
:1050100010BDC046D8250020FC2F01200A4B1B687C
:10502000E63BD80FC018401040424130FF30A0236B
:105030005B00984202DC002803DB7047A0204000A0
:10504000FBE70020F9E7C046543F012010B5174B9D
:105050001868174B984217D9164B984215D9164B1A
:105060009C4660440521F5F73BFC0400062800DD62
:105070000624124B1B68A34211DB7A34FF34A2B220
:1050800044216C20EDF710FB10BD7A22FF32442141
:105090006C20EDF709FB094B00221A60F4E70121AF
:1050A000002015F017FF054B1C60E6E7543F012078
:1050B000690400009B04000064FBFFFF00F4022071
:1050C00010B5104B1B785BB2032B16D005DC012BFF
:1050D00007D0022B0BD10C4810E0042B07D10B4852
:1050E0000CE00B4B1B78042B09D90A4806E00A4B4D
:1050F0000A4A0B480B49F4F7BDF9002010BD0A48D5
:10510000FCE7C046712F0320407203104C7203105D
:10511000D4250020486A0310CC490310A49E041033
:1051200054720310E7020000586A031010B5054BD3
:105130001B78002B02D0022B00D010BDFFF7A8FB7C
:10514000FBE7C0466B2F03200200082824D0531F22
:10515000DBB2012B25D91B4B002018561A4BD4214A
:1051600041435B189B185E331B785BB2002B21D048
:10517000002A21D1144BD42141435B1865331B789D
:105180005BB2002B1AD0104BD42141435B181B6B30
:10519000002B15D001200EE00C4B18780028D6D13A
:1051A00009E00A4B1B78002BD5D1094B1878002851
:1051B000D1D100E0002070470120FCE70120FAE790
:1051C0001000F8E7522F0320C8070320732F032095
:1051D000D5250020F8B50700194B00201856194BAB
:1051E000D42242439B185D3319780A2909D000263E
:1051F000082E0DD8144B7200D35C8B421ED00136A2
:10520000F6E7104BD42242439B185C331978EEE743
:105210003400E01909300921F5F762FB0D000C009C
:105220008E4206D0084B4A00D05CFFF78DFF002865
:10523000EFD0054B6D005B195878F8BD3400E8E7F6
:10524000522F0320C807032098A1041030B5002373
:1052500004E0124A013C146029700133072B1BDC67
:1052600001229A40024011004C1EA141C9B20C4CCF
:105270001D19E45C002CEFD1002AEDD0094A127808
:1052800052B29A42E5D0084A127852B29A42E3D119
:10529000024A01241460DFE730BDC046EC0403205D
:1052A000A90403207C2300207B23002010B50028C4
:1052B0000FD0094A094BC318934204D8830702D17F
:1052C0008003000C10BD064B064A0748CC21F4F7BA
:1052D000D1F80020F6E7C046FCFF0300FCFFFFDF2B
:1052E0005C4B0310F8A00410A091031010B5826964
:1052F000054B1A4200D110BD044B054A7C210548DC
:10530000FF31F4F7B7F8C04601000010F46703104E
:10531000ECA004100C68031010B5026883689A4270
:1053200018D0037B072B15D90368826893420AD2F1
:105330004268591C01601A7043681B0A4360037B72
:10534000083B0373EDE7044B044AE4210448FF31B2
:10535000F4F790F810BDC046E0910310CCA0041003
:10536000F491031010B5037B9C18202C0CD8012459
:1053700094408C420FD944689940214341609B1866
:105380000373FFF7C9FF10BD064B074AEC2107481E
:10539000FF31F4F76FF8064B034AF6210348490042
:1053A000F4F768F838920310DCA00410F4910310AD
:1053B0004C92031000B583B00B4B1B78834202D094
:1053C000002003B000BD01A819F0D2FE0300074A77
:1053D00000201056002200210EF07CFF002002F079
:1053E0003FFF0120EDE7C0465C230020B22F0320E1
:1053F00010B50400037B002B0AD1026843689A426F
:105400000FD023685A1C22601B78A36008232373E3
:10541000237B013B2373A368012018405B08A36032
:1054200010BD19F035FDECE7F8B5CE46474680B51E
:1054300089460388002B1DD05A0090468044012BDA
:105440001ED0013BDF0FFF187F10851C00260024B3
:1054500064004846FFF7CCFF04432B88A34212D8D0
:1054600004350136B742F3D80B4B0C4A0C48DF2108
:10547000F4F700F80B4B094A0948CA21F3F7FAFF81
:105480004346187803E06B88E01A4346185CC0BCBA
:10549000B946B046F8BDC0467C450310ACA0041028
:1054A000F4910310E8480310F0B5C64600B50400B7
:1054B0000D0008220021F6F737FB05212800F5F73B
:1054C000E7F9CD4BCD4A00201056820012189B18E8
:1054D0005B5CA371CA4B1978CB08CA4AD35C07221C
:1054E0000A40D340DB0708D4C74B1B785BB2C74ADE
:1054F000D35C002B51D0012700E00127FFB2C44B41
:105500001B78DA08BF4DA95C07221340D94001205F
:1055100001260E40BF4B1978CB08EB5C0A40D34004
:1055200001001940184208D1BB4B1878C308EB5C46
:1055300007220240D340DB0731D5B84AB84B1B786D
:105540005BB210681B181360B44B1B68052B2ADC78
:105550000220002F2BD0002927D0B24B7200D55E3D
:10556000AD4B1978CB08A74AD35C07220A40D34039
:10557000DB0703D5AB4B7200D35EED1AAA4B19784B
:10558000CB08A04AD35C07220A40D340DB0729D5C9
:10559000A64B7200D35E984626E00027AEE79F4BED
:1055A00000221A60D0E73000D3E70025D8E70029B1
:1055B00004D09F4B4200D35A5B426380964B1978CC
:1055C000CB08904AD35C07220A40D340DB0707D5BB
:1055D0006388974A4000825A9B1863800025CDE774
:1055E0000025CBE700239846924B1978CB08854AD3
:1055F000D35C07220A40D340DB0705D58B4B7200F2
:10560000D35E4246D31A98468B4B1978CB087D4A15
:10561000D35C07220A40D340DB0706D4874B1B78B4
:105620005BB27A4AD35C002B03D07E4B7200D35E10
:10563000ED1A834B1978CB08724AD35C07220A40D3
:10564000D340DB0706D47F4B1B785BB26F4AD35C39
:10565000002B03D0734B7200D35EED187A4B197890
:10566000CB08684AD35C07220A40D340DB0706D444
:10567000764B1B785BB2654AD35C002B01D00123CB
:105680006371734B1978CB085E4AD35C07220A40DA
:10569000D340DB0706D46F4B1B785BB25B4AD35C0D
:1056A000002B06D063790222134363716A4B0022F8
:1056B0001A706A4B1B78002B50D1694B1868002870
:1056C0004DD0FFF787FD637904221343DBB263718A
:1056D000C0000343637107E0637904221343DBB224
:1056E0006371C000034363715D4B00221A605D4B20
:1056F0001B785BB2454AD35C002B03D04B4A710048
:105700008A5E9044584A127852B240498A5C002A14
:1057100005D0464A7600B25E41468A1A9046534A00
:10572000127852B2002A00D1BCE0514A127893425A
:105730002DD0504A1268012A29DD4D4A1370002BE2
:1057400003D0454A137801331370434B1B785BB287
:10575000022B14D0474B00221A6026E000200728B5
:10576000C2D8454B8200D3581978CB10254AD35C58
:1057700007220A40D340DB07AED40130EFE763795C
:10578000022213436371344B00221A700DE0244B44
:105790001B785BB2374A11685B181360142B04DD69
:1057A0002D4B00221A70324B1A70174B1B785BB2CC
:1057B000164AD35C314A12789A4265D0304A126850
:1057C000012A61DD2D4A1370002B03D02D4A137876
:1057D000013313702B4B1B785BB2022B03D0284B89
:1057E00000221A605EE06379022213436371254B45
:1057F00000221A7056E0C046C43B0120522F0320FD
:10580000842300204CE6022082230020A9040320E8
:10581000832300208C2300208B2300204C1C03209A
:10582000DA2F0320D4A104108A230020D8A1041069
:10583000CCA104108923002088230020802300208D
:10584000872300207F23002086230020912F032020
:10585000852300207D230020592F0320752F03204E
:10586000EC040320812300207E230020502300200D
:105870005B2F0320383C0120ACA104105C2F0320D7
:105880003C3C01205A2F0320334B1B785BB2334A38
:1058900011685B181360142B04DD314B00221A7061
:1058A000304B1A70304B1B684344002F10D02F4AE6
:1058B00012685200AD182C4A002111602B4A116069
:1058C000322B0CDC1A0032320ADA32235B4207E058
:1058D000628826490968C900521A6280EBE73223C0
:1058E000322D05DC2A00323203DA32256D4200E027
:1058F00032252278D318237063785B1963701C4BB0
:105900001B78002B04D01A4B00221A70812363717C
:10591000184B1B78002B09D0164B00221A70164B1F
:105920001A7892007E235B4213436371134B1B78FA
:10593000002B0CD0638812490A889B189BB21A006E
:10594000803292B2FF20824362809B1A0B80012337
:10595000E37180BCB846F0BDDA2F03203C3C012047
:105960005A2F03205C2F0320B8040320B404032023
:10597000B82F0320B92F0320B22F0320862F032036
:10598000E82E032010B53D48ECF716FF3C4B1B8872
:10599000C01A3C4B18703C4B1B78022B0FD03B4B72
:1059A0003B4A12681A603B4B1B78002B02D1394BE3
:1059B000FF221A70384B00221A7000241DE0374B6A
:1059C0001B78072BEBD1364B1B785BB20B2B03DD1F
:1059D000142B05DC7E2200E07D22324B1A80DEE7AC
:1059E0007F22FAE7D420604348302F4BC0180430A0
:1059F00010220021F6F798F80134032C14DC2B4B0D
:105A000000221A552A4B1B5D002BEBD0264BD432BB
:105A100062439B181B79012BE4D1234BD4226243B0
:105A20009B1802221A71DDE7224B1B785BB21C4ADD
:105A300000215156204A0020105600220FF030F964
:105A40001E4B1F4A12781A701E4B00241C70EDF773
:105A5000F5F81D4820220021F6F766F81B4B1C6064
:105A60001B4B1C601B4B1C701B4B1C701B4B1C707E
:105A70001B4809220021F6F757F810BD6092031069
:105A8000EE2E0320BF2F0320D525002014F4022082
:105A90006CE60220C1250020752F0320D4250020AC
:105AA000722F0320242F0320C8070320F81B032094
:105AB000C4070320742F0320712F0320642F0320B9
:105AC000522F0320702F03204CE60220B80403203D
:105AD000B4040320A82F0320B92F0320B82F0320DC
:105AE000A804032070B504000378002B02D182685B
:105AF0005C2A48D06A4A1278002A06D1002B04D1C9
:105B0000606868490978884244D067490978002963
:105B100009D166490878002805D165490978002926
:105B20005CD1032A5AD0002A69D05D4B1B78022B26
:105B300073D02378002B04D161685E4A12789142B9
:105B400072D0002B04D161685B4A1278914270D008
:105B5000012B77D0022B00D182E0002B00D098E0FF
:105B60006368564A1278934267D0FF2B00DD92E0BB
:105B7000D808534C225C0721194001238B40134362
:105B80002354012082E04F4A137801214B401370C7
:105B900001207BE045490978002912D14A4909785A
:105BA00049B20029B1D10CE0484B1B785BB2484A9E
:105BB000D25C002A00D06AE0464A127852B2934280
:105BC0000AD0424A137801335BB21370042BEBD135
:105BD000130000221A70E7E7012057E0002B06D0DF
:105BE000022B08D0032B51D16368002B4ED002F05A
:105BF0008DFB01204AE06268002AF3D0F7E720001D
:105C000016F096F9002801D001203FE02000FDF7B2
:105C1000CBF8002889D0012038E02000FFF750F9A8
:105C2000002886D0012031E02B4A01214942116031
:105C30008EE7294A012111608AE7284B01221A7058
:105C4000012023E06368FF2B27DCD8081C4C225C72
:105C50000721194001238B409A432254002015E06C
:105C60006068FFF7F3FAA0681D4B00255D57053506
:105C700068430A21F4F70CFE1A4B1860E068684389
:105C80000A21F4F705FE184B1860012070BD0120B1
:105C9000FCE70020FAE70120F8E70020F6E7C0461D
:105CA000752F032079230020702F0320BC2F0320A1
:105CB0005E2F0320822F0320702300207A230020F0
:105CC0004CE60220BB2F03205D2F0320642F03200E
:105CD000C4070320522F0320EC040320B82F032015
:105CE0001C280020B4040320B804032070B5D42578
:105CF000454328002830104C001904301822002198
:105D0000F5F712FF28004030001904300622002168
:105D1000F5F70AFF2A59936908490B409361641902
:105D20002200B03200231370013213700D3A136059
:105D3000A834236070BDC046C8070320FFFFFBFFE7
:105D4000F0B5DE4657464E464546E0B587B00500FD
:105D5000D42747433E0048362A4C361904361022D1
:105D6000310002A8F5F7E6FEE41994239946A14410
:105D70004B461B689B4698239846A04443461B68A5
:105D80009A4627009C373B680193D42200212000CB
:105D9000F5F7CAFE102202A93000F5F7CBFE4A46FD
:105DA00059461160424651461160019B3B602200FA
:105DB0008832012313700132137000222271643281
:105DC000226222005D321370013A137002321370A6
:105DD000013213703133A36600220AE00A4B9100AE
:105DE000C858084935236B439B181E339B005850F5
:105DF0000132032AF2DD07B0F0BCBB46B246A94629
:105E0000A046F0BDC807032030280020F8B5CE46D4
:105E1000474680B505000C00874BD4224243D0583A
:105E2000002800D185E00B784E7836021E433604F8
:105E30008B78CF783F021F433F043A00310008F0CF
:105E400073FC002878D07D4B1A781F2A0ED91F23A7
:105E500013407B4A5B009B5A002B00D170E08022EC
:105E600012059446634498000AF026FB724BD42234
:105E70006A43D058714B99461B7898461F251D40A0
:105E8000FFF714FA6E4B6D005853434601334A46F0
:105E900013703900300012F013FD0500237960798A
:105EA00000021843000400142D21F4F7F1FC03B2A2
:105EB0009B02A0225201934200D1A9E04ADC802239
:105EC0005201934257D041DC80221201934206D006
:105ED00038DC002B03D08022D200934236D18022BE
:105EE00012019A1857485100095A1201802464027D
:105EF0002240891A5A00125A1B012340D31A3FE04C
:105F00000132AA4217DA4C4BD4215143C958C86810
:105F1000267863781B0233431B049842F0D1096949
:105F2000A078E3781B0203431B049942E8D10020C8
:105F300002E00022E5E70120C0BCB946B046F8BD4A
:105F4000002091E7C02212019342C8D000BE002376
:105F5000002115E0C0225201934261D0E02252019B
:105F60009342F3D1374B80221201995A364BC0220B
:105F700092019B5804E0344B8022920199581B688F
:105F80008C006418A4009900C91889002A8853005D
:105F90009B189B002D4A1068C0188279C3791B0298
:105FA00013431B041A145B139B1A5B00284A1268E4
:105FB000D218057A437A1B022B431B041B140433AB
:105FC0005B00D3189A78DB781B0213431B041A1466
:105FD000DB139B189B001F4A1268D3180A229A5E93
:105FE000D3009B189B001C4A1268D25E9203C91909
:105FF000A01927230AF084F90F4B184A00215156A3
:10600000D4224A439B181B69012B10D1012093E72E
:106010000D4BC02292019958802252019B58AFE744
:10602000084B1988084B802292019B58A8E723212E
:1060300014F0FAFF01207FE7C8070320462F032052
:106040004C2D0120D4EB0310D43B04104813032043
:1060500030F80220B414032044130320522F0320ED
:10606000F0B5C64600B58046214B1B68214A9B1AF5
:106070005A105700BF1839017F1839027F183904A8
:106080007F18BF00BF181E2B00DC00BE0026132E99
:1060900025DC03F01DF83900F4F7FAFB0D008C0045
:1060A00064186400134BE41821004046FFF7AEFE6D
:1060B000002801D10136EAE7414601310D4BAA0023
:1060C000521952009B188AB2FF2001409971120A9E
:1060D000DA7120000AF078FE80BCB846F0BD434675
:1060E000980040444000044BC0180AF06DFEF3E7EE
:1060F000403C0120443C0120180B0320F0B5C6466B
:1061000000B504002C4B1B78002B05D12B4B012232
:106110001A7080BCB846F0BD294BD4224243D058F7
:10612000FFF7E4F84E230022C252264B1B785BB2E5
:10613000002B1AD1A7003F197F00234BFF1839000D
:106140002000FFF763FE002813D10026032E2FDC6A
:10615000B500AD196D001C4BED1829002000FFF7AC
:1061600055FE002809D10136F0E72000FFF778FF3F
:10617000CFE738000AF028FECBE7621C124FB400CC
:10618000A3195B00FB1891B2FF20804602409A7170
:10619000090AD97128000AF017FE731CA4196400BB
:1061A0003F199AB241460B40BB71120AFA71B0E72F
:1061B00038000AF009FEACE7982F0320702F032067
:1061C000C80703205D2F0320180B0320034B002278
:1061D0001A70034B06321A707047C046B62F032060
:1061E000702F032010B50A4B1B78022B06D0094BE9
:1061F00001221A70084B06221A7010BD0748ECF7EE
:10620000ABFA0028F3DA034B00221A70F2E7C0461B
:10621000D5250020B62F0320702F0320689203108D
:10622000F8B5CE46474680B5924B00221A7000243E
:1062300000E00134032C07DC8F4B1B5D002BF8D0F2
:106240002000FFF753FDF4E78C4B1B78002B4ED159
:106250008B4B1A78022A06D08A4B1B785BB2082B2C
:1062600048D0092B55D0874B00215956082952D0C8
:10627000092956D0844B00241C57844BD4206043FA
:106280001B18B3331878824B18718248007840B2DB
:10629000451E1D604D1E9D60022A50D07E4B1B780E
:1062A000002B67D07A4B0826DE60794B7B4E366830
:1062B0001E617B4E36685E617A4E36689E610026AE
:1062C000DE61022A74D0032800DD80E0764D820072
:1062D000121853005B185B005A5F93009B18DA009A
:1062E000D31A6B4A13626A4B5C620022ADE0FCF782
:1062F000EFFCADE75F4B07221A70B7E0634BD42089
:1063000048431B18B3330120187001310329F5DD10
:10631000A9E70021FAE7022AAAD0564B07221A70F1
:10632000A4E0022AA6D000200328A3DC574BD424E3
:1063300044431B19B33301241C700130F4E7564B5E
:106340001B78002B0BD00F2905D01F29ADD1504B46
:106350001F26DE60A9E74E4B1E26DE60A5E70B0078
:106360001F3B012B02D94A4BD9609EE7484B0F26B1
:10637000DE609AE7092902D0454BD96095E70328EA
:1063800012D007DC01280BD002288ED1404B052605
:10639000DE608AE7042888D13D4B0226DE6084E770
:1063A0003B4B0326DE6080E7394B0626DE607CE748
:1063B000212909D03D4B6D00EA5E93009B18DA005D
:1063C000D31A334A13628EE700221A628BE7374BE7
:1063D0004900CA5E93009B18DA00D31A2C4A136254
:1063E00081E7254B9E5C2A48541CA1000D19EB0047
:1063F0001E54264DD42353439946EF183E0094363D
:106400003668B4460919CE008619614671603900B4
:106410009831096888469600B1188C46C900411821
:1064200043460B639C373F684F63214F3F688F6340
:106430006646F2003832101804304B46483359197A
:1064400004311022F5F776FB2200032AC9DD194B2F
:1064500001221A70184B00221A70084B1A700C4C4B
:10646000200014F0BDFF200017F0B8FCC0BCB946F6
:10647000B046F8BD702F0320C4070320442F03202B
:10648000D5250020722F0320522F0320C807032098
:10649000582B0320712F0320B62F0320D41B032079
:1064A000D01B0320DC1B032048A1041008A104100A
:1064B00018F40220752F0320E42F032010B5134B8E
:1064C00008221A70124B1A78002A09D0114B0020AA
:1064D0001856114BD42141435B18B3330121197075
:1064E0000E4B1B78022B00D010BD0D4B19781F29C5
:1064F000FAD801238B400B490B4204D10A490B42C5
:10650000F2D0002AF0D0FEF75DF9EDE7702F0320FE
:10651000B62F0320522F0320C8070320D5250020C3
:10652000722F0320400810400080008010B5084BF7
:1065300000241C70074BDB680133074A1370FFF718
:1065400021FA064B1C70064B01221A7010BDC04682
:10655000752F0320582B0320722F0320702F032048
:10656000E42F0320014B03221A707047702F032081
:1065700010B5054B187005482022EDF711FB044BB0
:1065800001221A7010BDC046B22F0320E40D032073
:10659000B92F0320F0B5C64600B586B04D48F5F7D3
:1065A00037FC01A818F0E4FD8046802464014444CF
:1065B000019A494B9C466244019248482100F5F7F4
:1065C00057FC474E02AD3560019B029400270397AC
:1065D0002F73E31804934348F5F71AFC424B1F70DE
:1065E0004248F5F715FC42480DF04CF9336819683C
:1065F000091BC9001B7BC9183E48F5F739FC0DF093
:10660000D1F933681968091BC9001B7BC9183A48BE
:10661000F5F72EFC0DF0FAF933681968091BC9006B
:106620001B7BC9183548F5F723FC0DF021FC3368B6
:106630001968091BC9001B7BC9183148F5F718FCFC
:106640000DF0AAFC0DF0A8F92B7B002B2ED102999E
:10665000091B2C48F5F70CFC2B4D002169562B48E3
:106660002200F5F705FC029A121B0020285643462B
:1066700021000DF02FFE041E1FD0012424491C48C8
:106680002022EDF78DFA234B00221A70002C09D03E
:10669000214B00215956214BD4324A439B18A03339
:1066A0001F4A1A6006B080BCB846F0BD0822D21A54
:1066B00000212800FEF756FEC9E7134B002159566A
:1066C0001848F5F7D5FB18491848012201F006FDD6
:1066D000D4E7C0467092031000F0FFFF90920310C1
:1066E00054140320BC920310B12F0320E492031032
:1066F000E40D032008930310149303102093031058
:106700002C93031038930310B22F03204C930310E3
:106710006C830310702F0320522F0320C80703201F
:10672000349403107C930310B5530110A893031005
:1067300010B5084C20700848017008490A70084AD2
:106740001370002B03D00922064B1A7010BD0222D1
:10675000FAE7C046562F0320542F0320552F03205D
:10676000982F0320702F0320F0B5C64600B5804651
:106770000E001700484B1B78002B1BD14346042BFF
:1067800001DD04239846454B1B78042B18D9002EB5
:106790001ED0012E04DD424B1B78002B00D10126B8
:1067A000002F17DD092F16DD3D4B1B78022B12D071
:1067B000092710E0384B00221A7014F057FCDDE76F
:1067C000002E03DD032EE4DD0326E4E70126E0E7E7
:1067D0000426E0E7012702F097FC4346042B03D090
:1067E000304B1B78002B0BD02F4B01221A702F4BF4
:1067F0001B78002B0AD14346042B05D0002206E06B
:10680000294B00221A70F2E7012200E00122284BF6
:106810001A70002406E0274BD42565435B19022239
:106820001A710134032CF6DD234B012119701A4A29
:1068300000231370214A1370214A1370214B1970E1
:1068400076B2214B1E707FB2204B1F70204B424608
:106850001A70134B1B78022B07D0032E15D0042E71
:1068600015D0022E15D17E2206E00B2F03DD142F4A
:1068700009DC7E2200E07D22164B1A80FFF782F8A9
:1068800080BCB846F0BD7F22F6E77F22F4E7012204
:10689000F2E77D22F0E7C046A82F0320D425002090
:1068A000D5250020AD2F0320AC2F0320692F032016
:1068B0009D2F0320C8070320E02F03205E2F032015
:1068C000442F0320E42F0320712F0320722F032075
:1068D000742F0320242F0320F0B585B000AF6C4641
:1068E000284B00221A70284E31780131CB00E31A70
:1068F0009D466D4628000DF071FC3378DB005A5937
:10690000002A16D0214B1F603A6000237B60BB60D9
:106910003B731F4A13700CF0F7FF00280DD11D4B7D
:10692000002159561C4BD4224A439B18A0331B4AC2
:106930001A60A546BD4605B0F0BD194D2E68194B2D
:1069400000229A56184B00215956184B0020185611
:10695000FFF70AFF2E600DF03BF80DF083F90DF004
:10696000B1FA0DF08BFB0DF00FF8002800D100BE3E
:106970000F4B1B78002B01D1A546DBE711F0D2FEAF
:10698000FAE7C046702F03206F2F03205014032016
:10699000B12F0320522F0320C80703204094031077
:1069A00018F40220722F0320712F0320742F03206C
:1069B000BA2F032010B5144B00221A70134B1A7013
:1069C00000280CD1124A00231370124A1370124A85
:1069D00001211170D37093705370104A1370104BD3
:1069E00000241C700F4B1C700F4B1C700F4B0022AF
:1069F0009A560F4B002159560E4B00201856FFF7A0
:106A0000B3FE0D4B1C7010BD5E2F0320972F03208B
:106A1000982F03205D2F0320C4070320522F03204B
:106A2000AD2F0320692F0320A02F0320552F032013
:106A3000542F0320562F0320702F03200B4B1B785D
:106A4000022B0DD005D8002B07D0012B0AD16A20CC
:106A500005E0032B08D16C2001E000BE6A207047DE
:106A60006B20FCE76D20FAE76D20F8E7D4250020C5
:106A7000024B1860024B05221A707047E83C012057
:106A8000702F0320F0B5564CA544564B1868EBF711
:106A900093FE0100544B00221A7083005348006893
:106AA000C3581B021B0A52480068C518C45C514BEE
:106AB0001A70514A23006F3B58424341D8B2EAF75B
:106AC00007FC00281BD04B4B01221A7001202856CE
:106AD000A978EA7804242C57484B1C706C79484BF1
:106AE0001C70AC79474B1C70EC79474B1C702C0028
:106AF00009342D7A6DB2454B1D7000230AE0FFF773
:106B00009DFFA042E2D000BEE0E72678404DEE5463
:106B100001330134032BF8DD3E4B00261E70FFF7D6
:106B200023FE671C25783C4C1C2200212000F4F732
:106B3000FBFF276068000521EBF782FF0100A061E1
:106B400026748026B600009602AB2A002000E9F7E2
:106B500057FD0100A269821A52106274AA1A0096A7
:106B600002AB2000E9F74CFD0100A269821A521025
:106B7000A274AA1A009602AB2000E9F741FD0100B9
:106B8000A269821A5210E274AA1A009602AB20007F
:106B9000E9F736FD0100A269821A52102275AA1A7D
:106BA000009602AB2000E9F72BFDA369C01A401044
:106BB00085420FD1174B01241C70EEF71DFE174BB9
:106BC0001860174B00221A70164B1C7083239B0011
:106BD0009D44F0BD144B154A15481649F2F74AFC7E
:106BE000F4FDFFFFE83C0120702F032040F9022054
:106BF00090230020842F03206C9403105D2F03202A
:106C0000AD2F0320692F0320A02F0320522F032034
:106C1000C407032068260020EC3C01202C18032028
:106C2000E02F03205E2F0320849403109CA0041007
:106C300098940310FC09000010B5174B1B78002B2B
:106C400004D0154B00221A70144B1A70134B18788D
:106C5000002800D110BD124B1868EBF7E5FD0F4A74
:106C6000002313700F4A13700F4A13700F4AD3702A
:106C7000937053700E4A13700E4A13700E4A1370BD
:106C80000E4A13700E4B1B78002B03D1FDF7D4F97D
:106C90000120DFE7EDF7A6FCDC2F03205E2F0320A9
:106CA000E83C0120972F03205D2F0320C407032019
:106CB000AD2F0320692F0320A02F0320522F032084
:106CC000BC2F032070B505003F4988690B7C5B0031
:106CD000C018FEF7A9FB040010281AD81FD0C3075C
:106CE00020D4394B5B7D5BB22B70A30731D40023DA
:106CF0006B70364B1B78002B3FD1630743D4324B6C
:106D00009B7D5BB21B026B80240753D400236B7105
:106D100070BD2F4B2F4A30483049F2F7ABFBFFF7DD
:106D20008BFFF5E7284988694B7C5B00C018FEF7AC
:106D30007BFBC30708D50130C30F1B185B1022492A
:106D40004A7DD3184B75CCE7C30F1B185B105B4211
:106D5000F5E71D4988698B7C5B00C018FEF764FB72
:106D6000C30705D50130C30F1B185B106B70C0E75C
:106D7000C30F1B185B105B42F8E7194B154A164806
:106D80001849F2F777FB10498869CB7C5B00C01883
:106D9000FEF74AFBC30708D50130C30F1B185B1071
:106DA00009498A7DD3188B75A9E7C30F1B185B109F
:106DB0005B42F5E7044988690B7D5B00C018FEF76C
:106DC00033FB6871A4E7C046EC3C0120842F03200C
:106DD000D4940310B8A0041098940310AB080000DA
:106DE000E4940310BA08000070B5002400E00134F8
:106DF000032C20DCA14B1B5D002BF8D0A04BD42230
:106E000062439B181B79022BF1D12000FFF776F922
:106E1000EDE79C4B01221A709B4B9C4A0021515676
:106E20001868F3F735FD0521F3F732FD0E00002455
:106E300060E0FEF7A7FD964B1B78002BECD0082BEB
:106E40000BD8A3225200DA40D20706D58D4A127819
:106E5000022ADED18B4A002111700A2BEBD89B004D
:106E60008C4AD3589F460020FFF7A4FDE3E701209A
:106E7000FFF7A0FDDFE7FFF72FFDDCE7FFF78AFB59
:106E8000D9E7FFF7FFFDD6E7FFF7CAF9D3E7FDF72C
:106E900099FCD0E7FFF74AFBCDE7EDF7A3FB28000D
:106EA000FFF710FF3DE07C4B1B5D002B51D07B4B6F
:106EB000A200D3587A4A7B4D50212800ECF798FE67
:106EC000794B002159566E4BD4224A439B18A0336C
:106ED0001D60714B00221A553BE0694BD42262437E
:106EE000D358002B57D0D968704BA20012199B18A9
:106EF00099550134032C56DC604B1B5D002BF8D0F8
:106F0000D42565435E4BED180635694B1968E300DF
:106F1000C91808222800F4F70DFE664B1B78002BD9
:106F2000BDD1574BD42262439B189B795BB2322B65
:106F300002DD594B01221A55534B1B68DA0608D162
:106F40005911DB179B0FC91803220A40D31AA34219
:106F5000A9D0594B1B78002BCBD0584B1B78002B5A
:106F6000C7D1494B1D68494B002159562800F3F7FA
:106F70008FFC0029BDD1052DAFDD4C4BA2001219AD
:106F80009B18995D3E4BD42262439B181B7B994210
:106F9000A3D000BEA1E7454BA20012199B18484A96
:106FA00012689A55A5E700241FE046490A78012394
:106FB00053400B70012A02D014F044F814E014F08E
:106FC00055F811E0404941482022ECF7E9FD2C4BEF
:106FD000D42262439B18DA7A9210072313403C4A6A
:106FE00013702B4B04221A700134032C17DC234B33
:106FF0001B5D002BF8D0224BD42262439B18DA7A17
:10700000DB7A5BB2002BEFDA03231340012BCCD0E9
:10701000022BE9D12D4B1B78002BD8D1D2E72D4B79
:107020001B78012B0DD02C4B1B782A4A1370022B96
:1070300021D00DD8002B10D0012B18D116F0FCFD5B
:1070400015E0254B1B78012BEDD016F05FFEEAE72B
:10705000032B0CD1FCF7F6FF09E010F02DF9094BDA
:107060001B78002B04D0FCF701F900F037FB70BD52
:1070700014F0BAFCF7E7FDF76FFEF8E7C40703204A
:10708000C8070320A92F03206CE60220DA2F032073
:10709000702F032070A00410F81B03201CA4041000
:1070A000F0940310FC1B0320522F0320C43B01204B
:1070B000DC0403205E2F0320982F0320972F03204A
:1070C000980D0320A82F032000950310E40D032042
:1070D000B22F0320A52F0320752F03200023436622
:1070E000037401338366704710B501604260038109
:1070F000029BC360FFF7F2FF10BD436E502B0AD016
:107100005A1C4266C318197482180023137404337E
:107110008366012070470020FCE7436E002B08D0F7
:10712000013B4366C31800221A74042383660120BE
:1071300070470020FCE70000F0B5C64600B505002A
:1071400088460068002407E0203B10E00430A023BC
:107150005B00984237DA01346B6EA34233DD2B19A2
:107160001B7C2D4AD15C03220A40022AECD0D9B202
:107170002029EBD0FF221340EA689A42E6DC5F291F
:10718000E4D829899A1A8A1892B2244B1B685100B4
:10719000CB5E9B0022490968CB581B021B0A214980
:1071A0000968CE18CF5CF378DB01802149000B40E1
:1071B0001F43C719A0235B009F4204DC6968EBF7FB
:1071C00079FA3800C7E74346002B1ED02A89E968C0
:1071D0005F235B1AD21892B2104B1B685100CB5E32
:1071E0009B000F490968CB581B021B0A0D4909680F
:1071F000CC18CB5CE178C9018024640021400B43AA
:107200001B18A02149008B4202DD80BCB846F0BDAE
:107210006968EBF74FFAF8E7DD320510442B0320DD
:1072200040F9022090230020836E002B01D0013B07
:1072300083667047F0B5DE4657464E464546E0B594
:1072400083B00500884617001E000CAB1B889946CA
:107250000D9B9B46D8235B00C65008330E9AC25044
:1072600004330122C254083B0022C250144B1B6855
:107270004A465200D35E9B00124A1268D3581B0242
:107280001B0A114A1268D3185B789A4600240DE055
:1072900053465A1C6243BA1A6C20604328185B4656
:1072A00000934B464146FFF71FFF0134B442EFDB2A
:1072B00003B0F0BCBB46B246A946A046F0BDC046EE
:1072C000442B032040F902209023002010B5040035
:1072D000DA225200835801338350043A8258934291
:1072E00009D0DA235B00E3586C2058432018FFF7DD
:1072F000F5FE00220AE0DA235B000022C250F0E72C
:107300006C235343E318042199660132D8235B00B0
:10731000E3589342F4DC10BD70B504000E00150074
:10732000FFF7D4FF002E09D115E0DA235B00E35804
:1073300001366C2058432018FFF7DFFE3178002912
:10734000F3D108E0DA235B00E35801356C205843A1
:107350002018FFF7D2FE29780029F3D170BD70B54F
:107360000500DC235B00C3581B78002B14D00024DD
:1073700006E06C20584328180021FFF7DDFE013499
:10738000D8235B00EA58A24206DDDA235B00EB5803
:107390001B1BEED59B18ECE770BD70B504000025F3
:1073A00005E06C2068432018FFF73EFF0135D82325
:1073B0005B00E358AB4210DDDE235B00E35C002B97
:1073C000EFD0DC235B00E3581B78002BE9D16C3352
:1073D0006B43E31804229A66E3E7DC235B00E3587F
:1073E0001A78DE235B00E25470BD30B583B0002410
:1073F000C466079C0467742401250555069C009407
:10740000FFF772FE03B030BD10B5426EC36E9A42F4
:1074100000D110BDFFF781FEFBE710B50023C36666
:10742000FFF75CFE10BD000010B50F4B5A5C032344
:107430001340022B0BD0C9B20B00203BDBB23F2B19
:1074400007D97F2909D00D290BD1012004E020396B
:10745000F1E7FFF752FE012010BDFFF7D5FF012035
:10746000FAE70020F8E7C046DD32051010B5036FDB
:107470001B78002B00D110BD0121FFF75DFEFAE75C
:1074800010B504007423C35C002B05D0036F1B7878
:10749000002B01D1043383662000FFF7C5FE236F64
:1074A0001A787423E25410BD014BB5221A8070473C
:1074B000F22E0320014B00221A707047782F032010
:1074C00030B585B0564B1B78002B4AD1554B002266
:1074D0009A56D4235343544A9B18544A1360544B2E
:1074E00000221A7053490A7053490A7053490A70AE
:1074F0005348029321240194524D2B880093012379
:107500000021FFF797FE2B884F4A126859008A5EC8
:1075100092004E4909688A581202120A4C490968B9
:107520008A185178A722521A4A4800940021FFF77E
:10753000DBFD494B1B78022B33D017D8002B21D011
:10754000012B11D1454B002159564A1E444B920044
:10755000D458444B1B78042B2FD820292DDD424CC6
:107560002BE0FFF7A7FFB1E7404C26E0032B07D144
:107570003A4B1B785BB21F33394A9B009C581CE086
:107580003A4C1AE03A4B1B785BB2013BDA00D21856
:10759000324B1B785BB29B18013B364A9B009C58D0
:1075A0000BE02E4B1B785BB23F332D4A9B009C585F
:1075B00003E001342748FFF7A0FD21780029F8D126
:1075C000204B1B88204A126859008A5E92001F498E
:1075D00009688A581202120A1D4909688A185278E5
:1075E0000132254815490191212100910021FFF721
:1075F000FCFE0024032C0EDC23011B1BD8001F4BB8
:10760000C0181F4B01930023009300220021FFF7B5
:10761000ECFE0134EEE7024B01221A7005B030BDDA
:10762000782F0320522F0320C80703204C0B032080
:10763000902F03208E2F03208F2F03204E2F032007
:1076400044280320F22E0320442B032040F902207B
:1076500090230020182A0320732F0320722F032069
:10766000DCA10410D42500206C8303100C950310BA
:10767000712F032068A304100C250320D8250320B4
:10768000402F032010B50848FFF769FE0748FFF7B1
:10769000EDFE074B1B78002B00D110BD05480021E3
:1076A000FFF74AFDF9E7C046442803200C250320D4
:1076B000442F0320182A032010B50548FFF76DFE5C
:1076C0000448FFF7DDFE0448FFF7AEFD10BDC046DD
:1076D000442803200C250320182A032070B5504BA2
:1076E0001B68002B09D0013B4D4A1360002B04D1CD
:1076F0004C4B00221A704C4B1A704C4B1B785BB2EF
:10770000002B03D14A4B1B78002B21D0494B1A6820
:10771000A023D258002A1BD0434B1B78002B03D048
:10772000434B1B78002B13D043480021FFF7F4FD97
:10773000404B1A680021A023D1503A4B01221A7005
:10774000374B8B321A60384B394A107818701170E9
:107750003A4B1B78002B61D170BD2601361BF60019
:10776000374BF61829003000FFF75EFE002801D0E5
:107770000D2D1DD0334BD42262439B1800229A72E8
:107780000134032CE8DC304B1B5D002BF8D02F4B71
:107790001B785BB2A342F3D02A4BD42262439B18DE
:1077A0009D7A002DECD0052DD7D8294B1D55E1E74A
:1077B000234B2201121BD2009B185B6E002B09D0B9
:1077C000234B1A5D214B1B785BB201339A4205D0E3
:1077D000052A03D03000FFF720FECBE71D4BA200A7
:1077E000D1582201121BD2001032154BD218124868
:1077F000FFF792FD0C4B01221A700A4B1A70084BCE
:107800008B321A60144B1B78022B03D0572013F0D5
:1078100012FCDFE76C2013F00EFCDBE70024B0E77E
:1078200044FB0220902F03208F2F03201B280020D1
:107830008E2F03204C0B032044280320982F032075
:10784000D8250320C8070320C4070320522F032094
:10785000383B01201CA40410D52500200300022081
:10786000185601380B4A1278002A11D00A4A9A1A7F
:10787000921093009B1819015B1819025B181904E8
:107880005B185B009B18DE3BFF3B0C2B00D84010C5
:107890007047C0469D2F032024C20410104A11785F
:1078A00001235B1A5BB21370002B0DD10D4B00212D
:1078B00059560D4BD4224A439B18A0330B4A1A60E9
:1078C0000B4B01221A707047064B00215956064B8C
:1078D000D4224A439B18A033064A1A60F0E7C046F8
:1078E0001B280020522F0320C807032088A1031063
:1078F0008E2F032098A10310084B1B78002B0BD16F
:107900000748084B1968CA17520F891807230B40FC
:107910009B1A9B00185870470348F2E7732F032007
:10792000849E04106CE60220649E0410C6280AD0CF
:1079300005DCBA280AD0C5280AD1C43804E0FF28DB
:1079400008D1FE3800E00120C0B270470120FBE7FB
:107950000020F9E70020F7E7034B18601423C25E0C
:10796000024B1A807047C046183C0120F42E0320B9
:1079700010B50248FFF7F0FF10BDC04630270020C9
:1079800010B50248FFF7E8FF10BDC0468827002069
:1079900010B50248FFF7E0FF10BDC04600270020E9
:1079A00010B50248FFF7D8FF10BDC0467027002071
:1079B00010B50248FFF7D0FF10BDC04618270020C1
:1079C00010B50248FFF7C8FF10BDC046D027002001
:1079D00010B5112202215E20EAF76CFE10BD10B531
:1079E000172226213620EAF765FE10BD10B51222B7
:1079F0000E216020EAF75EFE102226213620EAF7EB
:107A000059FE10BD10B518220F216C20EAF752FE66
:107A10000B4C1023E05E1223E15E6930AE22EAF7E0
:107A200049FE1023E05E1223E15E064B064A1278FF
:107A300052B29A5C20317830EAF73CFE10BDC04665
:107A4000882700206C2600201B280020F0B583B07A
:107A500001900E0007E00C36019803E0203B1A006D
:107A60000DE004302A00551C13781A1E2CD00A2B66
:107A7000F1D01649CF5C032139400229EED0213ADA
:107A80003E2AEED8124B1B889A1892B2114B1B68F3
:107A90005100CB5E9B0010490968CB581B021B0AA2
:107AA0000E490968CC18CF5CE378DB0180214900DE
:107AB0000B401F43C719A0235B009F4204DC310029
:107AC000EAF7F8FD3800CDE703B0F0BDDD32051070
:107AD000F22E0320442B032040F9022090230020A3
:107AE00010B58CB0062168460CF078FB00240CE041
:107AF00063001B19D800104BC0181822ECF750F87F
:107B00000E4BE2000121D1520134052C12DCE300BE
:107B10006A4699580029EBD163001B19D800064B1F
:107B2000C01807491822ECF73BF8044BE20000218B
:107B3000D152E9E70CB010BD040E0320D02600207E
:107B4000A4A1031010B5124B1B78834213D1114B23
:107B50001B78002B0CD1104B1B78022B0DD00F4B38
:107B60001A689210072313400D4AD05C13F063FA91
:107B70000C4B0A221A70002010BD084B1A68921094
:107B800007231340084AD05C13F055FAF0E7C046CB
:107B90005C230020982F0320D52500206CE60220CE
:107BA00080EF0410702F032078EF041070B50600EA
:107BB0001400CD1D08380C222900EAF77BFD631E56
:107BC0000D2229003000EAF779FDE400A0190E2209
:107BD0002900EAF76FFD70BD70B50B221C2148200B
:107BE000EAF768FD002416E00C4E1023F05E122325
:107BF000F15E250149191822FFF7D8FF1023F05E26
:107C00001223F15E63001B19DA00054BD2186918C4
:107C1000FFF71CFF0134052CE6DD70BDB8260020FF
:107C2000040E0320F8B504000F0016001D001322F7
:107C3000EAF740FD0834002E0BD12000162239004F
:107C4000EAF738FDE800001915223900EAF732FD9D
:107C5000F8BD731E142239002000EAF72FFDF00052
:107C60000019EBE710B50F2226213C20EAF722FD90
:107C70000A4C1023E05E1223E15E094B1B681031B1
:107C80001022FFF7CFFF1023E05E1223E15E054BC9
:107C90001B6830311022FFF7C5FF10BD0027002000
:107CA000802800207C28002070B5050000260024D4
:107CB0001BE0203B25E0164A1288D3189BB2154AD8
:107CC00012685B009B5E9B00134A1268D3581B022C
:107CD0001B0A124A1268D118D25CCB78DB018021D2
:107CE00049000B401343F618013428001CF06AFACF
:107CF000A0420BD92B5D0A4AD15C03220A40022A1A
:107D0000D7D0213B3E2BD6D90436EDE7300070BDED
:107D1000F22E0320442B032040F902209023002060
:107D2000DD32051010B5B2220F214420EAF7C2FC63
:107D3000AE220F21AD20EAF7BDFC2B4C1023E05EF4
:107D40001223E15E053151301222FFF72FFF10237D
:107D5000E05E1223E15E254A05315130FFF776FEE1
:107D6000234B1B785BB2002B2ED11F4C1023E05EFF
:107D70001223E15E10314030AE22EAF79BFC102363
:107D8000E05E1223E15E20313F30B322EAF792FC3D
:107D90001023E05E1223E15E30313F30B322EAF778
:107DA00089FC1023E05E1223E15E3031CB30B42237
:107DB000EAF780FC1023E05E1223E15E40313830A8
:107DC000AE22EAF777FC10BD0848FFF76DFF064AC0
:107DD0001021535E51331221515E064A05311818A5
:107DE000FFF734FEC1E7C04670270020B00703202C
:107DF000D42F0320B0A1031070B51D221C214820F0
:107E0000EAF758FC002416E01A4E1023F05E122305
:107E1000F15E250149191822FFF7C8FE1023F05E14
:107E20001222B35E62001219D20013495218E918E7
:107E3000FFF70CFE0134052CE6DD104B1B785BB21E
:107E4000002B00D170BD0E4B00241C5760000019A0
:107E5000C000094BC018FFF727FF064A1021535EE8
:107E60001221515E2401074A09191818FFF7EEFD87
:107E7000E8E7C046B8260020040E0320D42F0320D4
:107E8000B02F0320B0A1031010B50A4B0A4C1C60A0
:107E900020001CF097F9094B1870094812222100A4
:107EA000EBF77EFE074B12221A70074B113A1A703D
:107EB00010BDC0464C180320B0070320D52F032067
:107EC00050180320D62F0320D42F0320F8B5050027
:107ED0000F4B1B880F4A12685B009B5E9B000E4A8B
:107EE0001268D3581B021B0A0C4A1268D3185F7819
:107EF0003E00002400E0013428001CF063F9A04299
:107F000004D92B5D0A2BF6D1F619F4E73000F8BD41
:107F1000F22E0320442B032040F90220902300205E
:107F200010B5002807D001280DD00B4B1868C000F1
:107F300013F000F910BD084B1B68002BF5D0064A62
:107F4000013B1360F1E7044B1B680E2BEDDC024A8A
:107F500001331360E9E7C0467C28002010B50028F3
:107F600007D001280DD00B4B1868C00013F0EAF8B9
:107F700010BD084B1B68002BF5D0064A013B13606F
:107F8000F1E7044B1B680E2BEDDC024A0133136052
:107F9000E9E7C0468028002010B50A4B00229A5E0F
:107FA00053009B18DC00084BE41808490922200004
:107FB000F3F7C0FD2000EBF7E1FD054B00221A703E
:107FC00010BDC046F42E0320040E0320B4A10310FC
:107FD000812F032070B505001F4B01221A701F4B23
:107FE00010215A5E10000B3812215B5E29015B18CC
:107FF000191F0A33C532EBF783FE194B1D706C0055
:108000006419E400174BE418174818222100EBF715
:10801000C7FD164920001CF091F800280AD0144B27
:108020001C6020001CF0CEF8124B1870124B182266
:108030001A7070BD0B4A6B005B19DB00002199546C
:108040002800FFF7A9FF0D4B1B78002BE7D0280075
:10805000FFF7A2FFE3E7C046D42F0320B826002095
:10806000B02F0320040E032050180320A4A10310F6
:108070004C180320D52F0320D62F0320812F032057
:1080800070B5084C084D2E782660084C01262660F5
:10809000074C206007480360074B1960074B1A70B4
:1080A0002E7070BD30FB02208C2F032040FB02207D
:1080B00038FB02203CFB022034FB02208D2F0320E2
:1080C00010B5FFF719FC034B03490122FFF7D8FF56
:1080D00010BDC046C0A10310457B011010B50023A0
:1080E000FFF7CEFF10BD000010B5084B1B78002B2A
:1080F00005D10748FFF730FCFFF7F2FC10BD05483B
:1081000000220021FFF7EAFFF8E7C046982F03207E
:10811000B8260020DCA1031010B5104B1B78002BF3
:1081200003D00F4B1B78002B0DD00E4B0E4A5A601C
:108130000E4BFF221A700E4B1B78022B09D00948F8
:10814000FFF70AFC10BD0B4800220021FFF7C6FF15
:10815000F8E70948FFF700FCF4E7C046982F032032
:108160005E2F0320B8270020D0270020992F03205E
:10817000D525002014A20310A027002010B50A4B1B
:108180001B78002B01D1002805D1084B1870084836
:10819000FFF7E2FB10BD074800220021FFF79EFF1A
:1081A0000548FFF7D9FBF5E7D5250020672F032009
:1081B000A027002058A203103027002010B5074B3D
:1081C0001B78002B05D0064906480122FFF786FFE1
:1081D00010BD222012F02FFFFAE7C046E02F032047
:1081E00061890110B4A2031010B5064B1B78002B57
:1081F00001D1012010BD044800220021FFF76EFFCD
:108200000020F7E7982F0320ECA2031010B504001C
:10821000FFF7EAFF002800D110BD044B1C70044892
:10822000FFF79AFBEDF7F8F8F6E7C046992F032021
:108230005027002010B50400FFF7D6FF002800D11A
:1082400010BD044B1C700448044B4360FFF784FBD3
:10825000F6E7C046992F0320B8270020702700209A
:1082600010B50A4B1B78002B04D0094B1B78002B50
:1082700006D010BD074800220021FFF72FFFF8E7C6
:108280000548FFF769FBFFF72BFCF2E7E02F03201F
:10829000752F032028A303107026002010B5134B60
:1082A0001B78002B15D1124B1B785BB2002B16DB11
:1082B0005A00D218D3000F4A9B180F4A0F4C5A216C
:1082C0002000F2F773FA0E4901222000FFF706FFA3
:1082D00010BD0C4800220021FFF700FFF8E70A4814
:1082E00000220021FFF7FAFEF2E7C046982F032094
:1082F000AA2F0320040E0320C8A30310241A03206E
:10830000CD8701105CA3031090A30310074B1B78CB
:10831000002B09D1054B01221A70054B054A1A6042
:108320001423D25E044B1A807047C0468C2F032062
:10833000183C0120D0270020F42E032010B5164B46
:108340001B78002B19D0154B1B78002B14D1144B24
:108350001B785BB2002B14DB5A00D218D300114AF1
:108360009B18114A114C5A212000F2F71FFA1049AC
:1083700001222000FFF7B2FE10BD222012F05BFEAA
:10838000FAE7FFF7C3FFFFF7ABFB0A48FFF7E4FA92
:10839000034BFE221A70EFE7E02F0320752F032016
:1083A000AA2F0320040E032008A40310241A03207C
:1083B0002588011070260020F0B595B0614B1E781D
:1083C00000221A70604B1B68002B18D15F4B1B7882
:1083D000002B00D1A1E05E4B1B68DB68002B00D0B6
:1083E00098475B4B1B681022995E5A4A11801222F3
:1083F000995E594A118000255D5F00246FE0574B5C
:108400001E683000FFF762FD0400554B1868002815
:108410000BD0FFF75BFD2018C30F1B185B105B42EE
:1084200064334D4A1380002543E00020F3E75022D7
:108430006846EBF7B5FB4F2C02D800236A4613556C
:10844000013507E050226846EBF7AAFB68461BF0AF
:10845000B9FEC5196846FFF727FCC30F181840106E
:108460004042A03000B23B4B18803B4C0023E15E01
:108470006A46FFF7EBFA3B4B1B883B4A12685B00EE
:108480009B5E9B00394A1268D3581B021B0A384A6C
:108490001268D3185B7822889B1823802F4B1B68A7
:1084A0005A5D002A05D12E4A1268002A01D0B34233
:1084B0000DD02F007119735D002B2ED000243D19B3
:1084C000735D002BBED00A2BB1D00134F7E7160044
:1084D0000025EEE7204A1388103313800134AC42A4
:1084E00010D21B4B1B689B68E2009B189A78002AED
:1084F000F0D0194B0021595E164B0020185EEAF7A8
:10850000D9F8E7E70F4B1B78002B01D0002E04D0E1
:10851000104B0020185E002801DA15B0F0BD0C4B9E
:108520001B681221595E0539124B00229B5E1B010C
:10853000114A124C0025645F125DC9182038EAF711
:10854000B9F8EAE7792F032040FB02208C2F0320A3
:10855000183C01202E2F0320302F032038FB02204F
:108560003CFB0220F22E0320442B032040F9022082
:1085700090230020F42E0320182800202A2F032007
:10858000014B00221A7070478C2F032000B59DB05C
:10859000002804D11A4B1B785BB2042B2ED06846FE
:1085A000EDF712F8002829DB164B1870164B012244
:1085B0001A706B460A229A56144B1A70002303E075
:1085C000134A0121D15401336A46527A9A42F7DCA8
:1085D00003E00F4A0021D1540133032BF9DD6B4630
:1085E0000C2018560B21595601230122FEF7A0F842
:1085F000FFF7C6FFE8F7B2FEEDF71AF81DB000BDB1
:10860000992F0320522F0320982F03205D2F032042
:10861000C4070320F0B5A7B0B2220F214820EAF723
:1086200049F8AE220F21B120EAF744F86846ECF78A
:10863000CBFF05006B461B7A002B05D0022B14D014
:10864000032B23D0002437E0394A42212E20FFF7A4
:10865000FDF9384B1B785BB2042B62D18221364A7C
:108660005520FFF7F3F927B0F0BD344B1B78002BF2
:10867000EFD1002804DD01204042FFF787FFE8E743
:108680002F4A42213220FFF7E1F9E2E72D4A422149
:108690001D20FFF7DBF92C4A52214620FFF7D6F9BF
:1086A000D7E72A4A2A491CA8F2F76AF81CAA31001F
:1086B0003820FFF7CBF93C00032CCADC671C2549A6
:1086C0003A001CA8F2F75CF8260132361CAA3100E9
:1086D0002820FFF7BBF963001B19DB006B441B6903
:1086E000002BE8D063001B19DB0010336B4419002A
:1086F000043112221CA8EBF753FAAC42D1D00D4B37
:108700001B785BB2042BD1D1002CCFD11CA81BF05D
:1087100059FD1CAB9C4660440F490822F3F70AFA46
:10872000C4E70E4A82213D20FFF790F9922196E797
:1087300040A40310992F0320F4A40310982F0320C2
:1087400060A4031080A40310A4A40310B0070320A6
:10875000C4A40310C0A40310D0A40310D8A4031011
:1087600010B5054B1B78022B03D0044B02221A7064
:1087700010BDFFF705FFFBE7752F0320792F0320BE
:1087800010B5054B1B78022B03D0044B01221A7045
:1087900010BDFFF7F5FEFBE7752F0320792F0320AF
:1087A00010B5C0B004000AF0E1F9010080225200C7
:1087B0006846EBF7F5F9044B1C706846FDF7D2FEEE
:1087C000FFF7DEFE40B010BD6F2F032010B5074B42
:1087D0001B78834201D0002010BD054B00201856A5
:1087E000FFF7DEFF182012F026FCF4E75C230020E0
:1087F000AA2F032010B5040041000918C900074B37
:10880000C918FDF7B5FEFFF7BBFE054B1B785BB241
:10881000023300D010BD024B1C70FBE7040E032096
:10882000AA2F032010B5074B1B78834201D00020EC
:1088300010BD054B00201856FFF7DCFF182012F082
:10884000FAFBF4E75C230020AA2F032010B50D4BA0
:108850001B785BB2182B04D00B4B1B78002B0BD072
:1088600010BD0A4B1B681B78002BF9D0084B002069
:108870001856FFF7BFFFF3E7034B064A11CA11C3AF
:10888000EEE7C046D62F0320B00703204C18032084
:10889000B02F032008A5031010B5054B1B78022B41
:1088A00003D0044B03221A7010BDFFF769FEFBE7EB
:1088B000752F0320792F032010B5124B0020185676
:1088C00000280EDA104B0021595601310F4B0020C1
:1088D000185600230122FDF72BFFFFF751FE002061
:1088E00010BD0138084B19780131084B00229A5607
:1088F00049B240B2ECF70EFD0548FFF72DF8012014
:10890000EEE7C046992F0320672F0320BE2F0320D8
:108910005027002010B5042804D0054B1870FFF72D
:10892000CBFF10BD034904480122FFF7D7FBF8E74E
:10893000BE2F03203D89011010A5031010B5064B72
:108940001B78834201D0002010BD044B04221A7012
:10895000FFF7B2FFF8E7C0465C230020BE2F0320DC
:1089600010B50B4B1B78834201D0002010BDECF7F3
:10897000F9FD084B00221A70074B1A70074B1B6851
:10898000074A12889A82FFF7FBFDFBF72DFCECE704
:108990005C230020962F0320982F0320183C0120F1
:1089A000F42E0320F8B50478042C36D0002C00D027
:1089B000B7E2456887686B1C00D1B3E2AC4B1B780B
:1089C0005BB2002B43D1AB4B1E68002E00D198E068
:1089D000A94B1B78002B0CD0202D0AD01B2D08D0C2
:1089E000A64B1B78AB4204D0A54B1B78AB4200D002
:1089F00098E2A44BA44A12681A709E4B00221A6097
:108A0000A24B1B68002B78D0280098479D4B18700C
:108A1000182012F010FB012484E29A4B1B78002BE3
:108A200008D0944B1B68002B04D0984B1A68984BC5
:108A30009A4207D0172012F0FEFA0020FFF740FB01
:108A400001246FE28D4B1878FFF77CF8F8E71B2DB7
:108A50003AD07F2D29D00D2D45D08E4B5A5D032362
:108A60001340022B47D02B00203B3F2B39D88A4B99
:108A700000269E57894B00241C57631E9E4230DA05
:108A8000874B1F683800FFF70FF9023CE400A04253
:108A900027DA814B721C1A70BD55814A0021595644
:108AA00013685B1800221A701BE07B4B1B785BB2CB
:108AB000002B16DD013B5BB2774A1370784A1268CF
:108AC000D31800221A700CE0694B00221A70EBF7E1
:108AD0001DF9724B00229A567249714B1868EBF7D8
:108AE0005FF801241EE2624B00221A70EBF70EF9C8
:108AF000FFF7ACFEF5E7203DB5E7624B00221A70A8
:108B000086E7604B1B78002B27D1674A1278AA4270
:108B10002CD0664A1278AA423DD0654A1278AA4201
:108B200043D0644A1278AA4249D0634A1278AA42D2
:108B300052D0624A1278AA4255D0614A1278AA42AB
:108B400059D0604A1278AA425DD05F4A1278AA4290
:108B500060D05E4A1278AA4264D0002B00D0CDE0EB
:108B60005B4A1278AA427CD01C00DBE1FFF7CEFB07
:108B7000584B1B78042B0AD9574B584A1A60584B4C
:108B800000221A80172012F056FA0124CAE1524B33
:108B9000544A1A60F3E7FFF7B9FB172012F04BFABB
:108BA0000020FFF75DFB0124BCE1FFF7AFFB1720BE
:108BB00012F041FA0020FFF797FA0124B2E1FFF723
:108BC000A5FB454B484A1A60454B00221A801720E6
:108BD00012F031FA0124A5E1172012F02CFAFFF768
:108BE000ADFB01249EE1172012F025FA0020FFF7CB
:108BF000E5FA012496E10020FEF750FE172012F05E
:108C00001AFA01248EE1172012F015FAFFF746FB3D
:108C1000012487E1172012F00EFA0020FFF750FA26
:108C200001247FE1314A137801335BB21370042BC6
:108C300002DD130000221A702C4B1B785BB22C4A09
:108C4000002010561A225A432A4BD2182A4BD421FC
:108C500041435B18A0331A600020EDF70BFD01249F
:108C600060E1FFF753FB172012F0E5F9012459E109
:108C7000D42F032040FB02208D2F03205C230020F3
:108C80005B2300208C2F032030FB022034FB0220CA
:108C9000457B0110DD320510D52F0320D62F032090
:108CA0004C180320501803205A2300205923002079
:108CB000582300205723002056230020552300204E
:108CC000542300205323002052230020512300204E
:108CD00063230020D4250020183C01201827002001
:108CE000F42E03203027002000270020DE2F032051
:108CF000522F032040F00410C80703208B4B1B7831
:108D0000AB4247D08A4B1B78AB4263D0894B1B7870
:108D1000AB426DD0884B1B78AB4200D188E0874BCB
:108D20001B78AB4200D1A3E0854B1B78AB4200D14E
:108D3000C0E0844B1B78AB4200D1C7E0002F05D1C7
:108D40002800FEF7F3FD002800D1EDE07E4B002067
:108D5000185E431C7D4A12680025515F8B4200DB80
:108D6000D5E09268D9005218D278BA4200D1C0E05A
:108D70000133EFE7744B01321A80132012F05BF9D4
:108D8000724B1B689A68704B00215B5EDB00D35E00
:108D900001330DD16C4B00229A5E6C4B1B68002195
:108DA0005B5E013B9A42E5DB674B00221A80E4E7F9
:108DB0000124B7E0644A013B1380132012F03BF911
:108DC000624B1B689A68604B00215B5EDB00D35EE0
:108DD00001330BD15C4B00229B5E002BEAD15B4B35
:108DE0001B681B88013B584A1380E6E7012499E081
:108DF000564B1B689B68544A0021525ED2009B1858
:108E00005A68002A03D000229B5E022B01D0012465
:108E100088E0162012F00FF94C4B1B689B684A4AF9
:108E20000021525ED2009B185B6800209847EEE755
:108E3000464B1B689B68444A0021525ED2009B1837
:108E40005A68002A03D000229B5E022B01D0012425
:108E500068E0162012F0EFF83C4B1B689B683A4A1A
:108E60000021525ED2009B185B6801209847EEE714
:108E7000364B1A68936834490020085EC1005B18BD
:108E8000596800290DD00024195F002909D090826B
:108E900000215A5E022A06D05B689847012012F032
:108EA000CAF801243EE05B6801209847162012F0C2
:108EB000C2F8F6E7254B1B68234A12889A82FFF70F
:108EC0005FFB182012F0B7F801242BE01F4B1B6842
:108ED0001D4A12889A825B68002B08D01B4A1360D7
:108EE00014229A5E184B1A80172012F0A4F801245D
:108EF00018E0154A1380132012F09DF8012411E0A8
:108F0000114B1E80132012F096F801240AE08642CD
:108F100008DC9368F1005B18DB78BB42F0D00136C7
:108F2000F5E700242000F8BD0400FBE761230020E2
:108F300062230020602300205F2300205D230020A7
:108F4000632300205E230020F42E0320183C012020
:108F500010B5174B1B78002B04D0164B1A68164B14
:108F60009A420BD0154B1B78002B14D0144A13884F
:108F7000013B1BB21380002B10DD10BD114A13788A
:108F80000133DBB21370232BF0D1ECF791FA0D4BC8
:108F900000221A70EAE7ECF7E5FAE7E70A4A1388D5
:108FA00001214B401380064B08221A80E5E7C0469A
:108FB0008C2F0320183C012050270020982F0320DD
:108FC000222F0320AB2F03202A2F032010B52A4B7A
:108FD0002A4A1A601423D25E294B1A80294B0A228E
:108FE0001A80294B1B78033B284A1370284B294AC7
:108FF00012781A60284BFF221A70284B284A11CA8F
:1090000011C3284B1B78042B05D9274A27495162E5
:10901000274A002151609A1FD2B2012A0BD9254A52
:109020001278022A0BD0042B04D8234A0021535E65
:10903000013B138010BD1E4A2049D160EFE71A4A58
:1090400011002031283211CA11C10C4A0020115ED2
:1090500001391180518A0831518219494A60194AEF
:109060001649D160A52149001182A5395182164ABD
:1090700016495160D7E7C046183C0120D027002090
:10908000F42E0320222F03201A280020B42F0320BF
:1090900030FB02208C2F0320AA2F0320B0070320CF
:1090A00008A50310D4250020E8270020B17901107D
:1090B00018270020D5250020B82700209988011006
:1090C000A02700203027002048270020C179011068
:1090D00004490A680132FF2313400B60024AD05C46
:1090E0007047C0466C0B0320C4F0041004490A68A2
:1090F0000132FF2313400B60024AD05C7047C04628
:10910000980D0320C4F00410024B00221A60024B99
:109110001A6070476C0B0320980D032010B5FFF701
:10912000D7FF0400FFF7D4FF201A10BD10B50028A8
:109130000FD0094A094BC318934204D8830702D1C0
:109140008003000C10BD064B064A0748CC21F0F7FF
:1091500091F90020F6E7C046FCFF0300FCFFFFDFAB
:109160005C4B0310F4F10410A091031010B500241F
:109170001D2C0BDC064B6200D35A002B01D00134AE
:10918000F6E7FFF7D3FF024B6400185310BDC0464B
:10919000782C012070B50100002407E08022120520
:1091A000944663449800814209D001341D2C0EDCA2
:1091B000074B6200D35A002BF0D10020F3E78368FD
:1091C0000025DD820DF0D4FE014B6400E55270BD38
:1091D000782C012030B583B00400C5696B1C32D0F7
:1091E000012D12D102694169806801950123009324
:1091F000002302F011FF0500314B1B685B0702D111
:109200002379052B03D1022D07D003B030BDA06810
:109210001C30162111F05EFEF5E72379042B07D8E8
:10922000032B0CD2012BF0D12000FFF7B3FFECE7AA
:10923000052BEAD1A0681C30132111F04BFE01234D
:109240005B42E361E1E7037EC268416980680195A2
:109250000125009502F0E0FE0500194B1B685B0735
:1092600002D12379052B0CD1022D10D0012DCCD1A8
:109270002379032B21D8022BC7D380239B01636161
:10928000C3E7A0681C30162111F024FEECE7237917
:10929000052BBAD89B000B4AD3589F46A0681C30B8
:1092A000132111F017FE80235B0263610123E36148
:1092B000ABE72000FFF76EFFA7E7052BA5D1DCE7A2
:1092C00018F40220C4F1041030B5002100E001318F
:1092D0001D291ADC0D4B4A00D35A002BF7D08022EF
:1092E0001205944663449A00146A057A437A1B0275
:1092F0002B431B041B149C42E9D1D369002BE6D1FC
:10930000536AD36101239370E1E730BD782C0120CB
:10931000F0B5C64600B580460F00CB1E022B03D920
:1093200000250124644236E0FFF7CEFFF8E7012371
:109330002B760222B35E9B032B610022B35E9B035C
:109340008022120394466344EB6001235B42EB618D
:1093500080239B026B6116E001232B760222B35E11
:109360009B032B610022B35E9B03EB60002F04D0B4
:109370008022120394466344EB6001235B42EB615D
:1093800080235B026B610A22B35E2B622F7128007F
:10939000FFF7ECFE0125210040460CF065FA041EA3
:1093A00028DB164B1E68E3001B199B00F618F38A96
:1093B000002BF0D106212820E9F742FB05000DF033
:1093C000B1FD2800FFF7B2FEF0820123AB70AE6062
:1093D00000232B76052FD6D8BB00094AD3589F46C9
:1093E00030000CF019FA28610123EB6180235B0245
:1093F0006B61C8E7280080BCB846F0BD4413032069
:10940000DCF1041070B504000020002100E00131FF
:109410001D291BDC0E4B4A00D35A002BF7D08022AB
:109420001205944663449A00156A267A637A1B02F1
:1094300033431B041B149D42E9D1D369002BE6D0B2
:10944000536200239370D3610120E0E770BDC046F2
:10945000782C012010B58269054B1A4200D110BD4D
:10946000044B054A7C210548FF31F0F703F8C0465C
:1094700001000010F467031054F204100C6803108C
:1094800010B500280FD0094A094BC318934204D8DD
:10949000830702D18003000C10BD064B064A074823
:1094A000CC21EFF7E7FF0020F6E7C046FCFF030002
:1094B000FCFFFFDF5C4B031044F20410A09103108B
:1094C00010B582B004004369012B79D018DC5A1C16
:1094D0003BD0002B7FD1C369013BC361002B7AD104
:1094E0000379012B29D0052B1ED0002B73D101232A
:1094F0005B42436180681C30152111F0EBFC6AE08F
:10950000022B68D1C369013BC361002B63D103798E
:10951000042B60D1033B43610023037180681C303E
:10952000142111F0D7FC56E001235B4243618068AF
:109530001C30592111F0CEFC4DE0012343618068BD
:109540001C30142111F0C6FC45E080680021425E09
:1095500092032169019301230093002302F05CFD33
:1095600002280ED0012836D12379022B33D0072BC5
:1095700031D001236361A0681C30142111F0AAFCD2
:1095800029E02379072B26D89B001F4AD3589F46F2
:10959000A3680022DA8220000DF0EAFCA0681C30EB
:1095A000592111F097FC16E0A3680022DA8220000E
:1095B0000DF0DEFC0FE000236361144BE3610AE071
:1095C000C26801698068019301230093002302F0BF
:1095D00023FD022801D002B010BD2279062AFAD854
:1095E000012393404A221A4207D1293A1A42F2D063
:1095F00000236361A369E361EDE7A3680022DA82D7
:1096000020000DF0B5FCE6E704F204101A04000097
:10961000F0B5C64600B580460F000025012464421F
:10962000210040460CF020F9041E00DA8CE0484B83
:109630001E68E3001B199B00F618F38A002BEFD17C
:1096400006212020E9F7FCF905000DF06BFC28004D
:10965000FFF716FFF0820223AB70AE602F719433D8
:10966000AB6180239B022B61072F6BD8BB00394A6B
:10967000D3589F4630000CF0A5F8E860364B9C4666
:109680006044E86001235B426B6180231B032B6114
:10969000A8681C30592111F01DFC0125C0E73000DD
:1096A0000CF090F8E8602C4B9C466044E860012385
:1096B0005B426B61A8681C30152111F00BFC012581
:1096C000AEE70222B35E9B03EB6001235B426B615A
:1096D00030001C30152111F0FDFB0125A0E701230E
:1096E0006B6130000CF06EF8E8601B4B9C466044E8
:1096F000E86080231B032B610222B35E9B03984228
:1097000001D101258CE7A8681C30582111F0E2FB3B
:10971000012585E701236B6130000CF053F8E86008
:109720000D4B9C466044E8600222B35E9B03984266
:1097300001D1012574E7A8681C30142111F0CAFB7F
:1097400001256DE701256BE7280080BCB846F0BD18
:109750004413032024F204100000FCFF70B506003F
:109760000C001000FFF776FE4E23C35A002B43D0A7
:1097700080221205944663449D0030000FF0A4F946
:1097800087280EDC862827DA632801D0852803D1B4
:109790006A6C1A4B1A4217D021003000FFF738FFCD
:1097A00070BD88380128F7D84523EB5C002BF3D136
:1097B0004833EB5C002BEFD1114BA022AB502220A1
:1097C00011F039FC0020EBE70E4BA022AB50222019
:1097D00011F031FC0020E3E74623EB5C002BDBD1EA
:1097E0004933EB5C002BD7D1074BA022AB50222092
:1097F00011F021FC0020D3E70020D1E7FF0000FF9B
:10980000B0A5031058A5031084A50310F8B50400F3
:109810000D000800FFF71EFE4E23C35A002B00D197
:1098200094E080221205944663449E0020000FF0CD
:109830004BF91A38082813D80123834084221A428E
:1098400000D09FE07E32134200D088E0C13A1A4235
:1098500006D0002E79D0726C794B1A4200D177E095
:10986000227B637B1B0213431B041B14013300D1B7
:109870009BE0744B1E68227B637B1B0213431B041B
:109880001A14DB139B189B006F4A1268D3180A2224
:109890009A5ED3009B189B00F618F38A002B10D019
:1098A00080221205944663449F0020000FF00CF9BB
:1098B0001C2800DD7BE01A2800DB7BE0012800D1BA
:1098C00078E020000FF000F91F2800D199E000DCBB
:1098D0008FE07538012800D98DE030001C30582108
:1098E00011F0F8FA06212020E9F7AAF805000DF09A
:1098F00019FB2800FFF7C4FDF0820223AB70AE60B5
:10990000013B6B6180239B022B619623AB6120009E
:109910000FF0DAF8752800D18BE000DD77E022281F
:109920000BDC1F2800DB7EE0012804D0002804DDCA
:109930001A38022801D800232B7130000BF042FFA7
:10994000E860424B9C466044E860F8BD00266DE745
:109950003F4BA022B350222011F06DFBF5E7002E03
:10996000F3D04523F35C002B00D079E74833F35C58
:10997000002B00D074E7374BA022B350222011F007
:109980005AFBE2E7002EE0D04623F35C002B00D028
:1099900066E74933F35C002B00D061E72E4BA02231
:1099A000B350222011F047FBCFE700BE61E77528D6
:1099B00000D086E77B6901330ED02800FFF74AFD0F
:1099C0004E23C35A002BC0D0BB78022B07D0032BE9
:1099D00008D1043B7B61B8E701237B61B5E7033B1A
:1099E0007B61B2E71D48F2F713FA01235B427B610A
:1099F000ABE7012805D030001C30142111F06AFAC1
:109A000070E730001C30142111F064FA6AE7762800
:109A100000D092E706232B7120000EF0EFFF802389
:109A20001B032B6189E703232B7120000EF0E6FF57
:109A300083E705232B7180231B032B617DE7C04641
:109A4000FF0000FF44130320B41403200000FCFFB8
:109A5000E0A5031008A6031030A6031058A60310B3
:109A600070B5050006212020E8F7EAFF04000DF09C
:109A700059FA2000FFF704FDE882AB797C2293437A
:109A8000AB710223A370A56000236361237180235F
:109A90009B022361014BE36170BDC0461A040000C4
:109AA00070B5050006212020E8F7CAFF04000DF07C
:109AB00039FA2000FFF7E4FCE882AB797C2293437B
:109AC000AB710223A370A56063610233237180230D
:109AD0009B02236128000BF075FEE060044B9C465E
:109AE0006044E0609623A361024BE36170BDC04611
:109AF0000000FCFF04290000344B1B78042B0FD816
:109B0000334B1B785BB2082B5CD10F285CD1314BF7
:109B10001B785BB2012B01D0002054E00E3852E0DC
:109B20002C4B1B785BB2032B2CD00BDC012B15D0FC
:109B3000022B3FD1264B1B785BB2082B1CD0002098
:109B4000C0B240E0042B35D1214B1B785BB2062B11
:109B500026D0082B28D00020C0B234E01C4B1B7844
:109B60005BB2082B02D00020C0B22CE00F2801D03D
:109B70000020F9E70120F7E7152801D00020DFE7F2
:109B80000120DDE7124B1B785BB2082B02D00020CE
:109B9000C0B218E0132801D00020F9E70120F7E750
:109BA0001528D6D10120D7E7132801D00020D3E70C
:109BB0000120D1E7064B002018560838434258418F
:109BC000C0B200E0002070470120FCE7D42500204F
:109BD000722F0320712F032010B500280FD0094ADF
:109BE000094BC318934204D8830702D18003000CA9
:109BF00010BD064B064A0748CC21EFF73BFC00207E
:109C0000F6E7C046FCFF0300FCFFFFDF5C4B0310E0
:109C10006CF20410A091031010B58269054B1A4232
:109C200000D110BD044B054A7C210548FF31EFF7F8
:109C300021FCC04601000010F467031060F204101C
:109C40000C68031010B58269074B1A4207D041799E
:109C5000064BCA00521AD2009B18586A10BDFFF773
:109C6000DBFFC06BFAE7C046010000102CA4041013
:109C700070B504008369DB0249D50423C356013360
:109C800047D14179274BCA00521AD2009B189B8EAC
:109C9000002B40D0234ACB005B1ADB00D318196A93
:109CA000C823D2588A18C3681F4909685B1AD91794
:109CB0005B184B40934230DC03691C4909685B1A0E
:109CC000D9175B184B40934201DD012020E0184D6D
:109CD0002860FFF7A1FF002646642000FFF79CFFE5
:109CE00006642000FFF798FFC36B9B00C3632269E3
:109CF000E168200004F018FD04002868FFF78CFFDD
:109D0000C36B9B10C363002C09D0002000E001202E
:109D100070BD0120FCE70120FAE70120F8E70120EF
:109D2000F6E7C0462CA40410C41C0320C81C032062
:109D3000083C0120F8B505000F00012918DC0EF0E1
:109D4000B7FF002805D0AB799B079B0F7A1C934285
:109D500061DD7B1C03221A40AB7903218B43134343
:109D6000AB712D4B1868FFF737FFE88100261AE02A
:109D70002A4B2B4A2B486821EFF77CFB207B637B27
:109D80001B0203431B041814DB131B189B00D2187F
:109D90000A23D35ED800C0188000081832E03900CA
:109DA000FFF7C8FF0136AB89B34234DD1E4B1C6898
:109DB0002B8B9B191D4A12685B009A5AD3009B1A81
:109DC0005B00E41823795B07ECD5200005F0A4FEC6
:109DD000174B1B68002BE5DD164B1968164B1A68EC
:109DE000A07AE37A1B0203431B041814DB131B182D
:109DF0009B00D3180A201B5ED800C01880000818EA
:109E0000A842BBD023795B06C9D5002FCAD1012156
:109E1000FFF790FFC6E7F8BDA417032098A603102C
:109E20007CF20410ACA6031030F8022028F80220BF
:109E30004C05032044130320B414032010B50C0078
:109E4000094B1860094A1378013313700EF06AFF4A
:109E50002289D3009B189B00054A1068C018002176
:109E6000FFF768FF10BDC046A41703207428002028
:109E70004413032070B50500FFF7CEFE4C23C15AF2
:109E8000002901D1002070BD80231B059C46614440
:109E90008C00E068EB6821692A69891AC01A05F00C
:109EA0003BFB61790A4BCA00521AD2009B181B6A0D
:109EB000084A94466344834201DA0020E3E7210024
:109EC00028000BF04BFA0028DDD00120DBE7C0466C
:109ED0002CA40410FFFF2B0070B50400FFF79CFEBC
:109EE0004C23C15A002913D080231B059C46614492
:109EF0008D00290020000BF031FA061E06D0A36960
:109F00005A0607D540229343A3610126300070BD55
:109F10000025EEE72000FFF77FFE2123C65C002E20
:109F200001D00026F2E7E068EB6821692A69891A06
:109F3000C01A05F0F1FA184BC5186379174AD90011
:109F4000C91AC9005218528A002A01D1144A851828
:109F50002C14032B13D0052B16D0152B03D0132B49
:109F600001D0122B00D16410C82C00DDC824152BA1
:109F70000ED0FFF7ADF8A042C8DB0126C6E7E0220D
:109F800092009442E7DDC1E7C32CBFDD6C14E4E727
:109F9000A02CEEDDA024ECE70000C0FF2CA40410F0
:109FA000000040FFF0B5C64600B50400FFF734FEE0
:109FB0002023C356082B00D170E0DBB2072B00D959
:109FC00000BEE568200007F045F906002000FFF715
:109FD00023FE2027C257324B9200D05870432D18D1
:109FE0002669200007F036F980462000FFF714FEAE
:109FF000C2572C4B9200D058434658433218290080
:10A00000200004F085FC051E36D1A3695A0403D54F
:10A01000254A1278002A1AD1244B1B68002B32D013
:10A020002000FFF7F9FD20230822C2541F490A68C7
:10A03000531E0B60002A26D01D4A9B00995800220F
:10A0400020000CF00FFB0028F0D00125EEE762693C
:10A05000184909688A420ADA8021C9028C4662449A
:10A060006261802292031343A36101250BE0124930
:10A070008C4662446261F4E7A369104A1A40A26107
:10A080005B0404D50125280080BCB846F0BD200043
:10A09000FFF7C2FD036B63610125F4E70025F2E7DA
:10A0A000B0F2041090F204106D2F0320000503207D
:10A0B000AC1703209C1B03200000FCFFFFFFDFFF09
:10A0C00070B50400FFF76EFF002800D170BDFEF7E9
:10A0D000FFFF05002000FFF79FFD0F232B40836249
:10A0E0000120F3E7F0B5DE4657464E464546E0B55B
:10A0F00083B00400FFF790FD4C23C35A002B00D11E
:10A1000000BE2000FFF788FD2023C2569346C35CA3
:10A110009946774B4A469D5C4C23C35A002B56D038
:10A1200080221205944663449B00DE68E268B61AFA
:10A130001F692369FF1AA0231B039E4249DD01AB5F
:10A1400000225A706B4B9F424EDA01AB06229A7086
:10A1500001AB5B789846082B03D001AB9B78082BAA
:10A160004ED1FEF7B5FFC82807DCFB17FF185F408C
:10A17000F317F6185E40B74204DD01AB9A785A70C7
:10A1800042469A7001AB5B78AB4257D001AB9B78EB
:10A19000AB4257D001AB5E78082E57D101AB9E7809
:10A1A000082E5ED14B46082B0BD02000FFF734FD64
:10A1B00020235A46C2542000FFF782FF002800D017
:10A1C0008EE0FEF785FFC00766D4072667E0002310
:10A1D000ABE7484B9E4203DA01AB04225A70B1E769
:10A1E00001AB08225A70ADE7A0231B039F4203DD99
:10A1F00001AB02229A70ABE701AB08229A70A7E785
:10A20000BB1702221A40F3179B1BDB0F92469A449E
:10A210002000FFF701FD384B52469B562022924604
:10A2200083542000FFF7F8FC5346C356AB4298D046
:10A230002000FFF745FF002893D051E001AB082232
:10A240005A70A3E701AB08229A70A3E72000FFF73A
:10A25000E3FC2023C6542000FFF732FF00289DD0E6
:10A260003EE02000FFF7D8FC2023C6542000FFF773
:10A2700027FF002896D033E00136072E1EDCB542BA
:10A28000FAD02000FFF7C8FC2023C6542000FFF7B7
:10A2900017FF0028F0D023E00026EEE7013E731CF4
:10A2A0000CD0B542FAD02000FFF7B6FC2023C654EC
:10A2B0002000FFF705FF0028F0D011E0082D09D09D
:10A2C0002000FFF7A9FC2023C5542000FFF7F8FE6B
:10A2D000002805D12000FFF79FFC20230822C2544C
:10A2E00003B0F0BCBB46B246A946A046F0BDC0468E
:10A2F000D4F204100000F6FFD0F20410F8B5CE46F8
:10A30000474680B504008846FFF786FC2223C356E3
:10A31000013B03271F40002609E04E462000FFF7BF
:10A320007BFC2222835C013303210B4083542000F9
:10A33000FFF772FC2223C5562E4B5B5D002BEDD040
:10A34000731C9946022E50D0BD4250D02A4BD422C5
:10A350006A439B181B6A002BDFDD274BD4226A431C
:10A36000D15820000AF0FAFF00283AD04346002BCB
:10A3700025D1214BD4226A43D2581369D26821696E
:10A38000E0680EF031F906002000FFF745FCC36AD3
:10A39000F61A1A4B9C466644194B9E420FD8164B30
:10A3A000D4226A43D358D868E26819692369C91A64
:10A3B000801A05F0B1F88023DB03984213DC0E4BC2
:10A3C000D4226A43D5582000FFF726FC0400280059
:10A3D000FFF702FC4C23E0520120C0BCB946B04656
:10A3E000F8BD4E469AE74E4698E70020F5E7002074
:10A3F000F3E7C046C4070320C8070320FFFFFFBFE1
:10A40000FEFFFF7F70B50400FFF706FC2323002248
:10A41000C2542289D3009B189B00364A1268D31875
:10A42000D889002807D080231B059C4660448500FE
:10A43000AB695B071ED400212000FFF75FFF0028F7
:10A4400052D061792C4BCA00521AD2009B18197A4B
:10A4500000293FD026292DD90B00273BDBB2012B49
:10A4600030D8FEF735FEC30FC01801210140C91ACC
:10A47000273127E02000FFF7CFFB06002800FFF779
:10A48000ABFB4C23F052A3699B06DAD52000FFF703
:10A49000C3FB4C23C15A00290AD080231B059C46CC
:10A4A0006144890020000AF059FF0028C3D0C8E7A2
:10A4B0000021F7E7242905D3FEF70AFE0321F0F770
:10A4C000E7F924316379132B01D0152B0DD100202E
:10A4D00010F000FD6179084BCA00521AD2009B1897
:10A4E000D988200006F024F870BD200010F09CFDF3
:10A4F000F0E7C046441303202CA4041070B50400F8
:10A50000FFF78AFB2123C35C002B02D0013B2122F1
:10A5100083542000FFF780FB05002323C656002E3E
:10A5200006D02933C05A00281FD123230022EA5421
:10A530002000FFF771FB2023C356072B24DD2000EA
:10A54000FFF76AFB4C23C35A002B07D08022120569
:10A55000944663449B009B695B073CD40121200027
:10A56000FFF7CCFE00282BD070BD80231B059C4636
:10A5700060448000FFF750FB2422835E002BD4DD73
:10A58000013E2323EE54D3E7C36A5B0F5B07C3622C
:10A590002000FFF741FBC26A2023C3565B07D31A92
:10A5A000002B05DDE0231B069C466244C262C6E721
:10A5B000002BC4DA80239B059C466244C262BEE73E
:10A5C0006179604BCA00521AD2009B18598820004A
:10A5D00005F0AEFFC8E7A3691A0664D46179594B48
:10A5E000CA00521AD2009B185B8A002B6DD1617988
:10A5F000544BCA00521AD2009B189B8A002B0DD0D4
:10A60000514B1B785BB2032B03DC504B1B78002BA8
:10A6100078D02000FFF760FC00287BD14C4B1B78E2
:10A62000002B14D02000FFF7F7FA2323C356002B8A
:10A630000DD14C33C35A002B7BD080221205944697
:10A640006344990020000AF089FE002873D020009E
:10A65000FFF7E2FA836A013B8362002B04DB2000F0
:10A66000FFF7A0FC002802D12000FFF73BFD617935
:10A67000344BCA00521AD2009B182D331B78002B82
:10A6800000D171E7FEF724FD022800DD6CE7617957
:10A690002C4BCA00521AD2009B182D331978200077
:10A6A00010F0C2FC60E780229343A361264B1B7825
:10A6B0005BB2042B00D157E7244B1B78002B00D052
:10A6C00052E72000FFF70EFD4EE72000FFF7D2FB18
:10A6D00000288CD061791B4BCA00521AD2009B18FB
:10A6E000997A00290AD16179164BCA00521AD20010
:10A6F0009B18598A200005F01BFF35E7200010F059
:10A7000093FCF0E72000FFF787FA836A002B00D163
:10A710007FE783E761790B4BCA00521AD2009B187E
:10A72000998A200005F004FFA36980221343A361E6
:10A730001AE7002186E701212000FFF7DFFD00284E
:10A7400085D011E72CA40410742F0320692F032057
:10A75000982F0320F0B5D6464F464646C0B50400B4
:10A76000FFF75AFA4C23C35A002B04D1E0BCBA4677
:10A77000B146A846F0BD80221205944663449D0070
:10A78000A36920229343A361E76823699846EB6895
:10A7900099462B699A462000FFF73EFA0600534679
:10A7A0004A46414638000DF01FFFF062AB695B037B
:10A7B000DCD5FEF7B3FC05002000FFF72DFAC36AD5
:10A7C0006D055B19C362D1E7F0B583B00400FFF7F4
:10A7D00023FA4C23C35A002B01D103B0F0BD200053
:10A7E000FFF7B8FF2000FFF717FAC56A80273F057B
:10A7F0003A002900200004F015FC06000121200089
:10A8000010F012FCFEF78AFC00052D18FEF760FC24
:10A810000521F0F73DF801314B005B180093330040
:10A820003A002900200004F06BFCD6E7F0B5C646DC
:10A8300000B582B00500FFF7EFF94C23C35A002B97
:10A8400003D102B080BCB846F0BD0221280010F050
:10A85000EBFB2800FFF77EFF2800FFF7DDF9C36A56
:10A860009846802212051900280004F0DBFB07003F
:10A87000002614E0FEF752FC04054444FEF728FCD1
:10A880000521F0F705F801314B005918802200919D
:10A890003B0012052100280004F032FC0136022E94
:10A8A000E8DDCEE7F0B5C64600B582B00400FFF79C
:10A8B000B3F94C23C35A002B03D102B080BCB84675
:10A8C000F0BD0221200010F0AFFB2000FFF742FF97
:10A8D0002000FFF7A1F9C66A80273F053A00310042
:10A8E000200004F09FFB8046FEF718FC0505AD191B
:10A8F000FEF7EEFB0521EFF7CBFF01314B005B18B4
:10A90000009343463A002900200004F0F9FBD4E705
:10A9100070B50400FFF71EFFFEF7DAFB272800DC06
:10A9200070BD2000FFF778F94C23C55A002D09D0DF
:10A9300080263605A8198000FFF76EF92422835E71
:10A94000002B0ADC6179094BCA00521AD2009B180D
:10A95000D988200005F0ECFDE2E7A9198900200064
:10A960000AF0FCFC0028DBD1ECE7C0462CA4041064
:10A9700070B50400FFF7EEFEFEF7AAFB092800DC25
:10A9800070BD2000FFF748F94C23C55A002D09D0AF
:10A9900080263605A8198000FFF73EF92422835E41
:10A9A000002B0ADC6179094BCA00521AD2009B18AD
:10A9B000D988200005F0BCFDE2E7A9198900200034
:10A9C0000AF0CCFC0028DBD1ECE7C0462CA4041034
:10A9D00010B50400FFF720F94C23C35A002B00D117
:10A9E00010BD2000FFF7B6FE2000FFF715F94C233D
:10A9F000C15A002909D080231B059C466144890067
:10AA00002422200006F046FCEAE70021F8E770B5B2
:10AA10000400FFF701F94C23C35A002B00D170BD8D
:10AA20002000FFF797FE2000FFF724FA002810D13E
:10AA30002000FFF7F1F84C23C15A00292CD08023C5
:10AA40001B059C46614489001F22200006F022FC61
:10AA5000E5E73721200010F0E7FAFEF739FBC217CF
:10AA6000520F8018072303409B1A01335D00ED1835
:10AA70002000FFF7D1F84C23C05A00280AD08023C9
:10AA80001B059C46604480002B002200210002F040
:10AA900067FCC4E70020F7E70021D5E770B50400A4
:10AAA000FFF7BAF84C23C35A002B00D170BD200029
:10AAB000FFF750FE2000FFF7DDF90028F6D0FEF783
:10AAC00007FB0A21EFF7E4FE01318D002000FFF7BC
:10AAD000A3F84C23C05A00280AD080231B059C46AB
:10AAE000604480002B002200210002F039FCDDE7E9
:10AAF0000020F7E770B50400FFF78EF84C23C35A27
:10AB0000002B00D170BD2000FFF724FE2000FFF7CE
:10AB1000B1F9002810D12000FFF77EF84C23C15A6C
:10AB2000002926D080231B059C46614489002022F1
:10AB3000200006F0AFFBE5E7FEF7CAFA0621EFF7C3
:10AB4000A7FE01318D006D186D002000FFF764F83D
:10AB50004C23C05A00280AD080231B059C46604421
:10AB600080002B002200210002F0FAFBCAE700203F
:10AB7000F7E70021DBE710B50400FFF74DF84C23A1
:10AB8000C35A002B00D110BD2000FFF7E3FD2000C9
:10AB9000FFF742F84C23C15A002909D080231B0536
:10ABA0009C46614489002122200006F073FBEAE7FD
:10ABB0000021F8E770B50400FFF72EF84C23C35AC4
:10ABC000002B00D170BD2000FFF754F9002810D1F0
:10ABD0002000FFF721F84C23C15A00292DD08023F3
:10ABE0001B059C46614489001022200006F052FBA0
:10ABF000E8E73721200010F017FAFEF769FAC217CC
:10AC0000520F8018072303409B1A01339D00ED1853
:10AC10006D002000FFF700F84C23C05A00280AD02E
:10AC200080231B059C46604480002B0022002100ED
:10AC300002F096FBC6E70020F7E70021D4E700000A
:10AC400070B50400FEF7E8FF4C23C35A002B00D177
:10AC500070BD2000FFF77EFD636980225203944699
:10AC6000634463612000FEF7D7FF4C23C15A0029DB
:10AC700027D080231B059C466144890006222000C2
:10AC800006F008FB050063690F4A9446634463615C
:10AC9000FEF7C2FF026CEB689B18EB602800FEF722
:10ACA000BBFF426C2B699B182B612000FEF7B4FFA1
:10ACB00004002800FEF7B0FF4C23E25A0433C252CE
:10ACC000C6E70021DAE7C0460000F0FFF8B5DE462F
:10ACD00057464E464546E0B50400664B1B689B0749
:10ACE00005D0F0BCBB46B246A946A046F8BD4269B5
:10ACF0000169C06806F00EFAE5682000FEF78CFFD7
:10AD0000036C2169406C6269091AE81A072305F08F
:10AD1000F7FA0500FEF780FF80235B028364FEF7ED
:10AD2000D7F9032318402B791B1A5BB22B71002B28
:10AD300000DC84E02000FEF76FFF5023C55A002D91
:10AD4000CFD080231B059C466544AD002800FEF74C
:10AD500063FF2422835E002BC3DD2B69EA6821692F
:10AD6000E0680DF041FC06002000FEF755FFC36AC5
:10AD7000B34210D0F21A802109068A4262D9F42225
:10AD8000120694466344C3622000FEF745FFC36A7F
:10AD9000F31A00D4C6622000FEF73EFFC66AF60C26
:10ADA000200006F057FA070080231B01F3183249F0
:10ADB0005A008846525A1B018021490289460B409D
:10ADC000D31A9B462000FEF727FF824659463800DB
:10ADD000E6F737FF53461864730042469B5A360124
:10ADE0004A4616409B1B98462000FEF715FF0600BA
:10ADF00041463800E6F725FF7064E868E368296992
:10AE00002269891AC01A04F087FB3900EFF740FD68
:10AE1000011E27DD6B69A02292039446634460699A
:10AE2000181AEFF735FD05002000FEF7F5FE836CDC
:10AE3000AB4219DD114A94466344836451E7012310
:10AE40002B7177E7C022120594466344C362200049
:10AE5000FEF7E2FEC36AF31A8022120693429AD9E1
:10AE6000C66298E70121D5E78022920194466344A7
:10AE7000836436E76CE60220D4EB031000E0FFFFAA
:10AE800010B50400FEF7C8FE4C23C35A002B00D1B6
:10AE900010BD2000FFF75EFC3821200010F0C4F840
:10AEA000F6E770B50400FEF7B7FE4C23C35A002B3B
:10AEB00000D170BD2000FFF74DFC2000FEF7DAFF47
:10AEC0000028F6D0FEF704F90A21EFF7E1FC013182
:10AED0004D006D186D003521200010F0A5F8200000
:10AEE000FEF79AFE4C23C05A00280AD080231B0587
:10AEF0009C46604480002B002200210002F030FAC2
:10AF0000D7E70020F7E70000F0B5D6464F464646A3
:10AF1000C0B58046FEF780FE2023C356082B00D123
:10AF200088E0404606F096F905004346DC68404656
:10AF3000FEF772FE2027C257404B9200D3586B4356
:10AF4000E4183F4B1C6043461E694046FEF764FE12
:10AF5000C2573C4B9200D3585D4376193A4B1E6062
:10AF60003A4B1B68E41A3A4AA718FF158023DB0303
:10AF70009C466444E3159946364B1B68F61AB5188F
:10AF8000ED156644F615344B42461A604F4551DCC8
:10AF90002C00B4424CDC314A2100380004F0E0FFC0
:10AFA000002801D00134F4E74046FEF735FE0400E6
:10AFB0004C27C55B2A4B9A461868FEF70DFEE053F6
:10AFC0004046FFF7C7FB4046FEF726FEC5538521E6
:10AFD0004900404605F0ACFA534618681F2110F0AE
:10AFE00023F85346186843791E4CDD00EE1AF6002C
:10AFF000A619B18E05F09CFA53461B6898461800B6
:10B00000FEF70AFEC36B9B00C363336B424693613A
:10B010004046FEF701FE0422B35E83844046FEF7FD
:10B02000FBFD0023C353E0BCBA46B146A846F0BDC1
:10B030000137ABE74046FFF761FAF4E7B0F20410DE
:10B04000C41C032090F20410C81C0320442D0120CE
:10B050000000C0FF482D0120C01C0320719C01107E
:10B06000083C01202CA4041010B536210FF0DCFFA1
:10B0700010BD0000F8B5DE4657464E464546E0B5E1
:10B080000500FEF7C9FD5023C45A002C11D08023BF
:10B090001B059C466444A4004C23C35A002B0ED0CD
:10B0A0006344980006F0CAF821000AF057F9002816
:10B0B00007D1F0BCBB46B246A946A046F8BD002069
:10B0C000F0E72000FEF7A8FDC66AF60CE7688023CB
:10B0D0001B01F31812495A008B46515A1B0180225A
:10B0E000520292461340C91AC0235B0399461800C6
:10B0F000E6F7A7FD3F182369984673005A46995A08
:10B10000360153461E40891B4846E6F79AFD020069
:10B1100042443900280004F05BFE63696B61C8E7B4
:10B12000D4EB031010B504005C210FF07DFF20006C
:10B13000FFF7A0FF10BD10B504005B210FF074FFF6
:10B140002000FFF797FF10BDF0B5C64600B504001C
:10B15000FEF762FD4C23C35A002B02D180BCB846D7
:10B16000F0BD2000FFF7F6FA2000FEF755FD4C2356
:10B17000C55A002D2BD080231B059C466544AD008D
:10B18000E8686A690423010005F0BAF806002000A7
:10B19000FEF742FD07003000FEF71EFD50239846E3
:10B1A000F8523000FEF738FD07002000FEF714FDCE
:10B1B0004C23F8523000FEF72FFD04002800FEF764
:10B1C0000BFD4346E0523000FFF754FFC6E7002571
:10B1D000D6E70000F8B5DE4657464E464546E0B590
:10B1E0000400FEF719FD4C23C35A002B05D1F0BC17
:10B1F000BB46B246A946A046F8BD2000FFF7AAFA12
:10B200002000FEF709FD4C23C55A002D5ED0802397
:10B210001B059C466544AD00290020000AF09EF8FD
:10B220000028E4D0522120000FF0FEFE142322005B
:10B230002100280002F094F86979254BCA00521ABF
:10B24000D2009B189F6A2800FEF7E6FC0600390032
:10B25000FA208004EFF71CFBB0642000FEF7DCFC52
:10B26000C66AF60C5023C75A002FC0D080231B0596
:10B270009C466744BF00EB689B4680231B01F31884
:10B2800014495A008A46515A1B01802252029146A3
:10B290001340C91AC0235B0398461800E6F7D1FC97
:10B2A0005B46181AF8602D6973005246995A3601A8
:10B2B0004B461E40891B4046E6F7C3FC2D1A3D61F4
:10B2C00046222100380003F0A7FF90E70025A3E7FE
:10B2D0002CA40410D4EB031010B50400FFF73AFAC5
:10B2E000632120000FF0A0FE10BD0000F0B5D6468F
:10B2F0004F464646C0B50400FFF72CFA2000FEF783
:10B300008BFCC36A8022120594466344C36220000A
:10B31000FEF782FC4C23C05A00284ED080231B0528
:10B320009C466044800005F089FF05000922010069
:10B33000200005F0AFFF09222900200005F0AAFF38
:10B340000500FEF769FCC36A802212059446634437
:10B35000C3622800FEF760FCC46AE40C280005F014
:10B3600079FF060080231B01E318154F5A00D25BBA
:10B370001B018021490288460B40D31A9A462800B7
:10B38000FEF74AFC814651463000E6F75AFC4B4630
:10B3900018646300DF5B240143461C403F1B280008
:10B3A000FEF73AFC040039003000E6F74AFC60641E
:10B3B000E0BCBA46B146A846F0BD0020B3E7C0469F
:10B3C000D4EB0310F0B5D6464F464646C0B5040050
:10B3D000FFF7C0F92000FEF71FFCC36AF82212062F
:10B3E00094466344C3622000FEF716FC4C23C05A07
:10B3F00000284ED080231B059C466044800005F049
:10B400001DFF050009220100200005F043FF09226D
:10B410002900200005F03EFF0500FEF7FDFBC36A92
:10B42000F022120694466344C3622800FEF7F4FB40
:10B43000C46AE40C280005F00DFF060080231B0100
:10B44000E318154F5A00D25B1B0180214902884640
:10B450000B40D31A9A462800FEF7DEFB8146514680
:10B460003000E6F7EEFB4B4618646300DF5B240117
:10B4700043461C403F1B2800FEF7CEFB040039006A
:10B480003000E6F7DEFB6064E0BCBA46B146A84691
:10B49000F0BD0020B3E7C046D4EB0310F0B5DE46A4
:10B4A00057464E464546E0B583B00700FFF752F9D0
:10B4B0003800FEF7B1FB4C23C05A002800D181E0D0
:10B4C00080231B059C466044800005F0B7FE0922DE
:10B4D00001900100380005F0DDFE0500FEF79CFB41
:10B4E000C36AFC22120694466344C3622800FEF736
:10B4F00093FBC46AE40C280005F0ACFE824680236E
:10B500001B01E318304E5A00925B1B018020400261
:10B5100080460340D21A91462800FEF77DFB834601
:10B5200049465046E6F78DFB5A46106463009B5B24
:10B530002401424614401A1B93462800FEF76CFB78
:10B54000040059465046E6F77CFB606409220199E5
:10B55000380005F09FFE0500FEF75EFBC36A8022FF
:10B56000D20494466344C362280005F073FE0700CA
:10B570002800FEF751FB8146C46AE40C80231B01BE
:10B58000E3185A00915B1B0142461340C91A380068
:10B59000E6F757FB4B46186463009E5B2401434665
:10B5A0001C40361B2800FEF737FB04003100380032
:10B5B000E6F747FB606403B0F0BCBB46B246A94661
:10B5C000A046F0BD002080E7D4EB0310F0B5D646CE
:10B5D0004F464646C0B50400FEF71EFB4C23C05A3A
:10B5E000002804D1E0BCBA46B146A846F0BD80238D
:10B5F0001B059C4660448600A26980235B041343BC
:10B60000A36161792C4BCA00521AD2009B18997A17
:10B6100020000FF009FD2000FFF79CF82000FEF746
:10B62000FBFA8146C56AED0C80231B01EB18234908
:10B630005A008846515A1B018022520292461340FA
:10B64000C91AA0277F033800E6F7FBFA4B461864B7
:10B650006B0042469B5A2D01524615405B1B984693
:10B660002000FEF7D9FA050041463800E6F7E9FA6E
:10B670006864F068E36831692269891AC01A03F0C6
:10B680004BFF05003900EFF703F98046BD4201DAB0
:10B690000123984675693000FEF7D4FA40102D1842
:10B6A0006369ED1A2000FEF7B7FA0400414628004E
:10B6B000EFF7EEF8A06495E72CA40410D4EB031088
:10B6C000F0B5D6464F464646C0B50400404B1B88F1
:10B6D000002B06D080221205944663449B00002074
:10B6E00009E00023FBE71B88002B0FD08022120506
:10B6F000944663449B00364A934209D09A78092ABB
:10B70000F1D15A79122AEED10130ECE70023F2E7A9
:10B71000142804DDE0BCBA46B146A846F0BDCE0C04
:10B7200062792C49D3009B1ADB00CB181A6A82235A
:10B73000DB00CB58D21853009B18DD0FED186D10AD
:10B740008023DB029C466544E368984680231B0106
:10B75000F318214F5A00D15B1B01802252029246FE
:10B760001340C91A2800E6F76CFA80442369994609
:10B770007300DB5B310152461140591A2800E6F78D
:10B7800060FA01004944626980231B039C466244BD
:10B790001223404604F0B4FD05000269C16803F0BD
:10B7A000B7F800280DD02000FEF736FA0400280074
:10B7B000FEF732FA4C23E25AC2522800FFF706FF86
:10B7C000A8E7064B22002100280001F0C9FDA1E7EF
:10B7D000941A03202CA40410D4EB031010270000AB
:10B7E00010B50400FEF718FA4C23C35A002B00D101
:10B7F00010BD2000FEF7AEFF2000FEF70DFAC16A73
:10B800002000FFF75DFFF3E710B504004179174B07
:10B81000CA00521AD2009B18997E3D2904D83B29B0
:10B8200010D200291CD013E00B003E3BDBB2012BF1
:10B830000ED8FDF74DFCC30FC01801210140C91AF5
:10B840003E3105E0FDF744FC0321EFF721F83B31E1
:10B850006379132B01D0152B03D100200FF03AFB95
:10B8600010BD20000FF0E0FBFAE7C0462CA4041046
:10B8700010B51F210FF0D8FB10BD000010B54179A5
:10B88000054BCA00521AD2009B18197C002900D11E
:10B8900010BD0FF0C9FBFBE72CA404108369022242
:10B8A000934383617047000030B585B00500FFF712
:10B8B000F5FF194B1C88002C22D080231B059C46C9
:10B8C0006444A40008E023880024002B04D08022D4
:10B8D0001205944663449C000F4B9C4212D0A378FF
:10B8E000092BF0D1AC42EED062796B799A42EAD161
:10B8F0002000FEF791F92422835E002BE3DD08E0AF
:10B900000024E9E7054B6A46138103216846FDF7E9
:10B910007FFE05B030BDC046941A03209A02000095
:10B9200010B50400FFF7BAFF2000FEF775F9C16AF1
:10B930008023DB059C4661442000FFF7C1FE200008
:10B94000FEF76AF9C16A80231B069C466144200009
:10B95000FFF7B6FE2000FEF75FF9C16AC0231B06A1
:10B960009C4661442000FFF7ABFE10BD10B50400FB
:10B97000FEF752F94C23C15A002909D080231B0538
:10B980009C46614489008022200003F045FC10BDE4
:10B990000021F8E770B584B005004C4B1E78022EEC
:10B9A00006D04079FEF7A8F8002867D000230CE005
:10B9B000474B1B785BB2072B60D14379082B1DD016
:10B9C000142B5BD1002300E00133032B0ADC414A36
:10B9D000D25C002AF8D0404AD42159435218126A46
:10B9E000002AF1DD042B49D03C4B1C88002C24D0CC
:10B9F00080231B059C466444A4000AE00023E4E77E
:10BA000023880024002B04D080221205944663442E
:10BA10009C00324B9C4212D0A378092BF0D1AC424F
:10BA2000EED062796B799A42EAD12000FEF7F4F801
:10BA30002422835E002BE3DD20E00024E9E7022ED0
:10BA400015D0274B1B785BB2012B2ED0042B13D1C2
:10BA50001F4B1B785BB2062B2FD0082B0CD1214B30
:10BA60006A4613810121684600F0E6FB06E0184BA8
:10BA70001B785BB2072B03D0FAF7A8FB04B070BDAC
:10BA80006B79082B09D0142BF6D1174B6A4613811A
:10BA90000521684600F0D0FBF0E7124B6A4613819F
:10BAA0000121684600F0C8FBE8E70E4B6A461381A7
:10BAB0000121684600F0C0FBE0E70A4B6A461381AB
:10BAC00006216846FDF7A4FDD8E7C046D52500202D
:10BAD000722F0320C4070320C8070320941A0320F1
:10BAE000712F03209A0200009B02000010B5040091
:10BAF00054210FF099FA2000FEF700FD10BD10B59B
:10BB0000040055210FF090FA2000FEF7F7FC10BD5D
:10BB100010B504004F210FF087FA2000FEF7EEFC6D
:10BB200010BD10B5006805210FF07EFA10BD10B5EC
:10BB3000006807210FF078FA10BD70B504000D0001
:10BB4000006806210FF070FA2900200006F0DCF8EA
:10BB500070BD000070B51A4B00221A70194B1A7094
:10BB6000194B1C88002C05D080231B059C4664447F
:10BB7000A40009E0002407E02488002C19D08023C9
:10BB80001B059C466444A4000F4B9C4213D0A37831
:10BB9000092BF1D163791B2BEED1094E0025755786
:10BBA0002000FEF719F8094B6A00985201353570EC
:10BBB000E2E70024E8E7602100200FF08BF970BD78
:10BBC000A32F0320492F0320941A0320A42E012021
:10BBD00010B5612100200FF07DF910BDF8B5070008
:10BBE000C6681D4B9C46664403E080231B039C46AD
:10BBF0006644FB68194A94466344B34226DB3C69B9
:10BC0000174B9C466444FDF763FA420480322123BB
:10BC10002100300004F074FB0400FDF759FA050020
:10BC20002000FDF7F9FF6D0285640E49200004F045
:10BC30007FFCFDF74DFA0723184023791B1A5BB2EE
:10BC40002371002BD1DC01232371CEE76221002078
:10BC50000FF040F9F8BDC04600003CFFFFFF3F0178
:10BC60000000C0FE1F03000070B50400C568FDF7AA
:10BC700055FAC0022D182469FDF72AFA42048032D1
:10BC800021232100280004F03BFB0400FDF720FAEB
:10BC900005002000FDF7C0FF6D0285640849200003
:10BCA00004F046FCFDF714FA072303402079C01A7C
:10BCB00040B22071002800DD70BD01232371FBE735
:10BCC0001F03000010B5FAF781FA10BDF8B50600A1
:10BCD0002D4A116801234B4013602C4B1B785BB23B
:10BCE000012B4BDD2A4B2B4A127852B25200D45A08
:10BCF000002C46D080231B059C466444A400264BA0
:10BD00001B785BB2002B00D100BE224D00202856CC
:10BD10000130214B00215956EEF7BAFD29701C2243
:10BD20002100300005F0B6FA0500FDF775FF0700A9
:10BD30002000FDF751FF4C23F85224693369E41ABF
:10BD40002800FDF769FF416C2000EEF7A1FD04001B
:10BD5000EA8853009B189B0010481818FBF77EFDDB
:10BD600001002000EEF794FD04002800FDF754FFC9
:10BD70002123C4545E200FF05EF9F8BD0129B1D132
:10BD8000FBE70024BBE7C046DC3D0120742F032005
:10BD9000A42E0120492F0320A32F032024C2041026
:10BDA00070B50400FDF738FF2122835C013BDBB254
:10BDB0008354002B00D070BD2000FDF72DFF4C23D5
:10BDC000C05A002828D080231B059C466044800070
:10BDD00005F034FA050042690169C0681D2304F0CA
:10BDE0008FFA23210FF020F9FDF772F9312815DDC4
:10BDF000592828DD772828DD812828DD9F2828DD9F
:10BE0000A12828DDAB2828DDBF2828DDDD2828DD96
:10BE1000F52828DC112302E00020D9E70B236A690A
:10BE20002969E86804F06CFA05000121FEF766FA5A
:10BE300000281AD12A69E968280002F095FB200041
:10BE400004F03AFBB7E70C23E9E70D23E7E71623F5
:10BE5000E5E70E23E3E70323E1E70523DFE7142308
:10BE6000DDE70823DBE70F23D9E76979044BCA0034
:10BE7000521AD2009B18D988280004F059FBD9E740
:10BE80002CA4041010B504005F210FF0CDF82000A1
:10BE9000FFF786FF10BD000010B50400094B1B78AA
:10BEA000022B04D0392120000FF0BEF810BDFDF7A1
:10BEB000B3FE2422835E323301DB3921F3E73A21DA
:10BEC000F1E7C046D5250020827AC37A1B021343CE
:10BED0001B041B145A1C0ED0084A10685A00D318B1
:10BEE0009B00074A1268D3180A229A5ED3009B1857
:10BEF0009B00C01870470020FCE7C0464413032095
:10BF0000B4140320027B437B1B0213431B041B144A
:10BF10005A1C0ED0084A10685A00D3189B00074AD2
:10BF20001268D3180A229A5ED3009B189B00C0188F
:10BF300070470020FCE7C04644130320B4140320DC
:10BF400010B58B0402D48913018010BD024B034A43
:10BF50000348B821EDF78EFAE8A6031078F3041031
:10BF600008A7031010B58B0404D4038889135B1849
:10BF7000038010BD024B034A0348BC21EDF77AFA57
:10BF800044A703105CF3041008A7031010B58B043A
:10BF900002D48913418010BD024B034A0348C021DB
:10BFA000EDF768FAE8A6031040F3041008A70310A1
:10BFB00010B58B0404D4438889135B18438010BDEB
:10BFC000024B034A0348C421EDF754FA44A7031077
:10BFD00024F3041008A7031010B500280FD0094A55
:10BFE000094BC318934204D8830702D18003000C85
:10BFF00010BD064B064A0748CC21EDF73BFA00205E
:10C00000F6E7C046FCFF0300FCFFFFDF5C4B0310BC
:10C0100014F30410A0910310F8B504001D00069B52
:10C02000002B04D0012B5FD000263000F8BD079B09
:10C03000013304D0079B012B2AD00026F5E700230B
:10C04000C75EBB035B1A93420BDB4942FFF78AFFD3
:10C050002900200003F01CF90600012812D0002658
:10C06000E3E71100FFF76CFF2900200003F010F94F
:10C07000012801D00226D8E727802900200003F0FC
:10C0800007F9F7E727802900200003F001F9CCE742
:10C090000023C75EBB035B1893420ADCFFF762FF15
:10C0A0002900200003F0F4F80600012812D0002631
:10C0B000BBE71100FFF744FF2900200003F0E8F878
:10C0C000012801D00226B0E727802900200003F0D4
:10C0D000DFF8F7E7012D01D12E00A6E72780290020
:10C0E000200003F0D5F8A0E7079B013304D0079B9D
:10C0F000012B2ED0002698E70223C75EBB035B1AF4
:10C1000093420BDB4942FFF753FF2900200003F065
:10C11000BFF80600012812D0002686E71100FFF7BD
:10C1200035FF2900200003F0B3F8012801D00226D2
:10C130007BE767802900200003F0AAF8F7E7012DCC
:10C1400001D12E0071E767802900200003F0A0F8DC
:10C150006BE70223C65EB3035B18934207DCFFF76D
:10C1600027FF2900200003F093F800265DE7110067
:10C17000FFF70CFF2900200003F08AF8012801D006
:10C18000022652E766802900200003F081F8F7E7D5
:10C1900030B583B0040043798269C1698068E5687D
:10C1A000019500250095FFF737FF0500214B1B681F
:10C1B0005B0703D0022D07D003B030BDA0681C3050
:10C1C00016210EF087FEF5E7A3680022DA82E36805
:10C1D000012B0AD001331AD020000AF0C9FEA06852
:10C1E0001C3013210EF076FEE6E723790B2BF3D1FA
:10C1F000A16823691F321A4092008B797C20834307
:10C2000013438B711423E25EA368DA71E4E72379A8
:10C21000062BE1D1A16823691F221A4092008B7975
:10C220007C20834313438B711423E25EA368DA718D
:10C23000D2E7C04618F40220F0B5DE4657464E4617
:10C240004546E0B583B080460F00002601246442D5
:10C250002100404609F008FB041E00DAD3E1C44B7C
:10C260001D68E3001B199B00ED18EB8A002BEFD132
:10C2700006212020E6F7E4FB06000AF053FE30001A
:10C28000FFF7AAFEE8820723B370377100237371AA
:10C290000C2F00D9B3E1BB00B64AD3589F46012307
:10C2A0005B42F360B56080235B02F361280009F014
:10C2B00019FAB0610126CBE701235B42F360B56058
:10C2C00080235B02F361280009F0E2F9B0610126E6
:10C2D000BEE701235B42F360B5608023DB02F361BC
:10C2E000280009F0FFF9B0610022AB5E9B03984281
:10C2F00000D186E180231B039C466044B061012687
:10C30000A6E7012373710123F360B56080235B020C
:10C31000F361280009F056FAB0610222AB5E9B037C
:10C32000984200DDB361B369092F04D000229B1A43
:10C33000B36101268CE780221203F8E70123F36042
:10C34000B5608023DB02F3610023E95E89032800E6
:10C3500009F0F2F9B06101267AE70123F360B560D4
:10C3600080235B02F3610023E95E8903280009F062
:10C37000E3F9B06101266BE70123F360B560802328
:10C380005B02F3610022AB5E9B03C0225203944622
:10C390006344B36101265BE70123F360B56080234A
:10C3A0005B02F3610022AB5E9B0380229204944601
:10C3B0006344B36101264BE70123F360B56080233A
:10C3C0005B02F3610022AB5E9B03C02252039446E2
:10C3D0006344B3614046FFF777FDC379EB71404694
:10C3E000FFF772FD83795B06DB0E9B00AA797C2147
:10C3F0008A431343AB7101262AE70123F360B5603A
:10C4000080235B02F3615C4B9B460023994631E03D
:10C4100002210CF0C9FCC243D20F41E00221504678
:10C420000CF0C2FC43001B185B0046E002215046A2
:10C430000CF0BAFC43001B185B0050E002210CF02A
:10C44000B3FCC243D20F5BE0022150460CF0ACFCBF
:10C4500043001B185B0060E0022150460CF0A4FC76
:10C4600043001B185B005B449B781B049B46012325
:10C470009C46E144AB894B4562DD4946200009F00A
:10C48000D3F80028F3D000224946200009F070F8C4
:10C490008246030006229A5E502AB9DDD243D20FAB
:10C4A000002A20D0354B1B680193534606229A5E22
:10C4B000502AB3DD53009B185B00019A94466344F5
:10C4C0009B781B045B450EDA2C4B1B689B4653463E
:10C4D00006229A5E502AA9DD53009B185B005B443C
:10C4E0009B781B049B4601224946200009F040F836
:10C4F0008246030006229A5E502A9FDDD243D20F65
:10C50000002AB4D01D4B1B680193534606229A5E45
:10C51000502A99DD53009B185B00019A94466344AE
:10C520009B781B045B45A2DA144B1B689B46534661
:10C5300006229A5E502A8FDD53009B185B0092E71B
:10C54000B36800229B5E9B035B44B36101267FE6D8
:10C5500001235B42F360B56080235B02F361280036
:10C5600009F096F8B061EB79B3820023994616E0A2
:10C5700044130320E0F20410FFFFFF7FC02A0320D2
:10C5800001224946200009F01DF805000022835EC3
:10C590009B03B269934228D001239C46E144AB89B6
:10C5A0004B452ADD4946200009F03EF80028F3D02B
:10C5B00000224946200008F0DBFF0A22835EA342E6
:10C5C000DED000224946200008F0FCFF05000022D2
:10C5D000835E9B03B2699342DED1C379B3828379D0
:10C5E0005B06DB0E3361012632E6C379B3828379C1
:10C5F0005B06DB0E336101262AE6012628E60126CA
:10C6000026E6012624E6300003B0F0BCBB46B24665
:10C61000A946A046F0BDC046F0B5DE4657464E4698
:10C620004546E0B585B0002301939B460024013BBD
:10C6300098460E00050065E08023DB01019380230E
:10C640001B039B468AE00136BB89B34255DD3B8B19
:10C650009B194F4A12685B009A5AD3009B1A5B00E1
:10C660004C4A1468E41823795B07ECD52000FFF7E7
:10C670002BFC494B1D68401B8010C3001B1A9A01FC
:10C680009B18DB001B18DA03D31ADB001B18984534
:10C69000D9D12000FFF736FC451BAD10EB005B1B2A
:10C6A0009A019B18DB005B19DA03D31ADB005D19D2
:10C6B000C3799A45C7D1D944C38A002BC3D104009A
:10C6C00006212020E6F7BCF906000AF02BFC30001A
:10C6D000FFF782FCE0820723B370063BF360B4608F
:10C6E000019AF2614A46B2610022327173712700E9
:10C6F000A846002B03D00026A6E70023F9E7029DF9
:10C70000039E01244146280009F0AEF88046002827
:10C7100035DB214B1F684346DB0043449B00FF1879
:10C72000FB8A002BEED106212020E6F789F90400D0
:10C730000AF0F8FB2000FFF74FFCF8820723A370F4
:10C74000063BE360A760002E00D175E7012E05D1FE
:10C750008023DB02019380235B039B46019BE36103
:10C760000022BB5E9B035B449946A36100232371B7
:10C7700001336371FB799A4602950396BBE720006B
:10C7800005B0F0BCBB46B246A946A046F0BDC046C7
:10C7900028F8022030F802204413032010B58269E3
:10C7A000054B1A4200D110BD044B054A7C210548B7
:10C7B000FF31ECF75FFEC04601000010F467031084
:10C7C00054F404100C68031010B58269074B1A4228
:10C7D00007D04179064BCA00521AD2009B18586AFA
:10C7E00010BDFFF7DBFFC06BFAE7C0460100001089
:10C7F0002CA4041010B500280FD0094A094BC31807
:10C80000934204D8830702D18003000C10BD064B6D
:10C81000064A0748CC21ECF72DFE0020F6E7C0467B
:10C82000FCFF0300FCFFFFDF5C4B031044F404102B
:10C83000A091031070B50300052975D0042900D913
:10C8400000BE08001A308000C45808001E30800066
:10C85000C05884426AD0002A22D03B4D8E007559C0
:10C860006A433A4D2D786DB2002D01D0042D00D1D0
:10C870005200A2180D001A35AD00EA50904200DABD
:10C88000E850002C54D102293FD012D8002921D0E1
:10C8900001290CD15C229A5C012A2DD9080048E0BC
:10C8A000294A8D00AD58EA0F52195210D9E70120DC
:10C8B0003FE003290CD15C229A5C002A40D162320D
:10C8C0009A56002A3ED05D2204219954012030E07E
:10C8D00001202EE05C229A5C002A2BD161329A560C
:10C8E000002A04D05D2203219954012021E05D2219
:10C8F0000121995401201CE060229A56002A1BD085
:10C900005D2202209854080013E05C229A5C012A00
:10C9100001D901200DE063229A56002A0ED05D2233
:10C9200005219954012004E0002002E0002000E0ED
:10C93000012070BD0120FCE70800FAE70120F8E7BC
:10C940000120F6E70120F4E720280020742F0320BF
:10C9500070B506000D001400344B1B78002B39D045
:10C96000334B1B785BB2022B34D0002A32D14218F1
:10C970005E32127852B2002A55D1A82142580632AE
:10C98000425042195E32A7391170002B14D0294A47
:10C990006B005B199B00995C0522FFF74BFF5D2341
:10C9A000F554254B00229A56D4235343234A9B180F
:10C9B000B3420AD0200033E01E4A6B005B199B0093
:10C9C000995C0222FFF736FFE9E7212100200EF0F3
:10C9D00081FAEFE7174A6B005B199B00995C052908
:10C9E0000BD0002C04D001223000FFF723FF05E01C
:10C9F00002223000FFF71EFF00E0002073195E33B3
:10CA00001B785BB2002B0CD173195E3301221A70B4
:10CA10005D23F5545C3B1843C0B2431E9841C0B23D
:10CA200070BD0023F7E72000FAE7C046982F0320E7
:10CA30005D2F03207C9D0410522F0320C807032084
:10CA400010B5036A632B0CDC5B180362642B01DDF9
:10CA500064230362046A0068FFF7A0FE8484012057
:10CA600010BD0020FCE764234B43426A9A4203DA7C
:10CA700081624362012070470020FCE74318443381
:10CA80001B78002B06D1A8330622C2504018443030
:10CA9000A73B03707047000070B505000C00052926
:10CAA0002FD88B001F4AD3589F460A34A40004197C
:10CAB0001D4B6360012070BD0A34A40004191B4B98
:10CAC0006360026891698023DB020B43936101205C
:10CAD000F1E70A34A4000419154B63600120EAE76A
:10CAE0000A34A4000419114B63600120E3E76421B8
:10CAF000FFF7A6FF0A34A4002C190123636001206C
:10CB0000D9E723000A339B00EB185B68002B06D1A2
:10CB10000A34A4002C19012262600120CBE7002016
:10CB2000C9E7C04690F304101A040000340800005E
:10CB30006810000070B506000C0045694B69ED1ADD
:10CB40000800FFF741FEA84202DBC84B9D4200DA15
:10CB500070BD2000FFF722FE4E23C45A002C17D0D0
:10CB600080231B059C466444A4002422835E002B82
:10CB7000EEDDF188BE4A4B005B189B009B5C373BA7
:10CB8000DAB2262A00D995E29300BA4AD3589F46D2
:10CB90000024EAE701212000FFF765FF0028D7D035
:10CBA000B54BA022A35020251AE002212000FFF758
:10CBB0005AFF0028CCD0B14BA022A35020250FE073
:10CBC000236A01332362C82B01DDC8232362256A4F
:10CBD0002068FFF7E3FD8584A94BA022A350202500
:10CBE000B3691B0203D59822A3580133A350300028
:10CBF00003F062FCA822A3580633A350A14B0022E5
:10CC00009A56D4235343A04A9B18A342A0D129008B
:10CC100000200EF05FF99BE7636A01336362C82B63
:10CC200001DDC8236362A36A002B01D10133A36233
:10CC3000964BA022A3502025D2E7236A64332362B7
:10CC4000C82B01DDC8232362256A2068FFF7A6FDF3
:10CC500085848F4BA022A3505D25C1E78D4B1B78A7
:10CC6000022B00D074E7C82525622068FFF796FDE7
:10CC7000858402212000FFF7F6FE874BA022A350F7
:10CC80006B3DADE74423E35C002B02D1834BA02234
:10CC9000A35000212000FFF7F1FE814B1B78002BF1
:10CCA00000D055E720259BE74523E35C002B02D10C
:10CCB0007C4BA022A35001212000FFF7DFFE784B20
:10CCC0001B78002B00D043E7202589E74623E35C4F
:10CCD000002B02D1744BA022A35002212000FFF7A9
:10CCE000CDFE6F4B1B78002B00D031E7202577E776
:10CCF0004723E35C002B02D16C4BA022A3500321FD
:10CD00002000FFF7BBFE664B1B78002B00D01FE70F
:10CD1000202565E74823E35C002B02D1644BA02269
:10CD2000A35004212000FFF7A9FE5D4B1B78002BC8
:10CD300000D00DE7202553E74923E35C002B02D107
:10CD40005C4BA022A35005212000FFF797FE544B17
:10CD50001B78002B00D0FBE6202541E70A212000AC
:10CD6000FFF76EFE002800D1F2E6534BA022A3503D
:10CD7000202535E719212000FFF762FE002800D1A9
:10CD8000E6E6236A182B04DC4C4BA022A350202596
:10CD900026E74B4BA022A350202521E700212000AD
:10CDA000FFF77AFE002800D1D2E6464BA022A3501E
:10CDB0005D2515E701212000FFF76EFE002800D158
:10CDC000C6E6414BA022A3505C23E35C002B00D1BC
:10CDD00073E15D230022E2545D2501E7022120007A
:10CDE000FFF75AFE002800D1B2E6384BA022A3502C
:10CDF0005D25F5E603212000FFF74EFE002800D157
:10CE0000A6E6334BA022A3505D25E9E604212000CD
:10CE1000FFF742FE002800D19AE62E4BA022A35035
:10CE20005D25DDE605212000FFF736FE002800D154
:10CE30008EE6294BA022A3505D25D1E6B3699B0362
:10CE40000CD5002200212000FFF7F4FC002800D1BF
:10CE50007EE6224BA022A3502025C1E6012200211C
:10CE60002000FFF7E7FC0028F3D171E60000F8FF8F
:10CE700024C20410A8F3041064A703107CA70310B5
:10CE800098A70310522F0320C8070320B4A703104C
:10CE9000D0A70310D5250020E0A70310ECA70310AE
:10CEA000982F032008A8031024A8031040A80310FB
:10CEB0005CA803107CA8031098A80310B0A8031066
:10CEC000DCA80310F4A8031008A9031014A9031088
:10CED0002CA9031048A903105CA9031078A903101A
:10CEE000052200212000FFF7A5FC002800D12FE635
:10CEF000734BA022A350202572E6012203212000BB
:10CF0000FFF798FC002800D122E66E4BA022A35028
:10CF1000202565E6052203212000FFF78BFC002871
:10CF200000D115E6684BA022A350202558E6012227
:10CF300002212000FFF77EFC002800D108E6634BA9
:10CF4000A022A35020254BE6052202212000FFF756
:10CF500071FC002800D1FBE55D4BA022A3502025E9
:10CF60003EE6012201212000FFF764FC002800D1E9
:10CF7000EEE5584BA022A350202531E605220121E1
:10CF80002000FFF757FC002800D1E1E5524BA0221A
:10CF9000A350202524E64A23E35C002B0ED0002575
:10CFA00014E013001E339B00195949001951013236
:10CFB000032AF6DD4A230122E254F0E70022F7E7D4
:10CFC000E9B201222000FFF735FC0135032DF7DD22
:10CFD000424BA022A350202502E600220621200079
:10CFE000FFF7B6FC002800D1B2E53D4BA022A350CC
:10CFF0002125F5E5B26980239B021A40531E9A4110
:10D00000D2B203212000FFF7A3FC002800D19FE546
:10D01000344BA022A3502125E2E500220721200065
:10D02000FFF796FC002800D192E52F4BA022A350D9
:10D030002125D5E5002204212000FFF789FC0028E6
:10D0400000D185E5294BA022A3502125C8E5002267
:10D0500005212000FFF77CFC002800D178E5244B57
:10D06000A022A3502125BBE5B26980239B021A4070
:10D07000531E9A41D2B202212000FFF769FC00281A
:10D0800000D165E51B4BA022A3502125A8E5B2697C
:10D0900080239B021A40531E9A41D2B208212000DD
:10D0A000FFF756FC002800D152E5134BA022A350F5
:10D0B000212595E500BE202592E55D2590E5C04639
:10D0C0008CA90310A8A90310BCA90310D8A90310A8
:10D0D000F4A9031014AA031030AA031054AA0310D1
:10D0E00078AA031098AA0310B0AA0310D0AA0310BC
:10D0F000F0AA031008AB031020AB031070B50500B5
:10D100000C008A698E4B13408B614B79122B02D035
:10D110008C4B1A408A61A2698B4B1343A361200098
:10D12000FFF73CFBC36B9B10C363002D43D028006B
:10D13000FFF734FB4E23C35A002B3CD0A2695202A6
:10D1400008D580221205944663449B0094215A58C6
:10D1500001325A502000FFF721FB4E23C65A002E01
:10D1600035D02800FFF71AFB4E23C15A002920D0E2
:10D1700080231B059C466144890080231B05F3180E
:10D180009B00724A9B1A9B109A00D2181002801AB8
:10D190004002C01A0201121AD200D2185200D3184B
:10D1A0001A01D31A12339B00C9184B6801334B6024
:10D1B0000DE00021E1E7664B1B78002B07D1A36946
:10D1C0005B0204D5614994228B5801338B502000B7
:10D1D000FFF7E4FA4E23C35A002B37D0002D6AD054
:10D1E000A36902229343A3612000FFF7D7FA4E23DD
:10D1F000C35A002B00D17BE0802212059446634481
:10D200009B0001221A712000FFF7C8FA4E23C05A72
:10D2100000286FD080231B059C466044800004F0EA
:10D22000EDFC2000FFF7BAFA4E23C35A002B63D05F
:10D2300080221205944663449B00464A00215156C1
:10D24000D4224A43414952189A4257D02000FFF74E
:10D25000A5FA2423C15E60793F4BC200121AD200A6
:10D260009B1804229B5E5B42994207DA3A4BC2004C
:10D27000121AD2009B18198B002946D1364BC200D6
:10D28000121AD2009B18D98A200003F051F9FBF73B
:10D290001FFF032303402079C01A40B220710028E9
:10D2A00037DD63790A2B3BD036D8012B45D0022BD2
:10D2B00042D14D2335E080221205944663449B0001
:10D2C0002248181A8010820012181102891A490285
:10D2D000091A0A01521AD20012185200121811012A
:10D2E0008A1A123292009B185A6801325A6077E704
:10D2F000002386E7002092E700239EE7174B1B7868
:10D30000002BA3D0F5F7E4FCA0E7200003F010F910
:10D31000BDE701232371C4E7172B0DD1283300E0AB
:10D32000492380222169E068120602F0E9FF826940
:10D3300080239B021343836170BD3F23F1E7C04606
:10D34000FBBFFFFEFBBDFFFE00041000C80703206B
:10D35000982F0320522F03202CA40410442F0320C5
:10D36000F0B5DE4657464E464546E0B583B004006C
:10D370008A4617001D008669730706D403B0F0BC07
:10D38000BB46B246A946A046F0BDFFF707FA2422E5
:10D39000835E002BF2DDF60100D51DE12000FFF7D2
:10D3A000FDF94E23C65A002E00D120E180231B0533
:10D3B0009C466644B600B34B1B785BB2002B00D191
:10D3C0006D105346002B5ED0A369DB045BD4002FA5
:10D3D0000FD03800FFF7E2F94E23C35A002B08D0D4
:10D3E00080221205944663449B005C229B5C072BC1
:10D3F00049D02369E268514609695046C0680BF07C
:10D40000F3F88046AB005B199A009B18D80361794A
:10D410009D4BCA00521AD2009B18996AEDF738FA50
:10D420008146272D00DCE4E04346DB0C9846802350
:10D430001B01434495495A008A46515A1B018022D8
:10D44000520293461340C91A4846E4F7FAFB01908A
:10D450002000FFF7A3F9036C019A94466344036428
:10D4600043465B005246995A43461B015A461340B5
:10D47000C91A4846E4F7E5FB80462000FFF78EF91D
:10D48000436C43444364002E49D02289D3009B1847
:10D490009B007F4A1268D3189A797C2313402C2B67
:10D4A00000D1C4E0FA239B009D4208DA8C23F35894
:10D4B0009B0700D562E7F36A002B00D05EE7B36AF2
:10D4C000002B0ED0012B00D1BBE0E80F401940101B
:10D4D000736A834202DC0022B26218001B1A736274
:10D4E0002D1A336A5B1B336200D5AFE0AC23F750D3
:10D4F000A422B3585B19B350642B02DDA423403A35
:10D50000F2502A00642D00DD6422624B002159563E
:10D51000D4234B4360495B18B34200D199E020000B
:10D52000FFF73CF9838C5B1B83842000FFF736F9FF
:10D530002422835E002B00DC92E0FBF7C9FD6179B9
:10D54000514BCA00521AD2009B180E229B5E984281
:10D5500003DAA369DA0100D487E02000FFF71EF99F
:10D5600021230022C2542000FFF718F905002323CD
:10D57000C356002B03D06379032B00D0FEE6002FA7
:10D5800000D1FBE6BC4200D1F8E67B79032B00D149
:10D59000F4E63800FFF72EF94C23E8522000FFF79D
:10D5A000FDF823236422C254E0886179364BCA0017
:10D5B000521AD2009B185B88984200D0DEE6324BAC
:10D5C000CA00521AD2009B18D988002900D1D5E68A
:10D5D000200002F0ADFFD1E6002686642000FFF7B0
:10D5E000DDF846642000FFF7D9F80664D6E6002689
:10D5F000E7E62000FFF7D2F82422835EAB4200DB8F
:10D6000012E76369524652699B1A8022D203934201
:10D6100000DC09E7FBF75CFDC00700D404E78023CA
:10D620001B069C46E0444B469B009946FCE62000C6
:10D63000FFF7B4F82422835EAB4200DD32E75D1EC3
:10D6400030E703212800EDF723F941E70023336297
:10D650004CE7143252000A212820E6F757FD5EE716
:10D6600021003800FFF74AFD88E640221343A361FA
:10D67000054BCA00521AD2009B189989200002F06B
:10D6800057FF6AE7742F03202CA40410D4EB031077
:10D6900044130320522F0320C807032010B50400B1
:10D6A0008368013B8360002B00D010BDFBF710FDA9
:10D6B00003231840000162680421535E1B1A21698C
:10D6C0008B4203DA91800423A360EEE7E3681B1A20
:10D6D0009380F8E770B5050083797C2293438371CA
:10D6E00006211420E5F7ACF9040009F01BFC042620
:10D6F000A67065600422AB5EE3600423E95E280047
:10D7000008F0D2F810302061A66070BD10B504009A
:10D710008368013B8360002B0CD143680422995E2F
:10D72000C268914207D09A80FBF7D2FC636903403C
:10D730000133A36010BD02699A80FBF7C9FCA3699D
:10D7400003400133A360F5E770B5050083797C22BF
:10D750009343837106211C20E5F772F9040009F058
:10D76000E1FB0523A37065600422AB5EE360042344
:10D77000E95E280008F098F8206140236361393B96
:10D78000A361FBF7A5FC636903400133A36070BD8F
:10D790008368013B8360002B08D143680422995EB3
:10D7A000C268914203D09A804369836070470269DE
:10D7B0009A8083698360F9E7F8B505000F001600C9
:10D7C00006211C20E5F73CF9040009F0ABFB65607D
:10D7D00067610523A3610133A3700422AB5E23615B
:10D7E0000423E95E280008F05FF8E06023699842AE
:10D7F00008D0AB797C229343AB71002E05D0012376
:10D80000A360F8BD0023E360F3E7FBF761FC0723A7
:10D8100003400133A360F4E770B5050001246442BE
:10D820002100280008F020F8041E0DDB074B1868C3
:10D83000E3001B199B00C018C38A002BF0D1002203
:10D840002321FFF7B9FFEBE770BDC0464413032067
:10D85000F0B5C64600B506001C4B1C6800251EE04E
:10D860000137A389BB4216DD194B1868238BDB19DE
:10D87000184A12685B009A5AD3009B1A5B00C018C2
:10D88000210007F0F3FE0028EAD00422835E43451E
:10D89000E6DA9846E4E74346A380013524340E4B8C
:10D8A0001B88AB420EDD0A23E25E317A737A1B02DB
:10D8B0000B431B041B149A42EFD10422A35E98462B
:10D8C0000027CEE780BCB846F0BDC0464413032015
:10D8D00030F8022028F80220082F0320F0B5C646B1
:10D8E00000B5060088461C4B1C6800251EE0013769
:10D8F000A389BB4216DD194B1868238BDB19184A24
:10D9000012685B009A5AD3009B1A5B00C018210072
:10D9100007F0ACFE0028EAD00422835E4345E6DD32
:10D920009846E4E74346A380013524340D4B1B8819
:10D93000AB420EDD0A23E25E317A737A1B020B439F
:10D940001B041B149A42EFD14346002BEAD14746F1
:10D95000CEE780BCB846F0BD4413032030F8022067
:10D9600028F80220082F032003695A1C02D0012B3B
:10D9700010D0704742689388083B93804268042126
:10D98000535E81688B42F4DC9BB2083393800123A1
:10D990000361EEE74268938808339380426804216C
:10D9A000535EC1688B42E4DB9BB2083B938001234A
:10D9B0005B420361DDE770B5040006211420E5F742
:10D9C0003FF8050009F0AEFA6C600423E15E200028
:10D9D00007F06AFFA8600422A35EEB600823AB7027
:10D9E000093B2B61A3797C229343A37170BD000096
:10D9F000827AC37A1B0213431B041B145A1C0ED0D9
:10DA0000084A10685A00D3189B00074A1268D318B6
:10DA10000A229A5ED3009B189B00C0187047002012
:10DA2000FCE7C04644130320B4140320027B437B6D
:10DA30001B0213431B041B145A1C0ED0084A106807
:10DA40005A00D3189B00074A1268D3180A229A5E1C
:10DA5000D3009B189B00C01870470020FCE7C0460D
:10DA600044130320B414032010B58269054B1A42F5
:10DA700000D110BD044B054A7C210548FF31EBF76E
:10DA8000F9FCC04601000010F467031060F40410B4
:10DA90000C68031010B58269074B1A4207D0417910
:10DAA000064BCA00521AD2009B18186A10BDFFF725
:10DAB000DBFF806BFAE7C046010000102CA40410C5
:10DAC00070B5040083695B0701D4012070BDFFF7C6
:10DAD000E1FF05001A4B1E683000FFF7DBFF281836
:10DAE000E368184A12689B1ADA179B18534083425E
:10DAF0001EDA2369144A12689B1ADA179B185340DE
:10DB0000834217DAA64217D03000FFF7ADFF4E234D
:10DB1000C35A002B04D10D4B1B785BB21E2B0DD1C9
:10DB20000B4B320031002000FFF71AFC0120CDE73B
:10DB30000120CBE70120C9E70120C7E70020C5E7A6
:10DB4000A81B0320AC1B0320B41B0320722F03204F
:10DB50001027000010B58269074B14001C401A42C0
:10DB600002D00024200010BDFFF77EFF4E23C35AD1
:10DB7000002BF7D00124F5E70100001010B58269F1
:10DB8000074B1A4207D04179064BCA00521AD200FD
:10DB90009B18586A10BDFFF767FFC06BFAE7C046D5
:10DBA000010000102CA4041010B51B4B1B68002BA7
:10DBB00002D1194B194A1A60194B1B68C01A401040
:10DBC000C3001B189A019B18DB001B18DA039B1873
:10DBD000DB001B185B425A01D31A5B000E4A126825
:10DBE0009B18104A11680D290ED008DC0A00093A6A
:10DBF000032A0CD809390C4A89008B5010BD0E2914
:10DC000005D10A4A1370F9E7094A1370F6E7094883
:10DC1000EEF72EF9F2E7C0461C2D0120989CC001BA
:10DC200030F8022000050320801B03209F2F0320D3
:10DC3000532F03203CAB0310F8B504005E4BD868AB
:10DC40005E4B1968227863781B0213431B049B13F5
:10DC5000CD18CA5C6B781B0213431B0498420EDC80
:10DC6000A678E27812023243120492138F188E5C67
:10DC70007A78120232431204904200DC8CE04E4A61
:10DC8000926893420DDCA078E3781B0203431B04E7
:10DC90009B13CE18C85C73781B0203431B049A4283
:10DCA0007CDA454B1868AB78EA7812021A43120402
:10DCB00090420DDCA578E3781B022B431B049B13D9
:10DCC000CB189D78DB781B022B431B04984267DD41
:10DCD000394B586882420DDCA278E3781B0213436B
:10DCE0001B049B13CB189A78DB781B0213431B048D
:10DCF000984257DA3048210001F0B2FC013053D18C
:10DD00002000FFF793FE002850D02D4B1868836940
:10DD1000DB030FD4227963791B0213431B041D1408
:10DD2000DB0301D5002040E0FFF714FF002801D1FC
:10DD3000AD073DD4200001F0EFFE224B1B68224AC4
:10DD40001268934203DA204A1360204B1C60204B78
:10DD50001B68204A1268934201DD1E4A13601E4B65
:10DD60001B681E4A1268934201DA1C4A13602000A5
:10DD70000AF0AAFE00281DD019490B68194A98001C
:10DD8000845001330B60082B01DC01200DE02000E2
:10DD9000FFF70AFF012008E0012006E0012004E06F
:10DDA000012002E0012000E00120F8BD0020FCE796
:10DDB0000020FAE70120F8E7801B0320741C0320F1
:10DDC000A81B032050050320901B03204C31012089
:10DDD000480503209C1B032038F90220941B0320D4
:10DDE00000050320AC170320F0B5C64600B50400BB
:10DDF0008669730703D1012080BCB846F0BDFFF7E8
:10DE000049FE05006F4B1F683800FFF743FE2818D6
:10DE1000E3686D4A12689B1ADA179B1853408342D5
:10DE200000DBC7E02369694A12689B1ADA179B185E
:10DE30005340834200DBBFE0A74200D1BEE0BB6994
:10DE4000DA010AD4DB033ED4F30700D5A3E00220B5
:10DE5000304043425841C0B2CEE7FBF739F9C3170F
:10DE60005B0FC01807250540ED1A0135554E316886
:10DE70004B79574FD800C01AC00038182C300023F7
:10DE8000C3566B430A002000FFF76AFA3468A3699F
:10DE9000504A1340A3612000FFF7E6FD002585648A
:10DEA0002000FFF7E1FD45642000FFF7DDFD05647C
:10DEB0006279D3009B1ADB00FF187988200002F0FA
:10DEC00037FB002098E77D69636998462000FFF7DB
:10DED00055FE4044854201DD01208DE73800FFF703
:10DEE0004DFE2D18A84501DD012085E73800FFF71C
:10DEF000BBFD4C23C35A002B0BD0802212059A186D
:10DF00009200527961798A420DD0112A09D00F2AE4
:10DF100014D0730715D40220304043425841C0B298
:10DF20006AE70F29F3D180221205944663449B00CF
:10DF30009C4245D00029ECD000205DE71129E8D1B2
:10DF4000F1E7FBF7C5F8C217520F8018072303400B
:10DF50009B1A01331B4A156868791D4AC100091ACA
:10DF6000C90052182C32002696575E432800FFF74E
:10DF70007BFD4C23C35A002B0BD080221205944604
:10DF800063449A00330029002000FFF7E9F90020DC
:10DF900032E70022F6E7022535400F4B1B681B05D0
:10DFA00003D46B425D41E8B226E739002000FEF75A
:10DFB000C1FDF6E701201FE701201DE701201BE757
:10DFC000012019E7A81B0320AC1B0320B41B03206E
:10DFD0002CA40410FFFFFFFE981B032070B5040063
:10DFE0000379002B00D100BEA5682B795B0719D4FB
:10DFF0001C4B1B681969D8682A0001F09DFA00289B
:10E000002BD12268184B1B689A4228DA174A1360F2
:10E01000174B184A116819602168134B1960156075
:10E02000002070BD280001F077FD0E4B1E68300007
:10E03000FFF7A4FD104B1B689842E2DC72690F4B9E
:10E040001B689B1A9842DCDC0D4B1B689B1AC02294
:10E0500052039342D5DC0120E3E70120E1E70020F1
:10E06000DFE7C046D41403202C2D01203C130320ED
:10E0700040130320302D01204C05032050050320C0
:10E0800048050320F8B504000579002D57D08568B0
:10E090002B795B0702D400252800F8BD280001F089
:10E0A0003BFD494B1A68494B1B689A4201DB00252E
:10E0B000F2E72168464B1868E3F7C3FD0600280025
:10E0C000FFF7B4FC041E08D02800FFF791FC0023E2
:10E0D000C25E0021635E9A420DD03B4A3D4B106800
:10E0E0001B68C01A3100E3F7B1FD3B4B1B6883424C
:10E0F00001DA394B18602800FFF798FC041E08D09D
:10E100002800FFF775FC0223C25E0221635E9A427B
:10E110000DD02E4A2F4B10681B68C01A3100E3F750
:10E1200095FD2E4B1B68834201DD2C4B18602B4B59
:10E130001A68294B1B689A423FDC0025ACE78668C9
:10E14000274B1B68B3423AD0B3695B0701D4012562
:10E15000A2E701681E4B1868E3F773FD07007469B6
:10E160003000FFF70BFD24181A4B1868201A3900ED
:10E17000E3F76CFD0400184B1B68834201DD0125A9
:10E180008AE77069134B1B68C01A3900E3F75EFD1C
:10E19000124B1B68834214DBA34200DB23000E4AB0
:10E1A0001268824200DC02009B18DA0FD3185B1061
:10E1B0000C4A13600C4B1E606EE701256CE70125CD
:10E1C0006AE7012568E7C04648050320500503209B
:10E1D000142D0120AC140320982E0120C01B032015
:10E1E000A8140320F02C0120B4F80220F8B5DE4674
:10E1F00057464E464546E0B504000579002D11D13D
:10E200008668984B1B68B34200D128E1B3695B076D
:10E2100000D5B5E001252800F0BCBB46B246A946B2
:10E22000A046F8BD856828000AF04EFC002848D1B9
:10E230002B795B074BD424688B4B98461968802058
:10E24000C002E3F703FD241A884E3768B068210046
:10E25000E3F7F7FC3F1873689946F0682100E3F78D
:10E26000F0FC48440600824B1B68994643461968F7
:10E270002000E3F7E6FC01004846E3F7E2FC7D4BB3
:10E280001C6804192800FFF7B3FB037A7A4A127856
:10E29000904693420ED10222835E9B03A34200DA92
:10E2A000D9E02800FFF7C2FB002803D0037A984585
:10E2B00000D1D2E022003100380002F02BFF00250F
:10E2C000A9E7684B1868290007F03EFDB0E7280071
:10E2D00001F022FC2168644B1868E3F7B2FC0700E8
:10E2E0002800FFF7A3FB061E22D02800FFF780FBC3
:10E2F0000023C25E0021735E9A4234D12800FFF7EA
:10E3000077FB0223C65E2800FFF790FB0222835EA4
:10E310009E420BD0594A574B10681B68C01A3900EF
:10E32000E3F794FC524B1B68834284DC012572E7BF
:10E33000534A504B10681B68C01A3900E3F786FC3B
:10E340004B4B1B68834200DA75E74C4A494B106817
:10E350001B68C01A3900E3F779FC454B1B68834200
:10E3600000DD68E7E2E7464A424B10681B68C01AC6
:10E370003900E3F76BFC3E4B1B688342BEDA5AE779
:10E380000168394B1868E3F75CFC80467769300018
:10E39000FFF7F4FB3F18374B1868381A4146E3F78C
:10E3A00055FC334B1B68834201DD012533E770695F
:10E3B000304B1B68C01A4146E3F748FC2C4B1B68E6
:10E3C000834201DA012526E72768274B9A46196818
:10E3D000A0200003E3F73AFC3F1A244B98461B6841
:10E3E0009946434698683900E3F72BFC814443463D
:10E3F0005B689B464346D8683900E3F722FC5844E3
:10E4000080461B4B1B689B46534619683800E3F750
:10E4100018FC01005846E3F714FC164B1A688218E2
:10E42000A3689B691B030FD54146484602F072FE64
:10E43000144B1B68002B00D1EDE60A4A11680A0054
:10E440003000FEF78DFFE6E60E4B1B68414648465E
:10E4500002F08EFEECE70025DDE60025DBE6012577
:10E46000D9E6C046A8140320142D0120E01B032088
:10E47000F02C0120AC140320BF2F032050050320F3
:10E4800048050320D8F2022010B5040080680AF085
:10E490001BFB00280FD1A06801F03EFB0F4B1B684F
:10E4A000002B01DD012017E00D4B186851210CF005
:10E4B000BBFD002010E00A4B1B68A2681969D868F0
:10E4C00001F03AF80200012800D00022A168044BB4
:10E4D000186808F0C7F8002010BDC0464C0503209E
:10E4E000681C0320F8B5040083695B0720D54379D5
:10E4F000152B1DD0132B1BD0C568184B1E68F36855
:10E50000ED1A036932699B1ADA179B185340EA1710
:10E51000AD1855409D4200DA1D002000FFF7BAFA01
:10E520002D1A2F14002D05DB0D4B1B78BB4203DC8D
:10E530000120F8BD0027F7E73100200006F00EFFAC
:10E540000028F5D0064B1B78DB1B064A12680349EE
:10E5500009682000FEF704FFEAE7C046902D01207D
:10E56000472F03208C2D0120F8B5DE4657464E4636
:10E570004546E0B580468A469346584B1860826906
:10E58000574B1A60574B1960574B5A461A60FFF7A2
:10E5900081FA5844554C20604046FFF77BFA5B46B1
:10E5A000181A60604046FFF775FA5044E060404634
:10E5B000FFF770FA5346181AA060594650460AF001
:10E5C0007FF94B4B00221A604A4B196800884300C0
:10E5D0001B189B0048480068C0188579C3791B0246
:10E5E0002B431B041D145B135B1B5B00434D2D6809
:10E5F000ED18067A437A1B0233431B041B140433C1
:10E600005B00ED18A878EB781B0203431B04181479
:10E61000DB131B189B003A480068C3180A20185ED9
:10E62000C3001B189B00C818CB5E9B0335490B60C9
:10E6300035490B600221435E9B0334490B6034492A
:10E640000B7801330B70334B1A60A568324B1A6894
:10E65000AD1A324B9C466544ED15E3689B1A802247
:10E66000920394466344DB15994667682C4B1B68FC
:10E67000FF1A2A4A94466744FF152668F61A802333
:10E680009B039C466644F6154D4513DC3C0000E0B8
:10E690000134B4420CDC234A2100280001F060FC64
:10E6A0000028F5D1F0BCBB46B246A946A046F8BD4D
:10E6B0000135E9E74046FFF7D7F9134B1B680363C1
:10E6C0004046FFF7D1F9114B1B6843635A46514648
:10E6D000404601F07DFB0120E4E7C046A81B032073
:10E6E000981B0320AC1B0320B41B0320801B0320BA
:10E6F0004C310120441303204813032030F802203A
:10E70000B4140320941B03209C1B0320901B0320A4
:10E710007428002000050320442D01200000E0FFA4
:10E72000482D0120C1DA0110F0B5C64600B505003C
:10E730000E001700624B18608369624C2360624BC5
:10E740001960624B1A60FFF7A5F9C019604B984633
:10E7500018602800FFF79EF9381A434658602800D1
:10E76000FFF798F980194346D8602800FFF792F91F
:10E77000301A43469860390030000AF0A1F8554B32
:10E7800000221A60544B1968008843001B189B0034
:10E7900052480568ED18A879EB791B0203431B0466
:10E7A00018145B131B1A5B004D480068C0182E7AC2
:10E7B0006B7A1B0233431B041B1404335B00C31826
:10E7C0009878DB781B0203431B041814DB131B1817
:10E7D0009B0044480068C3180A20185EC3001B1839
:10E7E0009B00C818CB5E9B033F490B603F490B6001
:10E7F0000221435E9B033E490B603E490B78013387
:10E800000B703D4B1A602368DB0455D4304A966880
:10E810003A4B1968761A3A4B9C466644F615D3680B
:10E820005B1A802189038C466344DB159846556842
:10E83000344B1B68ED1A32498C466544ED15176858
:10E84000FF1A80239B039C466744FF1546450DDC59
:10E850002C00BC4208DC2C4A2100300001F080FB77
:10E8600000282AD00134F4E70136EFE70AF010FA65
:10E87000174B9E68214A1168761AF615DA68521A03
:10E88000D21590465D681F4A1268AD1AED151F68D3
:10E89000BF1AFF1546450DDC2C00BC4208DC1B4AA4
:10E8A0002100300001F0A0FA002806D00134F4E77E
:10E8B0000136EFE7012000E0012080BCB846F0BD42
:10E8C000A81B0320981B0320AC1B0320B41B0320B0
:10E8D000801B03204C3101204413032048130320E4
:10E8E00030F80220B4140320941B03209C1B032047
:10E8F000901B03207428002000050320442D0120D4
:10E900000000E0FF482D0120E9DD011039DC011095
:10E91000F0B5D6464F464646C0B504000D00160079
:10E920004F4B00221A703200FFF7FEFE002800D184
:10E930008AE0A769FB042FD44A4B1B6899464A4BCF
:10E940001B6898464B4642469B1A9A462000FFF7A2
:10E9500015F9824500DA7CE0414B01221A708023D0
:10E960001B023A001A4092461F4231D05346002BF8
:10E9700006D163694246D31AC022520393426ADC2D
:10E980008823DB011F4207D1384B1B684246D31A4C
:10E99000C0225203934260DCE3689846236999469B
:10E9A0002000FFF761F8304B1B6803632000FFF77E
:10E9B0005BF82C4B1B68436332002900200001F0F8
:10E9C00007FAA26990231B021A420CD001203BE0F7
:10E9D00063694A46D31A99462000FFF7CFF881456C
:10E9E000C4DA002030E022490A68531E0B60002A76
:10E9F00029D0204A9B009F582169E0683A0000F026
:10EA00009BFD06003A004946404600F095FD050092
:10EA10008642E8D038000AF057F80028E3D0164BB9
:10EA20001B68FB1A5B10DA00D21891015218D20051
:10EA3000D218D0031018C000C0184042220029008C
:10EA400006F058FFCFE70120E0BCBA46B146A84621
:10EA5000F0BD0020F8E70020F6E70020F4E7C0460C
:10EA60006D2F0320901B03209C1B0320941B03206D
:10EA700000050320AC17032030F80220F0B5C6468D
:10EA800000B50400456982694D4B1A424DD0028998
:10EA9000D3009B189B004B4A1268D35E9B03ED1A70
:10EAA0006B425D41EDB22269E1682000FFF73CFE58
:10EAB000A369434A13423CD08022D20113405A42F8
:10EAC0005341DDB2002D46D0A2693D4B1A423DD0E4
:10EAD0002289D3009B189B003A4A1268D35E9B039D
:10EAE0006361A269364B16001E401A425BD0228930
:10EAF000D3009B189B00334A1268D31802255D5F30
:10EB0000AD03002E54D02289D3009B189B002D4AC0
:10EB10001268D35E9B03ED1A2000FFF72FF88542A1
:10EB20004BDB012080BCB846F0BDFEF79DFF036BB8
:10EB3000B5E72000FEF798FF234B1B680363200016
:10EB4000FEF792FF214B1B684363BBE72000FEF7F3
:10EB50008BFF036BC4E767692000FFF70FF806001F
:10EB60003F18A269164B1100194088461A4211D06D
:10EB70002289D3009B189B00124A1268D3180225E1
:10EB80005D5FAD03AF42ACDD4346002B07D0AD1B4C
:10EB90006561A6E72000FEF767FF456BF2E72000FE
:10EBA000FEF762FFF3E72000FEF75EFF456BA8E784
:10EBB0002000FEF759FF036BADE70020B2E7C04627
:10EBC00001000010441303209C1B0320901B032012
:10EBD000F8B50400FFF752FF002855D1A5692B4B6B
:10EBE0001D4235D0AB034CD46D074DD5284B0122C7
:10EBF0001A70284B1B78002B46D0274B1B689B07AD
:10EC000042D10A23002200212000FEF7A9FBE6687A
:10EC1000276965692000FEF7B1FFC30F1B185B1061
:10EC2000EA1826233900300001F06AFB0500FAF7E4
:10EC300075FA04002800FEF717FF24030464FAF7AE
:10EC40006DFA04002800FEF70FFF240344641BE064
:10EC50002000FEF709FF2422835E002BC2DC0F494F
:10EC6000200001F065FCA36902229343A361200008
:10EC7000FEF7FAFE0025C5632000FEF7F5FE85636A
:10EC800002E0200001F018FC0120F8BD0100001096
:10EC90009F2F0320532F032018F402207F0300002E
:10ECA000F8B5CE46474680B50400584B196803783E
:10ECB000427812021A43120492138A189378D07879
:10ECC0000002184300040014A578E3781B022B43CC
:10ECD0001B049B13CB189D78D9780902294309049A
:10ECE0000914884200D183E01178527812020A4355
:10ECF0001204121419785B781B020B431B041B14BB
:10ED00009A4200D178E0424B1B681969D86822000A
:10ED100000F012FC06003D4B1968A278E3781B0254
:10ED200013431B049B13C818CB5C427812021A438E
:10ED30001204257863781B022B431B049B13CC1809
:10ED4000CB5C61780902194309048578C3781B02FA
:10ED50002B431B04A578E0780002284300041B1A0B
:10ED6000521A0021002009F03FFC0500012E47D077
:10ED7000284B1B68284A12680021002009F034FC47
:10ED8000401B80221206904201D994466044ED0C4B
:10ED9000C40C204E3168204F386800F0BDFB802342
:10EDA0001B01E3181D4C5A00115B1B01802252020B
:10EDB00090461340C91AE2F744FF814680231B01A5
:10EDC000EB185A00115B1B0142461340C91AE2F7C7
:10EDD00038FF38606B00195B2D0143461D40491B0D
:10EDE0004846E2F72EFF3060C0BCB946B046F8BDD9
:10EDF000084B00221A60F7E7074B00221A60F3E77E
:10EE000080231B069C466544B2E7C046741C032061
:10EE1000D4140320B81B0320B01B0320D4EB031031
:10EE2000F0B5DE4657464E464546E0B585B004008F
:10EE3000744B186000239A4677E0E6682000FEF7DE
:10EE400029FE331A9846361884E025692000FEF71B
:10EE500021FE2B1A99462B18039387E0E5682000C2
:10EE6000FEF702FE016C226969182000FFF750FDD1
:10EE700026E02000FEF7F8FD006C2900E2F7E1FE35
:10EE800005002000FEF7F0FD5F4B1968406CE2F7CB
:10EE9000D8FEE1682269121849192000FFF738FDF1
:10EEA000002800D09FE0E66825692000FEF7DCFD21
:10EEB000426CAA1831002000FFF72AFD0028CDD0AF
:10EEC00005B0F0BCBB46B246A946A046F0BD4E4BCD
:10EED0001D68002DF4DD2000FEF7C6FD006C290042
:10EEE000E2F7AFFE494D28602000FEF7BDFD464B1E
:10EEF0001968406CE2F7A5FE454E3060454B186836
:10EF0000FFF7CEFE2000FEF7AFFD2D680564200060
:10EF1000FEF7AAFD32684264E36821695218E918D5
:10EF20002000FFF7F5FC0028CAD101239C46E244EB
:10EF30005346032BB7D02000FEF796FD0500036C67
:10EF4000002B00DC79E7E6682000FEF7A3FD33180C
:10EF50009846361A6B6C002B00DC76E7256920009A
:10EF6000FEF798FD2B1899462B1A0393264F2A4B30
:10EF70003B602000FEF778FD026C436C4B4442443A
:10EF800026498B460191012500954946404601F0EE
:10EF90005DF82000FEF768FD026C436C4B4492194B
:10EFA0005946019100954946300001F04FF8200084
:10EFB000FEF75AFD026C436C03998C46634442444D
:10EFC000584601900095404601F040F83D68124BCC
:10EFD0009D4200D167E7124B9C4665440A4B1D6079
:10EFE000002D00DD45E7084A1168F8231B025B1A73
:10EFF000136080225202934200DC68E7024B1A60E1
:10F0000065E7C046D41403202C2D0120B01B03203B
:10F01000B81B0320302D012001000100DDDF0110AD
:10F0200000F8FFFFF0B5CE46474680B583B00C0030
:10F03000160002F003F9E10C274B1860C768321480
:10F0400080231B01CB18254D5C00645BA1461B018E
:10F05000984680235B029C4644461C4023004C4655
:10F06000E41A54433C19036998464B005D5B09015F
:10F07000634619406D1A5543454443699946FEF766
:10F080007DFD401003004B448022120394466344EC
:10F09000134A1360134BA02212021A60124B134A38
:10F0A0001A60134B1E60134E00233360124B019302
:10F0B000032300932B0022004146380000F0C6FFD6
:10F0C0003368002B06D00D4B186803B0C0BCB9469E
:10F0D000B046F0BD0020F8E7A8140320D4EB0310DD
:10F0E000AC140320C01B0320982E01200060FFFFFA
:10F0F000142D0120B4F8022085E00110F02C01202D
:10F10000F0B5DE4657464E464546E0B583B015009D
:10F110009846C90C224B1860224B0C9A1A60C7689B
:10F120002A1480231B01CB181F4C5E00A146345BC0
:10F130001B0180267602B4463340E41A5443A346AA
:10F14000BB4406694B004C461B5B090164462140E9
:10F150005B1A53439946B14443699A46FEF70EFD44
:10F1600040100300534480221203944663440F4A24
:10F1700013600F4B1D600F4B42461A600E4B0193FC
:10F18000032300934B465A463100380000F05EFFDF
:10F1900003B0F0BCBB46B246A946A046F0BDC0468F
:10F1A000A8140320D8F20220D4EB0310AC140320DF
:10F1B000142D0120F02C0120EDE1011070B582B07A
:10F1C0000468124B1C602000FEF74EFCC36ADB0C87
:10F1D000E0682169802212019C180D4D6200525B8B
:10F1E0002401802676023440121B920112185C0022
:10F1F000645B1B013340E31A9B015B18054C0194CF
:10F200000124009400F022FF02B070BD681C0320AE
:10F21000D4EB031089E40110F0B5C64600B5140420
:10F2200003691D19144E3668AD1BED15A8461D1B4C
:10F23000AD1BED15C3681F19104E3668B446BF1BD1
:10F24000FF151E1B6346F61AF6150D4B18600D4B85
:10F2500019600D4B1A7008E00C4A2900200000F0DC
:10F260007FFE0134BC42F7DD0135454501DC340049
:10F27000F8E780BCB846F0BD482D0120442D0120A0
:10F28000902D01208C2D0120472F0320E5E4011053
:10F2900070B505000C4B00221A700C4B1970867C5F
:10F2A00009E00B4A2100300000F05AFE01342B7CAB
:10F2B000A342F6DA0136EB7CB34201DB6C7CF6E765
:10F2C000014B187870BDC0469F2F0320532F032099
:10F2D000D1EB0110C30704D54008054B185C0009A9
:10F2E00070474008024B1B5C0F201840F8E7C046EF
:10F2F000B4F60410827AC37A1B0213431B041B1456
:10F300005A1C0ED0084A10685A00D3189B00074AAE
:10F310001268D3180A229A5ED3009B189B00C0186B
:10F3200070470020FCE7C04644130320B4140320B8
:10F33000027B437B1B0213431B041B145A1C0ED07D
:10F34000084A10685A00D3189B00074A1268D3185D
:10F350000A229A5ED3009B189B00C01870470020B9
:10F36000FCE7C04644130320B414032030B51C4B03
:10F3700019680378427812021A43120492138A1809
:10F380009378D47824021C43240424148578C37809
:10F390001B022B431B049B13CB189878D9780902C6
:10F3A0000143090409148C4213D0107852781202D8
:10F3B00002431204121418785B781B0203431B04E7
:10F3C0001B149A4207D0091B9B1A594005D40220EE
:10F3D00030BD0020FCE70120FAE70320F8E7C04633
:10F3E000741C032070B5002500220AE0401BC217E0
:10F3F000032313401B189B109B00F15025E00132A2
:10F400001D00124C53009B189B001B59002B1CD055
:10F410005B198342F3DD0D4B5400A418A4001B19A3
:10F420005E68002E11D0094B5400A21892009B1860
:10F430001B7A002BDAD0451BEB0F5B195B105A00CF
:10F44000B152090C01335B00F15270BDA0F40410FD
:10F4500070B50D00802800DC70BD81384400241890
:10F46000A40009682000FFF7BDFF2979201DFFF7E0
:10F47000B9FFA96820000830FFF7B4FFECE70000EF
:10F4800010B500280FD0094A094BC318934204D87D
:10F49000830702D18003000C10BD064B064A0748C3
:10F4A000CC21E9F7E7FF0020F6E7C046FCFF0300A8
:10F4B000FCFFFFDF5C4B031078F40410A0910310F5
:10F4C00010B58269054B1A4200D110BD044B054AA4
:10F4D0007C210548FF31E9F7CDFFC046010000104F
:10F4E000F46703106CF404100C68031010B5826903
:10F4F000074B1A4207D04179064BCA00521AD20074
:10F500009B18186A10BDFFF7DBFF806BFAE7C04657
:10F51000010000102CA40410C317C0185840CB17CA
:10F52000C9185940884203DB40184910401A7047F7
:10F5300041184010081AFAE7F8B50D001600474BBD
:10F540001A68317873781B020B431B049B13D11884
:10F55000D45C4B781B0223431B041B14B778F4784C
:10F5600024023C432404A4131719145D7A78120270
:10F57000224312041214934217D08C78A446CC78FC
:10F58000240261460C4324042414B978FF783F0216
:10F590000F433F043F14BC4231D12404AC4229DB69
:10F5A0000120934257DC002055E01B04834210DB0E
:10F5B000BB78FA7812021A43120412148878CB78B6
:10F5C0001B0203431B041B1401209A4243DC00204E
:10F5D00041E0BB78FA7812021A43120412148878B8
:10F5E000CB781B0203431B041B1401209A4232DB1D
:10F5F000002030E0012093422DDB00202BE01B0493
:10F60000C11A24042D1B3F043F1B3814E2F719FBD9
:10F610000400124B1A68B178F3781B020B431B04E9
:10F620009B13D118D35C4978090219430904307837
:10F6300073781B0203431B049B13D018D25C4378DE
:10F640001B0213431B04C91A09142800E2F7F9FA34
:10F65000844201DC0120F8BD0020FCE7741C03207B
:10F66000F0B5C64600B505000C000800FFF77EFEA9
:10F67000022800D18EE040DC00284ED001283AD18B
:10F68000EB6898464D4B1A68207863781B02034359
:10F690001B049B13D718D05C7B781B0203431B040D
:10F6A0000126984500DB0026F6B2AD680120AB428A
:10F6B00000DC0020C0B2A178E47824020C432404CA
:10F6C000A41312199178D47824020C43240424142E
:10F6D000BA789446FA78120261460A431204121468
:10F6E000944262DA4246D617D80F9A424641EA1748
:10F6F0009D42504159E0002659E003280BD129686A
:10F70000E8682200FFF718FF06006968A868220071
:10F71000FFF712FF49E0002649E02B689C46274B83
:10F720001F68227863781B0213431B049B13FB188A
:10F730009A78D97809021143090401268C4500DC26
:10F740000026F6B26D680120A94200DB0020C0B29D
:10F75000A2789046E27812024446224312049213A1
:10F76000BC18A046BC5C42465278120222431204E6
:10F7700012141C785B781B0223431B041B149A424F
:10F7800013DD6346DE0FC81799424641EB0FA942CD
:10F7900058410AE02968A8682200FFF7CDFE06005C
:10F7A0006968E8682200FFF7C7FE864203D130008F
:10F7B00080BCB846F0BD01267642F8E7741C0320F1
:10F7C00070B514009368002B0AD11368834204DBE0
:10F7D000D368D817C01AC00F70BDD068C00FFBE740
:10F7E000D268002A08D162688A4201DBD80FF3E7A9
:10F7F000D817C01AC00FEFE72568401B65684D1B7E
:10F80000534043406B4005D5424001D40020E3E71C
:10F810000120E1E701121012E2F713FA0600A168D5
:10F8200009122812E2F70DFA864201DC0120D3E723
:10F830000020D1E770B5027843781B0213431B0404
:10F840009B13264A1468E518E45C6B781B0223437B
:10F850001B040B601268047843781B0223431B04CB
:10F860009B13D3189C78DB781B0223431B044B604B
:10F870008478C3781B0223431B049B13D518D45CE4
:10F880006B781B021C432404057843781B022B432E
:10F890001B049B13D618D55C73781B022B431B04E7
:10F8A000E31A8B608478C3781B0223431B049B13E9
:10F8B000D3189C78DB781B0223431B040478407820
:10F8C000000220430004801312189078D2781202AC
:10F8D000024312049B1ACB6070BDC046741C032007
:10F8E000F8B505000C00C868A9680012E2F7A9F98C
:10F8F0000600A068E9680012E2F7A3F9371A864209
:10F9000001D13800F8BD20682B68C01AE1680012E8
:10F91000E2F797F9060068686368C01AA1680012E8
:10F92000E2F78FF930183900E2F790F90700E8E7BD
:10F93000F0B585B00400414B9B688022520393428E
:10F940000ADC3E4AD268802149038A4204DC3C49F1
:10F950008B4201DB8A4258DA227863781B02134318
:10F960001B049B13374F3968CA18CB5C50780002D0
:10F9700018439378D17809021943304D09040004E3
:10F980002A00FFF71DFF0600A278E3781B0213434D
:10F990001B049B133968CA18CB5C507800021843CB
:10F9A0009378D17809021943090400042A00FFF76B
:10F9B00007FF86423AD069462000FFF73BFF1F4809
:10F9C0006946FFF78DFF051E32DB1F4B1B78002BAE
:10F9D00008D080235B02984204DA2000FFF7A8FCDD
:10F9E000002827D0194B1A68194BD31AC021C90017
:10F9F0008B4221D01560154A1368012119719C6052
:10FA00000C331360012005B0F0BD0C4D6968286807
:10FA10002200FFF791FD06002868AB686968EA6874
:10FA20008918C0182200FFF787FDC2E70120EAE726
:10FA30000120E8E70020E6E70020E4E7E01B0320E0
:10FA40000000F0FF741C0320662F032078EA0220D8
:10FA50007CEA0220F0B5D6464F464646C0B584B093
:10FA600005002A4A9368D2685340002B44DDC768DA
:10FA7000FFF73CFD3B1A99462C6906193F18241ADA
:10FA8000224B9A461A0031004846FFF799FE8046FD
:10FA9000524621003800FFF793FE804525D04B46A3
:10FAA00000930196FF1A0297A41B03941748694616
:10FAB000FFF716FF002818DB154C23681860216833
:10FAC00000230B718D60134A8A1A921093009B18C1
:10FAD00018011B1818021B18180418184000801869
:10FAE000FFF7B6FC23680C332360012004B0E0BCB0
:10FAF000BA46B146A846F0BDC768FFF7F7FC3B1A07
:10FB000099462C69261A3F180419B9E7E01B03200F
:10FB100078EA02207CEA022070B50400027B437B75
:10FB20001B0213431B041B14013324D0FFF7E2FB19
:10FB300005002000FFF7FCFB0223EA5E0221435E82
:10FB40009A421CDA9203144B1A600023EA5E0021E9
:10FB5000435E9A4217DD9203104B1A600022835EC7
:10FB60009B030F4A13600C4B0C4A1B6812689B1ACC
:10FB70000C4A136070BD0B4B00221A60FAE79B031E
:10FB8000054A1360E1E79B03044A13600022AB5E61
:10FB90009B03034A1360E6E7500503204805032052
:10FBA00038F902204C05032010B583691B0716D4D1
:10FBB0000289D3009B189B00264A1268D21814327F
:10FBC00001E01C331A001388002B08D0802109059E
:10FBD0008C4663449B009842F3D19B8B13808369CE
:10FBE000DB062ED4C2681C4B1B68D21AD4150369DD
:10FBF0001A4909685B1ADB15002A1FDB184A1188AD
:10FC0000A1421BDD002B19DB164A12889A4215DD32
:10FC1000154A12684B431B195B00D2181388002B3E
:10FC20000FD0802109058C4663449B00984202D086
:10FC30001E331A00F2E7DB8B138002E0C38B002B2C
:10FC400000D110BD094B0A4ACE210A484900E9F704
:10FC500011FCC04644130320442D0120482D0120EF
:10FC6000E42E0320E22E0320382D012088AB031060
:10FC700088F404109CAB0310F8B504000169C06857
:10FC800008F01EFE494B1968494B1A68494B1D681C
:10FC900003885E00F618B600AE19B779F3791B0237
:10FCA0003B431B041F145B13DB1B5B00D318377A29
:10FCB000767A36023E4336043614043676009B19B3
:10FCC0009E78DB781B0233431B041E14DB139B1945
:10FCD0009B00CB180A269B5FDE00F618F3009B1BE7
:10FCE0009F01DB19DB009B19DF03FB1ADB009B196B
:10FCF0002381A3691B071BD5A369DB0617D4E26820
:10FD00002D4B1B68D21AD01523692C4909685B1A40
:10FD1000DB15002A09DB2A4A1288824205DD002B06
:10FD200003DB28490988994233DC0023E383F8BDCB
:10FD3000254B1E6803885800C01880002818857954
:10FD4000C3791B022B431B041D145B135B1B5B005D
:10FD5000D218057A437A1B022B431B041B1404336D
:10FD60005B00D2189078D3781B0203431B041A144B
:10FD7000DB139B189B00C9180A23CA5ED3009B188B
:10FD80009B00F618B38AA3832000FFF779FBB082AB
:10FD9000B2E70E49096853431B185B00CD18CB5AD4
:10FDA000E3832000FFF76CFB2880C0E7B414032036
:10FDB00030F8022048130320442D0120482D012053
:10FDC000E42E0320E22E032044130320382D0120CB
:10FDD00070B504000E001500FFF7E6FEE660256131
:10FDE0002000FFF749FF70BDF0B5D6464F4680B5FD
:10FDF00083B004000E0015000192002800DA99E09B
:10FE0000002900DA9CE0524B1B88834200DC99E019
:10FE1000504B1B888B4201DC01208CE04E4B186854
:10FE200008F090FE002805D14B4B1868A847002821
:10FE300000D180E0464B1B8807220733DB100233DA
:10FE40005E43E31713401B19DB10994643490D68C5
:10FE5000F3180233E85C22400300D340DB0700D4F0
:10FE600072E0A95DAB195B781B0219438A46012336
:10FE70005B4293409843FFF72DFA0700002406E009
:10FE8000A3190233E85CFFF725FA3F1801344C450B
:10FE9000F6D37F005744EA5DEF197B781B021A43C3
:10FEA000F0231B0211001940994206D0930A013336
:10FEB0009205920D524400271DE0274B1C68120545
:10FEC000130D520CD31A5B00E418200008F03AFE20
:10FED00000283BD12000019B984700282BD001200F
:10FEE00029E01B02FE20C0010340095D5B18941C41
:10FEF0000BE0220033005E1E002B19D0174B19684F
:10FF0000541C8B5C88560028EBDBFF180137124B22
:10FF10001D68FB00DB1B5B00ED18280008F012FEDB
:10FF20000028E6D12800019B98470028E1D102E093
:10FF3000012000E0012003B0C0BCBA46B146F0BDCC
:10FF40000120F8E70120F6E70120F4E70120F2E7BD
:10FF5000E42E0320E22E032030F802203C2D012065
:10FF600070B5150000282BDB00292BDB184B1B88F4
:10FF7000834229DD174A12888A4227DD594308182F
:10FF8000154B40001B681C5A002C05D080231B0514
:10FF90009C466444A40002E0002400E00024002CFD
:10FFA0000CD02000A84700280BD0E48B002CF5D003
:10FFB00080231B059C466444A400F0E7012000E078
:10FFC000012070BD0120FCE70120FAE70120F8E7DD
:10FFD000E42E0320E22E0320382D0120F8B507007F
:10FFE0000E00174B1A68174BD21A921093009B18E9
:10FFF00019015B1819025B1819045B185B009B1848
:020000041002E8
:10000000002413E00C330E4A12689A4205D91A688C
:100010008A42F7DA1C001100F4E7B1420EDC20003E
:10002000B847002809D0084B23602B005D1E002B29
:1000300002D0044B0449E6E70120F8BD0120FCE7AB
:1000400078EA02207CEA0220FFFFFF7FF0B5DE465F
:1000500057464E464546E0B587B004000F0093462C
:100060009846109E042333405A1E9341714A1370E0
:1000700008F00EFE704A1378013313706F4B704A0C
:100080001A60704B1A68A31A5B0203D180235B02CB
:100090009C4664446C4B19687B1A5B0203D1802335
:1000A0005B029C466744694B1C605F605846001BBE
:1000B000824698604046C01B0390D860A31A9946B8
:1000C0007F1ADC15FD155B469A1A4346591AD3155B
:1000D0009846CB159B4644452BDB3CDC0023029322
:1000E00080235B02049380235B040193FF11059737
:1000F00001990498E1F7A5FD3F185D453CDB4DDC17
:100100000023049380235B02059380235B04039305
:100110004B46DB11994603990598E1F792FD484457
:100120008246002310962E0025001C00B946109F21
:1001300069E04B46DB111B041B0C80225202D31AD0
:1001400004935246D317D1185940E1F77FFD01902F
:1001500001230293CAE74B46DB111B041B0C0493DB
:100160005246D317D11859400398E1F76FFD01901B
:1001700001235B420293B9E7059B1B041B0C802201
:100180005202D31A0593039AD317D11859405046F7
:10019000E1F75CFD039001230493B9E7059B1B0481
:1001A0001B0C0593039AD317D11859405046E1F719
:1001B0004DFD039001235B420493A9E7244A3100DB
:1001C0002800FFF711FE002821D10EE0214A31005E
:1001D0002800FFF7C5FE00281BD106E05E451AD1B6
:1001E000802149021198FFF7F9FE07B0F0BCBB4629
:1001F000B246A946A046F0BD019B9C46E144029B45
:100200009C46654401343F2CEADCFB07D6D4BB078F
:10021000DCD44545E2D04B461B14B342ECD05346E8
:100220001B14AB42EED1039B9C46E244049B9C46CC
:100230006644E7E7662F03207428002078EA02204E
:100240007CEA0220442D0120482D0120E01B0320E0
:1002500031F9011055FA0110027B437B1B02134355
:100260001B041B145A1C0ED0084A10685A00D318DD
:100270009B00074A1268D3180A229A5ED3009B1883
:100280009B00C01870470020FCE7C04644130320C1
:10029000B414032010B58269054B1A4200D110BD79
:1002A000044B054A7C210548FF31E9F7E3F8C046D5
:1002B00001000010F467031044F704100C680310E9
:1002C00010B500280FD0094A094BC318934204D82F
:1002D000830702D18003000C10BD064B064A074875
:1002E000CC21E9F7C7F80020F6E7C046FCFF030081
:1002F000FCFFFFDF5C4B031034F70410A0910310E8
:10030000F0B5D6464F464646C0B5804689461600EB
:100310001D00634BEA00521BD2009B181F6B614B00
:100320003A001A4092461F4260D0202006F024FE78
:10033000040045714346C3604B46036187615346E1
:10034000002B61D1FFF7A6FF554FEB005B1BDB00D5
:10035000FF183B6A83632000FFF79CFF0422BB5E0B
:100360008384514B1B785BB2042B41D12000FFF7F3
:1003700091FF4B4BEA00521BD2009B185B6AC36390
:10038000F8F7A6FEC3179B0FC01803270740FF1AF4
:100390002000FFF77FFF2223C754414BEA00521B86
:1003A000D2009B185B885800C01880003F4A801814
:1003B000E380F7F753FA20712000FFF75DFCA26994
:1003C000384B1A4223D080231B069E4238D0384B2C
:1003D0009E4248D066610923A370200006F0A2FD6A
:1003E0002000E0BCBA46B146A846F0BD54209DE7C7
:1003F0002B4FEB005B1BDB00FF182000FFF74AFFD1
:100400007A7A2123C254B1E7F8F762FEC5E7294B97
:100410001D682289D3009B189B00EF5E2000FFF728
:1004200039FFBF0307632289D3009B189B00ED1897
:100430000223ED5E2000FFF72DFFAD034563C2E709
:10044000A269184B1A4209D02289D3009B189B003D
:10045000184A1268D35E9B036361BCE72000FFF774
:1004600019FF036BF8E7A2690E4B1A4213D02289D9
:10047000D3009B189B000F4A1268D3180221595EC3
:1004800089036079064BC200121AD2009B185B6A7E
:10049000CB1A63619FE72000FFF7FCFE416BF0E79A
:1004A0002CA4041001000010742F032024C2041097
:1004B000FFFFFF7F4413032070B504008369164AD1
:1004C0001340012B09D02000FFF76EFB20000AF03B
:1004D000F9FC200006F04CFD70BD4379382BF2D0BA
:1004E0003A2BF0D00D490B7845890D4A58008552BA
:1004F0000C4A0025555F0C4A855201337F22134078
:100500000B700A4A12789342DDD101327F231A40E0
:10051000064B1A70D7E7C046010002007E2F032069
:10052000B4F0022018F40220B4F102207F2F03203F
:10053000F8B5050000260AE0E9802800FFF7BCFFB7
:100540000020F8BD0423EB56002B1ED11600002915
:10055000F2D00F004C006418A4000D4BE418E980A1
:100560002000F7F77BF928716368002B01D0280081
:100570009847074B7A00D21992009B181989721C70
:10058000044B9E42DEDD00BEDCE70120D9E7C04619
:1005900024C2041040420F0070B50400FFF77AFE39
:1005A000002585642000FFF775FE45642000FFF7F5
:1005B00071FE05646179144BCA00521AD2009B186F
:1005C000D98A2000FFF7B4FFF8F782FD0323034028
:1005D0002079C01A40B2207100280DDDA3690B4AB2
:1005E0001340A3616179084BCA00521AD2009B18CC
:1005F000997E002903D170BD01232371EEE720000D
:100600000AF012FDF7E7C0462CA40410FFFFFEFF1E
:10061000F8B50400FFF73EFE05004E23C35A002B39
:1006200003D06169026B914251DB6369AA6C9B182C
:100630006361A3695A0407D54C22AA5A002A03D041
:1006400090225204134260D062692B6B9A4200DD03
:10065000C1E06A4B1E78042E05D9A369DB0102D5DF
:10066000AB6C5B42AB64AF6C002F00DA90E02B6B9D
:100670006361042E05D8A369DB0102D5AB6C5B4234
:10068000AB64A36988225202134080225202934233
:1006900000D19CE06369E96B5B186A6B934215DDDE
:1006A000AB6C002B01DD0023AB64521A6261A369BD
:1006B000DB0102D5AB6C5B42AB64A36988225202BA
:1006C000134080225202934200D193E0F8BD802073
:1006D0000005844663449B005869521A821A5A6185
:1006E0002000FFF7D7FD4E23C35A002B0BD08022EA
:1006F0001205944663449B005969A4229203521A3E
:10070000D2109A6191E70023F6E7E6682000FFF730
:10071000C1FD4C23C35A002B2DD0802212059446D4
:1007200063449B00D86821691B69C91A301AFEF717
:10073000F3FE06002000FFF7ADFD4C23C35A002B4B
:100740001BD080221205944663449B005B69EA6BD0
:1007500052109B1862699B1A11D4002B00DC73E7BE
:100760005900CB18B34200DC6EE78023DB029C46C5
:100770006244626168E70023D4E70023E6E799005A
:10078000591AB142E9DD1E4B9C46624462615BE747
:100790004E23EB5A002B02D01A4B9F4202DB002360
:1007A000AB6464E72000FFF775FD4E23C35A002BAE
:1007B0000BD080221205944663449B00FF109F617A
:1007C000222120000AF030FCE9E70023F6E72000B0
:1007D000FFF7E2FE7AE7A3699B0500D55AE7AB6C09
:1007E000002B02D1084BAB6454E7084A944663449B
:1007F000AB644FE72000FFF7CFFE67E7D42500206A
:100800000000FCFF0000F8FF0000FEFF0000FFFFFB
:10081000F0B5C64600B50600FFF73CFD0700026CC8
:10082000002A02D1436C002B17D04E23FB5A002B19
:1008300029D0802109058C4663449B009846F0230B
:100840005B039A4222DD3B647B6CF02252039342AD
:1008500021DD7A643C6C7D6C37E0B369DA0100D449
:10086000AFE0614A1340B3610023836443640364CF
:1008700071795E4BCA00521AD2009B185988300019
:10088000FFF756FE9DE000239846D8E7584B9A4262
:10089000DADA3B64D8E7564A9342DBDA7A64D9E77E
:1008A000F168091932695219002500241FE030004F
:1008B000FEF7B6FA06E03000FFF7FEFD81E0002308
:1008C0007B643B6423002B432ED0F0231B039C420C
:1008D00001DC9D42E4DDF168E30F1B195B10C918D0
:1008E0003269EB0F5B195B10D21864106D10300089
:1008F000FEF70EF80028E5D14E23FB5A002BD6D187
:10090000B369DB03DBD53B4B1868002808D0FFF741
:10091000A3FC002804D0027A374B1B789A42CAD035
:100920003000FFF739FECDE74346002B04D08C237F
:100930004246D3585B0741D4B369304A134240D191
:1009400071693A6B91423CDCDB0218D53B6C80212B
:10095000C9018C466344802109028B4205D87B6C17
:10096000634502DC26498B4209DA3189CB005B18EA
:100970009B0024490968CB5E9B039A4221D1386CC5
:10098000214BC218214B9A4222D87B6C204A9342B9
:100990001EDB8022520193421ADA4346002B09D013
:1009A00006229B5E002B13D143461868C388963BF2
:1009B000032B09D900233B647B6402E000237B64A2
:1009C0003B6480BCB846F0BD9521FFF7B1FDF1E76F
:1009D000E82424022100E1F734F93864786C21001E
:1009E000E1F72FF97864ECE7FFFFFFFE2CA4041079
:1009F0000000E2FF4C310120BF2F03200000010165
:100A000000C0FFFF44130320FF0F0000FE1F000083
:100A100001F0FFFFF8B5060041894F4A8B005B18D3
:100A20005B001168CA18CB5C547824021C43240470
:100A30009378D5782D021D432D042A002100FDF75F
:100A400073FE002800D1F8BD3289D3009B189B00AB
:100A5000424F3A68D25E92033169F0682723FFF76C
:100A60004FFC23210AF0E0FA2900200007F028FFBC
:100A7000028853009B189B00394A1168C9188A796B
:100A8000CB791B0213431B041A145B139B1A5B00E4
:100A9000344A1268D218087A4B7A1B0203431B04AB
:100AA0001B1404335B00D3189A78DB781B021343C2
:100AB0001B041A14DB139B189B002B4A1268D318D3
:100AC0000A229A5ED3009B189B003A68D25E92037A
:100AD000272329002000FFF713FC23210AF0A4FAA2
:100AE0001D4B1F68728993009B185B00FF18737978
:100AF0001E4AD900C91AC9005218126BD20527D54F
:100B00001B4A29002000FFF7FBFB04007389438187
:100B10003A797B791B0213431B0418142D21E9F742
:100B2000B7FE05B22000FFF7B5FB6D07C5623B7A43
:100B30001B0703D5A36920221343A3612000FFF7FD
:100B4000A9FB21231222C2543000FFF7B5FC7AE73B
:100B500080221206D5E7C0467CF902204413032008
:100B60004813032030F80220B41403202CA40410EE
:100B7000FFFFFF7F70B5040085692D4B1D4209D032
:100B80000423E3565A1C31D0013B5BB22371002B86
:100B900021D070BDFFF77EFB036C002B04D1436CAA
:100BA000002B01D1ED0105D52000FFF731FEA37820
:100BB0000B2BEED065692000FFF76CFB036B9D42A9
:100BC00002D1836C002BDBD02000FFF721FDA3783E
:100BD0000B2BD5D1DDE7E188164B4A005218920065
:100BE0009B1819892000FFF7A3FCD2E7A3695B02D9
:100BF000CFD5114B1B78002BCBD02000FFF74AFB41
:100C0000836A013383622000FFF744FB826AD223A8
:100C10005B009A42BDDB094B1B68DB06B9D1F8F7D4
:100C200057FA0428B5DC2000FFF7F4FEB1E7C04610
:100C30000100001024C20410AC2F032018F402207D
:100C4000F8B5534B1B785BB2022B0FD1514B1B787D
:100C5000514A1278934209D0504B5100C95A504B17
:100C60001B685B1A1BB24F498B4200DCF8BD4E4B30
:100C700019684E4B5200D25A93009B185B00CC1857
:100C8000CB5C65782D021D432D04A378E6783602EF
:100C90001E4336043100280007F012FE028853007C
:100CA0009B189B00424A1168C9188A79CB791B02AC
:100CB00013431B041A145B139B1A5B003D4A126812
:100CC000D218087A4B7A1B0203431B041B1404330B
:100CD0005B00D3189A78DB781B0213431B041A14A9
:100CE000DB139B189B00344A1268D3180A229A5EC1
:100CF000D3009B189B00314A1268D25E92032823CE
:100D000031002800FFF7FCFA5A210AF08DF9002380
:100D100000E00133882B0CDCA179E27912020A434E
:100D2000120412142648D900C91AC900095E8A4261
:100D3000EFD1882B00DD00BE214AD900C91AC900B5
:100D40005218126BD20520D51E4ADBB231002800A2
:100D5000FFF7D6FA0600104F3D78144B6A00D35ABD
:100D60004381227963791B0213431B0418142D213C
:100D7000E9F78EFD04B23000FFF78CFA6407C46215
:100D800001357F231D403D7070E780221206DCE7AD
:100D90005D2F03207E2F03207F2F0320B4F102203C
:100DA00018F40220190400007CF90220B4F002209B
:100DB0004813032030F80220B41403204413032006
:100DC0002CA40410FFFFFF7FF8B5DE4657464E46C1
:100DD0004546E0B504008279C3791B0213431B0426
:100DE0001D14002B7AD0013D4B4B5B5D002B75D061
:100DF000D4276F43494BB846984443461B79022B8E
:100E000000D171E023786078000218430004A378D1
:100E1000E178090219430904802200231206FFF732
:100E20006FFA0600A279E3791B0213431B041B141B
:100E3000012B04DD8269013B9B0613438361237907
:100E4000607900021843000400142D21E9F720FD09
:100E500007B23000FFF71EFA7B07C3623000FFF7CE
:100E600019FA07004046FFF72BFA4E23F8522B4B96
:100E7000D4226A43924699461F0057443B6A9B46D8
:100E80003000FFF707FA5B4683844B465246D65044
:100E900000233B713A009032136010321360043229
:100EA0001360043213600832137001321370A423EC
:100EB0009B037B61404601F053FA194B1B785BB2F0
:100EC000002B21D1A279E3791B0213431B041B14CD
:100ED000013B144A127852B2934217D0F0BCBB4681
:100EE000B246A946A046F8BD2800F4F729FF89E7D5
:100EF0000A4BD42169435B189B18443301211970B4
:100F00000132052AF4DDDDE70022FAE70AF0FEFFF0
:100F1000F6F7D6FAE2E7C046C4070320C807032065
:100F20005D2F0320522F032070B505006B4B1C680A
:100F300083001B185B00E418A379E17909021943C7
:100F4000090409140B2915D0002918DD042920DD16
:100F5000634B1B78002B02D1237ADB060FD4614B45
:100F60001B785BB2002B31D0042B44D0013B012213
:100F70009A402CE05C4B18685C4B984200D370BDE3
:100F80000A222100EAF7D6FD574A13680A33136094
:100F9000F5E70139564B8A005218520098180A2278
:100FA0002100EAF7C7FDA279E3791B0213431B0472
:100FB0001B14013B4F4A0121D1544F4B1B785BB2AC
:100FC000002BDCD12000FFF7FFFED8E70122207ABA
:100FD000637A1B0203431B041B141A42CFD0002365
:100FE000882B0ADC4548DA00D21AD200125E914200
:100FF00003D00133F4E70422E9E7892B4FD03E4ABE
:10100000127852B2002A07D03C4AD900C91AC90046
:101010005218126B9201B2D4394A1278002A09D0C0
:10102000122BACD0354AD900C91AC9005218126B1C
:101030005202A4D422786078000210430004A278FF
:10104000E1780902114309042C4ADE00F61AF60081
:101050009219126BD20524D52A4ADBB2FFF750F958
:10106000060045810423C356002B1DDCB3695A02D8
:1010700003D525490A6801320A601A0203D52349BB
:101080000A6801320A60224A134216D0237A1B07EB
:1010900000D474E7B36920221343B3616FE700BE45
:1010A000ADE780221206D8E7F8F712F8042171564E
:1010B000E9F7EEFB01313171D8E72379607900025D
:1010C0001843000400142D21E9F7E2FB05B23000BB
:1010D000FFF7E0F86D07C562D8E7C0467CF902204B
:1010E000982F0320742F0320403C0120A83C0120AE
:1010F000180B0320400B03205D2F03202CA40410A9
:10110000A02F0320FFFFFF7FD41B0320D01B032051
:101110000100001070B504000D001600F7F7FEFF87
:1011200082029219252329002000FFF7E9F8040024
:10113000FFF7B0F880235B028364F7F7C9FF03234E
:10114000184023791B1A5BB22371002B06DD074B75
:101150001A688023DB039A4203D070BD01232371F8
:10116000F5E75F212000FFF7E3F9F6E7142D0120F2
:10117000F8B504000F0016001D00F7F7CFFF82023C
:101180009219262339002000FFF7BAF80400FFF770
:1011900081F880239B028364F7F79AFF03230340BF
:1011A0002279D21A52B22271002A06DD2B00093BA5
:1011B000032B05D9082D08DDF8BD01232371F5E7C0
:1011C0005B212000FFF7B4F9F6E75C212000FFF770
:1011D000AFF9F1E770B50400F7F77AFF0323034096
:1011E0002079C01A40B2207100281FDD2000FFF7CF
:1011F00051F8036C5B10E568ED18E5602000FFF71F
:1012000049F8436C5B102669F61826612000FFF749
:1012100041F8826C521063699B18636132002900A7
:101220002000FDF775FB002803D070BD012323715A
:10123000DCE72000FFF7B0F9F7E70000002800D056
:10124000704703480023C360036143618361F7E78C
:10125000B83D012041790D4BCA00521AD2009B18AB
:10126000D8690B4B1B78002B05D0102904D02029FE
:1012700005D01F2906D07047A0204003FBE7A0201F
:101280004003F8E7A0204003F5E7C0462CA4041073
:101290009D2F0320F0B5DE4657464E464546E0B545
:1012A00083B006000F0013004269802189038C4639
:1012B00062440169C068FFF723F8050041793D4B9E
:1012C000CA00521AD2009B18197A002968D1280046
:1012D000FEF7E0FF04003000FEF7F2FF4C23E0527F
:1012E0003B69FA683169F06807F07EF90400BB6970
:1012F0005B0358D42800FEF7CDFFC462E40C28003D
:10130000FFF7A8FF804680231B01E3182A495A00F3
:101310000191525A1B018020400283460340D31A98
:1013200099462800FEF7B6FF824649464046E0F758
:1013300088FC53461864630001995B5A24015A469D
:1013400014401B1B99462800FEF7A4FF04004946E1
:101350004046E0F776FC6064F868F3683969326902
:10136000891AC01AFEF7D8F84146E9F791FA041E27
:101370001EDD7F697369FF1A2800FEF78BFF0600E8
:1013800021003800E9F784FAB0642800FFF722FF53
:10139000280003B0F0BCBB46B246A946A046F0BD4B
:1013A00009F042FE93E7F7F7B9FE00052418A1E71C
:1013B0000124DEE72CA40410D4EB0310F8B5DE46BC
:1013C00057464E464546E0B505000E00FEF762FF63
:1013D000C46A8022D20421002800FDF723FE814642
:1013E000464B1B68002B5FD0E86829696A69802337
:1013F0009B039C4662443300FEF782FF060041795E
:101400003F4BCA00521AD2009B18197A002900D00B
:1014100070E03000FEF73EFF07002800FEF750FFA7
:101420004C23F8523000FEF735FFC4623000FFF75E
:1014300011FF0500E40C80231B01E31831495A0019
:101440008846525A1B0180277F023B40D31A9B4695
:101450003000FEF71FFF824659462800E0F7F1FBF7
:1014600053461864630042469B5A24013C401B1BB0
:1014700098463000FEF70EFF040041462800E0F7D2
:10148000E0FB60643000FEF705FF040049462800D9
:10149000E0F7D7FBA0643000FFF79CFEF0BCBB4632
:1014A000B246A946A046F8BD8023DB04E718802297
:1014B000D20439002800FDF7B5FD81460F4B1B68AB
:1014C000002B05D00D4B1B68002B0CD03C008BE78C
:1014D000FC231B06E7188022D20439002800FDF700
:1014E000A1FD8146EEE72800FEF7D4FEC46A002382
:1014F000994679E709F098FD8BE7C046B4F80220D9
:101500002CA40410D4EB031010B500280FD0094A06
:10151000094BC318934204D8830702D18003000CFF
:1015200010BD064B064A0748CC21E7F7A3FF002071
:10153000F6E7C046FCFF0300FCFFFFDF5C4B031037
:1015400064F70410A0910310002200E001321D2A6C
:1015500014DC0B4B5100CB5A002BF7D0802109052E
:101560008C4663449B00196A8142EFD1197F03299D
:10157000ECD1597F197703219970E7E77047C0468E
:10158000B42C012070B5002200E001321D2A1BDCC2
:101590000E4B5100CB5A002BF7D0802109058C4609
:1015A00063449B001C7F032CEFD01D6A067A417AAE
:1015B00009023143090409148D42E6D15C77032105
:1015C000197700219970E0E770BDC046B42C012066
:1015D00010B500241D2C0CDC074B6200D35A002BE5
:1015E00001D00134F6E7FFF78FFF034B6400185377
:1015F00010BD00BEFCE7C046B42C0120F0B5CE46BD
:1016000000B582B0070089460192002903D0002668
:101610000124644238E0037A407A0002184300044F
:101620000014FFF791FFF2E780231B02B360BA7A40
:10163000FB7A1B0213431B041A14DB139B189B0039
:101640006E4A1268D3180A229A5ED3009B189B0038
:101650006B4A1268D318DB79EB710023E95E8903CA
:10166000280004F069F83061002373613377AB79A7
:101670007C229343AB7128001C30162109F02AFC10
:101680003000FFF7A5FF01262100380004F0ECF838
:10169000041E00DAACE05A4B1D68E3001B199B00E6
:1016A000ED18EB8A002BEFD106212820E1F7C8F9CD
:1016B000060005F037FC24234A46F25475603000DA
:1016C000FFF722FFE8820323B3700023B3773A7A4F
:1016D0007B7A1B0213431B041B1433624B46042BFF
:1016E000CED89B00474AD3589F4680231B02B36045
:1016F000BA7AFB7A1B0213431B041A14DB139B18E0
:101700009B003E4A1268D3180A229A5ED3009B18A7
:101710009B003B4A1268D318DB79EB710022AB5E69
:101720009B03019A12049B18336100237361337782
:1017300028001C30162109F0CDFBA1E78023DB0235
:10174000B360280003F0A4FFF0600022AB5E9B03AF
:10175000984200DDF3600022AB5E9B033361692396
:101760007361683B337728001C30122109F0B2FB0B
:1017700086E780231B03B360280003F089FFF06035
:101780000022AB5E9B03984200DDF3600022AB5E5B
:101790009B03336169237361683B337728001C30F6
:1017A000122109F097FB6BE780235B02B3602800EE
:1017B00003F06EFFF0600022AB5E9B03984200DDF9
:1017C000F360280003F08EFF30610022AB5E9B03C4
:1017D000984200DA336169237361F7F779FC0123DA
:1017E0000340337728001C30122109F073FB47E7D0
:1017F000300002B080BCB946F0BDC046B41403202E
:101800004413032050F7041070B5002407E0802231
:101810001205944663449B00984209D001341D2C64
:101820000FDC094B6200D35A002BF0D10023F3E701
:1018300043680025DD8205F09BFB034B6400E55205
:1018400070BD00BEFCE7C046B42C012030B583B0AB
:101850000400037F012B4BD0022B61D0002B53D10E
:10186000837F026981684068012501950025009504
:10187000FAF7D2FB05002423E35C023BDBB2012B29
:1018800018D9012D20D0022D3ED16369A361022316
:10189000237760681C30132109F01CFB2423E35CD0
:1018A000032B1ED8022B1FD2012B2DD12000FFF7B6
:1018B000ABFF29E0254B1B685B07E2D160681C3059
:1018C000162109F007FBDCE7A37F002BDBD163695E
:1018D000A3610123237760681C30122109F0FAFA12
:1018E00012E0042B10D1E1E72000FFF78DFF0BE0A1
:1018F000C2688168406801235B4201930023009322
:10190000FAF78AFB022801D003B030BD6369A361F6
:101910000223237760681C30132109F0DBFAF3E718
:101920008369013B8361002BEED140680022835E16
:101930009B03E268934206D0012323771C301221D7
:1019400009F0C8FAE0E700232377F7E718F402204C
:10195000032905DC1A3189000B589B1A0B5070477C
:101960001A3189000B589B1A0B50F8E710B58269A1
:10197000054B1A4200D110BD044B054A7C21054895
:10198000FF31E7F777FDC04601000010F467031050
:1019900074F704100C68031010B58269074B1A42E3
:1019A00007D04179064BCA00521AD2009B18586AD8
:1019B00010BDFFF7DBFFC06BFAE7C0460100001067
:1019C0002CA40410F0B5D6464F464646C0B50700D5
:1019D000884692460B000B331B01C318043399460B
:1019E00014E043460B331B01FF1800237B60E0BC6F
:1019F000BA46B146A846F0BD43460B331B01FB185F
:101A00005A68128992469B68002BF0D15346002BEE
:101A1000E7D05C00E01880000B4E801945460B357E
:101A20002D017D196860F5F719FFA8605444A400E2
:101A300036197368002BDFD04946380098476B6829
:101A4000002BD9D1D3E7C04624C2041010B504003E
:101A50005D23C35C0A2B16D05D23E35C072B17D0F4
:101A60005D21605C0D4B4200121892009B185A8851
:101A70000A236354B63380210904E1500021200079
:101A8000FFF7A0FF10BD5233C25C0133C254E3E73D
:101A900020680A2109F0C8FAE2E7C0467C9D0410DC
:101AA00010B55C23C25C444953009B189B005B5CEF
:101AB000062A0ED0082A0AD00121052B00D179E090
:101AC0001A339B001B588B4234DB012071E002214A
:101AD000F3E72821F1E76623C356002B06D0C36E37
:101AE000022B03DD354B1B78022B0AD06123C35632
:101AF000002B0AD0836E002B07D05D230321C15435
:101B000014E05B330821C15410E06023C356002B5E
:101B100006D0C36E002B03D05D230221C15405E023
:101B2000836E002B15D05D230121C1545D23C35C5E
:101B30000A2B34D16323C356002BCCD0036F002B68
:101B4000C9D01E4B1B78002BC5D05D230521C15485
:101B5000ECE76523C356002B03D05D230721C15456
:101B6000E4E76223C356002B06D0436F002B03D05B
:101B70005D230421C154D9E76423C356002B0AD046
:101B8000036F282B07DD0D4B1B78002B03D05D2343
:101B90000621C154CAE75D230021C154C6E7064BA4
:101BA00051008A1892009B189A880021FFF70AFFBB
:101BB000002010BD0120FCE77C9D0410D5250020ED
:101BC00010B50400FFF76CFF002800D110BD20689D
:101BD0009A21FEF7ADFC5C23E15C074B4A005218EA
:101BE00092009B181A8900212000FFF7EBFE206865
:101BF0000100F8F723F9E9E77C9D041010B55C2398
:101C0000C15C054B4A00521892009B189A8800212B
:101C1000FFF7D8FE10BDC0467C9D0410F8B5040047
:101C20000D000068C3889A3B9BB2012B1ED95C2330
:101C3000E35C072B1ED05D23E35C0A2B23D1236AD0
:101C4000002B20D0E37ADB072AD58823E356002B2C
:101C500005D05C23E35C042B25D0062B23D08823FE
:101C60000122E2542000FFF7ABFF18E09521FEF7B8
:101C70005FFCDCE72A68204B9A42DCD120680B210C
:101C800009F0D2F9D7E75C23E15C1C4B4A005218FB
:101C900092009B189A8800212000FFF793FEF8BD60
:101CA00088230022E254164B1E68F601FC235B01D8
:101CB00033408022120194466344124F5A00D15B94
:101CC0001B01802252021340C91AE069DFF7B9FFF5
:101CD00080235B029C466044A860F8231B011E40E1
:101CE0007600B95BE069DFF7ACFF80239B039C467D
:101CF0006044E860D3E7C04648C504107C9D0410EA
:101D000018F40220D4EB031010B5C37ADB0703D517
:101D10005D23C35C0A2B05D090230022C250FFF73D
:101D2000BFFE10BD036A002BF6D09022835801330A
:101D30008350FFF745FFF4E710B5FFF7B1FE10BD84
:101D400010B5CB68C022D20294466344CB60802297
:101D5000120493420BDB0379012B09D0036A002B99
:101D600008D05D23C25C013BC254FFF76FFE10BD7B
:101D7000CA60FCE700220021FFF724FEF7E700001D
:101D800010B5CB680A4A94466344CB608022920324
:101D9000934200DD10BDCA605C23C15C054B4A0064
:101DA000521892009B18DA880021FFF70BFEF1E72A
:101DB0000000FAFF7C9D041010B5040000689B2110
:101DC000FEF7B6FB5C23E15C054B4A00521892001B
:101DD0009B185A8901212000FFF7F4FD10BDC04671
:101DE0007C9D0410F0B5C64600B582B00400F7F73C
:101DF0006FF90A21E8F74CFD01314D00236B002BF0
:101E000002D0AB005D196D002068FFF7AFFDC76A17
:101E1000F7F784F98604F6198027FF0320683A0053
:101E20003100FDF7FFF80300206800953A0031000B
:101E3000FDF766F90E4B1B68002B15D02068532167
:101E400009F0F2F82068C5680669094B1B68DF686D
:101E50001B699846FFF78AFD040043463A003100AB
:101E6000280006F0C1FBE06202B080BCB846F0BDBD
:101E7000B4F80220F0B583B00400F7F729F90A217D
:101E8000E8F706FD01314E002068FFF76FFDC76AD5
:101E9000F7F744F98504ED19264F20683A00290028
:101EA000FDF7C0F80300206800963A002900FDF70E
:101EB00027F9214B1B68002B24D020680D2109F045
:101EC000B3F820681C4B1A681369D2680169C068AE
:101ED00006F08AFB05002068FFF748FDC36AEA1A8E
:101EE000802109068A4217D914498A420FDA144B15
:101EF0009C466544C5622268936980210B439361C7
:101F000003B0F0BD20680C2109F08EF8F8E70B4A09
:101F100094466344C362EEE70A498A4204D90A4BF5
:101F20009C466544C562E6E7064A94466344C3623C
:101F3000E1E7C04601004000B4F80220CDCCCCFC63
:101F4000C3300C03333333033DCFF3FC10B504002F
:101F50005C23C15C064A4B005B189B00995C012224
:101F6000FFF7F6FC20682121FFF728FA10BDC046D4
:101F70007C9D041010B504005C23C15C064A4B0034
:101F80005B189B00995C2822FFF7E2FC2068232164
:101F9000FFF714FA10BDC0467C9D041070B5040014
:101FA0005C26825D0E4D53009B189B00595D0122FB
:101FB000FFF7CEFCA25D53009B189B00ED186D89C6
:101FC000F7F786F801230340EA1892B201212000B6
:101FD000FFF7F8FC20682221FFF7F0F970BDC0463A
:101FE0007C9D041070B50400FFF7C0FCC56A802218
:101FF000D20429002000FDF715F8104B1860104B93
:102000001B68002B00D070BD8022D2048023DB042B
:10201000E9182000FDF706F8084B1860084B1B680C
:10202000002BF0D1FC231B06E9188022D2042000EB
:10203000FCF7F8FF014B1860E5E7C0462C2F0120A4
:10204000B4F80220F0B583B004000E00F7F740F8B2
:102050000321E8F71DFC01318D006D182000FFF70A
:1020600085FCC76A002E0AD0074B1B6880220095AA
:10207000120539002000FDF743F803B0F0BDF7F773
:102080004DF880043F18EFE72C2F012070B50400B5
:102090000068012108F0C8FF20689B21FEF748FA7C
:1020A0005C26A25D0F4D53009B189B00595D0122D9
:1020B0002000FFF74DFCA25D53009B189B00ED181C
:1020C0006A8901212000FFF77DFC2068FFF78AFF65
:1020D0009023E1584B425941C9B22068FFF7B2FF43
:1020E00070BDC0467C9D041070B5050000680221DB
:1020F00008F09AFF28689B21FEF71AFA5C26AA5D71
:102100000F4C53009B189B00195D01222800FFF71C
:102110001FFCAA5D53009B189B00E41862890121F3
:102120002800FFF74FFC2868FFF75CFF002404E05D
:1021300028680021FFF786FF0134062CF8DD70BD0A
:102140007C9D0410F0B5C64600B582B0060000685C
:10215000042108F069FF30689B21FEF7E9F95C254E
:10216000725D1F4C53009B189B00195D02223000CA
:10217000FFF7EEFB725D53009B189B00E418628929
:1021800001213000FFF71EFC3068FFF72BFF002510
:1021900020E0F6F79DFF0321E8F77AFB01318F007D
:1021A0007F183068FFF7E2FBC36A9846F6F7B6FF80
:1021B000C404444433689846F6F7B0FF4301094A23
:1021C00012689B1880220097120521004046FCF7F8
:1021D00097FF0135132DDCDD02B080BCB846F0BDA1
:1021E0007C9D04102C2F0120F8B504000D00006820
:1021F000012108F019FF5C23E15C224A4B005B18C7
:102200009B009B5C1A339B001B59002B00D1F8BD2F
:1022100020689B21FEF78CF95C27E25D194E530084
:102220009B189B00995D01222000FFF791FB296814
:10223000E25D53009B189B00F6180A23F25E5300E0
:102240009B189B00C918104BC91A89108B005B188A
:102250001A019B181A029B181A049A185200521855
:1022600092B201212000FFF7ADFB2068FFF7BAFE14
:102270009023E1584B425941C9B22068FFF7E2FE72
:10228000C5E7C0467C9D041094C40410B02300220E
:10229000C2547047B0230122C2547047B0230222B7
:1022A000C2547047F8B5CE46474680B580460025F3
:1022B00012E000272EE0F6F70BFF0723034001335F
:1022C000F61801340E2CF6DD214B186833003A0065
:1022D0003900FBF745F80135272D34DC4046FFF780
:1022E00045FBC46A6A0052199200521993019B1A65
:1022F00019035918C90049190919E0231B069C46FE
:1023000061444C23C75A002FD3D080231B059C4621
:102310006744BF008022D2043800FCF783FE0C4BD8
:1023200018680028D7D0C668036999464469FFF742
:1023300033FB801022182A2349463000FDF7E0FFC6
:1023400000260024BEE7C0BCB946B046F8BDC04672
:10235000B4F8022010B50068092108F065FE10BD30
:1023600010B5002206E013000B331B01C318002137
:1023700059600132012AF6DD5C23C25C0133C2548C
:10238000FFF764FB10BD70B506000400B4340025EF
:1023900001E001351034012D0FDC2268002AF8D04D
:1023A0006368591CF5D0013B6360002BF1D11289A1
:1023B00029003000FFF706FBEBE7BC23F25810338F
:1023C000F2500C3BF2581033F25070BD00207047B1
:1023D000064B19680B794A7912021A438B791B0450
:1023E0001343C879000618431F307047482B032059
:1023F00010B5026883689A4218D0037B072B15D961
:102400000368826893420AD24268591C01601A70BC
:1024100043681B0A4360037B083B0373EDE7044BEF
:10242000044AE4210448FF31E7F724F810BDC04610
:10243000E091031054F80410F491031010B5037BDD
:102440009C18202C0CD8012494408C420FD944684D
:102450009940214341609B180373FFF7C9FF10BDEA
:10246000064B074AEC210748FF31E7F703F8064B14
:10247000034AF62103484900E6F7FCFF38920310AF
:1024800064F80410F49103104C92031010B501008D
:10249000024B18680122FFF7D1FF10BD541403202E
:1024A00010B5FFF7F3FF10BD70B5040015008842AA
:1024B00005D00120FFF7EAFF2000A84770BD0020EB
:1024C000FFF7E4FFFAE770B505000C000904090CFA
:1024D0001022FFF7B3FF210C10222800FFF7AEFFF8
:1024E00070BD000010B50100024B1868FFF7EBFF4C
:1024F00010BDC0465414032010B504000268002A21
:1025000018D00E4BD21A921093009B1819015B1829
:1025100019025B1819045B185B009818FFF7E2FFBB
:102520006068FFF7DFFFA068FFF7DCFFE068FFF7F8
:10253000D9FF10BD0020FFF7D5FFF1E724C204103A
:1025400010B503000A00034908681900FFF776FF79
:1025500010BDC0465414032010B50821FFF7F0FF4A
:1025600010BD10B50321FFF7EBFF10BD10B581B210
:10257000024B18681022FFF761FF10BD54140320AE
:1025800010B504000078FFF7E7FF6078FFF7E4FF7D
:102590000223E05EFFF7EAFFA079FFF7E7FF20796B
:1025A000FFF7DAFF6079FFF7D7FF10BD70B50400C1
:1025B0000079FFF7D1FFA01DFFF7E2FF2069FFF7C9
:1025C00091FF6069FFF78EFFA069FFF78BFFE0695D
:1025D000FFF788FF206AFFF785FF606AFFF782FF39
:1025E000A06AFFF77FFF002507E02B000A339B005E
:1025F000E3185868FFF776FF0135052DF5DD002556
:1026000005E0631944331878FFF74AFF0135052DBB
:10261000F7DD4A23E05CFFF743FF0025032D08DCCC
:102620002B0012339B00E3185868FFF75BFF01355E
:10263000F4E75C23E05CFFF78FFF5D23E05CFFF7CE
:102640008BFF002505E063195E331878FFF728FF3C
:102650000135082DF7DD0025032D07DC2B001A338B
:102660009B001859FFF73EFF0135F5E70025032DC4
:1026700007DC2B001E339B001859FFF733FF013591
:10268000F5E78823E056FFF72DFF8923E056FFF793
:1026900029FF8C23E058FFF725FF9023E058FFF730
:1026A00021FF9423E058FFF71DFF9823E058FFF720
:1026B00019FF9C23E058FFF715FFA423E058FFF70C
:1026C00011FFA823E058FFF70DFFB023E056FFF7F6
:1026D00009FFB123E056FFF705FFB223E056FFF7ED
:1026E00001FF002507E028000B300001201804300E
:1026F000FFF702FF0135012DF5DDB323E05CFFF7A5
:10270000CFFE70BD10B58B0402D48913018010BDBB
:10271000024B034A0348B821E6F7ACFEE8A60310D3
:102720002CF8041008A7031010B58B0402D48913E9
:10273000418010BD024B034A0348C021E6F79AFED0
:10274000E8A6031010F8041008A7031010B582695A
:10275000054B1A4200D110BD044B054A7C210548A7
:10276000FF31E6F787FEC04601000010F467031052
:10277000F0F704100C68031010B58269074B1A4279
:1027800007D04179064BCA00521AD2009B18586AEA
:1027900010BDFFF7DBFFC06BFAE7C0460100001079
:1027A0002CA4041010B58269074B1A4207D0417956
:1027B000064BCA00521AD2009B18186A10BDFFF7C8
:1027C000C5FF806BFAE7C046010000102CA404107E
:1027D00010B500280FD0094A094BC318934204D8FA
:1027E000830702D18003000C10BD064B064A074840
:1027F000CC21E6F73FFE0020F6E7C046FCFF0300D1
:10280000FCFFFFDF5C4B0310E0F70410A091031006
:1028100010B50400037B172B0FD8026843689A4257
:1028200011D023685A1C22601978237BA268994032
:102830000A43A2600833237310BD044B044A0548C1
:102840008D21E6F717FE0CF023FBEAE7D8430310CF
:1028500074F80410F491031070B504000D002029E1
:1028600008DD0B4B0B4A0C489A21E6F703FE2000CB
:10287000FFF7CEFF237BAB42F9DBEAB29B1A23734F
:10288000A2681000E840A060A840504070BDC0465B
:102890002444031084F80410F491031010B5034B82
:1028A00018680121FFF7D8FF10BDC046501403205F
:1028B00010B5FFF7F3FFC0B210BD70B504000D00F6
:1028C000FFF7ECFF002801D0A8470400200070BDEE
:1028D00070B505001021FFF7BFFF0400102128008C
:1028E000FFF7BAFF0004204370BD000010B5024B93
:1028F0001868FFF7EDFF10BD5014032010B5040059
:10290000FFF7F4FF00280FDD43001B189B00084A67
:102910009B182360FFF7EAFF6060FFF7E7FFA06006
:10292000FFF7E4FFE06010BD00232360F2E7C0463C
:1029300024C2041010B5034B18680821FFF78CFF60
:10294000C0B210BD5014032010B50100024B18682E
:10295000FFF782FF10BDC0465014032070B502205F
:10296000FFF7F2FF0400002505E0FFF7E3FFE300B7
:10297000984005430134032CF7D9280070BD10B5E9
:102980000320FFF7E1FF10BD10B5034B18681021BD
:10299000FFF762FF00B210BD5014032010B5040011
:1029A000FFF7C8FF2070FFF7C5FF6070FFF7ECFF6F
:1029B0006080FFF7E9FFA071FFF7BCFF2071FFF710
:1029C000B9FF607110BD70B50400FFF7FFFC060091
:1029D0002060FFF7AFFF2071A01DFFF7DFFFFFF7BB
:1029E00085FF2061FFF782FF6061FFF77FFFA06135
:1029F000FFF77CFFE061FFF779FF2062FFF776FFCA
:102A00006062FFF773FFA062002507E0FFF76EFF2B
:102A10002B000A339B00E31858600135052DF5DDC6
:102A2000002505E0FFF744FF6319443318700135B2
:102A3000052DF7DDFFF73CFF4A23E0540025032D69
:102A400008DCFFF753FF2B0012339B00E31858609C
:102A50000135F4E7FFF76EFF5C23E054FFF76AFFF0
:102A60005D23E054002505E0FFF722FF63195E3384
:102A700018700135082DF7DD0025032D07DCFFF761
:102A800035FF2B001A339B00E0500135F5E7002598
:102A9000032D07DCFFF72AFF2B001E339B00E050BD
:102AA0000135F5E7FFF722FF8823E054FFF71EFF0B
:102AB0008923E054FFF71AFF8C23E050FFF716FF3D
:102AC0009023E050FFF712FF9423E050FFF70EFF32
:102AD0009823E050FFF70AFF9C23E0500433E650B0
:102AE000FFF704FFA423E050FFF700FFA823E05006
:102AF0000433E650FFF7FAFEB023E054FFF7F6FE8A
:102B0000B123E054FFF7F2FEB223E054002507E0C2
:102B100028000B30000120180430FFF7EFFE0135CC
:102B2000012DF5DDFFF7C4FEB323E05470BD70B591
:102B3000051E0CD0E7F77AFEC31707261E4036188D
:102B4000F61002213000FFF7FBFC002403E003260F
:102B5000F7E72D0A0134B442FBD304E0E8B2FFF7F3
:102B6000FBFC2D0A0134032CF8DD70BD030030336B
:102B7000014803707047C0463841012010B5040079
:102B8000FFF78CFE002802D10023237010BD0A231A
:102B90002370FBE710B50230FFF7F0FF10BD000017
:102BA000F8B5CE46474680B5FFF7C4FE0700D04BC8
:102BB000C200121AD2009B181A6BCE4B1A4200D1D7
:102BC000E4E0202004F0D8F904004771FFF7DCFEB0
:102BD00060816179C64BCA00521AD2009B181B6BE8
:102BE000A3612000FFF7D6FFFFF758FE002800D0B2
:102BF000CEE06189C04A8B005B185B001168CA187F
:102C0000C95C53781B020B431B04E3609178D378B3
:102C10001B020B431B0423612169E06805F050FE91
:102C2000028853009B189B00B44A1168C9188A791E
:102C3000CB791B0213431B041A145B139B1A5B0012
:102C4000AF4A1268D218087A4B7A1B0203431B045E
:102C50001B1404335B00D3189A78DB781B021343F0
:102C60001B041A14DB139B189B00A64A1268D31886
:102C70000A229B5ED900C918CB005B1A9A019B18E7
:102C8000DB005B18DA03D31ADB005B182381A2692F
:102C9000984B1A4200D182E0FFF700FE002800D0D6
:102CA000B9E0A269934B1A4200D1AFE02289D30068
:102CB0009B189B00944A1268D35E9B036361A269D0
:102CC0008C4B1A4200D1C7E0A2698A4B1A4200D14C
:102CD000DBE08E4A8E4901204042FFF7EEFD207175
:102CE0006279834FD3009B1ADB00FB185888894A0E
:102CF0008949FFF7E2FDE080A069884A8849FFF72B
:102D0000DCFDA0616279D3009B1ADB00FF183B6BEE
:102D1000DB0003D580235B050343A361A169754BE9
:102D2000194200D112E1A269724B17001F401A42EA
:102D300000D150E1A2696F4B1A4222D1002D00DC74
:102D40005AE16B1ED4255D43764BED182000FFF74A
:102D5000FDFC07002800FFF73BFD4E2578532000BF
:102D6000FFF7F4FC435B002B00D143E18022120506
:102D7000944663449B001C602000FFF7E7FC22237D
:102D8000C6542000C0BCB946B046F8BD542019E76F
:102D9000FFF7ACFDE060FFF7A9FD20613CE761793A
:102DA000534BCA00521AD2009B18586A5E4A5C49BB
:102DB000FFF783FD07002000FFF7C8FCC7632289E7
:102DC000D3009B189B00504F3A68D05E574A584B2F
:102DD000800398461900FFF770FD81462000FFF739
:102DE000B5FC4B4603632289D3009B189B003A68CD
:102DF000D3180220185E4F4A80034146FFF75DFD5D
:102E000007002000FFF7A2FC476345E72000FFF71B
:102E10009DFC036B52E7FFF741FD002818D1A26922
:102E2000344B1A420FD02289D3009B189B00364A9C
:102E30001268D3180227DF5FBF032000FFF79CFC56
:102E40003F1A67613BE72000FFF780FC476BF4E720
:102E5000FFF74CFD606132E76189274A8B005B1800
:102E60005B001268D3181A795F793F0217433F0459
:102E70003F142000FFF76AFC80462F4A2C49380493
:102E8000FFF71BFD4346D8621EE76179184BCA0065
:102E9000521AD2009B18186A284A214F3900FFF7AE
:102EA0000CFD80462000FFF751FC43468363244A13
:102EB00039000020FFF701FD80462000FFF746FCA7
:102EC000434603641F4A39000020FFF7F6FC8046A2
:102ED0002000FFF73BFC434643641B4A39000020B7
:102EE000FFF7EBFC07002000FFF730FC8764F0E6FB
:102EF0002CA40410010000107CF9022048130320C8
:102F000030F80220B414032044130320ACAC0310A7
:102F100035290210B4AC031089290210BCAC03108F
:102F2000ED280210C807032068AC031070AC031032
:102F30005D29021078AC031084AC03108CAC031034
:102F400094AC03109CAC0310A4AC03102E4FD30020
:102F50009B1ADB00FB180420185E2C4A2C49FFF753
:102F6000ACFC80462000FFF7F1FB4346838403203E
:102F7000FFF7EAFC80462000FFF7E8FB20234246EB
:102F8000C254244A24490020FFF797FC80462000C1
:102F9000FFF7DCFB434683626279D3009B1ADB00B8
:102FA000FF18092038561D4A1D4F3900FFF785FCD0
:102FB00080462000FFF7CAFB21234246C254194A2B
:102FC00039000020FFF779FC07002000FFF7BEFB67
:102FD0002323C754A7E6FFF761FC002805D1022090
:102FE000FFF7B2FC06003D00A4E60220FFF7ACFCB0
:102FF000471CF4E70023BEE62000FFF7A7FB4E23A3
:103000000022C252B8E6C0462CA40410C4AC03107F
:1030100089290210CCAC0310ED280210D4AC0310A7
:1030200035290210E0AC031010B50400FFF7B2FD23
:10303000FFF780FC2071FFF7A7FCC3001818800081
:103040000C4B1B681B18A360FFF750FCE060FFF7F8
:103050004DFC2061FFF74AFC6061FFF729FC2076F8
:10306000FFF744FCE061FFF741FC2062FFF73EFC04
:10307000606210BD4413032010B50400FFF78AFD01
:10308000FFF758FC2071FFF77FFCC3001818800081
:10309000094B1B681B18A360FFF728FCE060FFF7D3
:1030A00025FC2061FFF722FC6061FFF71FFCA06197
:1030B000FFF71CFCE06110BD4413032010B50400B1
:1030C000FFF768FDFFF736FC2071FFF7F1FB607139
:1030D000FFF75AFCC300181880000A4B1B681B1826
:1030E000A360FFF703FCE060FFF700FC2061FFF73F
:1030F0004BFCA082FFF7FAFBA061FFF7F7FBE06152
:1031000010BDC0464413032010B50400FFF742FD74
:10311000FFF73AFCC30018188000124B1B681B18FD
:103120006360FFF7E3FBA060FFF7E0FBE060FFF701
:10313000DDFB2061FFF7DAFB6061FFF7D7FBA061E1
:10314000FFF7F8FB2077FFF7F5FB6077FFF7B0FBA1
:10315000A077FFF7CBFB2062FFF7ECFB2423E054C2
:1031600010BDC0464413032010B50400FFF712FD44
:10317000FFF70AFCC300181880000A4B1B681B18D5
:103180006360FFF7B3FBA060FFF7B0FBE060FFF701
:10319000ADFB2061FFF7AAFB6061FFF7A7FBA06111
:1031A00010BDC0464413032010B50400FFF7F2FC25
:1031B000FFF7EAFBC300181880000A4B1B681B18B6
:1031C0006360FFF793FBA060FFF790FBE060FFF701
:1031D0008DFB2061FFF78AFB6061FFF787FBA06131
:1031E00010BDC0464413032010B50400FFF7D2FC05
:1031F000FFF7CAFBC30018188000074B1B681B1899
:103200006360FFF773FBA060FFF770FBE060FFF700
:103210006DFB206110BDC0464413032010B5431E52
:103220009841FFF733F910BD10B58078FFF7F6FF2E
:1032300010BD000070B504004079FFF78DF90A2336
:10324000E05EFFF793F92000FFF7EEFFE068618989
:10325000D64A8B005B185B001168CA18C95C5378AA
:103260001B020B431B04984208D121699078D37844
:103270001B0203431B04994200D169E00120FFF7C0
:1032800005F9E068FFF72EF92069FFF72BF9A2692D
:10329000C74B1A4260D06669A269C54B15001D4034
:1032A0001A4200D1A5E02289D3009B189B00C14A95
:1032B0001268D35E9B039E4200D19FE0002D00D197
:1032C000A0E02289D3009B189B00BA4A1268D31849
:1032D00002255D5FAD032000FFF74EFA2D1AAE42C6
:1032E00000D194E002210320FFF72AF96069FFF77B
:1032F000F9F8A269AE4B1A4200D18DE0A269AC4B3D
:103300001A4200D19DE004202056AB4BAB4A01216C
:103310004942FFF7C9F8E0886279A94DD3009B1AAA
:10332000DB00EB185988A74BA74AFFF7BDF8A06947
:103330006279D3009B1ADB00ED18296BA34BA44ADA
:10334000FFF7B2F8A2699A4B1A4200D1A4E070BD0F
:103350000020FFF79BF89AE72000FFF70DFA61794C
:10336000974BCA00521AD2009B18596A994B984A37
:10337000FFF79AF8A2698E4B1A4230D02289D30007
:103380009B189B008B4A1268D05E80032289D30071
:103390009B189B00874A1268D15E8F4B8F4A890326
:1033A000FFF782F8A269824B1A421DD02289D3000E
:1033B0009B189B007F4A1268D3180220185E800376
:1033C0002289D3009B189B007A4A1268D3180221E5
:1033D000595E834B814A8903FFF766F85BE720005B
:1033E000FFF7B4F9006BD1E72000FFF7AFF9406BAE
:1033F000E6E72000FFF7AAF9036B5CE70020FFF780
:1034000045F876E72000FFF7A1F9456B63E7022155
:103410000120FFF795F86CE72000FFF797F9C06AE5
:103420006189624A8B005B185B001268D3181A79B5
:103430005979090211436B4B684A0904FFF734F8C4
:103440005CE72000FFF7AEF961795D4BCA00521AC4
:10345000D2009B18196A644B5D4D2A00FFF724F8CF
:103460002000FFF773F9006C604B2A000021FFF782
:103470001BF82000FFF76AF9406C5D4B2A00002121
:10348000FFF712F82000FFF761F9806C594B2A0012
:103490000021FFF709F836E72000FFF757F924234A
:1034A000C05E6279464DD3009B1ADB00EB18042105
:1034B000595E514B444AFEF7F7FF2000FFF746F9EB
:1034C0002023C0560321FFF73BF82000FFF73EF909
:1034D000806A4A4B3E4A0021FEF7E6FF2000FFF7D4
:1034E00035F92123C05C6279D3009B1ADB00ED180B
:1034F00009216956424B314D2A00FEF7D5FF2000C5
:10350000FFF724F92323C0563E4B2A000021FEF783
:10351000CBFF2000FFF71AF94E23C35A002B3DD0F2
:10352000A269234B1A4230D10120FEF7AFFF2000E1
:10353000FFF70CF94E23C35A002B2DD08022120521
:10354000944663449B00304A9B1A9B109A00D21801
:103550001102891A4902C91A0A01521AD200D21854
:103560005200D3181801C01A0221FEF7E9FFA26920
:103570000F4B1A4200D0EAE62000FFF7E7F82223BB
:10358000C0560221FEF7DCFFE1E6204B204AF52180
:1035900020488900E5F76EFF0023D4E7A269044BB9
:1035A0001A42E4D10020FEF771FFE0E77CF9022027
:1035B0000100001044130320ACAC03105925021085
:1035C0002CA40410B4AC03106D250210BCAC031085
:1035D000E524021068AC031070AC03102F2B02100E
:1035E00078AC031084AC03108CAC031094AC0310C3
:1035F0009CAC0310A4AC0310C4AC0310CCAC0310FF
:10360000D4AC0310E0AC0310C8070320ECAC0310EB
:10361000FCF7041004AD031010B50400FFF704FE1E
:103620002079FEF799FFA268134B1B68D21A9210FB
:10363000D3009B1A99015B18DB009B18D803C01AB2
:10364000C000801800B2FEF791FFE068FEF74AFF65
:103650002069FEF747FF6069FEF744FF207EFEF712
:103660001FFFE069FEF73EFF206AFEF73BFF606A3E
:10367000FEF738FF10BDC0464413032010B5040008
:10368000FFF7D2FD2079FEF767FFA2680F4B1B689A
:10369000D21A9210D3009B1A99015B18DB009B1879
:1036A000D803C01AC0008018FEF71CFFE068FEF7C0
:1036B00019FF2069FEF716FF6069FEF713FFA06986
:1036C000FEF710FFE069FEF70DFF10BD4413032065
:1036D00010B50400FFF7A8FD2079FEF73DFF6079E3
:1036E000FEF7DEFEA268114B1B68D21A9210D300BF
:1036F0009B1A99015B18DB009B18D803C01AC00005
:10370000801800B2FEF732FFE068FEF7EBFE20699A
:10371000FEF7E8FE1423E05EFEF728FFA069FEF73F
:10372000E1FEE069FEF7DEFE10BDC0464413032053
:1037300010B50400FFF778FD6268184B1B68D21AB9
:103740009210D3009B1A99015B18DB009B18D803D9
:10375000C01AC000801800B2FEF708FFA068FEF78C
:10376000C1FEE068FEF7BEFE2069FEF7BBFE6069A1
:10377000FEF7B8FEA069FEF7B5FE207FFEF7ECFE6F
:10378000607FFEF7E9FEA07FFEF78AFE206AFEF763
:10379000A9FE2423E05CFEF7DFFE10BD44130320E6
:1037A00010B50400FFF740FD6268104B1B68D21A89
:1037B0009210D3009B1A99015B18DB009B18D80369
:1037C000C01AC000801800B2FEF7D0FEA068FEF755
:1037D00089FEE068FEF786FE2069FEF783FE6069D9
:1037E000FEF780FEA069FEF77DFE10BD44130320A6
:1037F00010B50400FFF718FD6268104B1B68D21A61
:103800009210D3009B1A99015B18DB009B18D80318
:10381000C01AC000801800B2FEF7A8FEA068FEF72C
:1038200061FEE068FEF75EFE2069FEF75BFE606900
:10383000FEF758FEA069FEF755FE10BD44130320A5
:1038400010B50400FFF7F0FC62680D4B1B68D21A3C
:103850009210D3009B1A99015B18DB009B18D803C8
:10386000C01AC000801800B2FEF780FEA068FEF704
:1038700039FEE068FEF736FE2069FEF733FE10BD24
:103880004413032070B50500002402E0FEF764FE37
:103890000134285D0028F9D103E00020FEF75CFE2A
:1038A0000134172CF9DDF3F7C9F8C0B2FEF754FE66
:1038B000FEF78EFDFEF716FE0E4B1878FEF74CFE57
:1038C0000D4B1878FEF748FE0C4B1878FEF744FEB7
:1038D0000024032C05DC0A4B185DFEF7D7FD0134EC
:1038E000F7E7084B18680002000A1821FEF728FEC7
:1038F00070BDC046742F0320712F0320722F032048
:10390000C407032018F4022010B5002402E0FFF7DA
:1039100011F80134172CFADDFFF70CF80400F3F767
:103920008DF8844201D0002010BDFEF7DFFF0400B7
:10393000FEF74EFD844201D00020F5E7FEF7FAFFC6
:103940000C4B1870FEF7F6FF0B4B1870FEF7F2FFEA
:103950000A4B1870002404E0FEF7A0FF084B18552E
:103960000134032CF8DD1820FEF7EEFF054B18603C
:103970000120D9E7742F0320712F0320722F032019
:10398000C407032018F4022010B5FEF7D3FF1D383A
:1039900043425841C0B210BD10B51D20FEF7DCFDFA
:1039A00010BD000010B5002400E00134032C0ADC37
:1039B000054B1B5D002BF8D0D4206043034BC0188F
:1039C000FEF7F4FDF1E710BDC4070320C80703208C
:1039D000F8B5002400E00134032C12DC094B1B5D18
:1039E000002BF8D0D4266643074FF5192800FEF7C0
:1039F000EAFF0023F3512A00A0321360AC352B609C
:103A0000E9E7F8BDC4070320C8070320F0B5CE4698
:103A1000474680B585B0804B1D68002711E0002027
:103A2000FEF734FD7D4B19680B68009A9B1ADB008A
:103A30000A7B6846007B121A9B18072B58D0013767
:103A40002435774B1B88BB425CDD744B1B686A4690
:103A500051CB51C21B6813600120FEF717FD0023F4
:103A6000E85E8010FC00E41B64006E4E3368195F52
:103A70006D4B6E4A9046FEF717FD0223E85E8010FC
:103A800033681B190221595E694B4246FEF70CFD53
:103A9000E87933681B190421595E664B664A9146E2
:103AA000FEF702FD287A33681B190621595E634B25
:103AB0004A46FEF7F9FC0423E85E33681B19082127
:103AC000595E5F4B4246FEF7EFFCAB795B06DB0EBF
:103AD000326812190A21525E9342A0D00120FEF7EB
:103AE000D5FCA8794006C00E0521FEF729FD99E70F
:103AF0006B460A0051CB51C21B6813600020FEF7D1
:103B0000C5FC9CE74F4B0020185EFEF72FFD4E4B87
:103B10001D6800265CE04D4B4D4A4E484E49E5F786
:103B2000A9FC280004F0D0FF43425841FEF7AEFC48
:103B300065E00021380005F037F9020031E000218E
:103B4000380005F06FF9FEF7A1FC2CE002213800E7
:103B500005F02AF902002AE00221380005F062F996
:103B6000FEF794FC25E00121380005F01DF9020064
:103B700023E00134012C29DC231D5B00EB189A782B
:103B8000DB781B0213431B041B145A1CF1D0334A6D
:103B900017685A00D3189B00FF180423FA5E502AB6
:103BA000C7DD512ACBD90623FA5E502ACEDD512A31
:103BB000D2D90823FA5E502AD5DD502AD9D801215E
:103BC000380005F02FF9FEF761FCD2E70E3501361B
:103BD000234B1B88B34219DD280004F075FF002831
:103BE00008D0280004F070FF0400280004F03CFF17
:103BF000844290D1280004F037FF002891D128009A
:103C000004F0DAFFFEF742FC0024B3E705B0C0BCC5
:103C1000B946B046F0BDC0464413032054140320F7
:103C2000082F0320B02A032040AD03106D25021099
:103C30004CAD03105CAD03105925021068AD0310A4
:103C400074AD0310F82E032030F8022080AD03106D
:103C500044F8041004AD031064080000B4140320F9
:103C6000002F0320F8B5CE46474680B5724B1C683E
:103C7000002501E001352434704B1B88AB4250DD38
:103C8000FEF70CFE0028F5D0EE00761B76006C4B9C
:103C900098461B68985F6B4A6B4F3900FEF70DFE24
:103CA00001042000FEF72EFD43461B689B190220ED
:103CB000185E664A3900FEF700FE01042000FEF798
:103CC00033FD43461B689B190420185E604A614B14
:103CD00099461900FEF7F1FDE07143461B689B19F8
:103CE0000620185E5C4A4946FEF7E7FD207243460F
:103CF0001B689B190820185E584A3900FEF7DDFD45
:103D0000A080FEF7CBFD0028B4D00520FEF71CFEF6
:103D10001F2303409B00A0797C2290431843A0718D
:103D2000A8E7FEF731FE4E4B18804E4B1D6800266B
:103D30006FE0FEF7B3FD002874D0280004F05EFEAB
:103D400070E0280004F06EFF70E00021380005F0FC
:103D50002BF880463EE0FEF7A1FD00283DD0012370
:103D600042465A4011B2380005F088F835E0022189
:103D7000380005F019F8804634E0FEF78FFD002882
:103D800033D0012342465A4011B2380005F0EAF818
:103D90002BE00121380005F007F880464346512BFF
:103DA00029D90134012C32DC231D5B00EB189A78F1
:103DB000DB781B0213431B041B145A1CF1D02A4A44
:103DC00017685A00D3189B00FF180423FA5E502A84
:103DD000BBDD90464346512BBDD90623FA5E502ADF
:103DE000C5DD90464346512BC7D90823FA5E502AB9
:103DF000CFDD9046D2E7FEF751FD0028D1D0012358
:103E000042465A4011B2380005F072F8C9E70E3543
:103E10000136164B1B88B3420ADD280004F024FE4D
:103E2000002886D1FEF73AFD00288AD10024B9E7A0
:103E3000C0BCB946B046F8BD44130320082F032088
:103E4000B02A032040AD0310892902104CAD0310A5
:103E50005CAD03103529021068AD031074AD03107A
:103E6000F82E032030F80220B4140320002F032082
:103E700010B5134B1C88002C05D080231B059C46D5
:103E80006444A40009E0002407E00020FEF7FEFAE5
:103E90002000FFF7CFF906E00024094B9C420BD02D
:103EA000A378092BF1D02488002CF5D080231B05A2
:103EB0009C466444A400F0E70120FEF7E7FA10BD39
:103EC000941A032070B5314B1D88002D1DD080231E
:103ED0001B059C466544AD0007E00024AB78092B28
:103EE0000FD0280003F0BEF82500284B9D420ED0CD
:103EF0002B88002BF1D080221205944663449C004D
:103F0000ECE72800FCF7D8FAEBE70025EDE702F034
:103F1000F7FF0FE0FEF71AFC00254C23C5522000E6
:103F2000FEF714FC5023C5520FE00923A3702000B4
:103F300002F0F8FFFEF7B2FC002826D1FEF730FEB3
:103F400004008269124B1A42E4D02000FBF794FE71
:103F5000A2690F4B1A42E8D10E4B1D682289D3008B
:103F60009B189B00EE5E2000FEF7F0FBB603066395
:103F70002289D3009B189B00ED180223ED5E2000E0
:103F8000FEF7E4FBAD034563CFE770BD941A032051
:103F9000010000104413032070B5354B1C88002C21
:103FA0005DD080231B059C466444A40023E00025CB
:103FB0001D2D09DC2F4B6A00D65A2000FEF708FCA5
:103FC000864201D00135F3E71D2D0CDC0020FEF701
:103FD000C8FA2000FFF720FB05E00020FEF7C1FA39
:103FE0002000FFF719FB2488002C3AD080231B0502
:103FF0009C466444A4001E4B9C4234D0A378082BFA
:10400000F1D89B001C4AD3589F460120FEF7A9FA1D
:104010002000FFF733FBE6E70220FEF7A2FA2000BC
:10402000FFF756FBDFE70320FEF79BFA2000FFF7C0
:104030007FFBD8E70420FEF794FA2000FFF7B0FBDF
:10404000D1E70520FEF78DFA2000FFF7D1FBCAE784
:104050000620FEF786FA2000FFF7F2FBC3E70024F4
:10406000C9E70024C7E70720FEF77BFA70BDC0460A
:10407000941A0320782C012080F7041070B516E004
:1040800005212820DEF7DCFC0400FEF7CDFFA56843
:104090002000FEF79DFBE882A378002B01D00123CE
:1040A000A370200002F03EFF2000F5F75FF8FEF756
:1040B00066FCFF231840072866D88000344B1B5845
:1040C0009F4605212020DEF7BBFC0400FEF7D4FF4D
:1040D000A5682000FEF77CFBE8820223A370200085
:1040E00002F020FFE3E705212020DEF7A9FC040011
:1040F000FEF7E4FFA5682000FEF76AFBE8820723CD
:10410000A370200002F00EFFD1E705212820DEF782
:1041100097FC0400FEF7F8FF65682000FEF758FBE7
:10412000E882A378002B01D00323A370200002F0C3
:10413000F9FE2000FDF74CFAB9E705211C20DEF757
:104140007FFC0400FFF710F80523A370200002F0A5
:10415000E9FEACE705211C20DEF772FC0400FFF746
:1041600023F80623A370200002F0DCFE9FE7052160
:104170001420DEF765FC0400FFF736F80823A3706F
:10418000200002F0CFFE92E700BE90E770BDC0466F
:10419000A4F7041010B5104B1B68002B02D00E4B77
:1041A000186810BD0C4B812252051A600A4B1C681E
:1041B00088235B059C42F2D280228021920049052F
:1041C00020000FF00FFF0028E9D0034B802292035C
:1041D000944664441C60E9E7E43D0120F8B5CE460E
:1041E000474680B505000C00FFF7D4FF021F374B90
:1041F0001E68374B1868017843781B020B4381789F
:1042000009041943C3781B060B43B14699440023A4
:1042100014E0D80028180026066046600133507864
:104220009842F6DCDA00AA18081D106057600A1FD1
:10423000012100E0002100293AD00133A34237DAFE
:1042400011785329F6D15078984225DBA04225DA1F
:104250009778D17809027F1804214942C91B511867
:1042600089451DD80E78B72E1CD14E78B0421BD18F
:104270008878844655207840C0B2844516D1C878E5
:104280008446381280465620404246467040C0B2AE
:104290008445C4D00021CEE70021CCE70021CAE745
:1042A0000021C8E70021C6E70021C4E70021C2E7DA
:1042B000A34206DADA00AA18002111605160013326
:1042C000F6E7C0BCB946B046F8BDC0469023002012
:1042D000482B0320F0B5DE4657464E464546E0B52E
:1042E000A1B00400884617000393082110A8FFF727
:1042F00075FFFFF74FFF0500002300220292002602
:104300000AE0A34213D0DA0010A98C466244526836
:104310000832B61802930133072B0AD8DA0010A925
:104320005258002AF7D0A342EBDA151FE9E70293AF
:10433000F1E76E4B19686E4B1868027843781B02E0
:104340001343827812041A43C3781B0613438A4628
:104350009A44FFF71FFF5346C01A831B9946082350
:104360009A46BA44634852464946E7F781FDCA4532
:1043700007D9002021B0F0BCBB46B246A946A046F2
:10438000F0BD0AF013FD04235B42DB1B9946A944F0
:10439000594853462A004946E7F76AFD029BA34263
:1043A00031DDDB0010AA995800296CD0E30010AA77
:1043B0009B58002B6DD0043B9A4604394346002B92
:1043C00069D008235B42DB1B9B46AB4453465B1A18
:1043D000002B62DD5A46D21A07920891099347488A
:1043E0005E46019600925246E7F742FD099AB21ADC
:1043F000D3459B415B420193039B00935B460121A4
:1044000007A80FF031FF4346002B4CD005AA5323D9
:104410001370E4B25470F8B29070390AC9B2D17016
:1044200006ABB7261E705C7055246040987056200D
:1044300040424140D970291F0791089204220992F5
:1044400049460A9141460B910C9708246442E41BAB
:104450002C190D940E930F922948E7F7D9FC0123EC
:104460000193039B00932B002200032107A80FF068
:10447000FBFE2448E7F7CCFC0AF0FAFC2248E7F7F9
:10448000C7FC012076E7214B214A22482249E4F764
:10449000F1FFAA4691E7AB4698E7204B1C4A1D481E
:1044A0001F49E4F7E7FF029BA342E2D1E30010AA11
:1044B0009B58002BDDD01B482100E7F7D9FC0023D7
:1044C000069310ABE400E2581B195B68D218079200
:1044D00006AB089304230993131D0121019103994D
:1044E0000091012107A80FF0BFFEC2E79023002032
:1044F000482B0320C0AD0310D8AD031028AE031025
:1045000050AE031088AE0310A0AE0310F4AD03103C
:10451000C4F7041004AD0310D30A00000CAE03105E
:10452000D80A000078AE0310827AC37A1B021343C4
:104530001B041B145A1C0ED0084A10685A00D318CA
:104540009B00074A1268D3180A229A5ED3009B1870
:104550009B00C01870470020FCE7C04644130320AE
:10456000B4140320027B437B1B0213431B041B1464
:104570005A1C0ED0084A10685A00D3189B00074AEC
:104580001268D3180A229A5ED3009B189B00C018A9
:1045900070470020FCE7C04644130320B4140320F6
:1045A00010B58B0402D48913018010BD024B034A5D
:1045B0000348B821E4F75EFFE8A60310D0F8041022
:1045C00008A7031010B58B0402D48913418010BDD5
:1045D000024B034A0348C021E4F74CFFE8A603104E
:1045E000B4F8041008A7031070B5104B1B885B4388
:1045F0000733DA1707241440E418E41005B2280042
:10460000DEF7E2F884420BDCAD00094B1B685B5916
:104610001B021B0A074A1268D318074A136070BDB1
:10462000064B074A07480849E4F724FF082F0320F0
:1046300040F9022090230020840B0320CC49031072
:1046400094F80410C0AE0310EB03000010B504B2E0
:104650002000DEF7B9F88008064B1880A400064B4E
:104660001B681B591B021B0A044A1268D318044A10
:10467000136010BD162F032040F902209023002064
:10468000741C032010B500B28300094A1268D35885
:104690001B021B0A074A1468E418DEF795F80C2180
:1046A000E6F71EF9044B1880044B1C6010BDC04691
:1046B00040F90220902300200A2F032048130320F2
:1046C00010B504B22000DEF77FF8C30F18184010B1
:1046D000064B1880A400064B1B681B591B021B0AC3
:1046E000044A1268D318044A136010BD122F032025
:1046F00040F902209023002068180320F8B507B283
:10470000BB002A4A1268D3581B021B0A284A1568A4
:10471000ED183800DEF758F80E21E6F7E1F8254CE1
:1047200020800004030C400BC01880000521DEF738
:1047300087F9214E30602388DA00D21892000021D8
:10474000E7F7F2F91D4B1D603468002625E00023D1
:10475000E95E09042000FFF723FF0223E95E090454
:104760002000FFF72FFF0422AB5EE3710622AB5E51
:1047700023720822AB5EA3806B891F221A4092002D
:10478000A3797C218B431343A3710C22AB5E63811D
:104790000023A382013624340E35064B1B88B34216
:1047A000D5DC3800DEF738F8F8BDC04640F9022005
:1047B00090230020082F032044130320B02A032055
:1047C00010B504B22000DDF7FFFF1C21E6F788F8E2
:1047D000064B1880A400064B1B681B591B021B0AC2
:1047E000044A1268D318044A136010BD062F032030
:1047F00040F9022090230020F404032070B500B299
:104800008300224A1268D3581B021B0A204A1568EB
:10481000ED18DDF7D9FF0A21E6F762F806001D4B17
:104820001D601D4B1880002404E0A0B2FCF77CFB47
:1048300001340A35B44211DA184B1B78022BF4D03C
:10484000AA79EB791B0213431B041B14403B9BB258
:10485000192BEAD8124ADA40D207E6D5114B1B7859
:104860005BB2002B10D070BD0F4A0021D154013330
:10487000032BF8DC0D4AD25C002AF5D00A4AD25C40
:10488000002AF1D100BEEFE70023F1E740F9022052
:10489000902300207CF90220042F0320D52500203E
:1048A000BF0010035D2F0320400B0320C40703202B
:1048B00070B500B283001D4A1268D3581B021B0A50
:1048C0001B4A1468E418DDF77FFF0E21E6F708F8AD
:1048D000184D2880184B1C600404240C1F34E4106D
:1048E00005212000DEF7ACF8144B18602A88144B21
:1048F0001B889A4214D305212000DEF7A1F8114B42
:10490000186022000021E7F70FF905212000DEF7EB
:1049100097F80D4B186022000021E7F705F970BDEC
:104920000A4B0B4A0B480C49E4F7A4FD40F902205E
:1049300090230020002F032030F8022020F80220CE
:10494000082F03201CF8022024F80220FCAE0310DC
:10495000A4F80410C0AE03104202000010B50C4BC6
:1049600000221A7004B22000DDF72EFF0C21E5F7BB
:10497000B7FF084B1880A400074B1B681B591B028C
:104980001B0A064A1268D318054A136010BDC046B8
:10499000A22F03200C2F032040F902209023002097
:1049A000B414032010B500B28000154B1B681A58D0
:1049B0001202120A134B1B689B18134A136019004A
:1049C0000831124A116000215A5E120410490A602F
:1049D00002215A5E12040F490A609A880E490A8021
:1049E000DC880E4B1C805443640005212000DEF758
:1049F00027F80B4B186022000021E7F795F810BD4F
:104A000040F9022090230020402D01203C2D012060
:104A1000442D0120482D0120E42E0320E22E032006
:104A2000382D0120F0B5C64600B584B0904B1D6806
:104A3000904B00221A60002701E00E3501378E4BA3
:104A40001B88BB421ADD8B4B1E68721C1A60280043
:104A5000FFF76AFD8389013383812800FFF782FD18
:104A6000041EEAD02800FFF75FFD8442E5D0A38949
:104A70000133A3817F4B02361E60DEE77D4C206848
:104A800040000521DDF7DCFF7C4B1860002323602C
:104A900000210EE0774C2068794BCA005218920032
:104AA0001B689B1818839A898018206000229A81BD
:104AB0000131744B1B888B42ECDC6D4B1C6800256C
:104AC0001AE06B4B1A68A21A5210D3009B18990176
:104AD0005B18DB009B18D9035B18DB009B185B425B
:104AE000328BB18952186549520009688B52B389DB
:104AF0000133B3810E3401355F4B1B88AB4228DD97
:104B00002000FFF711FD002818D0594B1A68A21A8F
:104B10005210D3009B1899015B18DB009B18D90336
:104B20005B18DB009B185B42028B8189521853494A
:104B3000520009688B528389013383812000FFF77B
:104B400011FD061ED6D02000FFF7EEFC8642B8D13C
:104B5000D0E74B4B1D680023984678E0444B1A6819
:104B60002B8B1B19454909685B00595ACB005B1A0E
:104B70005B00D718D25C7B781B0213431B049B138A
:104B8000414E3168CA18CB5C5178090219439378B9
:104B9000D27812021A43120409046846DCF7CAFFED
:104BA000BA78FB781B0213431B049B133168CA18A5
:104BB000CB5C5178090219439378D27812021A43D8
:104BC000120409046846DCF7B5FF0134AB89A3423F
:104BD000C4DC039B02995818C20F12185210EA61E4
:104BE000009A01981618F40FA41964102C62274C2F
:104BF0002468121B8026B603B4466244D215244EA4
:104C00003688964200DC721E2A74021B21488446B4
:104C10006244D015002A23DB68741F4A12689B1A6D
:104C20008020800384466344DB151C48008898423A
:104C300000DC431EEB748B1A164A94466344DA1563
:104C4000002B0FDBAA7401239C46E04424350D4B56
:104C50001B88434508DD6846DCF762FF0024B5E7A2
:104C60000020D9E70022EDE704B080BCB846F0BDD3
:104C700030F80220D81B0320002F032028F8022040
:104C800044130320082F0320741C0320482D012007
:104C9000E22E03200000E0FF442D0120E42E03203B
:104CA00070B584B004000E00534B0022DA61534902
:104CB0000A6053490A6053490A60B4321A620020FC
:104CC0000CE0514AD4234343D218130098330025F3
:104CD0001D6004331D609432156001300328F0DD3F
:104CE0004A4B00215956484BD4224A439B18012273
:104CF0001A6106F0F3FA06210520DDF771FF02F0D4
:104D0000FFF8434B1B78022B50D001AB45221A70A1
:104D100030345C7008329A703036DE7000221A71BE
:104D200001A8DDF749FD040082003A4B1B689B187F
:104D3000394A1360394B00251D600A30FFF732FEF7
:104D4000201DFFF783FC20000830FFF7D7FCE01C94
:104D5000FFF704FEA01CFFF7ABFDA01DFFF7B0FCA2
:104D6000E01DFFF72DFD601DFFF78CFCFFF75AFEDD
:104D700020000930FFF738FC294B1D70294B2A4AC7
:104D80001A60601CFFF73AFD284B1B785BB2002BC2
:104D90002CD1274B00221A70264B1A7001F00AFA08
:104DA000254B1B78002B23D104B070BD092E06DCE7
:104DB000224A3300092101A8E5F7F8FCB0E7204AB0
:104DC0003300092101A8E5F7F1FCA9E70E4BD42235
:104DD00062430021D1502000F1F742F90134032C45
:104DE000D7DC184B1B5D002BF8D0EFE70024F6E76B
:104DF00003F08FFAD8E7C046582B0320DC1B0320B2
:104E0000D01B0320D41B0320C8070320522F0320EC
:104E1000D525002040F9022078F9022018F402205C
:104E2000462F0320403C0120443C01205D2F0320FD
:104E30007F2F03207E2F03206826002014AF03104D
:104E40001CAF0310C407032010B501F0D3FA00F023
:104E50008DFB05F07BFA10BD027B437B1B021343E5
:104E60001B041B145A1C0ED0084A10685A00D31891
:104E70009B00074A1268D3180A229A5ED3009B1837
:104E80009B00C01870470020FCE7C0464413032075
:104E9000B41403208279C3791B0213431B041A1430
:104EA0005B139B1A5B00104A1268D218017A437A8E
:104EB0001B020B431B041B1404335B00D3189A78AA
:104EC000DB781B0213431B041A14DB139B189B0093
:104ED000064A1268D3180A229A5ED3009B189B00D8
:104EE000034A1068C018704730F80220B414032039
:104EF000441303208279C3791B0213431B041A1441
:104F00005B139B1A5B00144A1268D21813795B0773
:104F100020D5017A437A1B020B431B041B14012189
:104F20004B401BB204335B00D2189178D3781B023C
:104F30000B431B041A14DB139B189B00074A1268CF
:104F4000D3180A229A5ED3009B189B00044A10686B
:104F5000C01870470020FCE730F80220B41403208A
:104F60004413032010B58269054B1A4200D110BDCD
:104F7000044B054A7C210548FF31E4F77BFAC04623
:104F800001000010F4670310E8F804100C68031027
:104F900010B58269074B1A4207D04179064BCA0007
:104FA000521AD2009B18586A10BDFFF7DBFFC06B86
:104FB000FAE7C046010000102CA4041030B5936835
:104FC000002B0BD11368834225D004DBD368D8179C
:104FD000C01AC00F30BDD068C00FFBE7D468002CEA
:104FE0000AD15268824218D08A4201DBD80FF1E719
:104FF000D817C01AC00FEDE71568401B5268891A10
:1050000024140014604309141B144B43984206DC1B
:1050100007D00120DEE70220DCE70220DAE70020EB
:10502000D8E70220D6E7F8B505000C00C868A968E3
:105030000012DCF706FE0600A068E9680012DCF743
:1050400000FE371A864201D13800F8BD20682B686F
:10505000C01AE1680012DCF7F4FD060068686368B6
:10506000C01AA1680012DCF7ECFD30183900DCF73B
:10507000EDFD0700E8E70000F0B5DE4657464E4676
:105080004546E0B587B0804B1B88834200DC00BEFC
:105090007E4B1A68400012187D4B1E6851884B00E9
:1050A0005B189B009B46B344128853009B189B00DF
:1050B000F61813E0BF03A8E083039846AEE002238E
:1050C000EA5E0221635E9A4200D0C4E0714B1A6826
:1050D000714B1B689A4200DCCDE00C365E4500D176
:1050E000C7E06E4B1D68B279F3791B0213431B04B2
:1050F0001A145B139B1A5B00ED18280003F022FDC5
:1051000081460028E9D1664B1A6829786B781B0222
:105110000B431B049B13D1188846A978EC78240212
:105120000C432404A4131419D35C424657783F025D
:105130001F433F049378D17809021943594B09045E
:105140009A461A003800FFF739FF019023786078FB
:1051500000021843A378E178090219430904000406
:105160005246FFF72BFF019B8342B6D0029743467E
:105170009A78DB781B0213431B040393227863782D
:105180001B0213431B0442461178527812020A4351
:1051900012049B1A0493A278E3781B0213431B04A6
:1051A00042469178D27812020A4312049B1A059360
:1051B00053465968186802AAFFF700FF04003A4BEB
:1051C00019683A4B186802AAFFF7F8FE844284D0A7
:1051D0002800FFF741FE00284DD02B795B074AD508
:1051E0003000FFF757FE05003000FFF783FE040094
:1051F0002A6803689A4200D16FE70222AB5E02225E
:10520000875EBB4200DB55E79F030022AB5E0022B6
:10521000A05E834200DC4FE79B03984647452ADDAA
:10522000204802A9FFF7FFFE82460023EA5E002124
:10523000635E9A4200D142E71D4B18684346181A34
:105240005146DCF703FD144B1B68834200DB36E755
:10525000114B186033E7164B1868381A5146DCF7C3
:10526000F5FC0C4B1B68834200DC2FE7094B1860F0
:105270002CE701239946484607B0F0BCBB46B2462E
:10528000A946A046F0BDC046122F0320681803208F
:1052900048130320C01B0320982E012030F8022061
:1052A000741C03203C180320101A03200C1A03203E
:1052B000C014032070B580231B0204001C40184258
:1052C0000AD0431C04D0204B1840FFF7D5FE70BD18
:1052D0000020FFF7D1FEFAE71C4B1E68C5002D1A0F
:1052E000AD0076191A4B59681868320003F09EF821
:1052F000022800D00400154B1B685B1922000C32F9
:105300005200D15C9B18587800020843FFF7D2FF87
:105310000028DCD00F4B19680F4B1868320003F0DF
:1053200085F8A0420ED0094B1B685B19012254403E
:105330000C346400E25C1B19587800021043FFF73C
:10534000B9FFC4E70120C2E7FF7FFFFFF404032099
:105350003C180320101A03200C1A0320F8B505008E
:105360000C000389D800C018C3001B1A9A019B18AF
:10537000DB001B18DA03D21AD20011182389D800D7
:10538000C018C3001B1A9A019B18DB001B18DA0314
:10539000D31ADB001B18234A12884A43D318D910AA
:1053A00007221A40012393401F4A1268525C13429D
:1053B00005D01E4A1368013313600020F8BD1B4A54
:1053C00053680133536003F063FC194A13780133C7
:1053D00013706E692800FFF7DBFD36188010361A4F
:1053E000144B1E6067692000FFF7D2FD3818801B40
:1053F000114B1860BF1B114B1F60EE68104B1E60F5
:1054000028695860E1680F4A116022690E4C2260D9
:10541000891B9960121ADA600C4B18880138FFF763
:1054200049FFCBE7082F0320840B0320B814032087
:1054300074280020C0140320C01B0320982E0120D4
:105440003C1803200C1A0320101A0320062F0320F7
:10545000827AC37A1B0213431B041B145A1C0ED0FE
:10546000084A10685A00D3189B00074A1268D318DC
:105470000A229A5ED3009B189B00C0187047002038
:10548000FCE7C04644130320B4140320027B437B93
:105490001B0213431B041B145A1C0ED0084A10682D
:1054A0005A00D3189B00074A1268D3180A229A5E42
:1054B000D3009B189B00C01870470020FCE7C04633
:1054C00044130320B41403200A4B1B785BB2002B57
:1054D00007D0084B00221A70074B1A60074B163290
:1054E0001A60054B1B680360044B00229B5E0B8017
:1054F0007047C04640280020A01B0320A41B0320A7
:1055000010B58269054B1A4200D110BD044B054A03
:105510007C210548FF31E3F7ADFFC04601000010D4
:10552000F4670310DCFB04100C68031010B50028AE
:105530000FD0094A094BC318934204D8830702D1FC
:105540008003000C10BD064B064A0748CC21E3F748
:1055500091FF0020F6E7C046FCFF0300FCFFFFDFE1
:105560005C4B0310B8FB0410A091031070470000BF
:10557000C300181880000F4B1B681B181B8B5B188F
:105580000D4909685B005B5AD900C91A49000B4BE9
:105590001B685B18043252009A189178D3781B026A
:1055A0000B431B041A14DB139B189B00044A10685E
:1055B000C01870474413032028F8022030F8022056
:1055C000B414032010B5144B1C68C3001B189B00B7
:1055D000E3181B8B5B18114909685B005B5AD90003
:1055E000C91A49000E4B1B685B18043252009A1806
:1055F0009178D3781B020B431B041A14DB139B18FE
:105600009B00084A1268D3180A229B5ED800C01873
:105610008000201810BDC0464413032028F8022043
:1056200030F80220B4140320C300181880000C4B7B
:105630001B681B181B8B5B180A4A12685B009A5A7E
:10564000D3009B1A5B00084A1268D3181A795B7959
:105650001B0213431B041B14042018407047C04650
:105660004413032028F8022030F8022070B504000B
:105670000D0003795B0708D5FFF7EAFEA84200D0CA
:1056800070BD2000FFF702FFFAE70020F8E70000F6
:1056900070B505000023C65EB603002400E00134A7
:1056A000AB89A34217DD0D4B18682B8B1B190C4AD5
:1056B00012685B009A5AD3009B1A5B00C01829003D
:1056C000FFF7D4FF0028EAD00022835E9B03B34299
:1056D000E5DA1E00E3E7300070BDC04630F8022076
:1056E00028F8022070B50500104E002400E00134B7
:1056F000AB89A34217DD0E4B18682B8B1B190D4A83
:1057000012685B009A5AD3009B1A5B00C0182900EC
:10571000FFF7ACFF0028EAD00022835E9B03B34270
:10572000E5DD1E00E3E7300070BDC04600000CFE62
:1057300030F8022028F80220F0B599B00600019157
:105740000C000027002508E01C000022835E9B035C
:10575000BA0002A9535001370135B389AB421BDDB2
:10576000164B1868338B5B19154A12685B009A5AFE
:10577000D3009B1A5B00C0183100FFF777FF0028A9
:10578000EAD00022835E9B03A342E5DD152FDBD028
:10579000162FDAD100BED8E7002F0CD002980123D3
:1057A00000E00133BB4207DA9A0002A95258824254
:1057B000F7DA1000F5E7019819B0F0BD30F80220D3
:1057C00028F8022070B50500104E002400E00134D6
:1057D000AB89A34217DD0E4B18682B8B1B190D4AA2
:1057E00012685B009A5AD3009B1A5B00C01829000C
:1057F000FFF73CFF0028EAD00222835E9B03B342FE
:10580000E5DA1E00E3E7300070BDC046FFFFFF7F12
:1058100030F8022028F8022070B505000026002488
:1058200000E00134AB89A34217DD0D4B18682B8BC8
:105830001B190C4A12685B009A5AD3009B1A5B0032
:10584000C0182900FFF712FF0028EAD00222835E69
:105850009B03B342E5DD1E00E3E7300070BDC046A8
:1058600030F8022028F8022010B5037A447A240286
:105870001C4324042414481C00E00130084B1B88FE
:1058800083420ADD074AC3001B189B001268D31825
:105890000A229B5E9C42F0D101E00120404210BDF3
:1058A000082F03204413032070B505000E000024C8
:1058B00000E00134AB89A34216DD0C4B18682B8B3A
:1058C0001B190B4A12685B009A5AD3009B1A5B00A3
:1058D000C0182900FFF7CAFE0028EAD00422835E20
:1058E000B342E6DA1E00E4E7300070BD30F8022073
:1058F00028F8022070B50C001500C94B1E68C300C3
:105900001B1A5B00F6181000FFF7FAFD4E23C35A6E
:10591000002B14D16B79102B04D004D31F3BDBB2C6
:10592000042B00D870BD300003F0CEF8582806D004
:105930000EDC0A2803D0272801D00428F2D1300039
:1059400003F0C2F88D28EDD88000B64B1B589F4657
:105950006128F4D0E6DB7D380128F0D9E2E70321A5
:105960003000F3F755FE300003F048F8DAE7022183
:105970003000F3F74DFE300003F040F8D2E700218D
:105980003000F3F745FE300003F038F8CAE7032192
:105990003000F6F751FC300003F030F8C2E7042184
:1059A0003000F3F7B5FC300003F028F8BAE7002127
:1059B0003000F6F731FE300003F020F8B2E70022A5
:1059C00001213000FBF71AFE300003F017F8A9E7B9
:1059D00000213000F7F782FF300003F00FF8A1E755
:1059E000FF213000F7F77AFF300003F007F899E75E
:1059F00001213000F3F70CFE300002F0FFFF91E7C9
:105A00003000F7F709FF300002F0F8FF8AE70021C5
:105A10003000F6F711FC300002F0F0FF82E70022C0
:105A200003213000FBF7EAFD300002F0E7FF79E7E1
:105A300003213000F3F76CFC300002F0DFFF71E768
:105A400005213000F6F7F8FB300002F0D7FF69E7D8
:105A500023213000F7F742FF300002F0CFFF61E76B
:105A600002213000F6F7E8FB300002F0C7FF59E7EB
:105A700006213000F6F7E0FB300002F0BFFF51E7EF
:105A800001213000F6F7D8FB300002F0B7FF49E7FC
:105A90002A002100300001F009F9300002F0AEFFC9
:105AA00040E701213000F3F733FC01213000F6F725
:105AB000C3FB300002F0A2FF34E702213000F3F70D
:105AC00027FC300002F09AFF2CE7F0F77FFB29E774
:105AD000002200213000FBF791FD300002F08EFF24
:105AE00020E73000FBF74EFD300002F087FF19E79A
:105AF00009213000F6F7A0FB300002F07FFF11E72C
:105B00003000F3F77FFC300002F078FF0AE707214E
:105B10003000F6F791FB300002F070FF02E7082139
:105B20003000F6F789FB300002F068FFFAE630003B
:105B3000F7F78EFE300002F061FFF3E6052130003A
:105B4000F3F766FD300002F059FFEBE60621300066
:105B5000F3F75EFD300002F051FFE3E60121300073
:105B6000F6F75AFD300002F049FFDBE6072130006E
:105B7000F3F74EFD300002F041FFD3E60421300080
:105B8000F6F75AFB300002F039FFCBE60022042181
:105B90003000FBF733FD300002F030FFC2E6F0F7D3
:105BA00021FBBFE62800FFF7ABFC4E23C35A002BB6
:105BB00000D0B7E62A002100300001F077F830006D
:105BC00002F01CFFAEE60A213000F6F735FB30008C
:105BD00002F014FFA6E605213000F3F799FB300030
:105BE00002F00CFF9EE602213000F3F791FB99E6EC
:105BF00003213000F3F78CFB94E63000F3F702FC4E
:105C000090E602213000F3F703FD8BE6012130001E
:105C1000F3F7FEFC86E604213000F3F779FB81E61A
:105C200030F80220F4F8041023213000F7F756FE74
:105C300078E600213000F7F751FE73E6FF213000CF
:105C4000F7F74CFE6EE601213000F6F7F5FA69E64B
:105C500000213000F6F7F0FA64E606213000F6F78E
:105C6000EBFA5FE603213000F3F7D2FC5AE600229C
:105C700000213000FBF7C2FC54E600220121300075
:105C8000FBF7BCFC4EE63000FBF77CFC4AE600214B
:105C90003000F3F7BDFC45E603213000F6F7CCFAFF
:105CA00040E607213000F6F7C7FA3BE6082130004E
:105CB000F6F7C2FA36E609213000F6F7BDFA31E60A
:105CC000002203213000FBF799FC2BE60521300070
:105CD000F6F7B2FA26E62A002100300000F0E6FFCF
:105CE00020E602213000F6F7A7FA1BE60521300076
:105CF000F3F78EFC16E606213000F3F789FC11E677
:105D000007213000F3F784FC0CE600220421300068
:105D1000FBF774FC06E62800FFF7F2FB4E23C35A9C
:105D2000002B00D0FEE52A002100300000F0BEFF6D
:105D3000F8E504213000F6F77FFAF3E50A21300098
:105D4000F6F77AFAEEE5C04610B50C00FFF7D8FB7F
:105D50004E23C35A002B04D1200002F0B5FE2E289A
:105D600010D1200002F0B0FE2E280CD02F2813D026
:105D7000182807D103212000F6F75EFA0021200041
:105D800000F0C4FB10BD03212000F3F741FC01210A
:105D9000200000F0BBFBF5E7002203212000FBF709
:105DA0002DFC0021200000F0B1FBEBE770B50400F2
:105DB000334B1A6800680189CB005B189B00D1182F
:105DC0004569D35E9B039D4241D18B795B06DB0E17
:105DD0001C331F2215001D400C2D4ED8AD00294B41
:105DE0005B599F46A36B002B31D1274B1B68DB0609
:105DF0002DD10A2300220021F7F7B2FA27E0A36B86
:105E0000002B24D1204B1B68DB0620D10523002268
:105E10000021F7F7A5FA1AE0A36B002B0AD11A4B61
:105E20001B68DB0613D12068142300220021F7F73A
:105E300097FA0CE0F3F74CF9042808DCEFE79C2212
:105E4000A3580133A3508B79203A93438B7170BDD3
:105E50008C22A35802218B43A3500B4B1B68DB06FB
:105E600005D0236A0A2BF2DCF0F7B0F9EFE7142330
:105E700000220021F7F774FAF3E700BEE7E7C04617
:105E8000441303202CFB041018F40220F8B5CE466E
:105E9000474680B5654B1B78012B02D000239846FE
:105EA00039E0634A1368013B1360002BF6D1F0F729
:105EB0008DF9F3E75F4B604A60486149E3F7DAFA2E
:105EC000202D1FD85F4B5955013500243457AC4263
:105ED0001EDB0123F35699467778F1785A4B186800
:105EE000E4F7D6FC401901344B46E11AE4F7D0FC44
:105EF000791849B2B378002BE2D07F2DDAD8534B12
:105F00005955E1E7524B4C4A4C485249E3F7B2FA33
:105F100001239C46E0444346152B06D843469E0089
:105F20004D4BF61801257557CFE74C4A13880133BE
:105F30001380002426E04A4A61000B199B009B58FD
:105F4000987ADB7A1B0203431B041814DB131B181B
:105F50009B000919890052180621515E414A1068B8
:105F6000C01802F0C5FF3E4D63001B199B00ED18E1
:105F7000A868172104F0AEFF0C2200212800E5F7E5
:105F8000D3FD01340F2C4CDC354B6200121992000A
:105F90009B185B79002BF4D0013BDBB2304A6100E7
:105FA0000919890052185371002BEAD12C4B5B1848
:105FB0001B79012BBFD0022B1AD0002BD3D1284A3A
:105FC00061000B199B009B58987ADB7A1B020343F4
:105FD0001B041814DB131B189B00091989005218A5
:105FE0000621515E1F4A1068C01802F047FFBAE749
:105FF0001B4A61000B199B009B58987ADB7A1B02A5
:1060000003431B041814DB131B189B000919890098
:1060100052180621515E134A1068C01802F0A2FF00
:10602000A1E7C0BCB946B046F8BDC046832F0320E7
:106030000CF4022024AF0310C8FB04104CAF031073
:10604000620400008C2A032018F40220C42A0320D2
:1060500088AF031065040000E8FB0410F82E03204D
:10606000302F0120B4140320F0B5D6464F464646E3
:10607000C0B582B080460026012464424EE0484804
:10608000E5F7C6FE0126300002B0E0BCBA46B146D4
:10609000A846F0BD013665E04248E5F7B9FE2B00A1
:1060A00042466946023101A8FFF70EFA0621202078
:1060B000DCF7C6FC060000F035FF3000FFF736FACB
:1060C000F88207239A46B37004333371002399464C
:1060D00073710133F360B76080273F02F7616B464D
:1060E00002331B88B3824B463361019BB3610621A7
:1060F0002020DCF7A5FC060000F014FF3000FFF7BD
:1061000015FAE8825346B3704B4633717371013B05
:10611000F360B560F761019BB36101262100404641
:10612000FFF7A2FB041EAEDB1F4B1D68E3001B192B
:106130009B00ED18EB8A002BF0D11C4B1B68994695
:106140001B4B1B689A462B8B5B0052469B5AD80010
:10615000C01A400048442900FFF788FA071E00D102
:106160008DE70026BB89B34218DD3B8B9B195B0092
:1061700052469B5AD800C01A40004844FFF786F99F
:10618000854200D186E7002800D185E70022835EA2
:106190009B030193C2796B465A8087E70126BDE7CE
:1061A000ACAF031008B003104413032030F80220F2
:1061B00028F8022070B5604B1B68002B0CDD5F4A8D
:1061C000127852B2002A07D05D4A012111705D4A4F
:1061D00053435D4A136002E0594B00221A705B4B37
:1061E0001C68002504E02000F7F7AEFA01352434DE
:1061F000574B1B88AB4245DDA3797C221A42F5D070
:106200005B06DB0E112BF1D89B00524AD3589F46F8
:1062100000220F212000F7F7CFFAE7E70022232121
:106220002000F7F7C9FAE1E700220F212000F7F775
:10623000C3FAA3797C22934310221343A371D5E7B9
:106240002000F7F7B8FBD1E7434A13680133136026
:10625000CCE72000F3F704FCC8E70122232120004B
:10626000F7F7AAFAC2E701220F212000F7F7A4FAF4
:10627000BCE729002000F3F713FCB7E72000F7F78D
:1062800029FAB3E7354B00221A80354B1C680025EC
:106290001BE0334B1A68A21A324B9A4225DC52108B
:1062A000D3009B1899015B18DB009B18D9035B187E
:1062B000DB009B185B4229480021425E2A495600B8
:1062C0007352013202800E340135284B1B88AB42D9
:1062D00011DD200002F0F8FB3028F4D11F4B002222
:1062E0009B5E3F2BD5DD00BED3E7214B214A2248E0
:1062F0002249E3F7BFF8002304E0214A59000020B7
:10630000885201331D2BF8DD002304E01D4A59009B
:106310000020885201331D2BF8DD002409E06000C5
:1063200000198000184BC0180C220021E5F7FCFB77
:1063300001340F2CF3DD70BD401B03205D2F0320C3
:10634000832F0320340800000CF4022044130320A0
:10635000082F032060FB0410DC1B0320022F032006
:1063600030F80220F2FF0D0034F80220002F032045
:1063700080B00310A8FB04104CAF0310D40500003C
:10638000782C0120B42C0120302F0120827AC37A8E
:106390001B0213431B041B145A1C0ED0084A10681E
:1063A0005A00D3189B00074A1268D3180A229A5E33
:1063B000D3009B189B00C01870470020FCE7C04624
:1063C00044130320B414032010B58269054B1A420C
:1063D00000D110BD044B054A7C210548FF31E3F78D
:1063E00049F8C04601000010F467031050FE041085
:1063F0000C680310F0B583B01D4B1B78022B07D03F
:10640000032B09D0012B01D0012402E0022400E07B
:1064100003240020002302E00224FAE70133272BA3
:1064200019D8144A5900C9185218927852B2A24287
:10643000F4DC421C01920F4A0E005556AC460E4D3C
:106440004700614679539219527852B20199490036
:1064500002304A53E2E7C30F1B185B10074A137060
:10646000054B400001225242C25203B0F0BDC0466B
:10647000D52500206CFE0410CC180320A42F032087
:10648000F8B5002400E001340F2C0FDC1B4D660032
:106490003619B600AD196D79002DF4D0174E650090
:1064A0002D19AD00AD598542EDD125E0FF2B0CDC57
:1064B00000250F2D1FDC114C6E007619B600A419B3
:1064C0006479002C07D00135F3E70D4B0D4A0E48D7
:1064D000A421E2F7CFFF094C6E007719BF003851B5
:1064E0007719BF00E7193971FA807B71FFF74EFF0A
:1064F0001C30B86000E000BEF8BDC046302F01205F
:1065000094B003105CFE0410A0B00310F0B5D646A2
:106510004F464646C0B581468A46002936D04D4B87
:106520001A684B46997ADB7A1B020B431B04191439
:10653000DB135B189B0090469844434604229A5E06
:10654000502A26DD1500434608229A5E502A26DD91
:106550001600434606229A5E502A26DD170048465A
:1065600002F0B2FA0B2826D0172100243A4B1B78F0
:106570005B00A34230DD394B6200D35EAB421CD0DE
:10658000B34237D0BB424DD00134EFE702F036FAC8
:10659000C5E70021404602F007FC0500D3E70121D2
:1065A000404602F001FC0600D3E70221404602F01B
:1065B000FBFB0700D3E71821D7E7294B986804F0C5
:1065C00089FC01236340254A5B00995E404602F046
:1065D00055FC5346002B04D1E0BCBA46B146A84650
:1065E000F0BD1E4B6400E25E232300214846FFF706
:1065F00047FFF1E71A4B986804F06CFC01236340F5
:10660000164A5B00995E404602F072FC5346002B2E
:10661000E2D0124B6400E25E232301214846FFF7DB
:106620002FFFD9E70E4B986804F054FC0123634018
:106630000A4A5B00995E404602F094FC5346002BE8
:10664000CAD0064B6400E25E232302214846FFF7CE
:1066500017FFC1E7B4140320A42F0320CC18032094
:10666000302F012070B505000C00002A05D008006D
:1066700002F02AFA7C2800D0F7E22800FFF7A4FEF7
:106680004E23C35A002B10D123799B0601D500203D
:1066900070BD200002F018FA012806D0002800DCA6
:1066A000E5E22038022800D9E3E2200002F00CFAEB
:1066B00083280CDC002806DD832800D9DBE280007B
:1066C000C24A13589F460120E2E70120E0E78A28EA
:1066D00000D1B6E21CDC892800DDCEE2842815DB7F
:1066E0008438012383402A221A4200D07EE1163AE0
:1066F0001A4200D096E2DB07E7D50A212000F5F721
:106700009BFD002800D087E20120C1E70120BFE700
:106710008B2800D19FE28C2808D10C212000F5F7AE
:106720008BFD002800D070E10120B1E70120AFE728
:1067300029002000F3F76AF80120A9E700212000D2
:10674000F5F76AFF002801D10120A1E70021200010
:10675000FFF7DCFE01209BE72000FFF785FC002807
:1067600001D1012094E700212000FFF7CFFE012096
:106770008EE700212000FFF7C9FEEFF727FD01207B
:1067800086E7202202212000FAF738FF002801D1F5
:1067900001207DE700212000FFF7B8FE012077E708
:1067A000182202212000FAF729FF002801D1012038
:1067B0006EE700212000FFF7A9FE012068E7042111
:1067C0002000F5F739FD002801D1012060E7002104
:1067D0002000FFF79BFE01205AE700220321200042
:1067E000FAF70CFF002801D1012051E70021200019
:1067F000FFF78CFE01204BE7002201212000FAF771
:10680000FDFE002801D1012042E700212000FFF712
:106810007DFE01203CE701212000F5F70DFD002859
:1068200001D1012034E700212000FFF76FFE012095
:106830002EE700212000F2F7EBFE002801D1012015
:1068400026E700212000FFF761FE012020E700215C
:106850002000F2F75DFD002801D1012018E700219A
:106860002000FFF753FE012012E702212000F5F778
:10687000E3FC002801D101200AE700212000FFF7F6
:1068800045FE012004E703212000F2F741FD002826
:1068900001D10120FCE600212000FFF737FE012096
:1068A000F6E602212000F2F7B3FE002801D1012014
:1068B000EEE600212000FFF729FE0120E8E6002196
:1068C0002000FFF723FEEFF78DFC0120E0E6092111
:1068D0002000F5F7B1FC002801D10120D8E6002105
:1068E0002000FFF713FE0120D2E603212000F5F778
:1068F000A3FC002801D10120CAE600212000FFF7F7
:1069000005FE0120C4E600212000F5F795FC0028D3
:1069100001D10120BCE600212000FFF7F7FD012096
:10692000B6E603212000F2F773FE002801D1012012
:10693000AEE600212000FFF7E9FD0120A8E60521D1
:106940002000F2F765FE002801D10120A0E6002119
:106950002000FFF7DBFD01209AE606212000F2F778
:1069600057FE002801D1012092E600212000FFF708
:10697000CDFD01208CE607212000F2F749FE00281A
:1069800001D1012084E600212000FFF7BFFD012096
:106990007EE6002204212000FAF730FE002801D113
:1069A000012075E600212000FFF7B0FD01206FE611
:1069B00001212000F5F730FE002801D1012067E613
:1069C00000212000FFF7A2FD012061E640FC041039
:1069D0000A212000F5F730FC002801D1012057E6FC
:1069E00000212000FFF792FD012051E62A00062138
:1069F0002000F2F7B3FE002801D1012048E6002173
:106A00002000FFF783FD012042E600212000FFF770
:106A10007DFD01203CE602212000F2F7F9FD00286F
:106A200001D1012034E601212000FFF76FFD012094
:106A30002EE600212000F2F76BFC002801D1012096
:106A400026E601212000FFF761FD012020E600215C
:106A50002000F5F7F1FB002801D1012018E6012103
:106A60002000FFF753FD012012E601212000F5F779
:106A7000E3FB002801D101200AE601212000FFF7F5
:106A800045FD012004E603212000F2F7C1FD0028A6
:106A900001D10120FCE501212000FFF737FD012095
:106AA000F6E5012201212000FAF7A8FD002801D116
:106AB0000120EDE501212000FFF728FD0120E7E599
:106AC00000212000F2F7A4FD002801D10120DFE51C
:106AD00001212000FFF71AFD0120D9E50321200044
:106AE000F5F7AAFB002801D10120D1E50121200002
:106AF000FFF70CFD0120CBE5182202212000FAF758
:106B00007DFD002801D10120C2E501212000FFF711
:106B1000FDFC0120BCE5202202212000FAF76EFDD9
:106B2000002801D10120B3E501212000FFF7EEFC90
:106B30000120ADE509212000F5F77EFB002801D1F9
:106B40000120A5E501212000FFF7E0FC01209FE5E1
:106B5000002203212000FAF751FD002801D1012075
:106B600096E501212000FFF7D1FC012090E50421EA
:106B70002000F5F761FB002801D1012088E5012103
:106B80002000FFF7C3FC012082E502212000F5F779
:106B900053FB002801D101207AE501212000FFF7F5
:106BA000B5FC012074E505212000F2F731FD002835
:106BB00001D101206CE501212000FFF7A7FC012095
:106BC00066E506212000F2F723FD002801D101200F
:106BD0005EE501212000FFF799FC012058E507211F
:106BE0002000F2F715FD002801D1012050E5012118
:106BF0002000FFF78BFC01204AE500220421200041
:106C0000FAF7FCFC002801D1012041E50121200018
:106C1000FFF77CFC01203BE501212000FFF776FC1B
:106C2000012035E52A0006212000F2F797FD002813
:106C300001D101202CE501212000FFF767FC012094
:106C400026E5FF212000F6F749FE01212000FFF78D
:106C50005DFC01201CE523212000F6F73FFE012109
:106C60002000FFF753FC012012E5002010E5002072
:106C70000EE500200CE501200AE5012008E5C046EC
:106C800010B58269054B1A4200D110BD044B054A6C
:106C90007C210548FF31E2F7EDFBC0460100001002
:106CA000F4670310E4FE04100C680310F8B5DE4628
:106CB00057464E464546E0B50400150092698023CC
:106CC0005B0216001E401A4200D0BFE0012900D12D
:106CD000BDE02800FFF7D4FF8346237A607A0002E4
:106CE000184300040014310098E06E692800FFF793
:106CF000C7FF4E23C35A002B08D0802212059446AA
:106D000063449B005A69B6181E613CE00023F9E712
:106D100023880024002B04D080221205944663446B
:106D20009C004E4B9C4278D0A378092BF0D163791C
:106D3000292BEDD12389DA00D218D3009B1A9F01A9
:106D4000BC466344DB009B18DF03FB1ADB009B1887
:106D50008B42DDD1EB6898462B6999466B699A4660
:106D60002269E1682800F7F7FFFB00286FD03C4B51
:106D70001B78062B02D05B461B6B6B614E235A4679
:106D8000D35A002BB1D12723524649464046F9F742
:106D9000B7FA232104F048F92000FFF771FFC36A16
:106DA000DB0CE068802212019A182E4E5100B44686
:106DB000895B120180267602B04632408A1A96001C
:106DC000B618B60021695A006746D25B1B014746D8
:106DD0003B40D21A93009B189B006A69C91880191E
:106DE0002723F9F78DFA232104F01EF94E235A4682
:106DF000D35A002B03D0212312225946CA54200013
:106E0000FFF73EFFC36A5A46D3620023936453647C
:106E1000136401261BE0002483E70131124B1B8819
:106E20008B4214DD114ACB005B189B001268D3180B
:106E30000A229B5E9842F0D1084B1C88002CEAD0B5
:106E400080231B059C466444A4006AE700263000AA
:106E5000F0BCBB46B246A946A046F8BD941A032032
:106E6000D4250020D4EB0310082F03204413032063
:106E7000202803D0542803D1533800E00020704765
:106E800001204042FBE7002804D0012804D000BEC6
:106E9000002070472020FCE75420FAE710B50028B6
:106EA0000FD0094A094BC318934204D8830702D173
:106EB0008003000C10BD064B064A0748CC21E2F7C0
:106EC000D9FA0020F6E7C046FCFF0300FCFFFFDF15
:106ED0005C4B031054FF0410A091031010B59307EE
:106EE00002D15143401810BD024B034A0348F3211D
:106EF000E2F7C0FAE0B0031024FF0410ECB0031076
:106F000010B5054C2000FFF7C9FF2080034B1C6023
:106F1000034B00221A6010BD941A0320981A032014
:106F2000901A032070B504000C4B1B681B88002BC3
:106F30000ED0802212059A18920009498A4207D180
:106F40000380064D2E68FFF7A9FF30802C6070BDCE
:106F5000044B054A05484721E2F78CFA981A0320AA
:106F6000941A032028B1031044FF0410ECB003105E
:106F70000B23837070470000F0B5C64600B50600CD
:106F8000FFF776FF041E30DB324B4200D05A002858
:106F900035D080231B059C46604485002800DBF724
:106FA000C5FC80460078E3F741FC0700072849D874
:106FB000320001002800FFF791FF05003200002198
:106FC000E4F7B2FD2301082213435BB23B43EB70AD
:106FD00043461B780122BA409343424613702DD199
:106FE0002A881C4B6400E25228E005213000DBF7C0
:106FF00027FD050032000021E4F796FD1EE0F000B9
:107000000521DBF71DFD0500FFF748FF114B62006E
:1070100098522800DBF78AFCFE230370320000211F
:107020002800E4F781FD240108231C43EC703200A2
:1070300007212800FFF752FF00230380280080BCAF
:10704000B846F0BD044B054A12210548FF31E2F76E
:1070500011FAC046901A032054B1031030FF0410F7
:10706000ECB00310F8B5DE4657464E464546E0B54F
:107070000500C378002B38D01A0739D51A09914674
:1070800007241C402F2B3AD81000FFF7FCFE060007
:1070900003006343ED1A2800DBF748FC0700007883
:1070A0000300E340DB0731D4002836D13C4B4A468D
:1070B000520093469A46D35A98462800FFF7EEFEB0
:1070C00053465A4698523B780122A2401343DBB202
:1070D0003B70FF2B2CD00222A240934257D3F0BC2E
:1070E000BB46B246A946A046F8BDDBF745FCF6E72D
:1070F0002C4B2D4A38212D48FF31E2F7BBF92C4BA0
:10710000294A9D2129484900E2F7B4F9294B264A2A
:1071100040212648FF31E2F7ADF9E3F781FB1F215B
:10712000091A32002800FFF7D9FE03889846CAE7FB
:107130004B465B001A4A98189C5A002C0BD08023AF
:107140001B059C466444A40008E0434603802800D5
:10715000DBF712FCC3E7002400E00024002CF6D08B
:10716000AC42F2D02000DBF7E1FB0078E3F758FBFC
:107170001F21091A32002000FFF7B0FE0488002CFE
:10718000EBD080231B059C466444A400E6E7320054
:1071900021002800FFF7A2FE434603809FE7C04678
:1071A000901A03206CB1031018FF0410ECB0031008
:1071B00088B10310A4B1031070B5374B1C88002CA4
:1071C00064D080231B059C466444A400324D16E025
:1071D00022882A80304B31495818314988421AD8C0
:1071E0009B031B0C9A421CD02000FFF73BFF2C880E
:1071F000002C4DD080231B059C466444A400264BE4
:107200009C4247D0A3780B2BE2D0092B39D89B00A6
:10721000244AD3589F46244B244A2548CC21E2F7E0
:1072200029F9244B1D60DFE72000F1F7D3FF25008B
:10723000DDE72000F2F744F92500D8E72000FAF74F
:1072400005FB2500D3E72000F6F728FA2500CEE756
:107250002000F6F75BFA2500C9E72000F6F798FA58
:107260002500C4E72000F4F793FF2500BFE72000C6
:10727000F6F77AFB2500BAE72000F9F77BFC25003A
:10728000B5E700BE2500B2E72500B0E700249DE782
:107290000024B4E770BDC046941A0320FCFFFFDF52
:1072A000FCFF0300F0FE04105C4B031054FF0410BD
:1072B000A0910310981A032010B51D4B1B78002BCA
:1072C00035D11C4B1B78002B21D11B4B1B78002B7D
:1072D0001FD01A4B1B78002B1DD1194B194A0021C6
:1072E0005156D4224A439B181B69012B1FD10024FD
:1072F00000E00134032C10DC134B1B5D002BF8D095
:10730000D42060430E4BC01800F0B4F9F1E700241C
:10731000F0E70024EEE70024ECE7FFF74DFFFEF76F
:10732000B5FDF9F78DFC094A13680133136010BDF0
:10733000A82F0320982F03208C2F03205E2F0320DB
:10734000C8070320522F0320C407032018F402208B
:1073500010B58269054B1A4200D110BD044B054A95
:107360007C210548FF31E2F785F8C0460100001096
:10737000F467031064FF04100C680310F8B5CE46E0
:10738000474680B505001600CC0C80231B01E3188E
:10739000134F5A00D15B1B018022520290461340CA
:1073A000C91A3000DAF74DFC81462868FFF7D0FF94
:1073B000036C4B4403646300D95B240143461C40C7
:1073C000091B3000DAF73DFC04002868FFF7C0FF16
:1073D000436C1B194364C0BCB946B046F8BDC046F7
:1073E000D4EB031070B504000068FFF7B1FF006C28
:1073F0000100DAF726FC05002068FFF7A9FF406CC2
:107400000100DAF71EFC2818E0618010E06180239B
:107410005B03984200DDE3618C23E3585B0703D4F0
:10742000354B1B78002B17D126687569A4239B0365
:107430009C46654425613000FFF78AFF436B2F4A65
:107440009A18954203DB2E4A94466344236173697C
:1074500062699B18236170BD2A4B1A6853009B1800
:1074600019015B18DB009B18DB04E569264A990CBF
:10747000895ADB0B802252021340C91AE80F4019C7
:107480004010DAF7DEFB03002279002A1FD162697F
:10749000A16952186261A42189038A4202DD6161F7
:1074A0000022A2616169A4225203914203DA62615F
:1074B000A269002A1DDDA269002A08D08021C90125
:1074C0008C466244A261002A01D10132A261206887
:1074D00045696269AD18ED182561FFF739FF436B07
:1074E000064A9A189542B6DB054A944663442361DE
:1074F000B1E70122A261DEE7A72F03200100FCFF14
:107500000000FCFF18F40220D4EB031070B5040057
:107510000068FFF71DFFC36A0821625E12049B1812
:10752000C36225686E692800FFF712FF026BF30F34
:10753000D117B2424B41DBB2194A13700626A65747
:10754000002E01D0002B10D107256557002D03D048
:10755000134B1B78002B11D10622A35E002B03D006
:107560002068C388952B16D070BD2800FFF7F0FE69
:10757000F202C16A2000FFF701FFE5E72068FFF78C
:10758000E7FEC16AEA02C0231B069C466144200054
:10759000FFF7F4FEE0E79621F8F7CAFFE4E7C046FC
:1075A000A72F032070B50400FAF7EDFE6369C0222F
:1075B000D202934203DD2A4A9446634463616269BE
:1075C000C023DB029A4200DA63610023A3612068D2
:1075D0004569FFF7BDFE026BEB0FD117AA424B4185
:1075E000204A13702000FFF7FDFEAC23E258002A6A
:1075F00028D02068824225D01369D2680169C0680A
:1076000000F0F2FF05002068FFF7A2FEC36AEA1A45
:107610001549561815498E4208D9C562A423E35866
:10762000002B16D0013BA422A35012E0002A04DB59
:107630000F4A94466344C3620BE00B4A944663448A
:10764000C36206E0A423E358002B02D0013BA4222E
:10765000A350E37A9B0701D50223237170BDC04676
:107660000000FFFFA72F03201DC771FC3A8EE3F82F
:10767000E3388E0310B504008C23C358DB0766D5AE
:107680000268916980235B010B43936123689A69C7
:10769000120609D5002121816431A1710021E17117
:1076A0009A6980218A439A612379012B55D02068F9
:1076B000FFF74EFE2123C35C002B52D0013B212259
:1076C00083542000FFF78EFE23681A89D3009B188D
:1076D0009B005E4A1268D3189B797C221A4244D1DF
:1076E0000B23E356002B44DBE37A5A0722D5DA0852
:1076F000072001001140104208D16522A256002A3D
:1077000004D05C22A25C072A36D00721504A1078A8
:10771000022836D062185E32127852B2002A09D09E
:107720005C22A25C8A4205D04A1FD2B2012A34D917
:107730005D22A1549B0733D58923E356002B32D118
:107740002000F7F73BFD89230122E2542BE0026879
:10775000936940490B40936198E72000FFF722FFAF
:107760005CE02000FFF7D2FEABE72000FEF71EFB37
:10777000B6E70022E272B7E7226B002AC6D10721E2
:10778000C4E70229C6D16622A256002AC2D05C22D2
:10779000A25C082ABED00631BCE70028CAD0C7E7E1
:1077A00089230022E2542000FAF7EDFD236B002B21
:1077B00001D001332363E36A002B01D0013BE36274
:1077C000636B002B08D0013B6363002B04D122685C
:1077D000936921490B409361236C002B01D0013B3D
:1077E0002364A36B002B01D0013BA363A423E358C4
:1077F000002B02D0013BA422A350A823E358002B66
:1078000002D0013BA822A350E36A002B0BD0802BAF
:1078100001DC1B0703D5B1232022E25410BDB123A4
:107820000022E254FAE7236C002B0BD0802B01DC02
:107830001B0703D5B1230122E254EFE7B123002255
:10784000E254EBE7B1230022E254E7E744130320BC
:10785000D5250020FFEFFFFFFFFFFBFF8279C379F3
:107860001B0213431B041A145B139B1A5B00144A7C
:107870001268D21813795B0720D5017A437A1B026C
:107880000B431B041B1401214B401BB204335B0050
:10789000D2189178D3781B020B431B041A14DB1304
:1078A0009B189B00074A1268D3180A229A5ED300DD
:1078B0009B189B00044A1068C01870470020FCE722
:1078C00030F80220B41403204413032010B5044BF5
:1078D0001B68C01A034B1B68C91A00F007FE10BDD5
:1078E000B41C0320B81C032070470000F8B5050045
:1078F0000E002B4C00E004340223E25E6B1E9A4221
:10790000F9DB0023E15EA94206DD0139B14219DC51
:10791000280001F04BFF25800222A35EB3423EDA2D
:1079200025000423E95E0139B1421FDC0223E85E31
:10793000013001F03BFF04350222AB5EB342F0DBC5
:1079400063801AE03100280001F030FF154B186801
:10795000021D1A6005E0071F04223900E4F7EAF867
:107960003800A042F7D10580468018E00223E85E87
:107970000130310001F01AFF6680A54207D10EE008
:107980000434042231002000E4F7D4F835002E1D21
:10799000044B1B68AB42F3D10434024B1C60F8BDAE
:1079A0001C150320E004032070B50D00174C00E007
:1079B00004340223E25E431E9A42F9DB0023E15EB7
:1079C000814204DD0139A94215DC01F0EFFE0222FB
:1079D000A35EAB4219DA0423E15E0139A9420EDC51
:1079E0000223E05E013001F0E1FE04340222A35ED6
:1079F000AB42F0DB09E0290001F0D8FE05E00223EC
:107A0000E05E0130290001F0D1FE70BD1C1503209D
:107A1000074B084A1A80012252425A80064A1268CD
:107A20009A80064ADA80064A083313607047C046D7
:107A30001C1503200180FFFFA81C0320FF7F00000E
:107A4000E0040320F8B504005B4B1860027843782B
:107A50001B0213431B049B13584D2968CA18CB5CA7
:107A60005078000218439378D17809021943090429
:107A70000004FFF72BFF0600A278E3781B021343F4
:107A80001B049B132968CA18CB5C5078000218436A
:107A90009378D1780902194309040004FFF716FF0F
:107AA000371A00D587E0464B1E60464B1B68F61A16
:107AB000C21A454909688D19AC464D00654504D286
:107AC0006646761BB74276D90E001B1A5B189D429C
:107AD00003D25B1B9F426ED94A428023DB059C4642
:107AE0006644F60C6244D20C384B7600F55E5200C8
:107AF000D65EB5425FD02000FFF7B0FE344B186071
:107B0000002854D00223C15E324B1B6800241A5F48
:107B100091424CDD0022815E02241A5F914246DAD6
:107B200001681A68914203D1017A1A7A914204D00D
:107B3000711E2800FFF738FF3DE042685B68534044
:107B4000254A1342F4D11C4B19688A79CB791B0260
:107B500013431B041A145B139B1A5B001F4A126821
:107B6000D218087A4B7A1B0203431B041B140433FC
:107B70005B00D3189A78DB781B0213431B041A149A
:107B8000DB139B189B00164A1068C0180823C25EBE
:107B9000502A05DD53425A41D2B2002AC8D00AE029
:107BA000012101F001F943425841C2B2F5E7711ECB
:107BB0002800FFF79BFEF8BD143C0120741C032035
:107BC000A00D0320901C0320403B0120D80005108D
:107BD000182D012040E60220FFFF00FF30F80220B0
:107BE000B4140320F8B503000421425E1204404996
:107BF00009688A4206DA06201A5E1204914210DAF7
:107C0000012000E0002000215A5E12043949096871
:107C10008A4208DD02241A5F120491424EDD0122DD
:107C200002E00220EFE7002292001218052A52D04B
:107C30003149920050564000C05E00048A1801216C
:107C400051564900C95E0904022414576400E55ED8
:107C50002D04D27852B25200D65E3604FFF736FEBB
:107C6000264F3C68041B31002800FFF72FFE3B68BD
:107C7000C21A181A061930D4214B1B681D19590055
:107C8000A94203D26D1AAE4229D91C0018188142AC
:107C900003D2401A864224D95A428023DB059C46EF
:107CA0006444E40C6244D20C164B6400E05E520063
:107CB000D15E884217D00139134B02E00222B3E7AC
:107CC000043302241A5F8A42FADB00229B5E984248
:107CD0000BDA012000E00120F8BD0120FCE70020C4
:107CE000FAE70020F8E70020F6E70020F4E7C046B6
:107CF000B41C0320B81C032044280020901C03203F
:107D0000403B0120D80005101C15032070B5574BCF
:107D10001B88834200DC00BE554B1B6840001918CD
:107D2000544A12681B5A5800C018800010188479F1
:107D3000C3791B0223431B041C145B131B1B5B0036
:107D40004D4C2468E418057A437A1B022B431B042C
:107D50001B1404335B00E3189878DB781B020343A1
:107D60001B041814DB131B189B0044480068C3183D
:107D70000A20185EC3001B189B0041480068C31806
:107D800040480360488845002D18AD005519098802
:107D90004C006418A40014190022985E80033A4A2B
:107DA0001268904218DB394B00221A60354B1B6871
:107DB0000222985E8003344A126890422ADC197AC3
:107DC000334A1278914225D0324B00221A602D4B53
:107DD000186802F005FF3FE0D97904229A5E01F0AD
:107DE0004BF92A4B1860274B1A68D3792849097830
:107DF0008B42DBD001680026925F9203914202D150
:107E000082799342D2D0244B244AF0212448FF3176
:107E1000E1F730FB197A04229A5E01F02DF91D4B2F
:107E20001860184B1A68137A194909788B42CED01A
:107E300001680226925F9203914202D182799342B5
:107E4000C5D0184B154AFD2115484900E1F712FB32
:107E50002000FFF7F7FD0C34AC42F9D3124B1A683F
:107E6000124B9A4200D900BE70BDC046122F0320AB
:107E7000681803204813032030F80220B4140320AC
:107E80004413032040E60220BC1C0320344101209F
:107E9000BF2F032050310120C0B1031070FF041028
:107EA00050B203108CB20310E00403209C15032091
:107EB00070B50400030429D4214B9D6A214B1B6833
:107EC000EB1A214A93422CD8204B1D68E3001B1B60
:107ED0009B00ED181E4B19681E4B18682A0000F015
:107EE000A5FA040003000C335B005A5DEB185878C8
:107EF00000021043FFF7DCFF01235C40601CC00060
:107F00002818FFF76FFE002810D170BD431C04D065
:107F100011482040FFF7FAFEF7E70020FFF7F6FED2
:107F2000F3E7DBF723FD074B1D60CDE70C3464005E
:107F3000635D2D19687800021843FFF7B9FFE4E785
:107F400000400540081A0320B80B0000F404032089
:107F5000B81C0320B41C0320FF7FFFFF70B5021E76
:107F600036D01C4B197800291FD001391A4B585CA8
:107F70001A4B1B78984204D2194C45002C5F94424E
:107F80000FD0154843545B0015481818134B197847
:107F90001B785BB2002B15DB104B0131197002808E
:107FA00070BD43000E481818FAE700230C480B492F
:107FB00009789942EADD0024015F9142F0D0013353
:107FC0000230F4E7074B084A0848A721E1F752FAC4
:107FD0000020E5E7582F0320F41B0320A12F0320E6
:107FE00040E5022024B30310ACFF041050B303108B
:107FF00010B5184B00221A70174BFF329A705A7046
:108000001A70164C0023E05EFFF7A8FF144B1860AF
:10801000144B19680023E25E53009B185B00CB18D9
:10802000DA78002A04D104229A5E0F4B1A8010BD20
:10803000012A08D19B88CA18CB5C527812029B187F
:10804000094A1380F3E7094B094A0A488F21E1F7EF
:1080500011FAC046A12F0320F41B0320242F032074
:10806000C8140320C02A0320262F032090B3031036
:10807000BCFF041050B3031010B5044B00229B5EEC
:1080800018184042FFF76AFF10BDC046F02E0320CB
:1080900010B5084A43001B185B001268D318DA7841
:1080A000002A04D198884042FFF758FF10BDFFF71F
:1080B00055FFFBE7C02A032010B51248DAF74CFB46
:1080C0008000114B1B681B581B021B0A0F4A1168CA
:1080D000CA18CB5C517809020B430D490B80023260
:1080E0000C490A607F2B01D9002308E00A4B0B4A98
:1080F0000B48C521E1F7BEF90A4AD35401337F2B5F
:10810000FAD910BDBCB3031040F90220902300201F
:10811000142F0320C02A0320C8B303109CFF0410AF
:1081200050B30310C42A032010B52248DAF744FBE9
:1081300080B20130204C20802048DAF73DFB83B22A
:10814000013B9BB220881B1A9BB201331BB21C4A15
:1081500013808022520093421ADC013800B2DAF711
:1081600033FB174B00229B5E2133984216D1124BF2
:108170001B88013B1BB29B00124A1268D3581B029A
:108180001B0A114A1268D318104A136000230EE02C
:108190000F4B104A1048D621E1F76CF90F4B0D4AEE
:1081A0000D48D821E1F766F90D4AD3540133202B4D
:1081B000FADD10BDECB30310EE2E0320F4B3031070
:1081C000FE2E032040F9022090230020B42A032031
:1081D000FCB3031090FF041050B303100CB4031051
:1081E0008C2A032010B52748DAF7E6FA80B201306E
:1081F000254C20802548DAF7DFFA80B2013883B2B7
:10820000234A108020881B1A9BB201331BB2214ADB
:1082100013809C00013800B2DAF7D6FA84422BD1E1
:10822000194B1B88013B1BB21B4A11689B001B4A60
:108230001268CB581B021B0AD31819480360144B51
:108240001B8801331BB29B00CB581B021B0AD218A0
:10825000144B1A60144C01212000DAF7CBFA134BAF
:1082600018602000DAF7A8FADAF7AEFAC0239B000C
:10827000984200D000BE10BD0D4B0E4A0E48EC21B6
:10828000E1F7F8F848B40310F02E032050B40310BF
:10829000F62E03200E2F032040F902209023002009
:1082A000BC2A0320B82A032090B40310442B0320D7
:1082B00058B403107CFF041050B3031010B50748E6
:1082C000DAF77AFA8000064B1B681B581B021B0A60
:1082D000044A1268D318044A136010BD98B40310FE
:1082E00040F9022090230020943B012010B5FFF7B5
:1082F000E3FE2E20E3F758FDFFF716FF2E20E3F7ED
:1083000053FDFFF76FFF2E20E3F74EFDFFF7D6FF7B
:1083100010BD7047704710B580239B00994208D369
:10832000C000090AE2F7DCFA80231B01984203D857
:1083300010BD80200001FBE780200001F8E700006D
:10834000F0B5184B1B68C01A821093009B181801D7
:108350001B1818021B18180418184000801880B247
:10836000002310E05D1C104A6E00B75A5E00B75241
:108370000E4A565DD6542B00621E9A42F2DC0C4A1D
:10838000013C147001330A4A14789C4209DD064A04
:108390005D00AA5A8242F5D1044AD25C8A42F1D1E8
:1083A000EAE7F0BDB41403206C180320AC180320D6
:1083B000A22F032010B50E4B1B68C01A801083003B
:1083C0001B181A019B181A029B181A049B185B00B1
:1083D0001B189BB2074A12781F2A07D80648540078
:1083E0002352044B501C1870044B995410BDC046C6
:1083F000B4140320A22F03206C180320AC18032010
:1084000010B58269054B1A4200D110BD044B054AD4
:108410007C210548FF31E1F72DF8C046010000102E
:10842000F4670310CC0005100C68031070B514003D
:10843000127963791B0213431B041A14002B13D106
:10844000227863781B0213431B04834209DBA37960
:10845000E0790002184300040314C017C01AC00FCB
:1084600070BDE079C009FBE7A579E3791B022B43D6
:108470001B041E14002B0CD1A078E3781B020343CD
:108480001B048B4201DBD00FEAE7D017801AC00F24
:10849000E6E7257863781B022B431B04C31AA078F8
:1084A000E5782D0205432D044D1B724012045A40FD
:1084B0006A4006D536045E4001D40020D0E7012092
:1084C000CEE719003000D9F7BCFB060023796179AB
:1084D00009021943090409142800D9F7B2FB86429E
:1084E00001DC0120BCE70020BAE7000010B50B005A
:1084F00002000A435FD000282ADB002911DB8842F2
:1085000007DD01001800FFF706FF2C4B8000C05864
:1085100052E0FFF700FF294B8000C3582848C01ADB
:108520004AE04B42984208DD01001800FFF7F3FED5
:10853000224B8000C05840423EE01900FFF7EBFE9E
:108540001E4B8000C058C0231B069C46604433E08D
:108550004242002916DB914209DA11001800FFF7A8
:10856000DAFE164B8000C3581648C01A24E01000EB
:10857000FFF7D1FE114B8000C0588023DB059C46DD
:10858000604419E04C4288420BDA11002000FFF7EA
:10859000C2FE0A4B8000C05880231B069C466044E4
:1085A0000AE021001000FFF7B6FE044B8000C3581C
:1085B0000548C01A00E0002010BDC046D0CB031013
:1085C000FFFFFF3FFFFFFF7FFFFFFFBF10B5044B23
:1085D0001B68C01A034B1B68C91AFFF787FF10BD41
:1085E000B41C0320B81C032010B5044C20600448C0
:1085F000016019001000FFF7E9FF10BDB41C032053
:10860000B81C032070B50300164A1268841AE017DC
:108610002418444014480068081AC51740196840D7
:10862000844219DB9A421BD02100D9F70FFB43117A
:108630000E4A9B009B588022D20594466344DB0C73
:108640000B4A5900895A1B01802252021340C91A51
:108650002000D9F7FBFA70BD230004001800E3E7FF
:108660000020E4E7B41C0320B81C0320D0CB031087
:10867000D4EB031070B51E4B1B68C31A8022D205C1
:10868000944663441B4A1268801A6044DB0C1A4A01
:1086900059008D5A1B01802464022340ED1AC00C3E
:1086A0004300995A00012040091A144B1868D9F761
:1086B000C8FA134B1B6898400400124B1868290035
:1086C000D9F7BFFA01002314834202DB8020C003E4
:1086D00070BD2000D9F7BAFA8023DB03984204DC8E
:1086E000FF28F5DC80204000F2E78020C003EFE7A0
:1086F000901C0320B80D0320D4EB0310700B032053
:10870000383D0120AC0D0320014B024A1A6070472E
:10871000403B012000000820014B01221A707047E5
:10872000BA2F032070B5404B00221A703F4BA02592
:108730006D001D603E4BA82119603E4B1A603E4CF7
:1087400025603E4B54321A603D4B4C321A603D4B13
:10875000A02212041A603C4BA821C90319603B4BAC
:108760001A60FFF7D1FF246820042900E2F790F88F
:10877000374B18602100A0204004E2F789F8354B00
:108780001860002305E02A4A126801323249CA54AF
:1087900001339C42F7DC00241AE0D90FC9184910B4
:1087A000611A090480231B029C466144CB17C91837
:1087B0005940214B1F4A1B6812689340D80FC018BC
:1087C00040100004D9F742FA244BA200985001341B
:1087D000174B1B68A342E0DC00251DE00023204A64
:1087E0006900491909015218135501342F2C12DC64
:1087F000A00000198001104A0E4B11681B689940B7
:10880000E2F746F8C30F1B185B10F31AE6D41F2BD0
:10881000E5DD1F23E3E701350F2D04DC0F26761B72
:10882000B6000024E2E770BDBA2F0320980E0320A3
:108830009C1C0320383D0120A81C03205C31012032
:10884000543101205831012060310120700B032088
:10885000780B0320740B0320ECF90220342C032046
:108860009C0E032010B5FFF741FD2E20E3F79CFA84
:108870002E20E3F799FA2E20E3F796FA0D4B00210C
:1088800059560D4B00201856FFF746FF00F0A4FB89
:108890002E20E3F789FA2E20E3F786FA01F0AAFCEE
:1088A000FFF738FD2E20E3F77FFA044B00221A6011
:1088B00010BDC0465F2F03201A2800203CE502208F
:1088C000F8B504000D00124B1B88002B01D0013BB2
:1088D00015E0104B18681AE00F4F3A68DE00F61AE0
:1088E000B600921929002000FFF7A0FD3B689B19F4
:1088F0000C304000C25C1B185B781B0213431A0447
:10890000EAD5064A13405B00024A1068C018F8BD59
:10891000062F032068180320F4040320FF7FFFFFC5
:1089200070B50400264B18600368DA68254B1A609E
:1089300003681A69244B1A600068FFF761FDC36A77
:10894000224A12689B18224A1360B022A156214A7B
:1089500011602169204A1160DB0C204A5900895AB4
:10896000180180256D022840091A1D4801608021E8
:1089700009018C46634459008A5A1B012B40D31AC3
:10898000184A1360B123E156002914D0164B197010
:10899000164B174A1A60002302E0154AD1540133DE
:1089A0002F2BFADD134A136801331360124A137830
:1089B0000133137070BD0C4B00221A70F2E7C046F1
:1089C000A01C0320B41C0320B81C0320941C03200B
:1089D000901C0320043F0120BC1C0320D4EB031097
:1089E000A41C0320981C03206C2F0320842A03203E
:1089F0009C1103203CE502207428002010B5134B85
:108A00001B68C01A4010C3001B189A019B18DB009A
:108A10001B18DA039B18DB001B185B420C4A1288F8
:108A20009A420CD91F221A4001219140094A5B0940
:108A30009B001268D3181A680A431A6010BD064BCF
:108A4000064A07480749E0F715FDC04630F80220FE
:108A5000002F032024F80220A4B40310B80005104E
:108A6000B8B40310E904000010B503008179C2799D
:108A700012020A4312041014002A12D00D4A12687E
:108A80009A1A5210D3009B1899015B18DB009B18AF
:108A9000D9035B18DB009B185B42074A12889A4295
:108AA00000D910BD054B064A9F210648C900E0F7D2
:108AB000E1FCC04630F80220002F0320A4B40310CC
:108AC000A4000510B8B4031010B503008179C27971
:108AD00012020A4312041014002A1ED0124A12680D
:108AE0009A1A5210D3009B1899015B18DB009B184F
:108AF000D9035B18DB009B185B420C4A12889A4230
:108B00000CD91F21194001228A405B0908490968D4
:108B10009B005B581A4200D0002010BD054B064A4E
:108B200006480749E0F7A6FC30F80220002F032092
:108B300024F80220A4B4031094000510B8B4031064
:108B40000E05000010B5164B1B68C01A4010C3007C
:108B50001B189A019B18DB001B18DA039B18DB001B
:108B60001B185B420F4A12889A420FD91F221A40E3
:108B7000012191405B090C4A9B001268D3181A68C6
:108B800011420AD10A431A60002010BD074B084A5F
:108B9000A5210848C900E0F76DFC0120F5E7C046B3
:108BA00030F80220002F032020F80220A4B4031084
:108BB00070000510B8B4031010B5134B1B68C01A31
:108BC0004010C3001B189A019B18DB001B18DA0326
:108BD0009B18DB001B185B420C4A12889A420DD985
:108BE0001F221A40012090405B09094A12689B002D
:108BF0009B581840431E9841C0B210BD054B064A11
:108C000006480749E0F736FC30F80220002F032021
:108C10001CF80220A4B4031060000510B8B40310BF
:108C20003905000010B5134B1B68C01A4010C30073
:108C30001B189A019B18DB001B18DA039B18DB003A
:108C40001B185B420C4A12889A420CD91F221A4008
:108C500001219140094A5B099B001268D3181A68E8
:108C60000A431A6010BD064B064A07480749E0F759
:108C700001FCC04630F80220002F03201CF802201F
:108C8000A4B4031050000510B8B40310450500004B
:108C900010B5054B1A881F32D210044B18680021FA
:108CA000E2F742FF10BDC046002F032020F802204B
:108CB00010B5154B1B68C01A8010C200121A930120
:108CC000D218D2001218D3039B1ADB001B180F4ACC
:108CD00012889A420FD91F221A40012191405B0944
:108CE0000B4A9B001268D3181A68114209D10A4333
:108CF0001A60002010BD074B074A08480849E0F7F2
:108D0000B9FB0120F6E7C04644130320082F0320D7
:108D100020F80220F4B403102C000510B8B403109E
:108D20005905000010B5054B1A881F32D210044BAC
:108D300018680021E2F7F8FE10BDC046082F032096
:108D400020F8022010B582B0FFF7EAFDFEF760FEC2
:108D5000FEF7CAFD00F042F901F0FEFAD8F7AAF9D1
:108D6000FFF7E0FF0D4B1B68002B13D069460C4B3F
:108D70000A0011CB11C20B4B18880138FFF798F885
:108D8000D8F798F9D8F796F901F0C6FDD8F792F917
:108D900002B010BD01F074FDE8E7C046941C03204A
:108DA0005C230510062F032070B503001000512A24
:108DB00010DC144A12689A1A921093009B181C0136
:108DC0001B191C021B191D045D196D00AD18ADB2F5
:108DD000002306E00C4B0D4A0D480E49E0F74AFB14
:108DE00001330D4A12789A420ADD0C4C5A00125B8C
:108DF000AA42F5D10A4AD25C8A42F1D101235840F5
:108E000070BDC046B414032008B50310140005104B
:108E1000B8B403106E050000A22F03206C180320C5
:108E2000AC18032010B5114B1B68C01A82109300B8
:108E30009B1818011B1818021B181804181840005A
:108E4000801880B2002300E00133094A12789A4268
:108E50000ADD084A5C00A25A8242F5D1064AD25C79
:108E60008A42F1D1012000E0002010BDB41403209B
:108E7000A22F03206C180320AC18032070B5050046
:108E80000C00512912DC0423C25E502A14DD230099
:108E9000944204D001214C4024B2944211D1934217
:108EA00015D000212800FFF785FA70BD0A4B0B4A48
:108EB0000B480C49E0F7DEFA0021FFF775FF0200CE
:108EC000E5E7094B054A06480849E0F7D3FA0021CF
:108ED0002800FFF735FAE8E708B503100000051091
:108EE000B8B40310AA05000024B50310AC050000B7
:108EF00070B505000C00512912DC0823C25E502A0F
:108F000014DD2300944204D001214C4024B2944249
:108F100011D1934215D001212800FFF74BFA70BD03
:108F20000A4B0B4A0B480C49E0F7A4FA0121FFF762
:108F30003BFF0200E5E7094B054A06480849E0F710
:108F400099FA01212800FFF7FBF9E8E708B50310BB
:108F5000ECFF0410B8B40310B205000024B50310F0
:108F6000B405000070B505000C00512912DC062381
:108F7000C25E502A14DD2300944204D001214C40EB
:108F800024B2944211D1934215D002212800FFF758
:108F900011FA70BD0A4B0B4A0B480C49E0F76AFA0C
:108FA0000221FFF701FF0200E5E7094B054A0648E9
:108FB0000849E0F75FFA02212800FFF7C1F9E8E766
:108FC00008B50310D4FF0410B8B40310B9050000AD
:108FD00024B50310BB05000070470000F8B500235E
:108FE00008E01A4A126801321949CA54194A002184
:108FF000D1540133184A12689A42F2DC174B184ACE
:109000001A60184B1C68C0231B069C466444E40C81
:1090100080231B01E318144D5A00505B1B0180276D
:109020007F023B40C01A114E3168D8F70FFE104B3B
:1090300018606300585B24013C40001B3168D8F77E
:1090400005FE40420B4B1860F8BDC0469C1C032037
:10905000F43F01200C300120A81C032008F402205A
:10906000CC1D0320901C0320D4EB031058310120A9
:10907000202D0120242D012070B50500144B1B78F4
:109080008B4201D0134803E000220025FAE70830A4
:10909000114B1B68834209D90468AC42F7D184792B
:1090A0008C42F4D10426845F9442F0D183420CD8E0
:1090B000084C1B1B8024E400A34207D0064C236805
:1090C0000833236005608171828070BD00BEF5E7C2
:1090D000BF2F0320CC1D032008F4022000B583B06D
:1090E000FF2916D800281AD0134BC31A5A10FE2B8A
:1090F0001BD86B461A7059700022835E6A465380F3
:1091000001AA009B019353881B041088184303B0E5
:1091100000BD0A4B0A4A0B484521E0F7ABF90A4B60
:10912000074A08484621E0F7A5F9084B044A0548D4
:109130004821E0F79FF9C04640E5022048B50310FA
:10914000F425051060B503109CB50310A0B50310FD
:1091500010B582B00023C25E002A13DB0F4C53000F
:109160009B185B002268D35A002B11D0013B194099
:10917000FFF7B4FF01AA019053881B04108818431D
:1091800002B010BD064B074A07485221E0F772F9BA
:10919000064B044A04485521E0F76CF9C02A032025
:1091A000CCB503100426051060B50310E0B503101C
:1091B00000B583B00022835E002B09DAFFF78EFF33
:1091C000019001AA53881B041088184303B000BD06
:1091D000FFF7BEFF0190F4E770B505002F4B0222A8
:1091E0009A5E002A1BDB2E4B186853009B185B000D
:1091F000C318DE78002E18D09B88C018740004199C
:10920000002223787F2119405218013223494978DE
:109210008A4219D8DB095B000133E418F1E7214BDE
:10922000214A22482249E0F725F99888214B00225B
:109230009B5EC01AFEF720FF184C6178FFF74EFFC7
:109240002080000C608002E05BB2002B03DB280072
:1092500005F0F0F970BD6378FF2BFBD09E4216DD60
:109260005B00C25CC01843781B021A43114B0021FB
:109270005B5ED01AFEF700FF084E7178A378C91A1A
:10928000C9B2FFF72BFF3080000C7080DFE70A4B7C
:10929000054A06480949E0F7EDF8C046243C01209C
:1092A000C02A032008B60310E425051020B60310D9
:1092B000A2030000F02E03205CB60310B5030000EB
:1092C000F0B585B060E0E04D2D68E04EAD1B013398
:1092D000ED1001950025009505F06AFCDC4B1D683A
:1092E0002D13DC4B1868DC4B1A5C531EAB4200DCC0
:1092F000951EDA4B1B78002B09D06B1C023AD8491B
:10930000095C994200DC1900914200DC8EE0D54BEB
:109310001B78002B00D097E00026D34B186800285C
:1093200000D1BCE0D14B1C60D14B1D60D14BD24A67
:1093300012681A603100FFF70BFFD04B1880000C49
:1093400058800220FFF748FFC24B1A68CC4B1B68BD
:109350000133C3498B54C04B00219954C949CA4AAF
:109360000B6812689B180B60C849C94A0B681268E1
:109370009B180B60B649C74A0B6812689B180B60B4
:10938000B44A136801331360B24B1868C24B1B68B0
:10939000984200DBF8E1BB4B1B68C04A1360BB4A34
:1093A0001468BF4A944664442413AD4A115CA14238
:1093B00000DD0C00BB4A1278002A8FD0621EA64D39
:1093C0002D5CA54200DCAA1E914287DCB64D2D68BB
:1093D0002E7AB64D2D78AE4200D074E7B44BB54D21
:1093E0001B682D682B41B44D2B60B44B00251D70BC
:1093F000A04BB34D2D681D60B24B18609B4B19609C
:109400009B4B1A60B04B4000C15A0904AF4B1B681C
:10941000C918890DAE4B1868FFF79AFE974B188054
:10942000000C58800420FFF7D7FE57E7A94B1E68B1
:10943000864BF61A934B1B680133F61001960126F2
:10944000009605F0B5FB62E79F4B824A1268520016
:10945000D35A1B04A04A12689B18DB0C9F4A16685B
:109460009F4A9B0098589F4B1968D8F7EAFB361A19
:109470003614844B19680B132F2B00D92F239A4ACB
:109480001268D2568D4B1A708E4B724A12681A604F
:1094900001204042E1F724FA874B18603DE7934BE7
:1094A0001868002800D1A6E0914A11680F13914B6B
:1094B0001B685B181360674B1B68674AD25C511EC0
:1094C000B94200DC971EA7427DDA654AD4548A4B24
:1094D0001868002800D13BE188490C68704BE318FC
:1094E0001B13874A126812190A605A4A12685C49AB
:1094F0008C5C9C4200DC1C00A54200DB85E06B1C00
:1095000007DB5F4B1B689D4200DB1AE102355249C5
:109510008D547C4B1868002800D11FE77A4A7B4B9A
:109520000021595E4B005B185B001268D35A013B67
:10953000D9B23140FFF73CFE0390754B18684D4B94
:109540001860504B1968734B1960734B1C68D8F73F
:1095500078FB201A714B186003AB02229A5E002A36
:1095600000DA0DE1684953009B185B000A68D318C4
:109570009A781204674B1B685343C318684A944691
:1095800060440014394A1060013B1B14384A1360D0
:109590004C4A1168634A1268525C541EA34202DBB3
:1095A000023A334B1A60604B1B685B5C984201DAED
:1095B0002E4A13603148042203A9E2F7BBFA0220C5
:1095C000FFF70AFECAE6294B1C60294B1F60294B96
:1095D000564A12681A603100FFF7BAFD274B18800F
:1095E000000C58800120FFF7F7FD1A4B1A6801376D
:1095F0001B498F546BE72B4B1B78002B00D166E780
:10960000144B1B68164AD45461E7184B1C60184B66
:109610001D60184B464A12681A603100FFF798FD2A
:10962000164B1880000C58800320FFF7D5FD002C46
:1096300000DA7FE0124B1B68A3427BDB054B1A6804
:10964000013405498C5464E750310120CC1D0320BE
:10965000942E0120D00D0320F43F01208A2F0320F7
:109660000C300120B72F03204CFB0220343C01209A
:10967000303C0120283C0120B40D0320243C012073
:109680009C1C0320C00D0320C40D0320BC1B032021
:10969000C41B03209C2E0120C80D03209407032027
:1096A000FF0F0000892F032040E60220BF2F032078
:1096B000740B0320383D0120203C0120572F03204C
:1096C000CC1403202C3C0120D8200510901C032032
:1096D000C814032034410120A80D0320BC0D032031
:1096E000D43B0410AC0D0320842A0320C81B0320A4
:1096F000A0070320A4070320A02E0120A807032011
:10970000AC070320D4F90220C02A0320FC2E03203A
:10971000B00D032008180320603101200418032035
:10972000FFFF000048FB02202CFB0220CC0D032091
:10973000A40D0320154B164AE42116484900DFF713
:1097400099FE154B124AE62112484900DFF792FEB6
:10975000124B1B78002B00D1DBE66B1C09DB104B96
:109760001B689D4205DA0F4B1A6802350E498D546D
:10977000CFE6094B064AD4210648FF31DFF77AFECF
:10978000039800F0EBFDE9E505B0F0BD64B6031009
:109790001026051020B6031084B603108A2F03206C
:1097A0009C1C0320D00D0320F43F0120F8B5CE46C9
:1097B000474680B504000D00E64B00221A70E64BC8
:1097C0001B68834201DD884200DD00BEE34E326843
:1097D0009179D3791B020B431B0419145B135B1A99
:1097E0005B00DF490868C018117A537A1B020B43EB
:1097F0001B041B1404335B00C3189A78DB781B022C
:1098000013431B041A14DB139B189B00D54A1268E0
:10981000D318D54A1360D54B1860FFF703FA3268A6
:10982000117953791B020B431B048021C9058C4617
:109830006344CF490B60CF4909685B1AD9175B189D
:109840004B406146634500D90B008026F605F61AA9
:10985000117853781B020B431B049B13C64A1168F3
:10986000CA18CB5C5078000218439378D17809026B
:10987000194309040004FEF7C5FE0700F30CBF4AB4
:109880005900895A1B01802252021340C91AD8F785
:10989000D8F9BB4B1860BB4B1C606B1CBA4A1360F9
:1098A000BA4B6200D05A0004B94B1B68C018FEF7CF
:1098B000E1FEB84B1860AC4200DAEFE1B64B1C6831
:1098C0000222A35E9B03B54A10681B1AB44A1360B8
:1098D0000023E15E89030A1AB24B1A60B24B0022E0
:1098E0001A60B24B1A60B24B1A60B24B1A60B24B9C
:1098F0001E68002E00D1E3E10223F25E9203121AE9
:10990000AE4B1A600023F55EAD032B1AAC48036022
:10991000237A9C46AB4B1B789C4500D13EE2A94282
:1099200000D142E2A84B012119709D4B1868824278
:1099300000D145E2A54B012119700223F15E0025FB
:10994000635F994205DD0023F15E0223E35E9942E5
:1099500004DB9D4B012119709C4B1970824226DA61
:10996000814B18680423C25E502A00DC37E2D30F13
:109970007F21002091424341DBB2002B00D13DE228
:10998000794B18680423C25E502A00DC31E2904B08
:109990009856FEF7E3FA864B1860744B1B681B79E8
:1099A0001B0700D436E28B4B7D4A12681A60844B49
:1099B0001A687C4B1B689A4226DD6B4B186806239D
:1099C000C25E502A00DC46E2D30F7F210020914284
:1099D0004341DBB2002B00D14CE2634B18680623F5
:1099E000C25E502A00DC40E2794B9856FEF7B6FA88
:1099F0006E4B18605D4B1B681B79DB0600D445E29B
:109A0000754B674A12681A60574B18680223C25E8A
:109A1000120470490B689B180B600223C25E12048B
:109A20006D490B689B180B600823C25E502A00DC4E
:109A300031E2531E9A41D2B2002A6AD04A4B1868CA
:109A40000823C25E502A00DC2CE2D30F7F210020C5
:109A500091424341DBB2002B00D132E2424B186805
:109A60000823C25E502A00DC26E2594B98565B4B15
:109A70001880FEF70DFB4C4B1860384B19688A793B
:109A8000CB791B0213431B041A145B139B1A5B0054
:109A9000334A1268D2181379DB0600D421E23E4B18
:109AA0001B6800201B5E444800680024005F83425E
:109AB00000DC14E298034A4D28604A4C474B0026CC
:109AC0009E5F73009B195B002468E3189B781B045E
:109AD0001B18324800681B1A2B60087A4B7A1B024D
:109AE00003431B041B1404335B00D3189A78DB7800
:109AF0001B0213431B041A14DB139B189B00194A07
:109B00001268D31802229A5E120435490B689B181A
:109B10000B60284B19684B1E9941254B1B685A1E38
:109B200093411943214B1A68531E9A411E4B1B68DF
:109B3000581E83410A4313432B4A137000D186E217
:109B40000B4B1A680B4B1968531A8020000683428E
:109B50004DD94BE0582F0320A81C0320143C0120B2
:109B600030F80220B4140320B01403202CF8022093
:109B7000B80D0320A00D0320741C0320D4EB0310A8
:109B8000AC0D0320D00D0320C80D0320D8200510F4
:109B9000901C0320C00D032040E60220BC1C0320C3
:109BA0002C2C0320202C0320D4F90220A02E0120ED
:109BB000C81B03204CFB0220182D0120242C03205D
:109BC000282C0320BF2F03208A2F0320892F032056
:109BD000C42A0320CC0D0320A40D0320FC2E032057
:109BE000B00D0320C02A0320B72F03208B1A802238
:109BF000D205934200D91300DB0CC64A5900895A9A
:109C00001B01802252021340C91A3800D8F719F8F4
:109C1000C14B1860C14B1E68C14B1B68F31A02D4BC
:109C20004042BD4B1860BF4B1B6800241C5F2404DE
:109C3000BD4B1D68AA7AEB7A1B0213431B04E41880
:109C4000B54B1A68A446944462461A602A7A6B7A25
:109C50001B02134300D09DE1B44AB54B12681B6848
:109C6000D21A5210D3009B1899015B18DB009B1885
:109C7000D8031818C00080184042AE4B0021595E2E
:109C800000278F4200D385E17B185B08AA4A5C005D
:109C9000A25A824200D838E11900F2E7A74B6A00C5
:109CA000D05A0004A64B1B68C018FEF7E3FCA54B76
:109CB0001B68C01A291BE0F7EBFDA34B1860FDE5FC
:109CC000984B18680823C25E502A40DDD30F7F21CD
:109CD000002091424341DBB2002B47D0914B1868E2
:109CE0000823C25E502A3CDD984B9856FEF736F9A1
:109CF000974B1860974B01221A70974B1A708B4B39
:109D00001B681B79DB0644D5944B1B6800241C5F41
:109D1000A403934B1D68834B18680823C25E502A26
:109D200030DD53009B185B00ED18AB781B04E41882
:109D30008C4B1B68E41A8C4B1C607A4B1B6802220C
:109D40009A5E120488490B689B180B60E1E60121BA
:109D5000FFF72AF8C30F7F22002182424B41DBB27A
:109D6000BAE70121FFF720F80200BDE76D4B186844
:109D70000823C25E502A01DD1000B7E70121FFF77A
:109D800013F8B3E70121FFF70FF843001B185B003E
:109D9000CAE7754B754A12681A60CEE7307A83427B
:109DA00000D0BCE5714B1A60B9E5736861684B403F
:109DB0006F490B4200D0B5E5674B00211970B4E53F
:109DC000337A9C4500D0B5E50423F15E0425635F3A
:109DD000994200D0AEE55F4B00211970ADE500213E
:109DE000FEF7E2FFC30F7F22002182424B41DBB22C
:109DF000C3E50021FEF7D8FF0200C8E5494B18680B
:109E00000423C25E502A01DD1000C2E50021FEF7E6
:109E1000CBFFBEE5574B1B6802241C5FA403504BCD
:109E20001D68404B18680423C25E502A0CDD5300A5
:109E30009B185B00ED18AB781B04E418494B1B68BA
:109E4000E41A4D4B1C60B2E50021FEF7ADFF430064
:109E50001B185B00EEE70221FEF7A6FFC30F7F226F
:109E6000002182424B41DBB2B4E50221FEF79CFFA8
:109E70000200B9E52B4B18680623C25E502A01DDAB
:109E80001000B3E50221FEF78FFFAFE53B4B3C4AE4
:109E900012681A60B8E50121FEF786FF431E98415B
:109EA000C2B2C9E50121FEF77FFFC30F7F22002167
:109EB00082424B41DBB2CEE50121FEF775FF020085
:109EC000D3E5184B1B680822985E502800DDCEE5CC
:109ED000020001211800FEF767FF00B2C7E580030A
:109EE000E9E51E4B1B680220185E224B1B6802240A
:109EF0001B5F984207DA830322480360194C2468E9
:109F00001B1B0360E9E59B03F6E782423CD05F1C24
:109F1000B7E6C046D4EB0310BC0D0320B80D0320F8
:109F2000A00D0320B0140320143C01202CF80220C3
:109F300030F80220022F032034F80220D820051028
:109F4000901C0320C00D0320C40D0320C42A03204D
:109F50004CFB0220892F03208A2F032040E6022099
:109F6000C02A0320BC1C0320B40D03202C2C03208A
:109F7000FFFF00FF182D0120CC0D0320A40D0320AE
:109F8000282C0320B00D03207A4B1B881B047A4A2F
:109F900063441360794B1B689B1B8022D205944657
:109FA0006344774A1360774B1B785BB2002B4ED12A
:109FB000754B1B680421595E0911744B1B68C91845
:109FC000734B1A68A879EB791B0203431B0418141E
:109FD0005B131B1A5B006F480068C518C35C687888
:109FE000000218430004801310188378C4782402F8
:109FF0001C4324042414AE78EB781B0233431B0467
:10A000009B13D3189D78DA7812022A431204121493
:10A01000944215D00478427812022243120412149A
:10A0200018785B781B0203431B041B149A4209D067
:10A03000002909DB0F296DDD574B584A1A6006E0ED
:10A040000139F5E70131F3E7534B554A1A604E4B9E
:10A050001A680021535E9B03524909688B4202DB58
:10A06000514B002018700220135E9B03994207DBBE
:10A07000127A4E4B1B789A4202D04D4B00221A7036
:10A080004C4F3968091139604B4D2B681B112B60FF
:10A090004A4B99461868D7F7D4FD4042484B1860A0
:10A0A000484B98461C682411474E31683868D7F7EA
:10A0B000C8FD241A454B1C6029684B461868D7F721
:10A0C000C0FD4042424B186043461C682411316871
:10A0D0002868D7F7B6FD241A3E4B1C603E4B1B6820
:10A0E000002B11D03D4B1868001118603C4A1368D2
:10A0F0001B1113602F4B1B68984213DB384B1868F9
:10A100002D4B1B68984221DCFFF7DAF8C0BCB9463A
:10A11000B046F8BD4B005B181B01214A9B181E4A34
:10A12000136094E7274B1C682411274B1968D7F755
:10A1300088FD241A2B4B1C60284B19681F4B18688C
:10A14000D7F77FFD4042284B1860D7E71D4B1C68AE
:10A1500024111D4B1968D7F774FD241A234B1C607A
:10A160001F4B1968154B1868D7F76BFD4042204B01
:10A170001860C9E7F82E0320BC0D0320901C0320B3
:10A18000A80D03206C2F032040E60220043F01208D
:10A19000741C032030F80220842A03206C11032051
:10A1A0009C0E0320BC1C03208A2F0320BF2F0320FA
:10A1B000892F03202C2C0320202C0320C40D0320E6
:10A1C000C41B032060310120C00D0320BC1B0320F1
:10A1D0009C2E0120942E0120182D0120242C0320D8
:10A1E000282C0320A0070320A4070320A80703208E
:10A1F000AC070320024BC822D2031A607047C04646
:10A20000CC14032010B50300202903D8027A521A77
:10A2100002720FE00D4B0E4A0E48BE21DFF72AF9FD
:10A220005A681202186801381860007802435A60B0
:10A2300008311972197A2029F2D85A681000C840DA
:10A2400004008C4062405A6010BDC0462444031094
:10A2500050260510F491031000B583B0FF2916D8DD
:10A2600000281AD0134BC31A5A10FE2B1BD86B466A
:10A270001A7059700022835E6A46538001AA009BBF
:10A28000019353881B041088184303B000BD0A4B88
:10A290000A4A0B484521DFF7EDF80A4B074A084800
:10A2A0004621DFF7E7F8084B044A05484821DFF765
:10A2B000E1F8C04640E5022048B503102C26051001
:10A2C00060B503109CB50310A0B5031000B583B0B2
:10A2D0000022835E002B09DCFFF7BEFF01AA01907C
:10A2E00053881B041088184303B000BD024B034A77
:10A2F00003486421DFF7BEF8A8B603103C2605101A
:10A3000060B5031010B58269054B1A4200D110BD2B
:10A31000044B054A7C210548FF31DFF7ABF8C04606
:10A3200001000010F4670310202605100C680310CC
:10A3300010B5044B1B68C01A034B1B68C91AFEF703
:10A34000D5F810BDB41C0320B81C0320014B8A2291
:10A350001A807047102F032070470000F0B5D646D2
:10A360004F464646C0B5B6B0019001AB02229B5E97
:10A37000002B41DA9BB25B421BB29B00964A1268EB
:10A38000D3581B021B0A954A1468E418002C35D0D8
:10A3900001AB5B7898466278A3781B028021490064
:10A3A0000B401343984530DA8D48042201A9E1F7A8
:10A3B000C1FBE678B2462578AB072FD5894B1A68E2
:10A3C000894B1B6873439B1888498C46624411145F
:10A3D000013B1B14002A1FDB854A12689A4200DCED
:10A3E000531E994200DDEFE006AA1170537000235E
:10A3F000937001339846D7E0DFF7ECF87D4B7E4A47
:10A40000B4217E48FF31DFF735F87D4B7A4A263993
:10A410007A484900DFF72EF80021DDE7EB0721D568
:10A4200004235A00A25C94469C44634658002018BA
:10A4300043465B00C35A1A0AFF2A15D0424601322E
:10A440005300C35A190AFF2928D16178A3781B0247
:10A4500080277F003B400B43934218D901325300C1
:10A46000C35AEFE70323DCE71A406178A3781B02A5
:10A4700080277F003B400B43934201D90132DFE745
:10A48000604B5D4AE0215D48FF31DEF7F3FF5D4B35
:10A49000594AE8215948FF31DEF7ECFF6278A1788C
:10A4A00009028020400001400A4362440132520008
:10A4B0006D070ED59A18A21803AB039200221A72E8
:10A4C00004920025002401235B429946002398460C
:10A4D0000FE0D9085218A41803A8039407221340C8
:10A4E000037222780121494299408A430492E8E7A5
:10A4F0008146331BDBB2444AD15C03A8FFF782FEDE
:10A500002718BA454DD035DB2D18F31BDBB23E4A78
:10A51000D15C03A8FFF776FE002832DD3C18324BF1
:10A520001A683B0053432F4909685B185043C01811
:10A530002E4A944663441A1401380014002B27DB7A
:10A540002B4B1B68834200DC581E8242D1DC4A45FB
:10A55000CEDD43465B00434406A9CA545A1C8854C6
:10A56000FF2D17DC023306AAD55401239C46E04494
:10A570008146BEE7254B204AFB2120484900DEF7F3
:10A5800079FF234B1C4AFD211C484900DEF772FF6E
:10A590000022D5E71F4B184A852118488900DEF7AD
:10A5A00069FF43463F2B08DC4346002B0FD136B0F2
:10A5B000E0BCBA46B146A846F0BD174B0E4A87210B
:10A5C0000E488900DEF756FF00239846ECE7414627
:10A5D00006A804F007F9EAE740F9022090230020DA
:10A5E000243C01200418032008180320FFFF00006A
:10A5F0009C1C0320104A031068260510BCB60310EB
:10A60000FCB6031030B70310B4F50410CC490310A6
:10A6100054B7031060B7031074B70310F0B583B0DC
:10A6200004002423C256244B1A70244B00211970B5
:10A63000002A09DB836AC0221205134204D09B164C
:10A64000032213401D4A1370A369DA179B18534065
:10A650001B4A126813411B4A1360E0691A4B1860C9
:10A6600025696169194F3960194B1E68D7F7E9FAF6
:10A67000361A184B1E60184B3A681A60206AFDF7AC
:10A68000FBFC0600A268154B1A600DE02914C9B244
:10A690003000FFF71BFE0190FFF760FE0F4A1368C2
:10A6A00001331360A369ED18E2680C4B1B689A42F2
:10A6B000ECDA03B0F0BDC046572F0320582F03201B
:10A6C000383D0120203C0120283C012008180320AF
:10A6D0006031012004180320940703202C3C012042
:10A6E000F0B5C64600B58CB0050003681A78564B25
:10A6F0001B889A4200D300BE2B685A787F211140F4
:10A70000524A10681B785A1C5200125A5B001B5A9E
:10A71000D31A994200DB00BE4C4B19682A681378A3
:10A720005B005B5A50787F2202409B185B00CB5A3B
:10A730005B045E0CA868464A94466044DF0B454BB8
:10A740001B68DB595B151B04C31A9846424B1968FA
:10A750004046D7F776FA414B1C6804192414404B45
:10A760001B68A34203DA0CB080BCB846F0BD394B7D
:10A770001B68D85900043B4B18404044364B1968BD
:10A78000D7F75FFA354B1A6882181214013AEAD4E7
:10A7900000230B93E9682F4B1B68DB59DB025B1529
:10A7A0001B04C91AC923DB035B1A0893211E2EDB85
:10A7B00003912B4B1B68934200DC5A1E0492264BDC
:10A7C00029481B68006883400693284B1B68079341
:10A7D00000200590A14202DD0C1B5C430594099604
:10A7E000234B1B685B6B802B01DC1B0711D501A879
:10A7F0002423FF24C4541F4C022523682B432360C9
:10A8000001A8FFF70BFF2368AB432360ABE70021F0
:10A81000CEE7194B1B785BB2002B03D001AC242090
:10A820002354E8E72B685B785BB2002B07DB134B04
:10A8300018682F23C45C01A80B3BC454DBE701A8B4
:10A8400024230024C454D6E7102F0320B82A032061
:10A85000000060FFBC2A0320780B03205831012040
:10A86000A81C03200000FF03383D0120740B0320C7
:10A87000A01C03208C0703206C2F0320001803204A
:10A8800070B51B4B1C6823681A89D3009B189A006B
:10A89000184B1B689B1804229B5E1B11164A1268FA
:10A8A0009B1805D40F2B0FDD144B154A1A6002E0DC
:10A8B000124B144A1A60144B144A1A60144B154A6E
:10A8C0001A60B434002509E05A00D21813010D4A69
:10A8D0009B180A4A1360EEE701351034012D06DC9F
:10A8E0002368002BF8D02000FFF7FAFEF4E770BDD4
:10A8F000A01C032044130320043F01200018032060
:10A900006C1103209C0E032048FB0220ECF902206E
:10A910002CFB022064FB02207047000070B5064C3F
:10A92000012523682B432360C2688168FFF776FE08
:10A930002368AB43236070BD8C070320F0B5D64677
:10A940004F464646C0B58CB00400C268944B1B68A5
:10A95000D31A98460769934B1B68FF1A924B1968E4
:10A960004046D7F76EF90500904B19683800D7F7C5
:10A9700068F945198023DB029D4205DA0CB0E0BC82
:10A98000BA46B146A846F0BD894B18682900D7F7EA
:10A990005DF98146854B19684046D7F752F90600A4
:10A9A000814B19683800D7F74CF9361AF217B318EB
:10A9B0005340AD00AB42E1DCE1887E4A4B005B18BE
:10A9C0009B00D25C7C4B1B889A4200D300BEE78878
:10A9D00078497B00DA1992008A1852787F2010405B
:10A9E000764A1568DB199B005B5C5A1C5200525B6F
:10A9F0005B005B5BD31A984200DB00BE6F4B1868AC
:10AA0000E5886C4A69004B199B009B5C5B001B5AF4
:10AA100049198900521851787F220A409B185B001F
:10AA2000C75AC35E002B70DB7F047F0C00239A465D
:10AA3000BB009846624B1B6842469D586D152D041D
:10AA4000751B49462800D7F7FCF85E4B1E6886192F
:10AA500036145D4B1B68B34200DA8FE7584B1B6816
:10AA6000424698580004594B184040194946D7F7B8
:10AA7000E8F8544B1B68C0180014013800D57DE776
:10AA8000A3690B93524B1B684A469A40069262692F
:10AA90004B4B1B6841465B58DB025B151B04D3180C
:10AAA0004C4A12689B1A0893331E49DB0393464BAA
:10AAB0001B68834200DC581E0490802049464002F7
:10AAC000D7F7C4F85346002B3CD03D4B1B68424699
:10AAD0009B581B043D4A1340013B0593404207909D
:10AAE000039BB34205DD059A07999B1B4B43D31883
:10AAF00005930997A3695B0328D501AA2423FF21A5
:10AB0000D15401A8FFF70AFF38E72169E068FFF791
:10AB10000FFC05002000FFF7F5FBC36AED1A902338
:10AB20001B069C4665446D0F7B045B0C5B19234A36
:10AB300012685B009B5A5F047F0CDB0B9A4677E739
:10AB40000023B3E7002305930790C9E7224B1B7846
:10AB50005BB2002B03D001A924228B54D1E7E188FA
:10AB6000144B4A00521892009B185B785BB2002B82
:10AB700010DB174B1A680C239B1A4A461A41130024
:10AB80002F2A00DD2F23154A1268D15601AA24234B
:10AB9000D154B6E701AA24230021D154B1E7C0461D
:10ABA000B41C0320B81C0320981C0320A41C032001
:10ABB000700B032024C20410102F0320B82A032096
:10ABC000BC2A032058310120A81C03200000FF03E9
:10ABD000383D0120BC1C03206C2F032000180320EB
:10ABE00010B50400FEF764F8002831D10422A35EFA
:10ABF0001B11184A12689B1805D40F2B0FDD164B3A
:10AC0000164A1A6002E0144B154A1A60A48A002CF6
:10AC10000DD080231B059C466444A4000AE05A0022
:10AC2000D3181B010E4A9B180B4A1360EEE7002451
:10AC300000E00024002C0BD02000FFF77FFEA48B47
:10AC4000002CF6D080231B059C466444A400F1E749
:10AC500010BDC046043F0120001803206C110320E2
:10AC60009C0E0320002802DBFF2802DC7047002036
:10AC7000FCE7FF20FAE7000070B50500144B1C68E4
:10AC80000301E4182368002B21D0A068D8F7C2FE86
:10AC9000002801D1002304E0A068D8F7B1FEF9E74D
:10ACA00001330C4A12689A4208DDAB42F8D02068A2
:10ACB00007491A0109688A589042F1D1206800F0CA
:10ACC00067FB4368013B436000232360636070BD02
:10ACD0002C3B01207828002070B505000E000024D0
:10ACE00000E001341A4B1B68A3420EDD194B220110
:10ACF0001B689B181A68002A07D0002DF1D05B68EA
:10AD0000AB42EED12000FFF7B7FF114B1968A1420B
:10AD100007D0104B1B6822019B181E605D6020004D
:10AD200070BD0024A14209DD0A4A23011268D358EC
:10AD30005A7A737A9A4201D20134F3E7A14203D0DE
:10AD40002000FFF799FFE4E701246442E7E7C046EB
:10AD5000782800202C3B012010B58269054B1A424F
:10AD600000D110BD044B054A7C210548FF31DEF7B8
:10AD700081FBC04601000010F46703107C2605101B
:10AD80000C680310F8B5CE46474680B507000D00A5
:10AD900091469846C0680A68841AE317E4185C4034
:10ADA00039696B68CD1AEE17AD1975406619B4464E
:10ADB000AC4200DD2C00641065462D1B314C24781C
:10ADC00064B2082C03D09624E404A54257DCFDF7B6
:10ADD0000BFC04003800FFF7BFFFC36AA34223D275
:10ADE000E41AE40C284B6200D15A240180235B0250
:10ADF0001C40091BC020C003D6F723FF031480208A
:10AE0000C01A43461860C8231B049D420FDA1F4B2B
:10AE10001B684A4613604B461B68D817C01AC00F00
:10AE2000C0BCB946B046F8BDE41A013CD9E7154BA1
:10AE30001B785BB2082B0DD09623DB045B1B1B1425
:10AE4000124A10685843FA218900DFF721FD4B466A
:10AE50001860E0E79623DB049D4200DD1D000B4BEC
:10AE60001B680F3B9620C004401B00145843FA2176
:10AE70008900DFF70DFD0F304B461860CBE700204F
:10AE8000CEE7C046722F0320D4EB03101815032021
:10AE900010B50100002000E00130084B1B68834220
:10AEA0000BDD074B02011B689B181A68002AF3D0C0
:10AEB0005B688B42F0D1FFF7DFFE10BD78280020E1
:10AEC0002C3B012010B5002800D00C30FFF7E0FF2C
:10AED00010BD0000F0B587B006000D004D4B1B689B
:10AEE00004934B1E6C2B00D900BE6C006419E40067
:10AEF000494BE418E368002B0CD06269049952189E
:10AF000004922769002A73DD424B1B689A4202DDD6
:10AF1000049300E07F27002E28D0404B404A0021B8
:10AF20005156D4224A43D05803000C33B3421DD0AB
:10AF300005AB04AA3100FFF725FF3168374B0393B7
:10AF4000374A127852B29446D42263465A43039B3E
:10AF5000D358DA68914202D0002809D148E07268DB
:10AF60001B699A42F8D180230593F5E78023059366
:10AF70002B000A3B032B0BD9202D10D0572D0ED0C0
:10AF8000EEF7B4F81F2318400F3B181A3F1806E0DD
:10AF9000EEF7ACF80F231840073B181A3F1838009B
:10AFA000FFF760FE07003000FFF772FF210030005E
:10AFB000FFF792FE051E1BDB200000F0E9F9436855
:10AFC0005A1C4260002B15DB200000F0E1F9002242
:10AFD000835E002B14DB134B2A011E68B618F76042
:10AFE000059B049A009729002000D8F7EBFCB0607D
:10AFF00007B0F0BD200000F0CBF901234360E3E788
:10B000002000D8F7A7FC0600200000F0C1F9068058
:10B01000E1E7C04618150320C0260510C807032025
:10B02000522F03202C3B012010B5002800D00C30FB
:10B03000FFF750FF10BD10B501000020FFF74AFFD9
:10B0400010BD000010B5074B1B68002B03D0064B4A
:10B050001B78002B00D010BDD8F700FD024B012259
:10B060001A70F8E7D0040320932F032010B5074B84
:10B070001B68002B03D0064B1B78002B00D110BDA2
:10B08000D8F7F6FC024B00221A70F8E7D004032030
:10B09000932F0320F0B583B00700D8F767FC002694
:10B0A0000DE03000FFF7E8FD08E0009A0199A06884
:10B0B000D8F770FC02E03000FFF7DEFD01361A4BD6
:10B0C0001B68B3422DDD194B1C683301E418256859
:10B0D000002DF3D0A068D8F79DFC0028EBD0144BCE
:10B0E0001A68019280230093EB68002B07D06B69EC
:10B0F000D3180193002BD4DD9A4200DA01926168E3
:10B100000029DBD03B000C339942D7D06B4601AA13
:10B110003800FFF737FE0028C7D13000FFF7ACFD3D
:10B12000CCE703B0F0BDC046782800202C3B0120BE
:10B130001815032010B57F2800D900BED8F784FC6D
:10B1400010BD00007F2800D900BE014B1860704779
:10B150001815032070B505000C00244B1B78012B3B
:10B160000BD1234B1B78002B03D10020D8F7ACFB6D
:10B1700006E00120D8F7A8FB02E00220D8F7A4FBE4
:10B180001C486D21D8F752FC2800FFF7DBFF200098
:10B19000FFF7D0FF184B186800010121D7F750FCCA
:10B1A000164B1860002304E01A0182180021116078
:10B1B0000133114A12689A42F6DC114B00221A70D0
:10B1C000013207E00F4BD1005C1801204042606063
:10B1D000C85201326C2AF5DD0B4B1B785BB2013390
:10B1E00000D070BD084B00221A70FAE7D425002069
:10B1F000732F0320C0260510782800202C3B012047
:10B20000932F0320443100209723002010B50D4BCD
:10B210001B68002B11D00C4B1B78002B0ED1D8F7DC
:10B2200051FC084C2368D868D8F738FC23680820FC
:10B23000185ED7F7F1FA0023236010BDD8F718FC89
:10B24000EDE7C046D0040320932F032070B584B0EF
:10B250000D001D2827D0431E422B26D900BE0024F6
:10B26000194B1B68A3421CD0FFF7D0FF0822A35E36
:10B27000002B1ED00823E05E8300144A1268D358C6
:10B280001B021B0A124A1668F618D7F79DFA01002E
:10B290003000D8F7F7FBE060E9B2D8F709FC0A4BB9
:10B2A0001C6004B070BD0330D5E70001094C0419DF
:10B2B000D6E7094A2300092101A8D8F799FC01A87B
:10B2C000D7F77AFA2081D5E7D004032040F902208D
:10B2D00090230020842800208CB7031030B58BB059
:10B2E000002400E00134204B1B68A34209DD1F4A03
:10B2F00023011268D358002BF4D02000FFF7BCFCC8
:10B30000F0E71B4B00221A701A4B1B78022B19D046
:10B3100001A9194A130031CB31C11A000B0013CA1D
:10B3200013C313CA13C3154B1B785BB2032B12DC78
:10B33000013BDA00D3180133114A00201056C0181F
:10B34000013803E00E4B0020185620300121FFF792
:10B350007DFF0BB030BD0A4B1B785BB2013B9B00FD
:10B3600001AA9858F2E7C046782800202C3B01201B
:10B37000932F0320D525002088260510712F032048
:10B38000722F032010B50021FFF760FF10BD0000F1
:10B3900010B50D4BC01AC21093009B1819015B1811
:10B3A00019025B1819045B185B009B18074A90424E
:10B3B00003D8DB000648181810BD064B064A822148
:10B3C00006484900DEF756F8C0260510380A000086
:10B3D0004431002094B70310AC260510A4B7031025
:10B3E00070470000014B33221A707047D72F03209B
:10B3F00001804280044A4282029A0271009A82606D
:10B40000019AC260038270470F270000F8B5DE463C
:10B4100057464E464546E0B5060004254557836825
:10B420001B689B46028A3A4B1B685000C35E9B0018
:10B4300038480068C3581B021B0A37480068C41804
:10B44000C05CE378DB01802464002340184382461B
:10B450000023F05E002906D11221735E2F498B4232
:10B4600001D09B4601E05B4673825B46002B0DDBFF
:10B470005C4607002A4B9C423BD0002C30D1022373
:10B48000F15E5346C01AD7F70FF929E0022D04D018
:10B49000032D07D05C466442EBE70933F8DA092450
:10B4A0006442F8E75B46633301DB5C46F3E7632401
:10B4B0006442F0E75346FF1A0222B35E9946358A8A
:10B4C0000A212000DFF7E4F96A1892B249463800F1
:10B4D000D7F7EAF80A212000DFF7DAF90400454639
:10B4E000002C03D06B1E9846002DE3D15B46002B49
:10B4F00005DBF0BCBB46B246A946A046F8BD022318
:10B50000F15E084B1A7838000838D7F7CDF8F0E725
:10B51000442B032040F90220902300200F27000035
:10B52000CA070000D72F032010B5C3681B78002B73
:10B5300000D110BDFFF76AFFFBE730B585B004000E
:10B540000AA80578032002900998019008980090B5
:10B550002000FFF74DFF257505B030BD018042800A
:10B56000FF220274009A4260019A8260C3607047B1
:10B5700001704270FF220273009A4260019A826059
:10B580008370704770B5040014496C20A0470023F5
:10B5900004E019007F39124AD1540133052BF8DD3C
:10B5A00010498720A047002209E0D1B20D0079356B
:10B5B0000D4B50001D546F311B1859700132052A74
:10B5C000F3DD0A498820A047002304E01900343144
:10B5D000074AD1540133292BF8DD70BDD92F032040
:10B5E000C0F20220412F0320082D0120B32F032099
:10B5F000203F01200870704710B58269054B1A4240
:10B6000000D110BD044B054A7C210548FF31DDF710
:10B6100031FFC04601000010F4670310103105101F
:10B620000C68031010B50C4B1B681C6A642C00DD01
:10B6300064240A4B1B68A3420BD064231B1B980095
:10B64000C0186521DFF724F9C000054B1860034BD3
:10B650001C60034B186810BD540B0320CC2C002039
:10B66000FCF3022070B58B4B1B68092B0DDC8A4B59
:10B670001B681B6A002B08D1864B09221A60874B76
:10B6800020321A70864B283A1A60824B1B68082BAE
:10B6900005DC814B1868A823C358002B6ED17D4B65
:10B6A0001B68072B1DDC7C4B1B68A4229A58002AC0
:10B6B00017D0AC229A58002A13D01868824210D0B2
:10B6C000744907240C601B6A764909685B1A142BBD
:10B6D00065DD734B23221A60FFF7A4FF05306F4B23
:10B6E00018706C4B1B68062B17DC6B4B1B68A42275
:10B6F0009A58002A11D01B6A6A4A12689B1A142BA6
:10B7000000DC82E0634B07221A60654B1C321A6032
:10B71000FFF788FF0530614B18705E4B1B68052BE7
:10B7200000DD86E05C4B1A688823D356002B7CD062
:10B730005D4B1B685A1C74D0013B5B4A1360002BA5
:10B7400077D1544B05221A60FFF76CFF0730534B3B
:10B750001870534B01221A60534B1A6069E0013391
:10B76000082B0EDC514AD15CC2185E32127852B2FC
:10B770009142F4D04D49CA540124F0E7002400233B
:10B78000EEE7002C8BD0434B08221A60444B3E322C
:10B790001A60FFF747FF0630404B18707FE71369C8
:10B7A000D2680169C068FCF71FFF05003A4B1B68AF
:10B7B0001868FFF721FFC36AAB4214D2ED1A802448
:10B7C0002406AC42A4416442354B23221A60FFF7A1
:10B7D00029FF324B187080239B059D420BD22F4BC3
:10B7E000073018707DE75D1B002480231B06AB42E9
:10B7F0006441E4B2E8E7002C03D0284B0330187012
:10B800006FE7264B043018706BE7224B06221A6054
:10B81000234B1D321A60FFF705FF07301F4B1870CE
:10B820007BE7214B46221A6003E01F4B0122524264
:10B830001A60184B1B68042B11DC174B1A688C23F9
:10B84000D3589B0702D4D36A002B08D0114B042293
:10B850001A60124B24321A70114B273A1A60104B9F
:10B860001B68002B04D00E4A1368013B136070BDA7
:10B87000FFF7D8FE04000E4B18680321DFF708F825
:10B880006418064B1C70064B11221A60014B0022F3
:10B890001A60E8E7680B0320540B0320C72F03202E
:10B8A00010180320D02C0020C82C002034050320C1
:10B8B0002418032010B53D4B19685C23C85C3C4A32
:10B8C00043001B189800835C052B06D01A339B009D
:10B8D000CB18384A9360002311E0364B364A9A6001
:10B8E000F9E701204042354AD054DA1C8A18443224
:10B8F0001278002A02D0DA1C3048C2540133022BDD
:10B9000006DCCA1844321278002AEAD058B2EAE7B4
:10B91000FFF7A8FE2A4B1B785BB259425941294ACE
:10B920001170294A1278002A03D0002B0AD0002077
:10B9300000E0002025490870002B05D0002A04D023
:10B94000012202E00120F5E70022214B1A70214B71
:10B9500000221A6000230BE0144A12681900123109
:10B960008900521850681B490A68121A0A6001338C
:10B97000032B10DC184A127852B29A42ECD00B4AD0
:10B9800012681900123189005218506811490A686A
:10B9900012180A60EBE7114A1368013B1360002B91
:10B9A00003D10F4B0F4A12781A7010BD540B0320AD
:10B9B0007C9D0410042A0320C42C0020BCF2022029
:10B9C0005D2F0320CA2F0320CC2F0320C32F032079
:10B9D000C82F032018180320522F03201C180320FF
:10B9E000C42F0320CB2F032010B5084A136801335E
:10B9F0001360EDF77BFB064B1860FFF75BFF054B11
:10BA00001B681A6A044B1A6010BDC0460C1803204C
:10BA100024180320540B0320D02C0020F8B5040078
:10BA20001C4B1B78002B00D1F8BDD9F7F2FE1A4A47
:10BA30001368C31A1060632B10D8184E3278184957
:10BA40008F5C184D2868C01B28608B54FF210B4069
:10BA50001B182B6001320F231A403270631C11D166
:10BA6000104B19680A00A13A0F4B9A42DCD8FA2011
:10BA70008001DEF70DFF0D4B18600D480121FFF727
:10BA800053FDD1E7094B1C6009480121FFF74CFD2C
:10BA9000CAE7C046BB2F0320F8F30220922F0320F1
:10BAA000BC040320CC1B03209E1E0000141803209E
:10BAB0009825032010B504001C4B1B78002B06D0E2
:10BAC0001B4A127852B2002A0DD0002100E000215A
:10BAD000184A1170164A127852B2002A05D0002B6B
:10BAE0001DD1002202E00121F2E70022124B1A7060
:10BAF000124B1A78A8210020D6F7D6FD002C09D0C9
:10BB00000F4B1B78002B03D00E4B1B785E33DBB240
:10BB10000D4A13700C4B1A78002A02D110BD012275
:10BB2000E4E7A8218F20D6F7BFFDF7E7CC2F03204D
:10BB30005D2F0320C32F0320C82F0320B32F032022
:10BB4000982F0320522F03206A2F032010B5FFF7F0
:10BB5000B1FF10BD10B50248FFF714FD10BDC0467F
:10BB6000F5B5021010B5FFF7F5FF10BDF0B5C646EC
:10BB700000B584B0884B1B78002B03D004B080BC88
:10BB8000B846F0BD844B01221A70844C22685C23B5
:10BB9000D05C834943001B189B005B5C81480321F8
:10BBA0000291814D01951A339B00D21800926223B5
:10BBB000AB222931FFF71CFC23687C487C4A1278B1
:10BBC00002920195203300936223AB225A21FFF7A2
:10BBD000B4FC784B1B7878480195784A0092A822EB
:10BBE0006821FFF7C5FC002425E0A5002D19AD0054
:10BBF000734BED1803212000DEF74AFE4E00761845
:10BC0000B60003212000DEF743FE82001218520026
:10BC100063006C495B18614908680134AC3231003B
:10BC20006F31694E01962600583680190630009013
:10BC30002800FFF793FC052CD7DD6448022302930C
:10BC4000634B0193634B00936223AB228A21FFF77E
:10BC5000CFFB614B6148544C0194614A0092A82289
:10BC60008F21FFF77BFC4D4D2B685E48504A1278C0
:10BC700002920194243300936223AB22DD21FFF76B
:10BC80005CFC594F594E0194594B984600933B0028
:10BC9000AB22EF213000FFF761FC3000143001943B
:10BCA0004346013300933B00B522EF21FFF756FCDA
:10BCB0003000283001944346023300933B00BF22FA
:10BCC000EF21FFF74BFC2B68902252009046494E23
:10BCD000032702970194683300936D23733A41461A
:10BCE0003000FFF785FB2B68300014300297019479
:10BCF0006C3300936D23B3224146FFF779FB2B6829
:10BD00003000283002970194703300936D23BF22D6
:10BD10004146FFF76DFB2B6830003C3002970194E1
:10BD2000743300936D23B9224146FFF761FB2B6802
:10BD30009D2252009046304E029701947833009332
:10BD40006D238D3A41463000FFF752FB2B683000DF
:10BD50001430029701947C3300936D23B322414643
:10BD6000FFF746FB2B6830002830029701948033A0
:10BD700000936D23BF224146FFF73AFB2B6830004A
:10BD80003C3002970194843300936D23B9224146DD
:10BD9000FFF72EFBF2E6C0467B2F0320540B032057
:10BDA0007C9D0410042A0320CC2F0320C0250320EF
:10BDB000D92F0320412F0320FC240320CA2F032066
:10BDC00084240320082D0120C32F0320AC25032049
:10BDD000C82F032018180320203F012084250320AA
:10BDE000C72F03206C240320C0F20220B8270320B1
:10BDF000BCF202201C240320F427032000B585B0E8
:10BE0000FFF7B0FE9F21094804230293084B0193DA
:10BE1000084B00936D2302224900FFF7E9FA064B15
:10BE2000064A1A60FFF7A2FE05B000BD9825032060
:10BE3000D42C002014180320540B0320C80703201F
:10BE400010B51B4B1B785BB2D4205843194BC0185C
:10BE5000194B1860194A00231360194A1370194AC4
:10BE600001211170184A1170184A1370184A137082
:10BE7000184A1370184A1370184B012252421A6064
:10BE8000174B1A60002305E0C2185E321178154A7C
:10BE9000D1540133082BF7DD002303E0124AFF21C0
:10BEA000D1540133022BF9DDFFF79CFA10BDC046D7
:10BEB000522F0320C8070320540B03200C18032023
:10BEC000C52F0320C92F0320CC2F0320C42F03200C
:10BED000CB2F0320C62F0320C72F032020180320B9
:10BEE000D02C002034050320BCF2022010B5064BF4
:10BEF0001B78002B00D010BD0020DAF7BBFB024BF3
:10BF000001221A70F7E7C046582D002010B5074BE4
:10BF10001B78002B07D0FFF793FFFFF727FE034B9B
:10BF200000221A7010BDFFF7E1FFF4E7582D002042
:10BF300070B584B004000378012B12D0002B0DD112
:10BF4000B94B1B78002B04D1B84B1B785BB2042B88
:10BF50001BD1B54B1B78002B00D1ABE1002004B006
:10BF600070BD41680A0C1204B1488242E6D1B14B5F
:10BF7000994206D0B04B9942F0D1B04B01221A70D1
:10BF8000ECE7AE4B00221A70E8E7217AAC48D5F70F
:10BF9000E5FD051E1AD0AB4B1D688C216B580222A3
:10BFA00053406B501A420DD02868002803D0FFF789
:10BFB00023FB6423838464232B62A34BA022AB5016
:10BFC0000025D0E0A14BA022AB50F9E7217AA04890
:10BFD000D5F7C4FD061E1ED09A4B1968C8234B62C4
:10BFE000C63B8B622B0004E0CA185E320120107041
:10BFF0000133082BF8DD08E02B001E339B005A5854
:10C000002B001A339B005A500135032DF4DD914B60
:10C01000A0228B50D4E7217A8F48D5F79FFD0028C6
:10C0200027D0884B1968C8234B62C63B8B6233000C
:10C0300004E0CA185E32012010700133082BF8DDCD
:10C04000330008E01A001E32920050581A001A32CB
:10C05000920050500133032BF4DD04E08B1944337C
:10C0600001221A700136052EF8DD7C4BA0228B5080
:10C07000A6E7217A7A48D5F771FD00280FD1794BD0
:10C080001B78002B4ED0774B1B78002B98D0A168E3
:10C09000C9B27548D5F762FD002891D049E0694BD7
:10C0A0001968724BA0228B506D4803A9D5F798FDF3
:10C0B0006F4B1B78022B03D06E4B1B78042B1AD8C6
:10C0C00003A90A78303A0A235343180021304A78EA
:10C0D000801831389B18532B09DD664B1B78022BD7
:10C0E00005D9584B1968644BA0228B5068E7012191
:10C0F000FFF7ACF864E703A90A78313A0923534300
:10C10000581C4A781100313940189B18502B05DD16
:10C110004C4B1968584BA0228B5051E70121FFF777
:10C1200095F84DE7A168C9B25448D5F717FD002826
:10C13000A9D0444B1B688C201A5801214A401A5040
:10C140000A4203D04E4A9F315A5039E74D4AA02146
:10C150005A5035E72900F0F79FFC3A4B19684A4BD3
:10C16000A0228B500135052D20DC217AE800474BB9
:10C17000C018D5F7F3FC0028F4D0324B18682B0018
:10C180000A339B00C3185B68002BE3D0012D06D057
:10C190002B000A339B00C01801234360DDE72B000E
:10C1A0000A339B00C01800234360D6E7217A384841
:10C1B000D5F7D4FC002805D0224B1968354BA022B6
:10C1C0008B50C6E6217A3448D5F7C8FC002809D040
:10C1D0001C4B1B68012265215A54DA622F4A3B31FD
:10C1E0005A50B6E6217A2E48D5F7B8FC002800D17F
:10C1F000AFE62C4B2C4A00215156D4224A43D65844
:10C200003000FFF7F9F9C36A284A294D31690191D5
:10C21000F168009134212800D7F7EAFC094B1A682D
:10C22000A023D55095E6C046982F0320742F0320F5
:10C2300000006D6100656D6100786D61C92F03209C
:10C24000482D0020540B0320E0B70310F8B703106B
:10C25000382D002010B80310402D002028B80310FE
:10C26000502D0020732F0320282D002040B80310EC
:10C27000D5250020D425002050B80310302D0020F3
:10C2800068B803107CB8031094B80310F02C002099
:10C29000202D0020A8B80310E82C0020D8B80310E7
:10C2A000D82C0020C8070320522F0320F0B8031019
:10C2B000E42E0120217A2248D5F750FC002800D135
:10C2C0004CE61F4803A9D5F78BFC1E4B18780228B3
:10C2D00013D003AB197830395A78303A02281CD081
:10C2E000002900DC3AE6042900DD37E610D0002AF8
:10C2F00000DC33E6092A16DD30E603A90B78303B73
:10C300009A00D21852004B78D218303A0021E5E753
:10C310000D4B1B78042BEAD820E6002A00DC1DE632
:10C32000282A00DD1AE6094B1C68094BA02023507F
:10C33000084B002018560023EAF7FAF90EE6C0462B
:10C34000E02C0020D5250020D4250020540B03200C
:10C350000CB90310742F032010B51F4B1A68A423C7
:10C36000D358116B002905D089110C20411A8B423A
:10C3700000DA0B00002B13D00733D8103F2B00DD61
:10C3800007200130154B1B68834220D1124B1B68DC
:10C390001B6A134A1268934201D0114A136010BD00
:10C3A000A823D358002B06D00733D8101F2B00DD4D
:10C3B00003200930E6E7936B802B06DC082210008F
:10C3C00018401A42DED00D20DCE70D20DAE7034BDF
:10C3D0001860DAF74FF9D9E7540B0320201803202F
:10C3E000E0F3022010B50C00002805D0084B1B78A4
:10C3F000002B0AD0012200E00122064B1A70FFF741
:10C40000ABFF2000FFF7A2FB10BD0022F5E7C046FE
:10C41000442F0320CC2F0320087070477047000082
:10C4200030B585B00400244B1B78022B33D0234B4E
:10C430001B681B68DA009B18F433214A1380214DD6
:10C440002900A320A047691CA420A0471E49A520BD
:10C45000A0471E4BAA221A801D4B043A1A80164B85
:10C460001B78022B1CD01B4B1B78042B04D9134BBD
:10C470001B681B68032B19D0104B1B681B68164ADE
:10C48000092101A8DEF792F901A8D6F795F9134B17
:10C49000188005B030BD0A4B8C2252001A80D8E7B4
:10C4A0000F499D3A01A8D7F77BFBEDE70C4909221C
:10C4B00001A8D7F775FBE7E7D5250020882A0320D8
:10C4C000FA2E0320302C0320FC170320182F032002
:10C4D000E62E0320D4250020C4B903102C2F0320FE
:10C4E0007C6A0310F0B5D6464F464646C0B5424B6F
:10C4F0001B78022B07D1414B1B689A68404B1B7875
:10C500005BB29A4256DA3F4B99461A883B4B9846A3
:10C510001B689B68D21892B23B4B9A461B6851002D
:10C52000CB5E9B00394F3968CB581B021B0A384E33
:10C530003168C818CB5CC178C90180256D002940DD
:10C540000B43A0246400E31AD80FC0184010022146
:10C55000D6F7AAF853461A684B461B884146096825
:10C5600089685B189BB25B009B5E3F689B003068EC
:10C57000FB581B021B0AC3185B78990059188910D5
:10C58000023195235B00D35E9B00FB581B021B0A04
:10C59000C618C25CF378DB012B401343E41AE00FAA
:10C5A000001940109522D6F77FF8E0BCBA46B14694
:10C5B000A846F0BD9A42F8D1134B1A6895235B0048
:10C5C000D35E9B00114A1268D3581B021B0A104A03
:10C5D0001268D118D25CCB78DB01802149000B4076
:10C5E0001A43A0235B009B1AD80FC0184010952255
:10C5F000FE39D6F759F8D8E7D5250020882A032038
:10C60000322F0320FA2E0320442B032040F902206E
:10C6100090230020F0B5C64600B5224B98461A6814
:10C6200096235B00D35E9B001F4F3A68D3581B02D2
:10C630001B0A1E4E3268D118D35CCA78D2018025FD
:10C640006D002A401343A0246400E31AD80FC018D9
:10C65000401096220221D6F727F8154B1A88154B61
:10C660001B68DB68D21892B243461B685100CB5E50
:10C670009B003968CB581B021B0A3068C0184378EE
:10C6800099005918891002310678C378DB012B40D4
:10C690003343E41AE00F00194010D6F705F880BCC8
:10C6A000B846F0BD442B032040F90220902300201F
:10C6B000FA2E0320882A0320F0B5C64600B582B0C2
:10C6C00084460E000024254B1B681968244ACB00C1
:10C6D0005B1863449B00985ED2180223D15E0191DF
:10C6E000335D204F3F685B00DB5F9B001E4F3F6860
:10C6F000FB581B021B0A1D4F3F68FA18FF5CD378DA
:10C70000DB0180256D002B403B431B1857787F18B9
:10C71000002807DBA0225200934203DA002901DB44
:10C72000C72F06DD0134022C05D0335D002BCAD1A2
:10C7300002E0012300E00023002B01D0012C08DDE2
:10C74000614601310A48DFF793FB02B080BCB8466E
:10C75000F0BD325DD5F7A8FFF7E7C046882A032071
:10C7600088310510442B032040F90220902300203B
:10C77000CCB9031070B51F4B1B78022B38D01E4B61
:10C780001B681B68022B33DC00250AE01B4B1E686C
:10C790000136ECF7ABFC6178DEF77AF87618E660E4
:10C7A0000135154B1B681B68154AD256AA421FDD7E
:10C7B000144A9B009C58AB005B199B00E418FF23B4
:10C7C00023742378002BE1D0012B06D0022BE7D174
:10C7D0000A4B1B680133E360E2E7084B1E68013631
:10C7E000ECF784FC217ADEF753F87618E660D7E799
:10C7F00070BDC046D5250020882A0320282D0120A1
:10C80000843105107431051070B5344B1B78022B40
:10C8100063D0334B1B681B68022B5EDC002503E0F2
:10C8200062789B18E36001352D4B19680B682D4A1F
:10C83000D256AA4251DD2C4A9B009C58AB005B1992
:10C840009B00E418E268294B1B689A42EBD12278DE
:10C85000012A0FD0022A26D0002AE4D11022A256A3
:10C86000013252B22274022161568A42D8DB002280
:10C870002274D5E71022A256013252B2227402214C
:10C8800061568A4203D062789B18E360CBE7FF23AE
:10C890002374ECF72BFC217ADDF7FAFF134B1B68AE
:10C8A000C918E160BFE7124A127852B2002A01D1DA
:10C8B000072DB8D0C968227A9142B4D110216156AF
:10C8C0004A1C52B2227402202056824203D062785F
:10C8D0009B18E360A7E72174F9E770BDD525002018
:10C8E000882A03208431051074310510282D012079
:10C8F000D22F032070B5144B1B78022B23D0134B7F
:10C900001B681B68022B1EDC002400E001340F4B67
:10C910001B681B680E4AD256A24214DD0D4A9B00CA
:10C920009B58A200121991005B1810255D57002D2D
:10C93000ECDB0422985E0622995E5A89521992B263
:10C94000D5F7B2FEE2E770BDD5250020882A032086
:10C950008431051074310510F0B5D6464F46464671
:10C96000C0B505008A4691461F002B4B1A688923E3
:10C970005B00D35E9B00294A1268D3581B021B0A36
:10C98000274A1268D118D25CCB78DB01802149009C
:10C990000B401A439046002F08DB4B46002B14DB5C
:10C9A0004C46204B9C4224D1002528E04B46002BCE
:10C9B00009D04846002703E00A21DDF769FF013767
:10C9C0000028F9D1E9E70127E7E75C42E9E74346B8
:10C9D000ED1A0A212000DDF75BFF89318AB251464A
:10C9E0002800D5F761FE0A212000DDF751FF040081
:10C9F00037007E1E002FEAD14B46002B05DB2800B6
:10CA0000E0BCBA46B146A846F0BD083D9322514667
:10CA10002800D5F749FEF2E7442B032040F9022015
:10CA200090230020CA07000070B505000E00141EF8
:10CA300009DB9422D5F738FE01235B422200310046
:10CA40002800FFF789FF70BDF0B5C64600B50500A8
:10CA50008846161E5BDBE1231B019A423DDA012763
:10CA60000AE09C2241462800D5F71EFE2100300036
:10CA7000DDF70EFF00284AD039003000DDF708FF4F
:10CA80003C21DDF705FF0A00022341462800FFF79D
:10CA900063FF204B1A689C235B00D35E9B001E4AF9
:10CAA0001268D3581B021B0A1C4A1268D118D55CA5
:10CAB000CB78DB018022520013401D43451B3B0015
:10CAC0003C01E41BA4002700012BCAD02100300048
:10CAD000DDF7DEFE0028C9D0C3E70E4B1A689E239F
:10CAE0005B00D35E9B000C4A1268D3581B021B0AE2
:10CAF0000A4A1268D118D25CCB78DB018021490048
:10CB00000B401343C01A9E224146D5F7CDFD80BC91
:10CB1000B846F0BD442B032040F9022090230020AA
:10CB2000044BFF221A70044B00221A70034B0A3286
:10CB30001A607047D22F03203E2F0320443B012070
:10CB400010B5FFF761FE054A1368013B1360002B27
:10CB500000D010BDE9F7B2FCFBE7C046443B012022
:10CB600010B5064B01221A70054B00221A70054BB6
:10CB70008C321A60FFF7FEFD10BDC046D22F032095
:10CB80003E2F0320443B012010B5FFF73DFE0C4A29
:10CB90001368013B1360002B04D00A4A127852B28A
:10CBA000002A02D0FFF7BCFF10BD1F221A4013213C
:10CBB0000023002091424341034A1370F4E7C0462A
:10CBC000443B01203E2F0320C02F032070B5FFF708
:10CBD00091FE1E4B1B78022B1FD01D4B1B681A6841
:10CBE000022A04DC9D68082D04D000240AE0FFF727
:10CBF00011FD1DE0DD68013DF7E716492000FFF754
:10CC00005BFD0134AC42F8DD114B1B681B79002B36
:10CC10000FD1114B1B78002B10D10C4B1B78022B22
:10CC200004D10B4B1B68DB681E2B01D0FFF7F2FC15
:10CC300070BD08490820FFF73FFDEAE7044B1B6879
:10CC40000649D868FFF738FDE7E7C046D52500203C
:10CC5000882A0320FC170320C02F0320302C032038
:10CC600010B5034B01221A70FFF7B0FF10BDC0468C
:10CC7000C02F032010B50024002300E00133032B54
:10CC800011DC0F4AD25C002AF8D08342F6D00D4A5C
:10CC900081000918C90012685218191D890052181C
:10CCA0005268A418EAE7074B82001218D2001B68EA
:10CCB0009A1804308300D3185868201A10BDC04653
:10CCC000C4070320500B032010B5154B00221A7027
:10CCD000144B1A70144B01321A60144B22321A6032
:10CCE000002212E00133032B0ADC1149C95C002940
:10CCF000F8D010489100C918890000240C50F1E7C1
:10CD00000D4B91000020C8500132032A05DC084B6E
:10CD10009B5C002BF8D00023E5E7FFF72BFD10BD4F
:10CD2000D22F03203E2F0320883D01207C3B012091
:10CD3000C4070320483D01208C3D012070B5FFF75A
:10CD400063FD6A4B1B785BB2002B33D0684B1B68CA
:10CD5000042B2FD0654B00221A7000241CE00133F5
:10CD6000032B12DC634AD25C002AF8D06249A2008D
:10CD70001019C00009680918181D800009184868B2
:10CD80005E49D21892005050E9E72000FFF772FF89
:10CD90005B4BA20098500134032C05DC554B1B5D06
:10CDA000002BF8D00023DBE75220FEF744F9504B6C
:10CDB00004221A604E4B1B68022B10D0042B00D1AA
:10CDC00081E0DA0776D54F490A68013A0A60002AFD
:10CDD00070D1474A0133136023220A606AE04A4B4C
:10CDE0001B689B0702D00025002459E00120FEF7B4
:10CDF00022F9F8E74149A200D218920001385050B8
:10CE00001FE001250133032B36DC3A4AD25C002AAD
:10CE1000F8D03A49A200D01880004058364912197B
:10CE2000D20009688A18191D890052185268904268
:10CE3000E8D0002ADEDB3149A200D218920001308E
:10CE400050502E49A200D21892005258632A04DD95
:10CE5000A200D2189200632050502849A200D21894
:10CE6000920052586332CCDAA200D21892006320AA
:10CE7000404250500125C5E72000FFF7FBFE204B44
:10CE8000A200D050632801DD6321D1501C4BA200C9
:10CE9000D358633303DA1A4B63214942D15001342A
:10CEA000032C05DC134B1B5D002BF8D00023AAE7F5
:10CEB000002D00D070BD5220FEF7BDF80C4A13685B
:10CEC00001331360F6E7094B1B785BB2002BF1D0FE
:10CED0001F20FEF7B0F80D4B1B78022B02D0FFF796
:10CEE0003FFEE7E7FFF71CFEE4E7C0463E2F0320C6
:10CEF000883D0120C4070320500B0320483D01203A
:10CF00008C3D01207C3B0120282D0120D5250020CF
:10CF1000F8B5DE4657464E464546E0B5FFF7EAFC13
:10CF2000FFF7E0FA844B1A68A2235B00D35E9B00F4
:10CF3000824A1268D3581B021B0A814A1268D11810
:10CF4000D05CCB78DB0180225200134018434010A4
:10CF500040420E30FF305E3A2D21D5F7A5FBA022CE
:10CF600064210A20D5F7A0FBA12232210520D5F7A4
:10CF70009BFB44265225002402E02835213601344B
:10CF8000032C00DD90E06F4B1B5D002BF5D06E4B4A
:10CF90009B461A88A7B2D21992B2674B9A461B6871
:10CFA0005100CB5E9B00654989460968CB581B023E
:10CFB0001B0A634988460968C8188446C85C6346EA
:10CFC000DB78DB01802149000B4018434010281A10
:10CFD000DD39D5F769FB5B461A88D21992B2534600
:10CFE0001B685100CB5E9B0048460168CB581B0272
:10CFF0001B0A40460168C8188446C85C6346DB7853
:10D00000DB01802149000B401843401040422A3088
:10D010003100D5F749FB4D4B1B785BB2A342ACD135
:10D02000494B9B461B88DB199BB2434A92461268C8
:10D030005B009B5E9B00414A91461268D3581B02DD
:10D040001B0A3F4A90461268D118D05CCB78DB01AE
:10D05000802252001340184340103D4B1A78281A82
:10D060002321D5F721FB5B461B88DB199BB2514678
:10D070000A685B009B5E9B0049460A68D3581B0206
:10D080001B0A41460A68D118D05CCB78DB018022AC
:10D09000520013401843401040422E4B1A782A3059
:10D0A0003100D5F701FB68E7234B1A6889235B0041
:10D0B000D35E9B00214A1268D3581B021B0A204AE8
:10D0C0001268D118D25CCB78DB01802149000B407B
:10D0D0001A4390464E2600251FE028370134032CC2
:10D0E0000FDC184B1B5D002BF7D01B4AAB001B1944
:10D0F0009B009A584346F81802233100FFF72CFC96
:10D10000EBE7164BAA00D2580223310040460E30FE
:10D11000FF30FFF721FC21360135032D06DC094BDA
:10D120005B5D002BF7D052270024D8E7F0BCBB464C
:10D13000B246A946A046F8BD442B032040F9022080
:10D1400090230020C4070320182F03208B2F0320D7
:10D150004A2F0320CD2F0320483D01208C3D012084
:10D1600010B5174B00221A70164B1A70164B01326D
:10D170001A60164B22321A60002400E00134032C9E
:10D1800015DC134B1B5D002BF8D01249A3000022C5
:10D190005A5011495A5011495A5011495A502000B9
:10D1A000FFF768FD0F4A13681B181360E6E70D4A86
:10D1B0001368591E8B411360FFF7DCFA10BDC0469F
:10D1C000D22F03203E2F0320F00403207C3B0120BC
:10D1D000C4070320483B0120803B0120583B01202D
:10D1E000683B0120AC3D0120F0B5C64600B5FFF715
:10D1F0000BFBA44B1B785BB2002B40D0A24B1B68EF
:10D200000A2B3CD09F4B00221A70002400E001340E
:10D21000032C2EDC9D4B1B5D002BF8D09C4AA700F5
:10D220003B19DB001668F618706864256843994B53
:10D230001B6898461969DDF72BFB974BD851B068EE
:10D24000684343465969DDF723FB944BD851F06896
:10D25000684343469969DDF71BFB914BD851914BCD
:10D260001B68002BD3D02000FFF704FD8E4BD85154
:10D27000CDE75220FDF7DFFE834B0A221A60824B76
:10D280001A680A2A00D9ECE093008849CB589F46D7
:10D29000874B1B689B0702D00026002405E0012075
:10D2A000FDF7C9FEF8E701260134032C1BDC774BA0
:10D2B0001B5D002BF8D0784AA3009D5802359D5085
:10D2C000734A1B19DB001268D3185B68642058434B
:10D2D000704B1B681969DDF7DBFA8542E3DB6E4BA7
:10D2E000A200D050E0E7002E02D080BCB846F0BDCE
:10D2F0005220FDF7A0FE644A136801331360F4E77F
:10D300006B4B1B689B0702D00026002405E0012020
:10D31000FDF791FEF8E701260134032C1BDC5B4B83
:10D320001B5D002BF8D05D4AA3009D5802359D502F
:10D33000574A1B19DB001268D3189B6864205843B6
:10D34000544B1B685969DDF7A3FA8542E3DB534B65
:10D35000A200D050E0E7002EC7D15220FDF76BFEAF
:10D36000494A136801331360BFE7514B1B689B07A1
:10D3700002D00026002405E00120FDF75CFEF8E75E
:10D3800001260134032C1BDC404B1B5D002BF8D025
:10D39000434AA3009D5802359D503D4A1B19DB00AE
:10D3A0001268D318DB68642058433A4B1B689969AC
:10D3B000DDF76EFA8542E3DB394BA200D050E0E79F
:10D3C000002E00D091E75220FDF735FE354B1B684B
:10D3D000002B05D103212C4A13685B18136084E7E6
:10D3E0000121F8E7324B1B689B0702D0002600247E
:10D3F00005E00120FDF71FFEF8E701260134032CAC
:10D4000011DC224B1B5D002BF8D0274BA200D55816
:10D410000135D5502000FFF72DFC8542EDDB224B76
:10D42000A200D050EAE7002E00D05EE73920FDF7D9
:10D4300002FE154A13680133136056E7114B1B783F
:10D440005BB2002B00D150E70320FDF7F4FD194B30
:10D450001B78022B02D0FFF783FB46E7FFF760FB48
:10D4600043E7D30700D440E713490B68013B0B6047
:10D47000002B00D039E7044B01321A6023220A60E6
:10D4800033E7C0463E2F0320F0040320C4070320E7
:10D49000500B0320882A0320683B0120583B0120C1
:10D4A000803B0120AC3D0120483B01201C31051090
:10D4B000282D0120D52500207C3B0120F8B5CE4643
:10D4C000474680B5BB4D2A6894235B00D35E9B0022
:10D4D000B94C2268D3581B021B0AB84E3268D118C7
:10D4E000D75CCB78DB018022520013401F43FFF74B
:10D4F00001FAFEF7F7FF2968B14B1B785B005B5E12
:10D5000024689B003268E3581B021B0AD318587822
:10D5100040082030AB4B1B68002B00D086E0203346
:10D52000C018403097235B00CB5E9B00E3581B0282
:10D530001B0AD118D25CCB78DB01802149000B405B
:10D540001343C01A9722CE39D5F7AEF8994B1C6811
:10D550009B4B1B785B001B5F974A11689B00974AA7
:10D560001268CB581B021B0AD31858784008203089
:10D57000944B1B68002B5BD12033C01880309A235A
:10D580005B00E35E9B00CB581B021B0AD118D25CE8
:10D59000CB78DB01802149000B401343C01A9A224B
:10D5A000CE39D5F781F8834B1C68854B1B785B001F
:10D5B0001B5F814A11689B00804A1268CB581B028E
:10D5C0001B0AD3185878400820307E4B1B68002B6C
:10D5D00030D12033C018C03098235B00E35E9B003D
:10D5E000CB581B021B0AD118D25CCB78DB018021FF
:10D5F00049000B401343C01A9822CE39D5F754F88E
:10D60000704B1B68002B17D16A4B1A6897235B007D
:10D61000D35E9B00684A1268D3581B021B0A674AF4
:10D620001268D3185E783236002576E0002377E75B
:10D630000023A2E70023CDE75E4B1C68604B1B78FC
:10D640005B001B5F5C4A11689B005C4A1268CB5808
:10D650001B021B0AD318587840082130FF309B2347
:10D660005B00E35E9B00CB581B021B0AD118D25C07
:10D67000CB78DB01802149000B401343C01A9B2269
:10D68000CE39D5F711F8BFE70023E4184E4B1A88BE
:10D69000ABB29846424493B299465B0062469B5EA9
:10D6A0009B00C3581B021B0ACA18C85CD378DB0155
:10D6B000802149000B401843201A4A463100D4F714
:10D6C000F3FF424B1B785BB2AB4246D020004030A8
:10D6D0000A239846B0443E4BAA009146D258C01B3C
:10D6E0004146FFF7A1F9200080303A4B4A46D25814
:10D6F000C01B4146FFF798F92000C030364B4A4620
:10D70000D258C01B4146FFF78FF9601CFF302D4BEC
:10D710001B68002B40D121360135032D45DC2F4BF2
:10D720005B5D002BF8D0234B1B689C46244B1B7879
:10D730005B0062469B5E204A10689B001F4A11688E
:10D74000C3581B021B0ACB185C78640820341D4B9D
:10D750001B68002B98D1203397E71B4B1B88434451
:10D760009BB2144A12685B009B5E9B00124A1268CF
:10D77000D3581B021B0A114A1268D118D05CCB780F
:10D78000DB0180225200134018430D4B1A78201AF7
:10D790003100D4F789FF99E70123114A49468A5895
:10D7A0005B424146FFF7D8F8B5E7C0BCB946B04682
:10D7B000F8BDC046442B032040F9022090230020EE
:10D7C000CD2F0320AC3D0120182F03208B2F0320E9
:10D7D000683B0120583B0120803B0120C407032007
:10D7E000483B012010B50D4B00221A700C4B1A70EB
:10D7F0000C4B01321A600C4A01235B4213600B4A46
:10D8000013600B4A13600B4A13600B4A13600B4BF7
:10D8100023221A60FEF7AEFF10BDC046D22F0320B0
:10D820003E2F0320A8170320803B0120583B0120F6
:10D83000683B0120783B0120903B01207C3B01208C
:10D8400070B5FEF7E1FF944B1B785BB2002B03D061
:10D85000924B1B680A2B08D1904B1A680A2A00D9F0
:10D8600009E193008E49CB589F468B4B00221A70DA
:10D870008C4A8D4B002159568B005B18DB001468D5
:10D88000E418606864256843884B1E683169DCF7DA
:10D89000FFFF874B1860A06868437169DCF7F8FFE9
:10D8A000844B1860E0686843B169DCF7F1FF824B94
:10D8B000186020692321DCF7EBFF804B1860306A89
:10D8C0002321DCF7E5FF7E4B18605220FDF7B3FB08
:10D8D000724B0A221A60BFE7754A1368023313605D
:10D8E000784B1B689B0715D0714B1C686D4A6E4BBB
:10D8F000002159568B005B18DB001268D3185B6857
:10D9000064205843694B1B681969DCF7C1FF8442E6
:10D9100004DA70BD0120FDF78EFBE5E7644B18606B
:10D920005220FDF788FB5D4A136801331360F0E76E
:10D93000604A136802331360624B1B689B071ED05A
:10D940005C4B1C68574A584B002159568B005B189A
:10D95000DB001268D3189B6864205843534B1B6844
:10D960005969DCF795FF8442D3DB524B1860522093
:10D97000FDF761FB494A136801331360C9E70120D1
:10D98000FDF759FBDCE74C4A1368023313604D4B3B
:10D990001B689B071ED0484B1C68424A424B002123
:10D9A00059568B005B18DB001268D318DB686420C3
:10D9B00058433E4B1B689969DCF76AFF8442A8DB39
:10D9C0003D4B18605220FDF736FB344A1368013393
:10D9D00013609EE70120FDF72EFBDCE7394B1B6847
:10D9E0009B0731D0354B1D6803351D602D4A2E4BEA
:10D9F000002159568B005B18DB001268D318186998
:10DA00002321DCF745FF0400854201DB2B4B186026
:10DA10002B4B1D6803351D60244B1B68186A23219E
:10DA2000DCF736FF854200DA73E7254B1860234B9D
:10DA30001B689C4200DD6CE75220FDF7FCFA174A98
:10DA400013680133136064E70120FDF7F4FAC9E7B6
:10DA5000114B1B785BB2002B00D15AE70320FDF776
:10DA6000EAFA194B1B78022B02D0FFF779F850E73E
:10DA7000FFF756F84DE7D30700D44AE713490B6880
:10DA8000013B0B60002B00D043E7044B01321A60CE
:10DA900023220A603DE7C0463E2F0320A81703203B
:10DAA00048310510500B03208B2F0320882A0320B8
:10DAB000683B0120583B0120803B0120903B012026
:10DAC000783B0120282D0120D52500207C3B01201A
:10DAD00070B5334B1A6889235B00D35E9B00314AD3
:10DAE0001268D3581B021B0A2F4A1268D3185C789D
:10DAF0006300E4186410FEF7FDFEFEF7F3FC9722C6
:10DB000032213220D4F7D0FD284B1A6887256D00CA
:10DB100032212800FEF788FF260032369A22310093
:10DB20003220D4F7C1FD224B1A6831002800FEF7DD
:10DB30007BFF19346400992221003220D4F7B4FD10
:10DB40001C4B1A6821002800FEF76EFF9D22A821B9
:10DB50001020D4F7A9FD184B1A68A8219020FEF7D1
:10DB600073FF164B1B681B68022B00DD70BD9F22E4
:10DB7000A821B020D4F798FD114B1B78022B07D1B8
:10DB80000E4B1B689A680F4B1B785BB29A42EDD024
:10DB90000D4B1A689820A8214000FEF755FFE5E7D5
:10DBA000442B032040F9022090230020683B0120F1
:10DBB000583B0120803B0120903B0120882A032014
:10DBC000D5250020322F0320783B012010B5174ABD
:10DBD000002308E088200024145417E08921012044
:10DBE00050540133D432032B1EDC1149C95C002987
:10DBF000F7D0D17AC807EDD588201056002802D179
:10DC00000C4801240470882001241454890707D586
:10DC1000892151560029E1D1064901200870DDE72C
:10DC2000892100205054DCE710BDC046C8070320FE
:10DC3000C40703203E2F032010B51C4A136801338C
:10DC40001360012B0DD0FFF7C1FF194B1B785BB29E
:10DC5000002B14D0012B24D0013324D1FEF770FF08
:10DC600021E0144B1B78022B04D001211C20FDF76E
:10DC7000EDFAE8E701214320FDF7E8FAE3E70E4B70
:10DC80001B785BB2002B06D10C4B1B78002B05D008
:10DC9000FFF7AAFA07E0FFF751F804E0FFF7D0FD1D
:10DCA00001E0FEF771FFD5F761FE10BD282D0120C0
:10DCB000D22F0320D52500205D2F0320982F03208D
:10DCC00010B5094B1B78022B09D00848FEF7A8FBBA
:10DCD000074B35221A70074B28321A7010BD064BBD
:10DCE00020221A70F1E7C046D525002019C4021081
:10DCF000CD2F03204A2F0320322F032010B50248D6
:10DD0000FEF78EFB10BDC0461DC4021010B5FFF714
:10DD1000F5FF10BD10B5104B1B785BB2002B06D081
:10DD2000012B16D0013316D1FEF79AFF13E00B4BEF
:10DD30001B785BB2002B06D1094B1B78002B05D05A
:10DD4000FFF7BCFB07E0FFF7E3F804E0FFF7C0FED6
:10DD500001E0FEF73BFF10BDD22F03205D2F032013
:10DD6000982F0320154B1860154A00231370154A8D
:10DD70001360154A1360154B01221A60426A144B56
:10DD80001A7002002832134B1A600369002B01D16C
:10DD9000013303614369002B01D10133436183697E
:10DDA000002B01D1013383610B4B1B78042B04D86A
:10DDB0000368022B01DD033B03607047882A0320C0
:10DDC0003E2F0320282D0120443B0120603F0120ED
:10DDD0008B2F0320500B0320D425002010B5FFF714
:10DDE000C1FFFFF76DFF094B1B785BB2002B06D11B
:10DDF000074B1B78002B05D0FFF7B2F910BDFEF7DB
:10DE000063FFFBE7FFF7EEFCF8E7C0465D2F03205A
:10DE1000982F032010B50B1482B25A4304146343A5
:10DE200089B280B24843614311441B04000C08448A
:10DE3000184410BD00BE7047D0231B0658617047C0
:10DE4000D0231B0698617047FFE7FFE7FFE7FFE776
:10DE50007047C04610B5D024240620666166FFF7DF
:10DE6000F3FF206F10BDC04610B5D0242406A06675
:10DE7000E166FFF7E9FF206F10BDC0460160002397
:10DE8000436083600373704710B5D308C9180160FD
:10DE9000002343600724144008231B1B03734B1CFF
:10DEA00003600B782341836010BDC046044B4200E1
:10DEB000D35A0001802252021040181A7047C046FF
:10DEC000D4EB0310014B185C7047C046B4F5041046
:10DED00003681F2293430A40134303607047C04600
:10DEE00010B50368064C23404901F824A4002140E2
:10DEF0000B439202F821C9010A401343036010BD8D
:10DF00001F80FFFF0368054A1340002904D08022C8
:10DF100052021343036070470022FAE7FFFFFEFF3F
:10DF20000368054A1340002904D08022D20213431B
:10DF3000036070470022FAE7FFFFFBFFF820C001F3
:10DF40007047C04613680A31890040184360704723
:10DF5000044B1A68830004490868D3581B021B0A43
:10DF6000C018704740F9022090230020F0B57F27A9
:10DF7000059E069D1C143C40145D9B192C5D04708D
:10DF80004130FF300139F5D2F0BDC0467F23184043
:10DF90007047C046F8B57F250F4B05406A00060064
:10DFA000D05E431C10D07F270C4903E00220185E8E
:10DFB000431C09D03C004300CA5ACB181440AC4261
:10DFC00004D1B242F2D1F8BDE843FCE7044A054867
:10DFD000054B0649DBF74EFAC4170120C81801208B
:10DFE00018BA031040BA0310F0B903105706000026
:10DFF000D02310B51B061B680024002B06D0084B4D
:10E0000001221C781A70611E8C41E4B2D5F7AEFC77
:10E01000D0231B061B68002B01D0014B1C7010BDC8
:10E020007C2F032070B51E4C0023E25E002A0BDB20
:10E0300053001C489B189B00C15E1B1821800121C6
:10E0400049421980100070BD17490023CA5EE123C0
:10E050001B019A420AD0531C0B80530011499B1894
:10E060009B005B18012149421980E7E7A0235B0070
:10E0700098420DD21F2201238410224093400B4965
:10E08000C011800042581343012243505242D9E745
:10E090005421074B074A0848FF31DBF7EBF9C0462C
:10E0A000D62E0320B4340020D82E0320782F002051
:10E0B0007CBA031094BA031040BA0310622110B561
:10E0C000024A0348034BFF31DBF7D4F9C4BA03100B
:10E0D00040BA0310B4BA0310F0B5574645464E4651
:10E0E000DE469D4BE0B54700FD5EFF189B4BB946F1
:10E0F00088461F00824683B048004346C618B600D3
:10E10000BE19B278F17891423CD3FF293AD0002D64
:10E110005FDB4B468C4604E00023E55E2300002DC8
:10E1200037DB6C006419A4003C19E1789142F3D309
:10E1300000949946009B0C009B7861469C469C424B
:10E1400034D3FF2C32D0994237D373681B021B0A99
:10E150000193009B5B681B021B0A9B46019B5B456E
:10E160003BD2624553D88C4269D8009C7C4B00213D
:10E17000625E49460A801A881D804B46228000252F
:10E180005D5FBAE79421774B774A7848FF31DBF738
:10E1900071F92700013500D0D6E043463B8003B03B
:10E1A000F0BCBB46B246A946A046F0BDA421704BC8
:10E1B0006D4A6E48FF31DBF75DF942464B461A80E7
:10E1C0000022B35E35809846002BE8DBB14658004C
:10E1D00093E74F460023FD5EDCE7624520D38C4287
:10E1E0003AD30022B35E4246002A00DAA3E040465A
:10E1F0005B4A118810803180002BD0DB4A46002119
:10E20000525EAA4200D08FE09846580075E78C42D3
:10E210002CD8009B013A9946DA7000255D5F6CE7C7
:10E220008C4245D36346013BF37042464B461A800D
:10E230000022B35E35809846002BC7DAAFE7009B1B
:10E240000131C9B299708C42EFD2E021494B464A64
:10E2500046484900DBF70EF9631CDBB2B3708B4212
:10E260006BD8009B994600255D5F46E75046FFF757
:10E27000D9FE051E43DB43001B189B009C46BC4493
:10E280006246009919C919C26346F27800980132B2
:10E290009A70B278013AC2700021425E1A804346F9
:10E2A00003800022B35E35809846002B8EDA76E735
:10E2B0005046FFF7B7FE8446002832DB4200019249
:10E2C000624492009346BB445A4630001AC81AC2B0
:10E2D0005B46009C4146E278E04601329A70A278A3
:10E2E0000198013AF2704A4611800022B35E5A4604
:10E2F000138023003580A14600255D5FFDE6B378DD
:10E300000099013BCB700022B35E30809846002B11
:10E3100000DA44E70B0000255D5F4346894658005C
:10E32000EBE6009B9B787EE7C821134B0E4A0F4813
:10E330004900DBF79FF8FFF7C1FE84210D4B0A4A25
:10E340000A488900DBF796F89E210C4B064A0748DD
:10E35000FF31DBF78FF8C04678ED0020B4340020A1
:10E36000D62E032030BB03100CBB031040BA0310A1
:10E3700064BB031084BB0310E4BA031048BB031052
:10E38000F0B557464E464546DE468846E0B54E0057
:10E39000794F4644794BB6004200BE199D5E9246C5
:10E3A000B378F278814683B0934201D8FF2A0ED128
:10E3B000734A7448744B7549DBF75CF86C00641958
:10E3C000A4003C19E178994222D20021655E002D1B
:10E3D000F4DA4346002B14DB5A0042449200BB5E41
:10E3E000BA18002B06DB5A00D2189200BB5EBA188E
:10E3F000002BF8DA514650464446654B595A1C5298
:10E40000118003B0F0BCBB46B246A946A046F0BDA1
:10E410000194A078814224D3FF2922D0904226D8AB
:10E4200074682402240AA346019C64682402240A16
:10E43000A3452ED291423DD90021735E51465046EC
:10E440004446534A515A14523180002BD9DB5E00A6
:10E45000F618B600BE199846B378F2789A42A7D358
:10E46000A4E7474A47484B4B4B49DBF703F80021E9
:10E47000725E514650464446454B595A1C523180B3
:10E48000002ABEDB5600B618B600BE199046B37817
:10E49000E3E7984218D8914226D30022B35E424661
:10E4A000002A66DB40463D4A118810803180002BEF
:10E4B000CDDAA6E7019B00255D5F43465E0046443A
:10E4C000B600BE19B378C8E7314B53449B4691421E
:10E4D00015D341461A8819800021735E0138F07007
:10E4E0003280002BB3DA8CE70131C9B2B1709142AE
:10E4F000E0D9234A23482A4B2A49DAF7BBFF48468A
:10E50000FFF790FD002820DB43001B189B009C4672
:10E51000BC443200634632CA32C362460199454662
:10E52000CB7880460133DBB293708A78013AF2707F
:10E530000024325F644622805A465C461288258059
:10E54000328000228D5E664687E7019B41469B78BC
:10E55000013BF3705B461A8819800021735E32809C
:10E56000002B00DA4DE70C265E43BE199846B378BF
:10E5700073E7FFF7A3FDC046B434002078ED002018
:10E5800094BB031040BA031030BB03105D020000BF
:10E59000F8EF002064BB03106A020000D62E0320AF
:10E5A00084BB0310A602000010B501220021174809
:10E5B000DAF748FA012200211548DAF743FA012276
:10E5C00000211448DAF73EFAF12298217824124B00
:10E5D0001248520003609952114A5C8011489952C6
:10E5E00001220021DAF72EFA012200210E48DAF783
:10E5F00029FA80220121520049420C48DDF794FAA1
:10E60000E0220B4BD2001A8010BDC046003C012016
:10E61000D83B0120F03B01200004105018240320B7
:10E6200042040000E03B0120E83B0120C417012028
:10E63000DC2E0320F0B54646D6464F46534DC0B5B6
:10E64000534E2B6832689A4259DB0120514B4042AD
:10E650001968FFF7FFFB041E00DA6EE080235B03FE
:10E66000984200DB4C4C4D4B4D4F1A684D4B1B688C
:10E670009A460023F95E002946DB01235B429C4653
:10E680004B0049485B189B008046C05A4344388081
:10E69000604618802F7835789F70DD70A72F61D87D
:10E6A000A72D5FD8414D2D68AD0761D42402250AFE
:10E6B0000124002664421C80DC7924062C435C6023
:10E6C0003B4CA6573B4CA24200DD2200FE24240610
:10E6D000A24200DA22001F25374C2E402078D711A5
:10E6E000D87264787F0125406409640192143D4327
:10E6F000344350469A721D81DC71FFF7EDFCE0BC9B
:10E70000BA46B146A846F0BDE1232C491B018C4610
:10E710000020095E994213D001235B42984640468F
:10E720003B804B00204F5B189B00DB191880604634
:10E730004F1C07800029ADDAE1E7FFF77BFB92E78A
:10E74000A0235B009A4519D253461F229C10012337
:10E750002240934052461A49D01180004258134338
:10E760004350CCE7174A1848184B1949DAF782FE8C
:10E77000144A1548174B1849DAF77CFE5421174BF9
:10E78000174A1148FF31DAF775FEC046343C0120C4
:10E79000303C012094070320FFFF0F00283C01209C
:10E7A000D62E03202C3C0120B43400208C070320FB
:10E7B000572F03207FFFFF01243C0120D82E032088
:10E7C000782F002058BC031040BA0310BCBB0310C4
:10E7D0006D0300007CBC03106E0300007CBA0310C4
:10E7E00094BA0310F0B55746DE4645464E46012220
:10E7F0000B00E0B5D649070009688FB05042984633
:10E80000FFF728FB8246002800DA5BE180235B03E8
:10E81000984200DB41E1CF4B99461B6818009B46AC
:10E82000FFF700FC051E0C9000DA2FE1844644003F
:10E83000C94E64443A78A4003419A2707B78E3701E
:10E84000A72A00D97EE1A72B00D97BE13A789A422A
:10E8500000D971E10222C14B1F211B68E0791340EE
:10E860005A42534152465B421A40130200061B0AA9
:10E870000343BB4863600D90E37900788B4301400C
:10E880000B43E371B74B80221968B74B52049A4689
:10E89000802350461B040068CB180590934203D296
:10E8A00080239B04984209DB059AB048DDF7E0FA23
:10E8B00053461B6805934B461B689B461F22AC4B77
:10E8C000E17918781140E0725B78207A90431A4021
:10E8D0005B095B01104319432072E171BB78059A13
:10E8E0001B04D31AA34A934200DD1300FE22120632
:10E8F000934200DA13001F222189DB110A405905D7
:10E90000DB0AA3724346090C0A432281012B00DC77
:10E91000B1E0994AE1239446984A1B019146424648
:10E920005200424492460993624601230021515EFF
:10E930005B424A460793FE230024125F8D4C1B0660
:10E94000A04606935C46002301924A46BA44D1464B
:10E95000E346B2460893F81C0B94029504910A9280
:10E960003EE0029954008C46A4180392029252464B
:10E97000A4004B00079E125F63449B005444534421
:10E98000019226801E00270026CE26C7039A1A80F1
:10E99000037846789E4200D2B5E0A3704678E670D0
:10E9A000A72B00D99DE0A72E00D99AE08378059E79
:10E9B0001B04F31A434500DD6E4B069EB34201DA99
:10E9C000FE231B061F272689DB113E405F053F0CF7
:10E9D000DB0A3E430330A3722681012348455FD002
:10E9E000019A002ABDDA099A049991421DD08C46F9
:10E9F0000A004C0002996444079B8C46A4005444CE
:10EA000023804B00110063449B0001320D005344EE
:10EA100012B2002959DB0499049201225242019258
:10EA20000122039102950892ACE70A98DC468146E0
:10EA30000B98564683460898029D019A002801D0FB
:10EA400060460180002B01D04B461A80A0235B005A
:10EA50009B456AD259461F220123881002409340E9
:10EA60005A464749D211920050586C00641903432A
:10EA7000A400535034190D9B58461A7801235B4269
:10EA80000C9923807F2A1AD8FFF726FB0FB0F0BC21
:10EA9000BB46B246A946A046F0BD3A4B9A46BAE6F6
:10EAA0000A9BDC4699460B9B019A9B46089B04995E
:10EAB000002B01D0634619804B461A80DBE7FFF735
:10EAC0005FFCE3E7FFF7B6F9A5E6DC460A991C0010
:10EAD00089460B998B4661460A804A460799118000
:10EAE000C9E70A9B019A9946089B0499002B01D01B
:10EAF0005B4619804C462449228024480A00244B56
:10EB00002449DAF7B7FC0A9B019A9946089B0499B5
:10EB1000002B01D05B4619804846FF2102801E4B26
:10EB2000194A1A488900DAF7A5FC54211B4B1C4AE4
:10EB30001648FF31DAF79EFC134A1448194B1A495C
:10EB4000DAF798FC104A1148114B1849DAF792FC91
:10EB5000940703202C3C0120B43400208C070320B0
:10EB6000572F0320203C0120283C0120C8BC031063
:10EB7000243C01207FFFFF01D82E0320D62E032046
:10EB8000782F0020FFFF0F008CBC031040BA031049
:10EB9000BCBB0310FF030000F0BC03107CBA0310E1
:10EBA00094BA0310B8BC0310CF030000CD030000DB
:10EBB000F0B5C6463F4B170000229D5E80460E0012
:10EBC00000B5002D42DB01226C003B496419A40012
:10EBD000085B52426418188022800120374B404263
:10EBE0001968FFF737F9B7422DDBF6B2FFB2A6700E
:10EBF000E770A72E51D8A72F4FD80221304A079B84
:10EC00001268E3720A4051424A41524210400122C6
:10EC100003021F2020217F2652422280E2791B0A14
:10EC2000120613436360274B49421A78E379024086
:10EC300083431343E371238940460B43A6722900A3
:10EC40002381FFF749FA80BCB846F0BDE1221E4996
:10EC5000120100200D5E95420DD001226C0052423F
:10EC60001A806419144BA400E4186B1C22800B80DA
:10EC7000002DE8DBB1E7A0235B00984513D24346A3
:10EC80001F22981001230240934042460F49D2119F
:10EC90009200505803435350D5E70D4A0D480E4B90
:10ECA0000E49DAF7E7FB54210D4B0E4A0948FF31B4
:10ECB000DAF7E0FBD62E0320B434002094070320BB
:10ECC0008C070320572F0320D82E0320782F0020F5
:10ECD0000CBD031040BA0310BCBB03104704000076
:10ECE0007CBA031094BA0310D02370B51B061B68BE
:10ECF00005000800002B13D1124E3388AB4215D00B
:10ED000073889D4217D0B3889D4216D0F3889D42E8
:10ED100015D00D4C210005F0F7FA2000358070BDAC
:10ED20000A4C210005F0F0FA2000F8E70020064B1D
:10ED30000002C018F3E70120F9E70220F7E70320FB
:10ED4000F5E7C046C8260120B8130120B8110120FC
:10ED5000F8B5084B084F15025400ED18E35B0600A8
:10ED60000800B34203D0290005F0CEFAE65328008C
:10ED7000F8BDC046B8130120C82601200A68036800
:10ED80009A4200DB70470800FCE7C04602680B6847
:10ED90009A4200DB70470800FCE7C0460A68036837
:10EDA0009A4200D370470800FCE7C046F0B5C6465B
:10EDB000002000B5D8F706FD234C01E0D4F7D6FDBE
:10EDC000200005F0F1FA0028F8D0200005F074FAD0
:10EDD0001E4D1F4B2A781A70032A12D002231D4899
:10EDE0002B7005F021FA01E0D4F7C0FD200005F0FA
:10EDF000DBFA0028F8D0200005F05EFA80BCB846A7
:10EE0000F0BD0122144B154E1B7830685340DBB225
:10EE10009846D2F743FF0020FCF74CFE4346D9004A
:10EE2000C91A0B015B1A0E490E4A8C465B020E4F43
:10EE300063449B183B60D3F747FC3068D2F738FF38
:10EE40000A4B1B683B60C9E7403D01209C2F032013
:10EE5000332F0320880B0320362F03201824032090
:10EE600000D8FFFF3C41012040310020C4180120A0
:10EE700010B5044A044B127804481A7005F0D4F90E
:10EE800010BDC046332F03209C2F0320880B032086
:10EE900010B50148DAF786FB48BD031010B5037BB7
:10EEA000172B0DD8026841688A420FD0511C0160AF
:10EEB00012789A4081680A4382600833037310BD58
:10EEC000034B044A04488D21DAF7D4FAFFF7E0FF38
:10EED000D843031054BD0310E843031070B5040079
:10EEE0000D00202908DD0A4B0A4A0B489A21DAF75F
:10EEF000C1FA2000FFF7D2FF237BAB42F9DB5B1B9B
:10EF00002373A2681000E840A060A840504070BD84
:10EF10002444031078BD0310E843031010B5030028
:10EF2000027B002A09D1026841688A420ED0511C36
:10EF3000016012788260082202731A7B013A1A7308
:10EF40009A680120104052089A6010BDFFF7A0FF98
:10EF5000F8B5CE46474680B506000C0090460388BB
:10EF6000012B2FD9137B072B33D943469A68FF23F4
:10EF70001340E15C37887F00B946B14400293AD09C
:10EF800008292AD80820401A83401800FF2303408C
:10EF90002D48C35C48002D4C04196400A45B9C42BE
:10EFA00022D94446247B641A45462C73CA40AA6081
:10EFB0004000825B9B1A5B004A46985AC0BCB94627
:10EFC000B046F8BD224B234A912123484900DAF785
:10EFD00051FA1000FFF762FFC7E7204B1D4A3221AC
:10EFE0001D48FF31DAF746FA1D4B1A4A34211A48F8
:10EFF000FF31DAF73FFA120A41468A600A7B083A83
:10F000000A733288013AD10F8A1857100E4AD45C1D
:10F010002236082564004046FFF780FF044333880A
:10F02000A3420BD804360135EDB2BD42F2D30D4BED
:10F03000084A58210848FF31DAF71CFA7388E01AA9
:10F0400040004B46C05AB9E704C50310FFFFFF7FDD
:10F0500034450310A0BD0310E843031044450310DA
:10F06000504503107C450310F8B5CE46474680B5A1
:10F0700006000C0017000388012B2BD9137B072BEC
:10F080002ED9BA68FF231340E15C308840008046E7
:10F09000B044002934D0082926D80820401A8340DB
:10F0A0001800FF2303402A48C35C4800294C041978
:10F0B0006400A45B9C421DD93C7B641A3C73CA402B
:10F0C000BA604000825B9B1A4246D05CC0BCB94625
:10F0D000B046F8BD204B214A2148E721DAF7CAF9AA
:10F0E0001000FFF7DBFECCE71E4B1C4A1C48F62144
:10F0F000DAF7C0F91C4B194A1948F821DAF7BAF9BE
:10F10000120ABA603A7B083A3A733288013AD10F50
:10F110008A18521091460E4AD45C223608256400A3
:10F120003800FFF7FBFE04433388A3420BD80436B4
:10F130000135EDB24D45F2D30C4B084A8E210848FB
:10F140004900DAF797F97388E01A4346185CBDE77F
:10F1500004C50310FFFFFF7F34450310F0BD03100B
:10F16000E843031044450310504503107C45031049
:10F17000034B1B68034A9B1A036010007047C0468C
:10F18000502F0020B43400200020704770B5FFF7E6
:10F19000FBFF00282DD100251B4B01241B481D60BF
:10F1A00005F042F8F8F724FFA02264422100D200C3
:10F1B0001748DCF7B9FCD222002152011548DCF7D0
:10F1C000B3FC00210020144B144A18605960A72199
:10F1D0009D60134B1D70136801331360114B124A6D
:10F1E0001970124B15801C80FFF7CEFF002805D147
:10F1F00070BD8020C002FEF71FFECCE78020C00259
:10F20000FEF71EFEF4E7C046C4180120003C0120B2
:10F2100078ED002078F20020782F0020900703205E
:10F22000382F0320372F0320D82E0320D62E03207B
:10F2300000207047F0B5DE4657464E464546E0B5DD
:10F24000614B89B01A680303D31A83469A46039127
:10F25000FFF7EEFF002800D0A4E05C4B01211888E6
:10F26000039B9C46604400B2FEF772FE010004A8B6
:10F27000FEF704FE04A8FFF751FE8022544E554FBE
:10F28000920033003900009200283ED004A8D1F744
:10F29000B7F9514B984200D390E0504A310098188A
:10F2A00005F032F804A8FFF739FE002831D000231A
:10F2B0005546D0469946403504A8FFF72FFE4446F0
:10F2C000002840D13100380004AAFFF7CDFE20709D
:10F2D0000134A542F6D101239C463F33E1449C46CC
:10F2E0004B46E0444035402BE6D15A463C4B03990F
:10F2F0009954FFF79DFF002820D1504609B0F0BC7B
:10F30000BB46B246A946A046F0BD04A805F00CF8DD
:10F31000BFE7802554466D0155443100380004AAEA
:10F32000FFF7A2FE20700134AC42F6D15A462C4BB6
:10F3300003999954FFF77CFF0028DED08020C0029B
:10F34000FEF77EFDD9E74B46D8B2FEF7BBFD0100C4
:10F3500004A8FFF7C3FD814529D94B46C31A9B0179
:10F36000E258434422605A6862609A68A260DA6890
:10F37000E2601A6922615A6962619A69A261DA6976
:10F38000E2611A6A22625A6A62629A6AA262DA6A5E
:10F39000E2621A6B22635A6B62639A6BA263DB6B45
:10F3A000E36398E78020C002FEF746FD55E79B2106
:10F3B0000C4B0D4A0D48C900DAF75CF80A4A0B48B5
:10F3C0000B4B0C49DAF756F874ED0020EE2E0320B3
:10F3D000B8110120B80D0120B811012000FCFFFF79
:10F3E000B817012098BE031070BE031040BA031076
:10F3F0003CBE0310CA040000002070470020704784
:10F400000300D748F0B5D74ADE4657464E46454634
:10F41000048812682404A4188022E0B51201E40CC8
:10F420009BB0A01813910B93FEF740FD0300200042
:10F430001C00FEF73BFD21008024CB4B64021B889F
:10F4400005001C432000D2F7FCFB0300290020002C
:10F450000693D2F7F6FB0223169300239B46C34B79
:10F460003E000893C24B079017935B46C346029732
:10F470000A93139B002B00DC54E100231293BD4B35
:10F48000D8460D93BC4BBD4C9A46BD4B009F149380
:10F4900053461593179BCA469B460D9B1B7899466E
:10F4A000159B1A684B46D31821331B78FF2B03D0CA
:10F4B000B449CB56D35C99464A46149B9B565A1C7A
:10F4C00000D122E1B0490B980C9103E0C3565A1CBD
:10F4D00000D11AE15A008A5E0132F7D00122AB4D09
:10F4E0002B7813432B70FEF783FD01222B78934377
:10F4F0002B70FEF723FD0121199019A8FEF710FDCE
:10F50000042119A8FEF7E4FC0B22062119A8FEF736
:10F51000E7FC19AA00219948FEF714FDFEF70EFD3D
:10F520000121199019A8FEF7EDFC1A2119A8FEF780
:10F53000CFFC0522002119A8FEF7D2FC01218F483B
:10F5400019AAFEF7FFFC169B022B00D136E10A9B9D
:10F5500001330A938E4B1B78002B00D185E20A9A67
:10F56000934201DC00230A9349460A98FFF762FEA2
:10F570000090FFF741FF002800D067E1FFF73EFF52
:10F58000002800D06BE14946FF23824A0E92824A4E
:10F590000F92824A1092824A1192149A55565354ED
:10F5A000009B2A0023615346009343463100DA460C
:10F5B00001930E98D300C518C0580423EB5E0F9D2D
:10F5C0001B112D68401BC517401968400590109805
:10F5D00000681B1800D5C1E00F2B00DD0F230F20A2
:10F5E000C31A9B000C9809935300C35E581C77D034
:10F5F0000120404283461198904600680390694874
:10F600000490694881465D00ED18049B6D009C469E
:10F6100065446E795E4500D18BE0089BB600F158D9
:10F620000598FEF7F7FB534619680600FEF7F2FB54
:10F630004B46009019683000FEF7ECFB310001905A
:10F640000698FEF7E7FB594B31001B68C31802937D
:10F65000574B07981F68FEF7DDFB564B7F421B7820
:10F660003F1A5BB2002B68D0534A1B0211686888AE
:10F67000C9186B7900059B461E00000D029ABB025B
:10F6800092111B0C1204120C1B0413432360009AEA
:10F69000019B92119B021B0C1204120C1B041343BE
:10F6A000A360A3682A7943436363EB7812011B09C3
:10F6B0001A43B3009B199B01121A1B180398844626
:10F6C00063449A18934206D2E0690078085C187087
:10F6D00001339A42F8D10022AB5E5A1C93D14246C4
:10F6E0000B9B9A56531C00D063E7019BD346984668
:10F6F000009B0E009A46FFF781FE002800D0B8E07C
:10F70000FFF77AFE002800D0AEE00D9A129B083277
:10F710000D92139A013312939A4200D0BDE6D1465E
:10F72000C3460097169B012B00D1A7E00123169337
:10F730009FE668880005000DA0E7311550200131D3
:10F74000FEF792FB099B1B1A1F2B02DD1F235BB2E6
:10F750008AE7DA43D21713405BB285E700233EE71E
:10F76000D8200510901C032064230510342C03209E
:10F77000202D0120D21D0320B42A0320C00000D078
:10F78000B80C01208C2A0320CC1C0320AE2F0320B0
:10F79000352F0320CC1D0320BC1C0320043F012077
:10F7A000C4180120B4340020242D0120B41C0320EF
:10F7B000B81C03206C2F0320943B0120AE4B18781B
:10F7C0000A900028A1D0AD4BAD4A1978126849457E
:10F7D00000D18DE0012898D05978494555D00228AC
:10F7E00093D09978494500D1EEE00021009103289B
:10F7F0008BD0D978494500D18DE00A9904291BD0D6
:10F80000197949455AD00A99052915D05979494598
:10F8100000D1F3E00A9906290ED09979494500D123
:10F8200092E00A99072907D0D979494500D1B6E075
:10F830000A99082900D0F6E0009A002A00D164E76E
:10F840000092FFF7D9FD002800D197E68020000341
:10F85000FEF7F2FAFFF7D2FD002800D193E68020F0
:10F860000003FEF7E9FA8EE680200003FEF7E8FACF
:10F870004BE780200003FEF7E3FA41E71BB0F0BC42
:10F88000BB46B246A946A046F0BD7E490A988C46C2
:10F89000944461460091022800DC6AE69978494563
:10F8A00000D191E0032800D163E6D978494532D0F0
:10F8B000042800D15DE619794945A4D172490A9816
:10F8C0008C46944461460091052800DC51E6597944
:10F8D000494500D192E0062800D14AE69979494588
:10F8E00032D0072800D144E6D9794945A0D156E065
:10F8F0000128A2D059784945C7D00A9902299CD03D
:10F900009978494560D00A99032996D00092D97810
:10F91000494500D071E75D490A988C469444614698
:10F920000091042800DC24E619794945C6D0052851
:10F9300000D11EE65979494560D0062800D118E665
:10F940009979494500D06CE751490A988C4694440E
:10F9500061460091072800DC0BE6D97949451ED0A5
:10F96000082800D105E6197A49456FD0092800D149
:10F97000FFE5597A494560D146498C469444614631
:10F9800000910A990A2900DCF3E59B7A4B4500D0E7
:10F99000EFE5414913008C4663440093E9E53F4994
:10F9A0000A988C46944461460091082800DCE0E502
:10F9B000197A49454AD0092800D1DAE5597A4945EA
:10F9C000DAD00A283DD1D4E535490A988C469444CA
:10F9D00061460091032800DCCBE5D97849459AD0EF
:10F9E000042800D1C5E51979494500D166E7052805
:10F9F00000D1BEE55979494500D00BE729490A985D
:10FA00008C46944461460091062800DCB1E5997962
:10FA1000494599D0072800D1ABE5D9794945BED0F1
:10FA2000082800D1A5E5197A49450FD00A99092976
:10FA300000D101E7597A49459ED00A990A2900D197
:10FA4000FAE69B7A4B45A4D0009AF6E616490A9846
:10FA50008C46944461460091092800DC89E5597A76
:10FA6000494589D00A2890D183E5104A1048114BA6
:10FA70001149D9F7FFFCC046352F0320B8170120E4
:10FA800074ED002000F0FFFF00C0FFFF00D0FFFF7B
:10FA900000A0FFFF0070FFFF0060FFFF0090FFFF6E
:10FAA00000E0FFFF00B0FFFF0080FFFFBCBE0310BF
:10FAB00040BA0310A8BE03101905000000207047CB
:10FAC000F0B50C00DE46454657464E46A446E0B526
:10FAD000570093B0BF18804608900491FF0008219A
:10FAE00000B267440593FEF733FAD023050038606F
:10FAF0001B0640461C68FEF74DFA01232A78099040
:10FB00001340D91C0791002C35D1002800DA83E07E
:10FB10000C00A446D04A49004E5D4300D05A6644CA
:10FB2000B3469918404500D090E1380006339B1841
:10FB3000BB6006221030DBF7FDFF5B4680225B00D6
:10FB4000EB187B60AB7852001B021340A02269784F
:10FB500052000B43591E914200D3A9E15E46013683
:10FB6000F6187600FE60FB8213B0F0BCBB46B246CE
:10FB7000A946A046F0BDFFF7A1FF00280CD08020C9
:10FB8000C002FEF759F93B68B44D9B785B089B00B7
:10FB90000C930633994606E0AB78B04D5B089B00AA
:10FBA0000C93063399460798089B84462B80396846
:10FBB000AA1D4300BA60CE5C90465A1C89180EA854
:10FBC0006644FEF75BF901210EA8FFF787F90123D0
:10FBD0006A7918407E331340C2011343B3466B71F8
:10FBE000002C00D116E19E4B9A46002800D0BCE0C4
:10FBF0000EA8FFF793F953464A464146002800D025
:10FC00000BE18026F6000EA8009604F08DFBB96883
:10FC1000421A53109846B7E0FFF750FF002800D073
:10FC200052E1AB785B089B000C93063399468D4BF1
:10FC30008D4A0A931B88118898464B460B92CB1A23
:10FC40000A00984500DAFFE0E023DB009B46002332
:10FC50009A460293059B804D9C465E00049B664439
:10FC60009C46824BF60006932300083666445446B1
:10FC70000D979A46039607E0E0224B46D20011000A
:10FC80000124D31A434557DC594506D10123029379
:10FC9000002300220021984601244F00E85BEF1961
:10FCA0000028E9D0FEF772F9069B4000C35E5E1C97
:10FCB0000DD0934200D1C3E00398844601E0934203
:10FCC00017D05B00E8180226835F5E1CF7D1029B09
:10FCD000A246002B02D042460A9B1A805346002BB4
:10FCE00001D00B9B1980624A6248634B6349D9F784
:10FCF000C1FB6246023003925B00EB1802229B5E5E
:10FD0000059A0380049B0833002A0ADD039E1889A4
:10FD10003A88904201D100221A6018339E42F6D1EF
:10FD20000396BB8801245B045B0CC91889B20A00E6
:10FD30004B46D31A4345A7DD029B54460D9F002B2B
:10FD400002D042460A9B1A800B9B1980099B4246AF
:10FD5000DB435200AD187F2B00DDBCE04046434A38
:10FD60005B00995A985269801DE78026F60041464B
:10FD700053464A460EA8009604F08EFAB968431A14
:10FD80005B105A0090469844042294460C9E6644A8
:10FD90009E4200DC80E0304A334B94461B885B0077
:10FDA0006344984200D97DE0002C21D18023344A5D
:10FDB0005B001480984537DC324A904200D97DE0E0
:10FDC0000630431A30495B105018AA882549D20BD7
:10FDD000D20394460A885B0490465A0C424492B27D
:10FDE0000A80614600245B0C0B435200AB80145226
:10FDF0003800290006221030DBF79CFEFFF75EFE7C
:10FE0000002801D13D6898E68020C002FEF718F86E
:10FE10003D6892E61D4B9A46E7E68026F6000EA85E
:10FE20000096D0F7EDFBF2E6802354809B009845C6
:10FE3000C2DDC02394809B009845BDDDD480BBE724
:10FE4000069A9446604457E7034D7FE7084A0948FD
:10FE50000F4B1049D9F70EFBC8180120B80D01202F
:10FE6000B8110120DA2E0320DC2E0320C417012054
:10FE700000BF031040BA03103CBF03108C06000003
:10FE8000C8260120C626012002F2FFFFB813012078
:10FE9000E0BE031067060000124A1348134B1449D2
:10FEA000D9F7E8FA0F4A1048124B1349D9F7E2FA8A
:10FEB0000C4A0D48114B1249D9F7DCFA094A0A4895
:10FEC000104B1149D9F7D6FA8020C002FDF7B4FFD4
:10FED0003B689B78A6E6034A03480C4B0C49D9F7CC
:10FEE000C9FAC04600BF031040BA031074BF031024
:10FEF000CC060000B8BF0310CD06000050C00310B0
:10FF0000E706000004C00310DA06000048BF031033
:10FF1000A1060000F0B5DE4657464E464546E0B520
:10FF200091B08A4693460AA900221D0001230600CB
:10FF3000FFF7C6FD8021A0220A984900837800249B
:10FF40001B020B40417852000B43190003930190B0
:10FF5000C378914200D0BBE0C82B00D0B8E00C9B26
:10FF6000300099460B9B49460293FEF7BDFE5B4667
:10FF700052469A1A93009B189B01013B04931A9BCB
:10FF80008046002B00DA8CE0012305931A9B013395
:10FF900003931A9B029A5B00D25A130AFF2B00D1DB
:10FFA00076E0042601980D9903781E4269D08446B4
:10FFB000891806AF38006144FDF760FF252206ABC3
:10FFC0009B181B787F2B00D87CE053460026002B23
:10FFD00022DD2A003B004D4647469146984603E005
:10FFE0000136C4B2B24510D0424639002800FEF7AF
:10FFF000AFFFFF28F4D9FF230340062B5CD803385A
:020000041003E7
:1000000024180136E4B2B245EED14B464246A94629
:10001000B8461D0017005646B34522DD53460093EF
:10002000059BBA464F46994605E0C4B201362C708E
:100030004D44B34512D0524641463800FEF788FF82
:10004000FF28F2D9FF230340062B2FD803382418AA
:10005000E4B201362C704D44B345ECD1009BB94657
:100060009A461A9B039A01331A93049BED1A1A9B22
:1000700093428EDB11B0F0BCBB46B246A946A04607
:10008000F0BD844606AF38006144FDF7FDFE95E7FC
:100090001A4006ABDB8C934220D9029B5200D25A05
:1000A0007FE7039B059300231A9372E70E4A0F48DC
:1000B0000F4B1049D9F7DEF90B4A0C480C4B0E498F
:1000C000D9F7D8F9084A09480C4B0D49D9F7D2F9A4
:1000D000054A06480B4B0C49D9F7CCF9024A0348AC
:1000E0000A4B0B49D9F7C6F97CC0031040BA03107C
:1000F000C8C00310880900007E090000CC49031025
:100100006D09000064C0031051090000ACC0031069
:1001100063090000F0B54E4657464546DE46E0B559
:10012000D14BE5B002AF3B611B68002298467A6470
:10013000424643001B1868465B00D25A7B61FA6254
:10014000434452009946D31DDB08DB00C31A9D4689
:1001500009230E0001216B445B085B001800494233
:100160007B62DBF7E1FC731C01D100F0F6FC00239D
:10017000BB6580337B6500239A46BC4BBC4A1D6837
:100180003B637B6A93467A63BD643B6018E0802BD7
:1001900053DC502254239B18D919503BF818FEF712
:1001A000EDFD036850227B65B4239B18D919FC3BF5
:1001B0009B18D819FEF7EAFD0368BB65731C42D093
:1001C00073045A0C1B0C9B189B005B44D9791A7A58
:1001D0004909D206D20E49011143FA6A8A4201D86E
:1001E00000F0B5FC5A6849001202FA643A6898684F
:1001F000555E3A6800025652FA6C4013110A00220A
:100200009E5EFA6CC0011D80002A01D18021490246
:10021000A4249A78BD6C3C19521B4A43121812143C
:100220002260DB785B1B4B43B4211B18502009185C
:100230001B14C9190B600132A9DA53467B65802370
:10024000BB65731CBCD14B46DB78002B01D100F0A1
:1002500078FC4A4692885B004244944600217F2005
:10026000FD6ABA60634402E001338D420AD904009A
:100270001A781440013452B20919002AF4DA03330F
:100280008D42F4D85424502500224020651958216D
:10029000ED192A5250206A520C310918C9190A80E6
:1002A0007C210918C9190A8000211A78F963591CA0
:1002B000B961F96A0132BA628A4201D900F03BFCA5
:1002C0006C4A7A606C4AFA607A6C93465A780333C7
:1002D000FF2A16D1FA6AB96A8A4201D800F0FEFBF9
:1002E00008001A7801315218591CB961F96AF8638B
:1002F000914201D200F01FFCBA625A780333FF2A00
:10030000E8D0FB6BB86A834209D2796A03E0013313
:10031000834200D19CE35A008A5E0132F7D0BA6A68
:10032000934200D194E340229146BA6D0023002607
:1003300090465A46B2469B46BD69FB647A640DE01E
:10034000C24506DC7A6DA24200DA4FE19A0600D57A
:100350004CE176B2A2460435002E49DB4A462B78A2
:100360006E781A4202D0AA78013592467F24344032
:1003700001345AB2FC665444002AE1DAC24532DC48
:100380007A6DA24201DB9A062DD55A46072A00DD76
:10039000BFE3102250202C2113405A1E93415A468D
:1003A0000918504692005A44C9195054FE338A180D
:1003B0009370AB78BA641371434601331B1A502211
:1003C000B4208218D1190B601C23B43A9B18D91998
:1003D0001C3BC318D819FEF7D1FC01239C46BA6C0C
:1003E0000368E344537076B2A2460335002EB5DAB3
:1003F0005B46FB617B6CBD619B4600240125FB6C69
:100400002E00E3401E401D4218D0220054218C468D
:100410000439884653009B18B844DB00C444634445
:100420009968188A002900D125E31400FEF790FC92
:100430000C2250215218A300D219D0500134042CA0
:10044000DDD1FB6BBA6A934200D323E3FA69DA4643
:10045000944693002C226344944624329046B84438
:10046000C44463443B6410E0C02A03205C31012093
:10047000B43400203C3205106C2F0320FB6BBA6AA9
:100480000133FB63934200D103E3FB6B7A6A5B00A9
:10049000D65E731CF2D0FB69002B2CDD2C2350227E
:1004A0009B18DB19544698463E6243461E785D7899
:1004B0007319802B00DD19E343469B78FB64FD2B09
:1004C00000D802E1FE2B00D117E2013D0BD34346D9
:1004D00050221979B4239B18DB1959189B194A5DCE
:1004E0005A55013DFBD205239C463B6CE0449845A0
:1004F000DBD1A2463E6A7A693B6994461B68634435
:100500009B78802B0AD05020B4227F211218D21958
:1005100010785054D11801390978D154DD4B9846E0
:100520004246DD4B12681D68FB681B785BB2002BEE
:1005300000D041E2A0335B00994680235B00BB649E
:10054000D64B30009B467D6415E03D6BDB012D688A
:10055000551B4D43AC46E5780091AA1A110063443F
:100560000196B42250255219D219FDF7FFFC002341
:10057000E05E431C82D0BB6C4404C00918407B6B16
:10058000620C9C46240CA418A4006444E179A2786F
:10059000C906C90CF964150049464D43AC464146AD
:1005A0007D6C6044AC46E67AA36880190E68F96CED
:1005B00060448C461B025B1366445B4500D1A2E29B
:1005C000616809028C466546090A002DBDD1D90132
:1005D00080235B029C463B6B1B68D31A1B045B1891
:1005E000E1780196891A62460092BAE70F22B9684B
:1005F00013405B00CA185078CB5C000250221843AD
:1006000064239B18DB191B88834200D15CE27C23A6
:100610009B18DB191B88984200D151E250214B46B0
:1006200004325118C919CB5A984200D144E25021E2
:1006300058235218D219D35A984200D138E2FB6C91
:100640000E2B00D971E27A689B009B5854215024EC
:100650009846091904234246C919FFF731FA0123C4
:1006600042469340FA6C1A435B46FA64082B00DD5D
:1006700055E250212C225218D41952469B005B445B
:100680001A55E4184346A370AB78FA6B9B1AE370D3
:10069000BB6D52469846EB782371434601339B1A53
:1006A000B4225118C9190B6050211C235B18D919A9
:1006B0001C3BD318D819FEF761FB01239C46036845
:1006C000E3446370FC6E544443E61A0080235B00ED
:1006D0009C4691465300542050228218D019503A1B
:1006E0007B644B449146043A9246BA44D144DB00C1
:1006F000C0584B44FA6B596843469146DB78827880
:100700004B44DBB29946634612021A4043781A43BF
:10071000FB6C93469B009C460C223B605023D218F6
:100720006346D219D3589A46D94500DBD0E14B46EF
:100730005B005A5A130AFF2B00D1D6E0F96C7B6C90
:100740008C46542163448C4604398946B944DB0005
:10075000CC446344D96803785B075CD51C23994675
:1007600034339C46BC448918E14441184846FDF79F
:1007700085FBFB6C7A6C9C4654239B46043B62448D
:100780009C46BC44D200E34493445B465022597DCE
:10079000B4239B18DB199B19BB64434600261B79C5
:1007A0007F2943D8002B0FD0BD635546A2461C00BD
:1007B0005B464A46290098680136FEF755FCA6427A
:1007C000F6DB5446AA46BD6B0026002D00D18AE612
:1007D000FA6C7B6C944654229346043A63449446E4
:1007E000BC44DB00E3449B445346A2461C005B46EA
:1007F0004A4698682100FEF737FCBB6C98550136D5
:10080000B542F4DC05239C463B6CE04454469845D5
:1008100000D04AE66DE61C23994634339C46BC441E
:10082000E14441184846FDF72FFBA2E7002B1CD0FE
:10083000BD6355469A4603E00136C4B2564512DA06
:100840005B464A4629009868FEF782FBFF28F3D9E9
:10085000FF230340062B00D924E103382418013676
:10086000E4B25645ECDBAA46BD6B002D00D13AE65A
:10087000FA6C7B6C944654229346043A6344944643
:10088000BC44DB00E3449B444346FB64BB6C002652
:1008900098460BE0943B0120C4180120FFFF0300A1
:1008A0004346C4B29C550136B54214DD5B464A4608
:1008B00051469868FEF74CFBFF28F1D9FF2303400F
:1008C000062B00D9E8E0434603382418E4B29C55CF
:1008D0000136B542EADCFB6C984605239C463B6C2E
:1008E000E044984500D0E0E503E61A40FB6A9342F5
:1008F00000D801E15200525A20E7002D00D1F2E564
:1009000042466B1E1179062B50D95022B4239B18F6
:10091000DB1998198446721E58188146521A022A09
:1009200034D962460243920730D1A808800083463A
:10093000FD64654648468C46A14600229A465C46C0
:10094000290083588B5004329442FAD1FD6C200068
:1009500061464C465346A84200D1C4E559180A5C8A
:100960009B191A54421C954200DCBCE58E5C023097
:100970009E54854200DCB6E50A5C1A5405239C4669
:100980003B6CE044984500D08FE5B2E50022591851
:100990009B19885C985401329542FADC05239C46E9
:1009A0003B6CE044984500D07FE5A2E5B42350209D
:1009B0001B180022DB19EAE793461B029B44A02385
:1009C00080245B0098466300FB646A4B30009946C4
:1009D000BD6415E0D9013B6B1B68D31A73435B18E8
:1009E000E1785025891A5A460192B422521900968C
:1009F000D219FDF7BBFA0023E05E431C00D13DE5B0
:100A0000FB6C4404C00918407B6B620C9C46240CB0
:100A1000A418A4006444A278454611006943401814
:100A2000B96CE67A8C46A36880191B025B1360449C
:100A30004B4500D197E0616809020E0A0029C9D12F
:100A40008026D9013B6B76021B68D31A1B04C6E7CC
:100A50000120BB6905E004329B1864B2002C00DA67
:100A600038E419785C788A0949B202400029F2DA40
:100A700003329B18F1E75024543109190423C91992
:100A8000FFF71EF8FB6C0022DB0700D5BEE4340044
:100A9000B5E4D346BB691DE4374A3848384B394979
:100AA000D8F7E8FC344A3548354B3749D8F7E2FCEB
:100AB000032208239046D5E5022204239046D1E57F
:100AC000012202239046CDE5002201239046C9E58C
:100AD000294A2A482D4B2E49D8F7CCFCBD4663B095
:100AE000F0BCBB46B246A946A046F0BD224A234808
:100AF000284B2949D8F7BEFC8721284B1E4A1F489E
:100B00000901D8F7B7FC1C4A1C48254B2549D8F7E2
:100B1000B1FC194A1948244B2449D8F7ABFC164AB2
:100B20001648234B2349D8F7A5FC134A1348224BF8
:100B30002249D8F79FFC104A1048214B2149D8F789
:100B400099FC0D4A0D48204B2049D8F793FC0A4ADE
:100B50000A481F4B1F49D8F78DFC074A07481E4B10
:100B60001E49D8F787FC044A04480D4B1C49D8F7A6
:100B700081FCC046FFFF030098C1031040BA031078
:100B8000C8C003109A0800008F08000048C2031074
:100B90006D0800002CC203105B08000068C203103F
:100BA00080C20310BE080000D8C103100408000072
:100BB0000CC2031035080000F8C10310250800001E
:100BC000CCC10310DF070000C8C10310C707000035
:100BD000C0C10310AC07000090C10310A4070000BF
:100BE000AF080000F0B557464546DE464E46E0B534
:100BF000DDB00493D04B05000A900E930020185EE0
:100C00000C009246A84200D139E215AB9B46002267
:100C1000012359462800FEF753FF5A468123D68AFE
:100C20005B009E4200D364E20121504672004942BB
:100C3000DAF77AFF631C00D171E2C04B9946C04DD0
:100C4000159BA846DB78059365046B0C2D0CED18FD
:100C5000AD004D44EB792A7A5B09D2065B01D20ED6
:100C600013439E4200D863E251465A008F5E5146BC
:100C70008C52A9680022AC5E6A680902491312020C
:100C80002F80C901100A002A01D18020400242466B
:100C9000126894466646AA78ED78921B4243521831
:100CA00012148026013207DB6246AD1A68434018F1
:100CB0000614F243D2171640059A964200DB561EE0
:100CC000049A94466344013707D01A78B24204DB91
:100CD000631C05D05B46DE8AB6E71E70631CF9D143
:100CE0005A46D02352681B061B680B925A4645464B
:100CF0009068002B00D0ECE1924C0A9A23889A422B
:100D000000D1ECE163889A4200D1EEE1A3889A42D7
:100D100000D1ECE1E3889A4200D107E28A4E31002B
:100D200003F0F2FA0A9B089623805B460022DB8AD6
:100D30000392002B00D1C0E0844B0C93844B0D93A5
:100D40005346CA460993039B099A5E00945F3F226B
:100D50001A4205D1D0273F063B68002B00D057E14F
:100D6000631C00D1A1E00B9B9A5B130AFF2B00D1FF
:100D7000FAE05B4659461B68C9681878400700D4FA
:100D8000A2E08918591811AB18009846FDF776F8BB
:100D90005B465B7D7F2B00D9A1E00027A946454635
:100DA000A046049C1BAE5B462A0098680899FEF793
:100DB0005BF9039B0137E35C30700136BB42F2DA2A
:100DC00044464D46669A002A00D044E1059B7E2B9E
:100DD00008DC7F221BAB1978995405995A18013AFF
:100DE00012785A540C9B0D9A1B7816685BB2002B34
:100DF00000D0C3E00E9A0021525E0A998A4200D1C7
:100E0000BCE0A0335B00994680235B0098465B46BC
:100E10002200504F06960F9313E0079363462E6807
:100E20008E1B5E43B346079BE678019262465B44A5
:100E30000092711A1BAAFDF799F80023E25E531C79
:100E400031D043465404610C240C6418A40054446B
:100E5000D2091A40E379A178DB06DB0C9C46E37AE1
:100E60004E469B46080070431018069A5844934615
:100E7000A3683A68384E1B025B1358446244B3427D
:100E800000D161E16668DB013602B346360AB4463A
:100E90005E46002EC1D180267602B4462E688E1B97
:100EA0003604B346C0E70F9B9B465B46039A01326C
:100EB0000392DB8A934200DD45E75DB0F0BCBB46A0
:100EC000B246A946A046F0BD591811AB1800984685
:100ED000FCF7DAFF5B465B7D7F2B00D85DE70EAB4E
:100EE00033279C46002667445B464246986808992B
:100EF000FEF72EF8FF2814D9002E06D1EB21174B50
:100F0000174A1848C900D8F7B5FA030A9BB2012B53
:100F100000D02CE1C3B2062B00D922E13B78033884
:100F20001818049B039AC0B29B5C01367870013795
:100F3000B342D9DA46E7C046262F0320B434002056
:100F40005C310120C8260120B81301206C2F03203A
:100F5000C4180120943B0120FFFF030024C30310A9
:100F6000C4C2031040BA031013405A46D28A9A42B0
:100F700000D8F0E00B9A5B009A5AFAE67F4F0A9984
:100F80003A6891467E4A914201D01B029944A023BF
:100F900080275B0098467B0020000693079611E0AF
:100FA000D9012B68D31A63435B18F9780094891A26
:100FB0004A4601921BAAFCF7D9FF0023F85E431CA6
:100FC00000D172E7069B4704C00918407B0C3F0C18
:100FD000FF18BF005744BA784646110071434018C5
:100FE0000799FC7A8C46BB6866491B0200195B13A3
:100FF00060448B4200D1A1E0796809020C0A002903
:10100000CED18024D9012B686402D31A1B04CBE70C
:101010005D4B012199465D4B3E3A98464B461B7805
:101020000B4349460B70434641461B780A70DBB2BE
:101030000693D2F79BFC3B68002B05D0069B5A1EFB
:1010400093414246DBB213704B4601221B78934317
:101050004A46137084E60427BF1A0F2200209446E4
:101060007F011BA90A781609072E03D16646324074
:10107000D2190A70013001318342F3DAA6E64B1C23
:101080003DD0434B80220D00180052026D046B0CC2
:101090002D0CED18AD004119CB7900268D5F1B0694
:1010A00013434B606B1CF1D115AB9B46002201230F
:1010B000814659460A98FEF703FD5A468123D68A8F
:1010C0005B009E4215D2290050467200DAF72CFDD3
:1010D000B5E5304C210003F017F9089425E600230C
:1010E0002D4A1B029B1808931FE60123F8E70223F1
:1010F000F6E72A4A2A482B4B2B49D8F7BBF915ADFE
:10110000012300222900FEF7DBFC8123EA8A5B0031
:101110009A42EED2210050465200DAF705FDE32153
:10112000224B1E4A1E48C900D8F7A4F90323D7E76B
:101130001A4A1B481E4B1F49D8F79CF9174A1848F2
:101140001D4B1E49D8F796F9F1211B4B134A144841
:10115000C900D8F78FF9114A1148194B1949D8F726
:1011600089F90E4A0E48184B1849D8F783F90B4AEB
:101170000B48174B1749D8F77DF9C046943B01201F
:10118000B3040000FFFF0300AE2F03207C2F0320D9
:10119000B4340020B8110120B8130120C4C20310D8
:1011A00040BA0310A4C203101207000090C103103C
:1011B00000C303101D07000080C203107907000060
:1011C0000CC303104207000038C303105B07000084
:1011D0002CC3031059070000F0B5DE4657464E46B3
:1011E0004546E0B55E4B87B002AF9B4678601B7802
:1011F00000283FD1002B35D000245A4D5A4E0FE025
:1012000041464846FEF786FFFEF7F8F8002824D14D
:101210005B461B78013402350236A34200DC93E0C2
:1012200000216A5E90460132F4D00021725E914640
:10123000002AEFDDFEF7E2F80028E1D08020C002AE
:10124000FCF7FAFD0022B35E414699464846FEF798
:1012500061FFFEF7D3F80028DAD08020C002FCF747
:10126000EFFDD5E7BD4605B0F0BCBB46B246A9468A
:10127000A046F0BD3D4AFA60002BF3D03C4A002462
:1012800092463C4A374D384EBA6004E0013402358C
:101290000236A342E6DD00216A5E90460132F5D0B7
:1012A000EFF3108272B653461B68002BFBD0BFF3DE
:1012B0005F8F0021735E9946002B09DBBFF35F8FC0
:1012C00000215346196082F310885B461B78DDE7E6
:1012D00000233380BFF35F8F51460B6082F3108889
:1012E000FEF78CF8002821D1BA681378A3421BD0EE
:1012F0005378A34231D093781B1B5A4253410322A7
:101300005B42134000931C4A4B4694465842FB688C
:101310004146FA686344FFF765FCFEF76FF8002862
:101320000BD15B461B78B1E70123EBE701207B681B
:1013300098408004FCF780FDD6E701207B68984048
:101340008004FCF77DFDECE70C4A94460F22E5444F
:101350006A44D208D200FA608EE70223D2E7C04680
:10136000A12F0320D026012040E5022078F20020A2
:101370003C0100D0F41B032002020000F8FCFFFF38
:10138000F0B5DE4657464E464546E0B5CB488FB0F1
:1013900002F092FFCA4C01E0FCF72AFE0121200076
:1013A00002F0FAFF0028F7D00121C64AC64BC74C0D
:1013B000166800229B5E21700B93002E00D15AE12B
:1013C0000121C34FC348F61BF3105A00494204934E
:1013D0000690DAF7A9FB80220121BF4D5200494255
:1013E0002800DAF7A1FB0121BC48049A49420A907F
:1013F000DAF79AFB002E16DD0023B949BA1D0E68F4
:10140000B84F1078311821310978FF2900D142E214
:1014100079560832715C685C6B540A99C854049917
:1014200001339942EDDCFCF789FD01210D900DA8F7
:10143000FCF776FD04210DA8FCF74AFD0B220621DE
:101440000DA8FCF74DFD0DAA0021A748FCF77AFD79
:10145000FCF774FD01210D900DA8FCF753FD1A2136
:101460000DA8FCF735FD052200210DA8FCF738FD7D
:1014700001219D480DAAFCF765FD9C4B09931B6853
:10148000002B00DCF7E09A4A0B9B079228229B4630
:1014900000239246974D0393974BAA445E46A0467D
:1014A000D3462C0099460123039A5B429446059348
:1014B00093004A461268634492469B019A44250071
:1014C0005046002322780294002A0BD10822D31A16
:1014D000C0186B1C5B4500D1B8E06A781D00002382
:1014E000002AF3D014000127DC401900274200D065
:1014F00098E0029CA44614000131CC400127274209
:10150000F9D067460297072900D908E2C01A435C60
:1015100040180093FF2B00D107E25746C71B0197E5
:10152000049F9F4200DC8AE001270123274008979F
:10153000234200D181E1431C9C464B1C072900D16A
:10154000E8E047783C00009FBC4200D07CE11700F7
:101550000124DF403C4200D176E1831C9C468B1C79
:10156000062900D1D6E08478009FBC4200D06BE110
:1015700017000124DF403C4200D165E1C31C9C46BA
:10158000CB1C052900D1C5E0C478009FBC4200D027
:101590005AE117000124DF403C4200D154E1031D11
:1015A0009C460B1D042900D1B4E00479009FBC4285
:1015B00000D049E114000127DC40274200D143E17B
:1015C000431D9C464B1D032900D1A3E04479009F95
:1015D000BC4200D038E114000127DC40274200D192
:1015E00032E1831D9C468B1D022900D192E0847953
:1015F000009FBC4200D027E114000127DC402742B5
:1016000000D121E1C41D012900D19DE1C3790099D8
:101610008B4200D095E10830D30900D07BE0200058
:1016200007330BE103780093FF2B00D17DE11F000E
:101630005346C31A0193049BBB4200DD74E7BB21F0
:101640002E4B2F4A2F48C900D7F714FF029C28239E
:101650009C46099B039A1B68013203922834E34499
:101660009A4200DA1FE70B9B4446B34203D0049929
:101670000A98FDF7C5FE0023234D237001E0FCF717
:10168000B7FC0121280002F087FE0028F7D00120D6
:10169000FFF7A2FD1D4C01E0FCF7AAFC0121200090
:1016A00002F07AFE0028F7D0194802F0BDFD0FB015
:1016B000F0BCBB46B246A946A046F0BD003C0120A6
:1016C000E03B012008F40220EA2E03207C2F0320B7
:1016D000CC1D0320CC1C0320B80C0120743F01203A
:1016E000B42A03208C2A0320C00000D09C1C0320B5
:1016F000B434002078F20020C418012094C30310F1
:1017000060C3031040BA0310E83B0120D83B01201E
:10171000F03B0120604669786C1CFF293BD0250016
:1017200000235C454FD3721C40D007990F278C468D
:10173000019A1405009A240D520000927200921929
:10174000520062445188090B090321435180D1782A
:1017500039405746C41B0F2727403F01394324090E
:10176000D170147103995171009C069F395B3E53EF
:101770000024165F11805D4500D167E72A7805993E
:10178000140099408C4300D19EE6704A7048714B1A
:101790007149D7F76FFE0378009A934256D025001F
:1017A00000235C45BFD22170721CBED104990A98F7
:1017B000029CFDF725FE8022310006985200DAF7E0
:1017C000B3F90B9E43E70278009F2178BA42EAD131
:1017D00001220A42E7D04378421CBB4266D1022371
:1017E0000B4263D08378821CBB4265D14B0763D523
:1017F000C378C21CBB4265D108230B4262D0037977
:10180000021DBB4264D1CB0662D54379421DBB4267
:1018100072D18B0670D58379821DBB4265D14B0690
:1018200063D5C3790730BB4271D1C9096BD0474A30
:1018300047484A4B4A49D7F71DFE0B000121994002
:101840004942114029706EE76046F7E713009C4655
:101850000321120262441304D2180B000340084211
:1018600069D15D465C4558D202998C4619005B46A9
:101870008B4609E001688A4209D141688A4206D153
:10188000013408309C422AD02178FF29F2D09B46AF
:101890006346029343E7295C2B540A980832C154EB
:1018A00004990133994200DDABE5BCE5100001224B
:1018B0009143089B217077E7032399431000013B74
:1018C000217071E7072399431000043B21706BE7F7
:1018D0000F239943100025000B3B217064E76246FB
:1018E00002925A469B4613001DE73F23994310007E
:1018F0002500393B217057E71F239943100025002D
:101900001A3B217050E72500072321704CE77F2305
:1019100099432500783B217046E7250003E70B4AF1
:101920000B48104B1049D7F7A5FD084A08480F4B44
:101930000F49D7F79FFD054A05480E4B0E49D7F7CB
:1019400099FD2000072379E72000E4E660C3031037
:1019500040BA03103CC30310C7050000CCC30310FA
:10196000ED05000080C30310D105000088C30310FB
:10197000D2050000B0C30310E2050000F0B5C64672
:1019800000B55A4CA544051E40DB00210023CD9331
:10199000574AAB001268D2181368DB025B151B04B0
:1019A000544884466344CA9313685B15A020C01A48
:1019B000C59013681B04504C2340013B1B14C018F6
:1019C000C6904E4B4E481B6800688340C893002960
:1019D0001FD04C4B1B685B42C99313681B04234008
:1019E000013BC793C3A8056224230022C254464C7E
:1019F00002262368334323600021F8F70FFE236893
:101A0000B343236000210124644220E0C543012147
:101A1000BCE73C4B1B68C9930023C793E2E71C80DB
:101A200014000200002A11DB53009B189B0037486A
:101A30001B18081201D0364802430026985FD9725D
:101A4000DE78872EEBD98726DE70E8E70131A02308
:101A50005B00994203DA2F4B4A00D25EE2E72E4B3D
:101A600098461B7801225340DBB2DA00D21A1301E8
:101A70009B1A5B02294FDB19294E33602948D0F7A6
:101A80009BFE3368012252420092B2322921FEF7B6
:101A900041FA254B0020185E401900230093234B88
:101AA0006B4402AA2100FFF79DF843461A78D30041
:101AB0009B1A1801C01A4002C0193468CD239B013B
:101AC0009C4660441A4A2100DAF734F8AA231B0224
:101AD000E018174BE118B4221201DAF72BF8CE23E5
:101AE0009B009D4480BCB846F0BDC046C8FCFFFFCB
:101AF000BC2A03200080D3FF0000FF03780B0320E3
:101B0000383D0120740B03208C070320B4340020DF
:101B10000080FFFF78ED0020362F03203C4101209C
:101B2000C418012084C10310F02E03200A02000013
:101B3000C09E0000F0B557464E464546DE46E0B52D
:101B4000BE4F00240022BB5E0025060099B0002B8A
:101B500009D0012B00D196E019B0F0BCBB46B246CB
:101B6000A946A046F0BD0422B54B1A70B54BB64A43
:101B70001978CB005B1A1D01ED1A6D0201230CA927
:101B8000AD180022FDF79CFF8021A0220C9849008F
:101B9000837852001B020B40417800900B43C178C0
:101BA000934200D037E1C82900D034E10E9B3000C9
:101BB0009A460D9B51461E000293FDF795F8A02210
:101BC000B3468146FF2692005A44019203975B4632
:101BD0001A88130AFF2B4CD0042700980F9903781A
:101BE0001F423FD08446511804AF38006144FCF7CF
:101BF00045F9352204AB9B181B787F2B00D810E1E8
:101C0000D2231B0298463B00A8444746984607E06B
:101C10002B004133C4B2FF332C70BB4215D01D00E2
:101C2000424649465046FDF793F9FF28F0D9330064
:101C30000340062B00D9E2E02B000338241841337F
:101C4000E4B2FF332C70BB42E9D102239C467F4BA8
:101C5000E3449C46019B65445B45B8D10123039F47
:101C60003B8079E7844604AF38006144FCF70CF907
:101C7000BFE704ABDB8E3240934200D8D7E0029B33
:101C80005200D25AA8E701226E4B12A91B7853408A
:101C9000DBB2DA00D31A1C01E41AAA231B029C4609
:101CA0006402694B64440022E4180123FDF708FF35
:101CB0008021A02212984900837852001B020B4019
:101CC000417800900B43C178934200D0A3E0C8292B
:101CD00000D0A0E0149B30009946139B49461E009B
:101CE0000293FDF701F8FF22B34680469246823206
:101CF000FF325A44019203975B461A88130AFF2B5E
:101D000071D004260098159903781E4264D0844649
:101D1000891808AF38006144FCF7B0F84D2204ABD5
:101D20009B181B787F2B7CD94B463A00A14647462F
:101D3000A82690461C0003E0013EC5B2002E10D03C
:101D4000424639002000FDF703F9FF28F4D9534635
:101D50000340062B59D803382D18013EEDB2002E52
:101D6000EED14346B8461F00A02322004C469B01FB
:101D7000E61891463B00320047464E46984691464B
:101D800007E023004133C5B2FF3325704B4514D023
:101D90001C00424639003000FDF7DAF8FF28F0D980
:101DA00053460340062B2AD8230003382D1841330D
:101DB000EDB2FF3325704B45EAD102239C46244BFC
:101DC000E3449C46019BB146B84664445B4593D1CD
:101DD0000223039F3B80BFE6844608AF380061447E
:101DE000FCF752F89AE753464E211A4004AB5B18B1
:101DF0001B8893421BD9029B5200D25A81E7154A95
:101E00001548164B1649D7F735FB124A1248134BA3
:101E10001449D7F72FFB0F4A0F48134B1349D7F735
:101E200029FB0C4A0C48124B1249D7F723FB094AED
:101E30000948114B1149D7F71DFBC046D42E03208A
:101E40009C2F0320362F03203C410120412FFFFF10
:101E500041D9FFFF7CC0031040BA0310C8C0031073
:101E6000880900007E09000064C0031051090000C9
:101E7000CC4903106D090000ACC0031063090000D9
:101E800000207047F0B54E465746DE4645460023D3
:101E9000E0B5E1B09A46994600260F93049011935D
:101EA00014931593FDF770F9002800D020E3A023C8
:101EB00001275B0098460025B346CB4ACB4C1392D2
:101EC0007F420023D65E1780002E0CDB0392730046
:101ED0009B199B003100E65E2800E752FCF750FAA0
:101EE000002EF4DA039A013502324545E9D15E4607
:101EF000BF4C01E0D1F73AFD200002F055FA00286E
:101F0000F8D0200002F0D8F9BA4BBB4A0A931292DB
:101F10001B7812781092002B00D08CE2B74BB84996
:101F20000B931B780D780C91002B00D190E2EA0006
:101F3000521B13019B1AB34A5B0294460D92B24A9C
:101F400063440E9213600693FFF79AFF109A0028DD
:101F500000D0C6E2AD491991002A00D057E2AC4B3F
:101F60001B78002B00D1B2E20A9B1B78002B01D119
:101F700000F01AFC0B98A74C02700420A64F2070AA
:101F8000A6483A800270049A002A01D001F0C5F8F0
:101F9000A34B069A09931A60A24B0F009946A24BD5
:101FA000A24E9B46A24D8B44A24B19A819009846FD
:101FB000FCF7F4FEA04B04689C46A04B64441A68EE
:101FC000944206D001210B229D4849421C60D9F75A
:101FD000ABFD43461F605B46E01A9A4B00229A5EB7
:101FE00053009B189B00C31ADA171205120DD21862
:101FF00012130132002A00DC9CE2D4B23078824213
:1020000005DD8F4B121AFF21C018D9F78DFD109BEB
:102010003470002B00D070E2C02300225B000393D9
:10202000894B110098465B46AB4642461768002F25
:1020300000D01CE204229446039A8031E04491428D
:10204000F3D15D469B4601235A429F335B000893C0
:1020500000234C4699467D4B179598467C4B9246FB
:1020600007934B4625001694039307230124039AF4
:102070002F0013409C4000216B5ED210E4B2059209
:10208000002B45DBA946049404E01F0000229B5E60
:10209000002B3CDB5E00F3189B005B449A68120245
:1020A00052134245F1D1059C9D78A446A900079C96
:1020B0004919CA006244A446D8786244A84218D399
:1020C000039889018446069861448446300061443F
:1020D0008446DC7A2600049C0E701078413120433F
:1020E0001070D8780135FF3128328542F4DD66461C
:1020F000049400215A5E3A805246DA80B2B201322C
:102100001A8033B29A460022BB5E002BC2DA4D46DB
:10211000039B089A0133039302359342A5D152469B
:10212000169B4C489A464C4B179D1A8002F07CF83F
:1021300080220121280052004942D9F7F5FCA02352
:102140005B009846002753465C460022995E0029B2
:102150001EDB38124042C00BC00300B29C468246D0
:102160004A0052189200A2189068384B000240139F
:10217000984200D1C9E15346D07A194340002E5EFF
:1021800029520023D15ED77216800029E8DA63460F
:10219000013702334745D8D1304802F045F80020D6
:1021A000FFF71AF80A9BA3461B78022B00D1B2E175
:1021B0002B4802F039F82B4802F07EF800239C46A9
:1021C0000E9B29491B68002798460D002748284E7A
:1021D000139C0022A35E2968002B00DA90E0AA4637
:1021E000A1460D004AE0C046F8EF0020B4340020BC
:1021F000403D0120752F0320792F0320E72F032076
:10220000362F03203C410120C418012074ED00202A
:102210003B2F03209C2F0320D42E0320342F032098
:102220004031002078ED00204047FFFF352F03208C
:10223000D0260120502F002000F0FFFF74ED002079
:10224000B8170120D82E0320782F0020FFFF0300AD
:1022500078F20020E03B0120EA2E0320E83B012039
:10226000D83B0120F03B0120943B01206E2F03203E
:102270007832051000228B5E002B3FDB5900C91815
:10228000890059448A78CB78A82A00DDA5E2A82BDA
:1022900000DD9CE2002A00D10132A62B00DDA6233E
:1022A0009342E7DB9B1A01339400A2189C00E418C8
:1022B0000023C35603916146920162444244A40143
:1022C000141904915B00F35EC021C9008C46D35CF5
:1022D000EB1863441B7813700378413201335BB20F
:1022E000FF32322B00D1BCE003709442EAD1049B50
:1022F00003999C4600228B5E002BBFDA4C46554664
:10230000012399469F33CC4402345B009C4500D0A6
:102310005FE7FFF7B5FD002800D04DE3CEF7CAFE1A
:102320000A9B1B78022B01D101F0AEFCD64B9846DC
:102330004246D64B10681A780893D3009B185B006E
:102340009B185B01E133FF33C018CFF7A7FC109A4D
:10235000002A00D047E2CE4B1A700A9B1B78022B52
:1023600001D101F052F801D900F064FF002B01D136
:1023700001F0A0FD0B9B1B78002B01D001F050F861
:10238000C44C2378012B01D801F07DF8C24D2B7885
:10239000002B01D001F06BF8FBF7BCFC2B78002B75
:1023A00001D101F041F8D0F78FF94346A826BB4C84
:1023B00018682670CFF77CFC01220C9F09993B78A6
:1023C0005340DBB2DA00D21A13019B1AB44A5B0203
:1023D00094460D9A6344944663440B60D0F774F9B5
:1023E000C82323704346AF4C18682670CFF760FCB3
:1023F000002323703B780999DA00D21A13019B1A43
:102400000D9A5B0294466344A74C0B60BAE2A74B5B
:10241000069A09931A600B9B1B78002B00D1BBE531
:10242000A34BA44E9946A44BA44D9B46A44B8B446E
:10243000CF181997B8E5A34B00229B5E002B01D063
:1024400001F063FDA04BA14A1D780C930B926EE541
:10245000002A00D0A1E101235D400C9BEDB21D706C
:1024600065E50770944200D141E700232AE7C824BC
:10247000974D00202D7801226C43AC46069D6418D0
:10248000AA46944D54442D780026AA464546059107
:1024900004959846554603E001300434202811D0B5
:1024A000130083401F42F7D02300AC45F4DC6146A3
:1024B0001E6001314133FF33A942F9DD013004349C
:1024C0002028EDD1049A434605999046B2E50B9B2E
:1024D0001B78052B01D901F00AFD7F4A9B00D358D8
:1024E0009F468020C002FBF7A7FC129B1A7831E5BB
:1024F00080200003FBF7A0FCD9E4A022012148467C
:10250000D2004942D9F710FB9DE5744A7448754BD7
:102510007549D6F7AFFF754B1B78022B00D047E605
:102520000B9B1B78002B00D042E6E2F749FDFFF73A
:1025300025FA3DE60C21D8F7D3F9A0235B009C4691
:10254000A0234A469B009846069B110000275A4646
:102550000024CB4699460496059500254B5F0E0056
:10256000002B24DB03915D00ED18AD005519984256
:1025700028DC674515DAAB78E9789A46C91A9B00DA
:1025800053449B01DB194B4400290ADB01318A4685
:1025900089005144890159181C704133FF33994215
:1025A000FAD100216B5E3380002BDCDA039901370E
:1025B00002314745D1D1D94601249346049E0122D8
:1025C000059D1BE52E0000216B5EEDE701236B40AE
:1025D000DBB2DA00D31A1C01E41A0A9B64021B78EE
:1025E000002B00D15BE3AA22120294460D9A6444A8
:1025F0009046A044022B00D1AEE3032B00D19DE313
:10260000012B00D167E32B4E0E9B1B680693274BD3
:102610000993099B069A1A6005230B9A1370344B91
:102620009B460BE0334B1B78402B00D935E31F4B07
:10263000069A09931A602E4B1E4E9B462E4F1C4B3A
:102640005F4499461D4D1997AEE4802201211B4D30
:10265000520049422800D9F767FA154B882099465D
:10266000A7231B494A4608701A49A7260B70DA337C
:10267000FF334B4488279C461D4C0021535E9046F7
:102680001100181E48DA54E018240320392F0320C3
:102690003B2F0320342F0320A92F03208D2300205C
:1026A00000D8FFFFE52F03209C2F0320403100209E
:1026B00078ED0020352F03204047FFFFD026012072
:1026C00000F0FFFFD82E0320362F0320E72F032032
:1026D000382F0320372F03201832051008C40310A9
:1026E00040BA031080C203108A0400006B2F03203D
:1026F000B4340020E62F0320C0A800009A78A72A4F
:1027000011DC872A00DC9F70A72800DDDE7019002D
:102710000023C85E00280BDB43001B189B00E31856
:10272000D8788728EADC0020185E08800028F3DAD1
:10273000424602329445A0D10A9B1B78002B01D05F
:1027400001F075F8C44E03230B9AC44F1370C44BA9
:10275000069A09931A60C34B9B465F44199723E47A
:10276000C14B1B78202B00D861E702230B9A137012
:102770005DE7BD4B1B78C72B01D801F0B8FB0A9B66
:10278000BA4C1B780B985A1E9341002203332370D6
:10279000B74B02701A70FFF7FBFBB64B1B78002B90
:1027A00001D0FFF7C4FB56E60B9BB04C1A70032315
:1027B0002370AF4BB04F1A70049B3A80002B01D1AD
:1027C000FFF7E6FBA64BA44EAC4F099385E1AC4A5C
:1027D000AC48AD4BAD49D6F74DFEA94AA948AC4B24
:1027E000AC49D6F747FEA34A1378002B01D101F07C
:1027F00015F80A9B1B78002B01D101F00BF87F2301
:10280000129A12781340013BDBB2022B00D9B7E0D9
:10281000A14A9B009858A14B1A68904201D101F03F
:10282000CBF818600023944F3B80CFF7C5FF002200
:10283000BB5E0600002B01D101F00EF8012B00D089
:102840009EE001220C9B5AA91B785340DBB2DA00B0
:10285000D31A1C01E41AAA231B029C460D9B640296
:1028600064449C46002201236444FDF729F95A9BE5
:10287000802199469B7849001B020B4049464978C4
:10288000A0220B4349465200C978934200D03EE350
:10289000C82900D03BE35C9B30009A465B9B5146C5
:1028A0001D000493FCF720FAA022AC468346920058
:1028B00062440697159F03950592039B1A88130A95
:1028C000FF2B01D100F097FF4B4604201B785D9948
:1028D000184201D100F088FF891832AD2800494420
:1028E000FBF7CCFA262216ABFF329B181B787F2B06
:1028F00000D81EE3A82603E0013EC7B2002E12D086
:102900002A0059465046FCF723FBFF28F4D9FF2341
:102910000340062B01D900F0FAFB03383F18013EB3
:10292000FFB2002EECD1A0239B01E61807E02300A4
:102930004133C7B2FF3327709E4215D01C002A00D6
:1029400059465046FCF704FBFF28F0D9FF2303400B
:10295000062B00D9E7E2230003383F184133FFB2CA
:10296000FF3327709E42E9D14D4A039B9446059A56
:1029700002330393644493429FD10223069F3B801A
:102980003A4C484D01204042F9F748F8464B1E7832
:10299000002E16D12B78002B01D000F018FF2378E1
:1029A000032B14D1129B1B78002B10D143461868BF
:1029B000CFF774F9012605E08020C002FBF740FA4A
:1029C000ACE400260A9B2A781B78002A07D10A9BD0
:1029D0000B9A1B7812781A4301D100F0E6FE022B05
:1029E00001D100F0D2FEE5F7E7FC002E05D0CFF7CD
:1029F0006BFE43461868CFF75BF92B78012B01D1AA
:102A000001332B700C9B217818780123089C2278C5
:102A100053402370254B1870254B1A7004290DD094
:102A2000244801F001FCFCF7AFFB00280ED161B097
:102A3000F0BCBB46B246A946A046F0BD0A9B1B7837
:102A4000022BEDD000221C4B1A60E9E78020000326
:102A5000FBF7F6F9EBE7C046352F0320C0A80000CE
:102A600040310020B4340020E62F03209C2F0320A7
:102A7000342F03203B2F0320D42E0320B81701202E
:102A80004CC4031040BA031068C403103809000096
:102A900034C403103709000030320510D02701205C
:102AA00041D9FFFFA92F03203F2F03209A2F032096
:102AB0009B2F0320880B0320E8040320049B002B9A
:102AC00001D1FFF765FA0A9B1B78002B00D024E3A5
:102AD000DA4BDB4EDB4FDC4C09932378032B00D120
:102AE000B9E080220121D94D520049422800D9F78E
:102AF0001BF8D74B002199461800872387229C4654
:102B0000D44BA2461970D44B1A70D44B9B46A023C9
:102B10009B004B445C469846B34606000022B35ED9
:102B20003000002B14DB039604955A00D218920053
:102B3000A2189178D6780025535F872948D8872E28
:102B400001D96146D1701000002BEEDA039E049D7E
:102B50000236B045E2D1012105235E46A346544624
:102B600038000B2249422370D8F7DEFFBC4FBD4B23
:102B7000A0221F609846A0239B00F818BA4B0021A2
:102B800052009A461860D8F7CFFF0623B749B84AD3
:102B90005B42791800248B52039704E000233B80AA
:102BA000B44B9C4216D0E6F7A1FA434603211F68B6
:102BB000D7F76EFE3B5B01395B1802341BB23F193D
:102BC000002BEBDC1A000C32E9D10B235B42E6E769
:102BD0000380B9E7A0225346520094461B680C9923
:102BE0009C4401230C7860466340DBB21B1BE10070
:102BF000091BDC00E41A0B015B1A0D995B02884685
:102C00009D49434488462101091BA024A401434453
:102C1000A0469A4C49020022039F4144206004E0F0
:102C2000CC184133013210C0FF33A72AF8DD08C0A9
:102C300001324133FF33C82AF7D101230B9A199788
:102C4000137000228E4B1A700E9B099A1B68069314
:102C50001360FFF7A9F98B4B98460C9B1D784346F0
:102C60001868CFF71BF80020F8F724FFEA00521B82
:102C700013019B1A804A5B0294460D9A6344944662
:102C8000099D63442B60CFF71FFD43461868CFF7BB
:102C90000FF80E9B1B682B6023E7042366E5794B36
:102CA00018689846CEF7FAFF0120F8F703FF724B39
:102CB0009C460D9B64449C46604B644409931C6095
:102CC000CFF702FD43461868CEF7F2FF0E9B5C4E2D
:102CD0001B6806939DE46C4B00241C5F002C4AD1BA
:102CE000574E684BC82718689846CEF7D7FFFBF7B2
:102CF00011F801220C9B51491B7809915340DBB21A
:102D0000DA00D21A13019B1A5B4A5B0294460D9AB1
:102D10006344944663440B60CFF7D6FC434618687F
:102D2000A8235A4C5A4D23702F70CEF7C1FF0023B1
:102D300023700E9B2F701B6806936AE4554B18682E
:102D4000CFF73AFD0400002C15D13D4E0A9B1B78AD
:102D5000012B00D058E4C4E74F4B1B78002B00D167
:102D6000F5E0012B00D1EAE0022B00D1CDE1334B9D
:102D7000334E09934DE40123002242A92000FCF7C1
:102D80009FFE8021A022429F4900BB7852001B0277
:102D90000B4079780B43F978934200D0B7E0C8290B
:102DA00000D0B4E0449B20009946439B49461C0058
:102DB0000393FBF799FF2300A022A446BB4682465B
:102DC00044461F009200624404923A88130AFF2B83
:102DD00000D191E05B4604201B784599184200D150
:102DE00084E0891822AD28005944FBF747F8C52232
:102DF00016AB9B181B787F2B00D89AE0A823A0461F
:102E00001C0003E0013CC6B2002C11D02A00514640
:102E10004846FCF79DF8FF28F4D9FF230340062B12
:102E200000D974E103383618013CF6B2002CEDD11C
:102E3000A0239B0144469846A04437E0403100203F
:102E4000352F0320B81701209C2F0320D026012006
:102E500078ED0020382F0320372F0320B4340020D2
:102E600074DD0020542B0320502B03204057FFFF1C
:102E7000C0A800007E02000000D8FFFF4C2B0320FA
:102E8000E62F0320182403202C2F0320E52F0320F6
:102E90008D2300207C0503206B2F0320230041336A
:102EA000C6B2FF332670434514D01C002A00514699
:102EB0004846FCF74DF8FF28F0D9FF230340062BC6
:102EC00031D82300033836184133F6B2FF33267069
:102ED0004345EAD1B14B02379C46049B6444BB4254
:102EE00000D072E70A9BAE4E1B7831E722AD280076
:102EF0005944FAF7C9FF7AE7C6211A4016AB5B18A6
:102F00001B88934209D9039B5200D25A62E7A54A13
:102F1000A548A64BA649D6F7ADFAA24AA248A54BAA
:102F2000A549D6F7A7FA9F4A9F48A44BA449D6F7CC
:102F3000A1FA9C4A9C48A34BA349D6F79BFAE2F717
:102F4000BFF8002857D0CFF737FC0400FBE69F4BB3
:102F50001868CFF731FC011EC4D0914E3278002A98
:102F600000D1CCE09A4B9B4F18683B78994200D136
:102F7000BAE0012A36D07B78994200D19EE0002346
:102F8000022A2FD0BC78A14200D1A2E0032A26D089
:102F9000FC78A14200D186E0042A20D03C79A142ED
:102FA00077D0052A1BD07C79A14268D0062A16D09A
:102FB000BC79A14259D0072A11D0FC79A1424AD04C
:102FC000082A0CD03C7AA1423BD0092A07D07C7A4F
:102FD000A14215D00A2A02D0BA7A914217D018001D
:102FE000031E16D17C4B002000229B5EC91AFCF701
:102FF00021F903000DE07948CFF7DEFB0400A2E6DB
:10300000774BC3180A2A04DDBA7A8A4201D1754B7C
:10301000C318A027A8203F259C4644467F002B00CC
:10302000002203402900114089016144C95CA15478
:103030000132BA42F6D141340130FF34C828EED112
:1030400084E6694BC318092AE3DD7C7AA142D7D014
:103050000A2AC1D1DDE7654BC318082AD9DD3C7ABD
:10306000A142EED0092AB2D1D3E7614BC318072A97
:10307000CFDDFC79A142EED0082AA3D1C9E75D4B90
:10308000C318062AC5DDBC79A142EED0072A94D127
:10309000BFE7594BC318052ABBDD7C79A142EED0AE
:1030A000062A85D1B5E7554BC318042AB1DD3C7912
:1030B000A142EED0052A00D075E7AAE7504BC3180D
:1030C000022AA6DDBC78A14203D0032A00D05FE724
:1030D0009FE74C4BC318032A9BDDFC78A142E2D04A
:1030E000042A00D05AE794E7012A00D178E77B78D8
:1030F0009942E3D0022A00D172E7030042E7424A34
:103100002948424B4249D6F7B5F942481BE7254AC0
:1031100025482A4B4049D6F7ADF901220C996A405F
:10312000D2B20A70D100891A0A01521A0D995202BC
:103130008D180E9A1560394A09921560022B00D13C
:1031400052E1032B00D142E1012B00D0FFE0344BD0
:1031500000241C5F002C00D088E0114E1D4F314B25
:1031600098461868CEF79AFDFAF7D4FDCFF7ACFA77
:10317000434618680023984642462B4C2B4D883313
:1031800023702A70CEF794FD43462B70C83323700A
:103190000E9B099A1B68264C13609EE441D9FFFFE1
:1031A000352F03207CC0031040BA031064C0031005
:1031B00051090000ACC0031063090000C8C003102F
:1031C00088090000CC4903106D090000583F012018
:1031D00074ED0020B8170120EE2E03207CC10310EF
:1031E0000070FFFF0060FFFF0080FFFF0090FFFF07
:1031F00000A0FFFF00B0FFFF00C0FFFF00D0FFFFF7
:1032000000F0FFFF00E0FFFFE0C00310A8BE0310C6
:10321000D509000084C103107E0900004031002060
:103220002C2F0320182403208D230020E52F0320BA
:103230009C2F0320032B01D0FFF7A2FB0B9B1B78D5
:10324000002B01D0FFF79CFBD04C2378002B00D142
:103250009BE0CF4B1868CFF7AFFA002800D18EE083
:10326000FEF768FCCB4CCC4DFFF78CFB0123002212
:1032700036A92000FCF724FC8021A022369E4900BC
:10328000B37852001B020B4071780B43F1789342E4
:1032900000D03CE6C82900D039E6389B20009A4689
:1032A000379B51469B46FBF71FFDFF234C465F466D
:1032B000B14698468233FF335B44039005933A88C6
:1032C000130AFF2B4ED04B4604201B783999184225
:1032D00042D089181AAE30004944FAF7CFFD952242
:1032E00016AB9B181B787F2B00D822E6AA231B0263
:1032F0009C46AC446346049308E0C4B22B00049A95
:103300004133FF332C70934210D01D0032005046E1
:103310000399FBF71DFEFF28EFD943460340062B18
:1033200000D900E603382418E4B2E7E79B4B0237E4
:103330009C46059B6544BB42C1D10A9B984E1B78B5
:10334000984F012B00D10AE7924CFFF7C6FB944E31
:10335000944F904CFFF7C1FB1AAE30004944FAF786
:1033600093FDBCE7434696211A4016AB5B181B88B9
:10337000934200D8D1E55B465200D25AA3E78A4A6D
:103380008A488B4B8B49D6F775F8434618680C9BD7
:103390001D78CEF783FC0020F8F78CFBEA00521B67
:1033A00013019B1A844A5B0294460D9A6344944627
:1033B000099D63442B60CFF787F943461868CEF721
:1033C00077FC0E9B1B682B600123237041E7704B39
:1033D0001868CFF7F1F90400002C00D046E7704ED2
:1033E000704F0A9B1B78ACE7744B1B78002B01D104
:1033F00000F0E4FC012B01D100F0D4FC022BA6D19B
:103400006F48CFF7D9F90400E6E76C4B1B78012B26
:103410000DD000226B4B5F4C5F4D1A60FFF7B2FA84
:103420005D4D2B78002B22D15A4CFFF7ABFAE1F718
:1034300047FE0028EDD10B9B1B78002BE9D1A0247F
:10344000E1F7ECFD604E640033880500241AA342C6
:1034500001DD109B33803388A34226DB0022594BC9
:103460001A60E1F7F3FD4B4C4B4DFFF78BFA4346E7
:103470001868CEF713FC0B9B1B78002B01D0FEF7CE
:103480008DFFFEF789FF012B2AD00023424D013327
:1034900023702B78002BEAD10B9B1B78002B01D1DA
:1034A000FEF77AFF3B4CFFF76DFAC8270C9B454AA5
:1034B0001B7846487B435B4413609146CFF77CF909
:1034C000A0235B009C4207D04B46013D00953A008B
:1034D00000211B68FCF71EFD338801333380C0E7F1
:1034E0003B4A07920025555F002DCFD00C9AD1336F
:1034F00012781B0253430D9A4EA9D61828000123B7
:103500000022FCF7DDFA8021A0224E9F4900BB7803
:1035100052001B020B4079780B43F978934200D09C
:10352000F5E4C82900D0F2E44F9B509928009B464F
:103530000391FBF7D9FBA0239B005B4405933B0061
:10354000FF255F46A246994604903A88130AFF2B4E
:1035500000D1F9E04B4604201B785199184200D164
:10356000ECE089182AAC20004944FAF787FCF522E0
:1035700016AB9B181B787F2B00D8DAE4D2231B02F2
:103580009C46B4446346069325E0C0463A2F032088
:103590007C0503209C2F0320A92F03204157FFFF08
:1035A000352F0320B8170120F0C3031040BA0310D1
:1035B00088C403103B0B000000D8FFFF6B2F0320D3
:1035C00084C10310E8040320DE2E032080C403100E
:1035D0002C2F03201E00220004990398FBF7B8FC4F
:1035E000FF2808D92B000340062B00D99BE4119B30
:1035F00003389C466044C3B2119333703300069A7B
:103600004133FF339342E5D1DC4B02379C46059BA7
:1036100066449F4299D1079BD22200255D5F01231A
:103620000C9912020978280059404A43AA2109023C
:103630008C460D9962448E18002248A9FCF740FA86
:103640008021A022489F4900BB7854461B020B40B2
:10365000797852000B43F978934200D057E4C82997
:1036600000D054E4499B4A9928009B460391FBF7FC
:103670003BFBFF239A468233FF335B4406932300D0
:103680005C46994604902288130AFF2B6FD00420D1
:103690003B784B99184264D0891826AD28007918D8
:1036A000FAF7ECFBDD2216AB9B181B787F2B00D8BA
:1036B0003FE4A82305932A0004990398FBF748FCEC
:1036C000FF2808D953460340062B00D91FE50F9B5E
:1036D00003389C466044C3B20F93059B013B05939E
:1036E000002BE8D1A0239B019C46B444634605937C
:1036F00000E01E002A0004990398FBF729FCFF282C
:1037000009D953460340062B01D9FFF70CFC0F9B48
:1037100003389C466044C3B20F9333703300059A5C
:103720004133FF339342E4D1954B02349C46069BD0
:103730006644A342A7D14C462378A7E62AAC2000D2
:103740004944FAF7A1FB12E7F62116AB5B181B8878
:103750002A40934201D8FFF7E0FB5B465200D25A61
:10376000F8E626AD28007918FAF78EFB9AE753465B
:10377000DE211A4016AB5B181B88934201D8FFF775
:10378000CCFB5B465200D25A81E77E4B1B78022B62
:1037900001D0FFF728F90B9B1B78002B01D0FFF716
:1037A00022F9E1F72DFCFFF71EF9774B1B68002B80
:1037B00001D1FFF718F9129B1B78002B01D0FFF7FE
:1037C00012F9E3F75FFF0A9B1B78FFF708F90A9BE2
:1037D0001B78022B03D0E4F7EFFDFFF70EF9694BDE
:1037E0001B78022BF7D1D6E732AD28004944FAF70F
:1037F0004BFBFFF777F893211A40490016AB5B1893
:103800001B88934201D8FFF788FB049B5200D25AD1
:10381000FFF75AF8F8F7A0FDFEF7F1FF01200421A9
:1038200010705A4C5A4A21701360FEF7E2FFAA2129
:1038300009028C46069A62449046022B00D1EAE0C7
:10384000032B00D1D9E0012B00D1B8E0514E0E9BE3
:103850001B680693FEF777FF0C9A4C4C12780433E2
:103860002370D3009B1A1D01ED1A0D9B00229C466C
:1038700054A901236D026544FCF722F9549B802171
:1038800099469B7849001B020B4049464978A02283
:103890000B4349465200C978934201D0FFF737FBEA
:1038A000C82901D0FFF733FB569B30009A46559B41
:1038B00051461E000593FBF717FAA022B446434673
:1038C0008346A046920062440797149F0396049291
:1038D0000693039B1A88130AFF2B5FD04B460420E4
:1038E0001B785799184242D089182EAE30004944AF
:1038F000FAF7C4FA0E2216ABFF329B181B787F2B07
:1039000001D8FFF716FBD2231B02EC1807E02B00AF
:103910004133C7B2FF332F709C4216D01D003200D6
:1039200059465046FBF714FBFF28F0D9FF2303400C
:10393000062B01D9FFF7F7FA2B0003383F18413364
:10394000FFB2FF332F709C42E8D10C4A039B944690
:10395000049A0233039365449342BAD1069B4446CA
:1039600098460123079F0C4D3B80FFF70BF82EAEC6
:1039700030004944FAF788FABCE7C046412FFFFF00
:1039800041D9FFFF6B2F03206CE602209C2F032000
:10399000D0270120352F0320A92F032087211A408B
:1039A000490016AB5B181B88934201D8FFF7B5FAA4
:1039B000059B5200D25A91E7D04FFEF736FFD04B0D
:1039C00000241C5F002C37D1CE4ECF4B9846186890
:1039D000CEF764F9FAF79EF9CEF776FE43468822D1
:1039E0001868A823C94FCA4C3A702370CEF760F903
:1039F00000233B70C833237029E7C64B1868CEF705
:103A0000DBFE0400002C17D1BE4E0A9B1B78012B55
:103A100000D01CE7D9E7C04B1B78002B00D1B7E0E2
:103A2000012B00D1AAE0022B01D0FEF78BFEBB4890
:103A3000CEF7C2FE0400E5E7012300223CA92000E6
:103A4000FCF73EF88021A0223C9F4900BB78520041
:103A50001B020B4079780B43F978934201D0FFF7B2
:103A600056FAC82901D0FFF752FA3E9B20009B4628
:103A70003D9B59461C000593FBF736F9A022A4464E
:103A800046460494B8465446AA46920062440390BF
:103A90000692049B1A88130AFF2B62D04346042027
:103AA0001B783F99184256D089181EAD2800414412
:103AB000FAF7E4F9AD2216AB9B181B787F2B01D8DF
:103AC000FFF737FA882703E0013FC4B2002F12D076
:103AD0002A0058460399FBF73BFAFF28F4D9FF2345
:103AE0000340062B01D9FFF712FB03382418013FCE
:103AF000E4B2002FECD1A0239B01F71807E03300BC
:103B00004133C4B2FF333470BB4216D01E002A00CA
:103B100058460399FBF71CFAFF28F0D9FF2303400E
:103B2000062B01D9FFF7FFF933000338241841337E
:103B3000E4B2FF333470BB42E8D1794A049B944627
:103B4000069A0233049366449342A2D155460A9BD7
:103B50006C4E1B785BE71EAD28004144FAF794F9E0
:103B6000A8E7AE211A4016AB5B181B88934201D818
:103B7000FFF7D3F9059B5200D25A8FE7E1F7A0FA7D
:103B8000002800D054E76748CEF716FE040039E756
:103B9000654B1868CEF710FE0028D8D0594E327801
:103BA000002A01D1FFF7ABFA604B614F19683B78EF
:103BB000834259D00023012A5DD07C78A0424ED0A8
:103BC000022A32D0BC78A04200D1E5E0032A2CD0F2
:103BD000FC78A04200D1D9E0042A26D03C79A0424A
:103BE00000D1CDE0052A20D07C79A04200D1C1E0EF
:103BF000062A1AD0BC79A04200D1B5E0072A14D019
:103C0000FC79A04200D1A9E0082A0ED03C7AA0425B
:103C100000D19DE0092A08D07C7AA04200D191E031
:103C20000A2A02D0BA7A904222D0002B23D0A024B4
:103C30006200924608203F27002239004446114086
:103C400089015918095CA15401325245F5D1A022CD
:103C5000520094460130E0442828EDD1D5E6354B9A
:103C6000CB18022AAED1E2E70B00012AA5D1DCE78E
:103C7000314BCB18DBE7314B0021595E411A002054
:103C8000FBF7D8FA0300D2E71F4BA825984618681F
:103C9000CEF704F8E1F74AFACEF716FD43461C4C7E
:103CA00018682570CEF704F801220C9E0D9F33781A
:103CB0005340DBB2DA00D21A13019B1A204A5B028E
:103CC00094466344BC46099A63441360CEF7FCFCF7
:103CD000C823237043460D4C18682570CDF7E8FFC4
:103CE0000023BC4623703378DA00D21A13019B1AE2
:103CF0005B02099A63441360FEF71AFBD42E03207B
:103D00002C2F0320352F032018240320E52F032018
:103D10008D2300207C0503206B2F032084C103101A
:103D200041D9FFFF7CC10310583F012074ED0020F2
:103D3000B817012000F0FFFF0060FFFFEE2E032008
:103D400000D8FFFF8A4BCB180A2A00D06AE76EE73B
:103D5000884BCB18092A00D05EE768E7864BCB1862
:103D6000082A00D052E762E7844BCB18072A00D01C
:103D700046E75CE7824BCB18062A00D03AE756E7C5
:103D8000804BCB18052A00D02EE750E77E4BCB188E
:103D9000042A00D022E74AE77C4BCB18032A00D044
:103DA00016E744E7E1F78CF9002801D0FFF729FB7B
:103DB0007748CEF701FD0400FFF70EFB754B18683E
:103DC000CEF7FAFC002801D1FFF7B7FA724E32782D
:103DD000002A01D1FFF793F9704B714F19683B78B6
:103DE000984260D00023012A54D07C78A0424CD065
:103DF000022A2FD0BC78A04200D1B3E0032A29D0F8
:103E0000FC78A04200D1A7E0042A23D03C79A0424C
:103E100000D19BE0052A1DD07C79A04200D18FE023
:103E2000062A17D0BC79A04200D183E0072A11D01E
:103E3000FC79A04279D0082A0CD03C7AA0426FD0FD
:103E4000092A07D07C7A844265D00A2A02D0BA7A3D
:103E500090422CD0002B1DD0A022520094463F222D
:103E6000002090464446002204404146114089010A
:103E70005918095DA95401326245F6D14135013026
:103E8000FF358828EED1FFF7ACFA464BCB18022A53
:103E9000B0D1E1E7444B0021595E411A0020FBF705
:103EA000C9F90300D8E70B00012A9ED1D2E73F4BA6
:103EB000CB18D1E70B9B1B78002B01D0FEF760FDE0
:103EC0003B4B1B78002B0FD13A4D002029784B42F9
:103ED0005941C9B2F8F786FA00210323364A374C14
:103EE00011802370FEF74EFDDFF7E2FEECE7344B66
:103EF000069A09931A60334B334F9B46334B264E39
:103F00009946334D1997FEF74FF8324A3248334BF2
:103F10003349D5F7AFFA164BCB180A2A97D19BE74E
:103F2000144BCB18092A8DD196E7134BCB18082ACE
:103F300083D191E7114BCB18072A00D078E78BE7A4
:103F40000F4BCB18062A00D06CE785E70D4BCB183A
:103F5000052A00D060E77FE70B4BCB18042A00D07E
:103F600054E779E7094BCB18032A00D048E773E7F9
:103F70000070FFFF0080FFFF0090FFFF00A0FFFF29
:103F800000B0FFFF00C0FFFF00D0FFFF00E0FFFF19
:103F90007CC10310583F0120352F032074ED002011
:103FA000B817012000F0FFFFEE2E03200060FFFF96
:103FB000442F0320A92F0320D42E03209C2F03205D
:103FC00040310020B434002074DD002078ED002062
:103FD000D0260120F0C3031040BA0310D8C3031049
:103FE000360A000030B5032A1AD90B0003439B0799
:103FF00011D0551E002303E05A1C9D4213D013001C
:10400000C25CCC5CA242F7D0101B0DE0043A043035
:104010000431032A04D904680B689C42F6D0E8E70F
:10402000551E002AE6D1002030BDC046F0B58842BA
:104030000AD98B18984207D2531E002A03D0CA5CB3
:10404000C254013BFBD2F0BD05000F2A0AD8561E10
:10405000002AF8D00023CC5C1A00EC5401339642BD
:10406000F9D1F0E703273E000D430C0003002E407A
:104070002F422DD11500103D2D09AC462F013F18C0
:1040800025681D6065685D60A5689D60E568103401
:10409000DD601D001033BD42F2D165460F230C24B4
:1040A00001352D01491913404519144213D0043B21
:1040B0009B0801339B008C59AC5104369E42FAD1C7
:1040C00003231A40AD198919561E002AC2D1BAE736
:1040D0000500561EBEE71A00B9E7C0460B000343B1
:1040E00070B506009B070ED1032A0CD9114D04E0D0
:1040F000043A043110C6032A05D90C680E4BE318A4
:10410000A3432B42F4D03300002406E00D5D013AB6
:10411000355501330134002D02D0002AF6D170BD8F
:1041200000219C18002AFAD019700133A342FBD158
:10413000F5E7C04680808080FFFEFEFE024670B537
:104140000A4392072AD11E4DEE0104C808C9541B28
:104150009443344017D0D0B2D9B2401A210601435B
:1041600010D190B299B2401A210401430AD1100231
:104170001902000A090A401A2102014302D1100E55
:10418000190E401A70BD9A42DFD010BA19BA88428F
:1041900001D9012070BD0020C04370BD02780B78AA
:1041A00001300131002A09D09A4207D102780B78F8
:1041B00001300131002A01D09A42EFD0D01A70BDEF
:1041C0000101010110B583070AD00300032102E0B9
:1041D00001330B4205D01A78002AF9D1181A10BD04
:1041E000030019680C4A0D4C8A188A4322420FD1E9
:1041F0005968094A04338A188A43224208D1596807
:10420000054A04338A188A432242F1D000E0013380
:104210001A78002AFBD1E1E7FFFEFEFE8080808055
:10422000F8B5C0460000000001B40248844601BC55
:10423000604700BF030A002001B40248844601BC65
:10424000604700BF210C002001B40248844601BC35
:10425000604700BF710B002001B40248844601BCD6
:10426000604700BF7D21002001B40248844601BCA4
:10427000604700BF3520002001B40248844601BCDD
:10428000604700BFD104002001B40248844601BC4D
:10429000604700BF911F002001B40248844601BC62
:1042A000604700BFF902002001B40248844601BC07
:1042B000604700BF7D21002001B40248844601BC54
:1042C000604700BF4B09002001B40248844601BC8E
:1042D000604700BF4D0A002001B40248844601BC7B
:1042E000604700BF550B002001B40248844601BC62
:1042F000604700BFF91F002001B40248844601BC9A
:10430000604700BF3D12002001B40248844601BC52
:10431000604700BFC100002001B40248844601BCD0
:10432000604700BFC10F002001B40248844601BCB1
:10433000604700BF6D01002001B40248844601BC03
:10434000604700BFA51E002001B40248844601BC9E
:10435000604700BF210B002001B40248844601BC25
:10436000604700BF6511002001B40248844601BCCB
:10437000604700BF6D07002001B40248844601BCBD
:10438000604700BF0111002001B40248844601BC0F
:10439000604700BF0D11002001B40248844601BCF3
:1043A000604700BFE909002001B40248844601BC0F
:1043B000604700BF4509002001B40248844601BCA3
:1043C000604700BF950F002001B40248844601BC3D
:0843D000604700BFF90C00205A
:1043D80062692D3E62697473203C2032340000000B
:1043E8002F55736572732F7A6170702F6465762FFD
:1043F800646333325F6E6962626C65722F72703209
:104408003034302D646F6F6D2F7372632F74696E43
:10441800795F687566662E68000000006E3C3D3363
:10442800320000006C656E677468203E20302026DC
:1044380026206C656E677468203C3D206D61785F4E
:10444800636F64655F6C656E677468002F5573658C
:1044580072732F7A6170702F6465762F64633332BC
:104468005F6E6962626C65722F7270323034302D03
:10447800646F6F6D2F7372632F74696E795F6875DF
:1044880066662E6300000000636F756E74202A2034
:1044980032202B2031203C20746D705F6275665F7E
:1044A80073697A65000000006275666665725F73FD
:1044B800697A65203E3D2074685F6465636F646552
:1044C800725F73697A6528636F756E742C206D61ED
:1044D800785F636C29000000636F756E74203C2060
:1044E800746D705F6275665F73697A6500000000BD
:1044F8002F55736572732F7A6170702F6465762FEC
:10450800646333325F6E6962626C65722F727032F7
:104518003034302D646F6F6D2F7372632F6D757328
:10452800785F6465636F6465722E63006465636FAA
:104538006465725B305D203E203100006C656E67FB
:104548007468203C3D203800636F6465203C20641B
:1045580065636F6465725B54485F4944585F4345BF
:10456800494C494E47202B20322A6C656E67746887
:104578002D315D006C656E677468203C206D617834
:104588005F636F64655F6C656E6774680000000048
:104598006D696E5F636C203C206D61785F636C00B1
:1045A8002F55736572732F7A6170702F6465762F3B
:1045B800646333325F6E6962626C65722F72703247
:1045C8003034302D646F6F6D2F7372632F696D6196
:1045D80067655F6465636F6465722E630000000041
:1045E800636F756E74202A2033202B2032203C20E4
:1045F800746D705F6275665F73697A6500000000AC
:10460800706F73203C20627566666572202B20628D
:1046180075666665725F73697A650000446F6F6DD1
:1046280020494900706C75746F6E69612E776164FA
:104638000000000046696E616C20446F6F6D3A207F
:10464800506C75746F6E6961204578706572696D1C
:10465800656E7400746E742E7761640046696E61CD
:104668006C20446F6F6D3A20544E543A2045766959
:104678006C7574696F6E0000646F6F6D2E7761647E
:1046880000000000446F6F6D00000000446F6F6D04
:1046980020536861726577617265000066726565AE
:1046A800646D2E776164000046726565444D0000B4
:1046B80066726565646F6F6D322E77616400000005
:1046C80046726565646F6F6D3A2050686173652046
:1046D8003200000066726565646F6F6D312E776118
:1046E8006400000046726565646F6F6D3A2050681B
:1046F80061736520310000005761726E696E673A18
:104708002057414420636F6E7461696E732064653D
:104718006D6F20776974682061206E6F6E2D7661E9
:104728006E696C6C6120657874656E73696F6E2054
:10473800282573290A0000005761726E696E673A6E
:1047480020506C6179696E67206261636B2061201B
:1047580064656D6F2066696C65207769746820618F
:10476800206E6F6E2D76616E696C6C612065787451
:10477800656E73696F6E20282573292E2055736521
:10478800202D73747269637464656D6F7320746F20
:104798002064697361626C65207468697320657848
:1047A80074656E73696F6E2E0A000000642D3E6397
:1047B80068616E6E656C5F6E6F74655F6672656565
:1047C800203E3D20300000002F55736572732F7A0C
:1047D8006170702F6465762F646333325F6E69622F
:1047E800626C65722F7270323034302D646F6F6D69
:1047F8002F7372632F6D7573785F6465636F64657B
:10480800722E6800642D3E6368616E6E656C5F6E23
:104818006F74655F686561645B6368616E6E656C23
:104828005D3D3D2D31000000642D3E6368616E6E74
:10483800656C5F6E6F74655F7461696C5B636861FA
:104848006E6E656C5D3D3D2D3100000064697374CA
:10485800203C20642D3E6368616E6E656C5F6E6FF0
:1048680074655F636F756E745B6368616E6E656CAB
:104878005D00000066726565645F696E6465782036
:104888003E3D203000000000642D3E6368616E6E7E
:10489800656C5F6E6F74655F686561645B636861B2
:1048A8006E6E656C5D3E3D3000000000642D3E6319
:1048B80068616E6E656C5F6E6F74655F7461696C5C
:1048C8005B6368616E6E656C5D3E3D3000000000A4
:1048D800707265765F696E646578203E3D203000B1
:1048E8006465636F6465725B305D00004D555358B5
:1048F800000000004D5553585F4C6F61645241579A
:104908002044617461207761736E277420636F6D32
:1049180070726573736564204D5553582E000000FE
:1049280066696C652D3E747261636B735B305D2ED6
:104938006275666665725F73697A65203D3D206CB5
:10494800656E202D203800002F55736572732F7AFD
:104958006170702F6465762F646333325F6E6962AD
:10496800626C65722F7270323034302D646F6F6DE7
:104978002F7372632F6D69646966696C652E6300B5
:10498800636F6E74726F6C6C6572203E3D203120CF
:10499800262620636F6E74726F6C6C6572203C3DC6
:1049A80020390000642D3E6368616E6E656C5F6E31
:1049B8006F74655F636F756E745B6368616E6E6557
:1049C8006C5D000066616C73650000007472616361
:1049D8006B203C206D69646966696C655F6E756DF6
:1049E800747261636B732866696C65290000000046
:1049F8006B65795F6D756C74695F6D7367706C61F9
:104A080079657225690000007061746368000000B0
:104A18002F55736572732F7A6170702F6465762FC6
:104A2800646333325F6E6962626C65722F727032D2
:104A38003034302D646F6F6D2F7372632F765F760D
:104A48006964656F2E6300007670617463685F68DF
:104A580061735F7368617265645F70616C657474BB
:104A680065287061746368290000000076706174BD
:104A780063685F636F6C6F72636F756E74287061C3
:104A880074636829000000007670617463685F735E
:104A980068617265645F70616C65747465287061C3
:104AA80074636829203C204E554D5F534841524558
:104AB800445F50414C4554544553000070203C3DE0
:104AC8002077000070203C3D2070656E6400000077
:104AD80074797065203D3D207670385F72756E730D
:104AE8005F636C6970706564207C7C207479706584
:104AF800203D3D207670345F736F6C69645F636C32
:104B080069707065640000007670617463686C6930
:104B18007374000020636F756C646E2774206F7067
:104B2800656E2025730A00004E6F205748442061A7
:104B3800742025700A0000003C686572653E00001C
:104B48005748442061742030783130303630303066
:104B580030000000763E3D30783230303030303032
:104B6800342026262076203C3D20307832303034E0
:104B780030303030202626202128762633290000A0
:104B88002F55736572732F7A6170702F6465762F55
:104B9800646333325F6E6962626C65722F72703261
:104BA8003034302D646F6F6D2F7372632F646F6FA5
:104BB8006D747970652E680073697A65203C2036BB
:104BC800353533362A3400002F55736572732F7AC2
:104BD8006170702F6465762F646333325F6E69622B
:104BE800626C65722F7270323034302D646F6F6D65
:104BF8002F7372632F7A5F7A6F6E652E63000000E1
:104C08006F7574206F66206D656D6F727900000096
:104C1800746167203C2050555F50555247454C45BC
:104C280056454C0073697A65202D2073697A656F43
:104C380066286D656D626C6F636B5F7429203E3DFD
:104C480020340000766F6C756D65203C2032353657
:104C5800000000002F55736572732F7A6170702FF2
:104C68006465762F646333325F6E6962626C657265
:104C78002F7270323034302D646F6F6D2F73726302
:104C88002F695F6F706C6D757369632E6300000028
:104C980067656E6D6964690053797374656D206327
:104CA8006C6F636B206F66202575206B487A2063D4
:104CB800616E6E6F742062652065786163746C79CB
:104CC8002061636869657665640000004932532095
:104CD80044494E7C4932532042434B7C493253204D
:104CE8004C52434B000000007A6F6E65206D656D75
:104CF8006F72793A2025702C20257820616C6C6FB2
:104D0800636174656420666F72207A6F6E650A004D
:104D180020414E4421584F522044433332204E699B
:104D280062626C6572206973206672656520736FB4
:104D38006674776172652C20636F7665726564208E
:104D480062792074686520474E552047656E657204
:104D5800616C205075626C69630A204C6963656EEA
:104D680073652E20205468657265206973204E4F44
:104D78002077617272616E74793B206E6F74206562
:104D880076656E20666F72204D45524348414E54F9
:104D98004142494C495459206F72204649544E4566
:104DA80053530A20464F5220412050415254494300
:104DB800554C415220505552504F53452E20596F53
:104DC80075206172652077656C636F6D6520746FFF
:104DD800206368616E676520616E6420646973741E
:104DE8007269627574650A20636F706965732075EE
:104DF8006E646572206365727461696E20636F6E9C
:104E0800646974696F6E732E2053656520746865D4
:104E180020736F7572636520666F72206D6F72659F
:104E280020696E666F726D6174696F6E2E00000086
:104E3800444F4F4D2E45584500000000434C530049
:104E480043440000413A5C00496E76616C69642015
:104E58006469726563746F72790000004449520096
:104E68004469726563746F7279206F6620413A5C99
:104E78000000000031312F30322F313939342020F1
:104E880030313A323020414D20202020202020206F
:104E98002020202020202020202020444F4F4D2E4D
:104EA8004558450031312F30322F313939342020DF
:104EB80030373A303320504D202020202020202029
:104EC80020202020202020202020202573000000E2
:104ED80031322F31312F32303231202030343A32D2
:104EE8003120504D2020202020202020202020204C
:104EF8002020202020202025642E44534700000035
:104F0800202020202020202025642046696C652848
:104F1800732920202020202020202020202020202D
:104F28002020627974657300202020202020202012
:104F38003020446972287329202020202020202036
:104F4800202020202020202020627974657320668C
:104F58007265650042616420636F6D6D616E6420E7
:104F68006F722066696C65206E616D6500000000D7
:104F780041073A075C07000021286765745F636F83
:104F880072655F6E756D2829202626206469736115
:104F98006C6C6F775F636F7265315F6D616C6C6F9E
:104FA800632900002F55736572732F7A6170702F13
:104FB8006465762F646333325F6E6962626C657212
:104FC8002F7270323034302D646F6F6D2F737263AF
:104FD8002F7069636F2F695F73797374656D2E63C2
:104FE80000000000636861696E5F746F203C3D20BB
:104FF8004E554D5F444D415F4348414E4E454C53DD
:10500800000000002F55736572732F7A6170702F3E
:105018006465762F646333325F6E6962626C6572B1
:105028002F7069636F2D73646B2F7372632F7270A7
:10503800325F636F6D6D6F6E2F6861726477617236
:10504800655F646D612F696E636C7564652F686157
:105058007264776172652F646D612E6800000000CC
:1050680064726571203C3D20445245515F464F5261
:10507800434500006C656E203C20636F756E745F5D
:105088006F66286C617267655F6275666665725FD8
:10509800313629002F55736572732F7A6170702F1E
:1050A8006465762F646333325F6E6962626C657221
:1050B8002F7270323034302D646F6F6D2F737263BE
:1050C8002F7069636F2F7069636F6E65742E63004C
:1050D80075735F73696E63655F626F6F74203C3DC3
:1050E80020494E5436345F4D415800002F557365A2
:1050F80072732F7A6170702F6465762F6463333210
:105108005F6E6962626C65722F7069636F2D73647C
:105118006B2F7372632F636F6D6D6F6E2F70696382
:105128006F5F626173652F696E636C7564652F705C
:1051380069636F2F74797065732E68004932432054
:105148006D756C74692D706C617965720000000072
:10515800776970655F796F66667365747320262654
:1051680020776970655F6C696E656C6F6F6B7570C1
:10517800000000002F55736572732F7A6170702FCD
:105188006465762F646333325F6E6962626C657240
:105198002F7270323034302D646F6F6D2F737263DD
:1051A8002F7069636F2F695F766964656F2E63007E
:1051B8007370203C204E554D5F5348415245445F23
:1051C80050414C45545445530000000064697370C5
:1051D8006C61795F7370695F6D61737465725F6923
:1051E8006E697428292053657474696E6720757018
:1051F80020444D4100000000646973706C61795F60
:105208007370695F6D61737465725F696E69742824
:1052180029205573696E6720444D41206368616E8B
:105228006E656C3A2025640A00000000646973709A
:105238006C61795F7370695F6D61737465725F69C2
:105248006E697428292053657474696E67207570B7
:10525800205350492064726571000000693C504930
:10526800434F5F5343414E564944454F5F53434173
:105278004E4C494E455F4255464645525F434F5551
:105288004E540000746578745F64617461000000B6
:105298006F7665726C6179735B695D2E656E747289
:1052A800792E79203C20636F756E745F6F6628765F
:1052B80070617463686C697374732D3E7670617481
:1052C80063685F737461727465727329000000000B
:1052D800504C415950414C007670617463685F745A
:1052E80079706528737462617229203D3D2076705B
:1052F800345F736F6C6964007670617463685F63B0
:105308006F6C6F72636F756E74287061746368294F
:10531800203C3D20313600006E65775F7769706507
:105328005F6D696E203E3D20776970655F6D696EBF
:10533800000000006275666665722D3E64617461E6
:10534800203C20746578745F7363616E6C696E6568
:105358005F6275666665725F7374617274207C7CC7
:10536800206275666665722D3E64617461203E3DFB
:1053780020746578745F7363616E6C696E655F62D3
:1053880075666665725F7374617274202B2054456C
:1053980058545F5343414E4C494E455F425546462B
:1053A80045525F544F54414C5F574F52445300008D
:1053B8007363616E6C696E65203C20636F756E74F3
:1053C8005F6F66287670617463686C697374732D97
:1053D8003E7670617463685F73746172746572732A
:1053E800290000007072657620213D20767000004B
:1053F8007670617463686C697374732D3E7670613E
:105408007463685F6E6578745B707265765D202181
:105418003D2076700000000073697A65203E3D5497
:105428004558545F5343414E4C494E455F4255469B
:105438004645525F544F54414C5F574F5244532096
:105448002A2034202B2038302A32352A32202B20AB
:105458003430393600000000647325730000000002
:105468006368616E6E656C2D3E6465636F6D707206
:1054780065737365645F73697A652026262063689F
:10548800616E6E656C2D3E6465636F6D70726573D9
:105498007365645F73697A65203C3D2073697A653A
:1054A8006F66286368616E6E656C2D3E6465636F18
:1054B8006D70726573736564290000002F557365FC
:1054C80072732F7A6170702F6465762F646333323C
:1054D8005F6E6962626C65722F7270323034302D83
:1054E800646F6F6D2F7372632F7069636F2F695FBD
:1054F8007069636F736F756E642E63002169735FE3
:105508006368616E6E656C5F706C6179696E67283F
:105518006368616E6E656C2900000000636F6E6ED3
:105528006563745F696E7465726E616C5F666C61E9
:10553800736820262620666C6173685F65786974D5
:105548005F78697020262620666C6173685F7261D7
:105558006E67655F70726F6772616D2026262066C0
:105568006C6173685F666C7573685F6361636865B7
:10557800000000002F55736572732F7A6170702FC9
:105588006465762F646333325F6E6962626C65723C
:105598002F7270323034302D646F6F6D2F737263D9
:1055A8002F7069636F2F7069636F666C6173682E03
:1055B800630000007364615F74785F686F6C645F98
:1055C800636F756E74203C3D206C636E74202D20D3
:1055D800320000002F55736572732F7A6170702F37
:1055E8006465762F646333325F6E6962626C6572DC
:1055F8002F7069636F2D73646B2F7372632F7270D2
:10560800325F636F6D6D6F6E2F6861726477617260
:10561800655F6932632F6932632E63006C6F636B59
:105628005F6E756D203C204E554D5F5350494E5F5F
:105638004C4F434B530000002F55736572732F7AFC
:105648006170702F6465762F646333325F6E6962B0
:10565800626C65722F7069636F2D73646B2F737240
:10566800632F7270325F636F6D6D6F6E2F6861723A
:1056780064776172655F73796E632F73796E632ED9
:10568800630000004E6F207370696E6C6F636B73FC
:105698002061726520617661696C61626C650000E9
:1056A8006964202626206964203C3D20706F6F6C59
:1056B8002D3E686561702D3E6D61785F6E6F646523
:1056C800730000002F55736572732F7A6170702F05
:1056D8006465762F646333325F6E6962626C6572EB
:1056E8002F7069636F2D73646B2F7372632F636FF1
:1056F8006D6D6F6E2F7069636F5F74696D652F7460
:10570800696D652E6300000069642026262069649F
:10571800203C3D20686561702D3E6D61785F6E6F3D
:10572800646573002F55736572732F7A6170702FDB
:105738006465762F646333325F6E6962626C65728A
:105748002F7069636F2D73646B2F7372632F636F90
:105758006D6D6F6E2F7069636F5F7574696C2F69FB
:105768006E636C7564652F7069636F2F7574696CEF
:105778002F70686561702E680000000070617265A6
:105788006E745F69640000006368696C645F6964D3
:1057980000000000706172656E745F696420213DCD
:1057A800206368696C645F696400000069640000D4
:1057B8006964202626202170685F636F6E746169B2
:1057C8006E735F6E6F646528686561702C2069640C
:1057D8002900000021686561702D3E667265655F6D
:1057E8007461696C5F6964002170685F636F6E74CF
:1057F80061696E735F6E6F646528706F6F6C2D3EA4
:10580800686561702C2072657573655F696429002D
:1058180072656D6F7665645F6964203D3D206E65D5
:1058280078745F696400000063616C6C6261636B2B
:1058380000000000706F6F6C2D3E616C61726D5FCF
:10584800696E5F70726F6772657373203D3D206D7E
:10585800616B655F7075626C69635F696428696410
:105868005F686967682C206E6578745F69642900D1
:1058780064656661756C745F616C61726D5F706F91
:105888006F6C5F696E697469616C697A65642829EF
:1058980000000000616C61726D5F696420213D2029
:1058A800706F6F6C2D3E616C61726D5F696E5F70B9
:1058B800726F677265737300726300004174746578
:1058C8006D7074656420746F20736C6565702069F1
:1058D8006E73696465206F6620616E206578636504
:1058E8007074696F6E2068616E646C65723B2075B8
:1058F800736520627573795F7761697420696620C2
:10590800796F75206D7573740000000048617264CA
:105918007761726520616C61726D20256420616C0D
:10592800726561647920636C61696D65640000006B
:1059380074696D65725F68772D3E696E7473202691
:10594800203175203C3C20616C61726D5F6E756D15
:10595800000000002F55736572732F7A6170702FE5
:105968006465762F646333325F6E6962626C657258
:105978002F7069636F2D73646B2F7372632F72704E
:10598800325F636F6D6D6F6E2F68617264776172DD
:10599800655F74696D65722F74696D65722E630039
:1059A80063757272656E74203D3D205F5F756E6829
:1059B800616E646C65645F757365725F697271208E
:1059C8007C7C2063757272656E74203D3D20686131
:1059D8006E646C65720000002F55736572732F7AC0
:1059E8006170702F6465762F646333325F6E69620D
:1059F800626C65722F7069636F2D73646B2F73729D
:105A0800632F7270325F636F6D6D6F6E2F68617296
:105A180064776172655F6972712F6972712E6300B4
:105A28004E6F2075736572204952517320617265FB
:105A380020617661696C61626C650000746F7461E5
:105A48006C0000002F55736572732F7A6170702F88
:105A58006465762F646333325F6E6962626C657267
:105A68002F7069636F2D73646B2F7372632F636F6D
:105A78006D6D6F6E2F7069636F5F73796E632F6DD5
:105A8800757465782E6300006D74782D3E636F72AF
:105A9800652E7370696E5F6C6F636B006C6F636B00
:105AA8005F69735F6F776E65725F69645F76616C5B
:105AB8006964286D74782D3E6F776E6572290000D1
:105AC8006D74782D3E656E7465725F636F756E7464
:105AD80000000000726F6F745F6964002F55736572
:105AE80072732F7A6170702F6465762F6463333216
:105AF8005F6E6962626C65722F7069636F2D736483
:105B08006B2F7372632F636F6D6D6F6E2F70696388
:105B18006F5F7574696C2F70686561702E63000023
:105B28002170685F6765745F6E6F6465286865617A
:105B3800702C20726F6F745F6964292D3E736962DF
:105B48006C696E67000000002170685F6765745FAC
:105B58006E6F646528686561702C20726F6F745F62
:105B68006964292D3E706172656E7400666F756E8A
:105B7800640000006E65775F7375625F74726565B7
:105B880020213D20686561702D3E726F6F745F69DA
:105B9800640000007372635F66726571203E3D2089
:105BA80066726571000000002F55736572732F7A55
:105BB8006170702F6465762F646333325F6E69623B
:105BC800626C65722F7069636F2D73646B2F7372CB
:105BD800632F7270325F636F6D6D6F6E2F686172C5
:105BE80064776172655F636C6F636B732F636C6F4F
:105BF800636B732E6300000076636F5F6672657176
:105C0800203E3D20285049434F5F504C4C5F56433F
:105C18004F5F4D494E5F465245515F4B485A202AC7
:105C2800204B485A292026262076636F5F667265C6
:105C380071203C3D20285049434F5F504C4C5F56E3
:105C4800434F5F4D41585F465245515F4B485A207C
:105C58002A204B485A2900002F55736572732F7AF2
:105C68006170702F6465762F646333325F6E69628A
:105C7800626C65722F7069636F2D73646B2F73721A
:105C8800632F7270325F636F6D6D6F6E2F68617214
:105C980064776172655F706C6C2F706C6C2E63003A
:105CA8006662646976203E3D2031362026262066CD
:105CB80062646976203C3D203332300028706F736F
:105CC800745F64697631203E3D203120262620709D
:105CD8006F73745F64697631203C3D203729202634
:105CE800262028706F73745F64697632203E3D20E9
:105CF8003120262620706F73745F64697632203CE9
:105D08003D203729000000007265665F6672657184
:105D1800203C3D202876636F5F66726571202F20D6
:105D2800313629002C2066756E6374696F6E3A20CF
:105D380000000000617373657274696F6E2022251C
:105D48007322206661696C65643A2066696C652017
:105D5800222573222C206C696E6520256425732505
:105D6800730A000031203D3D202875696E747074F7
:105D7800725F74296C2D3E7370696E5F6C6F636B14
:105D8800000000002F55736572732F7A6170702FB1
:105D98006465762F646333325F6E6962626C657224
:105DA8002F7069636F2D73646B2F7372632F72701A
:105DB800325F636F6D6D6F6E2F7069636F5F7275A1
:105DC8006E74696D652F72756E74696D652E6300EA
:105DD8000A2A2A2A2050414E4943202A2A2A0A0000
:105DE8006E6F7420737570706F7274656400000054
:105DF800666E692B00000000666E69006E616E00B9
:105E0800666E692D000000002A282875696E7438AE
:105E18005F74202A29726F6D5F646174615F6C6FB3
:105E28006F6B757028726F6D5F7461626C655F630C
:105E38006F6465282753272C2027462729292D32C8
:105E480029202A2034203E3D2053465F5441424CAD
:105E5800455F56325F53495A450000002F55736518
:105E680072732F7A6170702F6465762F6463333292
:105E78005F6E6962626C65722F7069636F2D7364FF
:105E88006B2F7372632F7270325F636F6D6D6F6EFD
:105E98002F7069636F5F646F75626C652F646F75CF
:105EA800626C655F696E69745F726F6D2E63000066
:105EB8002A282875696E74385F74202A29726F6DD4
:105EC8005F7461626C652D3229202A2034203E3DA2
:105ED8002053465F5441424C455F56325F53495AFE
:105EE800450000002F55736572732F7A6170702F0B
:105EF8006465762F646333325F6E6962626C6572C3
:105F08002F7069636F2D73646B2F7372632F7270B8
:105F1800325F636F6D6D6F6E2F7069636F5F666C54
:105F28006F61742F666C6F61745F696E69745F72FC
:105F38006F6D2E6300000000446562756700000005
:105F4800626F6F74325F67656E657269635F303365
:105F580068000000312E352E310000006E69626243
:105F68006C657200646F6F6D5F74696E795F6E69DE
:105F780062626C65720000004A756E20323520320C
:105F8800303234002F55736572732F7A6170702F19
:105F98006465762F646333325F6E6962626C657222
:105FA8002F7069636F2D73646B2F7372632F727018
:105FB800325F636F6D6D6F6E2F7069636F5F73749F
:105FC80064696F5F7573622F737464696F5F75734B
:105FD800622E630055534220737464696E202F202B
:105FE8007374646F757400005261737062657272C5
:105FF80079205069000000005069636F00000000BC
:10600800426F617264204344430000005265736527
:10601800740000006C656E203E2030002F557365BB
:1060280072732F7A6170702F6465762F64633332D0
:106038005F6E6962626C65722F7069636F2D73643D
:106048006B2F7372632F7270325F636F6D6D6F6E3B
:106058002F7069636F5F756E697175655F69642F0D
:10606800756E697175655F69642E6300666C61732E
:10607800685F6F666673202B20636F756E74203CB3
:106088003D205049434F5F464C4153485F53495A5E
:10609800455F4259544553002F55736572732F7AE3
:1060A8006170702F6465762F646333325F6E696246
:1060B800626C65722F7069636F2D73646B2F7372D6
:1060C800632F7270325F636F6D6D6F6E2F686172D0
:1060D80064776172655F666C6173682F666C617363
:1060E800682E6300636F6E6E6563745F696E7465B6
:1060F800726E616C5F666C61736820262620666C20
:106108006173685F657869745F78697020262620F6
:10611800666C6173685F72616E67655F65726173F3
:106128006520262620666C6173685F666C757368E7
:106138005F63616368650000636F6E6E6563745FBB
:10614800696E7465726E616C5F666C617368202637
:106158002620666C6173685F657869745F7869701A
:1061680020262620666C6173685F666C7573685FAD
:106178006361636865000000282875696E7470742F
:10618800725F7420296E6578745F627566666572E1
:106198005F707472202620306231313131313175AF
:1061A80029203D3D203000002F55736572732F7AEA
:1061B8006170702F6465762F646333325F6E696235
:1061C800626C65722F7069636F2D73646B2F6C69D5
:1061D800622F74696E797573622F7372632F706F93
:1061E800727461626C652F72617370626572727924
:1061F80070692F7270323034302F6463645F72704C
:10620800323034302E63000068775F646174615FF8
:106218006F6666736574286E6578745F6275666606
:1062280065725F70747229203C3D205553425F446B
:106238005052414D5F4D415800000000556E686155
:106248006E646C65642049525120307825780A00C4
:106258007268706F7274203D3D203000212862758D
:10626800665F6374726C2026205553425F42554620
:106278005F4354524C5F46554C4C29002F5573656B
:1062880072732F7A6170702F6465762F646333326E
:106298005F6E6962626C65722F7069636F2D7364DB
:1062A8006B2F6C69622F74696E797573622F7372C4
:1062B800632F706F727461626C652F7261737062A4
:1062C8006572727970692F7270323034302F727043
:1062D800323034305F7573622E6300006275665F1A
:1062E8006374726C2026205553425F4255465F43C3
:1062F80054524C5F46554C4C0000000065702025F8
:10630800642025732077617320616C7265616479FC
:1063180020617661696C61626C65000043616E277B
:106328007420636F6E74696E756520786665722077
:106338006F6E20696E6163746976652065702025CB
:1063480064202573000000006F757400216C6F6372
:106358006B6F75745F696E5F70726F677265737368
:10636800000000002F55736572732F7A6170702FCB
:106378006465762F646333325F6E6962626C65723E
:106388002F7069636F2D73646B2F7372632F727034
:10639800325F636F6D6D6F6E2F7069636F5F6D75C0
:1063A8006C7469636F72652F6D756C7469636F7255
:1063B800652E63002128737461636B5F73697A6566
:1063C8005F62797465732026203375290000000008
:1063D800217368617265645F73746174652E646D9E
:1063E800612E627566666572735F746F5F72656C45
:1063F80065617365000000002F55736572732F7A0D
:106408006170702F6465762F7069636F2F70696390
:106418006F2D6578747261732F7372632F72703287
:106428005F636F6D6D6F6E2F7069636F5F7363610C
:106438006E766964656F5F6470692F7363616E76E9
:106448006964656F2E630000217368617265645F1B
:1064580073746174652E646D612E646D615F636F22
:106468006D706C6574696F6E5F737461746500003C
:106478004853796E637C5653796E63005265642085
:10648800302D3500477265656E20302D35000000CF
:10649800426C756520302D35000000005379737407
:1064A800656D20636C6F636B2028256429206D75EA
:1064B800737420626520616E20696E746567657209
:1064C800206D756C7469706C65206F6620746865E2
:1064D8002072657175657374656420706978656C80
:1064E80020636C6F636B20282564292E0000000050
:1064F8006D61785F696E737472756374696F6E73BA
:10650800203E3D2070726F6772616D2D3E6C656E26
:106518006774680053657474696E672075702053DA
:106528004D2025640A000000444D41206368616ED7
:106538006E656C20256420697320616C72656164E6
:106548007920636C61696D656400000070726F6723
:1065580072616D2D3E6C656E677468203C3D2050FD
:10656800494F5F494E535452554354494F4E5F4328
:106578004F554E54000000002F55736572732F7AE3
:106588006170702F6465762F646333325F6E696261
:10659800626C65722F7069636F2D73646B2F7372F1
:1065A800632F7270325F636F6D6D6F6E2F686172EB
:1065B80064776172655F70696F2F70696F2E630011
:1065C8004E6F2070726F6772616D207370616365C2
:1065D8000000000050494F203120534D20282564E9
:1065E800202D20342920616C726561647920636CE8
:1065F80061696D656400000050494F203020534D9B
:1066080020256420616C726561647920636C61691E
:106618006D656400496E76616C6964204C45442060
:10662800696E646578202564203E2025640000009A
:10663800496E697469616C697A696E672041504175
:106648003130322050494F2044726976657200001B
:106658002128286F706C2D3E7265675B3078626404
:106668005D203E3E203529202620312900000000EB
:106678002F55736572732F7A6170702F6465762F4A
:10668800646333325F6E6962626C65722F72703256
:106698003034302D646F6F6D2F6F706C2F656D7592
:1066A800383935302E6300006E73616D706C657318
:1066B800203C3D2073697A656F66286C666F5F6160
:1066C8006D5F6275666665725F6C736C3329000076
:1066D8006F706C2D3E6F75745F73746570203D3DEF
:1066E800206F706C2D3E696E705F7374657000006A
:1066F8005741524E494E472054494D455231204C3E
:1067080041544348000000005741524E494E47202B
:1067180054494D455232204C415443480000000032
:106728005741524E494E47205345542043534D201C
:106738004D4F444500000000696420262620696406
:10674800203C3D206F706C5F686561702E6D6178CC
:106758005F6E6F64657300002F55736572732F7ACF
:106768006170702F6465762F646333325F6E69627F
:10677800626C65722F7270323034302D646F6F6DB9
:106788002F6F706C2F6F706C5F7069636F2E630072
:1067980064617461207C7C2063616C6C6261636BF2
:1067A800203D3D2052657374617274536F6E6700AB
:1067B8002164617461207C7C2063616C6C6261631C
:1067C8006B203D3D20547261636B54696D65724363
:1067D800616C6C6261636B005F7175657565203D06
:1067E8003D2026717565756500000000216D6F629A
:1067F8006A5F69735F737461746963286D6F626A35
:10680800290000002F55736572732F7A6170702FFD
:106818006465762F646333325F6E6962626C657299
:106828002F7270323034302D646F6F6D2F73726336
:106838002F646F6F6D2F705F6D6F626A2E68000036
:10684800466F6C6C6F77204D6F6465204F4E00006B
:10685800466F6C6C6F77204D6F6465204F4646001D
:1068680047726964204F4E0047726964204F46465C
:10687800000000004D61726B65642053706F7400F6
:106888002573202564000000416C6C204D61726BFB
:106898007320436C6561726564000000665F682060
:1068A8003C3D204D41494E5F56494557484549476B
:1068B800485400002F55736572732F7A6170702FDA
:1068C8006465762F646333325F6E6962626C6572E9
:1068D8002F7270323034302D646F6F6D2F73726386
:1068E8002F646F6F6D2F616D5F6D61702E63000097
:1068F800696464740000000064656D6F25690000B8
:10690800205741524E494E473A20596F75206172BF
:106918006520706C6179696E67207573696E672090
:106928006F6E65206F662074686520446F6F6D20F8
:10693800436C61737369630A20495741442066694F
:106948006C65732073686970706564207769746812
:106958002074686520446F6F6D20333A20424647A3
:106968002045646974696F6E2E20546865736520CC
:106978006172650A206B6E6F776E20746F20626596
:1069880020696E636F6D70617469626C65207769E8
:1069980074682074686520726567756C6172204937
:1069A8005741442066696C657320616E640A206DE6
:1069B80061792063617573652064656D6F7320610B
:1069C8006E64206E6574776F726B2067616D657396
:1069D80020746F20676574206F7574206F6620734C
:1069E800796E632E00000000445F446F6F6D4C6F3A
:1069F8006F702829202D2053746172742047616DAF
:106A080065204C6F6F700000445F446F6F6D4C6F72
:106A18006F702829202D2047616D65206C6F6F707D
:106A2800207374617274696E670000005449544C95
:106A3800455049430000000064656D6F3100000057
:106A4800435245444954000064656D6F32000000AC
:106A580048454C503200000064656D6F33000000FB
:106A680064656D6F340000007469746C65706963E7
:106A780000000000494E54455250494300000000B0
:106A88004D4150303100000045314D3100000000CB
:106A980045344D310000000045334D310000000001
:106AA800556E6B6E6F776E0054686520556C74690F
:106AB8006D61746520444F4F4D000000444F4F4DA9
:106AC800205265676973746572656400444F4F4D61
:106AD800205368617265776172650000444F4F4DBD
:106AE80020323A2048656C6C206F6E2045617274C4
:106AF80068000000444F4F4D20323A20506C7574A6
:106B08006F6E6961204578706572696D656E740095
:106B1800444F4F4D20323A20544E54202D20457674
:106B2800696C7574696F6E00456D756C6174696E1A
:106B38006720746865206265686176696F72206F86
:106B48006620746865202725732720657865637536
:106B58007461626C652E0A00454E444F4F4D00002B
:106B6800414E4421584F522044433332204E6962EB
:106B7800626C657220332E362E3200005A5F496EE1
:106B880069743A20496E6974207A6F6E65206D6564
:106B98006D6F727920616C6C6F636174696F6E20C0
:106BA8006461656D6F6E2E20000000004D5F4C6FB4
:106BB800616444656661756C74733A204C6F6164F6
:106BC8002073797374656D2064656661756C747380
:106BD8002E000000575F496E69743A20496E697447
:106BE8002057414466696C65732E0000465245453E
:106BF800444F4F4D0000000046524545444D0000AB
:106C0800444D454E5550494300000000205741521D
:106C18004E494E473A20596F752061726520706C55
:106C28006179696E67207573696E67206F6E65207C
:106C38006F66207468652046726565646F6F6D20A5
:106C4800495741440A2066696C65732C2077686946
:106C58006368206D69676874206E6F7420776F723F
:106C68006B20696E207468697320706F72742E20AF
:106C7800536565207468697320706167650A2066CA
:106C88006F72206D6F726520696E666F726D6174C8
:106C9800696F6E206F6E20686F7720746F20706C3C
:106CA8006179207573696E672046726565646F6FD8
:106CB8006D3A0A20202068747470733A2F2F777702
:106CC800772E63686F636F6C6174652D646F6F6D89
:106CD8002E6F72672F77696B692F696E6465782EDE
:106CE8007068702F46726565646F6F6D00000000F4
:106CF800495F496E69743A2053657474696E6720F8
:106D08007570206D616368696E6520737461746560
:106D18002E0000004D5F496E69743A20496E69740F
:106D2800206D697363656C6C616E656F757320693E
:106D38006E666F2E00000000525F496E69743A203B
:106D4800496E697420444F4F4D20726566726573B1
:106D580068206461656D6F6E202D20000A505F49C0
:106D68006E69743A20496E697420506C61796C6F51
:106D78006F702073746174652E000000535F496E54
:106D880069743A2053657474696E6720757020734E
:106D98006F756E642E00000048555F496E69743A3D
:106DA8002053657474696E67207570206865616426
:106DB8007320757020646973706C61792E0000000F
:106DC80053545F496E69743A20496E69742073742C
:106DD80061747573206261722E0000006D617030FD
:106DE80031000000446F6F6D20312E3636360000BA
:106DF800312E363636000000446F6F6D20312E3745
:106E08002F312E3761000000312E3700446F6F6D2F
:106E180020312E3800000000312E3800446F6F6D8D
:106E280020312E3900000000312E3900556C74696C
:106E38006D61746520446F6F6D000000756C746936
:106E48006D6174650000000046696E616C20446FD6
:106E58006F6D000066696E616C00000046696E61C6
:106E68006C20446F6F6D2028616C7429000000004D
:106E780066696E616C320000506C61796572203110
:106E8800206C656674207468652067616D65000014
:106E98004E4F54453A205475726E696E672072657C
:106EA800736F6C7574696F6E206973207265647591
:106EB8006365643B20746869732069732070726F1E
:106EC8006261626C792062656361757365207468BC
:106ED800657265206973206120636C69656E742032
:106EE8007265636F7264696E6720612056616E69AE
:106EF8006C6C612064656D6F2E0000006172652006
:106F0800796F75207375726520796F752077616E5A
:106F18007420746F0A7175697420746869732067C6
:106F2800726561742067616D653F0000796F752037
:106F380077616E7420746F20717569743F0A746884
:106F4800656E2C2074686F752068617374206C6F8F
:106F5800737420616E206569676874682100000099
:106F6800646F6E277420676F206E6F772C207468AB
:106F780065726527732061200A64696D656E73699F
:106F88006F6E616C207368616D626C6572207761E9
:106F98006974696E670A61742074686520646F7328
:106FA8002070726F6D707421000000006765742096
:106FB8006F75747461206865726520616E642067FE
:106FC8006F206261636B0A746F20796F757220623B
:106FD8006F72696E672070726F6772616D732E00D1
:106FE80069662069207765726520796F75722062FD
:106FF8006F73732C20692764200A206465617468A4
:107008006D6174636820796120696E2061206D6903
:107018006E757465210000006C6F6F6B2C206275B3
:10702800642E20796F75206C65617665206E6F77A8
:107038000A616E6420796F7520666F72666569747F
:1070480020796F757220626F647920636F756E7432
:10705800210000006A757374206C656176652E20C6
:107068007768656E20796F7520636F6D650A626158
:10707800636B2C2069276C6C2062652077616974CA
:10708800696E6720776974682061206261742E00D8
:10709800796F75277265206C75636B792069206438
:1070A8006F6E277420736D61636B0A796F75206644
:1070B8006F72207468696E6B696E672061626F75A4
:1070C80074206C656176696E672E0000706C65616E
:1070D800736520646F6E2774206C656176652C205B
:1070E80074686572652773206D6F72650A64656DD3
:1070F8006F6E7320746F20746F61737421000000C9
:107108006C657427732062656174206974202D2D65
:107118002074686973206973207475726E696E676C
:107128000A696E746F206120626C6F6F64626174AB
:10713800682100006920776F756C646E2774206C75
:1071480065617665206966206920776572652079B2
:107158006F752E0A646F73206973206D75636820DC
:10716800776F7273652E0000796F752772652074CA
:107178007279696E6720746F2073617920796F75F1
:10718800206C696B6520646F730A6265747465723C
:10719800207468616E206D652C2072696768743F81
:1071A80000000000646F6E2774206C6561766520AE
:1071B800796574202D2D20746865726527732061A8
:1071C8000A64656D6F6E2061726F756E64207468F5
:1071D800617420636F726E65722100007961206BA3
:1071E8006E6F772C206E6578742074696D652079D0
:1071F8006F7520636F6D6520696E20686572650A1A
:1072080069276D20676F6E6E6120746F61737420DB
:1072180079612E00676F20616865616420616E6422
:10722800206C656176652E20736565206966206926
:1072380020636172652E0000564943544F525932FB
:1072480000000000454E4450494300002F55736527
:1072580072732F7A6170702F6465762F646333328E
:107268005F6E6962626C65722F7270323034302DD5
:10727800646F6F6D2F7372632F646F6F6D2F665F0E
:1072880066696E616C652E63000000005A4F4D42BE
:1072980049454D414E00000053484F5447554E2034
:1072A80047555900484541565920574541504F4E7A
:1072B8002044554445000000494D50004C4F53545C
:1072C80020534F554C0000004341434F44454D4F18
:1072D8004E00000048454C4C204B4E49474854004E
:1072E8004241524F4E204F462048454C4C0000002A
:1072F80041524143484E4F54524F4E005041494E1F
:1073080020454C454D454E54414C0000524556458C
:107318004E414E54000000004D414E4355425553D6
:1073280000000000415243482D56494C45000000DA
:1073380054484520535049444552204D41535445E3
:10734800524D494E44000000544845204359424597
:107358005244454D4F4E00004F5552204845524F1C
:1073680000000000464C4F4F52345F3800000000C8
:107378004F6E636520796F7520626561742074684B
:107388006520626967206261646173736573206157
:107398006E640A636C65616E206F7574207468652D
:1073A800206D6F6F6E206261736520796F7527722B
:1073B8006520737570706F7365640A746F207769E0
:1073C8006E2C206172656E277420796F753F20419D
:1073D80072656E277420796F753F205768657265EE
:1073E80027730A796F7572206661742072657761F8
:1073F800726420616E64207469636B657420686FC1
:107408006D653F20576861740A7468652068656C0B
:107418006C20697320746869733F2049742773204E
:107428006E6F7420737570706F73656420746F0A63
:10743800656E64207468697320776179210A0A4946
:1074480074207374696E6B73206C696B6520726F3E
:107458007474656E206D6561742C20627574206C7F
:107468006F6F6B730A6C696B6520746865206C6F4D
:107478007374204465696D6F7320626173652E2093
:10748800204C6F6F6B73206C696B650A796F752779
:10749800726520737475636B206F6E205468652065
:1074A80053686F726573206F662048656C6C2E0A8E
:1074B800546865206F6E6C7920776179206F7574D8
:1074C800206973207468726F7567682E0A0A546F92
:1074D80020636F6E74696E75652074686520444F0B
:1074E8004F4D20657870657269656E63652C2070F4
:1074F8006C61790A5468652053686F726573206FF0
:10750800662048656C6C20616E6420697473206124
:107518006D617A696E670A73657175656C2C2049AF
:107528006E6665726E6F210A0000000053464C5269
:10753800365F3100596F7527766520646F6E652058
:107548006974212054686520686964656F757320C3
:1075580063796265722D0A64656D6F6E206C6F7257
:107568006420746861742072756C65642074686541
:10757800206C6F7374204465696D6F730A6D6F6F4B
:107588006E206261736520686173206265656E2094
:10759800736C61696E20616E6420796F750A61721F
:1075A8006520747269756D7068616E74212042750A
:1075B80074202E2E2E207768657265206172650A08
:1075C800796F753F20596F7520636C616D626572C4
:1075D80020746F207468652065646765206F662075
:1075E8007468650A6D6F6F6E20616E64206C6F6FD2
:1075F8006B20646F776E20746F20736565207468E4
:107608006520617766756C0A74727574682E0A0A4B
:107618004465696D6F7320666C6F61747320616275
:107628006F76652048656C6C20697473656C66219B
:107638000A596F75277665206E65766572206865CC
:10764800617264206F6620616E796F6E6520657364
:10765800636170696E670A66726F6D2048656C6C4D
:107668002C2062757420796F75276C6C206D616BA6
:1076780065207468652062617374617264730A734B
:107688006F727279207468657920657665722068F2
:1076980065617264206F6620796F75212051756964
:1076A800636B6C792C0A796F752072617070656CE8
:1076B80020646F776E20746F20207468652073755E
:1076C8007266616365206F660A48656C6C2E0A0AEB
:1076D8004E6F772C2069742773206F6E20746F208B
:1076E8007468652066696E616C2063686170746592
:1076F80072206F660A444F4F4D21202D2D20496E70
:107708006665726E6F2E00004D464C52385F34002D
:10771800546865206C6F617468736F6D6520737051
:107728006964657264656D6F6E20746861740A6D52
:1077380061737465726D696E646564207468652030
:10774800696E766173696F6E206F66207468652054
:107758006D6F6F6E0A626173657320616E6420637A
:10776800617573656420736F206D75636820646547
:1077780061746820686173206861640A69747320A1
:10778800617373206B69636B656420666F72206137
:107798006C6C2074696D652E0A0A412068696464FE
:1077A800656E20646F6F72776179206F70656E7394
:1077B80020616E6420796F7520656E7465722E0A7B
:1077C800596F752776652070726F76656E20746FB5
:1077D8006F20746F75676820666F722048656C6CDF
:1077E80020746F0A636F6E7461696E2C20616E6419
:1077F800206E6F772048656C6C206174206C617313
:107808007420706C6179730A66616972202D2D206D
:10781800666F7220796F7520656D65726765206681
:10782800726F6D2074686520646F6F720A746F20C0
:107838007365652074686520677265656E20666982
:10784800656C6473206F66204561727468210A480C
:107858006F6D65206174206C6173742E0A0A596F0C
:107868007520776F6E64657220776861742773205E
:107878006265656E2068617070656E696E67206FFD
:107888006E0A4561727468207768696C6520796F43
:1078980075207765726520626174746C696E672003
:1078A8006576696C0A756E6C6561736865642E200F
:1078B8004974277320676F6F642074686174206E41
:1078C8006F2048656C6C2D0A737061776E20636F4A
:1078D800756C64206861766520636F6D65207468D7
:1078E800726F75676820746861740A646F6F7220BC
:1078F8007769746820796F75202E2E2E000000009D
:107908004D464C52385F3300746865207370696463
:107918006572206D61737465726D696E64206D7532
:10792800737420686176652073656E7420666F7263
:1079380074680A697473206C6567696F6E73206F69
:10794800662068656C6C737061776E206265666F1F
:10795800726520796F75720A66696E616C20636F53
:107968006E66726F6E746174696F6E207769746881
:107978002074686174207465727269626C650A6249
:10798800656173742066726F6D2068656C6C2E205B
:107998002062757420796F752073746570706564E2
:1079A80020666F72776172640A616E642062726F1A
:1079B8007567687420666F72746820657465726E86
:1079C800616C2064616D6E6174696F6E20616E64B4
:1079D8000A737566666572696E672075706F6E20CA
:1079E80074686520686F7264652061732061207413
:1079F800727565206865726F0A776F756C642069A7
:107A08006E207468652066616365206F6620736FF9
:107A18006D657468696E6720736F206576696C2E72
:107A28000A0A626573696465732C20736F6D656FEC
:107A38006E652077617320676F6E6E612070617963
:107A480020666F7220776861740A68617070656E6D
:107A5800656420746F2064616973792C20796F756F
:107A68007220706574207261626269742E0A0A62FB
:107A78007574206E6F772C20796F7520736565207B
:107A8800737072656164206265666F726520796FD4
:107A980075206D6F72650A706F74656E7469616CBC
:107AA800207061696E20616E642067696262697422
:107AB8007564652061732061206E6174696F6E0A58
:107AC8006F662064656D6F6E732072756E20616DD0
:107AD8006F6B20616D6F6E67206F757220636974BC
:107AE8006965732E0A0A6E6578742073746F702C3A
:107AF8002068656C6C206F6E206561727468210067
:107B0800534C494D45313600594F5520484156454B
:107B180020454E544552454420444545504C592033
:107B2800494E544F2054484520494E4645535445E4
:107B3800440A53544152504F52542E204255542017
:107B4800534F4D455448494E472049532057524FAB
:107B58004E472E205448450A4D4F4E5354455253D4
:107B680020484156452042524F55474854205448D2
:107B7800454952204F574E205245414C4954590AC5
:107B880057495448205448454D2C20414E442054D0
:107B980048452053544152504F525427532054457E
:107BA80043484E4F4C4F47590A4953204245494E86
:107BB8004720535542564552544544204259205473
:107BC800484549522050524553454E43452E0A0ACE
:107BD80041484541442C20594F55205345452041A3
:107BE8004E204F5554504F5354204F462048454C33
:107BF8004C2C20410A464F52544946494544205A84
:107C08004F4E452E20494620594F552043414E207E
:107C180047455420504153542049542C0A594F5534
:107C28002043414E2050454E455452415445204929
:107C38004E544F20544845204841554E5445442001
:107C480048454152540A4F46205448452053544110
:107C5800524241534520414E442046494E44205407
:107C6800484520434F4E54524F4C4C494E470A53B7
:107C7800574954434820574849434820484F4C44A3
:107C880053204541525448275320504F50554C419A
:107C980054494F4E0A484F53544147452E0000005F
:107CA80052524F434B313400594F552048415645A5
:107CB80020574F4E2120594F555220564943544F73
:107CC80052592048415320454E41424C45440A48A8
:107CD800554D414E4B494E4420544F204556414343
:107CE8005541544520454152544820414E44204571
:107CF80053434150450A544845204E494748544D3E
:107D08004152452E20204E4F5720594F5520415261
:107D18004520544845204F4E4C590A48554D414E30
:107D2800204C454654204F4E205448452046414358
:107D380045204F462054484520504C414E45542E2E
:107D48000A43414E4E4942414C204D5554415449F5
:107D58004F4E532C204341524E49564F524F555384
:107D680020414C49454E532C0A414E442045564922
:107D78004C20535049524954532041524520594FA1
:107D88005552204F4E4C59204E45494748424F5274
:107D9800532E0A594F5520534954204241434B20F2
:107DA800414E44205741495420464F5220444541B2
:107DB80054482C20434F4E54454E540A544841547D
:107DC80020594F5520484156452053415645442097
:107DD800594F555220535045434945532E0A0A429C
:107DE8005554205448454E2C204541525448204370
:107DF8004F4E54524F4C204245414D5320444F570B
:107E08004E20410A4D4553534147452046524F4D58
:107E18002053504143453A202253454E534F525325
:107E28002048415645204C4F43415445440A544844
:107E38004520534F55524345204F4620544845202E
:107E4800414C49454E20494E564153494F4E2E20EC
:107E5800494620594F550A474F2054484552452C0A
:107E680020594F55204D41592042452041424C450B
:107E780020544F20424C4F434B2054484549520A06
:107E8800454E5452592E202054484520414C4945CE
:107E98004E204241534520495320494E20544845DD
:107EA800204845415254204F460A594F5552204FB9
:107EB800574E20484F4D4520434954592C204E4F8A
:107EC80054204641522046524F4D205448450A53AB
:107ED800544152504F52542E2220534C4F574C5914
:107EE80020414E44205041494E46554C4C5920594A
:107EF8004F55204745540A555020414E442052457D
:107F08005455524E20544F2054484520465241590A
:107F18002E00000052524F434B303700594F552026
:107F28004152452041542054484520434F52525510
:107F38005054204845415254204F4620544845202B
:107F4800434954592C0A535552524F554E444544AF
:107F58002042592054484520434F525053455320FE
:107F68004F4620594F555220454E454D4945532EB1
:107F78000A594F5520534545204E4F205741592007
:107F8800544F2044455354524F5920544845204398
:107F98005245415455524553270A454E5452595754
:107FA8004159204F4E205448495320534944452CA9
:107FB80020534F20594F5520434C454E4348205994
:107FC8004F55520A544545544820414E4420504C80
:107FD800554E4745205448524F5547482049542E3E
:107FE8000A0A5448455245204D55535420424520CD
:107FF800412057415920544F20434C4F5345204965
:1080080054204F4E205448450A4F54484552205357
:108018004944452E205748415420444F20594F5534
:10802800204341524520494620594F552756450A75
:10803800474F5420544F20474F205448524F5547DC
:10804800482048454C4C20544F2047455420544F15
:108058002049543F0000000052524F434B31370033
:1080680054484520484F5252454E444F5553205688
:108078004953414745204F462054484520424947E7
:10808800474553540A44454D4F4E20594F5527569E
:10809800452045564552205345454E204352554D9F
:1080A800424C4553204245464F52450A594F552C9C
:1080B80020414654455220594F552050554D502087
:1080C800594F555220524F434B45545320494E5413
:1080D8004F0A484953204558504F5345442042526F
:1080E80041494E2E20544845204D4F4E5354455239
:1080F800205348524956454C530A555020414E4446
:1081080020444945532C2049545320544852415344
:1081180048494E47204C494D42530A44455641531D
:10812800544154494E4720554E544F4C44204D49D4
:108138004C4553204F462048454C4C27530A53552D
:1081480052464143452E0A0A594F55275645204461
:108158004F4E452049542E2054484520494E5641FB
:1081680053494F4E204953204F5645522E0A4541F8
:108178005254482049532053415645442E204845DF
:108188004C4C204953204120575245434B2E2059EF
:108198004F550A574F4E444552205748455245209F
:1081A80042414420464F4C4B532057494C4C2047A2
:1081B8004F205748454E20544845590A4449452CB4
:1081C800204E4F572E20574950494E472054484576
:1081D8002053574541542046524F4D20594F555230
:1081E8000A464F52454845414420594F552042457B
:1081F80047494E20544845204C4F4E47205452453D
:108208004B204241434B0A484F4D452E2052454290
:1082180055494C44494E47204541525448204F55F2
:1082280047485420544F20424520410A4C4F54207F
:108238004D4F52452046554E205448414E205255E8
:10824800494E494E47204954205741532E0A0000B1
:1082580052524F434B313300434F4E4752415455CE
:108268004C4154494F4E532C20594F5527564520C1
:10827800464F554E44205448452053454352455493
:108288000A4C4556454C21204C4F4F4B53204C49E6
:108298004B452049542753204245454E20425549D5
:1082A8004C542042590A48554D414E532C205241B6
:1082B80054484552205448414E2044454D4F4E5352
:1082C8002E20594F5520574F4E4445520A57484F74
:1082D8002054484520494E4D41544553204F46208F
:1082E8005448495320434F524E4552204F46204848
:1082F800454C4C0A57494C4C2042452E0000000082
:1083080052524F434B313900434F4E475241545517
:108318004C4154494F4E532C20594F552756452010
:10832800464F554E44205448450A5355504552200F
:10833800534543524554204C4556454C212020591D
:108348004F552744204245545445520A424C415AFD
:1083580045205448524F5547482054484953204FC8
:108368004E45210A00000000596F75277665206682
:108378006F7567687420796F757220776179206FDF
:108388007574206F662074686520696E66657374FD
:1083980065640A6578706572696D656E74616C20D4
:1083A8006C6162732E2020204974207365656D739B
:1083B800207468617420554143206861730A6F6EA8
:1083C800636520616761696E2067756C70656420FC
:1083D800697420646F776E2E202057697468207442
:1083E800686569720A68696768207475726E6F7665
:1083F80065722C206974206D75737420626520681D
:1084080061726420666F7220706F6F720A6F6C649D
:108418002055414320746F2062757920636F727014
:108428006F72617465206865616C746820696E7329
:108438007572616E63650A6E6F7761646179732E18
:108448002E0A0A4168656164206C69657320746846
:1084580065206D696C697461727920636F6D706CE9
:1084680065782C206E6F770A737761726D696E6715
:10847800207769746820646973656173656420682E
:108488006F72726F727320686F7420746F206765E3
:10849800740A746865697220746565746820696E09
:1084A800746F20796F752E2057697468206C756316
:1084B8006B2C207468650A636F6D706C6578207327
:1084C80074696C6C2068617320736F6D65207761C7
:1084D800726C696B65206F72646E616E63650A6C9D
:1084E8006179696E672061726F756E642E00000095
:1084F800596F7520686561722074686520677269B4
:108508006E64696E67206F66206865617679206D94
:10851800616368696E6572790A61686561642E20B5
:1085280020596F75207375726520686F70652074A7
:10853800686579277265206E6F74207374616D7039
:10854800696E670A6F7574206E65772068656C6C54
:10855800737061776E2C2062757420796F7527723D
:108568006520726561647920746F0A7265616D2097
:108578006F757420612077686F6C65206865726418
:1085880020696620796F75206861766520746F2E82
:108598000A54686579206D6967687420626520707F
:1085A8006C616E6E696E67206120626C6F6F64200B
:1085B80066656173742C206275740A796F7520661C
:1085C80065656C2061626F7574206173206D6561EB
:1085D8006E2061732074776F2074686F7573616E95
:1085E800640A6D616E69616373207061636B6564B1
:1085F80020696E746F206F6E65206D6164206B69F1
:108608006C6C65722E0A0A596F7520646F6E277438
:1086180020706C616E20746F20676F20646F776EB6
:1086280020656173792E000054686520766973743B
:1086380061206F70656E696E67206168656164208E
:108648006C6F6F6B73207265616C2064616D6E0A6C
:1086580066616D696C6961722E20536D656C6C730F
:108668002066616D696C6961722C20746F6F202DB2
:108678002D206C696B650A6672696564206578638C
:1086880072656D656E742E20596F75206469646E0D
:108698002774206C696B6520746869730A706C6153
:1086A8006365206265666F72652C20616E6420794F
:1086B8006F7520737572652061732068656C6C2016
:1086C80061696E27740A706C616E6E696E672074DA
:1086D8006F206C696B65206974206E6F772E20544B
:1086E8006865206D6F726520796F750A62726F6FA9
:1086F80064206F6E2069742C20746865206D616435
:1087080064657220796F75206765742E0A486566FE
:1087180074696E6720796F75722067756E2C206199
:108728006E206576696C206772696E207472696361
:108738006B6C65730A6F6E746F20796F7572206643
:108748006163652E2054696D6520746F2074616BB8
:108758006520736F6D65206E616D65732E00000076
:1087680053756464656E6C792C20616C6C20697338
:108778002073696C656E742C2066726F6D206F6E45
:108788006520686F72697A6F6E0A746F2074686505
:10879800206F746865722E205468652061676F6E5B
:1087A800697A696E67206563686F206F662048651F
:1087B8006C6C0A666164657320617761792C20743A
:1087C8006865206E696768746D61726520736B797E
:1087D800207475726E7320746F0A626C75652C2034
:1087E800746865206865617073206F66206D6F6EB0
:1087F8007374657220636F7270736573207374612C
:108808007274200A746F20657661706F7261746586
:1088180020616C6F6E6720776974682074686520C2
:108828006576696C207374656E6368200A74686184
:10883800742066696C6C656420746865206169726F
:108848002E204A65657A652C206D617962652079EC
:108858006F752776650A646F6E652069742E2048E7
:1088680061766520796F75207265616C6C79207707
:108878006F6E3F0A0A536F6D657468696E67207280
:10888800756D626C657320696E2074686520646913
:108898007374616E63652E0A4120626C7565206C85
:1088A8006967687420626567696E7320746F2067F2
:1088B8006C6F7720696E73696465207468650A72E5
:1088C80075696E656420736B756C6C206F662074B7
:1088D80068652064656D6F6E2D7370697474657258
:1088E8002E00000057686174206E6F773F204C6F30
:1088F8006F6B7320746F74616C6C79206469666641
:108908006572656E742E204B696E640A6F66206C02
:10891800696B65204B696E672054757427732063F3
:108928006F6E646F2E2057656C6C2C0A77686174C3
:1089380065766572277320686572652063616E27A6
:108948007420626520616E7920776F7273650A748E
:1089580068616E20757375616C2E2043616E2069A5
:10896800743F20204F72206D6179626520697427F9
:108978007320626573740A746F206C657420736C5D
:10898800656570696E6720676F6473206C69652E12
:108998002E00000054696D6520666F722061207694
:1089A80061636174696F6E2E20596F752776652033
:1089B8006275727374207468650A626F77656C7388
:1089C800206F662068656C6C20616E642062792077
:1089D800676F6C6C7920796F752772652072656195
:1089E80064790A666F72206120627265616B2E205D
:1089F800596F75206D757474657220746F20796F66
:108A0800757273656C662C0A4D6179626520736FA7
:108A18006D656F6E6520656C73652063616E206B94
:108A280069636B2048656C6C2773206173730A6EE9
:108A38006578742074696D652061726F756E642E37
:108A4800204168656164206C6965732061207175D7
:108A580069657420746F776E2C0A77697468207062
:108A68006561636566756C20666C6F77696E6720F3
:108A780077617465722C20717561696E740A62750C
:108A8800696C64696E67732C20616E64207072650E
:108A980073756D61626C79206E6F2048656C6C73BC
:108AA8007061776E2E0A0A417320796F752073748E
:108AB8006570206F666620746865207472616E73D5
:108AC800706F72742C20796F7520686561720A74F2
:108AD80068652073746F6D70206F662061206379FC
:108AE80062657264656D6F6E27732069726F6E20A0
:108AF80073686F652E000000596F7520676C6F6191
:108B080074206F7665722074686520737465616D72
:108B1800696E672063617263617373206F66207486
:108B280068650A477561726469616E2E202057690D
:108B38007468206974732064656174682C20796F87
:108B48007527766520777265737465640A7468653D
:108B580020416363656C657261746F722066726F21
:108B68006D20746865207374696E6B696E67206325
:108B78006C6177730A6F662048656C6C2E202059EB
:108B88006F752072656C617820616E6420676C6116
:108B98006E63652061726F756E64207468650A7211
:108BA8006F6F6D2E202044616D6E21202054686502
:108BB80072652077617320737570706F73656420B8
:108BC800746F2062652061740A6C65617374206F2C
:108BD8006E6520776F726B696E672070726F746F45
:108BE800747970652C2062757420796F75206361C3
:108BF8006E27740A7365652069742E205468652091
:108C080064656D6F6E73206D757374206861766529
:108C18002074616B656E2069742E0A0A596F75207D
:108C28006D7573742066696E64207468652070724F
:108C38006F746F747970652C206F7220616C6C2072
:108C4800796F75720A7374727567676C65732077CC
:108C5800696C6C2068617665206265656E20776155
:108C6800737465642E204B6565700A6D6F76696E46
:108C7800672C206B656570206669676874696E6724
:108C88002C206B656570206B696C6C696E672E0AA9
:108C98004F68207965732C206B656570206C697648
:108CA800696E672C20746F6F2E0000004576656E24
:108CB8002074686520646561646C7920417263681A
:108CC8002D56696C65206C61627972696E746820D2
:108CD800636F756C640A6E6F742073746F7020799B
:108CE8006F752C20616E6420796F75277665206713
:108CF8006F7474656E20746F207468650A70726F83
:108D0800746F7479706520416363656C6572617412
:108D18006F7220776869636820697320736F6F6E5C
:108D28000A656666696369656E746C7920616E644C
:108D3800207065726D616E656E746C792064656112
:108D480063746976617465642E0A0A596F752772AF
:108D58006520676F6F642061742074686174206B8C
:108D6800696E64206F66207468696E672E00000063
:108D7800596F752776652062617368656420616E36
:108D88006420626174746572656420796F757220FD
:108D980077617920696E746F0A7468652068656107
:108DA8007274206F662074686520646576696C2D1E
:108DB800686976652E202054696D6520666F72207B
:108DC800610A5365617263682D616E642D44657331
:108DD80074726F79206D697373696F6E2C20616985
:108DE8006D6564206174207468650A476174656BF9
:108DF80065657065722C2077686F736520666F757E
:108E08006C206F6666737072696E672069730A6397
:108E18006173636164696E6720746F204561727461
:108E2800682E2020596561682C20686527732062A8
:108E380061642E204275740A796F75206B6E6F77A6
:108E48002077686F277320776F727365210A0A4746
:108E580072696E6E696E67206576696C6C792C2014
:108E6800796F7520636865636B20796F7572206709
:108E78006561722C20616E640A6765742072656191
:108E8800647920746F20676976652074686520624C
:108E98006173746172642061206C6974746C6520FC
:108EA80048656C6C0A6F6620796F7572206F776EF3
:108EB800206D616B696E67210000000054686520B1
:108EC800476174656B65657065722773206576699F
:108ED8006C20666163652069732073706C617474BB
:108EE800657265640A616C6C206F766572207468BF
:108EF8006520706C6163652E20204173206974734E
:108F080020746174746572656420636F7270736530
:108F18000A636F6C6C61707365732C20616E2069D5
:108F28006E766572746564204761746520666F7239
:108F38006D7320616E640A7375636B7320646F7759
:108F48006E2074686520736861726473206F662090
:108F5800746865206C6173740A70726F746F7479C9
:108F6800706520416363656C657261746F722C2053
:108F78006E6F7420746F206D656E74696F6E2074E7
:108F880068650A6665772072656D61696E696E67E6
:108F98002064656D6F6E732E2020596F752772657A
:108FA80020646F6E652E2048656C6C0A68617320BA
:108FB800676F6E65206261636B20746F20706F75D8
:108FC8006E64696E6720626164206465616420660E
:108FD8006F6C6B73200A696E7374656164206F66C9
:108FE80020676F6F64206C697665206F6E65732EDD
:108FF800202052656D656D62657220746F0A746514
:109008006C6C20796F7572206772616E646B69642D
:109018007320746F20707574206120726F636B65A4
:10902800740A6C61756E6368657220696E20796F69
:10903800757220636F6666696E2E20496620796FA7
:109048007520676F20746F2048656C6C0A776865B7
:109058006E20796F75206469652C20796F75276C8F
:109068006C206E65656420697420666F7220736F6A
:109078006D650A66696E616C20636C65616E696E08
:10908800672D7570202E2E2E00000000596F752751
:10909800766520666F756E642074686520736563F5
:1090A8006F6E642D68617264657374206C65766593
:1090B8006C2077650A676F742E20486F7065207979
:1090C8006F7520686176652061207361766564201C
:1090D80067616D652061206C6576656C206F720A2A
:1090E80074776F2070726576696F75732E202049CA
:1090F80066206E6F742C20626520707265706172D4
:10910800656420746F206469650A61706C656E74AB
:10911800792E20466F72206D6173746572206D61BF
:1091280072696E6573206F6E6C792E004265746388
:10913800686120776F6E6465726564206A75737400
:1091480020776861742057415320746865206861EE
:1091580072646573740A6C6576656C20776520683F
:10916800616420726561647920666F722079613F5D
:1091780020204E6F7720796F75206B6E6F772E0ADF
:109188004E6F206F6E652067657473206F7574204D
:10919800616C6976652E00002F55736572732F7A9E
:1091A8006170702F6465762F646333325F6E696215
:1091B800626C65722F7270323034302D646F6F6D4F
:1091C8002F7372632F7069636F2F2E2E2F646F6F4A
:1091D8006D747970652E6800626F2D3E637572201C
:1091E8003C20626F2D3E656E640000002F5573654C
:1091F80072732F7A6170702F6465762F64633332CF
:109208005F6E6962626C65722F7270323034302D15
:10921800646F6F6D2F7372632F7069636F2F2E2EBB
:109228002F74696E795F687566662E6800000000A5
:10923800626F2D3E62697473202B206E203C3D20A6
:109248003332000062697473203C20283175203C59
:109258003C206E2900000000465F534B5931000046
:109268006D61703331000000475F446F536176656C
:1092780047616D652829205341564520434F4D507D
:109288005245535345440000475F446F5361766528
:1092980047616D65282920736176655F627566662A
:1092A80065723D3078253038782073697A653D25B8
:1092B800640A0000475F446F5361766547616D65D6
:1092C800282920646F6E652073657474696E672041
:1092D800757020627566666572000000475F446FAE
:1092E8005361766547616D652829207772697469CD
:1092F8006E672067616D652068656164657200004E
:10930800504C20415420253038780A00574F2041CE
:109318005420253038780A005448204154202530FC
:1093280038780A00535020415420253038780A00F4
:10933800534156452047414D452053495A4520251C
:10934800640A0000475F446F5361766547616D6545
:109358002829202D20736176696E6720746F207329
:109368006C6F743A20256420617420307825303879
:10937800780A00004E6F7420656E6F7567682073F9
:109388007061636520746F20736176652067616D15
:109398006520746F20736C6F7420256400000000D2
:1093A800546865726520776173206E6F7420656EEE
:1093B8006F75676820737061636520746F207361CF
:1093C8007665207468652067616D652E0A576F752C
:1093D8006C6420796F75206C696B6520746F2063ED
:1093E8006C656172207468697320736C6F74206196
:1093F8006E640A2074727920736176696E672061E1
:109408006761696E20696E206120646966666572AD
:10941800656E7420736C6F743F0A0A70726573739B
:109428002079206F72206E2E0000000067616D6544
:109438002073617665642E004C6F616420666169F3
:109448006C65643A20696E76616C69642067616D49
:1094580065206F7220574144206D69736D61746394
:10946800682E0000446F6F6D20312E3931206465FD
:109478006D6F20666F726D61740000006465636FC4
:1094880064655F776F726473203D3D20696478007E
:109498002F55736572732F7A6170702F6465762FFC
:1094A800646333325F6E6962626C65722F72703208
:1094B8003034302D646F6F6D2F7372632F646F6F4C
:1094C8006D2F675F67616D652E6300006368616E6D
:1094D800676573203C3D203136000000216C6F6EBB
:1094E80067746963730000002573206973207475BD
:1094F80072626F21000000004E45542047414D45DF
:1095080000000000556E6B6E6F776E206C65766597
:109518006C0000006C6576656C20313A20656E74CD
:1095280072797761790000006C6576656C20323A53
:1095380020756E64657268616C6C73006C65766525
:109548006C20333A207468652067616E746C6574AA
:10955800000000006C6576656C20343A20746865FC
:1095680020666F63757300006C6576656C20353A0C
:10957800207468652077617374652074756E6E65F4
:109588006C7300006C6576656C20363A20746865EB
:109598002063727573686572000000006C657665FB
:1095A8006C20373A20646561642073696D706C655E
:1095B800000000006C6576656C20383A207472698A
:1095C800636B7320616E64207472617073000000B5
:1095D8006C6576656C20393A20746865207069740A
:1095E800000000006C6576656C2031303A207265A9
:1095F8006675656C696E67206261736500000000BE
:109608006C6576656C2031313A20276F27206F66AC
:10961800206465737472756374696F6E210000004D
:109628006C6576656C2031323A2074686520666115
:1096380063746F72790000006C6576656C20313355
:109648003A20646F776E746F776E00006C6576658C
:109658006C2031343A2074686520696E6D6F7374BC
:109668002064656E730000006C6576656C2031358A
:109678003A20696E647573747269616C207A6F6ED2
:10968800650000006C6576656C2031363A2073758C
:1096980062757262730000006C6576656C20313704
:1096A8003A2074656E656D656E7473006C657665D9
:1096B8006C2031383A2074686520636F757274794C
:1096C800617264006C6576656C2031393A20746883
:1096D80065206369746164656C0000006C6576657B
:1096E8006C2032303A20676F746368612100000093
:1096F8006C6576656C2032313A206E697276616EDF
:10970800610000006C6576656C2032323A2074681E
:10971800652063617461636F6D6273006C65766563
:109728006C2032333A2062617272656C73206F2745
:109738002066756E000000006C6576656C2032341A
:109748003A2074686520636861736D006C6576659E
:109758006C2032353A20626C6F6F6466616C6C7392
:10976800000000006C6576656C2032363A2074681B
:1097780065206162616E646F6E6564206D696E65F7
:10978800730000006C6576656C2032373A206D6F87
:109798006E7374657220636F6E646F006C657665B6
:1097A8006C2032383A207468652073706972697465
:1097B80020776F726C6400006C6576656C203239B6
:1097C8003A20746865206C6976696E6720656E64F6
:1097D800000000006C6576656C2033303A206963C0
:1097E8006F6E206F662073696E0000006C65766589
:1097F8006C2033313A20776F6C66656E73746569D7
:109808006E0000006C6576656C2033323A20677212
:109818006F737365000000006C6576656C20313AE3
:1098280020636F6E676F00006C6576656C20323A56
:109838002077656C6C206F6620736F756C73000001
:109848006C6576656C20333A20617A746563000034
:109858006C6576656C20343A206361676564000046
:109868006C6576656C20353A2067686F7374207470
:109878006F776E006C6576656C20363A206261728F
:109888006F6E2773206C6169720000006C657665E5
:109898006C20373A20636175676874796172640077
:1098A8006C6576656C20383A207265616C6D0000D5
:1098B8006C6576656C20393A2061626174746F69F1
:1098C800726500006C6576656C2031303A206F6EE9
:1098D800736C6175676874006C6576656C203131EE
:1098E8003A2068756E746564000000006C657665E2
:1098F8006C2031323A207370656564006C6576655A
:109908006C2031333A207468652063727970740072
:109918006C6576656C2031343A2067656E657369CD
:10992800730000006C6576656C2031353A207468E8
:1099380065207477696C6967687400006C65766582
:109948006C2031363A20746865206F6D656E0000B2
:109958006C6576656C2031373A20636F6D706F7572
:109968006E6400006C6576656C2031383A206E654F
:1099780075726F7370686572650000006C65766556
:109988006C2031393A206E6D650000006C65766593
:109998006C2032303A2074686520646561746820F0
:1099A800646F6D61696E00006C6576656C2032319C
:1099B8003A20736C61796572000000006C65766509
:1099C8006C2032323A20696D706F737369626C650E
:1099D800206D697373696F6E000000006C657665B1
:1099E8006C2032333A20746F6D6273746F6E650049
:1099F8006C6576656C2032343A2074686520666937
:109A08006E616C2066726F6E74696572000000008A
:109A18006C6576656C2032353A207468652074650B
:109A28006D706C65206F66206461726B6E65737310
:109A3800000000006C6576656C2032363A2062754D
:109A48006E6B6572000000006C6576656C203237BD
:109A58003A20616E74692D6368726973740000003E
:109A68006C6576656C2032383A20746865207365B9
:109A780077657273000000006C6576656C2032397A
:109A88003A206F647973736579206F66206E6F6909
:109A9800736573006C6576656C2033303A207468A2
:109AA800652067617465776179206F662068656CE9
:109AB8006C0000006C6576656C2033313A20637960
:109AC80062657264656E00006C6576656C20333281
:109AD8003A20676F20322069740000006C65766553
:109AE8006C20313A2073797374656D20636F6E74DE
:109AF800726F6C006C6576656C20323A2068756D03
:109B0800616E2062627100006C6576656C20333A84
:109B180020706F77657220636F6E74726F6C0000CF
:109B28006C6576656C20343A20776F726D686F6C5F
:109B3800650000006C6576656C20353A2068616EBA
:109B4800676572006C6576656C20363A206F7065C3
:109B58006E20736561736F6E000000006C6576653A
:109B68006C20373A20707269736F6E006C65766589
:109B78006C20383A206D6574616C00006C65766500
:109B88006C20393A207374726F6E67686F6C64006A
:109B98006C6576656C2031303A20726564656D704D
:109BA80074696F6E000000006C6576656C20313159
:109BB8003A2073746F7261676520666163696C69C6
:109BC800747900006C6576656C2031323A206372D6
:109BD80061746572000000006C6576656C20313335
:109BE8003A206E756B6167652070726F6365737379
:109BF800696E67006C6576656C2031343A20737441
:109C080065656C20776F726B730000006C65766514
:109C18006C2031353A2064656164207A6F6E650086
:109C28006C6576656C2031363A20646565706573BD
:109C38007420726561636865730000006C65766501
:109C48006C2031373A2070726F63657373696E6781
:109C580020617265610000006C6576656C203138A2
:109C68003A206D696C6C00006C6576656C20313942
:109C78003A207368697070696E672F7265737061D6
:109C8800776E696E670000006C6576656C2032300F
:109C98003A2063656E7472616C2070726F636573CD
:109CA80073696E67000000006C6576656C20323160
:109CB8003A2061646D696E697374726174696F6E5C
:109CC8002063656E746572006C6576656C2032324F
:109CD8003A20686162697461740000006C65766599
:109CE8006C2032333A206C756E6172206D696E6932
:109CF8006E672070726F6A65637400006C657665C4
:109D08006C2032343A20717561727279000000005B
:109D18006C6576656C2032353A206261726F6E2709
:109D2800732064656E0000006C6576656C203236C1
:109D38003A2062616C6C6973747978006C65766539
:109D48006C2032373A206D6F756E74207061696EC1
:109D5800000000006C6576656C2032383A20686532
:109D6800636B00006C6576656C2032393A20726945
:109D78007665722073747978000000006C657665EA
:109D88006C2033303A206C6173742063616C6C0012
:109D98006C6576656C2033313A2070686172616F4A
:109DA800680000006C6576656C2033323A20636188
:109DB8007269626265616E0045314D313A204861D1
:109DC8006E6761720000000045314D323A204E75D1
:109DD800636C65617220506C616E740045314D335F
:109DE8003A20546F78696E20526566696E6572799B
:109DF8000000000045314D343A20436F6D6D616EAF
:109E08006420436F6E74726F6C00000045314D35ED
:109E18003A2050686F626F73204C61620000000046
:109E28004E45574C4556454C0000000045314D36CF
:109E38003A2043656E7472616C2050726F6365736B
:109E480073696E670000000045314D373A20436F53
:109E58006D70757465722053746174696F6E00005B
:109E680045314D383A2050686F626F7320416E6FEC
:109E78006D616C790000000045314D393A204D691B
:109E88006C697461727920426173650045324D31A5
:109E98003A204465696D6F7320416E6F6D616C790E
:109EA8000000000045324D323A20436F6E746169FC
:109EB8006E6D656E742041726561000045324D33E8
:109EC8003A20526566696E657279000045324D34F4
:109ED8003A204465696D6F73204C61620000000090
:109EE80045324D353A20436F6D6D616E6420436590
:109EF8006E7465720000000045324D363A204861A4
:109F08006C6C73206F66207468652044616D6E65A3
:109F18006400000045324D373A20537061776E690E
:109F28006E6720566174730045324D383A20546F7D
:109F3800776572206F6620426162656C00000000E0
:109F480045324D393A20466F727472657373206FCB
:109F580066204D79737465727900000045334D3180
:109F68003A2048656C6C204B6565700045334D326E
:109F78003A20536C6F756768206F6620446573706C
:109F88006169720045334D333A2050616E64656DE6
:109F98006F6E69756D00000045334D343A20486F87
:109FA800757365206F66205061696E0045334D35C5
:109FB8003A20556E686F6C792043617468656472E5
:109FC800616C000045334D363A204D742E204572A1
:109FD800656275730000000045334D373A204C69BF
:109FE8006D626F0045334D383A20446973000000B4
:109FF80045334D393A2057617272656E730000001F
:10A0080045344D313A2048656C6C2042656E656177
:10A018007468000045344D323A20506572666563B5
:10A0280074204861747265640000000045344D3343
:10A038003A20536576657220546865205769636BCA
:10A048006564000045344D343A20556E72756C795C
:10A05800204576696C00000045344D353A20546837
:10A0680065792057696C6C20526570656E740000C4
:10A0780045344D363A20416761696E7374205468DF
:10A088006565205769636B65646C790045344D37A5
:10A098003A20416E642048656C6C20466F6C6C6F8A
:10A0A8007765640045344D383A20556E746F2054F6
:10A0B800686520437275656C0000000045344D39B1
:10A0C8003A20466561720000477265656E3A200065
:10A0D800496E6469676F3A200000000042726F772A
:10A0E8006E3A20005265643A200000004E6F00006E
:10A0F80049276D20726561647920746F206B6963EC
:10A108006B2062757474210049276D204F4B2E0017
:10A1180049276D206E6F74206C6F6F6B696E6720B6
:10A12800746F6F20676F6F642100000048656C7062
:10A1380021000000596F75207375636B21000000C2
:10A148004E6578742074696D652C207363756D6233
:10A1580061672E2E2E000000436F6D6520686572C2
:10A168006521000049276C6C2074616B6520636170
:10A178007265206F662069742E00000059657300AF
:10A188004D65737361676573204F46460000000094
:10A198004D65737361676573204F4E00656D70740C
:10A1A8007920736C6F7400005F00000053415645BE
:10A1B80047414D45000000000A28707265737320FE
:10A1C8007920746F207175697420746F20646F73BF
:10A1D8002E290000796F752063616E277420646FE3
:10A1E800206C6F6164207768696C6520696E2061F6
:10A1F800206E65742067616D65210A0A7072657347
:10A20800732061206B65792E00000000796F75203E
:10A2180063616E27742073746172742061206E65A7
:10A22800772067616D650A7768696C6520696E20BB
:10A2380061206E6574776F726B2067616D652E0A99
:10A248000A70726573732061206B65792E000000B7
:10A258007468697320697320746865207368617213
:10A2680065776172652076657273696F6E206F66B7
:10A2780020646F6F6D2E0A0A796F75206E656564AC
:10A2880020746F206F726465722074686520656E33
:10A2980074697265207472696C6F67792E0A0A7026
:10A2A800726573732061206B65792E006172652079
:10A2B800796F75207375726520796F752077616E77
:10A2C8007420746F20656E64207468652067616D02
:10A2D800653F0A0A70726573732079206F72206E69
:10A2E8002E000000796F752063616E277420646FFB
:10A2F8002074686973207768656E20616C72656187
:10A30800647920696E2061206E65742067616D65CF
:10A31800210A0A70726573732061206B65792E00BB
:10A32800796F752063616E27742073617665206983
:10A338006620796F75206172656E277420706C6174
:10A3480079696E67210A0A70726573732061206BE0
:10A3580065792E00796F752063616E277420717599
:10A3680069636B6C6F616420647572696E672061E4
:10A37800206E657467616D65210A0A707265737372
:10A388002061206B65792E00796F7520686176658C
:10A398006E2774207069636B65642061207175692C
:10A3A800636B7361766520736C6F742079657421B3
:10A3B8000A0A70726573732061206B65792E00003C
:10A3C800646F20796F752077616E7420746F2071C7
:10A3D8007569636B6C6F6164207468652067616D73
:10A3E80065206E616D65640A0A272573273F0A0A8E
:10A3F80070726573732079206F72206E2E000000D2
:10A40800717569636B73617665206F766572207903
:10A418006F75722067616D65206E616D65640A0AEB
:10A42800272573273F0A0A70726573732079206F96
:10A4380072206E2E000000005468657265206973F2
:10A44800206E6F2067616D6520746F20636F6E6E7C
:10A4580065637420746F2E005468652067616D65AC
:10A468002068617320616C7265616479207374611E
:10A47800727465642E000000546865206E657477F8
:10A488006F726B2067616D65206973206E6F742031
:10A49800636F6D70617469626C65000077697468D8
:10A4A80020796F757220574144206F7220636C6960
:10A4B800656E742E0000000025642E002573202888
:10A4C800796F7529000000002028686F73742900CF
:10A4D800507265737320456E74657220746F2073B3
:10A4E800746172742067616D650000005072657355
:10A4F800732045534320746F2063616E63656C005D
:10A50800444F4F4D4755590061726520796F75204A
:10A51800737572653F207468697320736B696C6C1E
:10A52800206C6576656C0A69736E2774206576659C
:10A538006E2072656D6F74656C7920666169722E24
:10A548000A0A70726573732079206F72206E2E006C
:10A55800596F75206E656564206120626C75652091
:10A568006B657920746F2061637469766174652006
:10A5780074686973206F626A65637400596F752027
:10A588006E656564206120726564206B657920744E
:10A598006F206163746976617465207468697320DB
:10A5A8006F626A6563740000596F75206E65656433
:10A5B80020612079656C6C6F77206B657920746FEA
:10A5C8002061637469766174652074686973206FAB
:10A5D800626A656374000000596F75206E65656472
:10A5E800206120626C7565206B657920746F206F1F
:10A5F80070656E207468697320646F6F7200000064
:10A60800596F75206E65656420612079656C6C6F83
:10A6180077206B657920746F206F70656E20746881
:10A62800697320646F6F7200596F75206E65656479
:10A63800206120726564206B657920746F206F70CB
:10A64800656E207468697320646F6F720000000083
:10A6580045565F566572746963616C446F6F723AF0
:10A6680020547269656420746F20636C6F73652071
:10A67800736F6D657468696E67207468617420779C
:10A6880061736E2774206120646F6F722E00000062
:10A69800736F756E64626C6F636B73203C3D203121
:10A6A800000000002F55736572732F7A6170702F48
:10A6B8006465762F646333325F6E6962626C6572BB
:10A6C8002F7270323034302D646F6F6D2F73726358
:10A6D8002F646F6F6D2F705F656E656D792E6300E7
:10A6E800212868202620534543544F52484549475E
:10A6F80048545F5A45524F5F4D41534B2900000063
:10A708002F55736572732F7A6170702F6465762F79
:10A71800646333325F6E6962626C65722F72703285
:10A728003034302D646F6F6D2F7372632F646F6FC9
:10A738006D2F725F646566732E680000212864209F
:10A748002620534543544F524845494748545F5A79
:10A7580045524F5F4D41534B290000005069636BD0
:10A768006564207570207468652061726D6F722E43
:10A77800000000005069636B656420757020746880
:10A7880065204D65676141726D6F722100000000A0
:10A798005069636B65642075702061206865616C21
:10A7A800746820626F6E75732E0000005069636BC9
:10A7B800656420757020616E2061726D6F72206211
:10A7C8006F6E75732E000000537570657263686153
:10A7D80072676521000000004D6567615370686508
:10A7E800726521005069636B656420757020612073
:10A7F800626C7565206B6579636172642E00000078
:10A808005069636B656420757020612079656C6C94
:10A818006F77206B6579636172642E005069636B92
:10A828006564207570206120726564206B657963AA
:10A838006172642E000000005069636B65642075C6
:10A8480070206120626C756520736B756C6C206B71
:10A8580065792E005069636B6564207570206120EE
:10A8680079656C6C6F7720736B756C6C206B657990
:10A878002E0000005069636B6564207570206120AC
:10A8880072656420736B756C6C206B65792E0000A3
:10A898005069636B65642075702061207374696DFD
:10A8A8007061636B2E0000005069636B65642075EE
:10A8B800702061206D6564696B69742074686174C7
:10A8C80020796F75205245414C4C59206E6565645E
:10A8D800210000005069636B656420757020612059
:10A8E8006D6564696B69742E00000000496E7675A9
:10A8F8006C6E65726162696C697479210000000090
:10A908004265727365726B210000000050617274B9
:10A9180069616C20496E7669736962696C697479DA
:10A9280000000000526164696174696F6E205368A9
:10A9380069656C64696E672053756974000000006E
:10A94800436F6D70757465722041726561204D6149
:10A95800700000004C6967687420416D706C69660E
:10A9680069636174696F6E205669736F72000000C5
:10A978005069636B6564207570206120636C697031
:10A988002E0000005069636B65642075702061209B
:10A99800626F78206F662062756C6C6574732E0028
:10A9A8005069636B6564207570206120726F636BFA
:10A9B80065742E005069636B656420757020612092
:10A9C800626F78206F6620726F636B6574732E00F8
:10A9D8005069636B656420757020616E20656E65D3
:10A9E8007267792063656C6C2E0000005069636B98
:10A9F800656420757020616E20656E6572677920C8
:10AA080063656C6C207061636B2E00005069636B2A
:10AA1800656420757020342073686F7467756E20C4
:10AA28007368656C6C732E005069636B6564207580
:10AA380070206120626F78206F662073686F74677A
:10AA4800756E207368656C6C732E00005069636BBB
:10AA580065642075702061206261636B7061636B4F
:10AA68002066756C6C206F6620616D6D6F2100002B
:10AA7800596F7520676F742074686520424647399E
:10AA88003030302120204F682C207965732E00004B
:10AA9800596F7520676F74207468652063686169F1
:10AAA8006E67756E210000004120636861696E73EE
:10AAB800617721202046696E6420736F6D65206D73
:10AAC8006561742100000000596F7520676F74205C
:10AAD80074686520726F636B6574206C61756E6352
:10AAE8006865722100000000596F7520676F742037
:10AAF80074686520706C61736D612067756E2100E4
:10AB0800596F7520676F74207468652073686F7457
:10AB180067756E2100000000596F7520676F7420FB
:10AB28007468652073757065722073686F746775D3
:10AB38006E210000537065636869744F76657272A0
:10AB4800756E3A205761726E696E673A20756E614C
:10AB5800626C6520746F20656D756C617465616EDB
:10AB6800206F76657272756E207768657265206EE3
:10AB7800756D737065636869743D25690A00000026
:10AB8800217468696E672D3E73705F626E657874B4
:10AB9800000000002F55736572732F7A6170702F53
:10ABA8006465762F646333325F6E6962626C6572C6
:10ABB8002F7270323034302D646F6F6D2F73726363
:10ABC8002F646F6F6D2F705F6D617075746C2E637D
:10ABD80000000000534156452F455241534520255A
:10ABE800303878202B20253034780A00202057521E
:10ABF800495445202570202825702B253034782984
:10AC0800202B2025303478206174202570202825B9
:10AC1800702B25303478290A0000000041626F75D6
:10AC28007420746F20736176652064697361626C47
:10AC38006520696E74657272757074730000000027
:10AC480057726974696E6720746F207069636F004A
:10AC5800526573746F726520696E7473000000002A
:10AC68006865696768740000666C6F6F727A0000C7
:10AC78006365696C696E677A00000000616E676CD5
:10AC88006500000072616469757300006D6F6D780E
:10AC9800000000006D6F6D79000000006D6F6D7A27
:10ACA800000000007469637300000000737461742D
:10ACB80065000000666C6167730000006865616C80
:10ACC800746800006D6F766500000000726561634E
:10ACD80074696F6E000000007468726573686F6C49
:10ACE80064000000216D6F626A5F69735F7374614D
:10ACF8007469632873747229000000002F55736506
:10AD080072732F7A6170702F6465762F64633332A3
:10AD18005F6E6962626C65722F7270323034302DEA
:10AD2800646F6F6D2F7372632F646F6F6D2F705F19
:10AD380073617665672E6300666C6F6F726865690C
:10AD4800676874006365696C696E676865696768D8
:10AD580074000000666C6F6F727069630000000019
:10AD68006365696C696E6770696300006C69676820
:10AD7800746C6576656C0000216C696E655F737034
:10AD8800656369616C286C6929207C7C206C696E1C
:10AD9800655F7370656369616C286C6929203D3D46
:10ADA800207768645F6C696E655F7370656369615D
:10ADB8006C28286C69292900535041434520256493
:10ADC8002C2072657175697265642025640A00001B
:10ADD8004E65656420746F206164642025702D3E83
:10ADE800257020282B25303478290A00736C6F745D
:10ADF800735B6C6173745F736C6F745D2E646174E4
:10AE08006100000066726F6D5F746F70202D2066A0
:10AE1800726F6D5F626F74746F6D203E203000003A
:10AE28004E65656420746F206D6F76652025702DE2
:10AE38003E257020282B253034782920746F202552
:10AE4800702D3E25700A00004275666665722065A1
:10AE580078697374732077726974696E6720666C99
:10AE680061736820656C656D656E74730000000021
:10AE78004E756B696E6720736C6F742025640A00C9
:10AE880057726974696E6720666C61736820636FB6
:10AE98006D706C6574650000505F5361766547613D
:10AEA8006D655772697465466C617368536C6F742D
:10AEB80020446F6E650000002F55736572732F7AFA
:10AEC8006170702F6465762F646333325F6E6962D8
:10AED800626C65722F7270323034302D646F6F6D12
:10AEE8002F7372632F646F6F6D2F705F7365747546
:10AEF800702E63006E756D6C696E6573203E3D2023
:10AF08006E756D736563746F727300006D61703078
:10AF1800256900006D6170256900000069203C20EA
:10AF2800636F756E745F6F66287768645F746578A1
:10AF3800747572657472616E736C6174696F6E2971
:10AF4800000000002F55736572732F7A6170702F9F
:10AF58006465762F646333325F6E6962626C657212
:10AF68002F7270323034302D646F6F6D2F737263AF
:10AF78002F646F6F6D2F705F737065632E630000B1
:10AF880069203C20636F756E745F6F66287768640C
:10AF98005F666C61747472616E736C6174696F6EF4
:10AFA8002900000045565F446F446F6E75743A205F
:10AFB8006C696E6564656620686164206E6F2073D5
:10AFC80065636F6E642073696465646566212055E6
:10AFD8006E6578706563746564206265686176691A
:10AFE8006F72206D6179206F6363757220696E20BE
:10AFF80056616E696C6C6120446F6F6D2E20000085
:10B0080045565F446F446F6E75743A205741524EEF
:10B01800494E473A20656D756C6174696E672062A8
:10B028007566666572206F76657272756E206475D6
:10B038006520746F204E554C4C206261636B207301
:10B048006563746F722E20556E65787065637465DC
:10B0580064206265686176696F72206D6179206F1E
:10B068006363757220696E2056616E696C6C61202D
:10B07800446F6F6D2E0000006C69202D206C696E86
:10B088006573203C203635353336000074696D65AC
:10B09800203C2032353600002F55736572732F7AA5
:10B0A8006170702F6465762F646333325F6E6962F6
:10B0B800626C65722F7270323034302D646F6F6D30
:10B0C8002F7372632F646F6F6D2F705F737769745E
:10B0D80063682E6300000000212873697A652026C2
:10B0E800203329002F55736572732F7A6170702F82
:10B0F8006465762F646333325F6E6962626C657271
:10B108002F7270323034302D646F6F6D2F7372630D
:10B118002F646F6F6D2F705F7469636B2E6300000F
:10B128007468696E6B65725F6E6578742874686997
:10B138006E6B65727461696C29203D3D20267468C8
:10B14800696E6B657263617000000000736C6F74E8
:10B15800203E3D203020262620736C6F74203C2032
:10B16800380000007468696E6B65722D3E706F6FF1
:10B178006C5F696E666F202620307838000000000A
:10B1880074797065203C3D204D41585F5448494EC4
:10B198004B45525F504F4F4C5300000021282A6204
:10B1A8006974736574202620283175203C3C20730F
:10B1B8006C6F74292900000066726F6E7473656382
:10B1C800746F722D3E666C6F6F72706963203D3DBF
:10B1D80020736B79666C61746E756D207C7C202899
:10B1E800666C6F6F72706C616E652D3E686569671D
:10B1F8006874203D3D20736563746F725F666C6F81
:10B208006F726865696768742866726F6E747365B3
:10B2180063746F722920262620666C6F6F72706CBB
:10B22800616E652D3E7069636E756D203D3D2066CB
:10B23800726F6E74736563746F722D3E666C6F6F98
:10B2480072706963290000002F55736572732F7A35
:10B258006170702F6465762F646333325F6E696244
:10B26800626C65722F7270323034302D646F6F6D7E
:10B278002F7372632F646F6F6D2F725F6273702EFE
:10B288006300000066726F6E74736563746F722D6D
:10B298003E6365696C696E67706963203D3D207324
:10B2A8006B79666C61746E756D207C7C2028636593
:10B2B800696C696E67706C616E652D3E686569675B
:10B2C8006874203D3D20736563746F725F636569C0
:10B2D8006C696E676865696768742866726F6E74F2
:10B2E800736563746F7229202626206365696C690B
:10B2F8006E67706C616E652D3E7069636E756D204A
:10B308003D3D2066726F6E74736563746F722D3E77
:10B318006365696C696E6770696329006E756D5F36
:10B328006672616D656472617761626C6573203CF9
:10B33800204D41585F4652414D455F445241574167
:10B34800424C4553000000002F55736572732F7AE5
:10B358006170702F6465762F646333325F6E696243
:10B36800626C65722F7270323034302D646F6F6D7D
:10B378002F7372632F646F6F6D2F725F64617461D6
:10B388005F7768642E6300007768645F746578741B
:10B39800757265735B736B79746578747572655DC6
:10B3A8002E70617463685F636F756E74203D3D2015
:10B3B80031000000544558545552453100000000F2
:10B3C8006E756D7465787475726573203E3D204E98
:10B3D800554D5F5350454349414C5F54455854556A
:10B3E80052455300465F535441525400465F454E00
:10B3F800440000006E756D666C617473203C3D20DE
:10B4080032353600575F4C756D704C656E677468E1
:10B41800286669727374666C61742D3129203D3D0C
:10B42800204E554D5F5350454349414C5F464C4172
:10B438005453202B206E756D666C61747300000088
:10B44800535F535441525400535F454E440000002B
:10B4580034202A206E756D7370726974656C756D11
:10B468007073203D3D20575F4C756D704C656E675D
:10B4780074682866697273747370726974656C7520
:10B488006D702D3129000000505F53544152540013
:10B49800434F4C4F524D415000000000696E6465A7
:10B4A80078203C206E756D6C696E65730000000035
:10B4B8002F55736572732F7A6170702F6465762FBC
:10B4C800646333325F6E6962626C65722F727032C8
:10B4D8003034302D646F6F6D2F7372632F646F6F0C
:10B4E8006D2F725F6D61696E2E630000696E646511
:10B4F80078203C206E756D736563746F72730000FD
:10B5080074203C3D204C4153545F535749544348A1
:10B518005F54455854555245000000006E6F726DD7
:10B52800616C203D3D2074207C7C206E6F726D61C3
:10B538006C203D3D202874205E2031290000000049
:10B54800636F6C203E3D3020262620636F6C203CC4
:10B5580020323536000000002F55736572732F7A3C
:10B568006170702F6465762F646333325F6E696231
:10B57800626C65722F7270323034302D646F6F6D6B
:10B588002F7372632F646F6F6D2F725F64617461C4
:10B598002E6800006664000066645F6E756D203E6C
:10B5A8003D302026262066645F6E756D203C204D58
:10B5B80041585F4652414D455F4452415741424CC4
:10B5C8004553000066642D3E7265616C5F696420B6
:10B5D8003E3D2030000000007768645F7465787431
:10B5E800757265735B66642D3E7265616C5F696434
:10B5F8005D2E776964746820213D203000000000CA
:10B6080064635F736F757263652E7265616C5F69E1
:10B6180064203E3D203000002F55736572732F7AE9
:10B628006170702F6465762F646333325F6E696270
:10B63800626C65722F7270323034302D646F6F6DAA
:10B648002F7372632F646F6F6D2F725F73656773EB
:10B658002E630000706E203C207063006D696420CA
:10B668003E3D2030202626206D6964203C3D207612
:10B678006965776865696768740000007968202BD8
:10B688002031203E3D2030202626207968202B209E
:10B6980031203C3D20766965776865696768740084
:10B6A80066642D3E7265616C5F6964203C3D2030A4
:10B6B800000000002F55736572732F7A6170702F28
:10B6C8006465762F646333325F6E6962626C65729B
:10B6D8002F7270323034302D646F6F6D2F73726338
:10B6E8002F646F6F6D2F725F7468696E67732E6356
:10B6F80000000000636F6C756D6E2E636F6C203EEA
:10B708003D3020262620636F6C756D6E2E636F6C3E
:10B71800203C2070617463685F776964746828707E
:10B7280061746368290000006E6578745F636F6CEC
:10B73800756D6E203C2070617463685F776964740E
:10B7480068287061746368290000000073697A656D
:10B75800203E3D2031000000626173655F6F6666C0
:10B76800736574203C203235360000007365675FCE
:10B77800636F756E74203C204D41585F53454753A5
:10B7880000000000645F257300000000696E6465B6
:10B7980078203C204E554D5F534658002F55736511
:10B7A80072732F7A6170702F6465762F64633332F9
:10B7B8005F6E6962626C65722F7270323034302D40
:10B7C800646F6F6D2F7372632F646F6F6D2F736F5C
:10B7D800756E64732E6300004465677265656C65F9
:10B7E80073736E657373204D6F6465204F6E000030
:10B7F8004465677265656C6573736E657373204D18
:10B808006F6465204F666600416D6D6F20286E6F0E
:10B81800206B657973292041646465640000000029
:10B828005665727920486170707920416D6D6F207E
:10B8380041646465640000004D7573696320436862
:10B84800616E676500000000494D504F53534942EF
:10B858004C452053454C454354494F4E0000000089
:10B868004E6F20436C697070696E67204D6F646518
:10B87800204F4E004E6F20436C697070696E6720D0
:10B888004D6F6465204F464600000000506F776595
:10B89800722D757020546F67676C65640000000036
:10B8A800696E56756C6E2C205374722C20496E7616
:10B8B80069736F2C205261642C20416C6C6D61702F
:10B8C8002C206F72204C6974652D616D700000002A
:10B8D8002E2E2E20646F65736E2774207375636B2C
:10B8E800202D20474D000000616E673D3078257897
:10B8F8003B782C793D28307825782C3078257829A4
:10B90800000000004368616E67696E67204C6576C9
:10B91800656C2E2E2E00000069646D79706F7300BF
:10B928006964636C65760000696463686F7070654C
:10B938007273000069646265686F6C647600000069
:10B9480069646265686F6C647300000069646265AD
:10B95800686F6C646900000069646265686F6C6494
:10B968007200000069646265686F6C6461000000C1
:10B9780069646265686F6C646C0000006964626584
:10B98800686F6C64000000006964636C6970000093
:10B99800696473706973706F7064000069646661CC
:10B9A8000000000069646B666100000069646471EE
:10B9B8006400000069646D757300000057494D41CB
:10B9C80050256400436F756C64206E6F7420706C32
:10B9D800616365207061746368206F6E206C6576A2
:10B9E800656C202564000000736C6F74203D3D2059
:10B9F80070617463685F686173682868656164650D
:10BA0800722D3E70617463685F6E756D2900000069
:10BA1800696E742070617463685F6F6666736574BD
:10BA28005F6F725F696E76657273655F736C6F7452
:10BA380028696E74290000002F55736572732F7A78
:10BA48006170702F6465762F646333325F6E69624C
:10BA5800626C65722F7270323034302D646F6F6D86
:10BA68002F7372632F70645F72656E6465722E63E4
:10BA780070700000783E3D3020262620783C5343E5
:10BA88005245454E5749445448000000696E743188
:10BA9800365F7420616C6C6F635F70645F636F6C9A
:10BAA800756D6E28696E74290000000072635F6905
:10BAB8006E646578203E3D2030000000766F696432
:10BAC80020667265655F70645F636F6C756D6E2864
:10BAD800696E7431365F74290000000065786973F7
:10BAE80074696E675F696E646578203D3D202A70D1
:10BAF8007265765F6578697374696E675F70747272
:10BB080000000000766F696420707573685F646F69
:10BB1800776E5F785F6775747328696E742C206917
:10BB28006E7431365F74290021636F6C756D6E5FBA
:10BB380069735F6E696C286E65775F636F6C290047
:10BB48002A707265765F6578697374696E675F706D
:10BB58007472203D3D202D310000000021636F6C80
:10BB6800756D6E5F69735F6E696C2865786973744B
:10BB7800696E675F636F6C290000000063622E794D
:10BB88006C203C3D2063622E79680000766F696402
:10BB980020707573685F646F776E5F785F66757A1B
:10BBA8007A7928696E742C20696E7431365F74292D
:10BBB8000000000072656E6465725F636F6C735B92
:10BBC80072635F696E6465785D2E796C203E3D20F6
:10BBD800302026262072656E6465725F636F6C7311
:10BBE8005B72635F696E6465785D2E796C203C20BA
:10BBF8004D41494E5F5649455748454947485420A5
:10BC080026262072656E6465725F636F6C735B7263
:10BC1800635F696E6465785D2E7968203E3D2030EB
:10BC28002026262072656E6465725F636F6C735B95
:10BC380072635F696E6465785D2E7968203C204D7B
:10BC480041494E5F564945574845494748540000C1
:10BC5800766F69642070645F6164645F636F6C759C
:10BC68006D6E2870645F636F6C756D6E5F7479704C
:10BC780065290000212870645F666C6167202620B2
:10BC880032290000766F69642070645F6164645FC4
:10BC98006D61736B65645F636F6C756D6E7328752A
:10BCA800696E74385F742A2C20696E74290000004C
:10BCB80079735B315D203E3D2079735B305D000018
:10BCC80070645F636F6C756D6E206672616373205C
:10BCD80073757270726973696E67202530387820C1
:10BCE800253038780A00000079735B69202A2033F0
:10BCF800202B20315D203E3D2079735B69202A206E
:10BD0800335D0000766F69642070645F6164645F0E
:10BD1800706C616E655F636F6C756D6E28696E74AB
:10BD28002C20696E742C20696E742C2066697865E5
:10BD3800645F742C20696E742C20696E742900006D
:10BD4800424954204F56455252554E00766F696409
:10BD58002074685F66696C6C5F62797465287468C2
:10BD68005F6269745F696E7075742A29000000004B
:10BD780075696E742074685F726561645F62697466
:10BD8800732874685F6269745F696E7075742A2CB1
:10BD980020696E742900000075696E7431365F740D
:10BDA8002074685F6465636F64655F7461626C6565
:10BDB8005F7370656369616C5F31362874685F64AE
:10BDC80065636F6465722C20636F6E737420756988
:10BDD8006E74385F742A2C2074685F6269745F69B6
:10BDE8006E7075742A29000075696E74385F742046
:10BDF80074685F6465636F64655F7461626C655FD6
:10BE08007370656369616C2874685F6465636F64E7
:10BE180065722C20636F6E73742075696E74385F59
:10BE2800742A2C2074685F6269745F696E70757417
:10BE38002A290000706F73203C20666C61745F646F
:10BE480065636F6465725F627566202B20636F752A
:10BE58006E745F6F6628666C61745F6465636F6497
:10BE680065725F627566290075696E74385F742A39
:10BE7800206465636F64655F666C61745F746F5F8F
:10BE8800736C6F7428696E742C20696E74290000B5
:10BE98007866203C202875696E7429207800000097
:10BEA8006361636865645F666C61745F736C6F740B
:10BEB80073000000766F696420666C7573685F763E
:10BEC8006973706C616E657328696E74385F742A63
:10BED8002C20696E742900006865616465722D3EC6
:10BEE80070617463685F6E756D203D3D207061748C
:10BEF80063685F6E756D0000766F696420676574AE
:10BF08005F70617463685F6465636F6465722869F4
:10BF18006E742C2070617463685F6465636F646518
:10BF28005F696E666F2A2C20696E742C20696E74A6
:10BF3800290000002A6C61737420213D202D3100F6
:10BF4800736C6F74203E3D3020262620736C6F740E
:10BF5800203C2050415443485F4445434F44455298
:10BF68005F484153485F53495A450000706F73203A
:10BF78002D207064692E6465636F646572203C3D92
:10BF88002073706163655F6E6565646564202D204C
:10BF980050415443485F484153485F454E545259B5
:10BFA8005F4845414445525F48574F52445300004B
:10BFB800706F73203C3D2070617463685F646563D3
:10BFC8006F6465725F63697263756C61725F6275D5
:10BFD80066202B2070617463685F6465636F6465B5
:10BFE800725F63697263756C61725F6275665F77B1
:10BFF800726974655F6C696D69740000706F732095
:10C008003C3D2070617463685F6465636F6465724A
:10C018005F63697263756C61725F627566202B205D
:10C0280050415443485F4445434F4445525F434958
:10C038005243554C41525F4255464645525F53491B
:10C048005A45202D2031000077203E20302026261A
:10C058002077203C3D2033323000000077203D3DE2
:10C06800203332302026262068203D3D20323030D3
:10C0780000000000766F696420647261775F7370F6
:10C088006C61736828696E742C20696E742C206941
:10C098006E742C2075696E74385F742A2C20696E52
:10C0A8007429000028636F6C5F6F6666736574207F
:10C0B80026203078666629203C207064692E770037
:10C0C80070203C2037000000746F70203C20626FA5
:10C0D80074746F6D00000000766F6964206472618B
:10C0E800775F66756C6C73637265656E5F626163BA
:10C0F8006B67726F756E6428696E742C20696E7434
:10C108002900000028746F70203C204D41494E5F83
:10C118005649455748454947485420262620626FC6
:10C1280074746F6D203C3D204D41494E5F56494522
:10C138005748454947485429207C7C2028746F700B
:10C14800203E3D204D41494E5F5649455748454997
:10C1580047485420262620626F74746F6D203E2055
:10C168004D41494E5F564945574845494748542926
:10C17800000000005046554231000000424F535322
:10C188004241434B000000006920213D202D310031
:10C19800766F696420647261775F636F6D706F7327
:10C1A8006974655F636F6C756D6E7328696E742C46
:10C1B80020696E7429000000636F6C203C207700B2
:10C1C800706300006C696D6974203C3D2077000045
:10C1D80072756E5F636F756E74203C205748445FBC
:10C1E8004D41585F434F4C5F534547530000000093
:10C1F800757365645F746869735F74696D65203C05
:10C208002031350072756E5F636F756E74203C3D2A
:10C21800205748445F4D41585F434F4C5F53454753
:10C228005300000072756E2E79202B2072756E2EC9
:10C23800636F756E74203C3D203132380000000079
:10C2480070636F6C203C2070617463685F77696409
:10C258007468287064692E7061746368290000002E
:10C2680028636F6C5F6F666673657420262030786C
:10C27800666629203C207700632E74657874757291
:10C28800656D696420213D20544558545552454DEB
:10C2980049445F504C414E45000000007064692ECF
:10C2A80077203C3D205748445F50415443485F4DF8
:10C2B80041585F574944544800000000766F69644C
:10C2C80020647261775F70617463685F636F6C7517
:10C2D8006D6E7328696E742C20696E742C20696EDB
:10C2E8007431365F742A2C2075696E74385F742A2D
:10C2F8002C20696E74290000636F6C203C207064E8
:10C30800692E770028636F6C5F6F666673657426A5
:10C3180030786666293C7064692E7700707265769D
:10C328003E3D300031203D3D2070203E3E2038000B
:10C33800703C370030203D3D20282A76702026208A
:10C3480028283175203C3C20286269742929202D31
:10C358002031292900000000766F69642064726129
:10C36800775F766973706C616E657328696E743176
:10C37800365F742900000000626974203C20380090
:10C388002A7020213D20323535000000706C616E26
:10C39800655F6E756D203C206E756D766973706C87
:10C3A800616E6573000000002128282875696E7485
:10C3B8007074725F74292070292026203078332900
:10C3C8000000000062697420213D20380000000050
:10C3D80072656E6465725F636F6C5F636F756E74B0
:10C3E800203D3D2030000000766F69642070645F56
:10C3F800656E645F6672616D6528696E74290000F8
:10C40800766F69642072655F736F72745F726567B7
:10C41800756C61725F636F6C756D6E735F62795F67
:10C4280066645F6E756D282900000000796C203CF9
:10C438003D204D41494E5F56494557484549474873
:10C4480054000000766F696420647261775F6675D6
:10C458007A7A5F636F6C756D6E732829000000002F
:10C468007968203C3D204D41494E5F564945574823
:10C4780045494748540000005046554232000000E4
:10C48800706E756D0000000048454C50310000008A
:10C4980048454C500000000074685F66696C6C5F2A
:10C4A800627974650000000074685F726561645F9A
:10C4B800626974730000000074685F726561645F8C
:10C4C80073696D706C655F6465636F6465720000A5
:10C4D80074685F6372656174655F6465636F6465E2
:10C4E800725F31360000000074685F6372656174C2
:10C4F800655F6465636F646572000000008040C01A
:10C5080020A060E0109050D030B070F0088848C883
:10C5180028A868E8189858D838B878F8048444C423
:10C5280024A464E4149454D434B474F40C8C4CCC23
:10C538002CAC6CEC1C9C5CDC3CBC7CFC028242C2DB
:10C5480022A262E2129252D232B272F20A8A4ACA23
:10C558002AAA6AEA1A9A5ADA3ABA7AFA068646C6C3
:10C5680026A666E6169656D636B676F60E8E4ECEC3
:10C578002EAE6EEE1E9E5EDE3EBE7EFE018141C187
:10C5880021A161E1119151D131B171F1098949C9F3
:10C5980029A969E9199959D939B979F9058545C593
:10C5A80025A565E5159555D535B575F50D8D4DCD93
:10C5B8002DAD6DED1D9D5DDD3DBD7DFD038343C34B
:10C5C80023A363E3139353D333B373F30B8B4BCB93
:10C5D8002BAB6BEB1B9B5BDB3BBB7BFB078747C733
:10C5E80027A767E7179757D737B777F70F8F4FCF33
:10C5F8002FAF6FEF1F9F5FDF3FBF7FFF74685F66DE
:10C60800696C6C5F627974650000000074685F7221
:10C618006561645F6269747300000000726561643B
:10C628005F6368616E6E656C5F6576656E745F6486
:10C6380065636F646572000074685F6465636F6446
:10C64800655F7461626C655F7370656369616C00D6
:10C658006465636F64655F646174610072656164D9
:10C668005F7261775F706978656C735F6465636F2B
:10C678006465725F6333000074685F66696C6C5F41
:10C68800627974650000000074685F726561645FB8
:10C698006269747300000000726561645F7261779B
:10C6A8005F706978656C735F6465636F6465720059
:10C6B800BC46031001020000244603102C46031058
:10C6C800030200003C4603105C460310020200000F
:10C6D8006446031080460310000300008C460310D4
:10C6E800E04603100000000094460310A44603101F
:10C6F80001020000B0460310B84603100102000012
:10C70800C8460310DC46031000030000EC46031083
:10C71800061A0010241A0010B21900101E19001071
:10C728008E17001080180010EC170010D218001097
:10C7380074685F6465636F646500000074685F66B1
:10C74800696C6C5F627974650000000074685F72E0
:10C758006561645F62697473000000006D757378C9
:10C768005F7265636F72645F6E6F74655F6F666634
:10C77800000000006D7573785F7265636F72645FA7
:10C788006E6F74655F6F6E007065656B5F6576656B
:10C798006E7400004D5553585F4C6F616452617759
:10C7A800000000004D4944495F4974657261746531
:10C7B800547261636B000000002001070A0B5B5D87
:10C7C8004043787B7E7F790002040507080A0B0C3A
:10C7D8000E0F10121314151718191A1B1D1E1F20DF
:10C7E80021222425262728292A2C2D2E2F303132A4
:10C7F8003334363738393A3B3C3D3E3F404142437B
:10C8080045464748494A4B4C4D4E4F505152535458
:10C8180055565758595A5B5C5D5E5F606162636448
:10C8280065666768696A6B6C6D6E6F707172737438
:10C8380075767778797A7B7C7D7E7F80818182832B
:10C848008485868788898A8B8C8D8E8F9091929328
:10C85800949495969798999A9B9C9D9E9FA0A1A227
:10C86800A3A3A4A5A6A7A8A9AAABACADAEAFAFB029
:10C87800B1B2B3B4B5B6B7B8B9BABABBBCBDBEBF2E
:10C88800C0C1C2C3C4C4C5C6C7C8C9CACBCCCDCD34
:10C89800CECFD0D1D2D3D4D5D6D6D7D8D9DADBDC3F
:10C8A800DDDEDEDFE0E1E2E3E4E5E6E6E7E8E9EA4B
:10C8B800EBECEDEDEEEFF0F1F2F3F4F5F5F6F7F859
:10C8C800F9FAFBFCFCFDFEFF0407090B0D0F111321
:10C8D8001516181A1B1D1E202123242627282A2B4B
:10C8E8002D2E2F30323334363738393B3C3D3E3FDE
:10C8F80041424344454648494A4B4C4D4E4F50529D
:10C90800535455565758595A5B5C5D5E5F60616277
:10C918006465666768696A6B6C6D6E6F7071727258
:10C92800737475767778797A7B7C7D7E7F80818257
:10C9380083848585868788898A8B8C8D8E8F909055
:10C94800919293949596979899999A9B9C9D9E9F5E
:10C95800A0A0A1A2A3A4A5A6A6A7A8A9AAABACAC6F
:10C96800ADAEAFB0B1B2B2B3B4B5B6B7B7B8B9BA85
:10C97800BBBCBCBDBEBFC0C1C1C2C3C4C5C5C6C7A0
:10C98800C8C9C9CACBCCCDCECECFD0D1D2D2D3D4C0
:10C99800D5D5D6D7D8D9D9DADBDCDDDDDEDFE0E0E6
:10C9A800E1E2E3E4E4E5E6E7E7E8E9EAEBEBECED0E
:10C9B800EEEEEFF0F1F1F2F3F4F4F5F6F7F7F8F93B
:10C9C800FAFBFBFCFDFEFEFF080C101316181B1DDE
:10C9D8001F22242628292B2D2F3132343537393A76
:10C9E8003C3D3F404143444647484A4B4C4D4F50DD
:10C9F800515254555657585A5B5C5D5E5F6062638E
:10CA08006465666768696A6B6C6D6E6F7071727366
:10CA18007475767778797A7B7C7D7E7F8081828356
:10CA2800848586878788898A8B8C8D8E8F8F909155
:10CA38009293949596969798999A9B9B9C9D9E9F66
:10CA4800A0A0A1A2A3A4A5A5A6A7A8A9A9AAABAC82
:10CA5800ADADAEAFB0B0B1B2B3B4B4B5B6B7B7B8A8
:10CA6800B9BABABBBCBDBDBEBFC0C0C1C2C3C3C4D6
:10CA7800C5C5C6C7C8C8C9CACACBCCCDCDCECFCF0D
:10CA8800D0D1D2D2D3D4D4D5D6D6D7D8D8D9DADB48
:10CA9800DBDCDDDDDEDFDFE0E1E1E2E3E3E4E5E589
:10CAA800E6E7E7E8E9E9EAEBEBECEDEDEEEEEFF0CF
:10CAB800F0F1F2F2F3F4F4F5F6F6F7F7F8F9F9FA1B
:10CAC800FBFBFCFDFDFEFEFF10171C2024272A2D72
:10CAD80030323537393C3E4042444547494B4C4E4D
:10CAE800505153545657595A5C5D5E606162646593
:10CAF8006667696A6B6C6D6E707172737475767740
:10CB080078797A7B7C7D7E80808182838485868724
:10CB180088898A8B8C8D8E8F8F909192939495961D
:10CB2800969798999A9B9B9C9D9E9F9FA0A1A2A334
:10CB3800A3A4A5A6A6A7A8A9A9AAABACACADAEAF5D
:10CB4800AFB0B1B1B2B3B4B4B5B6B6B7B8B8B9BA94
:10CB5800BBBBBCBDBDBEBFBFC0C1C1C2C3C3C4C4D3
:10CB6800C5C6C6C7C8C8C9CACACBCBCCCDCDCECF1F
:10CB7800CFD0D0D1D2D2D3D3D4D5D5D6D6D7D8D872
:10CB8800D9D9DADBDBDCDCDDDDDEDFDFE0E0E1E1CB
:10CB9800E2E3E3E4E4E5E5E6E6E7E8E8E9E9EAEA2A
:10CBA800EBEBECECEDEDEEEFEFF0F0F1F1F2F2F390
:10CBB800F3F4F4F5F5F6F6F7F7F8F8F9F9FAFAFBFD
:10CBC800FBFCFCFDFEFEFFFF00000000CC1705008B
:10CBD800982F0A0063470F002E5F1400F97619009A
:10CBE800C28E1E008BA6230053BE280019D62D0026
:10CBF800DEED3200A1053800631D3D0023354200FB
:10CC0800E04C47009C644C00557C51000B94560046
:10CC1800BFAB5B0070C360001EDB6500C8F26A0032
:10CC2800700A700013227500B4397A0050517F00E1
:10CC3800E96884007D8089000D988E0098AF930084
:10CC48001FC79800A1DE9D001EF6A200960DA80041
:10CC58000925AD00773CB200DE53B700416BBC003C
:10CC68009D82C100F399C60043B1CB008DC8D000A6
:10CC7800D0DFD5000CF7DA00420EE0007025E500A1
:10CC8800983CEA00B853EF00D16AF400E281F90059
:10CC9800EB98FE00ECAF0301E6C60801D6DD0D01F6
:10CCA800BEF412019E0B180176221D01443922019F
:10CCB8000A502701C6662C01787D3101209436017F
:10CCC800C0AA3B0156C14001E2D7450162EE4A01C4
:10CCD800DA045001461B5501A8315A0100485F018A
:10CCE8004C5E64018C746901C28A6E01ECA0730108
:10CCF8000CB778011ECD7D0126E3820120F987015A
:10CD0800100F8D01F2249201C83A970190509C01AE
:10CD18004E66A101FC7BA6019E91AB0134A7B00130
:10CD2800BCBCB50134D2BA01A0E7BF01FEFCC40106
:10CD38004E12CA019027CF01C43CD401E851D90151
:10CD4800FE66DE01047CE301FC90E801E6A5ED0146
:10CD5800BEBAF20188CFF70142E4FC01ECF8010207
:10CD6800880D070210220C028C361102F44A1602B2
:10CD78004C5F1B0294732002CC872502F49B2A0285
:10CD880008B02F020CC43402FCD73902DCEB3E0297
:10CD9800A8FF43026413490210274E02A83A53021F
:10CDA8002C4E5802A0615D02007562024C88670231
:10CDB800849B6C02ACAE7102BCC17602BCD47B020F
:10CDC800A8E7800280FA8502440D8B02F41F9002C6
:10CDD8008C32950214459A0284579F02E469A40292
:10CDE800287CA9025C8EAE0278A0B30280B2B80299
:10CDF80074C4BD0250D6C20218E8C702C8F9CC02F2
:10CE0800640BD202E81CD702542EDC02AC3FE102CC
:10CE1800EC50E6021462EB022473F0022084F5025F
:10CE28000495FA02CCA5FF0280B604031CC70903C7
:10CE3800A0D70E030CE8130360F8180398081E0324
:10CE4800BC182303C4282803B4382D038C483203A4
:10CE580048583703EC673C0374774103E886460378
:10CE68003C964B0378A550039CB45503A4C35A03BE
:10CE780090D25F0364E164031CF06903B8FE6E039B
:10CE88003C0D7403A01B7903EC297E031C38830333
:10CE98003046880328548D0300629203C06F9703BD
:10CEA800647D9C03EC8AA1035498A603A0A5AB0358
:10CEB800D0B2B003E4BFB503DCCCBA03B4D9BF0326
:10CEC8006CE6C4030CF3C90388FFCE03EC0BD40350
:10CED8002C18D9035424DE035830E303403CE803FC
:10CEE8000848ED03B453F2033C5FF703A86AFC0358
:10CEF800F875010420810604308C0B04189710047F
:10CF0800E8A1150498AC1A0420B71F0490C12404A2
:10CF1800D8CB290400D62E0410E03304F8E93804ED
:10CF2800C0F33D0468FD4204E806480450104D046F
:10CF380090195204B0225704B02B5C048834610461
:10CF4800403D6604D8456B04484E700498567504F5
:10CF5800C85E7A04D8667F04C06E8404807689042B
:10CF6800207E8E04A0859304F88C980430949D0448
:10CF7800409BA20428A2A704F0A8AC0498AFB1046F
:10CF880018B6B60470BCBB04A8C2C004B8C8C504AF
:10CF9800A0CECA0468D4CF0408DAD40480DFD90448
:10CFA800D0E4DE0400EAE30408EFE804E8F3ED0463
:10CFB800A0F8F20438FDF704A801FD04E80502050D
:10CFC800080A0705000E0C05D8111105801516056D
:10CFD80000191B05581C2005881F250598222A05BD
:10CFE80078252F0530283405C02A3905282D3E0517
:10CFF800682F43058031480570334D05303552059B
:10D00800C836570540385C0580396105A03A660581
:10D01800983B6B05603C7005003D7505703D7A05D1
:10D02800C03D7F05E03D8405D03D8905A03D8E05C6
:10D03800403D9305B03C9805F83B9D05183BA2057B
:10D04800083AA705D038AC056837B105D835B60514
:10D058001834BB052832C0051030C505D02DCA05C7
:10D06800602BCF05C028D405F825D9050023DE0597
:10D07800D81FE305881CE8050819ED055815F205C1
:10D088007811F705700DFC0538090106D00406066D
:10D0980038000B0678FB0F0688F6140660F11906AF
:10D0A80010EC1E0690E62306E8E0280608DB2D06AD
:10D0B800F8D43206B8CE370650C83C06B0C141068F
:10D0C800E0BA4606E8B34B06B8AC500658A5550674
:10D0D800C89D5A0608965F06188E6406F885690684
:10D0E800A07D6E0620757306686C780680637D06E1
:10D0F800685A82061851870698478C06F03D9106B3
:10D1080008349606F8299B06B01FA0063815A50610
:10D11800880AAA06A8FFAE0698F4B30650E9B8062E
:10D12800D8DDBD0628D2C20648C6C70638BACC061E
:10D13800F0ADD10670A1D606C094DB06D887E0060C
:10D14800C07AE506786DEA06F05FEF063852F40615
:10D158005044F9063036FE06D82703074819080751
:10D16800880A0D0790FB110760EC160700DD1B0706
:10D1780068CD200798BD250790AD2A07589D2F0731
:10D18800E88C3407387C3907586B3E07405A430708
:10D19800F848480770374D07B0255207C01357079E
:10D1A80090015C0730EF600798DC6507C0C96A0723
:10D1B800B8B66F0770A37407F88F7907407C7E07AD
:10D1C8005068830730548807D03F8D07382B920763
:10D1D8006816970758019C0718ECA00798D6A5076A
:10D1E800E0C0AA07F0AAAF07C894B407607EB907E1
:10D1F800C067BE07E850C307D839C8078822CD07DB
:10D20800000BD20738F3D60738DBDB0700C3E0078B
:10D2180088AAE507D891EA07F078EF07C85FF4070E
:10D228006046F907C82CFE07F0120308D0F8070873
:10D2380080DE0C08F0C3110820A91608208E1B08F0
:10D24800D072200850572508903B2A08A01F2F08A5
:10D2580060033408F0E6380830CA3D0840AD42089B
:10D2680010904708A0724C0800555108103756080E
:10D27800F0185B0880FA5F08E0DB640800BD690805
:10D28800E09D6E08807E7308E05E7808003F7D08A8
:10D29800E01E820890FE8608F0DD8B0810BD90081D
:10D2A800F09B9508A07A9A0800599F082037A4088F
:10D2B8001015A908B0F2AD0810D0B20840ADB708F3
:10D2C800208ABC08C066C1082043C608401FCB0896
:10D2D80020FBCF08C0D6D40820B2D908408DDE087C
:10D2E8002068E308B042E808101DED0820F7F108AF
:10D2F800F0D0F60880AAFB08D0830009E05C050995
:10D30800B0350A09300E0F0980E6130980BE1809E6
:10D3180040961D09C06D2209F0442709F01B2C090D
:10D32800A0F2300910C93509309F3A0920753F0924
:10D33800C04A44092020490940F54D0910CA52093C
:10D34800B09E570900735C0900476109D01A660945
:10D3580050EE6A0980C16F098094740930677909B1
:10D36800A0397E09C00B8309A0DD870940AF8C096D
:10D37800A0809109B051960970229B0900F39F097A
:10D3880040C3A4093093A909E062AE095032B30939
:10D398008001B80950D0BC09F09EC109406DC6098A
:10D3A800503BCB091009D00990D6D409C0A3D9099C
:10D3B800B070DE09503DE309B009E809C0D5EC09B1
:10D3C80090A1F109206DF6096038FB095003000AA5
:10D3D80000CE040A6098090A80620E0A502C130ACB
:10D3E800E0F5170A20BF1C0A2088210AD050260A17
:10D3F80040192B0A50E12F0A30A9340AC070390AA3
:10D4080000383E0AF0FE420AA0C5470A008C4C0AC2
:10D418002052510AF017560A80DD5A0AB0A25F0A54
:10D42800A067640A502C690AB0F06D0AC0B4720A89
:10D438008078770A003C7C0A30FF800A20C2850A7F
:10D44800B0848A0A00478F0A0009940AC0CA980A59
:10D45800308C9D0A504DA20A200EA70AB0CEAB0A06
:10D46800F08EB00AE04EB50A800EBA0AE0CDBE0AC8
:10D47800E08CC30AA04BC80A100ACD0A40C8D10ADA
:10D488001086D60AA043DB0AE000E00AD0BDE40A11
:10D49800807AE90AD036EE0AE0F2F20A90AEF70A8C
:10D4A800006AFC0A2025010B00E0050B809A0A0B94
:10D4B800B0540F0BA00E140B40C8180B80811D0B25
:10D4C800803A220B30F3260B90AB2B0BA063300B6A
:10D4D800701B350BE0D2390B008A3E0BE040430B42
:10D4E80060F7470BA0AD4C0B8063510B2019560B0E
:10D4F80060CE5A0B60835F0B0038640B60EC680BDE
:10D5080070A06D0B2054720B9007770BB0BA7B0B91
:10D51800706D800BF01F850B10D2890BF0838E0B7A
:10D528007035930BA0E6970B90979C0B2048A10BA6
:10D5380060F8A50B50A8AA0BF057AF0B4007B40B27
:10D5480040B6B80BF064BD0B5013C20B50C1C60BEC
:10D55800106FCB0B701CD00B80C9D40B4076D90B45
:10D56800B022DE0BD0CEE20BA07AE70B1026EC0B34
:10D5780040D1F00B107CF50B9026FA0BC0D0FE0BB7
:10D58800907A030C2024080C50CD0C0C3076110C2A
:10D59800C01E160CF0C61A0CE06E1F0C7016240C78
:10D5A800B0BD280CA0642D0C300B320C80B1360CA9
:10D5B80070573B0C10FD3F0C50A2440C4047490CDF
:10D5C800E0EB4D0C3090520C3034570CD0D75B0C3C
:10D5D800207B600C101E650CC0C0690C10636E0CBB
:10D5E8000005730CB0A6770C00487C0CF0E8800CA2
:10D5F800A089850CF0298A0CE0C98E0C9069930CDF
:10D60800E008980CE0A79C0C8046A10CD0E4A50C7F
:10D61800C082AA0C6020AF0CB0BDB30CB05AB80CD5
:10D6280050F7BC0C9093C10C802FC60C20CBCA0CB1
:10D638007066CF0C6001D40CF09BD80C3036DD0C32
:10D6480020D0E10CB069E60CF002EB0CD09BEF0C9B
:10D658006034F40CA0CCF80C8064FD0C00FC010DC7
:10D668003093060D102A0B0D90C00F0DB056140DF7
:10D6780080EC180D00821D0D2017220DF0AB260D31
:10D6880060402B0D70D42F0D3068340DA0FB380D81
:10D69800B08E3D0D6021420DC0B3460DD0454B0DF7
:10D6A80070D74F0DD068540DC0F9580D708A5D0DB4
:10D6B800B01A620DA0AA660D403A6B0D70C96F0DC5
:10D6C8006058740DE0E6780D10757D0DF002820D3E
:10D6D8007090860D901D8B0D50AA8F0DC036940D3D
:10D6E800E0C2980DA04E9D0D00DAA10D0065A60DB3
:10D6F800B0EFAA0D007AAF0D0004B40DA08DB80DDF
:10D70800E016BD0DC09FC10D5028C60D90B0CA0DC2
:10D718006038CF0DE0BFD30D0047D80DD0CDDC0D5C
:10D728003054E10D50DAE50D0060EA0D60E5EE0DCC
:10D73800606AF30D00EFF70D4073FC0D30F7000E33
:10D74800C07A050E00FE090ED0800E0E5003130E8F
:10D758007085170E40071C0EA088200EB009250EF4
:10D76800608A290EB00A2E0EB08A320E500A370E81
:10D7780090893B0E7008400EF086440E2005490E35
:10D78800F0824D0E6000520E707D560E30FA5A0E21
:10D7980080765F0E80F2630E206E680E60E96C0E74
:10D7A8004064710ED0DE750E00597A0EC0D27E0E1E
:10D7B800304C830E50C5870E003E8C0E50B6900E2E
:10D7C800502E950EE0A5990E201D9E0E0094A20ED7
:10D7D800800AA70EA080AB0E70F6AF0ED06BB40E09
:10D7E800E0E0B80E8055BD0ED0C9C10EC03DC60ED2
:10D7F80050B1CA0E8024CF0E5097D30EC009D80E50
:10D80800D07BDC0E90EDE00EE05EE50EE0CFE90E99
:10D818007040EE0EB0B0F20E8020F70E0090FB0EB6
:10D8280020FFFF0EE06D040F40DC080F304A0D0F9B
:10D83800D0B7110F1025160FF0911A0F70FE1E0F9A
:10D84800906A230F50D6270FB0412C0FB0AC300F81
:10D858006017350FA081390F80EB3D0F0055420F3F
:10D8680020BE460FE0264B0F408F4F0F40F7530F57
:10D87800E05E580F20C65C0F002D610F8093650F86
:10D88800A0F9690F505F6E0FB0C4720FB029770FFF
:10D89800508E7B0F80F27F0F6056840FD0B9880FAF
:10D8A800F01C8D0FA07F910F00E2950FF0439A0FA7
:10D8B80080A59E0FB006A30F8067A70FF0C7AB0F18
:10D8C8000028B00FB087B40F00E7B80FE045BD0FD0
:10D8D80070A4C10F9002C60F5060CA0FB0BDCE0F22
:10D8E800B01AD30F5077D70F90D3DB0F702FE00FFC
:10D8F800E08AE40F00E6E80FB040ED0F009BF10F5F
:10D90800F0F4F50F804EFA0FB0A7FE0F8000031059
:10D91800E0580710E0B00B1080081010C05F14101A
:10D92800A0B61810200D1D1040632110E0B8251076
:10D93800400E2A1020632E10C0B73210E00B3710AB
:10D94800A05F3B1000B33F1000064410A0584810D9
:10D95800E0AA4C10C0FC5010404E5510409F591082
:10D9680000F05D104040621020906610A0DF6A1041
:10D97800C02E6F10807D7310E0CB7710C0197C101B
:10D988006067801080B4841060018910C04D8D10CC
:10D99800C099911060E59510A0309A10607B9E1098
:10D9A800E0C5A210E00FA710A059AB10E0A2AF107D
:10D9B800C0EBB3104034B810607CBC1000C4C01079
:10D9C800600BC5104052C910E098CD1000DFD1108F
:10D9D800C024D610006ADA1000AFDE10A0F3E210FF
:10D9E800C037E710807BEB10E0BEEF10E001F410C9
:10D9F8008044F810C086FC1080C80011000A051188
:10DA0800004B0911A08B0D11E0CB1111A00B1611C1
:10DA1800204B1A11208A1E11E0C822112007271155
:10DA280000452B1160822F1180BF331120FC371164
:10DA380060383C1160744011C0AF4411E0EA4811ED
:10DA4800A0254D11E05F5111C099551140D35911CE
:10DA5800600C5E1120456211607D661140B56A1147
:10DA6800E0EC6E1100247311A05A771100917B111C
:10DA7800E0C67F1160FC83118031881140668C11EB
:10DA8800A09A901180CE94110002991120359D1111
:10DA9800E067A111409AA51120CCA911C0FDAD11D4
:10DAA800E02EB211A05FB611E08FBA11E0BFBE112F
:10DAB80060EFC211801EC711404DCB11807BCF1182
:10DAC80080A9D31100D7D7112004DC11E030E01170
:10DAD800205DE4112089E811A0B4EC11C0DFF01139
:10DAE800800AF511C034F911C05EFD114088011299
:10DAF80060B1051200DA091260020E12402A1212F1
:10DB0800C0511612E0781A12809F1E12E0C5221228
:10DB1800C0EB261220112B1240362F12005B331255
:10DB2800407F371220A33B1280C63F12A0E9431260
:10DB3800400C4812802E4C1260505012E071541262
:10DB4800E092581280B35C12C0D36012A0F3641242
:10DB58000013691200326D12A0507112E06E751236
:10DB6800A08C791200AA7D1200C78112A0E3851249
:10DB7800E0FF8912A01B8E120037921200529612F3
:10DB8800806C9A12A0869E1260A0A212C0B9A6123A
:10DB9800C0D2AA1240EBAE126003B312201BB71218
:10DBA8006032BB124049BF12C05FC312E075C71292
:10DBB800808BCB12E0A0CF12C0B5D31220CAD712E7
:10DBC80040DEDB12E0F1DF122005E4120018E81253
:10DBD800602AEC12603CF012004EF412405FF8121A
:10DBE8000070FC12608000136090041300A00813FA
:10DBF80020AF0C13E0BD101340CC141320DA181317
:10DC0800A0E71C13C0F4201380012513E00D29138D
:10DC1800C0192D134025311340303513003B3913FB
:10DC280040453D13204F41138058451380614913E7
:10DC3800206A4D1360725113207A5513A08159132D
:10DC4800A0885D13208F611340956513209B69138D
:10DC580060A06D1360A57113E0A9751300AE791368
:10DC6800C0B17D1300B58113E0B7851360BA89137D
:10DC780060BC8D1320BE911360BF951320C099130B
:10DC8800A0C09D13A0C0A11340C0A51360BFA913D5
:10DC980040BEAD13A0BCB11380BAB51320B8B913F8
:10DCA80040B5BD1300B2C11340AEC51320AAC913B5
:10DCB800A0A5CD13C0A0D113609BD513C095D913CF
:10DCC800808FDD130089E1130082E513A07AE91340
:10DCD800E072ED13A06AF1130062F5130059F9130D
:10DCE800804FFD13C0450114603B0514C030091472
:10DCF800A0250D14201A1114400E1514E001191452
:10DD080040F51C1400E8201480DA241480CC281470
:10DD180020BE2C1460AF301420A034148090381426
:10DD280080803C1400704014205F4414E04D481477
:10DD3800403C4C14202A5014A0175414C004581402
:10DD480060F15B14A0DD5F1480C96314E0B467144C
:10DD5800E09F6B14808A6F14C0747314805E77140C
:10DD6800E0477B14E0307F14601983148001871426
:10DD780040E98A1480D08E1460B79214E09D9614FE
:10DD880000849A14A0699E14E04EA214A033A6142D
:10DD98002018AA1420FCAD14A0DFB114E0C2B514F9
:10DDA800A0A5B9140088BD14E069C114604BC5145E
:10DDB800802CC914400DCD1480EDD01460CDD4143E
:10DDC800C0ACD814E08BDC14806AE014C048E414BA
:10DDD8008026E814E003EC14E0E0EF1460BDF314CF
:10DDE800A099F7144075FB14A050FF14802B03155D
:10DDF8000006071520E00A15C0B90E150093121584
:10DE0800E06B161540441A15601C1E15E0F3211529
:10DE180020CB2515E0A1291540782D15204E311568
:10DE2800C0233515E0F8381580CD3C15E0A1401524
:10DE3800C075441520494815401C4C15E0EE4F1597
:10DE480020C15315E092571560645B1540355F1586
:10DE5800E005631500D66615C0A56A1520756E1510
:10DE68000044721580127615A0E0791540AE7D1534
:10DE7800807B811560488515E0148915E0E08C15D4
:10DE880080AC9015A077941580429815E00C9C15ED
:10DE9800C0D69F1560A0A3158069A7152032AB15C1
:10DEA80080FAAE1560C2B215E089B615E050BA1511
:10DEB8008017BE15C0DDC115A0A3C5150069C91519
:10DEC800002ECD15A0F2D015C0B6D415807AD8157D
:10DED800E03DDC15C000E01540C3E3156085E7159B
:10DEE8002047EB156008EF1540C9F215C089F615F3
:10DEF800C049FA156009FE15A0C801166087051605
:10DF0800C0450916C0030D1640C11016607E1416D0
:10DF1800203B181680F71B1660B31F16E06E2316F9
:10DF2800002A2716A0E42A16E09E2E16C05832169C
:10DF38002012361620CB3916C0833D16003C4116F8
:10DF4800C0F3441620AB481620624C16A018501691
:10DF5800C0CE531680845716C0395B16A0EE5E16E5
:10DF680020A3621640576616E00A6A1620BE6D1690
:10DF7800007171166023751660D5781600877C16B7
:10DF880020388016E0E883164099871640498B169A
:10DF9800C0F88E16E0A79216A0569616E0049A16B8
:10DFA800C0B29D164060A116400DA51600BAA8166D
:10DFB8002066AC160012B01660BDB3166068B716BE
:10DFC8000013BB1640BDBE160067C2166010C61609
:10DFD80040B9C916C061CD16E009D116A0B1D41652
:10DFE800E058D816E0FFDB1640A6DF16604CE316B3
:10DFF80000F2E6164097EA16203CEE1680E0F1168D
:10E008008084F5162028F91660CBFC16206E0017C0
:10E018008010041760B2071700540B1720F50E176D
:10E02800E09512172036161700D6191780751D1798
:10E03800A014211740B324178051281760EF2B171D
:10E04800E08C2F17E029331780C63617C0623A17BD
:10E0580080FE3D17E0994117E034451780CF4817F7
:10E06800A0694C1760035017C09C5317A035571769
:10E0780020CE5A1740665E1700FE61174095651757
:10E08800202C6917A0C26C17C058701760EE731760
:10E09800A083771780187B17E0AC7E17E0408217C3
:10E0A80080D48517C067891780FA8C17E08C901781
:10E0B800E01E941780B09717A0419B1760D29E1757
:10E0C800C062A217A0F2A5172082A9174011AD17A8
:10E0D80000A0B017402EB41740BCB717C049BB17F3
:10E0E800C0D6BE178063C217C0EFC517807BC9179B
:10E0F8000007CD170092D017A01CD417E0A6D71799
:10E10800C030DB1720BADE172043E217C0CBE51773
:10E11800E053E917C0DBEC172063F01700EAF317A8
:10E12800A070F717C0F6FA17807CFE17E0010218F6
:10E13800C0860518400B0918608F0C18201310189A
:10E148008096131860191718E09B1A18001E1E18DD
:10E15800A09F2118E0202518C0A1281840222C18BB
:10E1680040A22F180022331840A1361800203A1870
:10E17800809E3D18801C4118209A44186017481842
:10E1880040944B18A0104F18A08C521840085618ED
:10E198006083591840FE5C18A0786018A0F26318D4
:10E1A800206C671860E56A18205E6E1880D67118B2
:10E1B800804E751800C67818203D7C18E0B37F188B
:10E1C800402A831840A08618C0158A18E08A8D183E
:10E1D800A0FF9018E0739418E0E79718605B9B180D
:10E1E80080CE9E184041A21880B3A5186025A918B2
:10E1F800E096AC180008B018C078B31800E9B61853
:10E20800E058BA1860C8BD188037C11840A6C418AD
:10E218008014C8186082CB18E0EFCE18005DD218C1
:10E22800A0C9D518E035D918C0A1DC18400DE018F0
:10E238006078E31800E3E618404DEA1820B7ED18B7
:10E24800A020F118A089F41860F2F718A05AFB185A
:10E2580080C2FE18E029021900910519A0F70819D3
:10E26800E05D0C19C0C30F1940291319408E161907
:10E27800E0F2191940571D1900BB2019801E2419F6
:10E28800A081271940E42A1980462E1960A831195F
:10E29800E0093519E06A381980CB3B19E02B3F19A2
:10E2A800A08B421920EB4519404A4919E0A84C199E
:10E2B800200750190065531980C25619A01F5A1912
:10E2C800407C5D1980D8601960346419E08F671943
:10E2D80000EB6A19A0456E1900A07119E0F97419CC
:10E2E8006053781980AC7B1920057F19805D8219ED
:10E2F80060B58519E00C891900648C19C0BA8F19AA
:10E30800001193190067961980BC9919A0119D19DD
:10E318006066A019C0BAA319A00EA7194062AA196D
:10E3280060B5AD192008B119805AB41960ACB71995
:10E3380000FEBA19204FBE1900A0C11960F0C41917
:10E348006040C819E08FCB1920DFCE19002ED219F2
:10E35800607CD51960CAD8190018DC194065DF1926
:10E3680000B2E21980FEE519804AE9194096EC19D5
:10E3780080E1EF19602CF319C076F619E0C0F9199D
:10E38800800AFD19E053001AC09C031A40E5061ADA
:10E39800602D0A1A20750D1A60BC101A6003141A31
:10E3A800E049171A00901A1AC0D51D1A201B211A05
:10E3B8002060241AC0A4271AE0E82A1AC02C2E1AB2
:10E3C8002070311A20B3341AC0F5371A00383B1AB6
:10E3D800E0793E1A40BB411A60FC441A003D481AD5
:10E3E800407D4B1A40BD4E1AC0FC511AC03B551A0D
:10E3F800807A581AE0B85B1AC0F65E1A6034621A5E
:10E408008071651A40AE681AA0EA6B1AA0266F1AC6
:10E418004062721A809D751A40D8781AC0127C1A08
:10E42800C04C7F1A6086821AC0BF851AA0F8881A65
:10E4380020318C1A20698F1AE0A0921A40D8951AB8
:10E44800200F991AC0459C1AE07B9F1AA0B1A21A06
:10E4580000E7A51A201CA91AA050AC1AE084AF1A2C
:10E46800C0B8B21A40ECB51A401FB91A0052BC1A0B
:10E478004084BF1A20B6C21AC0E7C51AE018C91AE4
:10E48800A049CC1A007ACF1AE0A9D21A80D9D51A95
:10E49800C008D91AA037DC1A0066DF1A0094E21AFD
:10E4A800C0C1E51A00EFE81AE01BEC1A6048EF1A41
:10E4B8008074F21A40A0F51AA0CBF81AA0F6FB1A3D
:10E4C8004021FF1A804B021B4075051BC09E081B8C
:10E4D800C0C70B1B80F00E1BC018121BA040151BD9
:10E4E8004068181B608F1B1B20B61E1B80DC211B7D
:10E4F8008002251B2028281B604D2B1B20722E1BF9
:10E50800A096311BC0BA341B60DE371BC0013B1B11
:10E51800C0243E1B4047411B6069441B408B471B7E
:10E52800A0AC4A1BA0CD4D1B60EE501BA00E541B87
:10E53800802E571B004E5A1B206D5D1BE08B601B05
:10E5480040AA631B40C8661BE0E5691B20036D1BDE
:10E558000020701B803C731B8058761B4074791B0D
:10E56800A08F7C1BA0AA7F1B20C5821B60DF851B98
:10E5780040F9881BA0128C1BC02B8F1B6044921B78
:10E58800C05C951BA074981B408C9B1B60A39E1BB2
:10E5980020BAA11BA0D0A41BA0E6A71B60FCAA1B45
:10E5A800A011AE1B8026B11B203BB41B404FB71BEC
:10E5B8000063BA1B8076BD1B8089C01B209CC31BCF
:10E5C80060AEC61B60C0C91BE0D1CC1B00E3CF1BEB
:10E5D800E0F3D21B4004D61B4014D91BE023DC1BFC
:10E5E8004033DF1B2042E21BA050E51BC05EE81B46
:10E5F800A06CEB1B007AEE1B0087F11BC093F41B89
:10E6080000A0F71BE0ABFA1B80B7FD1BA0C2001CE3
:10E6180060CD031CE0D7061CE0E1091CA0EB0C1C34
:10E62800E0F40F1CE0FD121C6006161CA00E191C5D
:10E6380060161C1CE01D1F1CE024221CA02B251C9E
:10E648000032281CE0372B1C803D2E1CC042311C98
:10E65800A047341C004C371C20503A1CE0533D1C8A
:10E668004057401C405A431CE05C461C205F491C34
:10E6780000614C1C80624F1CA063521C8064551CB6
:10E68800E064581CE0645B1CA0645E1CE063611CD1
:10E69800C062641C6061671C805F6A1C605D6D1CE1
:10E6A800E05A701CE057731CA054761C0051791C6A
:10E6B800004D7C1CA0487F1CE043821CC03E851C8A
:10E6C8004039881C60338B1C402D8E1CA026911C61
:10E6D800C01F941C6018971CC0109A1CA0089D1C91
:10E6E8004000A01C80F7A21C60EEA51CC0E4A81C7A
:10E6F800E0DAAB1CC0D0AE1C20C6B11C20BBB41CD9
:10E70800C0AFB71C20A4BA1C0098BD1CA08BC01CAD
:10E71800C07EC31CA071C61C2064C91C4056CC1CFA
:10E728000048CF1C6039D21C602AD51C201BD81C7D
:10E73800600BDB1C60FBDD1CE0EAE01C20DAE31C5C
:10E7480000C9E61C80B7E91CA0A5EC1C6093EF1C6F
:10E75800C080F21CC06DF51C805AF81CC046FB1C1A
:10E76800C032FE1C601E011D8009041D60F4061DD8
:10E7780000DF091D20C90C1DE0B20F1D409C121DB1
:10E788006085151D206E181D80561B1D603E1E1DC0
:10E798002026211D600D241D40F4261DC0DA291DE8
:10E7A80000C12C1DE0A62F1D408C321D6071351D47
:10E7B8002056381DA03A3B1DA01E3E1D6002411D7B
:10E7C800A0E5431DA0C8461D40AB491D808D4C1DCA
:10E7D800606F4F1DE050521D2032551DE012581D2C
:10E7E80060F35A1D80D35D1D40B3601DA092631D68
:10E7F800C071661D6050691DC02E6C1DC00C6F1D58
:10E8080060EA711DA0C7741D80A4771D20817A1D40
:10E81800405D7D1D2039801DA014831DC0EF851D1E
:10E8280080CA881D00A58B1D007F8E1DC058911DB4
:10E838002032941D200B971DE0E3991D20BC9C1DE0
:10E8480020949F1DC06BA21D0043A51DE019A81DA3
:10E8580060F0AA1DA0C6AD1D609CB01DE071B31D7F
:10E868000047B61DE01BB91D40F0BB1D60C4BE1DAE
:10E878002098C11D806BC41D803EC71D2011CA1D74
:10E8880080E3CC1D80B5CF1D2087D21D6058D51DD3
:10E898004029D81DE0F9DA1D20CADD1D009AE01DC7
:10E8A8008069E31DA038E61D8007E91D00D6EB1D31
:10E8B80020A4EE1DE071F11D403FF41D600CF71D12
:10E8C80020D9F91D80A5FC1D8071FF1D403D021E49
:10E8D800A008051EA0D3071E409E0A1E80680D1EB4
:10E8E8008032101E20FC121E60C5151E408E181E98
:10E8F800E0561B1E001F1E1EE0E6201E80AE231ED3
:10E90800A075261E803C291E00032C1E20C92E1E21
:10E91800E08E311E6054341E8019371E40DE391EC9
:10E92800A0A23C1EC0663F1E802A421EE0ED441E87
:10E93800E0B0471EA0734A1E00364D1E00F84F1E59
:10E94800A0B9521E007B551E003C581EA0FC5A1E42
:10E95800E0BC5D1EE07C601E803C631EC0FB651E43
:10E96800A0BA681E40796B1E80376E1E60F5701E57
:10E9780000B3731E2070761E002D791EA0E97B1E41
:10E98800C0A57E1EA061811E201D841E40D8861E43
:10E998002093891EA04D8C1EC0078F1EA0C1911EFA
:10E9A800007B941E4034971E00ED991E60A59C1EA6
:10E9B800805D9F1E6015A21EC0CCA41EE083A71E0A
:10E9C800A03AAA1E00F1AC1E20A7AF1EE05CB21E42
:10E9D8004012B51E60C7B71E207CBA1E8030BD1E0F
:10E9E80080E4BF1E4098C21EA04BC51EA0FEC71ED5
:10E9F80060B1CA1EC063CD1EC015D01E80C7D21E0E
:10EA0800E078D51EE029D81E80DADA1EE08ADD1EFD
:10EA1800E03AE01EA0EAE21E009AE51E0049E81E60
:10EA2800A0F7EA1E00A6ED1E0054F01EA001F31E7A
:10EA380000AFF51E005CF81EC008FB1E00B5FD1EE9
:10EA48000061001FC00C031F00B8051F0063081FEA
:10EA5800C00D0B1F20B80D1F2062101FC00B131F05
:10EA680020B5151F205E181FC0061B1F20AF1D1FD5
:10EA78002057201FE0FE221F20A6251F404D281FDB
:10EA8800E0F32A1F409A2D1F4040301F00E6321F36
:10EA9800608B351F6030381F00D53A1F60793D1FE5
:10EAA800801D401F20C1421FA064451FA007481FAA
:10EAB80060AA4A1FC04C4D1FE0EE4F1F8090521FA6
:10EAC8000032551F00D3571FC0735A1F40145D1FD3
:10EAD80060B45F1F2054621F80F3641FA092671FF9
:10EAE80060316A1FE0CF6C1F006E6F1FE00B721F52
:10EAF80040A9741F8046771F40E3791FC07F7C1FA1
:10EB0800001C7F1FC0B7811F4053841F80EE861FE3
:10EB18006089891FE0238C1F20BE8E1F0058911F1B
:10EB2800A0F1931FE08A961FC023991F60BC9B1F0A
:10EB3800A0549E1F80ECA01F2084A31F801BA61F2B
:10EB480080B2A81F2049AB1F60DFAD1F6075B01FE2
:10EB5800200BB31F80A0B51F8035B81F40CABA1F4D
:10EB6800A05EBD1FA0F2BF1F6086C21FE019C51FAF
:10EB7800E0ACC71FC03FCA1F20D2CC1F4064CF1FC4
:10EB880020F6D11FA087D41FC018D71FA0A9D91F4E
:10EB9800203ADC1F60CADE1F405AE11FE0E9E31F8C
:10EBA8002079E61F0008E91FA096EB1FE024EE1F5E
:10EBB800E0B2F01F8040F31FE0CDF51FE05AF81FC8
:10EBC800A0E7FA1F0074FD1F0000002019004B0089
:10EBD8007D00AF00E200140146017801AB01DD01C0
:10EBE8000F0242027402A602D8020B033D036F0310
:10EBF800A103D403060438046A049D04CF04010564
:10EC0800330566059805CA05FC052F0661069306B7
:10EC1800C506F8062A075C078E07C107F30725080B
:10EC280057088A08BC08EE08200953098509B7095E
:10EC3800E9091B0A4E0A800AB20AE40A170B490BB3
:10EC48007B0BAD0BDF0B120C440C760CA80CDB0C09
:10EC58000D0D3F0D710DA30DD50D080E3A0E6C0E5E
:10EC68009E0ED00E030F350F670F990FCB0FFD0FB8
:10EC7800301062109410C610F8102A115D118F110F
:10EC8800C111F311251257128912BC12EE1220136A
:10EC980052138413B613E8131A144D147F14B114C5
:10ECA800E314151547157915AB15DD150F16411623
:10ECB8007416A616D8160A173C176E17A017D2177F
:10ECC8000418361868189A18CC18FE1830196219E2
:10ECD8009419C619F8192A1A5C1A8E1AC01AF21A47
:10ECE800241B561B881BBA1BEC1B1E1C501C821CA9
:10ECF800B41CE61C181D4A1D7C1DAE1DE01D111E0E
:10ED0800431E751EA71ED91E0B1F3D1F6F1FA11F77
:10ED1800D31F0420362068209A20CC20FE203021E2
:10ED280061219321C521F72129225A228C22BE2252
:10ED3800F022222353238523B723E9231B244C24C1
:10ED48007E24B024E224132545257725A825DA2535
:10ED58000C263E266F26A126D326042736276827A9
:10ED68009927CB27FD272E2860289228C328F52825
:10ED7800262958298A29BB29ED291E2A502A822AA0
:10ED8800B32AE52A162B482B792BAB2BDC2B0E2C20
:10ED98003F2C712CA22CD42C052D372D682D9A2DA3
:10EDA800CB2DFD2D2E2E602E912EC22EF42E252F2A
:10EDB800572F882FBA2FEB2F1C304E307F30B030B2
:10EDC800E230133144317631A731D8310A323B323F
:10EDD8006C329D32CF320033313362339433C533D2
:10EDE800F633273459348A34BB34EC341D354F3567
:10EDF8008035B135E235133644367536A636D83601
:10EE080009373A376B379C37CD37FE372F3860389C
:10EE18009138C238F338243955398639B739E83941
:10EE2800193A4A3A7B3AAC3ADD3A0E3B3F3B6F3BE4
:10EE3800A03BD13B023C333C643C953CC53CF63C92
:10EE4800273D583D893DBA3DEA3D1B3E4C3E7D3E3F
:10EE5800AD3EDE3E0F3F3F3F703FA13FD23F0240F5
:10EE6800334064409440C540F540264157418741AE
:10EE7800B841E84119424A427A42AB42DB420C436C
:10EE88003C436D439D43CE43FE432F445F448F4430
:10EE9800C044F044214551458145B245E2451346F9
:10EEA80043467346A446D4460447344765479547C6
:10EEB800C547F547264856488648B648E74817499B
:10EEC80047497749A749D749074A384A684A984A73
:10EED800C84AF84A284B584B884BB84BE84B184C53
:10EEE800484C784CA84CD84C084D384D684D984D36
:10EEF800C84DF74D274E574E874EB74EE74E164F23
:10EF0800464F764FA64FD64F055035506550955011
:10EF1800C450F450245153518351B351E251125209
:10EF280041527152A152D05200532F535F538E5306
:10EF3800BE53ED531D544C547C54AB54DB540A550A
:10EF4800395569559855C855F75526565656855614
:10EF5800B456E356135742577157A157D057FF5726
:10EF68002E585D588C58BC58EB581A59495978593D
:10EF7800A759D659055A345A635A925AC15AF05A5F
:10EF88001F5B4E5B7D5BAC5BDB5B0A5C395C685C82
:10EF9800975CC65CF45C235D525D815DB05DDE5DAF
:10EFA8000D5E3C5E6B5E995EC85EF75E255F545FE2
:10EFB800835FB15FE05F0F603D606C609A60C9601D
:10EFC800F760266154618361B161E0610E623D6260
:10EFD8006B629962C862F662256353638163B063AA
:10EFE800DE630C643A6469649764C564F3642165FC
:10EFF80050657E65AC65DA65086636666466926655
:10F00800C066EE661C674A677867A667D4670268B9
:10F0180030685E688C68BA68E8681669436971691F
:10F028009F69CD69FB69286A566A846AB16ADF6A92
:10F038000D6B3A6B686B966BC36BF16B1E6C4C6C0B
:10F048007A6CA76CD56C026D306D5D6D8A6DB86D8C
:10F05800E56D136E406E6D6E9B6EC86EF56E236F18
:10F06800506F7D6FAA6FD86F057032705F708C70AB
:10F07800BA70E770147141716E719B71C871F57146
:10F0880022724F727C72A972D672037330735D73E9
:10F098008973B673E37310743D7469749674C3749A
:10F0A800F0741C7549757675A275CF75FC75287650
:10F0B80055768176AE76DA760777337760778C7710
:10F0C800B977E57712783E786A789778C378EF78D9
:10F0D8001C7948797479A079CD79F979257A517AAA
:10F0E8007D7AAA7AD67A027B2E7B5A7B867BB27B84
:10F0F800DE7B0A7C367C627C8E7CBA7CE67C117D69
:10F108003D7D697D957DC17DEC7D187E447E707E58
:10F118009B7EC77EF37E1E7F4A7F767FA17FCD7F51
:10F12800F87F24804F807B80A680D280FD80298153
:10F1380054817F81AB81D68101822D82588283825E
:10F14800AE82DA82058330835B838683B183DC8376
:10F15800078433845E848984B484DF840985348594
:10F168005F858A85B585E0850B86368660868B86C1
:10F17800B686E1860B87368761878B87B687E187F6
:10F188000B88368860888B88B588E0880A89358935
:10F198005F898A89B489DE89098A338A5D8A888A7F
:10F1A800B28ADC8A068B318B5B8B858BAF8BD98BD4
:10F1B800038C2D8C578C818CAB8CD58CFF8C298D36
:10F1C800538D7D8DA78DD18DFB8D248E4E8E788E9F
:10F1D800A28ECB8EF58E1F8F498F728F9C8FC58F15
:10F1E800EF8F199042906C909590BF90E890119194
:10F1F8003B9164918E91B791E0910A9233925C921F
:10F208008592AF92D89201932A9353937C93A593B6
:10F21800CE93F7932094499472949B94C494ED945C
:10F2280016953F9568959095B995E2950B96339606
:10F238005C968596AD96D696FF96279750977897C1
:10F24800A197C997F2971A9843986B989398BC9886
:10F25800E4980C9935995D998599AD99D699FE9957
:10F26800269A4E9A769A9E9AC69AEE9A169B3E9B34
:10F27800669B8E9BB69BDE9B069C2E9C559C7D9C1C
:10F28800A59CCD9CF49C1C9D449D6C9D939DBB9D11
:10F29800E29D0A9E319E599E809EA89ECF9EF79E13
:10F2A8001E9F459F6D9F949FBB9FE39F0AA031A01F
:10F2B80058A07FA0A7A0CEA0F5A01CA143A16AA139
:10F2C80091A1B8A1DFA106A22DA254A27BA2A1A25E
:10F2D800C8A2EFA216A33CA363A38AA3B0A3D7A393
:10F2E800FEA324A44BA471A498A4BEA4E5A40BA5D2
:10F2F80032A558A57EA5A5A5CBA5F1A518A63EA61D
:10F3080064A68AA6B0A6D7A6FDA623A749A76FA775
:10F3180095A7BBA7E1A707A82DA853A878A89EA8DA
:10F32800C4A8EAA810A935A95BA981A9A6A9CCA94E
:10F33800F2A917AA3DAA62AA88AAADAAD3AAF8AACE
:10F348001EAB43AB68AB8EABB3ABD8ABFDAB23AC5A
:10F3580048AC6DAC92ACB7ACDCAC01AD26AD4BADF6
:10F3680070AD95ADBAADDFAD04AE29AE4EAE73AE9D
:10F3780097AEBCAEE1AE06AF2AAF4FAF73AF98AF52
:10F38800BDAFE1AF06B02AB04FB073B097B0BCB014
:10F39800E0B004B129B14DB171B196B1BAB1DEB1E5
:10F3A80002B226B24AB26EB292B2B6B2DAB2FEB2C5
:10F3B80022B346B36AB38EB3B2B3D5B3F9B31DB4AF
:10F3C80041B464B488B4ACB4CFB4F3B416B53AB5A8
:10F3D8005DB581B5A4B5C8B5EBB50EB632B655B6B0
:10F3E80078B69BB6BFB6E2B605B728B74BB76EB7C7
:10F3F80091B7B4B7D7B7FAB71DB840B863B886B8ED
:10F40800A9B8CCB8EEB811B934B956B979B99CB91C
:10F41800BEB9E1B903BA26BA48BA6BBA8DBAB0BA5E
:10F42800D2BAF4BA17BB39BB5BBB7EBBA0BBC2BBAD
:10F43800E4BB06BC28BC4ABC6DBC8FBCB1BCD2BC0A
:10F44800F4BC16BD38BD5ABD7CBD9EBDBFBDE1BD77
:10F4580003BE24BE46BE68BE89BEABBECCBEEEBEF1
:10F468000FBF31BF52BF74BF95BFB6BFD8BFF9BF7A
:10F478001AC03BC05CC07EC09FC0C0C0E1C002C112
:10F4880023C144C165C186C1A7C1C8C1E8C109C2B9
:10F498002AC24BC26BC28CC2ADC2CDC2EEC20FC370
:10F4A8002FC350C370C391C3B1C3D1C3F2C312C435
:10F4B80032C453C473C493C4B3C4D3C4F4C414C50A
:10F4C80034C554C574C594C5B4C5D4C5F3C513C6ED
:10F4D80033C653C673C692C6B2C6D2C6F1C611C7E2
:10F4E80031C750C770C78FC7AFC7CEC7EEC70DC8E3
:10F4F8002CC84CC86BC88AC8A9C8C9C8E8C807C9F5
:10F5080026C945C964C983C9A2C9C1C9E0C9FFC917
:10F518001ECA3DCA5BCA7ACA99CAB8CAD6CAF5CA47
:10F5280014CB32CB51CB6FCB8ECBACCBCBCBE9CB87
:10F5380007CC26CC44CC62CC81CC9FCCBDCCDBCCD8
:10F54800F9CC17CD36CD54CD72CD90CDADCDCBCD38
:10F55800E9CD07CE25CE43CE60CE7ECE9CCEBACEA8
:10F56800D7CEF5CE12CF30CF4DCF6BCF88CFA6CF29
:10F57800C3CFE0CFFECF1BD038D056D073D090D0B9
:10F58800ADD0CAD0E7D004D121D13ED15BD178D15A
:10F5980095D1B2D1CFD1EBD108D225D242D25ED209
:10F5A8007BD297D2B4D2D1D2EDD20AD326D342D3CA
:10F5B8005FD37BD397D3B4D3D0D3ECD308D424D49C
:10F5C80041D45DD479D495D4B1D4CDD4E9D405D57A
:10F5D80020D53CD558D574D590D5ABD5C7D5E3D56E
:10F5E800FED51AD635D651D66CD688D6A3D6BED671
:10F5F800DAD6F5D610D72CD747D762D77DD798D784
:10F60800B3D7CED7EAD704D81FD83AD855D870D8A8
:10F618008BD8A6D8C1D8DBD8F6D811D92BD946D9DA
:10F6280060D97BD995D9B0D9CAD9E5D9FFD919DA22
:10F6380034DA4EDA68DA82DA9DDAB7DAD1DAEBDA76
:10F6480005DB1FDB39DB53DB6DDB87DBA1DBBADBDB
:10F65800D4DBEEDB08DC21DC3BDC54DC6EDC88DC54
:10F66800A1DCBBDCD4DCEDDC07DD20DD39DD53DDDE
:10F678006CDD85DD9EDDB8DDD1DDEADD03DE1CDE77
:10F6880035DE4EDE67DE7FDE98DEB1DECADEE3DE23
:10F69800FBDE14DF2DDF45DF5EDF76DF8FDFA7DFE0
:10F6A800C0DFD8DFF1DF09E021E03AE052E06AE0AC
:10F6B80082E09AE0B2E0CAE0E2E0FAE012E12AE190
:10F6C80042E15AE172E18AE1A2E1B9E1D1E1E9E17D
:10F6D80000E218E22FE247E25EE276E28DE2A5E27E
:10F6E800BCE2D3E2EBE202E319E330E347E35FE392
:10F6F80076E38DE3A4E3BBE3D2E3E9E3FFE316E4B7
:10F708002DE444E45BE471E488E49FE4B5E4CCE4EC
:10F71800E2E4F9E40FE526E53CE552E569E57FE535
:10F7280095E5ABE5C2E5D8E5EEE504E61AE630E690
:10F7380046E65CE672E688E69EE6B3E6C9E6DFE6FC
:10F74800F5E60AE720E736E74BE761E776E78CE777
:10F75800A1E7B6E7CCE7E1E7F6E70CE821E836E809
:10F768004BE860E875E88AE89FE8B4E8C9E8DEE8AD
:10F77800F3E808E91DE931E946E95BE96FE984E95D
:10F7880099E9ADE9C2E9D6E9EBE9FFE913EA28EA24
:10F798003CEA50EA64EA79EA8DEAA1EAB5EAC9EAFC
:10F7A800DDEAF1EA05EB19EB2DEB41EB54EB68EBE5
:10F7B8007CEB90EBA3EBB7EBCBEBDEEBF2EB05ECE2
:10F7C80019EC2CEC3FEC53EC66EC79EC8CECA0ECEF
:10F7D800B3ECC6ECD9ECECECFFEC12ED25ED38ED12
:10F7E8004BED5EED71ED83ED96EDA9EDBBEDCEED44
:10F7F800E1EDF3ED06EE18EE2BEE3DEE4FEE62EE88
:10F8080074EE86EE99EEABEEBDEECFEEE1EEF3EEE2
:10F8180005EF17EF29EF3BEF4DEF5FEF71EF82EF49
:10F8280094EFA6EFB7EFC9EFDBEFECEFFEEF0FF0C9
:10F8380021F032F043F055F066F077F089F09AF055
:10F84800ABF0BCF0CDF0DEF0EFF000F111F122F1F9
:10F8580033F144F154F165F176F187F197F1A8F1AC
:10F86800B8F1C9F1D9F1EAF1FAF10BF21BF22BF276
:10F878003CF24CF25CF26CF27CF28CF29CF2ADF24F
:10F88800BDF2CCF2DCF2ECF2FCF20CF31CF32BF33D
:10F898003BF34BF35AF36AF379F389F398F3A8F33C
:10F8A800B7F3C7F3D6F3E5F3F5F304F413F422F44E
:10F8B80031F440F44FF45EF46DF47CF48BF49AF474
:10F8C800A9F4B8F4C6F4D5F4E4F4F2F401F50FF5AC
:10F8D8001EF52CF53BF549F558F566F574F582F5F6
:10F8E80091F59FF5ADF5BBF5C9F5D7F5E5F5F3F558
:10F8F80001F60FF61DF62BF638F646F654F662F6C4
:10F908006FF67DF68AF698F6A5F6B3F6C0F6CEF64B
:10F91800DBF6E8F6F5F603F710F71DF72AF737F7E1
:10F9280044F751F75EF76BF778F785F792F79EF78C
:10F93800ABF7B8F7C5F7D1F7DEF7EAF7F7F703F84B
:10F9480010F81CF828F835F841F84DF85AF866F818
:10F9580072F87EF88AF896F8A2F8AEF8BAF8C6F8FF
:10F96800D2F8DDF8E9F8F5F801F90CF918F923F9F6
:10F978002FF93BF946F951F95DF968F973F97FF9FF
:10F988008AF995F9A0F9ABF9B7F9C2F9CDF9D8F91F
:10F99800E3F9EDF9F8F903FA0EFA19FA23FA2EFA4F
:10F9A80039FA43FA4EFA58FA63FA6DFA78FA82FA93
:10F9B8008CFA97FAA1FAABFAB5FAC0FACAFAD4FAED
:10F9C800DEFAE8FAF2FAFCFA05FB0FFB19FB23FB57
:10F9D8002DFB36FB40FB4AFB53FB5DFB66FB70FBD4
:10F9E80079FB83FB8CFB95FB9EFBA8FBB1FBBAFB69
:10F9F800C3FBCCFBD5FBDEFBE7FBF0FBF9FB02FC12
:10FA08000BFC14FC1CFC25FC2EFC36FC3FFC48FCC3
:10FA180050FC59FC61FC69FC72FC7AFC82FC8BFC92
:10FA280093FC9BFCA3FCABFCB3FCBBFCC3FCCBFC76
:10FA3800D3FCDBFCE3FCEBFCF2FCFAFC02FD09FD69
:10FA480011FD19FD20FD28FD2FFD36FD3EFD45FD6C
:10FA58004CFD54FD5BFD62FD69FD70FD77FD7FFD8A
:10FA680086FD8CFD93FD9AFDA1FDA8FDAFFDB5FDBA
:10FA7800BCFDC3FDC9FDD0FDD6FDDDFDE3FDEAFDFE
:10FA8800F0FDF7FDFDFD03FE09FE10FE16FE1CFE4F
:10FA980022FE28FE2EFE34FE3AFE40FE46FE4BFEB7
:10FAA80051FE57FE5DFE62FE68FE6DFE73FE78FE37
:10FAB8007EFE83FE89FE8EFE93FE99FE9EFEA3FEC9
:10FAC800A8FEADFEB2FEB7FEBCFEC1FEC6FECBFE72
:10FAD800D0FED5FEDAFEDEFEE3FEE8FEECFEF1FE29
:10FAE800F6FEFAFEFFFE03FF07FF0CFF10FF14FFF0
:10FAF80019FF1DFF21FF25FF29FF2DFF31FF35FFCE
:10FB080039FF3DFF41FF45FF48FF4CFF50FF53FFC2
:10FB180057FF5BFF5EFF62FF65FF69FF6CFF6FFFCA
:10FB280073FF76FF79FF7CFF80FF83FF86FF89FFE5
:10FB38008CFF8FFF92FF95FF97FF9AFF9DFFA0FF15
:10FB4800A2FFA5FFA8FFAAFFADFFAFFFB2FFB4FF5A
:10FB5800B7FFB9FFBBFFBEFFC0FFC2FFC4FFC6FFB0
:10FB6800C8FFCAFFCCFFCEFFD0FFD2FFD4FFD6FF1D
:10FB7800D8FFD9FFDBFFDDFFDEFFE0FFE1FFE3FF9A
:10FB8800E4FFE6FFE7FFE9FFEAFFEBFFECFFEEFF2C
:10FB9800EFFFF0FFF1FFF2FFF3FFF4FFF5FFF6FFD1
:10FBA800F7FFF7FFF8FFF9FFFAFFFAFFFBFFFBFF8C
:10FBB800FCFFFCFFFDFFFDFFFEFFFEFFFEFFFFFF5A
:10FBC800FFFFFFFFFFFFFFFFFFFFFFFFFFFFFFFF3D
:10FBD800FFFFFFFFFFFFFFFFFFFFFEFFFEFFFEFF30
:10FBE800FDFFFDFFFCFFFCFFFBFFFBFFFAFFFAFF39
:10FBF800F9FFF8FFF7FFF7FFF6FFF5FFF4FFF3FF54
:10FC0800F2FFF1FFF0FFEFFFEEFFECFFEBFFEAFF83
:10FC1800E9FFE7FFE6FFE4FFE3FFE1FFE0FFDEFFC8
:10FC2800DDFFDBFFD9FFD8FFD6FFD4FFD2FFD0FF1F
:10FC3800CEFFCCFFCAFFC8FFC6FFC4FFC2FFC0FF8C
:10FC4800BEFFBBFFB9FFB7FFB4FFB2FFAFFFADFF09
:10FC5800AAFFA8FFA5FFA2FFA0FF9DFF9AFF97FF9D
:10FC680095FF92FF8FFF8CFF89FF86FF83FF80FF40
:10FC78007CFF79FF76FF73FF6FFF6CFF69FF65FFFD
:10FC880062FF5EFF5BFF57FF53FF50FF4CFF48FFCB
:10FC980045FF41FF3DFF39FF35FF31FF2DFF29FFAC
:10FCA80025FF21FF1DFF19FF14FF10FF0CFF07FFA1
:10FCB80003FFFFFEFAFEF6FEF1FEECFEE8FEE3FEB1
:10FCC800DEFEDAFED5FED0FECBFEC6FEC1FEBCFED1
:10FCD800B7FEB2FEADFEA8FEA3FE9EFE99FE93FE01
:10FCE8008EFE89FE83FE7EFE78FE73FE6DFE68FE44
:10FCF80062FE5DFE57FE51FE4BFE46FE40FE3AFE9A
:10FD080034FE2EFE28FE22FE1CFE16FE10FE09FE04
:10FD180003FEFDFDF7FDF0FDEAFDE3FDDDFDD6FD8B
:10FD2800D0FDC9FDC3FDBCFDB5FDAFFDA8FDA1FD1E
:10FD38009AFD93FD8CFD86FD7FFD77FD70FD69FDC5
:10FD480062FD5BFD54FD4CFD45FD3EFD36FD2FFD7E
:10FD580028FD20FD19FD11FD09FD02FDFAFCF2FC4C
:10FD6800EBFCE3FCDBFCD3FCCBFCC3FCBBFCB3FC33
:10FD7800ABFCA3FC9BFC93FC8BFC82FC7AFC72FC26
:10FD880069FC61FC58FC50FC48FC3FFC36FC2EFC2E
:10FD980025FC1CFC14FC0BFC02FCF9FBF0FBE7FB4C
:10FDA800DEFBD5FBCCFBC3FBBAFBB1FBA8FB9EFB80
:10FDB80095FB8CFB83FB79FB70FB66FB5DFB53FBC0
:10FDC8004AFB40FB36FB2DFB23FB19FB0FFB05FB16
:10FDD800FCFAF2FAE8FADEFAD4FACAFAC0FAB5FA84
:10FDE800ABFAA1FA97FA8CFA82FA78FA6DFA63FA02
:10FDF80058FA4EFA43FA39FA2EFA23FA19FA0EFA91
:10FE080003FAF8F9EDF9E3F9D8F9CDF9C2F9B7F938
:10FE1800ABF9A0F995F98AF97FF973F968F95DF9F1
:10FE280051F946F93BF92FF923F918F90CF901F9B9
:10FE3800F5F8E9F8DDF8D2F8C6F8BAF8AEF8A2F89D
:10FE480096F88AF87EF872F866F85AF84DF841F88C
:10FE580035F828F81CF810F803F8F7F7EAF7DEF792
:10FE6800D1F7C5F7B8F7ABF79EF792F785F778F7AC
:10FE78006BF75EF751F744F737F72AF71DF710F7D6
:10FE880003F7F5F6E8F6DBF6CEF6C0F6B3F6A5F618
:10FE980098F68AF67DF66FF662F654F646F638F668
:10FEA8002BF61DF60FF601F6F3F5E5F5D7F5C9F5CE
:10FEB800BBF5ADF59FF591F582F574F566F558F546
:10FEC80049F53BF52CF51EF50FF501F5F2F4E4F4D0
:10FED800D5F4C6F4B8F4A9F49AF48BF47CF46DF470
:10FEE8005EF44FF440F431F422F413F404F4F5F31F
:10FEF800E5F3D6F3C7F3B7F3A8F398F389F379F3E7
:10FF08006AF35AF34BF33BF32BF31CF30CF3FCF2B9
:10FF1800ECF2DCF2CCF2BDF2ADF29CF28CF27CF2A7
:10FF28006CF25CF24CF23CF22BF21BF20BF2FAF19F
:10FF3800EAF1D9F1C9F1B8F1A8F197F187F176F1B1
:10FF480065F154F144F133F122F111F100F1EFF0D0
:10FF5800DEF0CDF0BCF0ABF09AF089F077F066F007
:10FF680055F043F032F021F00FF0FEEFECEFDBEF4D
:10FF7800C9EFB7EFA6EF94EF82EF71EF5FEF4DEFA8
:10FF88003BEF29EF17EF05EFF3EEE1EECFEEBDEE15
:10FF9800ABEE99EE86EE74EE62EE4FEE3DEE2BEE92
:10FFA80018EE06EEF3EDE1EDCEEDBBEDA9ED96ED25
:10FFB80083ED71ED5EED4BED38ED25ED12EDFFECC7
:10FFC800ECECD9ECC6ECB3ECA0EC8CEC79EC66EC80
:10FFD80053EC3FEC2CEC19EC05ECF2EBDEEBCBEB45
:10FFE800B7EBA3EB90EB7CEB68EB54EB41EB2DEB21
:08FFF80019EB05EBF1EADDEA6B
:020000041004E6
:10000000C9EAB5EAA1EA8DEA79EA64EA50EA3CEA8B
:1000100028EA13EAFFE9EBE9D6E9C2E9ADE999E993
:1000200084E96FE95BE946E931E91DE908E9F3E8AC
:10003000DEE8C9E8B4E89FE88AE875E860E84BE8DC
:1000400036E821E80CE8F6E7E1E7CCE7B6E7A1E718
:100050008CE776E761E74BE736E720E70AE7F5E666
:10006000DFE6C9E6B3E69EE688E672E65CE646E6CB
:1000700030E61AE604E6EEE5D8E5C2E5ABE595E53F
:100080007FE569E552E53CE526E50FE5F9E4E2E4C4
:10009000CCE4B5E49FE488E471E45BE444E42DE45B
:1000A00016E4FFE3E9E3D2E3BBE3A4E38DE376E305
:1000B0005FE347E330E319E302E3EBE2D3E2BCE2C0
:1000C000A5E28DE276E25EE247E22FE218E200E28C
:1000D000E9E1D1E1B9E1A2E18AE172E15AE142E16B
:1000E0002AE112E1FAE0E2E0CAE0B2E09AE082E05E
:1000F0006AE052E03AE021E009E0F1DFD8DFC0DF5A
:10010000A7DF8FDF76DF5EDF45DF2DDF14DFFBDE6D
:10011000E3DECADEB1DE98DE7FDE67DE4EDE35DE90
:100120001CDE03DEEADDD1DDB8DD9EDD85DD6CDDC4
:1001300053DD39DD20DD07DDEDDCD4DCBBDCA1DC0B
:1001400088DC6EDC54DC3BDC21DC08DCEEDBD4DB61
:10015000BADBA1DB87DB6DDB53DB39DB1FDB05DBC8
:10016000EBDAD1DAB7DA9DDA82DA68DA4EDA34DA43
:1001700019DAFFD9E5D9CAD9B0D995D97BD960D9CF
:1001800046D92BD911D9F6D8DBD8C1D8A6D88BD867
:1001900070D855D83AD81FD804D8EAD7CED7B3D715
:1001A00098D77DD762D747D72CD710D7F5D6DAD6D0
:1001B000BED6A3D688D66CD651D635D61AD6FED59D
:1001C000E3D5C7D5ABD590D574D558D53CD520D57A
:1001D00005D5E9D4CDD4B1D495D479D45DD441D466
:1001E00024D408D4ECD3D0D3B4D397D37BD35FD368
:1001F00042D326D30AD3EDD2D1D2B4D297D27BD276
:100200005ED242D225D208D2EBD1CFD1B2D195D194
:1002100078D15BD13ED121D104D1E7D0CAD0ADD0C5
:1002200090D073D056D038D01BD0FECFE0CFC3CF04
:10023000A6CF88CF6BCF4DCF30CF12CFF5CED7CE54
:10024000BACE9CCE7ECE60CE43CE25CE07CEE9CDB3
:10025000CBCDADCD90CD72CD54CD36CD17CDF9CC23
:10026000DBCCBDCC9FCC81CC62CC44CC26CC07CCA3
:10027000E9CBCBCBACCB8ECB6FCB51CB32CB14CB32
:10028000F5CAD6CAB8CA99CA7ACA5BCA3DCA1ECAD2
:10029000FFC9E0C9C1C9A2C983C964C945C926C982
:1002A00007C9E8C8C9C8A9C88AC86BC84CC82CC83F
:1002B0000DC8EEC7CEC7AFC78FC770C750C731C70D
:1002C00011C7F1C6D2C6B2C692C673C653C633C6EC
:1002D00013C6F3C5D4C5B4C594C574C554C534C5D7
:1002E00014C5F4C4D3C4B3C493C473C453C432C4D4
:1002F00012C4F2C3D1C3B1C391C370C350C32FC3DF
:100300000FC3EEC2CDC2ADC28CC26BC24BC22AC2F9
:1003100009C2E8C1C8C1A7C186C165C144C123C122
:1003200002C1E1C0C0C09FC07EC05CC03BC01AC05B
:10033000F9BFD8BFB6BF95BF74BF52BF31BF0FBFA3
:10034000EEBECCBEABBE89BE68BE46BE24BE03BEFA
:10035000E1BDBFBD9EBD7CBD5ABD38BD16BDF4BC60
:10036000D2BCB0BC8FBC6DBC4ABC28BC06BCE4BBD4
:10037000C2BBA0BB7EBB5BBB39BB17BBF4BAD2BA56
:10038000B0BA8DBA6BBA48BA26BA03BAE1B9BEB9E7
:100390009CB979B956B934B911B9EEB8CCB8A9B885
:1003A00086B863B840B81DB8FAB7D7B7B4B791B735
:1003B0006EB74BB728B705B7E2B6BFB69BB678B6EF
:1003C00055B632B60EB6EBB5C8B5A4B581B55DB5B8
:1003D0003AB516B5F3B4CFB4ACB488B464B441B490
:1003E0001DB4F9B3D5B3B2B38EB36AB346B322B377
:1003F000FEB2DAB2B6B292B26EB24AB226B202B26D
:10040000DEB1BAB196B171B14DB129B104B1E0B06C
:10041000BCB097B073B04FB02AB006B0E1AFBDAF7B
:1004200098AF73AF4FAF2AAF06AFE1AEBCAE97AE99
:1004300073AE4EAE29AE04AEDFADBAAD95AD70ADC4
:100440004BAD26AD01ADDCACB7AC92AC6DAC48ACFD
:1004500023ACFDABD8ABB3AB8EAB68AB43AB1EAB41
:10046000F8AAD3AAADAA88AA62AA3DAA17AAF2A995
:10047000CCA9A6A981A95BA935A910A9EAA8C4A8F5
:100480009EA878A853A82DA807A8E1A7BBA795A761
:100490006FA749A723A7FDA6D7A6B0A68AA664A6DC
:1004A0003EA618A6F1A5CBA5A5A57EA558A532A563
:1004B0000BA5E5A4BEA498A471A44BA424A4FEA3F8
:1004C000D7A3B0A38AA363A33CA316A3EFA2C8A299
:1004D000A1A27BA254A22DA206A2DFA1B8A191A144
:1004E0006AA143A11CA1F5A0CEA0A7A080A058A0FE
:1004F00031A00AA0E39FBB9F949F6D9F459F1E9FC5
:10050000F79ECF9EA89E809E599E319E0A9EE29D98
:10051000BB9D939D6C9D449D1C9DF49CCD9CA59C76
:100520007D9C559C2E9C069CDE9BB69B8E9B669B61
:100530003E9B169BEE9AC69A9E9A769A4E9A269A59
:10054000FE99D699AD9985995D9935990C99E4985C
:10055000BC9893986B9843981A98F297C997A1976B
:10056000789750972797FF96D696AD9685965C9686
:1005700033960B96E295B995909568953F951695AB
:10058000ED94C4949B94729449942094F793CE93E1
:10059000A5937C9353932A930193D892AF9285921B
:1005A0005C9233920A92E091B7918E9164913B9163
:1005B0001191E890BF9095906C9042901990EF8FB8
:1005C000C58F9C8F728F498F1F8FF58ECC8EA28E18
:1005D000788E4E8E248EFB8DD18DA78D7D8D538D83
:1005E000298DFF8CD58CAB8C818C578C2D8C038CFA
:1005F000D98BAF8B858B5B8B318B068BDC8AB28A78
:10060000888A5D8A338A098ADE89B4898A895F8902
:1006100035890A89E088B5888B88608836880B8898
:10062000E187B6878B87618736870B87E186B68639
:100630008B86608636860B86E085B5858A855F85E4
:1006400034850985DF84B48489845E843384078497
:10065000DC83B18386835B8330830583DA82AE8259
:10066000838258822D820182D681AB817F81548121
:100670002981FD80D280A6807B804F802480F87FF6
:10068000CD7FA17F767F4A7F1E7FF37EC77E9B7ED4
:10069000707E447E187EEC7DC17D957D697D3D7DBB
:1006A000117DE67CBA7C8E7C627C367C0A7CDE7BAB
:1006B000B27B867B5A7B2E7B027BD67AAA7A7D7AA6
:1006C000517A257AF979CD79A079747948791C79AC
:1006D000EF78C37897786A783E781278E577B977BB
:1006E0008C77607733770777DA76AE7681765576D2
:1006F0002876FC75CF75A275767549751C75F074F2
:10070000C374967469743D741074E373B67389731B
:100710005D7330730373D672A9727C724F7222724A
:10072000F571C8719B716E7141711471E770BA7087
:100730008C705F7032700570D86FAA6F7D6F506FCC
:10074000236FF56EC86E9B6E6D6E406E136EE56D19
:10075000B86D8A6D5D6D306D026DD56CA76C7A6C6D
:100760004C6C1E6CF16BC36B966B686B3A6B0D6BCC
:10077000DF6AB16A846A566A286AFB69CD699F6933
:10078000716943691669E868BA688C685E683068A0
:100790000268D467A66778674A671C67EE66C0661A
:1007A0009266646636660866DA65AC657E65506595
:1007B0002165F364C564976469643A640C64DE631C
:1007C000B063816353632563F662C86299626B62AA
:1007D0003D620E62E061B161836154612661F76040
:1007E000C9609A606C603D600F60E05FB15F835FDD
:1007F000545F255FF75EC85E995E6B5E3C5E0D5E82
:10080000DE5DB05D815D525D235DF45CC65C975C2E
:10081000685C395C0A5CDB5BAC5B7D5B4E5B1F5BE1
:10082000F05AC15A925A635A345A055AD659A7599E
:10083000785949591A59EB58BC588C585D582E585C
:10084000FF57D057A157715742571357E356B45625
:10085000855656562656F755C855985569553955F3
:100860000A55DB54AB547C544C541D54ED53BE53C9
:100870008E535F532F530053D052A15271524152A5
:100880001252E251B351835153512451F450C45088
:100890009550655035500550D64FA64F764F464F70
:1008A000164FE74EB74E874E574E274EF74DC84D61
:1008B000984D684D384D084DD84CA84C784C484C54
:1008C000184CE84BB84B884B584B284BF84AC84A51
:1008D000984A684A384A074AD749A7497749474951
:1008E0001749E748B648864856482648F547C54759
:1008F0009547654734470447D446A4467346434664
:100900001346E245B245814551452145F044C04476
:100910008F445F442F44FE43CE439D436D433C438D
:100920000C43DB42AB427A424A421942E841B841A9
:10093000874157412641F540C540944064403340CB
:100940000240D23FA13F703F3F3F0F3FDE3EAD3EF2
:100950007D3E4C3E1B3EEA3DBA3D893D583D273D1C
:10096000F63CC53C953C643C333C023CD13BA03B4F
:100970006F3B3F3B0E3BDD3AAC3A7B3A4A3A193A81
:10098000E839B739863955392439F338C2389138BE
:1009900060382F38FE37CD379C376B373A370937F9
:1009A000D836A636753644361336E235B13580353D
:1009B0004E351D35EC34BB348A3459342734F63384
:1009C000C5339433623331330033CF329D326C32CE
:1009D0003B320A32D831A731763144311331E2301B
:1009E000B0307F304E301C30EB2FBA2F882F572F6E
:1009F000252FF42EC22E912E602E2E2EFD2DCB2DC6
:100A00009A2D682D372D052DD42CA22C712C3F2C1E
:100A10000E2CDC2BAB2B792B482B162BE52AB32A7B
:100A2000822A502A1E2AED29BB298A2958292629DB
:100A3000F528C328922860282E28FD27CB27992740
:100A4000682736270427D326A1266F263E260C26A4
:100A5000DA25A825772545251325E224B0247E2410
:100A60004C241B24E923B723852353232223F0227C
:100A7000BE228C225A222922F721C52193216121ED
:100A80003021FE20CC209A20682036200420D31F5D
:100A9000A11F6F1F3D1F0B1FD91EA71E751E431ED2
:100AA000111EE01DAE1D7C1D4A1D181DE61CB41C48
:100AB000821C501C1E1CEC1BBA1B881B561B241BC3
:100AC000F21AC01A8E1A5C1A2A1AF819C619941941
:100AD00062193019FE18CC189A18681836180418BC
:100AE000D217A0176E173C170A17D816A616741639
:100AF00041160F16DD15AB15791547151515E314BD
:100B0000B1147F144D141A14E813B613841352133E
:100B10002013EE12BC12891257122512F311C111C3
:100B20008F115D112A11F810C61094106210301048
:100B3000FD0FCB0F990F670F350F030FD00E9E0ED1
:100B40006C0E3A0E080ED50DA30D710D3F0D0D0D57
:100B5000DB0CA80C760C440C120CDF0BAD0B7B0BE2
:100B6000490B170BE40AB20A800A4E0A1B0AE9096C
:100B7000B709850953092009EE08BC088A085708F7
:100B80002508F307C1078E075C072A07F806C50684
:100B9000930661062F06FC05CA0598056605330510
:100BA0000105CF049D046A0438040604D403A1039C
:100BB0006F033D030B03D802A602740242020F0228
:100BC000DD01AB01780146011401E200AF007D00B8
:100BD0004B001900E7FFB5FF83FF51FF1EFFECFE3E
:100BE000BAFE88FE55FE23FEF1FDBEFD8CFD5AFDCA
:100BF00028FDF5FCC3FC91FC5FFC2CFCFAFBC8FB58
:100C000096FB63FB31FBFFFACDFA9AFA68FA36FAE3
:100C100004FAD1F99FF96DF93BF908F9D6F8A4F86F
:100C200072F83FF80DF8DBF7A9F776F744F712F7FB
:100C3000E0F6ADF67BF649F617F6E4F5B2F580F589
:100C40004EF51CF5E9F4B7F485F453F421F4EEF312
:100C5000BCF38AF358F325F3F3F2C1F28FF25DF29D
:100C60002BF2F8F1C6F194F162F130F1FDF0CBF026
:100C700099F067F035F003F0D0EF9EEF6CEF3AEFAC
:100C800008EFD6EEA3EE71EE3FEE0DEEDBEDA9ED33
:100C900077ED44ED12EDE0ECAEEC7CEC4AEC18ECB8
:100CA000E6EBB3EB81EB4FEB1DEBEBEAB9EA87EA3E
:100CB00055EA23EAF1E9BFE98CE95AE928E9F6E8BF
:100CC000C4E892E860E82EE8FCE7CAE798E766E740
:100CD00034E702E7D0E69EE66CE63AE608E6D6E5BB
:100CE000A4E572E540E50EE5DCE4AAE478E446E438
:100CF00014E4E2E3B0E37EE34CE31AE3E8E2B6E2B5
:100D000084E252E220E2EFE1BDE18BE159E127E12B
:100D1000F5E0C3E091E05FE02DE0FCDFCADF98DFA3
:100D200066DF34DF02DFD0DE9FDE6DDE3BDE09DE14
:100D3000D7DDA6DD74DD42DD10DDDEDCADDC7BDC85
:100D400049DC17DCE5DBB4DB82DB50DB1EDBEDDAF4
:100D5000BBDA89DA58DA26DAF4D9C2D991D95FD95F
:100D60002DD9FCD8CAD898D867D835D803D8D2D7C7
:100D7000A0D76ED73DD70BD7DAD6A8D676D645D62C
:100D800013D6E2D5B0D57ED54DD51BD5EAD4B8D48F
:100D900087D455D424D4F2D3C1D38FD35ED32CD3EC
:100DA000FBD2C9D298D266D235D203D2D2D1A0D149
:100DB0006FD13ED10CD1DBD0A9D078D046D015D0A0
:100DC000E4CFB2CF81CF50CF1ECFEDCEBCCE8ACEF6
:100DD00059CE28CEF6CDC5CD94CD63CD31CD00CD45
:100DE000CFCC9ECC6CCC3BCC0ACCD9CBA7CB76CB92
:100DF00045CB14CBE3CAB1CA80CA4FCA1ECAEDC9DB
:100E0000BCC98BC95AC928C9F7C8C6C895C864C81F
:100E100033C802C8D1C7A0C76FC73EC70DC7DCC65D
:100E2000ABC67AC649C618C6E7C5B6C585C554C59A
:100E300023C5F2C4C1C491C460C42FC4FEC3CDC3D2
:100E40009CC36BC33BC30AC3D9C2A8C277C246C204
:100E500016C2E5C1B4C183C153C122C1F1C0C1C032
:100E600090C05FC02EC0FEBFCDBF9CBF6CBF3BBF5C
:100E70000BBFDABEA9BE79BE48BE18BEE7BDB6BD7F
:100E800086BD55BD25BDF4BCC4BC93BC63BC32BC9F
:100E900002BCD1BBA1BB71BB40BB10BBDFBAAFBAB8
:100EA0007FBA4EBA1EBAEDB9BDB98DB95CB92CB9CD
:100EB000FCB8CCB89BB86BB83BB80BB8DAB7AAB7DC
:100EC0007AB74AB719B7E9B6B9B689B659B629B6E5
:100ED000F9B5C8B598B568B538B508B5D8B4A8B4EB
:100EE00078B448B418B4E8B3B8B388B358B328B3E7
:100EF000F8B2C8B298B268B238B209B2D9B1A9B1E1
:100F000079B149B119B1EAB0BAB08AB05AB02AB0D1
:100F1000FBAFCBAF9BAF6BAF3CAF0CAFDCAEADAEBE
:100F20007DAE4DAE1EAEEEADBFAD8FAD5FAD30ADA3
:100F300000ADD1ACA1AC72AC42AC13ACE3ABB4AB82
:100F400084AB55AB25ABF6AAC7AA97AA68AA38AA5C
:100F500009AADAA9AAA97BA94CA91DA9EDA8BEA82E
:100F60008FA85FA830A801A8D2A7A3A774A744A7F9
:100F700015A7E6A6B7A688A659A62AA6FBA5CCA5BE
:100F80009DA56EA53FA510A5E1A4B2A483A454A479
:100F900025A4F6A3C7A398A369A33AA30CA3DDA233
:100FA000AEA27FA250A222A2F3A1C4A195A167A1E3
:100FB00038A109A1DBA0ACA07DA04FA020A0F19F8B
:100FC000C39F949F669F379F099FDA9EAC9E7D9E2C
:100FD0004F9E209EF29DC39D959D679D389D0A9DC5
:100FE000DB9CAD9C7F9C509C229CF49BC69B979B5A
:100FF000699B3B9B0D9BDF9AB09A829A549A269AE2
:10100000F899CA999C996E9940991299E498B69862
:1010100088985A982C98FE97D097A29774974697DD
:101020001897EA96BD968F96619633960596D89551
:10103000AA957C954F952195F394C69498946A94BB
:101040003D940F94E293B493869359932B93FE921D
:10105000D092A392769248921B92ED91C091939177
:10106000659138910B91DD90B090839056902890C7
:10107000FB8FCE8FA18F748F468F198FEC8EBF8E12
:10108000928E658E388E0B8EDE8DB18D848D578D50
:101090002A8DFD8CD08CA38C778C4A8C1D8CF08B88
:1010A000C38B978B6A8B3D8B108BE48AB78A8A8AB5
:1010B0005E8A318A048AD889AB897F8952892689D8
:1010C000F988CD88A088748847881B88EE87C287F6
:1010D000968769873D871187E486B8868C86608607
:1010E00033860786DB85AF85838556852A85FE8412
:1010F000D284A6847A844E842284F683CA839E8313
:10110000728346831A83EF82C38297826B823F8207
:101110001482E881BC819081658139810D81E280F2
:10112000B6808A805F8033800880DC7FB17F857FD6
:101130005A7F2E7F037FD77EAC7E817E557E2A7EAE
:10114000FF7DD37DA87D7D7D527D267DFB7CD07C7F
:10115000A57C7A7C4F7C247CF97BCD7BA27B777B42
:101160004C7B217BF77ACC7AA17A767A4B7A207AFB
:10117000F579CA79A07975794A791F79F578CA78AD
:101180009F7875784A781F78F577CA77A077757752
:101190004B772077F676CB76A17676764C762276EC
:1011A000F775CD75A37578754E752475FA74CF747F
:1011B000A5747B7451742774FD73D373A9737F7303
:1011C00055732B730173D772AD72837259722F727C
:1011D0000572DC71B27188715E7135710B71E170ED
:1011E000B7708E7064703B701170E76FBE6F946F54
:1011F0006B6F416F186FEF6EC56E9C6E726E496EAD
:10120000206EF66DCD6DA46D7B6D516D286DFF6CFC
:10121000D66CAD6C846C5B6C326C096CE06BB76B3C
:101220008E6B656B3C6B136BEA6AC16A986A706A75
:10123000476A1E6AF569CD69A4697B6953692A69A1
:101240000169D968B06888685F6837680E68E667C2
:10125000BD6795676D6744671C67F466CB66A366D8
:101260007B6653662A660266DA65B2658A656265E0
:101270003A651265EA64C2649A6472644A642264DC
:10128000FA63D263AB6383635B6333630C63E462CF
:10129000BC6295626D6245621E62F661CF61A761B4
:1012A0008061586131610961E260BB6093606C608C
:1012B00045601D60F65FCF5FA85F815F595F325F59
:1012C0000B5FE45EBD5E965E6F5E485E215EFA5D1A
:1012D000D35DAC5D855D5F5D385D115DEA5CC45CCE
:1012E0009D5C765C505C295C025CDC5BB55B8F5B73
:1012F000685B425B1B5BF55ACE5AA85A825A5B5A0E
:10130000355A0F5AE859C2599C597659505929599A
:101310000359DD58B75891586B5845581F58F9571D
:10132000D357AD57885762573C571657F056CB5690
:10133000A5567F565A5634560E56E955C3559E55F6
:10134000785553552D550855E254BD549854725450
:101350004D5428540354DD53B85393536E5349539B
:101360002453FF52DA52B55290526B5246522152D8
:10137000FC51D751B2518D51695144511F51FA500E
:10138000D650B1508D50685043501F50FA4FD64F31
:10139000B14F8D4F694F444F204FFC4ED74EB34E47
:1013A0008F4E6A4E464E224EFE4DDA4DB64D924D50
:1013B0006E4D4A4D264D024DDE4CBA4C964C724C49
:1013C0004E4C2B4C074CE34BBF4B9C4B784B544B38
:1013D000314B0D4BEA4AC64AA34A7F4A5C4A384A17
:1013E000154AF249CE49AB498849654941491E49E8
:1013F000FB48D848B54892486F484C4829480648A9
:10140000E347C0479D477A47574734471247EF465F
:10141000CC46AA468746644642461F46FD45DA4505
:10142000B8459545734550452E450C45E944C7449C
:10143000A544824460443E441C44FA43D843B64326
:101440009443714350432E430C43EA42C842A642A0
:101450008442624241421F42FD41DC41BA4198410F
:101460007741554134411241F140CF40AE408C406C
:101470006B404A4028400740E63FC53FA43F823FBB
:10148000613F403F1F3FFE3EDD3EBC3E9B3E7A3EFD
:10149000593E383E183EF73DD63DB53D953D743D2D
:1014A000533D333D123DF13CD13CB03C903C6F3C50
:1014B0004F3C2F3C0E3CEE3BCE3BAD3B8D3B6D3B62
:1014C0004D3B2D3B0C3BEC3ACC3AAC3A8C3A6C3A67
:1014D0004C3A2C3A0D3AED39CD39AD398D396E395A
:1014E0004E392E390F39EF38CF38B038903871383F
:1014F000513832381238F337D437B4379537763716
:10150000573737371837F936DA36BB369C367D36DB
:101510005E363F3620360136E235C335A535863591
:10152000673548352A350B35EC34CE34AF34913439
:101530007234543435341734F933DA33BC339E33D0
:101540007F336133433325330733E932CA32AC3258
:101550008E327032533235321732F931DB31BD31D0
:10156000A03182316431463129310B31EE30D03037
:10157000B330953078305A303D3020300230E52F8E
:10158000C82FAA2F8D2F702F532F362F192FFC2ED7
:10159000DF2EC22EA52E882E6B2E4E2E312E152E0E
:1015A000F82DDB2DBE2DA22D852D692D4C2D2F2D37
:1015B000132DF62CDA2CBE2CA12C852C692C4C2C4E
:1015C000302C142CF82BDC2BBF2BA32B872B6B2B55
:1015D0004F2B332B172BFB2AE02AC42AA82A8C2A4C
:1015E000702A552A392A1D2A022AE629CB29AF2931
:1015F000942978295D29422926290B29F028D42805
:10160000B9289E28832868284D2832281628FC27C8
:10161000E127C627AB27902775275A273F2725277D
:101620000A27EF26D526BA26A02685266B26502621
:1016300036261B260126E725CC25B22598257E25B2
:10164000632549252F251525FB24E124C724AD2436
:10165000932479245F2446242C241224F823DF23A6
:10166000C523AC23922378235F2345232C23132304
:10167000F922E022C722AD2294227B226222482254
:101680002F221622FD21E421CB21B2219921812193
:1016900068214F2136211D210521EC20D320BB20BC
:1016A000A2208A2071205920402028200F20F71FD7
:1016B000DF1FC61FAE1F961F7E1F661F4E1F361FE1
:1016C0001E1F061FEE1ED61EBE1EA61E8E1E761ED8
:1016D0005E1E471E2F1E171E001EE81DD11DB91DC0
:1016E000A21D8A1D731D5B1D441D2D1D151DFE1C95
:1016F000E71CD01CB91CA11C8A1C731C5C1C451C5B
:101700002E1C171C011CEA1BD31BBC1BA51B8F1B0B
:10171000781B611B4B1B341B1E1B071BF11ADA1AAB
:10172000C41AAE1A971A811A6B1A551A3E1A281A39
:10173000121AFC19E619D019BA19A4198E197819B8
:1017400062194D19371921190B19F618E018CA1822
:10175000B5189F188A1874185F184A1834181F187B
:101760000A18F417DF17CA17B517A0178B177617C3
:1017700061174C17371722170D17F816E316CF16F7
:10178000BA16A51691167C16671653163E162A161B
:1017900015160116ED15D815C415B0159C1587152D
:1017A00073155F154B15371523150F15FB14E7142B
:1017B000D314BF14AC149814841470145D14491419
:1017C000351422140E14FB13E713D413C113AD13F5
:1017D0009A138713741360134D133A1327131413BA
:1017E0000113EE12DB12C812B512A2128F127D1273
:1017F0006A125712451232121F120D12FA11E81115
:10180000D511C311B1119E118C117A1167115511A7
:10181000431131111F110D11FB10E910D710C51024
:10182000B310A1108F107E106C105A104910371091
:10183000251014100210F10FDF0FCE0FBD0FAB0FEC
:101840009A0F890F770F660F550F440F330F220F32
:10185000110F000FEF0EDE0ECD0EBC0EAC0E9B0E68
:101860008A0E790E690E580E480E370E270E160E88
:10187000060EF50DE50DD50DC40DB40DA40D940D9A
:10188000840D740D640D530D430D340D240D140D92
:10189000040DF40CE40CD50CC50CB50CA60C960C80
:1018A000870C770C680C580C490C390C2A0C1B0C53
:1018B0000B0CFC0BED0BDE0BCF0BC00BB10BA20B1B
:1018C000930B840B750B660B570B480B3A0B2B0BCA
:1018D0001C0B0E0BFF0AF10AE20AD40AC50AB70A6A
:1018E000A80A9A0A8C0A7E0A6F0A610A530A450AF4
:1018F000370A290A1B0A0D0AFF09F109E309D5096C
:10190000C809BA09AC099E099109830976096809D1
:101910005B094D0940093209250918090B09FD0821
:10192000F008E308D608C908BC08AF08A208950863
:1019300088087B086E086208550848083B082F088D
:10194000220816080908FD07F007E407D807CB07A7
:10195000BF07B307A6079A078E07820776076A07AD
:101960005E07520746073A072E07230717070B079C
:10197000FF06F406E806DD06D106C506BA06AF0680
:10198000A30698068D06810676066B066006550648
:1019900049063E06330628061D0613060806FD0501
:1019A000F205E705DD05D205C705BD05B205A805A9
:1019B0009D05930588057E05740569055F05550538
:1019C0004B05400536052C05220518050E050405B6
:1019D000FB04F104E704DD04D304CA04C004B60424
:1019E000AD04A3049A04900487047D0474046B047A
:1019F000620458044F0446043D0434042B042204BA
:101A0000190410040704FE03F503EC03E403DB03ED
:101A1000D203CA03C103B803B003A7039F0397030C
:101A20008E0386037E0375036D0365035D03550313
:101A30004D0345033D0335032D0325031D03150306
:101A40000E030603FE02F702EF02E702E002D802ED
:101A5000D102CA02C202BB02B402AC02A5029E02BB
:101A600097029002890281027A0274026D02660274
:101A70005F02580251024B0244023D02370230021B
:101A80002A0223021D021602100209020302FD01AE
:101A9000F701F001EA01E401DE01D801D201CC0135
:101AA000C601C001BA01B501AF01A901A3019E01A0
:101AB000980193018D01880182017D0177017201F6
:101AC0006D01670162015D01580153014E01490139
:101AD00044013F013A01350130012B012601220169
:101AE0001D01180114010F010A0106010101FD0089
:101AF000F900F400F000EC00E700E300DF00DB0099
:101B0000D700D300CF00CB00C700C300BF00BB008D
:101B1000B800B400B000AD00A900A500A2009E006E
:101B20009B009700940091008D008A00870084003C
:101B300080007D007A007700740071006E006B00F9
:101B400069006600630060005E005B00580056009C
:101B5000530051004E004C00490047004500420030
:101B600040003E003C003A003800360034003200AD
:101B700030002E002C002A0028002700250023001A
:101B8000220020001F001D001C001A001900170071
:101B90001600150014001200110010000F000E00B6
:101BA0000D000C000B000A000900090008000700E6
:101BB0000600060005000500040004000300030001
:101BC000020002000200010001000100010001000A
:101BD00001000100010001000100010001000100FD
:101BE00001000200020002000300030004000400E0
:101BF00005000500060006000700080009000900AE
:101C00000A000B000C000D000E000F001000110068
:101C10001200140015001600170019001A001C000D
:101C20001D001F002000220023002500270028009F
:101C30002A002C002E00300032003400360038001C
:101C40003A003C003E004000420045004700490089
:101C50004C004E0051005300560058005B005E00DF
:101C600060006300660069006B006E007100740024
:101C700077007A007D008000840087008A008D0054
:101C80009100940097009B009E00A200A500A9006F
:101C9000AD00B000B400B800BB00BF00C300C70077
:101CA000CB00CF00D300D700DB00DF00E300E7006C
:101CB000EC00F000F400F900FD00010106010A014A
:101CC0000F01140118011D01220126012B01300111
:101CD00035013A013F01440149014E0153015801C8
:101CE0005D01620167016D01720177017D01820171
:101CF00088018D01930198019E01A301A901AF0103
:101D0000B501BA01C001C601CC01D201D801DE0182
:101D1000E401EA01F001F701FD01030209021002EA
:101D200016021D0223022A02300237023D0244023B
:101D30004B02510258025F0266026D0274027A027F
:101D400081028902900297029E02A502AC02B402AF
:101D5000BB02C202CA02D102D802E002E702EF02CD
:101D6000F702FE0206030E0315031D0325032D03D0
:101D700035033D0345034D0355035D0365036D03C3
:101D800075037E0386038E0397039F03A703B003A7
:101D9000B803C103CA03D203DB03E403EC03F50376
:101DA000FE0307041004190422042B0434043D0428
:101DB00046044F04580462046B0474047D048704D1
:101DC00090049A04A304AD04B604C004CA04D30466
:101DD000DD04E704F104FB0404050E0518052205E3
:101DE0002C05360540054B0555055F05690574054D
:101DF0007E05880593059D05A805B205BD05C705A7
:101E0000D205DD05E705F205FD05080613061D06EA
:101E1000280633063E064906550660066B0676061A
:101E200081068D069806A306AF06BA06C506D1063A
:101E3000DD06E806F406FF060B07170723072E0743
:101E40003A07460752075E076A07760782078E073A
:101E50009A07A607B307BF07CB07D807E407F00721
:101E6000FD070908160822082F083B0848085508EE
:101E700062086E087B0888089508A208AF08BC08AD
:101E8000C908D608E308F008FD080B091809250958
:101E9000320940094D095B096809760983099109EE
:101EA0009E09AC09BA09C809D509E309F109FF0976
:101EB0000D0A1B0A290A370A450A530A610A6F0AE2
:101EC0007E0A8C0A9A0AA80AB70AC50AD40AE20A44
:101ED000F10AFF0A0E0B1C0B2B0B3A0B480B570B8E
:101EE000660B750B840B930BA20BB10BC00BCF0BC6
:101EF000DE0BED0BFC0B0B0C1B0C2A0C390C490CEC
:101F0000580C680C770C870C960CA60CB50CC50CFD
:101F1000D50CE40CF40C040D140D240D340D430DFC
:101F2000530D640D740D840D940DA40DB40DC40DEA
:101F3000D50DE50DF50D060E160E270E370E480EC3
:101F4000580E690E790E8A0E9B0EAC0EBC0ECD0E8D
:101F5000DE0EEF0E000F110F220F330F440F550F3F
:101F6000660F770F890F9A0FAB0FBD0FCE0FDF0FE4
:101F7000F10F021014102510371049105A106C1070
:101F80007E108F10A110B310C510D710E910FB10F0
:101F90000D111F1131114311551167117A118C1157
:101FA0009E11B111C311D511E811FA110D121F12B2
:101FB0003212451257126A127D128F12A212B512F6
:101FC000C812DB12EE120113141327133A134D1328
:101FD0006013741387139A13AD13C113D413E7134B
:101FE000FB130E142214351449145D147014841458
:101FF0009814AC14BF14D314E714FB140F15231555
:1020000037154B155F15731587159C15B015C4153D
:10201000D815ED15011615162A163E165316671615
:102020007C169116A516BA16CF16E316F8160D17DC
:10203000221737174C17611776178B17A017B5178C
:10204000CA17DF17F4170A181F1834184A185F1830
:1020500074188A189F18B518CB18E018F6180B19C1
:10206000211937194D19621978198E19A419BA193D
:10207000D019E619FC19121A281A3E1A551A6B1AA9
:10208000811A971AAE1AC41ADA1AF11A071B1E1B04
:10209000341B4B1B611B781B8F1BA51BBC1BD31B4D
:1020A000EA1B011C171C2E1C451C5C1C731C8A1C83
:1020B000A11CB91CD01CE71CFE1C151D2D1D441DA8
:1020C0005B1D731D8A1DA21DB91DD11DE81D001EBB
:1020D000171E2F1E471E5E1E761E8E1EA61EBE1EBD
:1020E000D61EEE1E061F1E1F361F4E1F661F7E1FAA
:1020F000961FAE1FC61FDF1FF71F0F20282040208E
:10210000592071208A20A220BB20D320EC20052159
:102110001D2136214F21682181219921B221CB2116
:10212000E421FD2116222F22482262227B229422C2
:10213000AD22C722E022F92213232C2345235F235B
:1021400078239223AC23C523DF23F82312242C24E5
:1021500046245F2479249324AD24C724E124FB245E
:1021600015252F25492563257E259825B225CC25C3
:10217000E72501261B26362650266B268526A02617
:10218000BA26D526EF260A2725273F275A2775275F
:102190009027AB27C627E127FC27162832284D2891
:1021A000682883289E28B928D428F0280B292629B6
:1021B00042295D2978299429AF29CB29E629022AC9
:1021C0001D2A392A552A702A8C2AA82AC42AE02ACC
:1021D000FB2A172B332B4F2B6B2B872BA32BBF2BC0
:1021E000DC2BF82B142C302C4C2C692C852CA12C9E
:1021F000BE2CDA2CF62C132D2F2D4C2D692D852D70
:10220000A22DBE2DDB2DF82D152E312E4E2E6B2E30
:10221000882EA52EC22EDF2EFC2E192F362F532FDF
:10222000702F8D2FAA2FC82FE52F023020303D3080
:102230005A3078309530B330D030EE300B31293110
:10224000463164318231A031BD31DB31F931173291
:102250003532533270328E32AC32CA32E932073301
:102260002533433361337F339E33BC33DA33F93361
:1022700017343534543472349134AF34CE34EC34B2
:102280000B352A35483567358635A535C335E235F2
:10229000013620363F365E367D369C36BB36DA3622
:1022A000F93618373737573776379537B437D43745
:1022B000F33712383238513871389038B038CF3857
:1022C000EF380F392E394E396E398D39AD39CD3958
:1022D000ED390D3A2C3A4C3A6C3A8C3AAC3ACC3A4D
:1022E000EC3A0C3B2D3B4D3B6D3B8D3BAD3BCE3B30
:1022F000EE3B0E3C2F3C4F3C6F3C903CB03CD13C05
:10230000F13C123D333D533D743D953DB53DD63DC9
:10231000F73D183E383E593E7A3E9B3EBC3EDD3E80
:10232000FE3E1F3F403F613F823FA43FC53FE63F27
:10233000074028404A406B408C40AE40CF40F140BF
:1023400012413441554177419841BA41DC41FD4148
:102350001F42414262428442A642C842EA420C43C2
:102360002E434F4371439343B643D843FA431C442F
:102370003E4460448244A544C744E9440C452E458C
:10238000504573459545B845DA45FD451F464246DB
:1023900064468746AA46CC46EF461247354757471C
:1023A0007A479D47C047E347064829484C486F484D
:1023B0009248B548D848FB481E4941496549884973
:1023C000AB49CE49F249154A384A5C4A7F4AA34A8A
:1023D000C64AEA4A0D4B314B554B784B9C4BBF4B91
:1023E000E34B074C2B4C4E4C724C964CBA4CDE4C8B
:1023F000024D264D4A4D6E4D924DB64DDA4DFE4D75
:10240000224E464E6A4E8F4EB34ED74EFC4E204F54
:10241000444F694F8D4FB14FD64FFA4F1F50435025
:1024200068508D50B150D650FA501F5144516951E7
:102430008D51B251D751FC51215246526B5290529C
:10244000B552DA52FF52245349536E539353B85343
:10245000DD53035428544D5472549854BD54E254DF
:1024600008552D55535578559E55C355E9550E566B
:1024700034565A567F56A556CB56F05616573C57EB
:1024800062578857AD57D357F9571F5845586B585F
:102490009158B758DD5803592959505976599C59C4
:1024A000C259E8590F5A355A5B5A825AA85ACE5A1D
:1024B000F55A1B5B425B685B8F5BB55BDC5B025C68
:1024C000295C505C765C9D5CC45CEA5C115D385DA7
:1024D0005F5D855DAC5DD35DFA5D215E485E6F5EDC
:1024E000965EBD5EE45E0B5F325F595F815FA85F01
:1024F000CF5FF65F1D6045606C609360BB60E2601B
:102500000961316158618061A761CF61F6611E6226
:1025100045626D629562BC62E4620C6333635B6327
:102520008363AB63D263FA6322644A6472649A641D
:10253000C264EA6412653A6562658A65B265DA6505
:1025400002662A6653667B66A366CB66F4661C67E2
:1025500044676D679567BD67E6670E6837685F68B3
:102560008868B068D96801692A6953697B69A46978
:10257000CD69F5691E6A476A706A986AC16AEA6A33
:10258000136B3C6B656B8E6BB76BE06B096C326CDD
:102590005B6C846CAD6CD66CFF6C286D526D7B6D82
:1025A000A46DCD6DF66D206E496E726E9C6EC56E1B
:1025B000EF6E186F416F6B6F946FBE6FE76F1170A6
:1025C0003B7064708E70B770E1700B7134715E7126
:1025D0008871B271DC7105722F7259728372AD729B
:1025E000D77201732B7355737F73A973D373FD7304
:1025F000277451747B74A574CF74FA7424754E7566
:102600007875A375CD75F77522764C767676A176BA
:10261000CB76F67620774B777577A077CA77F57704
:102620001F784A7875789F78CA78F5781F794A7943
:102630007579A079CA79F579207A4B7A767AA17A78
:10264000CC7AF77A217B4C7B777BA27BCD7BF97BA5
:10265000247C4F7C7A7CA57CD07CFB7C267D527DC3
:102660007D7DA87DD37DFF7D2A7E557E817EAC7EDB
:10267000D77E037F2E7F5A7F857FB17FDC7F0880E6
:1026800033805F808A80B680E2800D8139816581E8
:102690009081BC81E88114823F826B829782C382E1
:1026A000EF821A83468372839E83CA83F6832284D1
:1026B0004E847A84A684D284FE842A8556858385B6
:1026C000AF85DB850786338660868C86B886E48690
:1026D00011873D8769879687C287EE871B88478861
:1026E0007488A088CD88F988268952897F89AB892A
:1026F000D889048A318A5E8A8A8AB78AE48A108BEA
:102700003D8B6A8B978BC38BF08B1D8C4A8C778C9F
:10271000A38CD08CFD8C2A8D578D848DB18DDE8D50
:102720000B8E388E658E928EBF8EEC8E198F468FF3
:10273000748FA18FCE8FFB8F289056908390B0908E
:10274000DD900B91389165919391C091ED911B9221
:1027500048927692A392D092FE922B9359938693AD
:10276000B493E2930F943D946A949894C694F3942E
:1027700021954F957C95AA95D895059633966196A7
:102780008F96BD96EA96189746977497A297D0971A
:10279000FE972C985A988898B698E4981299409980
:1027A0006E999C99CA99F899269A549A829AB09AE5
:1027B000DF9A0D9B3B9B699B979BC69BF49B229C3E
:1027C000509C7F9CAD9CDB9C0A9D389D679D959D90
:1027D000C39DF29D209E4F9E7D9EAC9EDA9E099FDA
:1027E000379F669F949FC39FF19F20A04FA07DA01D
:1027F000ACA0DBA009A138A167A195A1C4A1F3A158
:1028000022A250A27FA2AEA2DDA20CA33AA369A38A
:1028100098A3C7A3F6A325A454A483A4B2A4E1A4B7
:1028200010A53FA56EA59DA5CCA5FBA52AA659A6DA
:1028300088A6B7A6E6A615A744A774A7A3A7D2A7FC
:1028400001A830A860A88FA8BEA8EDA81DA94CA912
:102850007BA9AAA9DAA909AA38AA68AA97AAC7AA25
:10286000F6AA25AB55AB84ABB4ABE3AB13AC42AC2F
:1028700072ACA1ACD1AC00AD30AD5FAD8FADBFAD32
:10288000EEAD1EAE4DAE7DAEADAEDCAE0CAF3CAF30
:102890006BAF9BAFCBAFFBAF2AB05AB08AB0BAB028
:1028A000EAB019B149B179B1A9B1D9B109B238B217
:1028B00068B298B2C8B2F8B228B358B388B3B8B304
:1028C000E8B318B448B478B4A8B4D8B408B538B5E7
:1028D00068B598B5C8B5F9B529B659B689B6B9B6C7
:1028E000E9B619B74AB77AB7AAB7DAB70BB83BB89F
:1028F0006BB89BB8CCB8FCB82CB95CB98DB9BDB974
:10290000EDB91EBA4EBA7FBAAFBADFBA10BB40BB40
:1029100071BBA1BBD1BB02BC32BC63BC93BCC4BC09
:10292000F4BC25BD55BD86BDB6BDE7BD18BE48BECD
:1029300079BEA9BEDABE0BBF3BBF6CBF9CBFCDBF8B
:10294000FEBF2EC05FC090C0C1C0F1C022C153C144
:1029500083C1B4C1E5C116C246C277C2A8C2D9C2FA
:102960000AC33BC36BC39CC3CDC3FEC32FC460C4A7
:1029700091C4C1C4F2C423C554C585C5B6C5E7C555
:1029800018C649C67AC6ABC6DCC60DC73EC76FC7F8
:10299000A0C7D1C702C833C864C895C8C6C8F7C89D
:1029A00028C95AC98BC9BCC9EDC91ECA4FCA80CA39
:1029B000B1CAE3CA14CB45CB76CBA7CBD9CB0ACCD3
:1029C0003BCC6CCC9ECCCFCC00CD31CD63CD94CD67
:1029D000C5CDF6CD28CE59CE8ACEBCCEEDCE1ECFFB
:1029E00050CF81CFB2CFE4CF15D047D078D0A9D087
:1029F000DBD00CD13ED16FD1A0D1D2D103D235D210
:102A000066D298D2C9D2FBD22CD35ED38FD3C1D396
:102A1000F2D324D455D487D4B8D4EAD41BD54DD519
:102A20007ED5B0D5E2D513D645D676D6A8D6DAD699
:102A30000BD73DD76ED7A0D7D2D703D835D867D814
:102A400098D8CAD8FCD82DD95FD991D9C2D9F4D990
:102A500026DA58DA89DABBDAEDDA1EDB50DB82DB04
:102A6000B4DBE5DB17DC49DC7BDCADDCDEDC10DD78
:102A700042DD74DDA6DDD7DD09DE3BDE6DDE9FDEE7
:102A8000D0DE02DF34DF66DF98DFCADFFCDF2DE057
:102A90005FE091E0C3E0F5E027E159E18BE1BDE1C2
:102AA000EFE120E252E284E2B6E2E8E21AE34CE32C
:102AB0007EE3B0E3E2E314E446E478E4AAE4DCE491
:102AC0000EE540E572E5A4E5D6E508E63AE66CE6F3
:102AD0009EE6D0E602E734E766E798E7CAE7FCE758
:102AE0002EE860E892E8C4E8F6E828E95AE98DE9BA
:102AF000BFE9F1E923EA55EA87EAB9EAEBEA1DEB17
:102B00004FEB81EBB3EBE6EB18EC4AEC7CECAEEC74
:102B1000E0EC12ED44ED77EDA9EDDBED0DEE3FEECF
:102B200071EEA3EED6EE08EF3AEF6CEF9EEFD0EF2A
:102B300003F035F067F099F0CBF0FDF030F162F181
:102B400094F1C6F1F8F12BF25DF28FF2C1F2F3F2DB
:102B500025F358F38AF3BCF3EEF321F453F485F430
:102B6000B7F4E9F41CF54EF580F5B2F5E4F517F687
:102B700049F67BF6ADF6E0F612F744F776F7A9F7DB
:102B8000DBF70DF83FF872F8A4F8D6F808F93BF92E
:102B90006DF99FF9D1F904FA36FA68FA9AFACDFA82
:102BA000FFFA31FB63FB96FBC8FBFAFB2CFC5FFCD6
:102BB00091FCC3FCF5FC28FD5AFD8CFDBEFDF1FD2A
:102BC00023FE55FE88FEBAFEECFE1EFF51FF83FF7A
:102BD000B5FFE7FF19004B007D00AF00E2001401D4
:102BE00046017801AB01DD010F0242027402A60228
:102BF000D8020B033D036F03A103D403060438047A
:102C00006A049D04CF040105330566059805CA05CD
:102C1000FC052F0661069306C506F8062A075C0721
:102C20008E07C107F307250857088A08BC08EE0875
:102C3000200953098509B709E9091B0A4E0A800AC8
:102C4000B20AE40A170B490B7B0BAD0BDF0B120C1E
:102C5000440C760CA80CDB0C0D0D3F0D710DA30D73
:102C6000D60D080E3A0E6C0E9E0ED00E030F350FC9
:102C7000670F990FCB0FFD0F301062109410C61024
:102C8000F8102A115D118F11C111F311251257127D
:102C90008912BC12EE12201352138413B613E813D8
:102CA0001A144D147F14B114E31415154715791532
:102CB000AB15DD150F1641167316A616D8160A1792
:102CC0003C176E17A017D2170418361868189A18F0
:102CD000CC18FE18301962199419C619F8192A1A55
:102CE0005C1A8E1AC01AF21A241B561B881BBA1BB8
:102CF000EC1B1E1C501C821CB41CE61C181D4A1D1B
:102D00007C1DAE1DE01D111E431E751EA71ED91E83
:102D10000B1F3D1F6F1FA11FD31F042036206820EB
:102D20009A20CC20FE20302161219321C521F7215A
:102D300029225A228C22BE22F022222353238523C9
:102D4000B723E9231B244C247E24B024E22413253A
:102D500045257725A825DA250C263E266F26A126AF
:102D6000D3260427362768279927CB27FD272E2827
:102D700060289228C328F528262958298A29BB29A2
:102D8000ED291E2A502A822AB32AE52A162B482B1F
:102D9000792BAB2BDC2B0E2C3F2C712CA22CD42CA2
:102DA000052D372D682D9A2DCB2DFD2D2E2E602E25
:102DB000912EC22EF42E252F572F882FBA2FEB2FAE
:102DC0001C304E307F30B030E23013314431763138
:102DD000A731D8310A323B326C329D32CF320033C8
:102DE000313362339433C533F633273459348A345C
:102DF000BB34EC341D354F358035B135E2351336F3
:102E000044367536A636D83609373A376B379C378D
:102E1000CD37FE372F3860389138C238F33824392F
:102E200055398639B739E839193A4A3A7B3AAC3AD2
:102E3000DD3A0E3B3F3B6F3BA03BD13B023C333C7A
:102E4000643C953CC53CF63C273D583D893DBA3D28
:102E5000EA3D1B3E4C3E7D3EAD3EDE3E0F3F3F3FDA
:102E6000703FA13FD23F0240334064409440C54090
:102E7000F540264157418741B841E84119424A424D
:102E80007A42AB42DB420C433C436D439D43CE430D
:102E9000FE432F445F448F44C044F04421455145D4
:102EA0008145B245E245134643467346A446D4469F
:102EB0000447344765479547C547F5472648564870
:102EC0008648B648E748174947497749A749D74947
:102ED000074A384A684A984AC84AF84A284B584B21
:102EE000884BB84BE84B184C484C784CA84CD84C05
:102EF000084D384D684D984DC84DF74D274E574EEB
:102F0000874EB74EE74E164F464F764FA64FD64FD9
:102F10000550355065509550C450F45024515351CC
:102F20008351B351E251125241527152A152D052C7
:102F300000532F535F538E53BE53ED531D544C54C7
:102F40007C54AB54DB540A55395569559855C855CE
:102F5000F755265656568556B456E35613574257DC
:102F60007157A057D057FF572E585D588C58BC58F2
:102F7000EB581A5949597859A759D659055A345A0C
:102F8000635A925AC15AF05A1F5B4E5B7D5BAC5B31
:102F9000DB5B0A5C395C685C975CC65CF45C235D57
:102FA000525D815DB05DDE5D0D5E3C5E6B5E995E87
:102FB000C85EF75E255F545F835FB15FE05F0F60BF
:102FC0003D606C609A60C960F760266154618361FE
:102FD000B161E0610E623D626B629962C862F66245
:102FE000256353638163B063DE630C643A64696490
:102FF0009764C564F364216550657E65AC65DA65E8
:103000000866366664669266C066EE661C674A6746
:103010007867A667D467026830685E688C68BA68AB
:10302000E8681669436971699F69CD69FB69286A17
:10303000566A846AB16ADF6A0D6B3A6B686B966B8D
:10304000C36BF16B1E6C4C6C7A6CA76CD56C026D0B
:10305000306D5D6D8A6DB86DE56D136E406E6D6E91
:103060009B6EC86EF56E236F506F7D6FAA6FD86F21
:10307000057032705F708C70BA70E77014714171B6
:103080006E719B71C871F57122724F727C72A97258
:10309000D672037330735D738973B673E373107400
:1030A0003D7469749674C374F0741C7549757675B3
:1030B000A275CF75FC75287655768176AE76DB766F
:1030C0000777347760778C77B977E57712783E7831
:1030D0006A789778C378EF781C7948797479A07901
:1030E000CD79F979257A517A7D7AAA7AD67A027BD6
:1030F0002E7B5A7B867BB27BDE7B0A7C367C627CB5
:103100008E7CBA7CE67C117D3D7D697D957DC17D9F
:10311000EC7D187E447E707E9B7EC77EF37E1E7F94
:103120004A7F767FA17FCD7FF87F24804F807B8090
:10313000A680D280FD80298154817F81AB81D68198
:1031400001822D8258828382AE82DA8205833083A7
:103150005B838683B183DC83078433845E848984C4
:10316000B484DF84098534855F858A85B585E085EB
:103170000B86368660868B86B686E1860B87368719
:1031800061878B87B687E1870B88368860888B8854
:10319000B588E0880A8935895F898A89B489DE899A
:1031A000098A338A5D8A888AB28ADC8A068B318BE7
:1031B0005B8B858BAF8BD98B038C2D8C578C818C43
:1031C000AB8CD58CFF8C298D538D7D8DA78DD18DAA
:1031D000FB8D248E4E8E788EA28ECC8EF58E1F8F18
:1031E000498F728F9C8FC58FEF8F199042906C9092
:1031F0009590BF90E89011913B9164918E91B79119
:10320000E0910A9233925C928592AF92D8920193A8
:103210002A9353937C93A593CE93F7932094499448
:1032200072949B94C494ED9416953F9568959095EF
:10323000B995E2950B9633965C968596AD96D696A3
:10324000FF96279750977897A197C997F2971A9862
:1032500043986B989398BC98E4980C9935995D992C
:103260008599AD99D699FE99269A4E9A769A9E9A04
:10327000C69AEE9A169B3E9B669B8E9BB69BDE9BE8
:10328000069C2E9C559C7D9CA59CCD9CF49C1C9DD5
:10329000449D6B9D939DBB9DE29D0A9E319E599ED0
:1032A000809EA89ECF9EF79E1E9F459F6D9F949FD8
:1032B000BB9FE39F0AA031A058A07FA0A7A0CEA0EB
:1032C000F5A01CA143A16AA191A1B8A1DFA106A20A
:1032D0002DA254A27BA2A1A2C8A2EFA216A33CA336
:1032E00063A38AA3B0A3D7A3FEA324A44BA471A471
:1032F00098A4BEA4E5A40BA532A558A57EA5A5A5B6
:10330000CBA5F1A518A63EA664A68AA6B0A6D7A608
:10331000FDA623A749A76FA795A7BBA7E1A707A865
:103320002DA853A878A89EA8C4A8EAA810A935A9D2
:103330005BA981A9A6A9CCA9F2A917AA3DAA62AA4C
:1033400088AAADAAD3AAF8AA1EAB43AB68AB8EABD2
:10335000B3ABD8ABFDAB23AC48AC6DAC92ACB7AC67
:10336000DCAC01AD26AD4BAD70AD95ADBAADDFAD0A
:1033700004AE29AE4EAE73AE97AEBCAEE1AE06AFB4
:103380002AAF4FAF73AF98AFBDAFE1AF06B02AB071
:103390004FB073B097B0BCB0E0B004B129B14DB13B
:1033A00071B196B1BAB1DEB102B226B24AB26EB212
:1033B00092B2B6B2DAB2FEB222B346B36AB38EB3F9
:1033C000B2B3D5B3F9B31DB441B464B488B4ACB4EA
:1033D000CFB4F3B416B53AB55DB581B5A4B5C8B5EB
:1033E000EBB50EB632B655B678B69BB6BFB6E2B6FA
:1033F00005B728B74BB76EB791B7B4B7D7B7FAB719
:103400001DB840B863B886B8A9B8CCB8EEB811B941
:1034100034B956B979B99CB9BEB9E1B903BA26BA7B
:1034200048BA6BBA8DBAB0BAD2BAF5BA17BB39BBC3
:103430005BBB7EBBA0BBC2BBE4BB06BC28BC4ABC1A
:103440006DBC8FBCB1BCD2BCF4BC16BD38BD5ABD7E
:103450007CBD9EBDBFBDE1BD03BE24BE46BE68BEF1
:1034600089BEABBECCBEEEBE0FBF31BF52BF74BF74
:1034700095BFB6BFD8BFF9BF1AC03BC05CC07EC005
:103480009FC0C0C0E1C002C123C144C165C186C1A3
:10349000A7C1C8C1E8C109C22AC24BC26BC28CC253
:1034A000ADC2CDC2EEC20FC32FC350C370C390C311
:1034B000B1C3D1C3F2C312C432C453C473C493C4DE
:1034C000B3C4D3C4F4C414C534C554C574C594C5B9
:1034D000B4C5D4C5F3C513C633C653C673C692C6A6
:1034E000B2C6D2C6F1C611C731C750C770C78FC7A1
:1034F000AFC7CEC7EEC70DC82CC84CC86BC88AC8AA
:10350000A9C8C9C8E8C807C926C945C964C983C9C3
:10351000A2C9C1C9E0C9FFC91ECA3DCA5BCA7ACAED
:1035200099CAB8CAD6CAF5CA14CB32CB51CB6FCB25
:103530008ECBACCBCBCBE9CB07CC26CC44CC62CC6E
:1035400081CC9FCCBDCCDBCCF9CC17CD36CD54CDC6
:1035500072CD90CDADCDCBCDE9CD07CE25CE43CE2E
:1035600060CE7ECE9CCEBACED7CEF5CE12CF30CFA7
:103570004DCF6BCF88CFA6CFC3CFE0CFFECF1BD030
:1035800038D056D073D090D0ADD0CAD0E7D004D1C7
:1035900021D13ED15BD178D195D1B2D1CFD1EBD170
:1035A00008D225D242D25ED27BD298D2B4D2D1D226
:1035B000EDD20AD326D342D35FD37BD397D3B4D3F0
:1035C000D0D3ECD308D425D441D45DD479D495D4C8
:1035D000B1D4CDD4E9D405D520D53CD558D574D5B2
:1035E00090D5ABD5C7D5E3D5FED51AD635D651D6AD
:1035F0006CD688D6A3D6BED6DAD6F5D610D72CD7B9
:1036000047D762D77DD798D7B3D7CED7EAD704D8D4
:103610001FD83AD855D870D88BD8A6D8C1D8DBD8FF
:10362000F6D811D92BD946D960D97BD995D9B0D93B
:10363000CAD9E5D9FFD919DA34DA4EDA68DA82DA8A
:103640009DDAB7DAD1DAEBDA05DB1FDB39DB53DBE6
:103650006DDB87DBA1DBBADBD4DBEEDB08DC21DC56
:103660003BDC54DC6EDC88DCA1DCBBDCD4DCEDDCD8
:1036700007DD20DD39DD53DD6CDD85DD9EDDB8DD68
:10368000D1DDEADD03DE1CDE35DE4EDE67DE7FDE09
:1036900098DEB1DECADEE3DEFBDE14DF2DDF45DFC0
:1036A0005EDF76DF8FDFA7DFC0DFD8DFF1DF09E085
:1036B00021E03AE052E06AE082E09AE0B2E0CAE05B
:1036C000E2E0FAE012E12AE142E15AE172E18AE144
:1036D000A2E1B9E1D1E1E9E100E218E22FE247E23B
:1036E0005EE276E28DE2A5E2BCE2D3E2EBE202E347
:1036F00019E330E347E35FE376E38DE3A4E3BBE361
:10370000D2E3E9E3FFE316E42DE444E45BE471E48F
:1037100088E49FE4B5E4CCE4E2E4F9E40FE526E5CF
:103720003CE552E569E57FE595E5ABE5C2E5D8E521
:10373000EEE504E61AE630E646E65CE672E688E682
:103740009EE6B3E6C9E6DFE6F5E60AE720E736E7F8
:103750004BE761E776E78CE7A1E7B6E7CCE7E1E77F
:10376000F6E70CE821E836E84BE860E875E88AE817
:103770009FE8B4E8C9E8DEE8F3E808E91DE931E9C3
:1037800046E95BE96FE984E999E9ADE9C2E9D6E97F
:10379000EBE9FFE913EA28EA3CEA50EA64EA79EA4D
:1037A0008DEAA1EAB5EAC9EADDEAF1EA05EB19EB2F
:1037B0002DEB41EB54EB68EB7CEB90EBA3EBB7EB21
:1037C000CBEBDEEBF2EB05EC19EC2CEC3FEC53EC25
:1037D00066EC79EC8CECA0ECB3ECC6ECD9ECECEC40
:1037E000FFEC12ED25ED38ED4BED5EED71ED83ED67
:1037F00096EDA9EDBBEDCEEDE1EDF3ED06EE18EEA5
:103800002BEE3DEE4FEE62EE74EE86EE99EEABEEF1
:10381000BDEECFEEE1EEF3EE05EF17EF29EF3BEF54
:103820004DEF5FEF71EF82EF94EFA6EFB7EFC9EFC7
:10383000DBEFECEFFEEF0FF021F032F043F055F04C
:1038400066F077F089F09AF0ABF0BCF0CDF0DEF0E6
:10385000EFF000F111F122F133F144F154F165F18F
:1038600076F187F197F1A8F1B8F1C9F1D9F1EAF150
:10387000FAF10BF21BF22BF23CF24CF25CF26CF21E
:103880007CF28CF29CF2ADF2BDF2CCF2DCF2ECF206
:10389000FCF20CF31CF32BF33BF34BF35AF36AF3F8
:1038A00079F389F398F3A8F3B7F3C7F3D6F3E5F305
:1038B000F5F304F413F422F431F440F44FF45EF41D
:1038C0006DF47CF48BF49AF4A9F4B8F4C6F4D5F44E
:1038D000E4F4F2F401F50FF51EF52CF53BF549F58E
:1038E00058F566F574F582F591F59FF5ADF5BBF5E4
:1038F000C9F5D7F5E5F5F3F501F60FF61DF62BF64C
:1039000038F646F654F662F66FF67DF68AF698F6C5
:10391000A5F6B3F6C0F6CEF6DBF6E8F6F5F603F755
:1039200010F71DF72AF737F744F751F75EF76BF7F3
:1039300078F785F792F79EF7ABF7B8F7C5F7D1F7A9
:10394000DEF7EAF7F7F703F810F81CF828F835F86F
:1039500041F84DF85AF866F872F87EF88AF896F849
:10396000A2F8AEF8BAF8C6F8D2F8DDF8E9F8F5F83A
:1039700001F90CF918F923F92FF93BF946F951F936
:103980005DF968F973F97FF98AF995F9A0F9ABF94E
:10399000B7F9C2F9CDF9D8F9E3F9EDF9F8F903FA75
:1039A0000EFA19FA23FA2EFA39FA43FA4EFA58FAAD
:1039B00063FA6DFA78FA82FA8CFA97FAA1FAABFAFE
:1039C000B5FAC0FACAFAD4FADEFAE8FAF2FAFCFA60
:1039D00005FB0FFB19FB23FB2DFB36FB40FB4AFBD2
:1039E00053FB5DFB66FB70FB79FB83FB8CFB95FB5C
:1039F0009EFBA8FBB1FBBAFBC3FBCCFBD5FBDEFBFC
:103A0000E7FBF0FBF9FB02FC0BFC14FC1CFC25FCA7
:103A10002EFC36FC3FFC48FC50FC58FC61FC69FC69
:103A200072FC7AFC82FC8BFC93FC9BFCA3FCABFC41
:103A3000B3FCBBFCC3FCCBFCD3FCDBFCE3FCEBFC2E
:103A4000F2FCFAFC02FD09FD11FD19FD20FD28FD27
:103A50002FFD36FD3EFD45FD4CFD54FD5BFD62FD39
:103A600069FD70FD77FD7FFD86FD8CFD93FD9AFD60
:103A7000A1FDA8FDAFFDB5FDBCFDC3FDC9FDD0FD99
:103A8000D6FDDDFDE3FDEAFDF0FDF7FDFDFD03FEE6
:103A900009FE10FE16FE1CFE22FE28FE2EFE34FE3F
:103AA0003AFE40FE46FE4BFE51FE57FE5DFE62FEB4
:103AB00068FE6DFE73FE78FE7EFE83FE89FE8EFE3E
:103AC00093FE99FE9EFEA3FEA8FEADFEB2FEB7FEDB
:103AD000BCFEC1FEC6FECBFED0FED5FEDAFEDEFE8B
:103AE000E3FEE8FEECFEF1FEF6FEFAFEFFFE03FF4B
:103AF00007FF0CFF10FF14FF19FF1DFF21FF25FF1B
:103B000029FF2DFF31FF35FF39FF3DFF41FF45FF05
:103B100048FF4CFF50FF53FF57FF5BFF5EFF62FF04
:103B200065FF69FF6CFF6FFF73FF76FF79FF7CFF16
:103B300080FF83FF86FF89FF8CFF8FFF92FF95FF39
:103B400097FF9AFF9DFFA0FFA2FFA5FFA8FFAAFF76
:103B5000ADFFAFFFB2FFB4FFB7FFB9FFBBFFBEFFC2
:103B6000C0FFC2FFC4FFC6FFC8FFCAFFCCFFCEFF25
:103B7000D0FFD2FFD4FFD6FFD8FFD9FFDBFFDDFF98
:103B8000DEFFE0FFE1FFE3FFE4FFE6FFE7FFE9FF21
:103B9000EAFFEBFFECFFEEFFEFFFF0FFF1FFF2FFBC
:103BA000F3FFF4FFF5FFF6FFF7FFF7FFF8FFF9FF6C
:103BB000FAFFFAFFFBFFFBFFFCFFFCFFFDFFFDFF31
:103BC000FEFFFEFFFEFFFFFFFFFFFFFFFFFFFFFF08
:103BD000FFFFFFFFA01DD0F588C59AFCA878F6FD71
:103BE0007C7B8BFEFC43DEFE11F212FF916A37FFF5
:103BF000552952FF199D66FF9BC276FFC9D483FFEA
:103C000008A18EFF01B397FFFE6C9FFF2916A6FF48
:103C100050E3ABFF75FCB0FF7280B5FF7987B9FF49
:103C2000C224BDFFC767C0FF215DC3FF2A0FC6FFC7
:103C30007A86C8FF43CACAFF93E0CCFF92CECEFF7C
:103C4000A598D0FF9342D2FFA2CFD3FFA942D5FFC0
:103C5000229ED6FF3BE4D7FFDC16D9FFB837DAFF48
:103C60004E48DBFFF649DCFFE13DDDFF2125DEFFAD
:103C7000AC00DFFF61D1DFFF0798E0FF5555E1FFA2
:103C8000F009E2FF6EB6E2FF575BE3FF2AF9E3FFBC
:103C90005190E4FF4421E5FF5CACE5FFF331E6FF22
:103CA0005AB2E6FFDE2DE7FFC4A4E7FF4E17E8FF98
:103CB000B885E8FF39F0E8FF0757E9FF52BAE9FF96
:103CC000471AEAFF1077EAFFD6D0EAFFBC27EBFFDE
:103CD000E77BEBFF76CDEBFF881CECFF3969ECFF4F
:103CE000A6B3ECFFE6FBECFF1342EDFF4386EDFFCE
:103CF0008AC8EDFFFF08EEFFB247EEFFB784EEFF84
:103D00001FC0EEFFFAF9EEFF5732EFFF4469EFFFF5
:103D1000D19EEFFF09D3EFFFFA05F0FFAE37F0FFBA
:103D20003368F0FF9297F0FFD5C5F0FF07F3F0FF7F
:103D3000321FF1FF5D4AF1FF9174F1FFD79DF1FF52
:103D400036C6F1FFB6EDF1FF5F14F2FF363AF2FF2F
:103D5000435FF2FF8B83F2FF16A7F2FFE7C9F2FF82
:103D600007ECF2FF780DF3FF412EF3FF664EF3FFF1
:103D7000ED6DF3FFDA8CF3FF31ABF3FFF7C8F3FF20
:103D80002FE6F3FFDD02F4FF061FF4FFAD3AF4FF68
:103D9000D455F4FF8170F4FFB68AF4FF75A4F4FFE4
:103DA000C3BDF4FFA2D6F4FF15EFF4FF1E07F5FF25
:103DB000C11EF5FF0036F5FFDD4CF5FF5A63F5FF38
:103DC0007B79F5FF418FF5FFAFA4F5FFC6B9F5FF8D
:103DD00088CEF5FFF8E2F5FF18F7F5FFE80AF6FFE1
:103DE0006C1EF6FFA531F6FF9544F6FF3C57F6FF33
:103DF0009D69F6FFBA7BF6FF938DF6FF2B9FF6FFCA
:103E000082B0F6FF9AC1F6FF75D2F6FF13E3F6FF14
:103E100077F3F6FFA003F7FF9113F7FF4B23F7FFAC
:103E2000CE32F7FF1B42F7FF3551F7FF1B60F7FF5C
:103E3000D06EF7FF537DF7FFA68BF7FFC999F7FF09
:103E4000BFA7F7FF86B5F7FF22C3F7FF91D0F7FFB3
:103E5000D6DDF7FFF0EAF7FFE2F7F7FFAA04F8FF75
:103E60004B11F8FFC51DF8FF182AF8FF4636F8FF7A
:103E70004F42F8FF334EF8FFF359F8FF9165F8FF12
:103E80000C71F8FF657CF8FF9D87F8FFB492F8FF8E
:103E9000AB9DF8FF82A8F8FF3AB3F8FFD4BDF8FF56
:103EA0004FC8F8FFADD2F8FFEEDCF8FF13E7F8FFDC
:103EB0001BF1F8FF08FBF8FFD904F9FF900EF9FF9A
:103EC0002C18F9FFAF21F9FF182BF9FF6734F9FF20
:103ED0009E3DF9FFBD46F9FFC44FF9FFB358F9FF06
:103EE0008B61F9FF4C6AF9FFF772F9FF8B7BF9FFE1
:103EF0000984F9FF728CF9FFC694F9FF059DF9FF5B
:103F00002FA5F9FF45ADF9FF48B5F9FF36BDF9FF1B
:103F100011C5F9FFD9CCF9FF8ED4F9FF30DCF9FFD8
:103F2000C0E3F9FF3EEBF9FFAAF2F9FF05FAF9FF4A
:103F30004E01FAFF8608FAFFAE0FFAFFC516FAFF28
:103F4000CB1DFAFFC124FAFFA82BFAFF7E32FAFF3D
:103F50004539FAFFFD3FFAFFA646FAFF404DFAFF4A
:103F6000CB53FAFF475AFAFFB560FAFF1667FAFF1C
:103F7000686DFAFFAC73FAFFE379FAFF0C80FAFF81
:103F80002886FAFF378CFAFF3992FAFF2F98FAFF4A
:103F9000189EFAFFF4A3FAFFC4A9FAFF88AFFAFF4C
:103FA00040B5FAFFECBAFAFF8CC0FAFF21C6FAFF5F
:103FB000AACBFAFF29D1FAFF9CD6FAFF04DCFAFF5C
:103FC00061E1FAFFB3E6FAFFFBEBFAFF38F1FAFF23
:103FD0006BF6FAFF94FBFAFFB200FBFFC705FBFF8D
:103FE000D20AFBFFD30FFBFFCA14FBFFB719FBFF7D
:103FF0009C1EFBFF7723FBFF4828FBFF112DFBFFD7
:10400000D031FBFF8736FBFF343BFBFFD93FFBFF83
:104010007644FBFF0949FBFF954DFBFF1852FBFF60
:104020009356FBFF055BFBFF705FFBFFD263FBFF5B
:104030002D68FBFF806CFBFFCB70FBFF0E75FBFF59
:104040004A79FBFF7E7DFBFFAB81FBFFD185FBFF48
:10405000EF89FBFF068EFBFF1692FBFF1F96FBFF0F
:10406000219AFBFF1C9EFBFF10A2FBFFFEA5FBFF9E
:10407000E4A9FBFFC5ADFBFF9EB1FBFF71B5FBFFE4
:104080003EB9FBFF04BDFBFFC4C0FBFF7EC4FBFFCA
:1040900032C8FBFFDFCBFBFF87CFFBFF28D3FBFF43
:1040A000C4D6FBFF5ADAFBFFE9DDFBFF73E1FBFF40
:1040B000F8E4FBFF77E8FBFFF0EBFBFF63EFFBFFB0
:1040C000D1F2FBFF3AF6FBFF9DF9FBFFFBFCFBFF88
:1040D0005400FCFFA703FCFFF506FCFF3E0AFCFFB3
:1040E000820DFCFFC110FCFFFB13FCFF3017FCFF2F
:1040F000601AFCFF8B1DFCFFB220FCFFD323FCFFEA
:10410000F026FCFF082AFCFF1C2DFCFF2B30FCFFD7
:104110003533FCFF3B36FCFF3C39FCFF393CFCFFF0
:10412000323FFCFF2642FCFF1645FCFF0148FCFF26
:10413000E94AFCFFCC4DFCFFAB50FCFF8553FCFF74
:104140005C56FCFF2E59FCFFFD5BFCFFC75EFCFFCD
:104150008E61FCFF5164FCFF0F67FCFFCA69FCFF26
:10416000816CFCFF346FFCFFE471FCFF9074FCFF7A
:104170003877FCFFDC79FCFF7D7CFCFF1A7FFCFFBD
:10418000B381FCFF4984FCFFDB86FCFF6A89FCFFEE
:10419000F68BFCFF7E8EFCFF0291FCFF8393FCFFFD
:1041A0000196FCFF7C98FCFFF39AFCFF679DFCFFE7
:1041B000D79FFCFF45A2FCFFAFA4FCFF16A7FCFFA6
:1041C0007AA9FCFFDBABFCFF38AEFCFF93B0FCFF31
:1041D000EBB2FCFF3FB5FCFF91B7FCFFDFB9FCFF82
:1041E0002BBCFCFF73BEFCFFB9C0FCFFFCC2FCFF94
:1041F0003CC5FCFF79C7FCFFB3C9FCFFEBCBFCFF60
:1042000020CEFCFF51D0FCFF81D2FCFFADD4FCFFDF
:10421000D7D6FCFFFED8FCFF23DBFCFF44DDFCFF10
:1042200064DFFCFF80E1FCFF9AE3FCFFB2E5FCFFEA
:10423000C7E7FCFFD9E9FCFFE9EBFCFFF6EDFCFF6B
:1042400001F0FCFF0AF2FCFF10F4FCFF13F6FCFF88
:1042500014F8FCFF13FAFCFF10FCFCFF0AFEFCFF45
:104260000200FDFFF701FDFFEA03FDFFDB05FDFF97
:10427000CA07FDFFB609FDFFA10BFDFF890DFDFF7C
:104280006E0FFDFF5211FDFF3313FDFF1315FDFFF0
:10429000F016FDFFCB18FDFFA31AFDFF7A1CFDFFF2
:1042A0004F1EFDFF2220FDFFF221FDFFC123FDFF78
:1042B0008D25FDFF5827FDFF2029FDFFE72AFDFF83
:1042C000AB2CFDFF6E2EFDFF2E30FDFFED31FDFF0F
:1042D000AA33FDFF6535FDFF1E37FDFFD538FDFF15
:1042E0008A3AFDFF3E3CFDFFEF3DFDFF9F3FFDFF96
:1042F0004D41FDFFF942FDFFA344FDFF4C46FDFF8C
:10430000F247FDFF9749FDFF3B4BFDFFDC4CFDFFF6
:104310007C4EFDFF1A50FDFFB651FDFF5153FDFFCE
:10432000EA54FDFF8156FDFF1758FDFFAB59FDFF15
:104330003D5BFDFFCE5CFDFF5D5EFDFFEB5FFDFFC6
:104340007761FDFF0163FDFF8A64FDFF1166FDFFDC
:104350009767FDFF1B69FDFF9D6AFDFF1E6CFDFF5A
:104360009E6DFDFF1C6FFDFF9870FDFF1372FDFF3A
:104370008D73FDFF0575FDFF7B76FDFFF077FDFF7B
:104380006479FDFFD67AFDFF477CFDFFB67DFDFF1A
:10439000247FFDFF9180FDFFFC81FDFF6683FDFF13
:1043A000CE84FDFF3586FDFF9B87FDFFFF88FDFF67
:1043B000628AFDFFC48BFDFF248DFDFF838EFDFF10
:1043C000E18FFDFF3D91FDFF9992FDFFF293FDFF0F
:1043D0004B95FDFFA296FDFFF897FDFF4D99FDFF60
:1043E000A09AFDFFF29BFDFF439DFDFF939EFDFF05
:1043F000E29FFDFF2FA1FDFF7BA2FDFFC6A3FDFFF6
:1044000010A5FDFF58A6FDFF9FA7FDFFE6A8FDFF35
:104410002BAAFDFF6EABFDFFB1ACFDFFF3ADFDFFC1
:1044200033AFFDFF72B0FDFFB0B1FDFFEDB2FDFF98
:1044300029B4FDFF64B5FDFF9DB6FDFFD6B7FDFFB6
:104440000DB9FDFF44BAFDFF79BBFDFFADBCFDFF1B
:10445000E0BDFDFF13BFFDFF44C0FDFF74C1FDFFC4
:10446000A2C2FDFFD0C3FDFFFDC4FDFF29C6FDFFB5
:1044700054C7FDFF7EC8FDFFA6C9FDFFCECAFDFFE4
:10448000F5CBFDFF1BCDFDFF40CEFDFF63CFFDFF54
:1044900086D0FDFFA8D1FDFFC9D2FDFFE9D3FDFF06
:1044A00008D5FDFF26D6FDFF43D7FDFF5FD8FDFFF2
:1044B0007AD9FDFF95DAFDFFAEDBFDFFC6DCFDFF1F
:1044C000DEDDFDFFF4DEFDFF0AE0FDFF1FE1FDFF85
:1044D00033E2FDFF46E3FDFF58E4FDFF69E5FDFF24
:1044E00079E6FDFF89E7FDFF97E8FDFFA5E9FDFF00
:1044F000B2EAFDFFBEEBFDFFC9ECFDFFD3EDFDFF12
:10450000DDEEFDFFE5EFFDFFEDF0FDFFF4F1FDFF5A
:10451000FAF2FDFFFFF3FDFF04F5FDFF07F6FDFFD7
:104520000AF7FDFF0CF8FDFF0DF9FDFF0EFAFDFF88
:104530000DFBFDFF0CFCFDFF0AFDFDFF08FEFDFF6E
:1045400004FFFDFF0000FEFFFB00FEFFF501FEFF84
:10455000EE02FEFFE703FEFFDF04FEFFD605FEFFCF
:10456000CC06FEFFC207FEFFB708FEFFAB09FEFF49
:104570009F0AFEFF910BFEFF830CFEFF750DFEFFF1
:10458000650EFEFF550FFEFF4410FEFF3311FEFFC8
:104590002012FEFF0D13FEFFF913FEFFE514FEFFD0
:1045A000D015FEFFBA16FEFFA417FEFF8D18FEFF02
:1045B0007519FEFF5C1AFEFF431BFEFF291CFEFF60
:1045C0000F1DFEFFF41DFEFFD81EFEFFBB1FFEFFEA
:1045D0009E20FEFF8021FEFF6222FEFF4323FEFF9E
:1045E0002324FEFF0325FEFFE225FEFFC026FEFF7B
:1045F0009E27FEFF7B28FEFF5729FEFF332AFEFF82
:104600000E2BFEFFE92BFEFFC32CFEFF9C2DFEFFB1
:10461000752EFEFF4D2FFEFF2530FEFFFC30FEFF06
:10462000D231FEFFA832FEFF7D33FEFF5234FEFF83
:104630002635FEFFFA35FEFFCC36FEFF9F37FEFF24
:104640007138FEFF4239FEFF123AFEFFE23AFEFFEA
:10465000B23BFEFF813CFEFF4F3DFEFF1D3EFEFFD5
:10466000EA3EFEFFB73FFEFF8340FEFF4E41FEFFE6
:104670001942FEFFE442FEFFAE43FEFF7744FEFF19
:104680004045FEFF0946FEFFD046FEFF9847FEFF6D
:104690005E48FEFF2549FEFFEA49FEFFB04AFEFFE5
:1046A000744BFEFF384CFEFFFC4CFEFFBF4DFEFF7F
:1046B000824EFEFF444FFEFF0650FEFFC750FEFF36
:1046C0008851FEFF4852FEFF0753FEFFC653FEFF10
:1046D0008554FEFF4355FEFF0156FEFFBE56FEFF0A
:1046E0007B57FEFF3758FEFFF358FEFFAE59FEFF23
:1046F000695AFEFF235BFEFFDD5BFEFF975CFEFF5A
:10470000505DFEFF085EFEFFC05EFEFF785FFEFFAD
:104710002F60FEFFE660FEFF9C61FEFF5262FEFF1F
:104720000763FEFFBC63FEFF7064FEFF2465FEFFAF
:10473000D865FEFF8B66FEFF3D67FEFFEF67FEFF5D
:10474000A168FEFF5369FEFF036AFEFFB46AFEFF25
:10475000646BFEFF146CFEFFC36CFEFF726DFEFF08
:10476000206EFEFFCE6EFEFF7B6FFEFF2870FEFF09
:10477000D570FEFF8171FEFF2D72FEFFD972FEFF24
:104780008473FEFF2E74FEFFD974FEFF8275FEFF58
:104790002C76FEFFD576FEFF7E77FEFF2678FEFFA5
:1047A000CE78FEFF7579FEFF1C7AFEFFC37AFEFF0E
:1047B000697BFEFF0F7CFEFFB47CFEFF5A7DFEFF8F
:1047C000FE7DFEFFA37EFEFF477FFEFFEA7FFEFF2A
:1047D0008D80FEFF3081FEFFD381FEFF7582FEFFDC
:1047E0001783FEFFB883FEFF5984FEFFFA84FEFFA5
:1047F0009A85FEFF3A86FEFFD986FEFF7987FEFF87
:104800001788FEFFB688FEFF5489FEFFF289FEFF7F
:104810008F8AFEFF2C8BFEFFC98BFEFF658CFEFF8F
:10482000018DFEFF9D8DFEFF388EFEFFD38EFEFFB5
:104830006E8FFEFF0890FEFFA290FEFF3C91FEFFF0
:10484000D591FEFF6E92FEFF0693FEFF9F93FEFF43
:104850003794FEFFCE94FEFF6695FEFFFD95FEFFAA
:104860009396FEFF2997FEFFBF97FEFF5598FEFF28
:10487000EA98FEFF7F99FEFF149AFEFFA89AFEFFBA
:104880003C9BFEFFD09BFEFF649CFEFFF79CFEFF5F
:104890008A9DFEFF1C9EFEFFAE9EFEFF409FFEFF18
:1048A000D29FFEFF63A0FEFFF4A0FEFF84A1FEFFE7
:1048B00015A2FEFFA5A2FEFF34A3FEFFC4A3FEFFC8
:1048C00053A4FEFFE2A4FEFF70A5FEFFFFA5FEFFBE
:1048D0008DA6FEFF1AA7FEFFA8A7FEFF35A8FEFFC4
:1048E000C1A8FEFF4EA9FEFFDAA9FEFF66AAFEFFE1
:1048F000F2AAFEFF7DABFEFF08ACFEFF93ACFEFF0D
:104900001DADFEFFA8ADFEFF31AEFEFFBBAEFEFF4C
:1049100044AFFEFFCEAFFEFF56B0FEFFDFB0FEFF9E
:1049200067B1FEFFEFB1FEFF77B2FEFFFEB2FEFF02
:1049300086B3FEFF0CB4FEFF93B4FEFF1AB5FEFF74
:10494000A0B5FEFF25B6FEFFABB6FEFF30B7FEFFFB
:10495000B5B7FEFF3AB8FEFFBFB8FEFF43B9FEFF92
:10496000C7B9FEFF4BBAFEFFCEBAFEFF52BBFEFF39
:10497000D5BBFEFF57BCFEFFDABCFEFF5CBDFEFFF1
:10498000DEBDFEFF60BEFEFFE1BEFEFF62BFFEFFBA
:10499000E3BFFEFF64C0FEFFE5C0FEFF65C1FEFF92
:1049A000E5C1FEFF65C2FEFFE4C2FEFF63C3FEFF7A
:1049B000E3C3FEFF61C4FEFFE0C4FEFF5EC5FEFF71
:1049C000DCC5FEFF5AC6FEFFD8C6FEFF55C7FEFF78
:1049D000D2C7FEFF4FC8FEFFCCC8FEFF48C9FEFF8E
:1049E000C4C9FEFF40CAFEFFBCCAFEFF38CBFEFFB3
:1049F000B3CBFEFF2ECCFEFFA9CCFEFF23CDFEFFE6
:104A00009ECDFEFF18CEFEFF92CEFEFF0CCFFEFF26
:104A100085CFFEFFFECFFEFF77D0FEFFF0D0FEFF7A
:104A200069D1FEFFE1D1FEFF59D2FEFFD1D2FEFFD8
:104A300049D3FEFFC0D3FEFF38D4FEFFAFD4FEFF44
:104A400026D5FEFF9CD5FEFF13D6FEFF89D6FEFFBE
:104A5000FFD6FEFF75D7FEFFEBD7FEFF60D8FEFF47
:104A6000D5D8FEFF4AD9FEFFBFD9FEFF33DAFEFFDD
:104A7000A8DAFEFF1CDBFEFF90DBFEFF04DCFEFF7E
:104A800077DCFEFFEBDCFEFF5EDDFEFFD1DDFEFF2F
:104A900044DEFEFFB6DEFEFF28DFFEFF9BDFFEFFEB
:104AA0000DE0FEFF7EE0FEFFF0E0FEFF61E1FEFFB5
:104AB000D2E1FEFF43E2FEFFB4E2FEFF25E3FEFF8C
:104AC00095E3FEFF05E4FEFF75E4FEFFE5E4FEFF6F
:104AD00055E5FEFFC4E5FEFF34E6FEFFA3E6FEFF5C
:104AE00012E7FEFF80E7FEFFEFE7FEFF5DE8FEFF57
:104AF000CBE8FEFF39E9FEFFA7E9FEFF15EAFEFF5E
:104B000082EAFEFFEFEAFEFF5CEBFEFFC9EBFEFF71
:104B100036ECFEFFA2ECFEFF0FEDFEFF7BEDFEFF8D
:104B2000E7EDFEFF53EEFEFFBEEEFEFF2AEFFEFFB7
:104B300095EFFEFF00F0FEFF6BF0FEFFD6F0FEFFEC
:104B400040F1FEFFABF1FEFF15F2FEFF7FF2FEFF2C
:104B5000E9F2FEFF53F3FEFFBCF3FEFF26F4FEFF77
:104B60008FF4FEFFF8F4FEFF61F5FEFFC9F5FEFFCE
:104B700032F6FEFF9AF6FEFF03F7FEFF6BF7FEFF2D
:104B8000D3F7FEFF3AF8FEFFA2F8FEFF09F9FEFF99
:104B900070F9FEFFD7F9FEFF3EFAFEFFA5FAFEFF11
:104BA0000CFBFEFF72FBFEFFD8FBFEFF3EFCFEFF90
:104BB000A4FCFEFF0AFDFEFF70FDFEFFD5FDFEFF1B
:104BC0003BFEFEFFA0FEFEFF05FFFEFF6AFFFEFFAD
:104BD000CEFFFEFF3300FFFF9700FFFFFB00FFFF4C
:104BE0005F01FFFFC301FFFF2702FFFF8B02FFFFF3
:104BF000EE02FFFF5103FFFFB503FFFF1804FFFFA5
:104C00007B04FFFFDD04FFFF4005FFFFA205FFFF60
:104C10000406FFFF6706FFFFC906FFFF2A07FFFF25
:104C20008C07FFFFEE07FFFF4F08FFFFB008FFFFF5
:104C30001109FFFF7209FFFFD309FFFF340AFFFFCD
:104C4000940AFFFFF50AFFFF550BFFFFB50BFFFFAF
:104C5000150CFFFF750CFFFFD50CFFFF340DFFFF98
:104C6000940DFFFFF30DFFFF520EFFFFB10EFFFF8C
:104C7000100FFFFF6F0FFFFFCD0FFFFF2C10FFFF87
:104C80008A10FFFFE810FFFF4611FFFFA411FFFF8E
:104C90000212FFFF5F12FFFFBD12FFFF1A13FFFF9B
:104CA0007813FFFFD513FFFF3214FFFF8F14FFFFB0
:104CB000EB14FFFF4815FFFFA415FFFF0116FFFFD0
:104CC0005D16FFFFB916FFFF1517FFFF7117FFFFF6
:104CD000CC17FFFF2818FFFF8318FFFFDF18FFFF27
:104CE0003A19FFFF9519FFFFF019FFFF4B1AFFFF5D
:104CF000A51AFFFF001BFFFF5A1BFFFFB51BFFFF9D
:104D00000F1CFFFF691CFFFFC31CFFFF1D1DFFFFE2
:104D1000761DFFFFD01DFFFF291EFFFF831EFFFF33
:104D2000DC1EFFFF351FFFFF8E1FFFFFE71FFFFF8A
:104D30003F20FFFF9820FFFFF020FFFF4921FFFFEA
:104D4000A121FFFFF921FFFF5122FFFFA922FFFF51
:104D50000123FFFF5923FFFFB023FFFF0824FFFFBC
:104D60005F24FFFFB624FFFF0D25FFFF6425FFFF33
:104D7000BB25FFFF1226FFFF6826FFFFBF26FFFFB0
:104D80001527FFFF6C27FFFFC227FFFF1828FFFF33
:104D90006E28FFFFC428FFFF1929FFFF6F29FFFFBF
:104DA000C529FFFF1A2AFFFF6F2AFFFFC52AFFFF51
:104DB0001A2BFFFF6F2BFFFFC32BFFFF182CFFFFEA
:104DC0006D2CFFFFC12CFFFF162DFFFF6A2DFFFF8B
:104DD000BE2DFFFF132EFFFF672EFFFFBA2EFFFF32
:104DE0000E2FFFFF622FFFFFB62FFFFF0930FFFFDF
:104DF0005C30FFFFB030FFFF0331FFFF5631FFFF94
:104E0000A931FFFFFC31FFFF4F32FFFFA132FFFF4F
:104E1000F432FFFF4633FFFF9933FFFFEB33FFFF11
:104E20003D34FFFF8F34FFFFE134FFFF3335FFFFD9
:104E30008535FFFFD635FFFF2836FFFF7936FFFFA8
:104E4000CB36FFFF1C37FFFF6D37FFFFBE37FFFF7D
:104E50000F38FFFF6038FFFFB138FFFF0239FFFF57
:104E60005239FFFFA339FFFFF339FFFF433AFFFF3A
:104E7000943AFFFFE43AFFFF343BFFFF843BFFFF20
:104E8000D33BFFFF233CFFFF733CFFFFC23CFFFF10
:104E9000123DFFFF613DFFFFB03DFFFF003EFFFF02
:104EA0004F3EFFFF9E3EFFFFED3EFFFF3B3FFFFFFC
:104EB0008A3FFFFFD93FFFFF2740FFFF7640FFFFFC
:104EC000C440FFFF1241FFFF6141FFFFAF41FFFF01
:104ED000FD41FFFF4B42FFFF9842FFFFE642FFFF0D
:104EE0003443FFFF8143FFFFCF43FFFF1C44FFFF1D
:104EF0006A44FFFFB744FFFF0445FFFF5145FFFF32
:104F00009E45FFFFEB45FFFF3846FFFF8446FFFF4E
:104F1000D146FFFF1D47FFFF6A47FFFFB647FFFF70
:104F20000248FFFF4F48FFFF9B48FFFFE748FFFF96
:104F30003349FFFF7F49FFFFCA49FFFF164AFFFFC2
:104F4000624AFFFFAD4AFFFFF94AFFFF444BFFFFF4
:104F50008F4BFFFFDA4BFFFF264CFFFF714CFFFF2B
:104F6000BC4CFFFF064DFFFF514DFFFF9C4DFFFF67
:104F7000E74DFFFF314EFFFF7C4EFFFFC64EFFFFA8
:104F8000104FFFFF5B4FFFFFA54FFFFFEF4FFFFFEE
:104F90003950FFFF8350FFFFCD50FFFF1651FFFF39
:104FA0006051FFFFAA51FFFFF351FFFF3D52FFFF8A
:104FB0008652FFFFCF52FFFF1953FFFF6253FFFFDF
:104FC000AB53FFFFF453FFFF3D54FFFF8654FFFF39
:104FD000CE54FFFF1755FFFF6055FFFFA855FFFF99
:104FE000F155FFFF3956FFFF8256FFFFCA56FFFFFC
:104FF0001257FFFF5A57FFFFA257FFFFEA57FFFF65
:105000003258FFFF7A58FFFFC258FFFF0959FFFFD0
:105010005159FFFF9859FFFFE059FFFF275AFFFF43
:105020006F5AFFFFB65AFFFFFD5AFFFF445BFFFFB9
:105030008B5BFFFFD25BFFFF195CFFFF605CFFFF34
:10504000A75CFFFFED5CFFFF345DFFFF7B5DFFFFB3
:10505000C15DFFFF075EFFFF4E5EFFFF945EFFFF37
:10506000DA5EFFFF205FFFFF675FFFFFAD5FFFFFBF
:10507000F35FFFFF3860FFFF7E60FFFFC460FFFF4C
:105080000A61FFFF4F61FFFF9561FFFFDA61FFFFDC
:105090002062FFFF6562FFFFAA62FFFFF062FFFF71
:1050A0003563FFFF7A63FFFFBF63FFFF0464FFFF09
:1050B0004964FFFF8E64FFFFD264FFFF1765FFFFA7
:1050C0005C65FFFFA065FFFFE565FFFF2966FFFF49
:1050D0006E66FFFFB266FFFFF666FFFF3A67FFFFEF
:1050E0007E67FFFFC367FFFF0768FFFF4B68FFFF97
:1050F0008E68FFFFD268FFFF1669FFFF5A69FFFF46
:105100009D69FFFFE169FFFF246AFFFF686AFFFFF7
:10511000AB6AFFFFEF6AFFFF326BFFFF756BFFFFAC
:10512000B86BFFFFFB6BFFFF3E6CFFFF816CFFFF67
:10513000C46CFFFF076DFFFF4A6DFFFF8D6DFFFF22
:10514000CF6DFFFF126EFFFF556EFFFF976EFFFFE3
:10515000DA6EFFFF1C6FFFFF5E6FFFFFA16FFFFFA7
:10516000E36FFFFF2570FFFF6770FFFFA970FFFF70
:10517000EB70FFFF2D71FFFF6F71FFFFB171FFFF3C
:10518000F371FFFF3472FFFF7672FFFFB872FFFF0B
:10519000F972FFFF3B73FFFF7C73FFFFBD73FFFFDF
:1051A000FF73FFFF4074FFFF8174FFFFC274FFFFB6
:1051B0000475FFFF4575FFFF8675FFFFC775FFFF8D
:1051C0000776FFFF4876FFFF8976FFFFCA76FFFF6D
:1051D0000A77FFFF4B77FFFF8C77FFFFCC77FFFF4E
:1051E0000D78FFFF4D78FFFF8D78FFFFCE78FFFF32
:1051F0000E79FFFF4E79FFFF8E79FFFFCE79FFFF1B
:105200000F7AFFFF4F7AFFFF8E7AFFFFCE7AFFFF04
:105210000E7BFFFF4E7BFFFF8E7BFFFFCD7BFFFFF3
:105220000D7CFFFF4D7CFFFF8C7CFFFFCC7CFFFFE4
:105230000B7DFFFF4B7DFFFF8A7DFFFFC97DFFFFD9
:10524000087EFFFF487EFFFF877EFFFFC67EFFFFD1
:10525000057FFFFF447FFFFF837FFFFFC27FFFFFCC
:105260000180FFFF3F80FFFF7E80FFFFBD80FFFFCB
:10527000FC80FFFF3A81FFFF7981FFFFB781FFFFCD
:10528000F681FFFF3482FFFF7382FFFFB182FFFFD1
:10529000EF82FFFF2D83FFFF6C83FFFFAA83FFFFD9
:1052A000E883FFFF2684FFFF6484FFFFA284FFFFE3
:1052B000E084FFFF1E85FFFF5C85FFFF9985FFFFF0
:1052C000D785FFFF1586FFFF5286FFFF9086FFFF01
:1052D000CE86FFFF0B87FFFF4887FFFF8687FFFF14
:1052E000C387FFFF0188FFFF3E88FFFF7B88FFFF2A
:1052F000B888FFFFF688FFFF3389FFFF7089FFFF43
:10530000AD89FFFFEA89FFFF278AFFFF648AFFFF5D
:10531000A08AFFFFDD8AFFFF1A8BFFFF578BFFFF7D
:10532000938BFFFFD08BFFFF0D8CFFFF498CFFFF9E
:10533000868CFFFFC28CFFFFFF8CFFFF3B8DFFFFC2
:10534000778DFFFFB48DFFFFF08DFFFF2C8EFFFFE9
:10535000688EFFFFA48EFFFFE18EFFFF1D8FFFFF12
:10536000598FFFFF958FFFFFD18FFFFF0C90FFFF3D
:105370004890FFFF8490FFFFC090FFFFFC90FFFF6D
:105380003791FFFF7391FFFFAF91FFFFEA91FFFF9E
:105390002692FFFF6192FFFF9D92FFFFD892FFFFD1
:1053A0001493FFFF4F93FFFF8A93FFFFC593FFFF07
:1053B0000194FFFF3C94FFFF7794FFFFB294FFFF3F
:1053C000ED94FFFF2895FFFF6395FFFF9E95FFFF7C
:1053D000D995FFFF1496FFFF4F96FFFF8A96FFFFB8
:1053E000C496FFFFFF96FFFF3A97FFFF7597FFFFF9
:1053F000AF97FFFFEA97FFFF2498FFFF5F98FFFF3B
:105400009998FFFFD498FFFF0E99FFFF4999FFFF7E
:105410008399FFFFBD99FFFFF899FFFF329AFFFFC5
:105420006C9AFFFFA69AFFFFE09AFFFF1A9BFFFF0F
:10543000549BFFFF8E9BFFFFC89BFFFF029CFFFF5B
:105440003C9CFFFF769CFFFFB09CFFFFEA9CFFFFA8
:10545000249DFFFF5D9DFFFF979DFFFFD19DFFFFF7
:105460000A9EFFFF449EFFFF7E9EFFFFB79EFFFF49
:10547000F19EFFFF2A9FFFFF649FFFFF9D9FFFFF9D
:10548000D69FFFFF10A0FFFF49A0FFFF82A0FFFFF4
:10549000BBA0FFFFF5A0FFFF2EA1FFFF67A1FFFF4D
:1054A000A0A1FFFFD9A1FFFF12A2FFFF4BA2FFFFA8
:1054B00084A2FFFFBDA2FFFFF6A2FFFF2FA3FFFF05
:1054C00068A3FFFFA1A3FFFFD9A3FFFF12A4FFFF63
:1054D0004BA4FFFF84A4FFFFBCA4FFFFF5A4FFFFC4
:1054E0002EA5FFFF66A5FFFF9FA5FFFFD7A5FFFF26
:1054F00010A6FFFF48A6FFFF81A6FFFFB9A6FFFF8A
:10550000F1A6FFFF2AA7FFFF62A7FFFF9AA7FFFFF1
:10551000D3A7FFFF0BA8FFFF43A8FFFF7BA8FFFF58
:10552000B3A8FFFFEBA8FFFF23A9FFFF5BA9FFFFC5
:1055300093A9FFFFCBA9FFFF03AAFFFF3BAAFFFF31
:1055400073AAFFFFABAAFFFFE3AAFFFF1BABFFFF9E
:1055500052ABFFFF8AABFFFFC2ABFFFFFAABFFFF0F
:1055600031ACFFFF69ACFFFFA1ACFFFFD8ACFFFF80
:1055700010ADFFFF47ADFFFF7FADFFFFB6ADFFFFF3
:10558000EEADFFFF25AEFFFF5CAEFFFF94AEFFFF69
:10559000CBAEFFFF02AFFFFF3AAFFFFF71AFFFFFE0
:1055A000A8AFFFFFDFAFFFFF17B0FFFF4EB0FFFF59
:1055B00085B0FFFFBCB0FFFFF3B0FFFF2AB1FFFFD4
:1055C00061B1FFFF98B1FFFFCFB1FFFF06B2FFFF50
:1055D0003DB2FFFF74B2FFFFABB2FFFFE2B2FFFFCD
:1055E00018B3FFFF4FB3FFFF86B3FFFFBDB3FFFF4D
:1055F000F3B3FFFF2AB4FFFF61B4FFFF97B4FFFFCF
:10560000CEB4FFFF05B5FFFF3BB5FFFF72B5FFFF4F
:10561000A8B5FFFFDFB5FFFF15B6FFFF4CB6FFFFD4
:1056200082B6FFFFB8B6FFFFEFB6FFFF25B7FFFF5B
:105630005BB7FFFF92B7FFFFC8B7FFFFFEB7FFFFE3
:1056400034B8FFFF6BB8FFFFA1B8FFFFD7B8FFFF6B
:105650000DB9FFFF43B9FFFF79B9FFFFAFB9FFFFF6
:10566000E6B9FFFF1CBAFFFF52BAFFFF88BAFFFF7F
:10567000BDBAFFFFF3BAFFFF29BBFFFF5FBBFFFF10
:1056800095BBFFFFCBBBFFFF01BCFFFF37BCFFFF9C
:105690006CBCFFFFA2BCFFFFD8BCFFFF0EBDFFFF2D
:1056A00043BDFFFF79BDFFFFAFBDFFFFE4BDFFFFBF
:1056B0001ABEFFFF4FBEFFFF85BEFFFFBABEFFFF52
:1056C000F0BEFFFF25BFFFFF5BBFFFFF90BFFFFFE7
:1056D000C6BFFFFFFBBFFFFF31C0FFFF66C0FFFF7C
:1056E0009BC0FFFFD1C0FFFF06C1FFFF3BC1FFFF13
:1056F00071C1FFFFA6C1FFFFDBC1FFFF10C2FFFFAB
:1057000046C2FFFF7BC2FFFFB0C2FFFFE5C2FFFF43
:105710001AC3FFFF4FC3FFFF84C3FFFFB9C3FFFFDF
:10572000EEC3FFFF23C4FFFF58C4FFFF8DC4FFFF7C
:10573000C2C4FFFFF7C4FFFF2CC5FFFF61C5FFFF19
:1057400096C5FFFFCBC5FFFF00C6FFFF35C6FFFFB5
:1057500069C6FFFF9EC6FFFFD3C6FFFF08C7FFFF56
:105760003DC7FFFF71C7FFFFA6C7FFFFDBC7FFFFF6
:105770000FC8FFFF44C8FFFF79C8FFFFADC8FFFF98
:10578000E2C8FFFF17C9FFFF4BC9FFFF80C9FFFF3A
:10579000B4C9FFFFE9C9FFFF1DCAFFFF52CAFFFFDF
:1057A00086CAFFFFBBCAFFFFEFCAFFFF23CBFFFF85
:1057B00058CBFFFF8CCBFFFFC1CBFFFFF5CBFFFF2B
:1057C00029CCFFFF5ECCFFFF92CCFFFFC6CCFFFFD2
:1057D000FACCFFFF2FCDFFFF63CDFFFF97CDFFFF7B
:1057E000CBCDFFFF00CEFFFF34CEFFFF68CEFFFF23
:1057F0009CCEFFFFD0CEFFFF04CFFFFF38CFFFFFCF
:105800006CCFFFFFA1CFFFFFD5CFFFFF09D0FFFF78
:105810003DD0FFFF71D0FFFFA5D0FFFFD9D0FFFF24
:105820000DD1FFFF41D1FFFF74D1FFFFA8D1FFFFD2
:10583000DCD1FFFF10D2FFFF44D2FFFF78D2FFFF81
:10584000ACD2FFFFE0D2FFFF13D3FFFF47D3FFFF30
:105850007BD3FFFFAFD3FFFFE3D3FFFF16D4FFFFE0
:105860004AD4FFFF7ED4FFFFB2D4FFFFE5D4FFFF91
:1058700019D5FFFF4DD5FFFF80D5FFFFB4D5FFFF42
:10588000E7D5FFFF1BD6FFFF4FD6FFFF82D6FFFFF6
:10589000B6D6FFFFE9D6FFFF1DD7FFFF51D7FFFFA9
:1058A00084D7FFFFB8D7FFFFEBD7FFFF1FD8FFFF5D
:1058B00052D8FFFF86D8FFFFB9D8FFFFECD8FFFF13
:1058C00020D9FFFF53D9FFFF87D9FFFFBAD9FFFFC8
:1058D000EDD9FFFF21DAFFFF54DAFFFF88DAFFFF7F
:1058E000BBDAFFFFEEDAFFFF22DBFFFF55DBFFFF36
:1058F00088DBFFFFBBDBFFFFEFDBFFFF22DCFFFFEF
:1059000055DCFFFF88DCFFFFBCDCFFFFEFDCFFFFA7
:1059100022DDFFFF55DDFFFF88DDFFFFBCDDFFFF60
:10592000EFDDFFFF22DEFFFF55DEFFFF88DEFFFF1A
:10593000BBDEFFFFEEDEFFFF22DFFFFF55DFFFFFD5
:1059400088DFFFFFBBDFFFFFEEDFFFFF21E0FFFF90
:1059500054E0FFFF87E0FFFFBAE0FFFFEDE0FFFF4D
:1059600020E1FFFF53E1FFFF86E1FFFFB9E1FFFF09
:10597000ECE1FFFF1FE2FFFF52E2FFFF85E2FFFFC6
:10598000B8E2FFFFEBE2FFFF1DE3FFFF50E3FFFF85
:1059900083E3FFFFB6E3FFFFE9E3FFFF1CE4FFFF44
:1059A0004FE4FFFF82E4FFFFB4E4FFFFE7E4FFFF03
:1059B0001AE5FFFF4DE5FFFF80E5FFFFB3E5FFFFC1
:1059C000E5E5FFFF18E6FFFF4BE6FFFF7EE6FFFF82
:1059D000B0E6FFFFE3E6FFFF16E7FFFF49E7FFFF43
:1059E0007BE7FFFFAEE7FFFFE1E7FFFF14E8FFFF04
:1059F00046E8FFFF79E8FFFFACE8FFFFDEE8FFFFC6
:105A000011E9FFFF44E9FFFF76E9FFFFA9E9FFFF86
:105A1000DCE9FFFF0EEAFFFF41EAFFFF73EAFFFF49
:105A2000A6EAFFFFD9EAFFFF0BEBFFFF3EEBFFFF0C
:105A300070EBFFFFA3EBFFFFD6EBFFFF08ECFFFFD0
:105A40003BECFFFF6DECFFFFA0ECFFFFD2ECFFFF94
:105A500005EDFFFF38EDFFFF6AEDFFFF9DEDFFFF56
:105A6000CFEDFFFF02EEFFFF34EEFFFF67EEFFFF1B
:105A700099EEFFFFCCEEFFFFFEEEFFFF31EFFFFFE1
:105A800063EFFFFF96EFFFFFC8EFFFFFFBEFFFFFA6
:105A90002DF0FFFF5FF0FFFF92F0FFFFC4F0FFFF6C
:105AA000F7F0FFFF29F1FFFF5CF1FFFF8EF1FFFF31
:105AB000C0F1FFFFF3F1FFFF25F2FFFF58F2FFFFF8
:105AC0008AF2FFFFBDF2FFFFEFF2FFFF21F3FFFFBE
:105AD00054F3FFFF86F3FFFFB8F3FFFFEBF3FFFF85
:105AE0001DF4FFFF50F4FFFF82F4FFFFB4F4FFFF4B
:105AF000E7F4FFFF19F5FFFF4BF5FFFF7EF5FFFF12
:105B0000B0F5FFFFE2F5FFFF15F6FFFF47F6FFFFD9
:105B100079F6FFFFACF6FFFFDEF6FFFF10F7FFFFA1
:105B200043F7FFFF75F7FFFFA7F7FFFFDAF7FFFF68
:105B30000CF8FFFF3EF8FFFF71F8FFFFA3F8FFFF2F
:105B4000D5F8FFFF08F9FFFF3AF9FFFF6CF9FFFFF7
:105B50009FF9FFFFD1F9FFFF03FAFFFF35FAFFFFBF
:105B600068FAFFFF9AFAFFFFCCFAFFFFFFFAFFFF88
:105B700031FBFFFF63FBFFFF95FBFFFFC8FBFFFF50
:105B8000FAFBFFFF2CFCFFFF5FFCFFFF91FCFFFF18
:105B9000C3FCFFFFF5FCFFFF28FDFFFF5AFDFFFFE1
:105BA0008CFDFFFFBEFDFFFFF1FDFFFF23FEFFFFAA
:105BB00055FEFFFF88FEFFFFBAFEFFFFECFEFFFF72
:105BC0001EFFFFFF51FFFFFF83FFFFFFB5FFFFFF3A
:105BD000E7FFFFFF190000004B0000007D00000000
:105BE000AF000000E20000001401000046010000C8
:105BF00078010000AB010000DD0100000F02000091
:105C00004202000074020000A6020000D802000058
:105C10000B0300003D0300006F030000A103000020
:105C2000D403000006040000380400006B040000E8
:105C30009D040000CF0400000105000034050000B1
:105C40006605000098050000CB050000FD0500007A
:105C50002F0600006106000094060000C606000042
:105C6000F80600002B0700005D0700008F0700000A
:105C7000C2070000F40700002608000059080000D1
:105C80008B080000BD080000F00800002209000099
:105C90005409000087090000B9090000EB09000061
:105CA0001E0A0000500A0000820A0000B50A000027
:105CB000E70A0000190B00004C0B00007E0B0000EF
:105CC000B00B0000E30B0000150C0000480C0000B6
:105CD0007A0C0000AC0C0000DF0C0000110D00007D
:105CE000430D0000760D0000A80D0000DB0D000044
:105CF0000D0E0000400E0000720E0000A40E000009
:105D0000D70E0000090F00003C0F00006E0F0000CE
:105D1000A10F0000D30F0000051000003810000094
:105D20006A1000009D100000CF100000021100005A
:105D3000341100006711000099110000CC1100001F
:105D4000FE110000311200006312000096120000E4
:105D5000C8120000FB1200002E13000060130000A8
:105D600093130000C5130000F81300002A1400006C
:105D70005D14000090140000C2140000F51400002F
:105D8000271500005A1500008D150000BF150000F2
:105D9000F215000024160000571600008A160000B5
:105DA000BC160000EF160000221700005417000078
:105DB00087170000BA170000EC1700001F1800003A
:105DC0005218000085180000B7180000EA180000FB
:105DD0001D1900005019000082190000B5190000BB
:105DE000E81900001B1A00004D1A0000801A00007C
:105DF000B31A0000E61A0000191B00004C1B00003B
:105E00007E1B0000B11B0000E41B0000171C0000FB
:105E10004A1C00007D1C0000B01C0000E31C0000B8
:105E2000151D0000481D00007B1D0000AE1D000078
:105E3000E11D0000141E0000471E00007A1E000035
:105E4000AD1E0000E01E0000131F0000461F0000F2
:105E5000791F0000AC1F0000DF1F000012200000AF
:105E60004520000078200000AB200000DE2000006C
:105E7000122100004521000078210000AB21000024
:105E8000DE210000112200004422000078220000E0
:105E9000AB220000DE22000011230000442300009A
:105EA00078230000AB230000DE2300001124000053
:105EB0004524000078240000AB240000DE2400000C
:105EC000122500004525000078250000AC250000C3
:105ED000DF2500001326000046260000792600007A
:105EE000AD260000E0260000142700004727000030
:105EF0007A270000AE270000E127000015280000E7
:105F0000482800007C280000AF280000E32800009B
:105F1000172900004A2900007E290000B12900004D
:105F2000E5290000192A00004C2A0000802A000000
:105F3000B32A0000E72A00001B2B00004E2B0000B4
:105F4000822B0000B62B0000EA2B00001D2C000065
:105F5000512C0000852C0000B92C0000ED2C000015
:105F6000202D0000542D0000882D0000BC2D0000C5
:105F7000F02D0000242E0000582E00008C2E000072
:105F8000BF2E0000F32E0000272F00005B2F000023
:105F90008F2F0000C32F0000F72F00002B300000D0
:105FA0005F30000094300000C8300000FC3000007A
:105FB000303100006431000098310000CC31000025
:105FC0000032000035320000693200009D320000CE
:105FD000D1320000063300003A3300006E33000077
:105FE000A2330000D73300000B3400003F34000020
:105FF00074340000A8340000DD34000011350000C6
:10600000453500007A350000AE350000E33500006C
:10601000173600004C36000080360000B536000010
:10602000E93600001E3700005337000087370000B4
:10603000BC370000F1370000253800005A38000056
:106040008F380000C3380000F83800002D390000F8
:106050006239000097390000CB390000003A000097
:10606000353A00006A3A00009F3A0000D43A000036
:10607000093B00003E3B0000733B0000A83B0000D2
:10608000DD3B0000123C0000473C00007C3C00006F
:10609000B13C0000E63C00001B3D0000503D00000C
:1060A000853D0000BA3D0000F03D0000253E0000A7
:1060B0005A3E00008F3E0000C53E0000FA3E000040
:1060C0002F3F0000653F00009A3F0000CF3F0000D7
:1060D000054000003A40000070400000A54000006C
:1060E000DB40000010410000464100007B41000001
:1060F000B1410000E64100001C4200005142000096
:1061000087420000BD420000F24200002843000028
:106110005E43000094430000C9430000FF430000B9
:10612000354400006B440000A1440000D744000047
:106130000D4500004345000078450000AE450000D5
:10614000E44500001A460000514600008746000062
:10615000BD460000F3460000294700005F470000ED
:1061600095470000CC470000024800003848000076
:106170006E480000A5480000DB48000011490000FF
:10618000484900007E490000B4490000EB49000086
:10619000214A0000584A00008E4A0000C54A00000B
:1061A000FB4A0000324B0000694B00009F4B00008F
:1061B000D64B00000D4C0000434C00007A4C000010
:1061C000B14C0000E84C00001E4D0000554D000091
:1061D0008C4D0000C34D0000FA4D0000314E000010
:1061E000684E00009F4E0000D64E00000D4F00008C
:1061F000444F00007B4F0000B24F0000E94F000009
:1062000021500000585000008F500000C650000080
:10621000FE500000355100006C510000A4510000F8
:10622000DB510000125200004A520000815200006F
:10623000B9520000F0520000285300005F530000E4
:1062400097530000CF530000065400003E54000056
:1062500076540000AE540000E55400001D550000C7
:10626000555500008D550000C5550000FD55000036
:10627000355600006D560000A5560000DD560000A2
:10628000155700004D57000085570000BD5700000E
:10629000F55700002D580000665800009E58000079
:1062A000D65800000F590000475900007F590000E0
:1062B000B8590000F0590000295A0000615A000046
:1062C0009A5A0000D25A00000B5B0000445B0000A9
:1062D0007C5B0000B55B0000EE5B0000275C00000B
:1062E0005F5C0000985C0000D15C00000A5D00006B
:1062F000435D00007C5D0000B55D0000EE5D0000C8
:10630000275E0000605E0000995E0000D25E000023
:106310000B5F0000455F00007E5F0000B75F00007C
:10632000F05F00002A600000636000009C600000D5
:10633000D66000000F61000049610000826100002A
:10634000BC610000F66100002F620000696200007D
:10635000A3620000DC6200001663000050630000CE
:106360008A630000C4630000FE630000386400001C
:1063700072640000AC640000E66400002065000068
:106380005A65000094650000CE65000008660000B4
:10639000436600007D660000B7660000F2660000FC
:1063A0002C67000067670000A1670000DC67000041
:1063B00016680000516800008B680000C668000085
:1063C000016900003C69000076690000B1690000C5
:1063D000EC690000276A0000626A00009D6A000004
:1063E000D86A0000136B00004E6B0000896B000040
:1063F000C46B0000FF6B00003B6C0000766C00007B
:10640000B16C0000EC6C0000286D0000636D0000B2
:106410009F6D0000DA6D0000166E0000516E0000E6
:106420008D6E0000C96E0000046F0000406F000018
:106430007C6F0000B86F0000F46F00002F70000048
:106440006B700000A7700000E37000001F71000077
:106450005C71000098710000D4710000107200009F
:106460004C72000089720000C572000001730000C8
:106470003E7300007A730000B7730000F3730000EE
:10648000307400006D740000A9740000E674000010
:1064900023750000607500009C750000D975000030
:1064A000167600005376000090760000CD7600004E
:1064B0000A7700004877000085770000C277000067
:1064C000FF7700003D7800007A780000B87800007F
:1064D000F57800003279000070790000AE79000094
:1064E000EB790000297A0000677A0000A47A0000A6
:1064F000E27A0000207B00005E7B00009C7B0000B5
:10650000DA7B0000187C0000567C0000947C0000C0
:10651000D37C0000117D00004F7D00008D7D0000C8
:10652000CC7D00000A7E0000497E0000877E0000CE
:10653000C67E0000047F0000437F0000827F0000D1
:10654000C17F0000FF7F00003E8000007D800000D2
:10655000BC800000FB8000003A81000079810000CF
:10656000B8810000F88100003782000076820000C8
:10657000B5820000F58200003483000074830000BF
:10658000B3830000F38300003384000072840000B2
:10659000B2840000F28400003285000072850000A1
:1065A000B1850000F185000032860000728600008F
:1065B000B2860000F2860000328700007387000078
:1065C000B3870000F387000034880000748800005F
:1065D000B5880000F6880000368900007789000041
:1065E000B8890000F9890000398A00007A8A000021
:1065F000BB8A0000FC8A00003E8B00007F8B0000FD
:10660000C08B0000018C0000438C0000848C0000D3
:10661000C58C0000078D0000488D00008A8D0000A9
:10662000CC8D00000D8E00004F8E0000918E00007A
:10663000D38E0000158F0000578F0000998F000047
:10664000DB8F00001D9000005F900000A290000012
:10665000E49000002691000069910000AB910000D9
:10666000EE9100003192000073920000B69200009B
:10667000F99200003C9300007F930000C293000059
:1066800005940000489400008B940000CE94000014
:10669000119500005595000098950000DC950000CC
:1066A0001F96000063960000A6960000EA96000080
:1066B0002E97000072970000B5970000F997000030
:1066C0003D98000082980000C69800000A990000DA
:1066D0004E99000092990000D79900001B9A000083
:1066E000609A0000A49A0000E99A00002E9B000026
:1066F000729B0000B79B0000FC9B0000419C0000C7
:10670000869C0000CB9C0000109D0000569D000060
:106710009B9D0000E09D0000269E00006B9E0000F7
:10672000B19E0000F69E00003C9F0000829F00008A
:10673000C89F00000DA0000053A0000099A0000019
:10674000E0A0000026A100006CA10000B2A10000A2
:10675000F9A100003FA2000085A20000CCA2000029
:1067600013A3000059A30000A0A30000E7A30000AA
:106770002EA4000075A40000BCA4000003A5000026
:106780004AA5000091A50000D9A5000020A60000A0
:1067900068A60000AFA60000F7A600003EA7000014
:1067A00086A70000CEA7000016A800005EA8000083
:1067B000A6A80000EEA8000036A900007EA90000EF
:1067C000C7A900000FAA000058AA0000A0AA000054
:1067D000E9AA000032AB00007AAB0000C3AB0000B6
:1067E0000CAC000055AC00009EAC0000E7AC000013
:1067F00031AD00007AAD0000C3AD00000DAE000069
:1068000056AE0000A0AE0000EAAE000033AF0000BC
:106810007DAF0000C7AF000011B000005BB000000A
:10682000A5B00000F0B000003AB1000084B1000053
:10683000CFB1000019B2000064B20000AFB2000096
:10684000FAB2000044B300008FB30000DAB30000D6
:1068500026B4000071B40000BCB4000007B500000D
:1068600053B500009EB50000EAB5000036B6000042
:1068700081B60000CDB6000019B7000065B7000072
:10688000B1B70000FEB700004AB8000096B800009B
:10689000E3B800002FB900007CB90000C8B90000BF
:1068A00015BA000062BA0000AFBA0000FCBA0000DE
:1068B00049BB000096BB0000E4BB000031BC0000F7
:1068C0007FBC0000CCBC00001ABD000068BD000009
:1068D000B5BD000003BE000051BE00009FBE000019
:1068E000EEBE00003CBF00008ABF0000D9BF000020
:1068F00027C0000076C00000C5C0000013C1000022
:1069000062C10000B1C1000000C2000050C200001E
:106910009FC20000EEC200003EC300008DC3000015
:10692000DDC300002DC400007CC40000CCC4000006
:106930001CC500006CC50000BDC500000DC60000F0
:106940005DC60000AEC60000FEC600004FC70000D6
:10695000A0C70000F1C7000042C8000093C80000B3
:10696000E4C8000035C9000087C90000D8C900008C
:106970002ACA00007BCA0000CDCA00001FCB00005D
:1069800071CB0000C3CB000015CC000067CC000029
:10699000BACC00000CCD00005FCD0000B1CD0000EE
:1069A00004CE000057CE0000AACE0000FDCE0000AD
:1069B00050CF0000A4CF0000F7CF00004AD0000065
:1069C0009ED00000F2D0000046D1000099D1000016
:1069D000EDD1000042D2000096D20000EAD20000C1
:1069E0003FD3000093D30000E8D300003DD4000063
:1069F00091D40000E6D400003BD5000091D5000002
:106A0000E6D500003BD6000091D60000E7D6000096
:106A10003CD7000092D70000E8D700003ED8000025
:106A200094D80000EBD8000041D9000098D90000AC
:106A3000EED9000045DA00009CDA0000F3DA00002D
:106A40004ADB0000A1DB0000F8DB000050DC0000A6
:106A5000A7DC0000FFDC000057DD0000AFDD000018
:106A600007DE00005FDE0000B7DE000010DF000080
:106A700068DF0000C1DF000019E0000072E00000E4
:106A8000CBE0000024E100007DE10000D7E1000040
:106A900030E200008AE20000E3E200003DE3000093
:106AA00097E30000F1E300004BE40000A6E40000DF
:106AB00000E500005BE50000B5E5000010E6000021
:106AC0006BE60000C6E6000021E700007DE700005D
:106AD000D8E7000034E800008FE80000EBE8000091
:106AE00047E90000A3E90000FFE900005CEA0000BC
:106AF000B8EA000015EB000071EB0000CEEB0000DF
:106B00002BEC000088EC0000E6EC000043ED0000F8
:106B1000A1ED0000FEED00005CEE0000BAEE00000A
:106B200018EF000076EF0000D4EF000033F0000013
:106B300091F00000F0F000004FF10000AEF1000015
:106B40000DF200006CF20000CCF200002BF300000C
:106B50008BF30000EBF300004BF40000ABF40000FB
:106B60000BF500006CF50000CCF500002DF60000E0
:106B70008EF60000EFF6000050F70000B1F70000BD
:106B800012F8000074F80000D6F8000037F9000091
:106B900099F90000FCF900005EFA0000C0FA00005C
:106BA00023FB000085FB0000E8FB00004BFC00001D
:106BB000AFFC000012FD000075FD0000D9FD0000D3
:106BC0003DFE0000A1FE000005FF000069FF00007F
:106BD000CDFF00003200010096000100FB00010023
:106BE00060010100C50101002B02010090020100BB
:106BF000F60201005C030100C20301002804010049
:106C00008E040100F40401005B050100C2050100CF
:106C10002906010090060100F70601005E07010049
:106C2000C60701002D08010095080100FD080100BC
:106C300066090100CE090100370A01009F0A010020
:106C4000080B0100710B0100DA0B0100440C01007C
:106C5000AD0C0100170D0100810D0100EB0D0100CD
:106C6000550E0100C00E01002A0F0100950F010012
:106C7000001001006B100100D6100100421101004C
:106C8000AD1101001912010085120100F11201007D
:106C90005E130100CA13010037140100A41401009F
:106CA000111501007E150100EB15010059160100B8
:106CB000C716010035170100A317010011180100C4
:106CC00080180100EE1801005D190100CC190100C7
:106CD0003C1A0100AB1A01001B1B01008B1B0100B9
:106CE000FB1B01006B1C0100DB1C01004C1D0100A3
:106CF000BD1D01002E1E01009F1E0100101F01007E
:106D0000821F0100F31F010065200100D82001004F
:106D10004A210100BC2101002F220100A222010012
:106D20001523010089230100FC23010070240100C8
:106D3000E424010058250100CD2501004126010071
:106D4000B62601002B270100A0270100152801000D
:106D50008B2801000129010077290100ED2901009C
:106D6000642A0100DA2A0100512B0100C82B01001E
:106D7000402C0100B72C01002F2D0100A72D010090
:106D80001F2E0100972E0100102F0100892F0100F6
:106D9000023001007B300100F43001006E3101004F
:106DA000E831010062320100DD3201005733010099
:106DB000D23301004D340100C834010044350100D4
:106DC000C03501003C360100B836010034370100FF
:106DD000B13701002E380100AB380100283901001D
:106DE000A6390100243A0100A23A0100203B01002B
:106DF0009F3B01001D3C01009D3C01001C3D01002A
:106E00009B3D01001B3E01009B3E01001B3F01001A
:106E10009C3F01001D4001009E4001001F410100F8
:106E2000A041010022420100A442010026430100CA
:106E3000A94301002B440100AE440100324501008A
:106E4000B545010039460100BD460100414701003A
:106E5000C64701004B480100D048010055490100D8
:106E6000DB490100604A0100E64A01006D4B010068
:106E7000F44B01007A4C0100024D0100894D0100E4
:106E8000114E0100994E0100214F0100AA4F01004F
:106E900032500100BC50010045510100CF510100AA
:106EA00058520100E35201006D530100F8530100F4
:106EB000835401000E5501009A5501002656010029
:106EC000B25601003F570100CB570100585801004E
:106ED000E658010073590100015A0100905A01005F
:106EE0001E5B0100AD5B01003C5C0100CC5C01005D
:106EF0005B5D0100EB5D01007C5E01000C5F010049
:106F00009D5F01002E600100C06001005261010020
:106F1000E461010076620100096301009C630100E5
:106F200030640100C464010058650100EC65010093
:106F30008166010016670100AB670100416801002E
:106F4000D76801006D690100036A01009A6A0100B7
:106F5000326B0100C96B0100616C0100FA6C010029
:106F6000926D01002B6E0100C46E01005E6F010086
:106F7000F86F0100927001002D710100C8710100CD
:106F800063720100FF7201009B73010037740100FE
:106F9000D4740100717501000E760100AC76010019
:106FA0004A770100E977010087780100277901001D
:106FB000C6790100667A0100067B0100A77B01000B
:106FC000487C0100E97C01008B7D01002D7E0100E1
:106FD000D07E0100737F010016800100B98001009E
:106FE0005D81010002820100A68201004C83010044
:106FF000F1830100978401003D850100E4850100D3
:107000008B86010032870100DA8701008288010047
:107010002B890100D48901007E8A0100278B0100A1
:10702000D28B01007C8C0100278D0100D38D0100E3
:107030007F8E01002B8F0100D88F01008590010009
:1070400032910100E09101008E9201003D93010018
:10705000EC9301009C9401004C950100FD9501000A
:10706000AD9601005F97010011980100C3980100DF
:1070700075990100289A0100DC9A0100909B01009B
:10708000449C0100F99C0100AE9D0100649E01003A
:107090001A9F0100D19F010088A0010040A10100BA
:1070A000F8A10100B0A2010069A3010023A401001E
:1070B000DDA4010097A5010052A601000DA7010063
:1070C000C9A7010085A8010042A90100FFA901008C
:1070D000BDAA01007BAB01003AAC0100F9AC010094
:1070E000B8AD010078AE010039AF0100FAAF010080
:1070F000BCB001007EB1010041B2010004B3010047
:10710000C8B301008CB4010050B5010016B60100EF
:10711000DBB60100A2B7010068B8010030B9010078
:10712000F7B90100C0BA010089BB010052BC0100DF
:107130001CBD0100E7BD0100B2BE01007DBF010022
:1071400049C0010016C10100E3C10100B1C2010044
:107150007FC301004EC401001EC50100EEC5010041
:10716000BEC601008FC7010061C8010034C901001B
:1071700006CA0100DACA0100AECB010083CC0100CF
:1071800058CD01002ECE010004CF0100DBCF01005D
:10719000B3D001008BD1010064D201003DD30100C6
:1071A00017D40100F2D40100CDD50100A9D6010009
:1071B00085D7010062D8010040D901001EDA010024
:1071C000FDDA0100DDDB0100BDDC01009EDD010018
:1071D00080DE010062DF010045E0010028E10100DE
:1071E0000CE20100F1E20100D7E30100BDE401007F
:1071F000A4E501008BE6010073E701005CE80100F3
:1072000046E9010030EA01001BEB010007EC010038
:10721000F3EC0100E0ED0100CDEE0100BCEF010058
:10722000ABF001009BF101008BF201007DF3010046
:107230006FF4010061F5010055F6010049F7010006
:107240003EF8010034F901002AFA010021FB010097
:1072500019FC010012FD01000BFE010005FF0100F9
:1072600000000200FC000200F8010200F602020029
:10727000F4030200F3040200F2050200F306020028
:10728000F4070200F6080200F9090200FC0A0200F5
:10729000010C0200060D02000C0E0200130F02008A
:1072A0001B100200231102002D12020037130200EE
:1072B000421402004E1502005B160200691702001C
:1072C0007718020087190200971A0200A81B020013
:1072D000BA1C0200CD1D0200E11E0200F61F0200D2
:1072E0000C210200222202003A2302005224020052
:1072F0006B25020086260200A1270200BD2802009D
:10730000DA290200F82A0200172C0200372D0200A9
:10731000582E02007A2F02009D300200C031020078
:10732000E53202000B340200323502005A36020008
:1073300082370200AC380200D7390200033B02005A
:10734000303C02005E3D02008C3E0200BC3F020069
:10735000ED40020020420200534302008744020035
:10736000BC450200F34602002A48020063490200BD
:107370009C4A0200D74B0200134D0200504E0200FF
:107380008E4F0200CD5002000D5202004F530200FA
:1073900092540200D55502001A57020061580200AB
:1073A000A8590200F05A02003A5C0200855D020012
:1073B000D15E02001E6002006D610200BD6202002B
:1073C0000E64020060650200B366020008680200F5
:1073D0005E690200B56A02000E6C0200676D020071
:1073E000C36E02001F7002007D710200DC72020099
:1073F0003C7402009E75020001770200657802006D
:10740000CB790200327B02009A7C0200047E0200EB
:107410006F7F0200DC8002004A820200B983020012
:107420002A8502009C8602001088020085890200DD
:10743000FB8A0200738C0200ED8D0200688F02004F
:10744000E490020062920200E2930200639502005F
:10745000E596020069980200EF990200769B02000F
:10746000FF9C0200899E020015A00200A3A1020059
:1074700032A30200C3A4020055A60200E9A702003D
:107480007FA9020016AB0200AFAC02004AAE0200B8
:10749000E6AF020084B1020024B30200C5B40200CA
:1074A00069B602000EB80200B4B902005DBB02006A
:1074B00007BD0200B3BE020061C0020011C202009B
:1074C000C2C3020076C502002BC70200E2C8020058
:1074D0009BCA020056CC020013CE0200D2CF02009B
:1074E00092D1020055D3020019D50200E0D6020065
:1074F000A8D8020073DA02003FDC02000EDE0200B0
:10750000DEDF0200B1E1020086E302005DE5020079
:1075100035E7020010E90200EDEA0200CDEC0200BE
:10752000AEEE020092F0020077F202005FF4020079
:107530004AF6020036F8020025FA020016FC0200A4
:1075400009FE0200FEFF0200F6010300F003030043
:10755000ED050300EC070300ED090300F00B030049
:10756000F60D0300FF0F03000A12030017140300B7
:1075700027160300391803004E1A0300661C030087
:10758000801E03009C200300BC220300DD240300B6
:107590000227030029290300532B03007F2D03003A
:1075A000AF2F0300E0310300153403004D36030014
:1075B00087380300C43A0300043D0300473F03003B
:1075C0008D410300D5430300214603006F480300AB
:1075D000C14A0300154D03006D4F0300C85103005D
:1075E0002554030086560300EA580300515B03004C
:1075F000BB5D030029600300996203000D65030071
:1076000084670300FF6903007D6C0300FE6E0300C6
:10761000827103000A740300967603002579030043
:10762000B77B03004D7E0300E680030083830300E5
:1076300024860300C8880300708B03001C8E03009F
:10764000CC9003007F93030036960300F19803006B
:10765000AF9B0300729E030039A1030003A4030043
:10766000D2A60300A4A903007BAC030055AF03001E
:1076700034B2030017B50300FFB70300EABA0300F2
:10768000DABD0300CEC00300C7C30300C4C60300B5
:10769000C5C90300CBCC0300D5CF0300E4D203005F
:1076A000F8D5030010D903002DDC03004EDF0300E2
:1076B00075E20300A0E50300D0E8030005EC030039
:1076C0003FEF03007EF20300C2F503000BF9030055
:1076D00059FC0300ACFF030005030400630604002B
:1076E000C60904002F0D04009D10040010140400AE
:1076F00089170400081B04008D1E040017220400D3
:10770000A62504003C290400D82C0400793004008C
:1077100021340400CE370400823B04003C3F0400C7
:10772000FC420400C24604008F4A0400624E04007A
:107730003B5204001C560400025A0400F05D040091
:10774000E4610400DF650400E1690400EA6D0400FF
:10775000FA710400117604002F7A0400557E0400AB
:1077600082820400B6860400F28A0400358F040089
:1077700080930400D39704002E9C040090A0040082
:10778000FBA404006DA90400E8AD04006BB2040082
:10779000F7B604008ABB040027C00400CCC4040070
:1077A00079C9040030CE0400EFD20400B8D7040039
:1077B00089DC040064E1040049E6040036EB0400BF
:1077C0002DF004002EF5040039FA04004EFF0400E9
:1077D0006C04050095090500C80E05000514050098
:1077E0004D1905009F1E0500FC23050064290500B6
:1077F000D72E050056340500DF390500743F05001B
:1078000014450500C04A0500785005003C560500A7
:107810000C5C0500E8610500D1670500C76D050037
:10782000C9730500D8790500F47F05001D860500A1
:10783000548C050098920500EA9805004B9F0500BE
:10784000B9A5050035AC0500C0B205005AB9050060
:1078500003C00500BBC6050082CD050058D4050055
:107860003FDB050035E205003BE9050052F005006D
:107870007AF70500B2FE0500FB050600560D06006E
:10788000C2140600401C0600D0230600722B06001E
:1078900027330600EF3A0600CA420600B84A06003F
:1078A000BB520600D15A0600FB6206003A6B060086
:1078B0008E730600F77B060075840600098D0600AE
:1078C000B4950600759E06004DA706003CB0060064
:1078D00043B9060062C2060099CB0600E8D4060050
:1078E00051DE0600D4E7060070F1060027FB060013
:1078F000F8040700E50E0700ED1807001223070043
:10790000532D0700B13707002C420700C64C070073
:107910007E570700556207004C6D0700637807002B
:107920009B830700F48E07006F9A07000DA60700DF
:10793000CDB10700B1BD0700BAC90700E8D50700FF
:107940003BE20700B5EE070056FB07001E080800E3
:10795000101508002A2208006F2F0800DE3C0800DE
:107960007A4A080041580800376608005A7408002F
:10797000AD82080030910800E59F0800CBAE0800FA
:10798000E5BD080032CD0800B5DC08006FEC08004A
:1079900060FC0800890C0900ED1C09008B2D090012
:1079A000663E09007E4F0900D56009006D7209002E
:1079B0004684090063960900C4A809006BBB09004E
:1079C0005BCE090094E1090018F50900E8080A00F7
:1079D000081D0A0078310A003A460A00515B0A0085
:1079E000BF700A0085860A00A69C0A0023B30A001D
:1079F00000CA0A003FE10A00E2F80A00EB100B009F
:107A00005E290B003D420B008B5B0B004A750B009F
:107A10007F8F0B002CAA0B0053C50B00FAE00B0064
:107A200023FD0B00D1190C0009370C00CF540C00BA
:107A300026730C0013920C009AB10C00BFD10C00FD
:107A400088F20C00F9130D0019360D00EA580D00EC
:107A5000757C0D00BDA00D00CAC50D00A1EB0D0089
:107A60004A120E00CA390E0029620E006F8B0E00FA
:107A7000A3B50E00CEE00E00F90C0F002B3A0F005C
:107A80006E680F00CD970F0052C80F0006FA0F0066
:107A9000F72C10002F611000BC961000A9CD10002B
:107AA00006061100E13F1100497B11004EB811009C
:107AB00001F7110076371200BD791200EDBD1200FA
:107AC0001A0413005A4C1300C796130078E31300EE
:107AD0008A3214001984140044D814002A2F150087
:107AE000F0881500B9E51500AE451600F9A8160096
:107AF000C70F1700487A1700B2E817003C5B180060
:107B000022D21800A64D19000DCE1900A4531A0058
:107B1000BCDE1A00AF6F1B00D6061C00A9A41C0017
:107B200092491D0010F61D00ABAA1E00F9671F0048
:107B30009F2E200054FF2000DFDA21001FC2220008
:107B40000AB62300B2B7240048C8250024E926005D
:107B5000C51B2800DE61290057BD2A005E302C00BD
:107B60006DBD2D005B672F006E3131006D1F33003E
:107B7000BD35350086793700D6F03900DFA23C00EC
:107B800039983F003EDB4200877846008E7F4A00EE
:107B90008B034F00B01C5400D7E9590002936000DA
:107BA000FF4C6800F85E7100372B7C00653D890052
:107BB000E7629900ABD6AD006F95C800EF0DED0000
:107BC00004BC21018484740158870902783A650352
:107BD00060E22F0AF82100104E210010AC1F0010A7
:107BE0000E230010A6220010DE1D00108C220010B3
:107BF0000A1F001008240010761E00108C220010AE
:107C0000D41D0010565F4472617750617463684EF2
:107C100000000000565F4472617750617463684CE5
:107C20006973740088B5A7007128001059280010E6
:107C30005B280010287C04100000061000000000E3
:107C4000404B03100600525053B4F4A1484B0310AC
:107C50005A5F4D616C6C6F634E6F557365720000B7
:107C60007365745F6D656D626C6F636B5F73697A6A
:107C7000650000007074725F746F5F73686F727478
:107C800070747200536574566F696365566F6C75D6
:107C90006D650000C87C0410020000007D380010F3
:107CA00001380010FD340010B9360010A136001064
:107CB000E9370010D1370010253700103136001099
:107CC000012E001000000000020300000001030567
:107CD00006080A0B0D0E101113141617191A1B1D86
:107CE0001E202122242527292B2D2F3132343637EF
:107CF000393B3C3D3F40424344454748494A4B4C51
:107D00004D4F50515253545455565758595A5B5C25
:107D10005C5D5E5F60606162636364656566676742
:107D20006869696A6B6B6C6D6D6E6E6F7070717186
:107D30007272737374757576767777787879797AE5
:107D40007A7B7B7B7C7C7D7D7E7E7F7F33013301F4
:107D5000340134013501360136013701370138016C
:107D60003801390139013A013B013B013C013C0139
:107D70003D013D013E013F013F0140014001410104
:107D800042014201430143014401440145014601CE
:107D90004601470147014801490149014A014A0199
:107DA0004B014C014C014D014D014E014F014F0162
:107DB000500150015101520152015301530154012C
:107DC00055015501560157015701580158015901F4
:107DD0005A015A015B015B015C015D015D015E01BD
:107DE0005F015F0160016101610162016201630184
:107DF000640164016501660166016701680168014B
:107E000069016A016A016B016C016C016D016E010F
:107E10006E016F01700170017101720172017301D5
:107E2000740174017501760176017701780178019A
:107E300079017A017A017B017C017C017D017E015F
:107E40007E017F0180018101810182018301830123
:107E500084018501850186018701880188018901E6
:107E60008A018A018B018C018D018D018E018F01A8
:107E70008F0190019101920192019301940194016B
:107E80009501960197019701980199019A019A012C
:107E90009B019C019D019D019E019F01A001A001EC
:107EA000A101A201A301A301A401A501A601A601AC
:107EB000A701A801A901A901AA01AB01AC01AD016B
:107EC000AD01AE01AF01B001B001B101B201B3012A
:107ED000B401B401B501B601B701B801B801B901E7
:107EE000BA01BB01BC01BC01BD01BE01BF01C001A3
:107EF000C001C101C201C301C401C401C501C60161
:107F0000C701C801C901C901CA01CB01CC01CD011A
:107F1000CE01CE01CF01D001D101D201D301D301D5
:107F2000D401D501D601D701D801D801D901DA0190
:107F3000DB01DC01DD01DE01DE01DF01E001E10149
:107F4000E201E301E401E501E501E601E701E80101
:107F5000E901EA01EB01EC01ED01ED01EE01EF01B8
:107F6000F001F101F201F301F401F501F601F6016E
:107F7000F701F801F901FA01FB01FC01FD01FE0125
:107F8000FF010002010201020202030204020502D3
:107F900006020702080209020A020B020C020D0285
:107FA0000E020F021002100211021202130214023A
:107FB000150216021702180219021A021B021C02ED
:107FC0001D021E021F02200221022202230224029D
:107FD000250226022702280229022A022B022C024D
:107FE0002D022E022F0230023102320233023402FD
:107FF000350236023702380239023A023B023C02AD
:108000003D023E023F02400241024202440245025A
:1080100046024702480249024A024B024C024D0204
:108020004E024F02500251025202530254025602B3
:108030005702580259025A025B025C025D025E025C
:108040005F02600262026302640265026602670206
:10805000680269026A026C026D026E026F027002AF
:108060007102720273027502760277027802790257
:108070007A027B027D027E027F02800281028202FE
:108080008402850286028702880289028B028C02A2
:108090008D028E028F029002920293029402950248
:1080A0009602980299029A029B029C029E029F02EB
:1080B000A002A102A202A402A502A602A702A9028E
:1080C000AA02AB02AC02AE02AF02B002B102B2022F
:1080D000B402B502B602B702B902BA02BB02BD02CF
:1080E000BE02BF02C002C202C302C402C502C7026E
:1080F000C802C902CB02CC02CD02CE02D002D1020C
:10810000D202D402D502D602D802D902DA02DC02A7
:10811000DD02DE02E002E102E202E402E502E60242
:10812000E802E902EA02EC02ED02EE02F002F102DC
:10813000F202F402F502F602F802F902FB02FC0276
:10814000FD02FF0200030203030304030603070307
:1081500009030A030B030D030E031003110312039B
:1081600014031503170318031A031B031C031E0330
:108170001F032103220324032503270328032903C4
:108180002B032C032E032F03310332033403350357
:10819000370338033A033B033D033E0340034103E7
:1081A000430344034603470349034A034C034D0377
:1081B0004F035003520353035503570358035A0305
:1081C0005B035D035E036003610363036503660392
:1081D000680369036B036C036E037003710373031D
:1081E00074037603780379037B037C037E038003A7
:1081F0008103830384038603880389038B038D0330
:108200008E039003920393039503970398039A03B5
:108210009C039D039F03A103A203A403A603A7033A
:10822000A903AB03AC03AE03B003B103B303B503BF
:10823000B703B803BA03BC03BD03BF03C103C30341
:10824000C403C603C803CA03CB03CD03CF03D103C2
:10825000D203D403D603D803DA03DB03DD03DF0341
:10826000E103E303E403E603E803EA03EC03ED03BD
:10827000EF03F103F303F503F603F803FA03FC033A
:10828000FE036C030000000001000000020000007B
:1082900008000000090000000A00000010000000B3
:1082A00011000000120000000300000004000000A4
:1082B000050000000B0000000C0000000D00000095
:1082C00013000000140000001500000009005250C7
:1082D000800000C0D44C0310183C0010303C00104B
:1082E0001C3C0010243C0010183C0010303C0010D6
:1082F000203C0010000102030405060708090A0BD0
:108300000C0D0E0F101112131415161718191A1B35
:108310001C1D1E1F202122232425262228292A2B2A
:108320003C5F3E3F2921402324255E262A283A3AF5
:108330003C2B3E3F404142434445464748494A4B17
:108340004C4D4E4F505152535455565758595A5BF5
:10835000215D225F274142434445464748494A4BF5
:108360004C4D4E4F505152535455565758595A7BB5
:108370007C7D7E7F00000000000000000000000007
:1083800000000000610000006200000063000000C7
:108390006400000065000000660000006700000047
:1083A00068000000690000006A0000006B00000027
:1083B0006C0000006D0000006E0000006F00000007
:1083C00070000000710000007200000073000000E7
:1083D00074000000750000007600000077000000C7
:1083E00078000000790000007A00000031000000F1
:1083F00032000000330000003400000035000000AF
:10840000360000003700000038000000390000008E
:10841000300000000D0000001B0000007F00000085
:1084200009000000200000002D0000003D000000B9
:108430005B0000005D0000005C0000000000000028
:108440003B00000027000000600000002C0000003E
:108450002E0000002F000000BA000000BB0000004A
:10846000BC000000BD000000BE000000BF00000016
:10847000C0000000C1000000C2000000C3000000F6
:10848000C4000000D7000000D8000000D9000000A0
:10849000C6000000FF000000D2000000C70000007E
:1084A000C9000000D3000000CF000000D100000090
:1084B000AE000000AC000000AF000000AD00000006
:1084C000C50000002F0000002A0000002D00000061
:1084D0002B0000000D000000CF000000AF000000E6
:1084E000D1000000AC000000CC000000AE00000095
:1084F000C7000000AD000000C9000000D20000006D
:10850000000000000000000000000000000000006B
:108510003D0000005F5F777261705F6672656500A5
:108520005F5F777261705F63616C6C6F6300000006
:108530005F5F777261705F6D616C6C6F63000000EC
:108540007570646174655F75735F73696E63655F91
:10855000626F6F74000000000600525053B4F4A123
:1085600044510310080052501AF71E00686F7374CC
:108570005F73656E645F6C6F636B65640000000021
:108580006368616E6E656C5F636F6E6669675F736B
:1085900065745F64726571006368616E6E656C5FBF
:1085A000636F6E6669675F7365745F636861696E48
:1085B0005F746F00265F0010E85D00109A60001085
:1085C000A05F001000610010825E0010495F456EE0
:1085D000646F6F6D0000000072656E6465725F7499
:1085E0006578745F6D6F64655F7363616E6C696EEF
:1085F000650000006368616E6E656C5F636F6E6638
:1086000069675F7365745F64726571006368616E4A
:108610006E656C5F636F6E6669675F7365745F63D9
:108620006861696E5F746F00647261775F76706114
:108630007463680066696C6C5F7363616E6C696E0D
:10864000657300006E65775F6672616D655F696E68
:1086500069745F6F7665726C6179735F70616C6568
:108660007474655F616E645F776970650000000017
:10867000636865636B5F746578745F627566666571
:10868000720000007363616E6C696E655F66756E83
:10869000635F776970650000AC860410C8860410BB
:1086A0004001C800020005000000000020BCBE0020
:1086B0004001E803180038004C0300000D000300DF
:1086C0002A04000000000000B88E04100000000022
:1086D000515A0010A9640010000000A8400540ADE8
:1086E000150015A8950255AD8A528AFACA57CAFFD5
:1086F0009F529FFADF57DFFF828769B1E28825B674
:10870000B84C0BAF792F5155B958AC3BF296154F79
:108710003532858B20F2E262AB122976DDE4C59119
:10872000C9BD23716AABE9C208D004824B22105143
:10873000E5A531854B355EEFBA02378629CE0F5C51
:1087400023A6BA000038FFF41F3FFDF4979F7FFA7D
:10875000E90C9CF7FB7DBF7CDEF733C0BC6DDBB65C
:108760001E1F033C3EAEDB7A7C0C9065F9FCF9736E
:10877000B200B29CF7FD9C2C00645902ECFBBEEFEA
:10878000FBE7CBE5F3BEEFFBBE83A5FEE94F75012A
:10879000FBBEEFFBE5E7BFFCE5E7CBBEEFFBCEDBC7
:1087A00037FFF80FD7D3344DD7C0526BAD4BCE093E
:1087B000F0FB7FFD3E0CC3F0E4F008F8DB2F7FFBFD
:1087C000E5975F7EF9BFCFAF3A20B95F3E2FF7093B
:1087D000F8A67B74B8D96E0E8FBA6FC077A7376FC3
:1087E0007FDC7E7CFBE6F41D90E59CE4BC04506BD2
:1087F000ADB556B5027FBBBFBFFFDF4F9F3E7DFAD1
:1088000004D6D21FE752E6E35856006CDBB6015996
:10881000CE49CE4BCE4096739224019224C9790959
:10882000808CDB18000CFDD60F00D075DD06803F74
:10883000D4BDFE0180C7C7E3BA6E1B806D5BD7E372
:10884000F131000020CBB22491805AEB1F008079D7
:10885000DEE679DEE61992B5BCE8D6D3E9CF654D00
:10886000801765CCD0973F03C7793EDEDD4ED374C9
:10887000078661E801C09861188661C8080C19C7AD
:10888000711CC70C00EAB22F1500C9390100241968
:1088900000D800004800BE3B8D19FAEE1B60A99776
:1088A000CBFDFDE5521720C7EB2449CEC05A4E63DD
:1088B00086BE2B1BB096D369399D4E6505C667CB26
:1088C0003C6DE338BE05B6AEEB9E9F4EA7B202C725
:1088D000BEEB9E9752CA0A6CE5741A330CC300AC07
:1088E000A594B5945256602DA59C4FA7D3780D90B2
:1088F000200190201900A731433F643C01387306E2
:10890000A01F329EC60C3DB09632269100D652DE94
:10891000BD7B77DBADC0E3E35CCA564A29C0F35A9E
:10892000EB5A6BADCF81A5BEE8BAAE7B5117E066BE
:10893000AEB5D65AE71B60ABDF7F7BFD6DFF7DDDFB
:1089400080AD7EFFEDF5B77DDF1F80A5BEE8BA776D
:10895000A5D47F024A29652BA594022C4992240BA9
:10896000F0761CC7719CA6E91A7855EB7C7D3DD743
:10897000FA0A38F47DDFF7FDF775032E9FF7FDFE49
:1089800072B95C2E4079F57A7BF74329A5006B29F3
:10899000A59452CA0A3CAFB5AE7DDFF707602DA59E
:1089A0009452FEE5DD3ABE81E7B5D675AEB5BE029E
:1089B000D652FAE3782A6505F6FB9F932459805234
:1089C0004A29A594B20297CBE572B95CEA12E0722B
:1089D000B95C2EF7F77BADC0E5529764A9970B7091
:1089E000B95CEA92240BB05FFE3C66E8FFFDB2037F
:1089F000CB300CC3300CC302F8A67BF4E4F8ECCD0A
:108A0000E93B6019C7711CC7715CE0F1712E000071
:108A10000076862100005C8FEB344D77C0A3BEBF8B
:108A20009E6BAD7505B096AEEBCA0A3C1BC7659E42
:108A3000A669BA03B096ADEBCA0A1CE73FF687BE3B
:108A4000EFFB0380BB699AA6691DA76B3CEAFBF9A3
:108A5000AED65A5F0189639264014E276F4EA7D349
:108A6000E974AA75C1A3BEAFF3F5F55C5F01C72435
:108A7000499205C0ABFDFEFEFEFE1EC06DADB5D633
:108A80000A602DA594B202B8ADB5D6BAF6FD01B80C
:108A90009BA6699AD6717C0BDCDED5BEEF0F00D6A3
:108AA000D21FC7B2028F87E1F9300C437B06609A70
:108AB000A6699AEE005C2E974B5D02E072B9DCDF8E
:108AC000EF15C0A52E59EA054029A594723E8D37B1
:108AD000C03665E8CB06BC49F22449DE004922498C
:108AE000023C49F226499E0077B700008F8F732918
:108AF00065032CF545D7752FEA329E569898A669DE
:108B00009AA63B3066B096ADEBCA0A1E1F67D7E344
:108B10003A4DD31D30713DAED334DD817E88EB718B
:108B20009DA6E90E1CE7A3EB719DA6E90E60A97D49
:108B30005F97F1B4C0E3E36C2D5BD7951528AC6566
:108B4000EBBAB2827E88B56C5D5756A0724C922CFF
:108B5000204B754C922CA01FE298245940F1F83814
:108B600097B29552E0381F1DE752B6520A64E86D7D
:108B7000B55FFBBE6E00FEF57F3E9DAF6EBF003F52
:108B8000CED3B44DD334FD001E1F676B29A59415B9
:108B900028ACA5945256D00FB196524A59C1703D97
:108BA00099A6699AA63BD00F314DD3344D7740A199
:108BB00094524A399FC66B8AB594524A292B284A47
:108BC00029A5945256909C2F5DD75DCE0938CE7F53
:108BD000EC0F7DDFF7AF9E0397BA64CF9E043CAFE6
:108BE00075FDBEFE7FADF5AFE0CDA724E724C9D566
:108BF0001364E85D8FEB344D7760CCE098245940E6
:108C000086DE5A4A296505197AD3344DD37407DCB8
:108C1000DDBAADB5D65AE1EE5679F57A7BF7432940
:108C2000052CF3FCA33300C7793E5A01300C86A112
:108C3000EF4A5901D8BAAEEB00B09D4EA713D075DC
:108C40002FCA94A1FFE1BF4FE35774DD8B3265A8B3
:108C50003FFCF38FA71324922CCB12006DBE9A1BFE
:108C600000AEE6365F01EF9FBE7FFAFEE9FBA7EF9D
:108C70009FBE7FFAFEE9FBA71F5E7E78F9E1E587DC
:108C8000971F5E7E78F9E1E587971FBF7CFCF2F1C4
:108C9000CBC72F1FBF7CFCF2F1CBC72F49922449D1
:108CA00092244992E4264992244972939B24499242
:108CB000D65A6BADBD6EADB5D65A036CADB5D65AAE
:108CC0006BE02637499224ADB5D65E9F5EB7D65A83
:108CD0006BADB5D65A6BADB5D65A6BAD81EDF4BA66
:108CE000B5D65A6BADB5D6DAEBD306D05A6BADB567
:108CF0000D204972931B00C04D9224499224F90A19
:108D00009024497600C09E2449922449BE26499267
:108D10000076802449B22749922449BEE66B92240A
:108D2000496BADB5D67E6DADB5D65A6BADB5F6EB2C
:108D3000F03B00F87DF8B5B5D65A6BADB5D6DA6F15
:108D40007600B0FBADB5D65A6BADB5D6DAAFC3AFD2
:108D5000ADB5D65A6B60B703B4D65AFBCD6FADB57F
:108D6000D65A6B4992DD0ED05A6BADB51D00ECF6AC
:108D7000244912C0DE5A6BADB5D65A6BADB5DF01D2
:108D800092245FF315007CCDD7244912C0EFADB516
:108D9000D65A6BADB5D65ADB5B6BADB5D692247B9C
:108DA000F62449922449720300F89A2449B2EFFB51
:108DB000BEEFFBBEEFFBBEEFFB0ED8F77DDFF77D0E
:108DC000DF0F87C3E170381C0E87C3E170381C1EAB
:108DD0001E1E1E1E1E1E1E1E1E1E1E1E1E1E1EF6DB
:108DE0007DDFF77D0700EE6EAFAEAE6EEF80EB6914
:108DF0009AAEA652CA046CA5745DD7755D07B0CD56
:108E0000F33CCFF30CD84A3F64E8CB06E07C7575A1
:108E10007575F504A0D65AEBDAF71DE0EE36491267
:108E2000C0394BAD75C919709C4BD94A998FC07127
:108E30002EA5CCF33CFF1BF076C8F863ADB52E0031
:108E4000CEF7F7F76700FF793ADFDFFFF5DC77C091
:108E5000B3A1EFD7BEEF876780B594524A2905606A
:108E6000636303909C1376C090F1346670068C198E
:108E7000FA21A333F0E6D3A7244992244992245738
:108E800057574F001267090077B7EE6E01C7793E5A
:108E9000020090000002F0308EE338FEFD3C2FCF40
:108EA000C0D53CCFF30CC093ABA1FFBB1B00B0AE51
:108EB000EBBAAE2B00000000C08E041000000000D2
:108EC0006465636F6D70726573735F627566666506
:108ED00072000000495F5069636F5F537461727480
:108EE000536F756E64000000FFFFFFFFFFFFFFFF81
:108EF000FFFFFFFFFFFFFFFF020000000400000074
:108F000006000000080000000700080009000A0031
:108F10000B000C000D000E001000110013001500D6
:108F2000170019001C001F002200250029002D0039
:108F3000320037003C0042004900500058006100F8
:108F40006B00760082008F009D00AD00BE00D10056
:108F5000E600FD0017013301510173019801C101C1
:108F6000EE01200256029202D4021C036C03C303DA
:108F700024048E04020583051006AB06560712086A
:108F8000E008C309BD0AD00BFF0C4C0EBA0F4C1100
:108F90000713EE1406175419DC1BA51EB621152560
:108FA000CA28DF2C5B314B36B93BB24144487E4F77
:108FB00071572F60CE696274FF7F00007069636F24
:108FC000666C6173685F736563746F725F70726FF4
:108FD0006772616D000000006932635F7365745FE2
:108FE0006261756472617465000000007370696E7F
:108FF0005F6C6F636B5F696E69740000616C6172B6
:109000006D5F706F6F6C5F63616E63656C5F616CE9
:1090100061726D00616C61726D5F706F6F6C5F6724
:1090200065745F64656661756C7400006765745F84
:10903000656E7472795F69645F68696768000000D3
:1090400070685F667265655F6E6F64650000000042
:1090500070685F6164645F6368696C645F6E6F64AD
:109060006500000070685F696E736572745F6E6F93
:109070006465000070685F6765745F6E6F646500AB
:109080006164645F616C61726D5F756E6465725F6F
:109090006C6F636B000000007570646174655F75D0
:1090A000735F73696E63655F626F6F7400000000C9
:1090B000616C61726D5F706F6F6C5F616C61726D1E
:1090C0005F63616C6C6261636B0000006765745F75
:1090D000656E747279000000686172647761726510
:1090E0005F616C61726D5F7365745F7461726765F7
:1090F000740000007570646174655F75735F7369F7
:109100006E63655F626F6F74000000006972715F6B
:1091100072656D6F76655F68616E646C6572000084
:109120006972715F7365745F6578636C7573697676
:10913000655F68616E646C657200000075706461E3
:1091400074655F75735F73696E63655F626F6F747B
:10915000000000006D757465785F657869740000C3
:109160006D757465785F656E7465725F626C6F6350
:109170006B5F756E74696C007570646174655F75A2
:10918000735F73696E63655F626F6F7400000000E8
:1091900070685F72656D6F76655F616E645F667241
:1091A00065655F6E6F64650070685F72656D6F7690
:1091B000655F616E795F68656164000070685F611A
:1091C00064645F6368696C645F6E6F64650000006F
:1091D00070685F6765745F6E6F646500636C6F6372
:1091E0006B5F636F6E66696775726500706C6C5F4C
:1091F000696E69740000000072756E74696D655F58
:10920000696E69740000000086A100109EA1001024
:109210009EA1001092A100109EA100109EA100101E
:109220009EA100109EA100109EA100109EA1001002
:109230009EA100107AA100109EA100106EA1001046
:109240009EA100109EA1001062A100106EA200104D
:1092500094A20010B6A2001094A200104EA200101A
:1092600094A2001094A2001094A2001094A20010E6
:1092700094A2001094A2001094A200108AA20010E0
:1092800094A2001094A2001094A2001094A20010C6
:1092900094A20010C2A2001026A700103CA7001044
:1092A0003CA700103CA700103CA700103CA70010F2
:1092B0003CA700103CA700103CA700103CA70010E2
:1092C0003CA700103CA700103CA700103CA70010D2
:1092D0003CA700103CA700103CA700103CA70010C2
:1092E0003CA700103CA700103CA700103CA70010B2
:1092F0003CA700103CA700103CA700103CA70010A2
:109300003CA700103CA700103CA700103CA7001091
:109310003CA700103CA7001068A500102AA500106B
:1093200068A500103CA700103CA700103CA7001047
:109330003CA700103CA700103CA700103CA7001061
:109340003CA700103CA700103CA700103CA7001051
:109350003CA700103CA700103CA700103CA7001041
:109360003CA700100EA300103CA700103CA7001063
:109370003CA700103CA700103CA700103CA7001021
:109380003CA700103CA700103CA700100EA3001043
:10939000B6A500100EA3001068A500102AA50010A5
:1093A00068A5001000000000000000000000F03F71
:1093B00000000000000024400000000000005940B0
:1093C0000000000000408F40000000000088C34003
:1093D00000000000006AF8400000000080842E4178
:1093E00000000000D01263410000000084D79741C4
:1093F0000000000065CDCD415F5F61656162695F1E
:10940000646F75626C655F696E6974005F5F61654A
:109410006162695F666C6F61745F696E6974000098
:1094200006005250D3F07542405F031006005250C0
:10943000E182887F485F031006005250BBFF3CB6B4
:10944000645F03100D0A00007570646174655F75D8
:10945000735F73696E63655F626F6F740000000015
:1094600091BE001095BE0010A1BE0010F1BE00100C
:10947000D5BE0010000000000600525053B4F4A105
:10948000DC5F0310737464696F5F7573625F696E8C
:10949000697400007570646174655F75735F7369EA
:1094A0006E63655F626F6F74000000000000000073
:1094B000F05F031000600310541C032008600310C9
:1094C0001460031009025400030100807D080B00A2
:1094D0000202020000090400000102020004052447
:1094E00000200105240100010424020205240600D5
:1094F000010705810308001009040100020A0000A9
:109500000007050202400000070582024000000932
:1095100004020000FF00010512010002EF020140F9
:109520008A2E0A0000010102030100007069636FC6
:109530005F6765745F756E697175655F626F617293
:10954000645F69645F737472696E6700666C6173EF
:10955000685F646F5F636D64000000006463645F54
:10956000656470745F786665720000006463645FB0
:10957000656470745F6F70656E0000006463645FA3
:109580007365745F61646472657373006463645FC0
:10959000696E745F656E61626C6500005F68775F1D
:1095A000656E64706F696E745F616C6C6F630000F0
:1095B0006463645F696E69740000000073796E63B0
:1095C0005F65705F6275666665720000DCCB0010D7
:1095D00042CB001074CB0010A6CB0010DCCB0010E7
:1095E000DCCB0010C2CB001074CB0010DCCB001021
:1095F000DCCB0010DCCB0010DCCB0010DCCB00108F
:10960000DCCB0010DCCB001054CB0010D4D0001009
:10961000AED000107CD2001088D000107CD2001098
:10962000FCCF00107ED000107CD2001018D00010AB
:1096300030D00010D2D20010C4D2001016D30010C7
:10964000D2D20010F8D3001018D400102AD3001082
:1096500076D3001030D4001035D80010F1D80010A7
:1096600035D90010F9D900102DDB001000000000E2
:109670006D756C7469636F72655F6C61756E63683C
:109680005F636F7265315F776974685F737461637C
:109690006B000000636F70795F70726F6772616D4D
:1096A0000000000009005250000000C07864031060
:1096B00009005250000000C0846403100900525099
:1096C000000000008C6403100900525000000000EC
:1096D000986403107570646174655F646D615F7494
:1096E00072616E736665725F73746174655F6972CF
:1096F00071735F656E61626C65640000A080F070DC
:109700002D70036042B044005F70696F5F66696EE0
:10971000645F6F66667365745F666F725F70726FA9
:109720006772616D000000003097041002FF0000B6
:10973000016042B07570646174655F706572635FEB
:109740006D6F646500000000080102000000000069
:1097500002000000040000000100000003000000FF
:1097600005000000FFFFFFFFFFFFFFFF06000000F6
:10977000080000000A0000000700000009000000C7
:109780000B000000FFFFFFFFFFFFFFFF0C000000CA
:109790000E000000100000000D0000000F0000008F
:1097A00011000000FFFFFFFFFFFFFFFFFFFFFFFFB4
:1097B000FFFFFFFFFFFFFFFFFFFFFFFFFFFFFFFFB9
:1097C000FFFFFFFFFFFFFFFFFFFFFFFF4F504C5F5B
:1097D00063616C635F6275666665725F7374657200
:1097E000656F00000080A0B4C0CCD4DCE0E8ECF0F1
:1097F000F4F8FCFF4F504C5F63616C635F62756609
:109800006665725F6C696E65617200000000000041
:109810000000000001010101010101010202020238
:109820000202020203030303030303030404040408
:1098300004040404050505050505050506060606D8
:1098400006060606070707070707070708080808A8
:109850000808080809090909090909090A0A0A0A78
:109860000A0A0A0A0B0B0B0B0B0B0B0B0C0C0C0C48
:109870000C0C0C0C0D0D0D0C0C0C0C0C0C0C0C0B26
:109880000B0B0B0B0B0B0B0A0A0A0A0A0A0A0A0932
:109890000909090909090908080808080808080742
:1098A0000707070707070706060606060606060552
:1098B0000505050505050504040404040404040362
:1098C0000303030303030302020202020202020172
:1098D0000101010101010100000000000000000081
:1098E000010000000200000004000000060000006B
:1098F000080000000A0000000C0000000E0000003C
:10990000100000001200000014000000140000000D
:1099100018000000180000001E0000001E000000DB
:10992000FA07F507EF07EA07E407DF07DA07D407C6
:10993000CF07C907C407BF07B907B407AE07A90710
:10994000A4079F07990794078F078A0784077F0753
:109950007A07750770076A07650760075B07560790
:1099600051074C07470742073D07380733072E07C3
:10997000290724071F071A07150710070B070607F3
:109980000207FD06F806F306EE06E906E506E00620
:10999000DB06D606D206CD06C806C406BF06BA0642
:1099A000B506B106AC06A806A3069E069A0695065D
:1099B00091068C06880683067F067A06760671066F
:1099C0006D06680664065F065B06570652064E067D
:1099D0004906450641063C063806340630062B0685
:1099E000270623061E061A06160612060E06090686
:1099F00005060106FD05F905F505F005EC05E80588
:109A0000E405E005DC05D805D405D005CC05C8057E
:109A1000C405C005BC05B805B405B005AC05A8056E
:109A2000A405A0059C059905950591058D05890559
:109A3000850581057E057A05760572056F056B053E
:109A40006705630560055C055805540551054D051E
:109A50004905460542053E053B05370534053005F9
:109A60002C052905250522051E051B0517051405CE
:109A700010050C05090506050205FF04FB04F804A2
:109A8000F404F104ED04EA04E704E304E004DC0474
:109A9000D904D604D204CF04CC04C804C504C2043B
:109AA000BE04BB04B804B504B104AE04AB04A804FE
:109AB000A404A1049E049B049804940491048E04BD
:109AC0008B048804850482047E047B047804750476
:109AD00072046F046C0469046604630460045D042A
:109AE0005A045704540451044E044B0448044504DA
:109AF00042043F043C0439043604330430042D048A
:109B00002A042804250422041F041C041904160432
:109B1000140411040E040B040804060403040004D6
:109B20004F504C5F51756575655F41646A7573741C
:109B300043616C6C6261636B7300000070685F610D
:109B400064645F6368696C645F6E6F6465000000E5
:109B500070685F696E736572745F6E6F6465000034
:109B600070685F6765745F6E6F6465004F504C5F2F
:109B700051756575655F5075736800006765745F42
:109B8000656E747279000000006003103D1A0110C8
:109B9000D517011071170110A51701106D1B0110C9
:109BA000CD1A01107D1701107F17011081170110C8
:109BB000FD1D01106D6F626A5F66756C6C000000C0
:109BC000700000006000000040000000B0000000D5
:109BD000414D5F636C656172464200000080FFFF8B
:109BE000CD4CFFFF0000010000000000000001005C
:109BF000000000000080FFFF33B300000080FFFF83
:109C000033B300000080FFFFCD4CFFFF0000F0FFEA
:109C10000000000024491200000000002449120046
:109C20000000000092240900300C030024491200B7
:109C30000000000092240900D0F3FCFF0000F0FFB8
:109C400000000000B86DEBFF300C03000000F0FFD7
:109C500000000000B86DEBFFD0F3FCFF4992F4FF69
:109C6000000000000000F0FF300C03004992F4FFF8
:109C7000000000000000F0FFD0F3FCFF6EDBF6FFF9
:109C8000000000006EDBF6FFD0F3FCFF6EDBF6FF9A
:109C9000D0F3FCFF9EE7F9FFD0F3FCFF9EE7F9FF4E
:109CA000D0F3FCFF9EE7F9FF49920400D0F3FCFFDC
:109CB00000000000D0F3FCFFD0F3FCFFD0F3FCFF6A
:109CC000D0F3FCFF00000000D0F3FCFF0000000018
:109CD000D0F3FCFF0000000049920400300C0300A8
:109CE00049920400300C03004463FDFF300C030074
:109CF0004463FDFF799E0300FBD0FCFF799E0300C7
:109D0000FBD0FCFF4DE004004463FDFF0000F0FFCA
:109D10000000000024491200000000002449120045
:109D20000000000092240900499204002449120016
:109D30000000000092240900B76DFBFF0000F0FF57
:109D400000000000B86DEBFF499204000000F0FF36
:109D500000000000B86DEBFFB76DFBFF4992F4FF08
:109D6000000000000000F0FF499204004992F4FF57
:109D7000000000000000F0FFB76DFBFF05000400CD
:109D8000030002000500000000000C000B000A00A8
:109D90000D001100010014001300120015001E0038
:109DA00000003300320031003400370003003B0074
:109DB0003A0039003C003F0002004C004B004A00D2
:109DC0004D004F0002005300520051005400580053
:109DD0000500460045004300470000000100220046
:109DE0002100200023002F00BA400110F240011092
:109DF00002410110164101101E4101105C41011089
:109E000064410110EC6D0310F86D031001000000B7
:109E1000006E0310106E031002000000146E031099
:109E2000206E031003000000246E0310306E031038
:109E300004000000346E0310446E0310050000009F
:109E4000506E03105C6E031006000000646E031079
:109E5000786E031007000000000000000000000002
:109E600000000000046F0310346F0310686F0310CC
:109E7000B46F0310E86F0310207003105C700310C0
:109E800098700310046F0310D4700310087103104E
:109E90003C71031070710310AC710310E471031076
:109EA0001C720310465F41727453637265656E4C99
:109EB000756D704E616D65000000000001000000CE
:109EC000080000006C73031078730310000000009A
:109ED0000200000008000000347503103C750310F8
:109EE00000000000030000000800000010770310CD
:109EF00018770310000000000400000008000000B4
:109F0000087903101079031001000000010000001F
:109F100006000000087B0310107B03100100000006
:109F2000010000000B000000A87C0310B07C0310AF
:109F30000100000001000000140000001C7F03105D
:109F4000247F031001000000010000001E0000003B
:109F50006080031068800310010000000100000011
:109F60000F000000588203106082031001000000FF
:109F7000010000001F00000008830310108303107D
:109F8000020000000100000006000000087B031032
:109F90007083031002000000010000000B000000AD
:109FA000A87C0310F88403100200000001000000E8
:109FB000140000001C7F0310308603100200000014
:109FC000010000001E00000060800310688703107D
:109FD00002000000010000000F0000005882031082
:109FE000EC88031002000000010000001F000000C8
:109FF000088303109C890310030000000100000087
:10A0000006000000087B0310008B03100300000013
:10A01000010000000B000000A87C0310B48C0310AA
:10A020000300000001000000140000001C7F03106A
:10A03000788D031003000000010000001E000000E6
:10A0400060800310C48E03100300000001000000B4
:10A050000F000000588203109490031003000000CA
:10A06000010000001F00000008830310349103105A
:10A07000366E0110326E0110666E0110766E0110A0
:10A080007C6E0110826E0110886E01108E6E0110C0
:10A09000946E01106E6E01109A6E0110475F446F4E
:10A0A000506C617944656D6F0000000074685F64F6
:10A0B00065636F6465000000475F526561644465D5
:10A0C0006D6F546963636D640000000074685F66BF
:10A0D0006C7573685F6279746573000074685F778C
:10A0E000726974655F626974730000006D6F626A03
:10A0F0005F66756C6C0000007074725F746F5F73E4
:10A10000686F7274707472001E005A0078007800D4
:10A110005A009600780078000E015A00D20096008E
:10A1200096009600D2009600A4019600D2009600F8
:10A13000F0009600B400960096002C014A01A4019C
:10A140002C01B40078001E00000000000000000098
:10A1500000000000000000000000000000001E00E1
:10A160004B0078005A00A500B400B4001E00A50002
:10A1700000005A005A005A0078005A006801F000A6
:10A180001E00AA0000005A002D005A0096005A0036
:10A190005A00A5001E00870000000700010102020E
:10A1A00008020303040405050606000078230020C6
:10A1B00077230020762300207523002074230020BD
:10A1C00073230020722300207123002080020005E9
:10A1D0004001000018002800190032001C950310EF
:10A1E00030950310449503105C950310709503108F
:10A1F0008C950310A4950310BC950310D8950310FB
:10A20000EC9503100896031028960310409603104F
:10A2100054960310709603108C960310A0960310AA
:10A22000B4960310CC960310E4960310F89603102E
:10A230000C970310249703104097031054970310B2
:10A240006C9703108C970310A4970310C09703100A
:10A25000DC970310F49703100C9803102098031058
:10A26000309803104898031058980310689803100A
:10A270007C98031094980310A8980310B8980310C2
:10A28000CC980310E0980310F4980310049903107D
:10A29000189903102C99031044990310589903102E
:10A2A0006C9903108499031094990310B0990310CA
:10A2B000C4990310E4990310F8990310189A031035
:10A2C0003C9A0310509A0310689A0310809A031066
:10A2D0009C9A0310BC9A0310D09A0310E49A0310BE
:10A2E000FC9A0310109B0310289B03103C9B031047
:10A2F0004C9B0310649B0310749B0310849B0310FE
:10A30000989B0310B09B0310CC9B0310E09B0310A1
:10A31000FC9B0310149C0310289C0310449C031006
:10A32000609C0310709C0310909C0310B09C031061
:10A33000D09C0310E49C0310049D0310189D03108F
:10A34000309D0310449D03105C9D03106C9D031011
:10A35000849D0310989D0310AC9D03106C83031023
:10A360006C8303106C830310C09D0310D09D0310F9
:10A37000E49D0310FC9D0310149E0310349E0310F3
:10A38000509E0310689E0310809E0310949E03103D
:10A39000AC9E0310C49E0310D49E0310E89E0310CD
:10A3A000009F03101C9F0310309F0310489F031051
:10A3B000649F0310749F03108C9F0310A09F0310D1
:10A3C000B49F0310CC9F0310E09F0310EC9F031079
:10A3D000F89F031008A003101CA0031034A0031062
:10A3E0004CA0031060A0031078A0031094A00310E9
:10A3F000ACA00310C4A00310289E0310289E0310D5
:10A40000289E0310289E0310289E0310289E0310E8
:10A41000289E0310289E0310289E0310D0A003102E
:10A42000D8A00310E4A00310ECA00310FFFF9500D8
:10A4300064009600000000009C00FF00190000006E
:10A440009A009E00A50039000000000000001000E6
:10A45000000038006400000000000000060C00024C
:10A4600000000000BC0BAE001400B0002408010086
:10A47000BB00C8001B000000B800BD00C2003B00CC
:10A480000800000000001400000038006400000014
:10A49000004B000006004000CB0000000900CF0088
:10A4A0001E00D10025080000DC00AA001B000000EF
:10A4B000D900DE00E3003C000800000000001400AA
:10A4C0000000380064000000004B0000060040005F
:10A4D000EC0000004000F100BC02F3003008000076
:10A4E0000D010A001C000000FF000F0100004700E2
:10A4F0000F0000000000140000003800F40100000C
:10A50000005000000600400000000000FFFF19019D
:10A51000E803000000080000000000000000000048
:10A520000000000000000000000000000000140017
:10A530000000100064000000000000001002000095
:10A5400000000000420041012C0143016A080000A4
:10A55000570164001B004F015301590100004A00DC
:10A560000A0000000000140000003800F4010000A0
:10A5700000690000060040005F010000FFFF3C0191
:10A58000E80300006B08000000000000000000006D
:10A5900000003E010000520000000A0000000B0015
:10A5A00000000800640000000A000000100601001E
:10A5B00000000000FFFF3701E80300000008000072
:10A5C000000000000000000000000000000000008B
:10A5D00000000000000014000000100064000000F3
:10A5E00000000000100200000000000043006A01AB
:10A5F00058026C0131080000820150001D0000006B
:10A6000078018401000064000800000000003000B0
:10A6100000004000E8030000004B0000060040007E
:10A620008E010000FFFF6501E80300001008000034
:10A6300000000000000000000000670100001100A1
:10A640000000140000000600000008006400000084
:10A650000800000010060100000000004100960103
:10A660004600980125080000A401AA001B00000074
:10A67000A001A601AD013C0008000000000014008C
:10A680000000380064000000004B0000060040009D
:10A69000B3010000B90BBA013C00BC01270800005F
:10A6A000C701C8001B00C401C401C901CE013E009E
:10A6B00008000000000014000000380064000000E2
:10A6C000004C000006004000D6010000BA0BDB0180
:10A6D0009600DD0129083400E801B4001A00E50104
:10A6E0000000EA01000040000A00000000001E0017
:10A6F0000000380090010000004D000006004000FE
:10A70000F00100003A00DB019600DD012908340069
:10A71000E801B4001A00E5010000EA010000400071
:10A720000A00000000001E00000038009001000038
:10A73000004D000006004400F0010000BD0BF601D2
:10A740009001F7012A080000FB0180001A000000B8
:10A75000F801FE01000041000800000000001F0099
:10A760000000380090010000004D0000064240004B
:10A7700004020000BB0B0F02E80311022B080000CB
:10A780001C0232001A00190219021E0200004300C6
:10A79000080000000000180000004000E80300006E
:10A7A000004D00000600400025020000FFFF0A02E5
:10A7B000E803000010080000000000000000000096
:10A7C00000000C020000110000000F000000060055
:10A7D00000000800640000000800000010060100EE
:10A7E0000000000045002C02F4012E022F0800009A
:10A7F000390232001A00360236023B0200004800DD
:10A80000080000000000180000004000E8030000FD
:10A81000004D00000600400042020000BE0B49024D
:10A8200064004B0200083300510200011A000000CE
:10A830004D0253020000110008000000000010004B
:10A840000000380032000000034D00000642000006
:10A850000000000007005902B80B5B022D0802003F
:10A860006B0228001A00000067026D02000045001C
:10A870000C0000000000800000006400E8030000FD
:10A88000004D000006004000000000004400780277
:10A89000F4017A022E0800008B0280001A000000EA
:10A8A00087028D02000046000C00000000004000FE
:10A8B0000000400058020000004E0000060040006A
:10A8C000940200001000A202A00FA4022C080000B5
:10A8D000B20214001A000000AC02B30200004400EF
:10A8E000100000000000280000006E00E8030000D7
:10A8F000004D000006004000000000004700BD02BF
:10A900009001BE0232080000C80280001E00000054
:10A91000C402CA02000049000800000000001F0035
:10A920000000380090010000004D00000642400089
:10A93000D00200005400D6023200D80265080000A0
:10A94000E602AA001B000000E002E802ED02660039
:10A95000080000000000140000003800640000003F
:10A96000004B000006004000F60200004800FB0219
:10A9700064000000000800000803000167000000F8
:10A980000000FC0200006800000000000000100051
:10A990000000480080969800000000000603400078
:10A9A0000000000058000A03FA0000000008000040
:10A9B0000B03FF006100000000000C0300006200B8
:10A9C00000000000000010000000100080969800B9
:10A9D0000000000006000000000000005900100305
:10A9E000E803110300080000000000000000000060
:10A9F0000000000000000000000000000000140043
:10AA000000002000640000000000000018000000AA
:10AA10000000000057000000E803000000080000EC
:10AA20000000000000000000000000000000000026
:10AA3000000000000000140000002000640000007E
:10AA4000000000001800000000000000FFFF1303DA
:10AA5000E80300005E0800000000000000000000A5
:10AA6000000000000000110000000A0000000600C5
:10AA70000000200064000000030000001016010028
:10AA800000000000FFFF1703E803000000080000BB
:10AA900000000000000000000000000000000000B6
:10AAA000000000000000140000001000640000001E
:10AAB000000000001002000000000000F307260361
:10AAC000140000000008000000000000000000006A
:10AAD00000002803000052000000000000000A00EF
:10AAE00000002A00640000000000000006000800CA
:10AAF00000000000FFFF6100E803000010080000F4
:10AB000000000000000000000000630000001100D1
:10AB100000000A00000006000000080064000000B9
:10AB2000030000001006010000000000FFFF6600A7
:10AB3000E803000010080000000000000000000012
:10AB4000000068000000110000000A00000006007C
:10AB5000000008006400000005000000100601006D
:10AB600000000000FFFF7200E80300000E08000074
:10AB7000000000000000000000007F000000520004
:10AB80000000140000000B0000000800640000003A
:10AB9000140000001006010000000000FFFF6B0021
:10ABA000E8030000080800000000000000000000AA
:10ABB00000006D00000011000000190000000D00F1
:10ABC00000000800640000000500000010060100FD
:10ABD00000000000FFFF7300E80300000008000011
:10ABE00000000000000000000000750000000F00E1
:10ABF0000000190000000D000000080064000000C3
:10AC0000640000001006010000000000FFFF9B022E
:10AC1000E803000008080000000000000000000039
:10AC200000009D02000011000000190000000D004E
:10AC3000000008006400000005000000100601008C
:10AC400000000000FFFF5D00E803000000080000B6
:10AC500000000000000000000000000000000000F4
:10AC6000000000000000140000001000640000005C
:10AC7000000000001002000000000000FFFF5A006A
:10AC8000E8030000000800000000000000000000D1
:10AC900000000000000000000000000000001400A0
:10ACA0000000100064000000000000001000000020
:10ACB00000000000FFFF8200E80300000008000021
:10ACC0000000000000000000000000000000000084
:10ACD00000000000000014000000100064000000EC
:10ACE000000000001002000000000000FFFF8E00C6
:10ACF000E803000000080000000000000000000061
:10AD0000000000000000000000000000000014002F
:10AD100000001000640000000000000010020000AD
:10AD2000000000000E000000E80300000008000022
:10AD30000000000000000000000000000000000013
:10AD4000000000000000140000001000640000007B
:10AD5000000000001800000000000000FFFF7B0062
:10AD6000E8030000000800000000000000000000F0
:10AD700000000000000000000000000000001400BF
:10AD8000000010006400000000000000100200003D
:10AD900000000000E2072203E803000000080000B2
:10ADA00000000000000000000000000000000000A3
:10ADB000000000000000140000001000640000000B
:10ADC000000000000100000000000000E307240371
:10ADD000E803000000080000000000000000000080
:10ADE000000000000000000000000000000014004F
:10ADF00000001000640000000000000001000000DE
:10AE000000000000DE073003E80300000008000037
:10AE10000000000000000000000000000000000032
:10AE2000000000000000140000001000640000009A
:10AE3000000000000100800000000000DF07360372
:10AE4000E80300000008000000000000000000000F
:10AE500000000000000000000000000000001400DE
:10AE600000001000640000000000000001008000ED
:10AE70000000000005003C03E8030000000800009B
:10AE800000000000000000000000000000000000C2
:10AE9000000000000000140000001000640000002A
:10AEA0000000000001000002000000000D003E0351
:10AEB000E80300000008000000000000000000009F
:10AEC000000000000000000000000000000014006E
:10AED00000001000640000000000000001000002FB
:10AEE0000000000006004003E80300000008000026
:10AEF0000000000000000000000000000000000052
:10AF000000000000000014000000100064000000B9
:10AF100000000000010000020000000027004603BE
:10AF2000E80300000008000000000000000000002E
:10AF300000000000000000000000000000001400FD
:10AF4000000010006400000000000000010000028A
:10AF50000000000026004403E80300000008000091
:10AF600000000000000000000000000000000000E1
:10AF70000000000000001400000010006400000049
:10AF80000000000001000002000000002800420351
:10AF9000E8030000000800000000000000000000BE
:10AFA000000000000000000000000000000014008D
:10AFB000000010006400000000000000010000021A
:10AFC00000000000DB074803E80300000008000061
:10AFD0000000000000000000000000000000000071
:10AFE00000000000000014000000100064000000D9
:10AFF000000000000100000000000000DC07490321
:10B00000E80300000008000000000000000000004D
:10B01000000000000000000000000000000014001C
:10B0200000001000640000000000000001000000AB
:10B0300000000000DD074A03E803000000080000EC
:10B040000000000000000000000000000000000000
:10B050000000000000001400000010006400000068
:10B06000000000000100800000000000E60750031F
:10B07000E8030000000800000000000000000000DD
:10B0800000000000000000000000000000001400AC
:10B0900000001000640000000000000001008000BB
:10B0A00000000000E7075403E80300000008000068
:10B0B0000000000000000000000000000000000090
:10B0C00000000000000014000000100064000000F8
:10B0D000000000000100800000000000E8075503A8
:10B0E000E80300000008000000000000000000006D
:10B0F000000000000000000000000000000014003C
:10B10000000010006400000000000000010080004A
:10B1100000000000E9075D03E803000000080000EC
:10B12000000000000000000000000000000000001F
:10B130000000000000001400000010006400000087
:10B14000000000000100000000000000EA075E03AC
:10B15000E8030000000800000000000000000000FC
:10B1600000000000000000000000000000001400CB
:10B1700000001000640000000000000001008000DA
:10B1800000000000FD076403E80300000008000061
:10B1900000000000000000000000000000000000AF
:10B1A0000000000000001400000010006400000017
:10B1B000000000000100800000000000530059035F
:10B1C000E80300000008000000000000000000008C
:10B1D000000000000000000000000000000014005B
:10B1E000000010006400000000000000010080006A
:10B1F00000000000D7076603E80300000008000015
:10B20000000000000000000000000000000000003E
:10B2100000000000000014000000100064000000A6
:10B2200000000000010000000000000000086703AB
:10B23000E80300000008000000000000000000001B
:10B2400000000000000000000000000000001400EA
:10B250000000100064000000000000000100000079
:10B2600000000000DA076803E8030000000800009F
:10B2700000000000000000000000000000000000CE
:10B280000000000000001400000010006400000036
:10B29000000000000100000000000000FE0769033C
:10B2A000E8030000000800000000000000000000AB
:10B2B000000000000000000000000000000014007A
:10B2C0000000100064000000000000000100000009
:10B2D00000000000FF076A03E80300000008000008
:10B2E000000000000000000000000000000000005E
:10B2F00000000000000014000000100064000000C6
:10B3000000000000010000000000000011006B03BD
:10B31000E80300000008000000000000000000003A
:10B320000000000000000000000000000000140009
:10B330000000100064000000000000000100000098
:10B3400000000000D8076C03E803000000080000BC
:10B3500000000000000000000000000000000000ED
:10B360000000000000001400000010006400000055
:10B3700000000000010000000000000001086D0353
:10B38000E8030000000800000000000000000000CA
:10B390000000000000000000000000000000140099
:10B3A0000000100064000000000000000100000028
:10B3B0000000000008006E03E80300000008000021
:10B3C000000000000000000000000000000000007D
:10B3D00000000000000014000000100064000000E5
:10B3E000000000000100000000000000D6076F030D
:10B3F000E80300000008000000000000000000005A
:10B400000000000000000000000000000000140028
:10B4100000001000640000000000000001000000B7
:10B4200000000000D2077003E803000000080000DD
:10B43000000000000000000000000000000000000C
:10B440000000000000001400000010006400000074
:10B45000000000000100000000000000D50771039B
:10B46000E8030000000800000000000000000000E9
:10B4700000000000000000000000000000001400B8
:10B480000000100064000000000000000100000047
:10B4900000000000D3077203E8030000000800006A
:10B4A000000000000000000000000000000000009C
:10B4B0000000000000001400000010006400000004
:10B4C000000000000100000000000000D40773032A
:10B4D000E803000000080000000000000000000079
:10B4E0000000000000000000000000000000140048
:10B4F00000001000640000000000000001000000D7
:10B5000000000000D1077403E803000000080000F9
:10B51000000000000000000000000000000000002B
:10B520000000000000001400000010006400000093
:10B530000000000001000000000000005200750340
:10B54000E803000000080000000000000000000008
:10B5500000000000000000000000000000001400D7
:10B560000000100064000000000000000100000066
:10B57000000000005500BF03E803000000080000C1
:10B5800000000000000000000000000000000000BB
:10B590000000000000001000000010006400000027
:10B5A0000000000002000010000000005600C3036D
:10B5B000E803000000080000000000000000000098
:10B5C000000000000000000000000000000010006B
:10B5D00000001000640000000000000002000010E5
:10B5E00000000000EC077603E803000000080000FC
:10B5F000000000000000000000000000000000004B
:10B6000000000000000010000000100064000000B6
:10B610000000000002000010000000001E008B036C
:10B62000E803000000080000000000000000000027
:10B6300000000000000000000000000000001000FA
:10B640000000100064000000000000000200001074
:10B65000000000001F008C03E80300000008000049
:10B6600000000000000000000000000000000000DA
:10B670000000000000001000000010006400000046
:10B6800000000000020000100000000020008D03F8
:10B69000E8030000000800000000000000000000B7
:10B6A000000000000000000000000000000010008A
:10B6B0000000100064000000000000000200001004
:10B6C0000000000021008E03E803000000080000D5
:10B6D000000000000000000000000000000000006A
:10B6E00000000000000010000000100064000000D6
:10B6F000000000000200001000000000250091037F
:10B70000E803000000080000000000000000000046
:10B710000000000000000000000000000000100019
:10B720000000100064000000000000000200001093
:10B730000000000024009C03E80300000008000053
:10B7400000000000000000000000000000000000F9
:10B750000000000000001000000010006400000065
:10B760000000000002000010000000002900950306
:10B77000E8030000000800000000000000000000D6
:10B7800000000000000000000000000000001000A9
:10B790000000100064000000000000000200001023
:10B7A000000000002A009903E803000000080000E0
:10B7B0000000000000000000000000000000000089
:10B7C00000000000000010000000100064000000F5
:10B7D0000000000002000010000000002B00920397
:10B7E000E803000000080000000000000000000066
:10B7F0000000000000000000000000000000100039
:10B8000000001000640000000000000002000010B2
:10B81000000000002C009E03E80300000008000068
:10B820000000000000000000000000000000000018
:10B830000000000000001000000010006400000084
:10B840000000000002000010000000002D00A20314
:10B85000E8030000000800000000000000000000F5
:10B8600000000000000000000000000000001000C8
:10B870000000100064000000000000000200001042
:10B88000000000002E00A603E803000000080000EE
:10B8900000000000000000000000000000000000A8
:10B8A0000000000000001000000010006400000014
:10B8B0000000000002000010000000003700AA0392
:10B8C000E803000000080000000000000000000085
:10B8D0000000000000000000000000000000100058
:10B8E00000001000640000000000000002000010D2
:10B8F000000000003800AE03E8030000000800006C
:10B900000000000000000000000000000000000037
:10B9100000000000000010000000100064000000A3
:10B920000000000002000010000000003900B20317
:10B93000E803000000080000000000000000000014
:10B9400000000000000000000000000000001000E7
:10B950000000100064000000000000000200001061
:10B96000000000002F008A03E80300000008000028
:10B9700000000000000000000000000000000000C7
:10B980000000000000001000000010006400000033
:10B9900000000000020000100000000030009403CE
:10B9A000E8030000000800000000000000000000A4
:10B9B0000000000000000000000000000000100077
:10B9C00000001000640000000000000002000010F1
:10B9D0000000000022008F03E803000000080000C0
:10B9E0000000000000000000000000000000000057
:10B9F00000000000000014000000100064000000BF
:10BA00000000000000000010000000002300900370
:10BA1000E803000000080000000000000000000033
:10BA20000000000000000000000000000000100006
:10BA30000000100064000000000000000200001080
:10BA40000000000031007803E80300000008000057
:10BA500000000000000000000000000000000000E6
:10BA6000000000000000100000004400640000001E
:10BA700000000000020300100000000032008603F6
:10BA8000E8030000000800000000000000000000C3
:10BA90000000000000000000000000000000100096
:10BAA00000005400640000000000000002030010C9
:10BAB0000000000033008703E803000000080000D6
:10BAC0000000000000000000000000000000000076
:10BAD000000000000000100000005400640000009E
:10BAE0000000000002030010000000003400880382
:10BAF000E803000000080000000000000000000053
:10BB00000000000000000000000000000000100025
:10BB10000000440064000000000000000203001068
:10BB20000000000035008903E80300000008000061
:10BB30000000000000000000000000000000000005
:10BB4000000000000000100000003400640000004D
:10BB50000000000002030010000000003B0086030C
:10BB6000E8030000000800000000000000000000E2
:10BB700000000000000000000000000000001400B1
:10BB800000005400640000000000000000030010EA
:10BB9000000000003C008803E803000000080000EB
:10BBA0000000000000000000000000000000000095
:10BBB00000000000000014000000440064000000C9
:10BBC0000000000000030010000000003D0087039B
:10BBD000E803000000080000000000000000000072
:10BBE0000000000000000000000000000000140041
:10BBF000000034006400000000000000000300109A
:10BC0000000000003E008903E80300000008000077
:10BC10000000000000000000000000000000000024
:10BC20000000000000001400000034006400000068
:10BC30000000000000030010000000003F00780337
:10BC4000E803000000080000000000000000000001
:10BC500000000000000000000000000000001400D0
:10BC60000000440064000000000000000003001019
:10BC70000000000016000302E803000000080000B6
:10BC800000000000000000000000000000000000B4
:10BC9000000000000000140000001000640000001C
:10BCA0000000000000000010000000000F00A400D1
:10BCB000E803000000080000000000000000000091
:10BCC0000000000000000000000000000000140060
:10BCD00000001000640000000000000000000010E0
:10BCE000000000001200C100E8030000000800008E
:10BCF0000000000000000000000000000000000044
:10BD000000000000000014000000100064000000AB
:10BD10000000000000000010000000001500EF010E
:10BD2000E803000000080000000000000000000020
:10BD300000000000000000000000000000001400EF
:10BD4000000010006400000000000000000000106F
:10BD50000000000017005802E8030000000800007F
:10BD600000000000000000000000000000000000D3
:10BD7000000000000000140000001000640000003B
:10BD80000000000000000010000000001400CD01C1
:10BD9000E8030000000800000000000000000000B0
:10BDA000000000000000000000000000000014007F
:10BDB00000001000640000000000000000000010FF
:10BDC000000000001300E200E8030000000800008B
:10BDD0000000000000000000000000000000000063
:10BDE00000000000000014000000100064000000CB
:10BDF0000000000000000010000000000A00AD007C
:10BE0000E80300000008000000000000000000003F
:10BE1000000000000000000000000000000014000E
:10BE2000000010006400000000000000000000108E
:10BE3000000000000C00AD00E80300000008000056
:10BE400000000000000000000000000000000000F2
:10BE5000000000000000140000001000640000005A
:10BE60000000000000000010000000001C007E0325
:10BE7000E8030000000800000000000000000000CF
:10BE800000000000000000000000000000001000A2
:10BE9000000010006400000000000000020000101C
:10BEA0000000000018007F03E80300000008000005
:10BEB0000000000000000000000000000000000082
:10BEC00000000000000014000000100064000000EA
:10BED0000000000000000010000000001B008003B4
:10BEE000E80300000008000000000000000000005F
:10BEF0000000000000000000000000000000100032
:10BF000000001000640000000000000002000010AB
:10BF1000000000001D008103E8030000000800008D
:10BF20000000000000000000000000000000000011
:10BF3000000000000000100000001000640000007D
:10BF40000000000002000010000000001900830340
:10BF5000E8030000000800000000000000000000EE
:10BF600000000000000000000000000000001000C1
:10BF7000000010006400000000000000020000103B
:10BF8000000000001A008403E8030000000800001D
:10BF900000000000000000000000000000000000A1
:10BFA000000000000000100000001000640000000D
:10BFB00000000000020000100000000036009303A3
:10BFC000E80300000008000000000000000000007E
:10BFD0000000000000000000000000000000200041
:10BFE00000001000640000000000000002000010CB
:10BFF0000000000046002D03E803000000080000D8
:10C000000000000000000000000000000000000030
:10C01000000000000000100000001000640000009C
:10C020000000000002000010000000004900B603FC
:10C03000E80300000008000000000000000000000D
:10C0400000000000000000000000000000001000E0
:10C05000000058006400000000000000020300100F
:10C06000000000004A00B703E803000000080000D9
:10C0700000000000000000000000000000000000C0
:10C0800000000000000010000000580064000000E4
:10C090000000000002030010000000004B00B80385
:10C0A000E80300000008000000000000000000009D
:10C0B0000000000000000000000000000000100070
:10C0C00000004000640000000000000002030010B7
:10C0D000000000004C00B903E80300000008000065
:10C0E0000000000000000000000000000000000050
:10C0F000000000000000100000004000640000008C
:10C100000000000002030010000000004D00BA0310
:10C11000E80300000008000000000000000000002C
:10C1200000000000000000000000000000001000FF
:10C130000000400064000000000000000203001046
:10C14000000000004E00BB03E803000000080000F0
:10C1500000000000000000000000000000000000DF
:10C16000000000000000100000004000640000001B
:10C170000000000002030010000000004F00BC039C
:10C18000E8030000000800000000000000000000BC
:10C19000000000000000000000000000000014008B
:10C1A00000001000640000000000000010000010FB
:10C1B000000000005000BD03E8030000000800007C
:10C1C000000000000000000000000000000000006F
:10C1D00000000000000014000000100064000000D7
:10C1E0000000000010000010000000005100BE031D
:10C1F000E80300000008000000000000000000004C
:10C20000000000000000000000000000000014001A
:10C21000000010006400000000000000100000108A
:10C22000000000000000000000000000000000000E
:10C23000010401008D220210000000000200020033
:10C240001D1C02100200000002000200411D02102D
:10C250000300000002000200811D02100400000023
:10C2600002010500000000000600000002020500B7
:10C27000E51D021007000000020306000000000098
:10C280000800000002020500000000000900000094
:10C2900002010600091D0210020000000300020056
:10C2A0001D1C02100A00000003000200411D0210C4
:10C2B0000B00000003000200811D02100C000000B2
:10C2C00003000500000000000E000000030107004D
:10C2D0008D2002100F000000030205000000000086
:10C2E0001000000003010600091D02100A000000F2
:10C2F00004800800952202100100000001000200E5
:10C300001D1C02101200000001000200411D02105D
:10C310001300000001000200811D02101400000043
:10C3200001000400000000001600000001000800E9
:10C33000E9200210170000000101060000000000C3
:10C3400018000000010206000000000019000000B3
:10C3500001030500000000001A00000001020600B1
:10C36000000000001B0000000101060000000000AA
:10C370001C00000001000400000000001D0000007F
:10C3800001000800091D02101200000005800500D0
:10C39000952202101F000000058104009D2202105A
:10C3A00001000000060002001D1C02102000000019
:10C3B00006000200411D02102100000006000200DC
:10C3C000811D021022000000060004000000000091
:10C3D000240000000600080045210210250000008E
:10C3E0000601080000000000260000000602080008
:10C3F000391D0210270000000603080023BB0110AE
:10C4000028000000060408000000000029000000C9
:10C41000060508002FBB01102A00000006060700D1
:10C42000000000002B000000060707003BBB0110C6
:10C430002C00000006000600091D0210200000006C
:10C4400006010800000000002E00000006000400A5
:10C45000000000002100000006880600952202105E
:10C4600030000000068905009D2202100100000036
:10C47000070002001D1C021031000000070002002E
:10C48000411D02103200000007000200811D021051
:10C490003300000007000500E9210210350000000C
:10C4A00007010500E9210210360000000701010024
:10C4B000091D0210310000000880060095220210BC
:10C4C00001000000088106009D220210010000000A
:10C4D000090002001D1C02103900000009000200C2
:10C4E000411D02103A00000009000200811D0210E7
:10C4F0003B00000009010900B91D02103D000000C9
:10C5000009010D004D1F02103E000000090101004D
:10C51000091D0210390000000A8004009522021053
:10C52000400000000A8105000000000041000000FA
:10C530000A8205009D220210420000000A830500C5
:10C540009D220210010000000B0205001D1C0210BC
:10C55000440000000B0305001D1C021043000000F6
:10C560000B020200411D0210450000000B020200F8
:10C57000811D0210460000000B000500751E021010
:10C58000480000000B010500751E02104900000064
:10C590000B010100091D0210430000000C00020005
:10C5A0001D1C02104A0000000C000200411D021078
:10C5B0004B0000000C000200811D02104C00000026
:10C5C0000C0004009D1F02104E0000000C0115001D
:10C5D000091D02104A0000000D800500952202107E
:10C5E000010000000D8105009522021001000000ED
:10C5F0000E0002001D1C0210510000000E0002007F
:10C60000411D0210520000000E000200811D0210A8
:10C61000530000000E0015005523021055000000C5
:10C620000E010B00B91D0210560000000E010B0098
:10C63000751F0210570000000E011500091D0210A1
:10C64000510000000F800C009522021059000000DC
:10C650000F8107009D220210010000001002090056
:10C66000000000005B000000100109000000000055
:10C670005C00000010000900000000000000000045
:10C6800011800500000000005E000000110105009F
:10C69000000000005F000000110205000000000023
:10C6A0006000000011030500000000000000000011
:10C6B00012800500000000006200000012810500E9
:10C6C000000000006100000012820700000000006E
:10C6D00064000000128307000000000065000000F5
:10C6E0001284070000000000000000001380050015
:10C6F000000000006700000013810500000000003A
:10C7000066000000138207000000000069000000BE
:10C7100013830700000000006A0000001384070074
:10C72000000000000000000014800700000000006E
:10C730006C00000014810700000000006B00000086
:10C7400015800500000000006E0000001581050046
:10C75000000000006F0000001582050000000000CE
:10C76000700000001583050000000000710000004B
:10C770001584050000000000000000001680020083
:10C78000000000007200000017800500000000009B
:10C790007400000017810500000000007300000015
:10C7A00018800900000000007600000018810900D0
:10C7B000000000007700000018820900A522021086
:10C7C00078000000188309000000000079000000D4
:10C7D00018840900000000007A0000001885090094
:10C7E00000000000000000001980090000000000A7
:10C7F0007C00000019810900000000007D0000009D
:10C8000019820900000000007E0000001983090061
:10C810000000000000000000168109006DB9011041
:10C820008000000016820700000000008100000068
:10C830001683050000000000000000001A800700B9
:10C8400000000000830000001A81070000000000C3
:10C85000840000001A80070000000000850000002E
:10C860001A81070000000000860000001A820700FD
:10C8700000000000870000001A830700000000008D
:10C88000880000001A8407000000000089000000F2
:10C890001A850700000000008A0000001A860700C1
:10C8A000000000008B0000001A8707000000000055
:10C8B0008C0000001A880700000000008D000000B6
:10C8C0001A89070000000000000000001B8007001C
:10C8D000000000008F0000001B8107000000000026
:10C8E000900000001B800700000000009100000085
:10C8F0001B81070000000000920000001B8207005F
:10C9000000000000930000001B83070000000000EF
:10C91000940000001B8407000000000000000000DD
:10C920001C00000000000000000000001C000500CA
:10C9300000000000970000001C010500000000003E
:10C94000980000001C020500000000009900000093
:10C950001C03050000000000960000001C040D00F0
:10C9600000000000950000001C850700000000008A
:10C970009A0000001C060500000000009D00000059
:10C980001C0605007DB80110950000001C070B0077
:10C99000000000009F0000001C080B0099BE011061
:10C9A000A00000001C090B009DB80110A1000000B0
:10C9B0001C0A0B0000000000A20000001C0B0B0072
:10C9C00000000000A30000001C0C0B000000000091
:10C9D000A40000001C0D000000000000000000008A
:10C9E0001C0E060000000000A60000001C0F060040
:10C9F00071B80110A70000001C1006009DB80110BE
:10CA0000A80000001C11060000000000A9000000A2
:10CA10001C12060000000000AA0000001C13060003
:10CA200000000000AB0000001C1406000000000025
:10CA3000AC0000001C15060000000000AD00000066
:10CA40001C16000000000000000000001D000B008C
:10CA500005A40110AF0000001D010B0005A401108A
:10CA6000AE0000001D000500FDA40110B100000093
:10CA70001D000500FDA40110B20000001D0105000D
:10CA8000FDA40110B30000001D010500FDA401106C
:10CA9000B40000001D020500FDA40110B500000057
:10CAA0001D020500FDA40110B60000001D030500D5
:10CAB000FDA40110B70000001D030500FDA4011036
:10CAC000B00000001D040B0055A70110B9000000C4
:10CAD0001D050900C9A70110BA0000001D040900C6
:10CAE00000000000B00000001D060400000000006F
:10CAF000BC0000001D0604007DB80110B00000005D
:10CB00001D07060000000000BE0000001D08060012
:10CB100009B80110BF0000001D0906009DB80110F2
:10CB2000C00000001D0A060000000000C100000057
:10CB30001D0B000000000000000000001D0C06009E
:10CB400000000000C30000001D0D060071B80110B8
:10CB5000C40000001D0E06009DB80110C5000000B5
:10CB60001D0F060000000000C60000001D1006009A
:10CB700000000000C70000001D11060000000000BA
:10CB8000C80000001D12060000000000C9000000DF
:10CB90001D13060000000000CA0000001D14000064
:10CBA00000000000000000001D0A06000000000058
:10CBB000CC0000001D09060000000000CD000000B0
:10CBC0001D08060000000000CE0000001D07060042
:10CBD00000000000B00000001E000B0005A40110C2
:10CBE000D00000001E010B0005A40110CF000000C2
:10CBF0001E000400FDA40110D20000001E0004006D
:10CC0000FDA40110D30000001E010400FDA40110CA
:10CC1000D40000001E010400FDA40110D500000096
:10CC20001E020400FDA40110D60000001E02040034
:10CC3000FDA40110D70000001E030400FDA4011094
:10CC4000D80000001E030400FDA40110D100000064
:10CC50001E040B0055A70110DA0000001E850B0012
:10CC60002DA80110DB0000001E040B0000000000D6
:10CC7000D10000001E06040000000000DD000000DE
:10CC80001E0604007DB80110D10000001E0706003A
:10CC900000000000DF0000001E08060009B80110B7
:10CCA000E00000001E0906009DB80110E100000030
:10CCB0001E0A060000000000E20000001E0B00003B
:10CCC00000000000000000001E0C06000000000034
:10CCD000E40000001E0D060071B80110E500000020
:10CCE0001E0E06009DB80110E60000001E0F060093
:10CCF00000000000E70000001E1006000000000019
:10CD0000E80000001E11060000000000E90000001D
:10CD10001E12060000000000EA0000001E130600BC
:10CD200000000000EB0000001E14000000000000E6
:10CD3000000000001E0B060000000000ED000000D7
:10CD40001E0A060000000000EE0000001E0906009A
:10CD500000000000EF0000001E08060000000000B8
:10CD6000F00000001E07060000000000D1000000D7
:10CD70001F000B0005A40110F20000001F010B00B2
:10CD800005A40110F10000001F00030009AF01100D
:10CD9000F40000001F00030009AF0110F5000000BF
:10CDA0001F01030009AF0110F60000001F0103007E
:10CDB00009AF0110F70000001F02030009AF0110C6
:10CDC000F80000001F02030009AF0110F900000085
:10CDD0001F03030009AF0110FA0000001F03030046
:10CDE00009AF0110FB0000001F04030009AF011090
:10CDF000FC0000001F04030009AF0110FD0000004B
:10CE00001F05030009AF0110FE0000001F0503000D
:10CE100009AF0110F30000001F86010069B0011086
:10CE2000000100001F860B0055A701100101000042
:10CE30001F87090049B10110020100001F88090085
:10CE400055A70110030100001F89090055A7011013
:10CE5000040100001F8A090055A701100501000008
:10CE60001F8B090055A70110060100001F8C090047
:10CE700055A70110070100001F8D090055A70110DB
:10CE8000080100001F8E0900D5B101100901000042
:10CE90001F8F150000000000F30000001F9A0B0018
:10CEA000000000000B0100001F9B0B0000000000B1
:10CEB0000C0100001F9C0B0000000000F3000000AC
:10CEC0001F100600000000000E0100001F100600E9
:10CED0007DB80110F30000001F10080000000000E2
:10CEE000100100001F11080009B801101101000015
:10CEF0001F1208009DB80110120100001F13080046
:10CF000000000000130100001F14080000000000D2
:10CF1000140100001F1508000000000015010000AA
:10CF20001F16080000000000160100001F17060071
:10CF300000000000170100001F180600000000009C
:10CF4000180100001F190000000000000000000090
:10CF50002080030025B101101A0100002081030088
:10CF600075B001101B0100002080030075B0011096
:10CF70001C0100002081030075B001101D0100009C
:10CF80002082030037B101101E0100002081030040
:10CF900075B001101F0100002082030075B0011060
:10CFA000200100002081030075B001102101000064
:10CFB0002082030075B001102201000020830300CD
:10CFC00075B00110230100002082030075B001102C
:10CFD000240100002083030075B00110250100002A
:10CFE0002082030075B00110260100002083030099
:10CFF00075B00110270100002084030075B00110F6
:10D00000280100002083030075B0011029010000F1
:10D010002084030075B001102A0100002083030062
:10D0200075B001102B0100002084030037B10110FE
:10D030002C0100002085030075B001102D010000B7
:10D040002084030075B001102E010000208503002C
:10D0500075B001102F0100002084030075B001108D
:10D06000300100002085030075B00110310100007F
:10D070002086030075B001103201000020870300F4
:10D0800075B00110330100002086030075B0011057
:10D09000340100002087030075B001103501000045
:10D0A0002086030075B001103601000020870300C0
:10D0B00075B0011000000000110105000000000023
:10D0C00038010000110205000000000039010000D5
:10D0D00011010500000000003A01000011020500E6
:10D0E000000000003B0100001103050000000000EB
:10D0F0000000000021800300CDAC01103D010000C4
:10D1000021810300CDAC01103C0100002280090008
:10D11000000000003F010000228107000000000025
:10D120004001000022820500000000000000000015
:10D1300023000B0005A401104201000023010B0095
:10D1400005A401104101000023000300FDA401100B
:10D150004401000023000300FDA40110450100006C
:10D1600023010300FDA40110460100002301030078
:10D17000FDA401104701000023020300FDA40110DB
:10D180004801000023020300FDA401104901000032
:10D1900023030300FDA401104A0100002303030040
:10D1A000FDA401104B01000023040300FDA40110A5
:10D1B0004C01000023040300FDA401104D010000F8
:10D1C00023050300FDA401104E0100002305030008
:10D1D000FDA40110430100002306010055A7011022
:10D1E000500100002306070081AE0110510100002C
:10D1F0002307070055A7011052010000230807006C
:10D20000A3AE0110430100002389010055A70110BE
:10D210005401000023890B0055A70110550100009F
:10D22000230A0B0041AC011056010000230A0B0039
:10D2300055A7011043010000230B06000000000069
:10D2400058010000230B06007DB8011043010000C7
:10D25000230B0800000000005A010000230C080006
:10D26000000000005B010000230D080009B8011058
:10D270005C010000230E08009DB801105D01000054
:10D28000230F0800000000005E01000023100000D2
:10D290000000000000000000231006000000000055
:10D2A00060010000230F0600000000006101000083
:10D2B000230E06000000000062010000230D06009E
:10D2C0000000000063010000230C060000000000C5
:10D2D00064010000230B0600000000004301000071
:10D2E0002480050000000000660100002481050084
:10D2F0000000000065010000168109000000000028
:10D3000068010000168207000000000069010000AB
:10D31000168305000000000000000000250010003A
:10D3200005A401106B0100002501100005A40110E7
:10D330006A01000025000500FDA401106D01000038
:10D3400025000500FDA401106E0100002501050067
:10D35000FDA401106F01000025010500FDA40110CE
:10D360007001000025020500FDA4011071010000FC
:10D3700025020500FDA4011072010000250305002F
:10D38000FDA401107301000025030500FDA4011098
:10D390007401000025040500FDA4011075010000C2
:10D3A00025040500FDA401107601000025050500F7
:10D3B000FDA401107701000025050500FDA4011062
:10D3C0006C01000025061500D9B20110790100009A
:10D3D00025870B00EDB201107A0100002508060038
:10D3E00055A701107B0100002506060055A7011076
:10D3F0007C01000025870B00C5B301107D010000F2
:10D400002508060055A701107E010000250606002C
:10D4100055A701107F01000025870B009DB4011066
:10D42000800100002508060055A7011081010000B9
:10D430002506060055A701106C010000250904000F
:10D440000000000083010000250904007DB80110E0
:10D450006C010000250A07000000000085010000A3
:10D46000250B070009B8011086010000250C0700F4
:10D470009DB8011087010000250D07000000000085
:10D4800088010000250E070000000000890100004F
:10D49000250F0700000000008A010000251007008A
:10D4A000000000008B0100002511070000000000B3
:10D4B0008C01000025120700000000008D01000013
:10D4C0002513000095B90110000000002511060089
:10D4D000000000008F010000251006000000000081
:10D4E00090010000250F06000000000091010000DF
:10D4F000250E06000000000092010000250D060028
:10D500000000000093010000250C06000000000050
:10D5100094010000250B06000000000095010000AA
:10D52000250A0600000000006C01000026000B0028
:10D5300005A401109701000026010B0005A40110AD
:10D540009601000026000400FDA4011099010000CE
:10D5500026000400FDA401109A0100002601040029
:10D56000FDA401109B01000026010400FDA4011090
:10D570009C01000026020400FDA401109D01000092
:10D5800026020400FDA401109E01000026030400F1
:10D59000FDA401109F01000026030400FDA401105A
:10D5A0009801000026040B0055A70110A1010000FE
:10D5B00026850500A5A80110A2010000268405000B
:10D5C000A5A80110A30100002605020011A9011061
:10D5D000A10100002606040000000000A5010000D3
:10D5E000260604007DB801109801000026070600F9
:10D5F00000000000A70100002608060009B801107D
:10D60000A8010000260906009DB80110A90100002C
:10D61000260A060000000000AA010000260B0600F2
:10D6200000000000AB010000260C06000000000016
:10D63000AC010000260D000000000000000000000A
:10D64000260E060000000000AE010000260F0600B6
:10D6500071B80110AF010000261006009DB801103E
:10D66000B00100002611060000000000B10100001A
:10D670002612060000000000B20100002613000080
:10D680000000000000000000260D06000000000061
:10D69000B4010000260C060000000000B5010000E7
:10D6A000260B060000000000B6010000260A060056
:10D6B00000000000B701000026090600000000007D
:10D6C000B80100002608060000000000B9010000B3
:10D6D00026070600000000009801000000000B0073
:10D6E00005A40110BB01000000010B0005A40110FE
:10D6F000BA01000000000400FDA40110BD010000FB
:10D7000000000400FDA40110BE010000000104009F
:10D71000FDA40110BF01000000010400FDA40110E0
:10D72000C001000000020400FDA40110C1010000BE
:10D7300000020400FDA40110C20100000003040067
:10D74000FDA40110C301000000030400FDA40110AA
:10D75000BC0100000004090055A70110C50100002C
:10D760000005090055A70110C601000000060700CA
:10D770000FAA0110BC010000000703000000000018
:10D78000C8010000000703007DB80110BC010000C3
:10D790000008090000000000CA010000000909009B
:10D7A00009B80110CB010000000A070000000000CA
:10D7B000CC010000000B07009DB80110CD01000056
:10D7C000000C00000000000000000000000D06003A
:10D7D00000000000CF010000000E060071B801102B
:10D7E000D0010000000F060000000000D101000081
:10D7F000001006009DB80110D201000000110600C3
:10D8000000000000D301000000120600000000002C
:10D81000D40100000013060000000000D501000044
:10D82000001400000000000000000000000C0900CF
:10D8300000000000D7010000000B090000000000FC
:10D84000D8010000000A070000000000D901000014
:10D850000009070000000000DA01000000080700CE
:10D8600000000000BC01000027000B0005A401100F
:10D87000DC01000027010B0005A40110DB01000002
:10D8800027000300FDA40110DE01000027000300B3
:10D89000FDA40110DF01000027010300FDA4011019
:10D8A000E001000027010300FDA40110E1010000D8
:10D8B00027020300FDA40110E2010000270203007B
:10D8C000FDA40110E301000027030300FDA40110E3
:10D8D000E401000027030300FDA40110DD010000A6
:10D8E0002704090055A70110E601000027050900DB
:10D8F00055A70110E7010000270609009DAA0110A5
:10D90000DD0100002707030000000000E90100001E
:10D91000270703007DB80110DD010000270809007A
:10D9200000000000EB0100002709090009B8011000
:10D93000EC010000270A050000000000ED010000D6
:10D94000270B05009DB80110EE010000270C050013
:10D9500000000000EF010000270D000000000000A3
:10D9600000000000270D060000000000F10100008B
:10D97000270C060000000000F2010000270B060043
:10D9800000000000F3010000270A0600000000006C
:10D99000F40100002709060000000000F501000066
:10D9A0002708060000000000DD01000028000B0031
:10D9B00005A40110F601000028000400FDA40110D8
:10D9C000F70100002801060055A70110F901000029
:10D9D0002802060055A70110FA010000288306005E
:10D9E000F5AA0110F701000028040400000000005F
:10D9F000FC010000280404007DB80110FD010000B6
:10DA00002805070000000000F701000028060900B3
:10DA100000000000FF0100002807090009B80110FC
:10DA200000020000280809000000000001020000B8
:10DA3000280909000000000002020000280A09006D
:10DA40009DB8011003020000280B00000000000038
:10DA500000000000280B0900000000000502000083
:10DA6000280A090000000000060200002809090039
:10DA70000000000007020000280809000000000064
:10DA80000802000028070900000000000902000049
:10DA90002806090000000000F701000029800500A9
:10DAA000000000000B0200002981050000000000BA
:10DAB0000A02000029820700000000000D02000099
:10DAC00029830700000000000E02000029840700DF
:10DAD00000000000000000002A000B0005A4011057
:10DAE000100200002A010B0005A401100F02000023
:10DAF0002A000400FDA40110120200002A00040004
:10DB0000FDA40110130200002A010400FDA401106D
:10DB1000140200002A010400FDA4011015020000F7
:10DB20002A020400FDA40110160200002A020400CB
:10DB3000FDA40110170200002A030400FDA4011037
:10DB4000180200002A030400FDA4011011020000C5
:10DB50002A04090055A701101A0200002A0509002D
:10DB600055A701101B0200002A060900B5AB0110E1
:10DB7000110200002A070300000000001D0200003F
:10DB80002A0703007DB80110110200002A080900CD
:10DB9000000000001F0200002A09090009B8011056
:10DBA000200200002A0A09000000000021020000F3
:10DBB0002A0B09009DB80110220200002A0C09005E
:10DBC00000000000230200002A0D090000000000F0
:10DBD000240200002A0E000095B901100000000088
:10DBE0002A0E090000000000260200002A0D09008C
:10DBF00000000000270200002A0C090000000000BD
:10DC0000280200002A0B0900000000002902000081
:10DC10002A0A0900000000002A0200002A0909005F
:10DC2000000000002B0200002A080900000000008C
:10DC3000110200002B000B0005A401102D020000B2
:10DC40002B010B0005A401102C0200002B00040086
:10DC5000FDA401102F0200002B000400FDA4011000
:10DC6000300200002B010400FDA40110310200006D
:10DC70002B010400FDA40110320200002B0204005D
:10DC8000FDA40110330200002B020400FDA40110CA
:10DC9000340200002B030400FDA401103502000033
:10DCA0002B030400FDA401102E0200002B04090028
:10DCB00055A70110370200002B05090055A70110D8
:10DCC000380200002B060900B5AB01102E0200003F
:10DCD0002B070300000000003A0200002B0703009E
:10DCE0007DB801102E0200002B0809000000000082
:10DCF0003C0200002B09090009B801103D02000098
:10DD00002B0A0900000000003E0200002B0B090056
:10DD10009DB801103F0200002B0C0900000000001C
:10DD2000400200002B0D090000000000410200002D
:10DD30002B0E000000000000000000002B0E090068
:10DD400000000000430200002B0D0900000000004D
:10DD5000440200002B0C09000000000045020000F6
:10DD60002B0B090000000000460200002B0A0900EE
:10DD700000000000470200002B090900000000001D
:10DD8000480200002B080900000000002E020000DD
:10DD90002C800B0005A401104A0200002C810B000E
:10DDA00005A40110490200002C800700FDA4011009
:10DDB0004C0200002C810700FDA401104B02000062
:10DDC0002C820B0055A701104E0200002C83050089
:10DDD000CDB501104F0200002C82050000000000AC
:10DDE000500200002C830500000000004F020000DC
:10DDF0002C84040000000000520200002C84040067
:10DE00007DB801104B0200002C85070000000000C7
:10DE1000540200002C86070009B8011055020000CA
:10DE20002C87070000000000560200002C88070025
:10DE30009DB80110570200002C09070000000000E7
:10DE4000580200002C0A070000000000000000003B
:10DE50002D000B0005A401105A0200002D010B003B
:10DE600005A40110590200002D000400FFBA0110A2
:10DE70005C0200002D000400FDA401105D02000002
:10DE80002D010400FDA401105E0200002D0104001C
:10DE9000FDA401105F0200002D020400FFBA011072
:10DEA000600200002D020400FDA4011061020000C8
:10DEB0002D030400FDA40110620200002D030400E4
:10DEC000FDA40110630200002D040400FFBA01103C
:10DED000640200002D040400FDA40110650200008E
:10DEE0002D050400FDA40110660200002D050400AC
:10DEF000FDA401105B0200002D80150055A7011044
:10DF0000680200002D8605002DA80110690200009E
:10DF10002D8705002DA801106A0200002D87020040
:10DF200071A90110680200002D0804000000000023
:10DF30006C0200002D0804007DB801105B02000097
:10DF40002D09150009B801106E0200002D0A0B0002
:10DF50009DB801106F0200002D0B0B0000000000A7
:10DF6000700200002D0C0B00000000007102000088
:10DF70002D0D0B0000000000720200002D0E0B00A2
:10DF800000000000730200002D0F0B0000000000D5
:10DF9000740200002D100B0000000000750200004C
:10DFA0002D110B0000000000760200002D121F0052
:10DFB00000000000770200002D12000095B901104A
:10DFC000000000002E000B0005A4011079020000E3
:10DFD0002E010B0005A40110780200002E00150090
:10DFE000000000007B0200002E00040011BB0110A5
:10DFF0007C0200002E000400FDA401107D02000040
:10E000002E010400FDA401107E0200002E01040078
:10E01000FDA401107F0200002E020400FDA40110E7
:10E02000800200002E020400FDA401108102000005
:10E030002E03040011BB0110820200002E03040015
:10E04000FDA40110830200002E040400FDA40110B1
:10E05000840200002E040400FDA4011085020000CB
:10E060002E050400FDA40110860200002E05040008
:10E07000FDA401107B0200002E80150055A70110A1
:10E08000880200002E860500D1A901108902000037
:10E090002E870500000000008A0200002E87020083
:10E0A00071A90110880200002E0804000000000081
:10E0B0008C0200002E0804007DB801107B020000D5
:10E0C0002E09150009B801108E0200002E0A080062
:10E0D0009DB801108F0200002E0B08000000000008
:10E0E000900200002E0C08000000000091020000C9
:10E0F0002E0D080000000000920200002E0E080005
:10E1000000000000930200002E0F000095B90110DE
:10E11000000000002E0F0600000000009502000025
:10E120002E0E060000000000960200002E0D0600D4
:10E1300000000000970200002E0C06000000000006
:10E14000980200002E0B060000000000990200005B
:10E150002E0A0600000000009A0200002E090600A8
:10E16000000000007B0200002F800600000000007D
:10E170009C0200002F810600000000009B020000AE
:10E1800030800600000000009E0200003081060082
:10E19000000000009F020000308206000000000026
:10E1A000A00200003083060000000000A102000071
:10E1B00030840600000000000000000031000B0069
:10E1C00005A40110A302000031010B0005A40110F9
:10E1D000A202000031000400EDBA0110A502000007
:10E1E00031000400FDA40110A6020000310104006A
:10E1F000FDA40110A702000031010400FDA40110DC
:10E20000A802000031020400FDA40110A9020000D0
:10E2100031020400FDA40110AA0200003103040031
:10E22000FFBA0110AB02000031030400FDA401108D
:10E23000A40200003104070055A70110AD02000040
:10E2400031050D0077AB0110AE02000031040D0066
:10E2500055A70110AF02000031050D0077AB01108A
:10E26000B002000031040D0055A70110B1020000FA
:10E2700031050D0077AB0110A402000031060B0040
:10E280007DB80110A402000031070B00000000005F
:10E29000B402000031080B0009B80110B5020000FB
:10E2A00031090B0000000000B6020000310A0B002B
:10E2B00000000000B7020000310B0B00000000005E
:10E2C000B8020000310C0B009DB80110B90200002B
:10E2D000310D0B0000000000BA020000310E0B00EF
:10E2E00000000000BB020000310F1F000000000012
:10E2F000BC020000310F000095B9011000000000C1
:10E3000032000B0005A40110BD0200003200040021
:10E31000FDA40110BF02000032000400FDA40110A2
:10E32000C002000032010400FDA40110C10200007F
:10E3300032010400FDA40110C202000032020400F8
:10E34000FDA40110C302000032020400FDA401106C
:10E35000BE0200003203060055A70110C5020000EE
:10E360003204060055A70110C602000032850600DF
:10E3700055A70110C702000032850100E1B7011066
:10E38000BE0200003206070000000000C9020000C3
:10E39000320607007DB80110BE0200003287090076
:10E3A00000000000CB0200003288090009B801100B
:10E3B000CC0200003289090000000000CD020000FC
:10E3C000328A090000000000CE020000328B0900F2
:10E3D00021B90110CF020000328C090000000000BA
:10E3E00000000000320C090000000000D102000013
:10E3F000320B090000000000D2020000320A0900BE
:10E4000000000000D30200003209090000000000F3
:10E41000D40200003208090000000000D50200000C
:10E420003207090000000000BE02000033000B00AC
:10E4300005A40110D702000033010B0005A4011050
:10E44000D602000033000400FDA40110D902000030
:10E4500033000400FDA40110DA02000033010400BF
:10E46000FDA40110DB02000033010400FDA4011033
:10E47000DC02000033020400FDA40110DD020000F4
:10E4800033020400FDA40110DE0200003303040087
:10E49000FDA40110DF02000033030400FDA40110FD
:10E4A000D802000033040B0055A70110E102000060
:10E4B00033050B0055A70110E2020000338605006A
:10E4C000A5A80110E30200003305070055A70110BD
:10E4D000E402000033860500A5A80110E502000053
:10E4E0003305020011A90110E10200003307040006
:10E4F00000000000E7020000330704007DB80110AF
:10E50000D80200003308060000000000E902000005
:10E510003309060009B80110EA020000330A0600B8
:10E520009DB80110EB020000330B06000000000054
:10E53000EC020000330C00000000000000000000AE
:10E54000330D060000000000EE020000330E06004E
:10E5500071B80110EF020000330F06009DB80110E2
:10E56000F00200003310060000000000F10200007D
:10E570003311060000000000F20200003312060012
:10E5800000000000F302000033130600000000004A
:10E59000F40200003314060000000000F502000041
:10E5A000331500000000000000000000330C0600DE
:10E5B00000000000F7020000330B0600000000001E
:10E5C000F8020000330A060000000000F902000013
:10E5D0003309060000000000FA02000033080600BC
:10E5E00000000000D802000034000000000000001D
:10E5F000FB0200003400070000000000FD020000E4
:10E600003401070000000000FE0200003402070091
:10E6100009B80110FF0200003403070000000000E9
:10E6200000030000340407000000000001030000A4
:10E630003405070000000000020300003406070054
:10E640000000000003030000340707000000000082
:10E650000403000034080700000000000503000068
:10E66000340907000000000006030000340A070018
:10E67000A9B8011007030000340B000000000000DF
:10E6800000000000340C0500000000000903000039
:10E69000340C09007DB80110FB02000035000000B9
:10E6A000000000000000000035012500D1BB011072
:10E6B0000A03000035006500DDBB01100D030000FA
:10E6C00035000B00000000000E03000035000B00B9
:10E6D000000000000F03000035000000C5BC011061
:10E6E0000000000033000B0005A40110100300001F
:10E6F0003300B60055BB0110120300003300970031
:10E70000CDBC0110120300003680040085BE01104C
:10E710001403000036810400A1BD011015030000A0
:10E7200036820400A1BD01101603000036830400E8
:10E73000A1BD0110130300002080050075B0011079
:10E74000180300002081050075B0011019030000B6
:10E750002082050075B001101A0300002083050017
:10E7600075B001101B0300002084050075B0011076
:10E770001C0300002085050075B001101D0300007A
:10E780002086050075B001101E03000020870500DB
:10E7900075B001100000000016810B0000000000A1
:10E7A0002003000016820B0000000000210300007F
:10E7B00016830B0069BC0110000000003700070041
:10E7C0000000000023030000378108000000000063
:10E7D00022030000380007000000000025030000AD
:10E7E0003881070000000000240300003900070002
:10E7F00000000000270300003901070000000000AE
:10E80000260300003A8006000000000029030000F3
:10E810003A81060009B801102A0300003A82060076
:10E82000000000002B0300003A830B006DB90110BB
:10E830002C0300003A840B000000000000000000E0
:10E840003B800500000000002E0300003B81050016
:10E85000000000002F0300003B82050000000000C4
:10E860002D0300003C000700000000003103000001
:10E870003C01070000000000320300003C020700DA
:10E8800000000000330300003C030700000000000C
:10E89000340300003C0207000000000035030000C4
:10E8A0003C01070000000000300300003D000700AD
:10E8B00000000000370300003D01070000000000D9
:10E8C000380300003D02070000000000390300008B
:10E8D0003D030700000000003A0300003D0207006E
:10E8E000000000003B0300003D01070000000000A5
:10E8F000360300003E000B00000000003D03000056
:10E900003E810B00000000003C0300003F000B00B4
:10E91000000000003F0300003F810B0000000000EA
:10E920003E03000040000B00000000004103000017
:10E9300040810B00000000004003000041000B007C
:10E94000000000004303000041810B0000000000B4
:10E950004203000042000B000000000045030000DD
:10E9600042810B00000000004403000043000B0044
:10E97000000000004703000043810B00000000007E
:10E9800046030000440000000000000000000000FA
:10E990004500000000000000000000004680070065
:10E9A000000000004B03000046810700000000004B
:10E9B0004C03000046820700000000004D030000E9
:10E9C00046830700000000004E0300004682070057
:10E9D000000000004F030000468107000000000017
:10E9E0004A030000478007000000000051030000B8
:10E9F0004781070000000000520300004782070023
:10EA000000000000530300004783070000000000DF
:10EA100050030000488000000000000000000000DB
:10EA200049800700000000005603000049810700EC
:10EA300000000000570300004982070000000000AA
:10EA40005803000049830700000000005503000040
:10EA50004A800700000000005A0300004A810700B6
:10EA6000000000005B0300004A8207000000000075
:10EA70005C0300004A830700000000005903000007
:10EA80004B80000000000000000000004C800700E8
:10EA9000000000005F0300004C8107000000000040
:10EAA000600300004C8207000000000061030000CA
:10EAB0004C83070000000000620300004C82070046
:10EAC00000000000630300004C810700000000000C
:10EAD0005E0300004D800700000000006503000099
:10EAE0004D01070000000000640300004E0000001C
:10EAF00000000000000000004F00000000000000C7
:10EB000000000000500000000000000000000000B5
:10EB10005100000000000000000000005200000052
:10EB20000000000000000000530000000000000092
:10EB30000000000054000000000000000000000081
:10EB4000550000000000000000000000560000001A
:10EB5000000000000000000057000000000000005E
:10EB6000000000005800000000000000000000004D
:10EB70005900000000000000000000005A000000E2
:10EB800000000000000000005B000000000000002A
:10EB9000000000005C000000000000000000000019
:10EBA0005D00000000000000000000005E8000002A
:10EBB00000000000000000005F00000000000000F6
:10EBC0000000000060000B0000000000790300005E
:10EBD00060011000000000007A03000060020900DC
:10EBE000000000007B03000060010700000000003F
:10EBF000780300001C0D0000000000000000000071
:10EC00001C12000000000000000000006100000075
:10EC10000000000000000000620000000000000092
:10EC20000000000063000000000000000000000081
:10EC30006480070000000000820300006481070078
:10EC400000000000810300006500000000000000DB
:10EC500000000000660007000000000085030000BF
:10EC60006601090000000000840300006700000046
:10EC7000000000000000000068000000000000002C
:10EC8000000000006900000000000000000000001B
:10EC90006A00000000000000000000006B0000009F
:10ECA00000000000000000006C00000000000000F8
:10ECB000000000006D0000000000000000000000E7
:10ECC0006E00000000000000000000006F00000067
:10ECD0000000000000000000708000000000000044
:10ECE0000000000071800000000000000000000033
:10ECF000720000000000000000000000730000002F
:10ED0000000000000000000074000000000000008F
:10ED1000000000007500000000000000000000007E
:10ED2000768007000000000096030000768107004F
:10ED3000000000009703000076820700000000003A
:10ED40009803000076810700000000009503000092
:10ED500077800700000000009A0300007781070019
:10ED6000000000009B030000778207000000000005
:10ED70009903000078000F00000000009D030000D0
:10ED800078010F00000000009C030000798005005E
:10ED9000000000009F0300007981050000000000D2
:10EDA000A00300007982050000000000A10300001C
:10EDB00079830500000000009E0300007A800500B2
:10EDC00000000000A30300007A810500000000009D
:10EDD000A40300007A82050000000000A5030000E3
:10EDE0007A83050000000000A20300007B8005007C
:10EDF00000000000A70300007B8105000000000068
:10EE0000A80300007B82050000000000A9030000A9
:10EE10007B83050000000000A60300007C80050045
:10EE200000000000AB0300007C8105000000000032
:10EE3000AC0300007C82050000000000AD03000070
:10EE40007C83050000000000AA0300007D8005000F
:10EE500000000000AF0300007D81050000000000FD
:10EE6000B00300007D82050000000000B103000037
:10EE70007D83050000000000AE0300007E800500D9
:10EE800000000000B30300007E81050000000000C8
:10EE9000B40300007E82050000000000B5030000FE
:10EEA0007E83050000000000B20300007F00000028
:10EEB00000000000000000008000000000000000D2
:10EEC00000000000810000000000000000000000C1
:10EED000820000000000000000000000830000002D
:10EEE000000000000000000084000000000000009E
:10EEF000000000008500000000000000000000008D
:10EF000086000000000000000000000087000000F4
:10EF100000000000000000008880050000000000E4
:10EF2000C00300008881050000000000C10300004C
:10EF30008882050000000000C203000088830500ED
:10EF400000000000BF0300008980050000000000F1
:10EF5000C40300008981050000000000C503000013
:10EF60008982050000000000C603000089830500B7
:10EF700000000000C3030000505D5F1F38484E349E
:10EF8000391A1B1F2324263402002E735D7F0110C3
:10EF9000FFFF00000000000002002F6D217F011024
:10EFA000FFFF00000000000001000000C179011017
:10EFB0000100B16E897E01100100AF683582011039
:10EFC0000100AF64358201100100AF663582011087
:10EFD0000100B06A0D8201100100B26EA17901102A
:10EFE00001002965BD81011001002A6D9D78011085
:10EFF00001000F7391790110010024691589011036
:10F000000100256815890110010026681589011085
:10F0100001002775158901100100286E158901105E
:10F020000100206B7D810110010021747D810110A0
:10F03000010022697D810110010023747D8101108E
:10F0400047616D6D6120636F7272656374696F6E85
:10F05000204F464600000000000047616D6D6120B2
:10F06000636F7272656374696F6E206C6576656C30
:10F070002031000047616D6D6120636F72726563BE
:10F0800074696F6E206C6576656C20320000476194
:10F090006D6D6120636F7272656374696F6E206C51
:10F0A0006576656C2033000047616D6D6120636F8C
:10F0B0007272656374696F6E206C6576656C20345E
:10F0C0000000000000086DDCDEF1956B4BF8FE8C53
:10F0D00010424A15D32F50F29A1BCD80A1594D24CE
:10F0E0005F6E5530D48CD3F9164FC8321CBC348CAB
:10F0F000CA7844913E46B8BE5BC598E0956819B29F
:10F10000FCB6CAB68DC50451B5F2912A27E39CC658
:10F11000E1C1DB5D7AAFF900AF8F46EF2EF6A33584
:10F12000A36DA88702EB195C14918A4D45A64EB0D9
:10F13000ADD4A6715EA12932EF316FA4463C022501
:10F14000AB4B889C0B382A928AE549924D3D62C4AC
:10F15000876A3FC5C35660CB7165AAF7B57150FA8F
:10F160006C07FFED81E24F6B70A667F118DFEF7857
:10F17000C63A3C528003B8428FE091E051CEA32DB5
:10F180003F5AA8723B219F5F1C8B7B627DC40F4658
:10F19000C2FD360E6DE24711A15DBA57F48A1434F0
:10F1A0007BFB1A24112E34E7E84C1FDD5425D8A52B
:10F1B000D46AC5F2622B27AFFE91BE5476DEBB88BF
:10F1C00078A3ECF9B29201100A920110B2920110E8
:10F1D000A6920110AC9201109C9201106493011050
:10F1E000E093011064930110589301102E930110C5
:10F1F000589301107074725F746F5F73686F7274EC
:10F2000070747200A8950110B6950110A8950110B0
:10F21000D6950110D695011090950110D695011044
:10F220009095011014970110C29601109E9601103E
:10F230001497011044970110DE960110DE9601101C
:10F24000749601107074725F746F5F73686F72747C
:10F25000707472006D6F626A5F66756C6C0000009E
:10F260006D6F626A5F66756C6C0000007074725F2F
:10F27000746F5F73686F727470747200505F526560
:10F2800063757273697665536F756E640000000074
:10F290000000000098B700000000010098B70000CF
:10F2A000000000006848FFFF0000FFFF6848FFFF04
:10F2B0000000010098B70000000000006848FFFF50
:10F2C0000000FFFF6848FFFF0000000098B7000043
:10F2D00003010507040506070001020308000000FA
:10F2E0009EC20110B8C20110D2C2011006C30110A3
:10F2F0005AC30110FAC3011050C5011078C30110A0
:10F30000B8C3011002C301103CC30110FEC50110B7
:10F3100098C301107074725F746F5F73686F72745A
:10F3200070747200736563746F725F64656C74618E
:10F330005F6365696C696E6768656967687400001A
:10F34000736563746F725F7365745F6365696C691D
:10F350006E676865696768740000000073656374B0
:10F360006F725F64656C74615F666C6F6F72686505
:10F370006967687400000000736563746F725F737F
:10F3800065745F666C6F6F726865696768740000AA
:10F39000AACA0110EECA0110B8CA0110E0CA0110D1
:10F3A00002CB0110D2CA011094CB0110AACB0110DC
:10F3B000B4D00110B4D00110B4D00110C0CB0110F2
:10F3C00018CC011084CC0110CCCC0110A8CC0110B9
:10F3D000F0CC011038CD011014CD01105CCD01101E
:10F3E00074CD01103ACC01109CCD0110B4CD0110A8
:10F3F000DCCD01105CCC0110F4CD01100CCE01105D
:10F4000024CE01103CCE0110E0CE0110FACE011046
:10F4100014CF01102ECF011048CF011062CF011080
:10F420007CCF011096CF0110DACF0110F4CF01107C
:10F430001AD0011034D001104ED0011068D0011044
:10F440008ED001107074725F746F5F73686F727426
:10F45000707472006D6F626A5F66756C6C0000009C
:10F460006D6F626A5F66756C6C0000006D6F626A3A
:10F470005F66756C6C0000007074725F746F5F7310
:10F48000686F727470747200505F556E7365745457
:10F4900068696E67506F736974696F6E0000000071
:10F4A0000400000000000000000000000400000054
:10F4B0000000000000000000040000000000000048
:10F4C000000000000400000038F9022000000000E5
:10F4D00004000000480503200000000004000000B4
:10F4E0005005032000000000040000004C0503202C
:10F4F0000000000004000000000000000000000008
:10F50000780000000000000000000000080000007B
:10F510000000000000000000040000002C2F01206B
:10F5200000000000040000000000000000000000D7
:10F5300004000000000000000000000004000000C3
:10F54000000000000000000028000000180B03204D
:10F5500001000000040000000000000000000000A6
:10F5600004000000E42E032000000000040000005E
:10F57000000000000000000004000000442D0120F5
:10F580000000000004000000482D012000000000E1
:10F590000400000000000000000000000400000063
:10F5A000E22E032000000000000000000000000028
:10F5B000000000000001020203030303040404042A
:10F5C00004040404050505050505050505050505EF
:10F5D00005050505060606060606060606060606CF
:10F5E00006060606060606060606060606060606BB
:10F5F000060606060707070707070707070707079F
:10F60000070707070707070707070707070707078A
:10F61000070707070707070707070707070707077A
:10F62000070707070707070707070707070707076A
:10F63000070707070808080808080808080808084E
:10F64000080808080808080808080808080808083A
:10F65000080808080808080808080808080808082A
:10F66000080808080808080808080808080808081A
:10F67000080808080808080808080808080808080A
:10F6800008080808080808080808080808080808FA
:10F6900008080808080808080808080808080808EA
:10F6A00008080808080808080808080808080808DA
:10F6B0000808080810212132213232432132324316
:10F6C000324343542132324332434354324343544E
:10F6D00043545465213232433243435432434354FA
:10F6E000435454653243435443545465435454651E
:10F6F0005465657621323243324343543243435496
:10F7000043545465324343544354546543545465FD
:10F7100054656576324343544354546543545465A9
:10F7200054656576435454655465657654656576CD
:10F73000657676877074725F746F5F73686F7274CA
:10F74000707472006D6F626A5F66756C6C000000A9
:10F75000A81702103C170210EA1602102816021011
:10F76000721702107074725F746F5F73686F7274D7
:10F77000707472006D6F626A5F66756C6C00000079
:10F78000AE3F0210DA3F02100A400210264002107B
:10F79000E63F0210344002104240021018400210AE
:10F7A0005040021080400210C2400210E640021099
:10F7B0000A4102103A410210544102106E410210F7
:10F7C0008C410210505F5361766547616D655772D9
:10F7D000697465466C617368536C6F740000000057
:10F7E0007074725F746F5F73686F7274707472009C
:10F7F0006D6F626A5F66756C6C00000073617665A0
:10F80000675F77726974655F6D6F626A5F7400002D
:10F81000736563746F725F7365745F6365696C6948
:10F820006E676865696768740000000073656374DB
:10F830006F725F7365745F666C6F6F72686569671E
:10F8400068740000505F41726368697665576F7233
:10F850006C64000074685F666C7573685F627974CD
:10F860006573000074685F77726974655F626974BC
:10F870007300000074685F66696C6C5F6279746520
:10F880000000000074685F726561645F6269747390
:10F8900000000000505F4C6F616452656A656374DC
:10F8A00000000000505F4C6F61644C696E654465F8
:10F8B00066730000736563746F725F7365745F6372
:10F8C00065696C696E676865696768740000000047
:10F8D000736563746F725F7365745F666C6F6F726C
:10F8E00068656967687400006D6F626A5F66756C51
:10F8F0006C00000024590210245902105E590210B5
:10F900006E5902107E5902108E5902109E59021033
:10F9100024590210AE59021024590210BE59021087
:10F9200024590210D0590210E05902102459021033
:10F9300024590210F0590210005A021024590210E2
:10F940000E5A021024590210245902101E5A021095
:10F950002459021024590210305A0210245902105E
:10F96000245902102459021024590210405A02103E
:10F97000245902102459021024590210245902104B
:10F98000505A0210605A0210705A0210805A021027
:10F99000905A0210A25A021024590210245902103F
:10F9A00024590210BA5A0210245902102459021084
:10F9B000245902102459021024590210245902100B
:10F9C00024590210CA5A0210D05A0210E25A0210E8
:10F9D00024590210F05A0210005B02100E5B021054
:10F9E0001E5B0210245902102459021024590210DF
:10F9F00024590210245902102459021024590210CB
:10FA000024590210245902102459021024590210BA
:10FA100024590210E65B0210F05B0210FA5B021040
:10FA2000025C02100C5C0210165C021024590210D9
:10FA3000285C0210325C02103C5C0210465C021032
:10FA4000505C02105A5C021024590210645C0210CF
:10FA50006E5C02107A5C0210865C02108E5C0210F2
:10FA6000985C0210A25C0210AC5C0210B65C021042
:10FA7000C05C0210CC5C0210D65C0210E25C02108A
:10FA8000245902105C5B0210245902102459021000
:10FA9000245902102E5B0210EC5C0210F65C02107E
:10FAA000005D02103C5B02104C5B02106C5B0210AC
:10FAB000245902102459021024590210245902100A
:10FAC00024590210245902102459021024590210FA
:10FAD0007C5B02100A5D02108C5B0210245902103C
:10FAE000245902109E5B0210A45B0210165D0210E6
:10FAF00024590210325D02103C5D0210C65B0210F8
:10FB000024590210245902102459021024590210B9
:10FB100024590210245902102459021024590210A9
:10FB20002459021024590210D65B0210185E0210EC
:10FB3000E45D02107A5E0210FE5D02107A5E021031
:10FB40003E5E02107A5E0210505E02107A5E021073
:10FB50007A5E02107A5E02107A5E0210185E02105F
:10FB6000EC610210E6610210106202101C620210C9
:10FB700028620210EC610210EC610210EC610210CC
:10FB8000406202104862021052620210EC610210E0
:10FB90005A6202106662021072620210EC61021078
:10FBA000EC6102107C620210505F537061776E53FB
:10FBB00070656369616C73007074725F746F5F73FA
:10FBC000686F727470747200505F55706461746510
:10FBD0005370656369616C73000000006D6F626A49
:10FBE0005F66756C6C0000000200000806030008E8
:10FBF000080700080C0900080F0D00081310000882
:10FC0000171400081B1800081F1C0008585601088C
:10FC1000555201085C5901085F5D010862600108E6
:10FC20006463010867650108696801086C6A010876
:10FC3000706D010874710108787501087C790108FC
:10FC4000766C021030670210766C0210766C02102F
:10FC5000766C0210766C0210766C02103C67021013
:10FC6000766C021058670210766C021072670210F0
:10FC7000766C0210766C021082670210A067021088
:10FC8000766C0210766C0210BE670210766C021061
:10FC9000DA670210F8670210766C0210166802101C
:10FCA000766C0210766C021030670210306702101A
:10FCB0003067021032680210766C02103067021052
:10FCC000306702103067021030670210766C021045
:10FCD000766C0210766C0210766C0210766C021054
:10FCE000766C02104E680210166A0210326A021018
:10FCF000766C02104E6A0210766C0210766C02105E
:10FD0000766C021086680210A2680210BE680210AB
:10FD1000766C0210766C0210766C0210CE680210BF
:10FD2000766C0210766C0210766C0210766C021003
:10FD30006A6A0210866A0210A26A0210C06A021081
:10FD4000DC6A0210346B0210F86A0210166B0210A3
:10FD5000506B02106E6B02108A6B02106A68021000
:10FD6000766C0210766C0210766C0210766C0210C3
:10FD7000766C0210766C0210766C0210766C0210B3
:10FD8000766C0210766C0210766C0210766C0210A3
:10FD9000766C0210766C0210766C0210766C021093
:10FDA000766C0210766C0210766C0210766C021083
:10FDB000766C0210766C0210766C0210766C021073
:10FDC000766C0210766C0210766C0210246C0210B5
:10FDD000766C0210EA6802100669021022690210AD
:10FDE000766C0210766C0210766C0210766C021043
:10FDF000766C0210766C0210766C02103E6902106E
:10FE00005A69021076690210A66B0210C26B0210CA
:10FE1000DE6B02103067021030670210766C021041
:10FE2000766C0210766C021092690210FA6B021066
:10FE3000766C0210766C0210766C0210B0690210BB
:10FE4000766C0210766C0210766C0210D06902108B
:10FE50006D6F626A5F66756C6C000000505F537472
:10FE6000617274427574746F6E00000002030104C5
:10FE700005010607010809010A0B010C0D010E0F0F
:10FE8000011011011213011415011617011819019F
:10FE90001A1B011C1D012021012223011E1F0148E4
:10FEA00049014A4B012829024C4D022425024E4F9C
:10FEB000022627025051022A2B022C2D022E2F023D
:10FEC0003031023233033435033637033839033ADD
:10FED0003B033C3D033E3F03404103424303444553
:10FEE000034647036D6F626A5F66756C6C000000C5
:10FEF0008872021028720210327202103C720210D4
:10FF000046720210507202105A720210647202108D
:10FF10006E720210787202105A5F5468696E6B46F6
:10FF2000726565007468696E6B65725F6E000000D3
:10FF30005A5F5468696E6B4D616C6C6F63496D708C
:10FF40006C000000505F4164645468696E6B6572B8
:10FF5000000000007074725F746F5F73686F72747A
:10FF6000707472006D6F626A5F66756C6C00000081
:10FF7000525F537562736563746F7200525F496EAE
:10FF800069745370726974654C756D70730000000C
:10FF9000525F496E6974466C61747300525F496EBA
:10FFA0006974546578747572657300006C6F6F6B5B
:10FFB00075705F746578747572650000726573653D
:10FFC000745F6672616D656472617761626C65739E
:10FFD00000000000736964655F736574626F747418
:10FFE0006F6D74657874757265000000736964657F
:10FFF0005F7365746D69647465787475726500000B
:020000041005E5
:10000000736964655F736574746F70746578747513
:1000100072650000636865636B5F7377697463681A
:100020005F746578747572650000000073656374B1
:100030006F725F76616C6964636F756E745F757003
:10004000646174655F636865636B5F696D706C00A4
:100050006C696E655F7365745F6D61707065640077
:100060006C696E655F69735F6D61707065640000D7
:100070006C696E655F76616C6964636F756E745FE1
:100080007570646174655F636865636B5F696D70EB
:100090006C0000006C696E655F7370656369616C0C
:1000A000000000007768645F6C696E655F7370655F
:1000B0006369616C00000000636C6561725F6C696C
:1000C0006E655F7370656369616C00006D6F626A75
:1000D0005F66756C6C00000040014001400140010A
:1000E0004001400140014001400140014001400108
:1000F00040014001400140014001400140014001F8
:1001000040014001400140014001400140014001E7
:1001100040014001400140014001400140014001D7
:1001200040014001400140014001400140014001C7
:1001300040014001400140014001400140014001B7
:1001400040014001400140014001400140014001A7
:100150004001400140014001400140014001400197
:100160004001400140014001400140014001400187
:100170004001400140014001400140014001400177
:100180004001400140014001400140014001400167
:100190004001400140014001400140014001400157
:1001A0004001400140014001400140014001400147
:1001B0004001400140014001400140014001400137
:1001C0004001400140014001400140014001400127
:1001D0004001400140014001400140014001400117
:1001E0004001400140014001400140014001400107
:1001F00040014001400140014001400140014001F7
:1002000040014001400140014001400140014001E6
:1002100040014001400140014001400140014001D6
:1002200040014001400140014001400140014001C6
:1002300040014001400140014001400140014001B6
:1002400040014001400140014001400140014001A6
:100250004001400140014001400140014001400196
:100260004001400140014001400140014001400186
:100270004001400140014001400140014001400176
:100280004001400140014001400140014001400166
:100290004001400140014001400140014001400156
:1002A0004001400140014001400140014001400146
:1002B0004001400140014001400140014001400136
:1002C0004001400140014001400140014001400126
:1002D0004001400140014001400140014001400116
:1002E0004001400140014001400140014001400106
:1002F00040014001400140014001400140014001F6
:1003000040014001400140014001400140014001E5
:1003100040014001400140014001400140014001D5
:1003200040014001400140014001400140014001C5
:1003300040014001400140014001400140014001B5
:1003400040014001400140014001400140014001A5
:100350004001400140014001400140014001400195
:100360004001400140014001400140014001400185
:100370004001400140014001400140014001400175
:100380004001400140014001400140014001400165
:100390004001400140014001400140014001400155
:1003A0004001400140014001400140014001400145
:1003B0004001400140014001400140014001400135
:1003C0004001400140014001400140014001400125
:1003D0004001400140014001400140014001400115
:1003E0004001400140014001400140014001400105
:1003F00040014001400140014001400140014001F5
:1004000040014001400140014001400140014001E4
:1004100040014001400140014001400140014001D4
:1004200040014001400140014001400140014001C4
:1004300040014001400140014001400140014001B4
:1004400040014001400140014001400140014001A4
:100450004001400140014001400140014001400194
:100460004001400140014001400140014001400184
:100470004001400140014001400140014001400174
:100480004001400140014001400140014001400164
:100490004001400140014001400140014001400154
:1004A0004001400140014001400140014001400144
:1004B0004001400140014001400140014001400134
:1004C0004001400140014001400140014001400124
:1004D0004001400140014001400140014001400114
:1004E0004001400140014001400140014001400104
:1004F00040014001400140014001400140014001F4
:1005000040014001400140014001400140014001E3
:1005100040014001400140014001400140014001D3
:1005200040014001400140014001400140014001C3
:1005300040014001400140014001400140014001B3
:1005400040014001400140014001400140014001A3
:100550004001400140014001400140014001400193
:100560004001400140014001400140014001400183
:100570004001400140014001400140014001400173
:100580004001400140014001400140014001400163
:100590004001400140014001400140014001400153
:1005A0004001400140014001400140014001400143
:1005B0004001400140014001400140014001400133
:1005C0004001400140014001400140014001400123
:1005D0004001400140014001400140014001400113
:1005E0004001400140014001400140014001400103
:1005F00040014001400140014001400140014001F3
:1006000040014001400140014001400140014001E2
:1006100040014001400140014001400140014001D2
:1006200040014001400140014001400140014001C2
:1006300040014001400140014001400140014001B2
:1006400040014001400140014001400140014001A2
:100650004001400140014001400140014001400192
:100660004001400140014001400140014001400182
:100670004001400140014001400140014001400172
:100680004001400140014001400140014001400162
:100690004001400140014001400140014001400152
:1006A0004001400140014001400140014001400142
:1006B0004001400140014001400140014001400132
:1006C0004001400140014001400140014001400122
:1006D0004001400140014001400140014001400112
:1006E0004001400140014001400140014001400102
:1006F00040014001400140014001400140014001F2
:1007000040014001400140014001400140014001E1
:1007100040014001400140014001400140014001D1
:1007200040014001400140014001400140014001C1
:1007300040014001400140014001400140014001B1
:1007400040014001400140014001400140014001A1
:100750004001400140014001400140014001400191
:100760004001400140014001400140014001400181
:100770004001400140014001400140014001400171
:100780004001400140014001400140014001400161
:100790004001400140014001400140014001400151
:1007A0004001400140014001400140014001400141
:1007B0004001400140014001400140014001400131
:1007C0004001400140014001400140014001400121
:1007D0004001400140014001400140014001400111
:1007E0004001400140014001400140014001400101
:1007F00040014001400140014001400140014001F1
:1008000040014001400140014001400140014001E0
:1008100040014001400140014001400140014001D0
:1008200040014001400140014001400140014001C0
:1008300040014001400140014001400140014001B0
:1008400040014001400140014001400140014001A0
:100850004001400140014001400140014001400190
:100860004001400140014001400140014001400180
:100870004001400140014001400140014001400170
:100880004001400140014001400140014001400160
:100890004001400140014001400140014001400150
:1008A0004001400140014001400140014001400140
:1008B0004001400140014001400140014001400130
:1008C0004001400140014001400140014001400120
:1008D0004001400140014001400140014001400110
:1008E0003F013F013F013F013E013E013E013E010C
:1008F0003D013D013D013D013C013C013C013C010C
:100900003B013B013B013B013A013A013A013A010B
:100910003A01390139013901390138013801380109
:100920003801370137013701370137013601360108
:100930003601360135013501350135013401340107
:100940003401340134013301330133013301320105
:100950003201320132013201310131013101310103
:10096000300130013001300130012F012F012F0102
:100970002F012E012E012E012E012E012D012D0100
:100980002D012D012C012C012C012C012C012B01FE
:100990002B012B012B012B012A012A012A012A01FB
:1009A00029012901290129012901280128012801FA
:1009B00028012801270127012701270127012601F6
:1009C00026012601260125012501250125012501F4
:1009D00024012401240124012401230123012301F2
:1009E00023012301220122012201220122012101EE
:1009F00021012101210121012001200120012001EB
:100A000020011F011F011F011F011F011E011E01E7
:100A10001E011E011E011D011D011D011D011D01E3
:100A20001C011C011C011C011C011B011B011B01E1
:100A30001B011B011A011A011A011A011A011901DD
:100A400019011901190119011901180118011801D9
:100A500018011801170117011701170117011601D5
:100A600016011601160116011501150115011501D2
:100A700015011501140114011401140114011301CD
:100A800013011301130113011201120112011201CA
:100A900012011201110111011101110111011001C5
:100AA000100110011001100110010F010F010F01C1
:100AB0000F010F010E010E010E010E010E010E01BC
:100AC0000D010D010D010D010D010C010C010C01B9
:100AD0000C010C010C010B010B010B010B010B01B3
:100AE0000B010A010A010A010A010A0109010901AF
:100AF00009010901090109010801080108010801AA
:100B000008010801070107010701070107010701A3
:100B100006010601060106010601050105010501A0
:100B2000050105010501040104010401040104019A
:100B30000401030103010301030103010301020195
:100B40000201020102010201020101010101010190
:100B5000010101010101000100010001000100018A
:100B60000001FF00FF00FF00FF00FF00FF00FE008C
:100B7000FE00FE00FE00FE00FE00FD00FD00FD0088
:100B8000FD00FD00FD00FC00FC00FC00FC00FC0082
:100B9000FC00FB00FB00FB00FB00FB00FB00FB007C
:100BA000FA00FA00FA00FA00FA00FA00F900F90077
:100BB000F900F900F900F900F800F800F800F80071
:100BC000F800F800F700F700F700F700F700F7006B
:100BD000F700F600F600F600F600F600F600F50065
:100BE000F500F500F500F500F500F400F400F40060
:100BF000F400F400F400F400F300F300F300F30059
:100C0000F300F300F200F200F200F200F200F20052
:100C1000F200F100F100F100F100F100F100F0004C
:100C2000F000F000F000F000F000F000EF00EF0046
:100C3000EF00EF00EF00EF00EE00EE00EE00EE0040
:100C4000EE00EE00EE00ED00ED00ED00ED00ED0039
:100C5000ED00EC00EC00EC00EC00EC00EC00EC0033
:100C6000EB00EB00EB00EB00EB00EB00EB00EA002D
:100C7000EA00EA00EA00EA00EA00EA00E900E90026
:100C8000E900E900E900E900E800E800E800E80020
:100C9000E800E800E800E700E700E700E700E70019
:100CA000E700E700E600E600E600E600E600E60012
:100CB000E600E500E500E500E500E500E500E5000B
:100CC000E400E400E400E400E400E400E400E30005
:100CD000E300E300E300E300E300E300E200E200FE
:100CE000E200E200E200E200E200E100E100E100F7
:100CF000E100E100E100E100E000E000E000E000F0
:100D0000E000E000E000DF00DF00DF00DF00DF00E8
:100D1000DF00DF00DE00DE00DE00DE00DE00DE00E1
:100D2000DE00DD00DD00DD00DD00DD00DD00DD00DA
:100D3000DC00DC00DC00DC00DC00DC00DC00DB00D4
:100D4000DB00DB00DB00DB00DB00DB00DA00DA00CD
:100D5000DA00DA00DA00DA00DA00D900D900D900C6
:100D6000D900D900D900D900D900D800D800D800BE
:100D7000D800D800D800D800D700D700D700D700B7
:100D8000D700D700D700D600D600D600D600D600B0
:100D9000D600D600D600D500D500D500D500D500A8
:100DA000D500D500D400D400D400D400D400D400A1
:100DB000D400D300D300D300D300D300D300D3009A
:100DC000D300D200D200D200D200D200D200D20092
:100DD000D100D100D100D100D100D100D100D1008B
:100DE000D000D000D000D000D000D000D000CF0084
:100DF000CF00CF00CF00CF00CF00CF00CF00CE007C
:100E0000CE00CE00CE00CE00CE00CE00CD00CD0074
:100E1000CD00CD00CD00CD00CD00CD00CC00CC006C
:100E2000CC00CC00CC00CC00CC00CB00CB00CB0065
:100E3000CB00CB00CB00CB00CB00CA00CA00CA005D
:100E4000CA00CA00CA00CA00CA00C900C900C90055
:100E5000C900C900C900C900C800C800C800C8004E
:100E6000C800C800C800C800C700C700C700C70046
:100E7000C700C700C700C700C600C600C600C6003E
:100E8000C600C600C600C500C500C500C500C50037
:100E9000C500C500C500C400C400C400C400C4002F
:100EA000C400C400C400C300C300C300C300C30027
:100EB000C300C300C300C200C200C200C200C2001F
:100EC000C200C200C200C100C100C100C100C10017
:100ED000C100C100C000C000C000C000C000C00010
:100EE000C000C000BF00BF00BF00BF00BF00BF0008
:100EF000BF00BF00BE00BE00BE00BE00BE00BE0000
:100F0000BE00BE00BD00BD00BD00BD00BD00BD00F7
:100F1000BD00BD00BC00BC00BC00BC00BC00BC00EF
:100F2000BC00BC00BB00BB00BB00BB00BB00BB00E7
:100F3000BB00BB00BA00BA00BA00BA00BA00BA00DF
:100F4000BA00BA00B900B900B900B900B900B900D7
:100F5000B900B900B800B800B800B800B800B800CF
:100F6000B800B800B700B700B700B700B700B700C7
:100F7000B700B700B600B600B600B600B600B600BF
:100F8000B600B600B500B500B500B500B500B500B7
:100F9000B500B500B400B400B400B400B400B400AF
:100FA000B400B400B300B300B300B300B300B300A7
:100FB000B300B300B200B200B200B200B200B2009F
:100FC000B200B200B100B100B100B100B100B10097
:100FD000B100B100B000B000B000B000B000B0008F
:100FE000B000B000AF00AF00AF00AF00AF00AF0087
:100FF000AF00AF00AE00AE00AE00AE00AE00AE007F
:10100000AE00AE00AD00AD00AD00AD00AD00AD0076
:10101000AD00AD00AC00AC00AC00AC00AC00AC006E
:10102000AC00AC00AB00AB00AB00AB00AB00AB0066
:10103000AB00AB00AB00AA00AA00AA00AA00AA005D
:10104000AA00AA00AA00A900A900A900A900A90055
:10105000A900A900A900A800A800A800A800A8004D
:10106000A800A800A800A700A700A700A700A70045
:10107000A700A700A700A600A600A600A600A6003D
:10108000A600A600A600A500A500A500A500A50035
:10109000A500A500A500A400A400A400A400A4002D
:1010A000A400A400A400A400A300A300A300A30024
:1010B000A300A300A300A300A200A200A200A2001C
:1010C000A200A200A200A200A100A100A100A10014
:1010D000A100A100A100A100A000A000A000A0000C
:1010E000A000A000A000A0009F009F009F009F0004
:1010F0009F009F009F009F009E009E009E009E00FC
:101100009E009E009E009E009D009D009D009D00F3
:101110009D009D009D009D009D009C009C009C00EA
:101120009C009C009C009C009C009B009B009B00E2
:101130009B009B009B009B009B009A009A009A00DA
:101140009A009A009A009A009A00990099009900D2
:1011500099009900990099009900980098009800CA
:1011600098009800980098009800970097009700C2
:1011700097009700970097009700960096009600BA
:1011800096009600960096009600960095009500B1
:1011900095009500950095009500950094009400A9
:1011A00094009400940094009400940093009300A1
:1011B0009300930093009300930093009200920099
:1011C0009200920092009200920092009100910091
:1011D0009100910091009100910091009000900089
:1011E0009000900090009000900090008F008F0081
:1011F0008F008F008F008F008F008F008E008E0079
:101200008E008E008E008E008E008E008D008D0070
:101210008D008D008D008D008D008D008C008C0068
:101220008C008C008C008C008C008C008B008B0060
:101230008B008B008B008B008B008B008A008A0058
:101240008A008A008A008A008A008A008900890050
:101250008900890089008900890089008800880048
:101260008800880088008800880088008700870040
:101270008700870087008700870087008600860038
:101280008600860086008600860086008500850030
:101290008500850085008500850085008400840028
:1012A0008400840084008400840084008300830020
:1012B0008300830083008300830083008200820018
:1012C0008200820082008200820082008100810010
:1012D0008100810081008100810081008000800008
:1012E000800080008000800080007F007F007F0001
:1012F0007F007F007F007F007F007E007E007E00F9
:101300007E007E007E007E007E007D007D007D00F0
:101310007D007D007D007D007D007C007C007C00E8
:101320007C007C007C007C007C007B007B007B00E0
:101330007B007B007B007B007A007A007A007A00D9
:101340007A007A007A007A007900790079007900D1
:1013500079007900790079007800780078007800C9
:1013600078007800780077007700770077007700C2
:1013700077007700770076007600760076007600BA
:1013800076007600760075007500750075007500B2
:1013900075007500740074007400740074007400AB
:1013A00074007400730073007300730073007300A3
:1013B000730072007200720072007200720072009C
:1013C0007200710071007100710071007100710094
:1013D000700070007000700070007000700070008D
:1013E0006F006F006F006F006F006F006F006E0086
:1013F0006E006E006E006E006E006E006E006D007E
:101400006D006D006D006D006D006D006C006C0076
:101410006C006C006C006C006C006B006B006B006F
:101420006B006B006B006B006B006A006A006A0067
:101430006A006A006A006A00690069006900690060
:101440006900690069006800680068006800680059
:101450006800680068006700670067006700670051
:10146000670067006600660066006600660066004A
:101470006600650065006500650065006500650043
:10148000640064006400640064006400640063003D
:101490006300630063006300630063006200620036
:1014A000620062006200620062006100610061002F
:1014B0006100610061006100600060006000600028
:1014C0006000600060005F005F005F005F005F0021
:1014D0005F005F005E005E005E005E005E005E001A
:1014E0005E005D005D005D005D005D005D005D0013
:1014F0005C005C005C005C005C005C005C005B000D
:101500005B005B005B005B005B005B005A005A0005
:101510005A005A005A005A005A00590059005900FE
:1015200059005900590059005800580058005800F7
:1015300058005800570057005700570057005700F1
:1015400057005600560056005600560056005600EA
:1015500055005500550055005500550055005400E4
:1015600054005400540054005400530053005300DE
:1015700053005300530053005200520052005200D7
:1015800052005200510051005100510051005100D1
:1015900051005000500050005000500050004F00CB
:1015A0004F004F004F004F004F004F004E004E00C5
:1015B0004E004E004E004E004D004D004D004D00BF
:1015C0004D004D004D004C004C004C004C004C00B8
:1015D0004C004B004B004B004B004B004B004A00B3
:1015E0004A004A004A004A004A004A0049004900AD
:1015F00049004900490049004800480048004800A7
:1016000048004800470047004700470047004700A0
:10161000460046004600460046004600460045009B
:101620004500450045004500450044004400440095
:10163000440044004400430043004300430043008F
:10164000430042004200420042004200420041008A
:101650004100410041004100410040004000400085
:101660004000400040003F003F003F003F003F007F
:101670003F003E003E003E003E003E003E003D007A
:101680003D003D003D003D003D003C003C003C0075
:101690003C003C003C003B003B003B003B003B006F
:1016A0003A003A003A003A003A003A00390039006C
:1016B0003900390039003900380038003800380066
:1016C0003800380037003700370037003700360061
:1016D000360036003600360036003500350035005D
:1016E0003500350035003400340034003400340057
:1016F0003300330033003300330033003200320054
:10170000320032003200310031003100310031004E
:101710003100300030003000300030002F002F004A
:101720002F002F002F002F002E002E002E002E0045
:101730002E002D002D002D002D002D002C002C0042
:101740002C002C002C002C002B002B002B002B003D
:101750002B002A002A002A002A002A00290029003A
:101760002900290029002800280028002800280036
:101770002800270027002700270027002600260032
:10178000260026002600250025002500250025002E
:10179000240024002400240024002300230023002C
:1017A0002300230022002200220022002200210028
:1017B0002100210021002100200020002000200025
:1017C00020001F001F001F001F001F001E001E0022
:1017D0001E001E001E001D001D001D001D001D001E
:1017E0001C001C001C001C001C001B001B001B001C
:1017F0001B001A001A001A001A001A00190019001A
:101800001900190019001800180018001800180015
:101810001700170017001700160016001600160014
:101820001600150015001500150015001400140011
:10183000140014001300130013001300130012000F
:10184000120012001200110011001100110011000D
:1018500010001000100010000F000F000F000F000C
:101860000F000E000E000E000E000D000D000D000A
:101870000D000D000C000C000C000C000B000B0008
:101880000B000B000A000A000A000A000A00090007
:101890000900090009000800080008000800070006
:1018A0000700070007000700060006000600060004
:1018B0000500050005000500040004000400040004
:1018C0000300030003000300020002000200020004
:1018D0000100010001000100010000000000000003
:1018E00000000000000000000000000000000000F8
:1018F00000000000000000000000000000000000E8
:1019000000000000000000000000000000000000D7
:1019100000000000000000000000000000000000C7
:1019200000000000000000000000000000000000B7
:1019300000000000000000000000000000000000A7
:101940000000000000000000000000000000000097
:101950000000000000000000000000000000000087
:101960000000000000000000000000000000000077
:101970000000000000000000000000000000000067
:101980000000000000000000000000000000000057
:101990000000000000000000000000000000000047
:1019A0000000000000000000000000000000000037
:1019B0000000000000000000000000000000000027
:1019C0000000000000000000000000000000000017
:1019D0000000000000000000000000000000000007
:1019E00000000000000000000000000000000000F7
:1019F00000000000000000000000000000000000E7
:101A000000000000000000000000000000000000D6
:101A100000000000000000000000000000000000C6
:101A200000000000000000000000000000000000B6
:101A300000000000000000000000000000000000A6
:101A40000000000000000000000000000000000096
:101A50000000000000000000000000000000000086
:101A60000000000000000000000000000000000076
:101A70000000000000000000000000000000000066
:101A80000000000000000000000000000000000056
:101A90000000000000000000000000000000000046
:101AA0000000000000000000000000000000000036
:101AB0000000000000000000000000000000000026
:101AC0000000000000000000000000000000000016
:101AD0000000000000000000000000000000000006
:101AE00000000000000000000000000000000000F6
:101AF00000000000000000000000000000000000E6
:101B000000000000000000000000000000000000D5
:101B100000000000000000000000000000000000C5
:101B200000000000000000000000000000000000B5
:101B300000000000000000000000000000000000A5
:101B40000000000000000000000000000000000095
:101B50000000000000000000000000000000000085
:101B60000000000000000000000000000000000075
:101B70000000000000000000000000000000000065
:101B80000000000000000000000000000000000055
:101B90000000000000000000000000000000000045
:101BA0000000000000000000000000000000000035
:101BB0000000000000000000000000000000000025
:101BC0000000000000000000000000000000000015
:101BD0000000000000000000000000000000000005
:101BE00000000000000000000000000000000000F5
:101BF00000000000000000000000000000000000E5
:101C000000000000000000000000000000000000D4
:101C100000000000000000000000000000000000C4
:101C200000000000000000000000000000000000B4
:101C300000000000000000000000000000000000A4
:101C40000000000000000000000000000000000094
:101C50000000000000000000000000000000000084
:101C60000000000000000000000000000000000074
:101C70000000000000000000000000000000000064
:101C80000000000000000000000000000000000054
:101C90000000000000000000000000000000000044
:101CA0000000000000000000000000000000000034
:101CB0000000000000000000000000000000000024
:101CC0000000000000000000000000000000000014
:101CD0000000000000000000000000000000000004
:101CE00000000000000000000000000000000000F4
:101CF00000000000000000000000000000000000E4
:101D000000000000000000000000000000000000D3
:101D100000000000000000000000000000000000C3
:101D200000000000000000000000000000000000B3
:101D300000000000000000000000000000000000A3
:101D40000000000000000000000000000000000093
:101D50000000000000000000000000000000000083
:101D60000000000000000000000000000000000073
:101D70000000000000000000000000000000000063
:101D80000000000000000000000000000000000053
:101D90000000000000000000000000000000000043
:101DA0000000000000000000000000000000000033
:101DB0000000000000000000000000000000000023
:101DC0000000000000000000000000000000000013
:101DD0000000000000000000000000000000000003
:101DE00000000000000000000000000000000000F3
:101DF00000000000000000000000000000000000E3
:101E000000000000000000000000000000000000D2
:101E100000000000000000000000000000000000C2
:101E200000000000000000000000000000000000B2
:101E300000000000000000000000000000000000A2
:101E40000000000000000000000000000000000092
:101E50000000000000000000000000000000000082
:101E60000000000000000000000000000000000072
:101E70000000000000000000000000000000000062
:101E80000000000000000000000000000000000052
:101E90000000000000000000000000000000000042
:101EA0000000000000000000000000000000000032
:101EB0000000000000000000000000000000000022
:101EC0000000000000000000000000000000000012
:101ED0000000000000000000000000000000000002
:101EE00000000000000000000000000000000000F2
:101EF00000000000000000000000000000000000E2
:101F000000000000000000000000000000000000D1
:101F100000000000000000000000000000000000C1
:101F200000000000000000000000000000000000B1
:101F300000000000000000000000000000000000A1
:101F40000000000000000000000000000000000091
:101F50000000000000000000000000000000000081
:101F60000000000000000000000000000000000071
:101F70000000000000000000000000000000000061
:101F80000000000000000000000000000000000051
:101F90000000000000000000000000000000000041
:101FA0000000000000000000000000000000000031
:101FB0000000000000000000000000000000000021
:101FC0000000000000000000000000000000000011
:101FD0000000000000000000000000000000000001
:101FE00000000000000000000000000000000000F1
:101FF00000000000000000000000000000000000E1
:1020000000000000000000000000000000000000D0
:1020100000000000000000000000000000000000C0
:1020200000000000000000000000000000000000B0
:1020300000000000000000000000000000000000A0
:102040000000000000000000000000000000000090
:102050000000000000000000000000000000000080
:102060000000000000000000000000000000000070
:102070000000000000000000000000000000000060
:102080000000000000000000000000000000000050
:102090000000000000000000000000000000000040
:1020A0000000000000000000000000000000000030
:1020B0000000000000000000000000000000000020
:1020C0000000000000000000000000000000000010
:1020D00000000000000000000820E01FC01FA01F3B
:1020E000801F601F401F181FF81ED81EB01E901EB4
:1020F000701E481E281E001EE01DB81D981D701D74
:10210000501D281D001DE01CB81C901C681C481C9C
:10211000201CF81BD01BA81B801B581B301B081B46
:10212000E01AB81A901A681A381A101AE819C01961
:102130009019681940191019E818B8189018601803
:1021400038180818D817B017801750172017F81626
:10215000C8169816681638160816D815A8157815D2
:1021600048151815E014B014801450141814E8130E
:10217000B813801350131813E812B01280124812CB
:102180001812E011A811701140110811D010981008
:1021900060102810F00FB80F800F480F100FD80EE6
:1021A000A00E680E300EF80DB80D800D480D080D0C
:1021B000D00C980C580C200CE00BA80B680B300BC3
:1021C000F00AB80A780A380A000AC00980094809E2
:1021D0000809C808880848081008D0079007500761
:1021E0001007D006900650061006D0059005500541
:1021F0001005D004900450041004D0039003500341
:102200001003D002880248020802C8018801480170
:102210000801C000800040000000C0FF80FF40FFB8
:10222000F8FEB8FE78FE38FEF8FDB8FD78FD30FD0A
:10223000F0FCB0FC70FC30FCF0FBB0FB70FB30FB42
:10224000F0FAB0FA70FA30FAF0F9B0F970F930F942
:10225000F0F8B0F870F830F8F0F7B8F778F738F72A
:10226000F8F6B8F680F640F600F6C8F588F548F5B9
:1022700010F5D0F498F458F420F4E0F3A8F368F3E0
:1022800030F3F8F2B8F280F248F208F2D0F198F1A7
:1022900060F128F1F0F0B8F080F048F010F0D8EFDD
:1022A000A0EF68EF30EFF8EEC0EE90EE58EE20EEC3
:1022B000E8EDB8ED80ED50ED18EDE8ECB0EC80EC19
:1022C00048EC18ECE8EBB0EB80EB50EB20EBE8EAE5
:1022D000B8EA88EA58EA28EAF8E9C8E998E968E932
:1022E00038E908E9E0E8B0E880E850E828E8F8E7ED
:1022F000C8E7A0E770E748E718E7F0E6C0E698E629
:1023000070E640E618E6F0E5C8E598E570E548E5D2
:1023100020E5F8E4D0E4A8E480E458E430E408E4FC
:10232000E0E3B8E398E370E348E320E300E3D8E2B6
:10233000B0E290E268E248E220E200E2D8E1B8E1EF
:1023400090E170E150E128E108E1E8E0C0E0A0E0C0
:1023500080E060E040E020E0F8DF0000FF7F0080E8
:102360000080FF7F756A1269FA67E466D065BF6412
:10237000B0636262586152600B5F0B5E0B5DCE5BB7
:10238000D65A9F59AB587C578B5661557554535349
:1023900032524E5134501B4F084E2D4D1D4C134B95
:1023A0000A4A02490048FF46014606450D441943C2
:1023B0002642364118402D3F463E603D503C703B22
:1023C000913A8B39B238B137DE36E43516352034E0
:1023D0002F3367327C319330AE2FF12E102E332DF8
:1023E000582C802BAB2AD9290A293E287327AC26E2
:1023F000C725062546248B23B222FB2146217720C0
:10240000C71FFD1E541E901DEB1C2D1C8D1BD51AC5
:10241000201A6E19D7182A188017DA16351694154F
:10242000F6145A14C1132A13971206127711EB10DF
:102430006210DB0F450FC30E440EB60D3C0DC50CEC
:10244000400CCD0B4E0BE00A660AFE0989092609ED
:10245000B7084B08F00789072507D006710616064E
:10246000BD0567051D05CC047E043304EA03A403FF
:1024700060031E03E002A4026B0234020002CF01DB
:10248000A00174014A012301FD00DB00BB009E0096
:1024900080006900530040003000220016000C004C
:1024A000060002000100020005000B0015002000DC
:1024B0002E003E00510066007D009B00B800D70052
:1024C000F9001E0145016F019A01C901FA012E02AE
:1024D00064029D02D902170358039A03E0032A04F9
:1024E0007504C30414055C05B2050A066506C40636
:1024F00019077C07E2073E08AA0818097B09F009BA
:10250000570AD10A3E0BBD0B2F0CB40C2C0DA40D99
:10251000330EB10E310FC80F4F10D8106411F111E6
:1025200082121513AC134414DF147E151F16C21645
:1025300069171218BF185419061ABA1A721B131CFD
:10254000D01C751D371EE21EAA1F5A202821DC212F
:1025500093226C232724E524A6258C2652271B28AA
:10256000E728B729882A5C2B342C0E2DEA2DCB2E98
:10257000872F6D30553141320733F833EB34BB359B
:10258000B436883787386039653A443B233C323D5E
:10259000173EFE3EE93F0541F541E742DD43D444A5
:1025A000CF45CC46CB47CF48D449DD4AE84BF74C22
:1025B000D04DE54EFB4F1651FA5119533B54275558
:1025C0004E563F576E586359975A905BCC5CCB5D23
:1025D000CC5E106015611F626D637B648C659E66C6
:1025E000B367CC6870645F6164645F636F6C756DC2
:1025F0006E3200006D616B655F64726177636F6C52
:10260000756D6E00525F476574436F6C756D6E003B
:10261000525F52656E6465725365674C6F6F7000F0
:102620006D6F626A5F66756C6C0000006D616B6552
:102630005F64726177636F6C756D6E00525F4765A2
:10264000745061746368436F6C756D6E00000000B8
:1026500074685F726561645F6261636B7761726405
:10266000735F626974730000525F447261774D61F9
:10267000736B6564436F6C756D6E00006D6F626A9D
:102680005F66756C6C00000016000000140000000E
:102690001500000005000000100000000D00000003
:1026A0000F0000000E000000090000006765745F65
:1026B0006D75745F736678696E666F5F7400000095
:1026C0006E6F6E650000000000000000000000005A
:1026D000FFFFFFFFFFFFFFFF706973746F6C000067
:1026E0000040000000000000FFFFFFFFFFFFFFFFB2
:1026F00073686F74676E0000004000000000000007
:10270000FFFFFFFFFFFFFFFF7367636F636B000057
:102710000040000000000000FFFFFFFFFFFFFFFF81
:1027200064736874676E00000040000000000000E1
:10273000FFFFFFFFFFFFFFFF64626F706E0000008E
:102740000040000000000000FFFFFFFFFFFFFFFF51
:102750006462636C73000000004000000000000031
:10276000FFFFFFFFFFFFFFFF64626C6F616400000B
:102770000040000000000000FFFFFFFFFFFFFFFF21
:10278000706C61736D61000000400000000000008B
:10279000FFFFFFFFFFFFFFFF626667000000000012
:1027A0000040000000000000FFFFFFFFFFFFFFFFF1
:1027B00073617775700000000040000000000000A9
:1027C000FFFFFFFFFFFFFFFF73617769646C00008D
:1027D0000076000000000000FFFFFFFFFFFFFFFF8B
:1027E00073617766756C0000004000000000000017
:1027F000FFFFFFFFFFFFFFFF736177686974000051
:102800000040000000000000FFFFFFFFFFFFFFFF90
:10281000726C61756E6300000040000000000000F3
:10282000FFFFFFFFFFFFFFFF7278706C6F64000017
:102830000046000000000000FFFFFFFFFFFFFFFF5A
:1028400066697273687400000046000000000000B2
:10285000FFFFFFFFFFFFFFFF66697278706C0000EB
:102860000046000000000000FFFFFFFFFFFFFFFF2A
:102870007073746172740000006400000000000056
:10288000FFFFFFFFFFFFFFFF7073746F700000001A
:102890000064000000000000FFFFFFFFFFFFFFFFDC
:1028A000646F726F706E0000006400000000000032
:1028B000FFFFFFFFFFFFFFFF646F72636C73000099
:1028C0000064000000000000FFFFFFFFFFFFFFFFAC
:1028D00073746E6D6F7600000077000000000000DA
:1028E000FFFFFFFFFFFFFFFF73777463686E000059
:1028F000004E000000000000FFFFFFFFFFFFFFFF92
:102900007377746368780000004E000000000000D8
:10291000FFFFFFFFFFFFFFFF706C7061696E00003B
:102920000060000000000000FFFFFFFFFFFFFFFF4F
:10293000646D7061696E00000060000000000000BE
:10294000FFFFFFFFFFFFFFFF706F7061696E000008
:102950000060000000000000FFFFFFFFFFFFFFFF1F
:1029600076697061696E0000006000000000000080
:10297000FFFFFFFFFFFFFFFF6D6E7061696E0000DC
:102980000060000000000000FFFFFFFFFFFFFFFFEF
:1029900070657061696E000000600000000000005A
:1029A000FFFFFFFFFFFFFFFF736C6F700000000071
:1029B000004E000000000000FFFFFFFFFFFFFFFFD1
:1029C0006974656D75700000004E00000000000025
:1029D000FFFFFFFFFFFFFFFF77706E7570000000C5
:1029E000004E000000000000FFFFFFFFFFFFFFFFA1
:1029F0006F6F660000000000006000000000000033
:102A0000FFFFFFFFFFFFFFFF74656C657074000040
:102A10000020000000000000FFFFFFFFFFFFFFFF9E
:102A2000706F7369743100000062000000000000E4
:102A3000FFFFFFFFFFFFFFFF706F7369743200003D
:102A40000062000000000000FFFFFFFFFFFFFFFF2C
:102A5000706F7369743300000062000000000000B2
:102A6000FFFFFFFFFFFFFFFF626773697431000024
:102A70000062000000000000FFFFFFFFFFFFFFFFFC
:102A80006267736974320000006200000000000099
:102A9000FFFFFFFFFFFFFFFF7367747369740000A0
:102AA0000062000000000000FFFFFFFFFFFFFFFFCC
:102AB000636163736974000000620000000000003D
:102AC000FFFFFFFFFFFFFFFF627273736974000077
:102AD000005E000000000000FFFFFFFFFFFFFFFFA0
:102AE0006379627369740000005C000000000000FC
:102AF000FFFFFFFFFFFFFFFF737069736974000042
:102B0000005A000000000000FFFFFFFFFFFFFFFF73
:102B10006273707369740000005A000000000000C6
:102B2000FFFFFFFFFFFFFFFF6B6E74736974000010
:102B3000005A000000000000FFFFFFFFFFFFFFFF43
:102B400076696C7369740000005A00000000000090
:102B5000FFFFFFFFFFFFFFFF6D616E7369740000F1
:102B6000005A000000000000FFFFFFFFFFFFFFFF13
:102B70007065736974000000005A000000000000D6
:102B8000FFFFFFFFFFFFFFFF736B6C61746B0000C3
:102B90000046000000000000FFFFFFFFFFFFFFFFF7
:102BA00073677461746B0000004600000000000051
:102BB000FFFFFFFFFFFFFFFF736B6570636800009F
:102BC0000046000000000000FFFFFFFFFFFFFFFFC7
:102BD00076696C61746B0000004600000000000024
:102BE000FFFFFFFFFFFFFFFF636C61770000000046
:102BF0000046000000000000FFFFFFFFFFFFFFFF97
:102C0000736B6573776700000046000000000000EA
:102C1000FFFFFFFFFFFFFFFF706C6465746800003B
:102C20000020000000000000FFFFFFFFFFFFFFFF8C
:102C30007064696568690000002000000000000001
:102C4000FFFFFFFFFFFFFFFF706F6474683100003C
:102C50000046000000000000FFFFFFFFFFFFFFFF36
:102C6000706F6474683200000046000000000000CD
:102C7000FFFFFFFFFFFFFFFF706F6474683300000A
:102C80000046000000000000FFFFFFFFFFFFFFFF06
:102C900062676474683100000046000000000000B4
:102CA000FFFFFFFFFFFFFFFF6267647468320000F1
:102CB0000046000000000000FFFFFFFFFFFFFFFFD6
:102CC0007367746474680000004600000000000030
:102CD000FFFFFFFFFFFFFFFF636163647468000095
:102CE0000046000000000000FFFFFFFFFFFFFFFFA6
:102CF000736B6C6474680000004600000000000004
:102D0000FFFFFFFFFFFFFFFF627273647468000044
:102D10000020000000000000FFFFFFFFFFFFFFFF9B
:102D20006379626474680000002000000000000005
:102D3000FFFFFFFFFFFFFFFF73706964746800000F
:102D40000020000000000000FFFFFFFFFFFFFFFF6B
:102D500062737064746800000020000000000000CE
:102D6000FFFFFFFFFFFFFFFF76696C6474680000E0
:102D70000020000000000000FFFFFFFFFFFFFFFF3B
:102D80006B6E746474680000002000000000000096
:102D9000FFFFFFFFFFFFFFFF706564746800000026
:102DA0000020000000000000FFFFFFFFFFFFFFFF0B
:102DB000736B656474680000002000000000000070
:102DC000FFFFFFFFFFFFFFFF706F73616374000081
:102DD0000078000000000000FFFFFFFFFFFFFFFF83
:102DE000626761637400000000780000000000006A
:102DF000FFFFFFFFFFFFFFFF646D616374000000D2
:102E00000078000000000000FFFFFFFFFFFFFFFF52
:102E100062737061637400000064000000000000D1
:102E2000FFFFFFFFFFFFFFFF627370776C6B000017
:102E30000064000000000000FFFFFFFFFFFFFFFF36
:102E400076696C616374000000640000000000009B
:102E5000FFFFFFFFFFFFFFFF6E6F7761790000004C
:102E6000004E000000000000FFFFFFFFFFFFFFFF1C
:102E70006261726578700000003C00000000000094
:102E8000FFFFFFFFFFFFFFFF70756E63680000002C
:102E90000040000000000000FFFFFFFFFFFFFFFFFA
:102EA000686F6F6600000000004600000000000030
:102EB000FFFFFFFFFFFFFFFF6D6574616C00000007
:102EC0000046000000000000FFFFFFFFFFFFFFFFC4
:102ED000636867756E00000000400000D82605108A
:102EE000960000000000000074696E6B0000000096
:102EF000003C000000000000FFFFFFFFFFFFFFFF9E
:102F000062646F706E00000000640000000000004A
:102F1000FFFFFFFFFFFFFFFF6264636C73000000B1
:102F20000064000000000000FFFFFFFFFFFFFFFF45
:102F300069746D626B000000006400000000000016
:102F4000FFFFFFFFFFFFFFFF666C616D6500000084
:102F50000020000000000000FFFFFFFFFFFFFFFF59
:102F6000666C616D737400000020000000000000BA
:102F7000FFFFFFFFFFFFFFFF676574706F770000C3
:102F8000003C000000000000FFFFFFFFFFFFFFFF0D
:102F9000626F73706974000000460000000000005A
:102FA000FFFFFFFFFFFFFFFF626F736375620000AB
:102FB0000046000000000000FFFFFFFFFFFFFFFFD3
:102FC000626F737369740000004600000000000027
:102FD000FFFFFFFFFFFFFFFF626F73706E000000D7
:102FE0000046000000000000FFFFFFFFFFFFFFFFA3
:102FF000626F736474680000004600000000000007
:10300000FFFFFFFFFFFFFFFF6D616E61746B00004C
:103010000046000000000000FFFFFFFFFFFFFFFF72
:103020006D616E64746800000046000000000000DE
:10303000FFFFFFFFFFFFFFFF737373697400000062
:103040000046000000000000FFFFFFFFFFFFFFFF42
:103050007373647468000000004600000000000004
:10306000FFFFFFFFFFFFFFFF6B65656E706E0000E7
:103070000046000000000000FFFFFFFFFFFFFFFF12
:103080006B65656E6474000000460000000000007F
:10309000FFFFFFFFFFFFFFFF736B656163740000BD
:1030A0000046000000000000FFFFFFFFFFFFFFFFE2
:1030B000736B657369740000004600000000000037
:1030C000FFFFFFFFFFFFFFFF736B6561746B000085
:1030D0000046000000000000FFFFFFFFFFFFFFFFB2
:1030E000726164696F000000003C00000000000095
:1030F000FFFFFFFFFFFFFFFF0000000000000000D8
:1031000000000000000000000000000000000000BF
:103110006D6F626A5F66756C6C00000062D40210AD
:1031200062D4021090D2021062D4021000D30210B6
:1031300062D402106AD3021062D40210E4D30210E7
:1031400062D402103CD4021076DA021076DA021051
:10315000D8D8021076DA021030D9021076DA0210CE
:1031600086D9021076DA0210DCD9021076DA021063
:1031700050DA0210882E0020D42D00205C2D002073
:10318000000000000A090600B900A40094008F00A6
:1031900045007A00D100660074005900A60037008F
:1031A0004700380087001D0047001800FE00190086
:1031B00061003200BC00400080004E00D6005C0080
:1031C00085008200D000880094008C00EB009E00F7
:1031D0009C00A80030009A00AE005F0009014B007F
:1031E0008200300017011700C60030008C00190063
:1031F000190188000000000000000000000000002D
:1032000000000000000000000000000000000000BE
:103210000000000000000000BC2A0310602703101B
:103220004A26031024260310CC250310722703100E
:1032300090C40310586A031098C4031003000000E0
:103240000300000003000000030000000300000072
:103250000300000003000000030000000200000063
:103260000200000002000000020000000100000057
:1032700001000000000000004001C0FE4001C0FE4F
:1032800040014001C0FE40014001C0FE400140013C
:103290004001C0FE400140014001C0FEC0FEC0FE32
:1032A000C0FE4001C0FEC0FE40014001400140019F
:1032B000C0FE4001C0FE40014001C0FEC0FE400112
:1032C0004001C0FEC0FEC0FEC0FE40014001400102
:1032D0004001C0FE40014001C0FE4001002020200E
:1032E00020202020202028282828282020202020B6
:1032F0002020202020202020202020202088101086
:1033000010101010101010101010101010040404E1
:10331000040404040404041010101010101041419F
:10332000414141410101010101010101010101018D
:1033300001010101010101011010101010104242A1
:10334000424242420202020202020202020202025D
:1033500002020202020202021010101020000000FD
:10336000000000000000000000000000000000005D
:10337000000000000000000000000000000000004D
:10338000000000000000000000000000000000003D
:10339000000000000000000000000000000000002D
:1033A000000000000000000000000000000000001D
:1033B000000000000000000000000000000000000D
:1033C00000000000000000000000000000000000FD
:1033D00000000000000000000000000000000000ED
:1033E000447C0410CC820410209404102C9404100B
:1033F000880200103894041094020010A0020010FB
:10340000AC020010648504105885041078940410F0
:10341000C8960410BC960410B0960410A49604102C
:10342000F0B557464546DE464E46E0B503880D00EA
:103430005B0883B01F1C082B00D90827BBB2802271
:10344000984652000021841C280002F009F94346E6
:1034500001220026002B2FD008239A46073B9B46CB
:10346000A44611004046184F63461B88B3421BDD3B
:1034700053465A465B1A9A40CCB281469846200081
:1034800014000191434632009A4000231100194371
:10349000795C01336854A342F8D163461B88013636
:1034A000B342EFDC48460199042398460131760087
:1034B000C4448842D8DA8046404603B0F0BCBB46DC
:1034C000B246A946A046F0BD04C50310F0B5DE46DD
:1034D00057464E464546E0B585B01F000E9B01910C
:1034E000042105009A46029202F042F80421834624
:1034F000280002F03DF88146834552D000D380E099
:103500005A46801A02F084F820231B1A00934B4677
:10351000002603933B003700984602E00136202E38
:1035200027D0280002F07CF80028F7D0F300DBB2A7
:10353000994643460024B0461E00280002F070F869
:1035400000280DD02800009902F012F87A00531CD0
:1035500058449A454DD949462143B1540137F05456
:103560000134082CE9D13300464601369846202E16
:10357000D7D1039B3E00994647464946300002F0AA
:103580005FF8029B984252D84B46320039000198AE
:1035900002F06EF805B0F0BCBB46B246A946A046A4
:1035A000F0BD002398463B0000262F004546984674
:1035B00002E00135202D22D0380002F031F8002839
:1035C000F7D0EB00DBB200249B4609E059464046A9
:1035D0002143815449460136C1540134082CE8D0B6
:1035E000380002F01DF80028F7D07200531C534534
:1035F000ECD32121134A1448144B02F029F8474612
:10360000BBE7202602E0013E002EB6D0280002F0E3
:1036100007F80028F7D00824280002F001F8002855
:103620000BD01E21074A0848094B02F011F8292146
:10363000044A0548074B02F00BF8013C002CEBD183
:10364000E1E7C046A0C60310A8450310904403104C
:1036500098450310B0440310F0B5DE464E46574679
:103660004546E0B587B01F00109B0391042105007B
:103670009946049201F07CFF042104000190280087
:1036800001F076FF0290061B844200D073E0002315
:1036900098469B462B00002445460596984602E036
:1036A0000135202D28D0404601F0BAFF0028F7D080
:1036B000EB00DBB29A4643460026A8461D002800D0
:1036C00001F0AEFF00280ED063001B199A1C4A457A
:1036D00000D392E051463143F9545946FB185970D2
:1036E000029B0134BB540136082EE8D12B0045461D
:1036F00001359846202DD6D14546059E701C01F017
:1037000087FF20231B1A9A46012352469340013B10
:10371000984601239B462B00002655469A462900D1
:10372000504601F025FF80450DD0019B9C4663006B
:103730001B199A1C60444A4565D25946FE54FB1831
:1037400059700134B8540136F6B2072EE7D1200083
:10375000029901F075FF049B98425AD82200390063
:10376000029B039801F094FF07B0F0BCBB46B24641
:10377000A946A046F0BD300001F04AFF20231B1AE5
:103780009B46002398463B000024474605969846F2
:1037900002E00137202F2DD0280001F041FF002842
:1037A000F7D0FB00DBB29A4643460026B8461F001E
:1037B000280001F035FF002813D05946280001F0F9
:1037C000D7FE019B9C4663001B199A1C60449145DF
:1037D00013D951463143F9540021FB185970013473
:1037E000B8540136082EE3D13B00474601379846CE
:1037F000202FD1D14746059E80E73D21084A094840
:10380000094B01F025FF4C21054A0648064B01F003
:103810001FFF5521024A0348044B01F019FFC0461F
:1038200064C60310A8450310E8450310B044031014
:10383000F8B518C8DE46574645464E461800E0B56E
:1038400092460D0001F0CCFE4E4B04341B689C46A2
:10385000C00600D54BE0A0220F2390469946073BB7
:103860009B46494F494BA8444E465A46697820002A
:103870000C0931404900224200D094435246640072
:10388000795A3C5B59801C80297809016144895C24
:1038900002224C0014401C5B0E0016409E5B360456
:1038A000344310C04C0814401C5B8E0816409E5BCD
:1038B0003604344310C0CC0814401C5B0E0916407B
:1038C0009E5B3604344310C04C0914401C5B8E09C7
:1038D00016409E5B3604344310C002350400454553
:1038E000C2D1F0BCBB46B246A946A046F8BDA02254
:1038F000082390469B4607339946234F234BA84401
:1039000037E049460A40514640005200385ABA5AF8
:1039100018805A802A78200012016244525C0221E9
:1039200054000C401C5B16000E409E5B3604344372
:1039300010C054080C401C5B96080E409E5B360479
:10394000344310C0D4080C401C5B16090E409E5B2B
:103950003604344310C054090C401C5B96090E40D9
:103960009E5B3604344310C002350400454500D147
:10397000B7E759466A7810090142C2D0884302006D
:10398000C1E7C046801A0320D8860410983B012066
:10399000024B8022D2051A607047C04600E200E068
:1039A000F0B5C64600B53F4B05000E001B7882B04F
:1039B000A72964DC8C006418DA00A401D21A130170
:1039C0009B1A5B02E418384BE418384B1F68002F31
:1039D00007D040222100FF32601C01F011FEBB5DC8
:1039E0002370334B98461B78012B3ED0314B1B780C
:1039F000002B4ED101F09CFD2F4F0021019001A81A
:103A000001F0DEFD0722002101A801F049FE2B4E46
:103A100001AA0021380001F07BFD102101A801F06E
:103A2000CFFD01AA0021300001F072FD082101A89C
:103A300001F0C6FD012101A801F0BAFD01AA012192
:103A4000380001F065FD182101A801F0B9FD01AAB7
:103A50000121300001F05CFD194B01225B08BB60C5
:103A6000FB60B360F36043461A70A0222100280077
:103A7000520000F067F802B080BCB846F0BD0122E9
:103A800020395340DBB28C00DA006418D21AA4014A
:103A900095E70C49084801F07BFD0B49074801F008
:103AA00077FDA7E7612F03203C4101208C1C0320F8
:103AB0007D2F0320952F0320800000D0C00000D070
:103AC000840503207CF0022098F0022010B5134CEE
:103AD000200000F0E7F8002808D1114B114C1860C5
:103AE0002378022B01D001F0A3FD10BD200000F0CF
:103AF000DCF80D480D490E4A0E4B0A4C0078207038
:103B0000087811781A680C4B18700C4B0C48197017
:103B1000034B1A6000F025F9E2E7C046880B03204A
:103B20008C1C0320632F03209C2F03209A2F03203B
:103B30009B2F0320E8040320612F0320622F032022
:103B4000403D012030B50A4494461D4D04C92A6009
:103B50002A642A6A925A6B6ADB5A1B0413432A6E40
:103B6000925A6C6E245B2404144318C06145EDD155
:103B700030BD70B50A449446114D40C92E602E6484
:103B80002A6A925A6B6ADB5A1B0413432A6E925AB2
:103B90006C6E245B2404144318C0360C2E602E6413
:103BA0002A6A925A6B6ADB5A1B0413432A6E925A92
:103BB0006C6E245B2404144318C06145DDD170BDD4
:103BC000800000D0002305E09A008021490551586B
:103BD000815001333F2BF7DD704710B5013080472E
:103BE00010BD0000F0B5DE4657464E464546E0B5EE
:103BF000C1B082468B4618252B8814242088214981
:103C0000984706002B8820881F49984780462B88B4
:103C100020881E49984707002B8820881C49984710
:103C200081462B8820881B4998470500002E23D009
:103C30004346002B20D0002F1ED04B46002B1BD01C
:103C40006846FFF7BFFFB047C04780228024640169
:103C5000D823520221005046A84722005946504618
:103C6000B847C8476846FFF7B8FF41B0F0BCBB464D
:103C7000B246A946A046F0BD074B084A08482B218A
:103C800001F0E6FC49460000455800005250000093
:103C9000464300005245000024550310BC8F041019
:103CA0007C550310808800B270470268EFF31081E2
:103CB00072B61368002BFCD0BFF35F8F0422835EC3
:103CC000002B08DC0368BFF35F8F00221A6081F3CA
:103CD000108820BFE9E7013B83800368BFF35F8F53
:103CE00000221A6081F310887047F0B5C64600B50F
:103CF000040090461F002668EFF3108C72B63568FA
:103D0000002DFCD0BFF35F8F0423E55E002D0EDC99
:103D10002368BFF35F8F00221A608CF3108840463F
:103D2000390001F0ADFC0028E5D0002009E0013D9C
:103D3000A5802368BFF35F8F00221A608CF3108880
:103D4000012080BCB846F0BD10B582B004006846C2
:103D500001F03EFC009A019B2000FFF7C6FF02B075
:103D600010BD10B50268EFF3108172B61368002B16
:103D7000FCD0BFF35F8F0422835E0624025F934270
:103D80000BDA013383800368BFF35F8F00221A6070
:103D900081F3108840BF012010BD0368BFF35F8F1F
:103DA00000221A6081F310880020F5E70300006804
:103DB000EFF3108C72B60268002AFCD0BFF35F8F5D
:103DC00004229A56002A0BDB002910D00A6000203A
:103DD0001B68BFF35F8F00221A608CF31088704756
:103DE000D0221206127852B21A710120F0E7002098
:103DF000EEE70000F8B5CE46474680B50400170050
:103E000098460368002B20D0D0231B061B785BB29A
:103E100099462668EFF3108C72B63568002DFCD0F9
:103E2000BFF35F8F04256557002D14DB2368BFF3B4
:103E30005F8F00221A608CF310883800414601F031
:103E40001FFC0028E5D000200FE00A4B0A4A0B486F
:103E5000852101F0FDFB4B4623712368BFF35F8F83
:103E600000221A608CF310880120C0BCB946B0460D
:103E7000F8BDC046905A0310609104104C5A0310CC
:103E800070B582B0060015001C0001A9FFF78EFF77
:103E9000002807D1019B5BB2D0221206127852B2E1
:103EA000934201D102B070BD2A0023003000FFF719
:103EB000A1FFF7E710B582B00400684601F018FBD7
:103EC000009A019B2000FFF795FF02B010BD000093
:103ED00010B50268EFF3108172B61368002BFCD0A6
:103EE000BFF35F8F0423C356002B0ADBFF2303714C
:103EF0000368BFF35F8F00221A6081F3108840BF10
:103F000010BD034B034A0448B42101F0A1FBC04695
:103F1000A45A0310549104104C5A0310094B1B78F7
:103F2000002B08D00CE09A00802149055118086840
:103F30000549505001333F2BF5DD024B01221A7029
:103F40007047C046482F0320942D012010B5014B27
:103F5000984710BD952D012000280AD003231B028D
:103F6000054A12685340C02292001340034A13606E
:103F700070470223F3E7C0460C8001400C900140DB
:103F8000F0B5D6464F464646C0B507000E001500B0
:103F900018239A461B88142290461088284998476F
:103FA000814653461B88424610882649984704009C
:103FB00053461B88424610882349984780464B4603
:103FC000002B0CD0002C0AD0002808D0FFF7A6FF49
:103FD000C847A0470020FFF7BFFF2A000FE01B4B98
:103FE0001B4A1C48802101F033FB002B07D0002A1C
:103FF00005D0C0235B051B6E3370013A01362B00E0
:10400000134312D0C0235B059C6A08232340A407F6
:10401000EBD5002DE9D0511B0D29E6D83878C02109
:1040200049050866013D0137DFE70120FFF794FFEE
:10403000C047FFF78BFFE0BCBA46B146A846F0BDCB
:104040004946000045580000464300004061031007
:104050004C950410A060031010B5002308E0013354
:10406000DA00002108481150844662445160DBB2F6
:104070000E2BF4D90548F0229200002101F0F0FA4D
:10408000034B044A1A6010BD00001050B0E6022035
:10409000E404032080011050F0B5CE46474680B5B9
:1040A00085B0234B9F6D0024012603E0B7437600C3
:1040B0000134E4B2002F36D01F2C34D83E42F6D063
:1040C0001C4B9E65630899460123634001221A40F8
:1040D00090464B465D0045446D01174BED18280096
:1040E00000F034FA0028E1D0134A4B465B00434409
:1040F0005B01D3189A789146DB8A98460C220021FE
:1041000001A801F0ADFA07236A4653716B464A468F
:104110001A7243460393012101A800F03FFA2800D8
:1041200000F09EF9C2E705B0C0BCB946B046F0BD8C
:10413000000011500030115070E6022070B584B0BC
:10414000634A9823D55880239B022C001C401D42B3
:1041500040D0604B9A6A604B1A600024002109E04D
:104160005E4B5B183C3300221A7000F0ABF9310053
:104170000134E4B20F2C18D8A60130002030574B80
:10418000C0189B193B331B78022BF1D1534B9B1961
:104190003A331E78002EEBD0504BA1015B183C3314
:1041A0001B78002BDCD13100E2E7002908D14C4B11
:1041B0001B78002B04D14B4A903380218902D150C7
:1041C000434B996C4905490D0122002001F010FA7A
:1041D0008024A402EB0609D4EB0329D580235B02DB
:1041E0001C4301AB404A1A8000260BE010231C43FD
:1041F000FFF752FFF0E701AB985D01F0A1F9012351
:10420000C3700136012EF6D901AE0C220021300018
:1042100001F026FA06237370344A02AB03CA03C3C3
:104220000121300000F0BAF92E4B802292021A656B
:10423000EB0407D46B041ED42B042FD4AC4241D121
:1042400004B070BD80235B011C43214B00221A6027
:10425000FFF702FF01AE0C220021300001F000FA4E
:10426000012373700121300000F098F91D4B80226A
:1042700012031A65DEE78023DB011C4301AE0C222A
:104280000021300001F0ECF90423737001213000AB
:1042900000F084F9134B10221A65CDE780231B022E
:1042A0001C4301AE0C220021300001F0D9F9052396
:1042B00073700121300000F071F90A4B8022120165
:1042C0001A65BBE721006940094801F059F9C04669
:1042D0000000115000400540D83D012070E602204A
:1042E0003D2F0320003011500080FFFF00001050D0
:1042F00044620310094B1B6C9B070CD48378DB09C9
:10430000012B01D0002007E0C37E022B01D000204A
:1043100002E0012000E000207047C046000011507C
:1043200010B5FFF7E7FF002809D0064B9B6A064A45
:1043300012689B1A054A94466344C62B00D810BDE8
:104340000020FCE700400540D83D0120E0FCFFFFD5
:10435000F8B504000F00838A028B1E1C934200D91B
:10436000161CB6B29B1BA3828022D2003243E37894
:10437000002B13D08025AD01154301225340E3707B
:104380006378002B0CD0A38A002B02D18023DB01A1
:104390001D43002F00D02D042800F8BD0025EBE7B9
:1043A000E068BB01C0182169320001F0F9F8236907
:1043B0009B19236180231B021D43E4E770B50400B1
:1043C00083681B68002900D01B0C9D05AD0D627829
:1043D000002A12D11B0409D4E38A5B19E382238BE0
:1043E000AB4201D90023A382280070BD0E4B0F4AB7
:1043F00081210F48490001F02BF91B040DD52069DC
:10440000E368890159182A0001F0CAF8E38A5B19A8
:10441000E38223695B192361E1E7064B034A0A2122
:104420000348FF3101F014F964620310BC950410D5
:1044300084620310E462031010B5040083681B68F3
:104440000021FFF7BBFF63681B685B0002D5238B6D
:10445000834200D010BD01212000FFF7AFFFF9E734
:10446000002383768382C3820361704710B50029DD
:1044700002D083681B681940002A0FD011435205EF
:104480000CD5826813685B050BD40B4B0B40136093
:10449000FFE7FFE7FFE7FFE7FFE7FFE78368196054
:1044A00010BD83787F211940DB09044A9B00044832
:1044B0009A5801F065F8C046FFFBFFFF88240020F2
:1044C0000463031070B5040043681E680021FFF701
:1044D0003FFF80256D010543194B1B6C0222110023
:1044E00019401A4204D1A378DB0917D0002917D04C
:1044F000A3785B0616D10023A28A002A01D0002BE4
:1045000012D0104B1E4080239B053343626813601A
:104510002A0000212000FFF7A9FF70BD0123EBE76F
:104520000023E9E70123E7E701212000FFF710FF5F
:104530000543054A3240A023DB051343E6E7C046A6
:1045400000001150FFFFFFAFFFFFFFDF70B5040059
:10455000857E002D06D0FFF76FFFA38A002B0BD1BD
:10456000280070BD83787F211940DB09094A9B0030
:1045700009489A5801F004F82000FFF7D1FE051E03
:1045800003D0012323770025EAE72000FFF79AFFF5
:10459000E6E7C046882400202463031030B585B0C8
:1045A00005004378042B55D006D8022B29D0032BC5
:1045B00000D0C2E0002479E0052B00D0BDE06B4BB9
:1045C0001B78DB0744D5694A137804218B431370A9
:1045D000674B1C686269EFF3108172B61368002B99
:1045E000FCD0BFF35F8FA1612900200000F088FF9D
:1045F0006269A369BFF35F8F0021116083F31088A4
:1046000026E05A4B1A7801218A431A701A78013130
:104610008A431A7000225A701A7802318A431A703B
:10462000534B1C686269EFF3108172B61368002B5C
:10463000FCD0BFF35F8FA1612900200000F060FF74
:104640006269A369BFF35F8F0021116083F3108853
:1046500005B030BD454B1B78DB07F9D5434A1378CD
:1046600004210B431370424B1C686269EFF3108105
:1046700072B61368002BFCD0BFF35F8FA1612900D5
:10468000200000F03DFF6269A369BFF35F8F002146
:10469000116083F31088DBE762001219D200354BFA
:1046A0001B689B18002B13D10134E4B2324B1B78EA
:1046B000A34216D3314A002A11D0A342ECD8E31A00
:1046C000DBB2002BF0D15A00D318DB002C4A9B1828
:1046D0005B69002BE8D0287869689847E4E72300F5
:1046E000EFE7224B1B785B07B2D5204A13780421F1
:1046F0008B4313700C22002101A800F0B1FF2B782E
:104700006A46137105235371194B1C686269EFF3F4
:10471000108172B61368002BFCD0BFF35F8FA161CC
:1047200001A9200000F0ECFE6269A369BFF35F8F6E
:104730000021116083F310888AE70D4B1C686269C1
:10474000EFF3108172B61368002BFCD0BFF35F8FBC
:10475000A1612900200000F0D3FE6269A369BFF3C4
:104760005F8F0021116083F3108871E7542B0120C3
:10477000AC2B0120D42701203C2F03204DBF00107B
:104780005896041001207047F8B50122DE465746BE
:104790004E464546704BE0B5196B0A4200D119E10F
:1047A0006E4C1A63E368EFF3108072B61A68002A41
:1047B000FCD0BFF35F8F2569002D00D1E3E2E368F1
:1047C000BFF35F8F00221A6080F3108800262A68EA
:1047D000A3699A4200D0624D626BEFF3108872B603
:1047E0001368002BFCD0BFF35F8F3D23E35C002BED
:1047F00000D055E2A36B002B00D054E33C23E35CD4
:10480000002B00D055E3626BBFF35F8F136088F31A
:1048100010880027504A5368DB0107D48023D82032
:1048200050491B060B600B604F4B1350D8224A4B6C
:104830004E49985888420ED09950CC2159588C46F0
:10484000216C481C80466046002800DAC7E21F2120
:10485000404601409950A0232A896968DB05196008
:10486000DA61E268EFF3108972B61368002BFCD0AE
:10487000BFF35F8F20230021E1543D4B9846424611
:10488000A38B128A9B18E28B9BB2A383934200D224
:104890003AE29B1AA383324BA069ED1A6B1E9D412D
:1048A00043465A890304013AEDB21B0C934200D2ED
:1048B00052E28022520294466044C01A2D4BA061FD
:1048C0001B6898474346DB894343E3830023236106
:1048D000626B1368002BFCD0BFF35F8F3D23012276
:1048E000E254002D03D03B32A35C0133A354626B2E
:1048F000BFF35F8F00231360E268BFF35F8F136025
:1049000089F31088002F00D138E22268EFF3108875
:1049100072B61368002BFCD0BFF35F8F0023626870
:10492000781E9C4600270021002A13D09569002D8F
:1049300000D10EE2012713699661002B1CD0116192
:104940009A611A001B69002BF9D1013816D31600A1
:104950002A1EEBD10025EEE700002050641403204E
:10496000E82A0120D010205060600000C420000020
:10497000781C0320082B01200138E8D26346002B65
:1049800001D00023A360002F00D065602368BFF32F
:104990005F8F0021196088F31088E16AEFF31080BF
:1049A00072B60B68002BFCD0BFF35F8F13001900A9
:1049B0009B69002BFBD1256B8D612263E26ABFF3FB
:1049C0005F8F136080F3108840BFAF4B1B68002BD4
:1049D00000D09847AD4A136B9B0700D4A3E0032394
:1049E000AB4C616B1363EFF3108572B60B68002B51
:1049F000FCD0BFF35F8F3D23E35C002B00D0FDE0D4
:104A0000A36B002B00D04EE23C33E35C002B00D0C4
:104A10004FE2626BBFF35F8F136085F3108800264F
:104A2000E268EFF3108772B61368002BFCD0BFF377
:104A30005F8F002220239246E25C002A10D1A069F9
:104A4000A2830132E25482B2002A07D0000C914BBB
:104A5000013000041B68A0619847E08301239A4657
:104A60002369002B08D01A68A36900209B1A002B29
:104A700000DC8AE020610136606A002800D184E011
:104A8000A36900220021984645460368ED1A002DCF
:104A90004FDD856903696562002D00D1E3E0826125
:104AA0000200002B09D0020011619A611A001B69F3
:104AB000002BF9D1002D00D166E02800E4E7013E8B
:104AC00000D38FE04346002B01D00023A360634650
:104AD000002B00D067602368BFF35F8F002119604F
:104AE00089F31088E16AEFF3108072B60B68002B2F
:104AF000FCD0BFF35F8F130019009B69002BFBD123
:104B0000266B8E612263E26ABFF35F8F136080F3CE
:104B1000108840BF5C4B1B68002B00D09847534661
:104B2000002B00D09BE0F0BCBB46B246A946A04695
:104B3000F8BD984528D183696362002B00D1A8E1B4
:104B400000238361236819680029FCD0BFF35F8FBD
:104B50006368002B00D18EE101688C4665461968B8
:104B6000691A002900DC87E1A16888460968691A8A
:104B7000002900DCFAE04346A06098612368BFF397
:104B80005F8F0021196020611000E368BFF35F8F21
:104B900000221A6087F31088002E2AD02268EFF3D3
:104BA000108972B61368002BFCD0BFF35F8F00230F
:104BB000626898469C460021013E002A15D09769FC
:104BC0000123002F13D09C4613699061002B00D164
:104BD00075E711619A611A001B69002BF9D1013E3A
:104BE00000D26FE710003A1EE9D10027ECE79846A3
:104BF000E9E7002800D192E7020073E7A16BA02348
:104C000089463C21615C244A8C460121DB05985889
:104C1000014212D04846995001282AD998580126B5
:104C2000804647460120394203D0985099580E4299
:104C3000FBD101234F461F43A76363460026002B89
:104C400003D000236646A363A38700F069FC636B6F
:104C5000BFF35F8F00221A6085F31088E0E60F48EB
:104C6000FFF77FF85FE7A5628261002B00D01AE7AB
:104C70008BE700236646626BA363A387BFF35F8F56
:104C8000136085F31088CBE6042B01200000205030
:104C900064140320082B01200C0400006C1C03206A
:104CA0003C22A0230121A25CA06B9146824ADB0535
:104CB00084469858014215D060469950012800D882
:104CC00096E09858012782460120834650460142CB
:104CD00004D05946995099580F42FAD1012362469F
:104CE0001A43A2634B460027002B03D000234F46F4
:104CF000A363A38700F014FC636BBFF35F8F0022F4
:104D00001A6088F3108885E56C4B9D4226D02B7D78
:104D1000002B24D0013BDBB22B75002B1FD1236865
:104D20001A68002AFCD0BFF35F8F00222B692A612A
:104D30002A681A60AA699A61A268AB61954200D19B
:104D4000ADE02268BFF35F8F002101251160236170
:104D5000BEE501239C46EDE50130AFE5216100256C
:104D6000B6E565461968691A002903DD98469B690E
:104D7000002BF6D1836143469861FFE6002E00D1F7
:104D800028E6320009E6666A002E1AD00022A769DA
:104D90003368F91A002936DDB16933696162002987
:104DA00018D0B5613500002B08D035002A619D610F
:104DB0001D001B69002BF9D1002901D00E00E7E787
:104DC0002E00E368BFF35F8F00221A6080F3108823
:104DD0003A4D01E5A162B561002BE6D1F1E7D4209F
:104DE0001858404500D136E51F200140995032E562
:104DF00000234F46626BA363A387BFF35F8F1360EB
:104E000088F3108806E59F4239D1B3696362002BAD
:104E100047D00023B36123681A68002AFCD0BFF38F
:104E20005F8F6368002B36D031681A688A1A002AAF
:104E300032DDA7683A688A1A002A15DDBE61A660CD
:104E40002268BFF35F8F00231360E2682661BFF31F
:104E50005F8F136080F310882B0035001E00B6E4CE
:104E60001A688A1A002A03DD1F009B69002BF7D1FC
:104E7000B361BE61E4E7A060836160607EE6E368E1
:104E8000BFF35F8F00221A6080F310882E000B4D55
:104E9000A2E4A36256E6A660B3616660D0E7A360B1
:104EA0004FE7A362B7E7064A0648074B074900F0F9
:104EB000CFFB00F04DFBC0460C040000E82A0120A7
:104EC000D496041000640310506403104E020000D6
:104ED0008021F0B52248234D234F09032B6B9C46BC
:104EE000AB8E06E0E25964462243AB86C261032BD7
:104EF00008D842689C00160001339BB20E400A425B
:104F0000F0D0F0BDAB6B2A680133AE86AB63934241
:104F1000E4DB6C68A34209DB2B6AAE637B606B6ADF
:104F2000BB60AB6AFB60AB693B60D7E7EC68A34250
:104F3000D4DC934207D0AA6893420DD0A342CDD1CE
:104F40006B692B63CAE72B6A7B606B6ABB60EB6A99
:104F5000FB60EB693B60C1E72B692B63BEE7C04692
:104F600000002050441B03209C3D0120F8B5CE4694
:104F700047469D4880B5426BEFF3108672B61368C2
:104F8000002BFCD0BFF35F8F3D23C35C002B4DD1C2
:104F9000836B002B00D01EE13C23C35C002B00D0B0
:104FA0001FE1426BBFF35F8F136086F3108800250B
:104FB000C268EFF3108C72B61368002BFCD0BFF3FD
:104FC0005F8F0269002A00D195E0C368BFF35F8F4D
:104FD00000221A608CF31088002D4CD00024026847
:104FE000EFF3108872B61368002BFCD0BFF35F8F0D
:104FF000002342689C4600270021023D002A13D06E
:105000009669002E47D0012713699461002B05D0C3
:1050100011619A611A001B69002BF9D16B1C3DD0FC
:105020001400013D321EEBD10026EDE7A023816B79
:105030006E4A89460121DB05456B9C58AC462142EE
:1050400012D04C469950012C19D99C580125A046E4
:1050500047460124394203D09C5099580D42FBD158
:1050600001234F461F438763BFF35F8F00236246D0
:10507000136086F31088C0BCB946B046F8BD3C2327
:10508000C55C002383638387BFF35F8F6246136031
:1050900086F310888CE701239C46B4E76346002B17
:1050A00001D000238360002F00D046600368BFF367
:1050B0005F8F0021196088F31088C16AEFF31084B4
:1050C00072B60B68002BFCD0BFF35F8F1300190082
:1050D0009B69002BFBD1056B8D610263C26ABFF334
:1050E0005F8F136084F3108840BF414B1B68002B17
:1050F000C1D09847BFE7446A002C62D0002187697D
:105100002368FE1A002E13DDA66923694662002E6D
:1051100041D0A2612200002B08D0220011619A61C7
:105120001A001B69002BF9D1002E24D03400E7E7C8
:105130009F4220D1A3694362002B40D00023A3618A
:10514000036819680029FCD0BFF35F8F4368002B08
:1051500031D026681968711A00292DDD87683968F1
:10516000711A002920DDBC6184600368BFF35F8F82
:105170000021196004611400C368BFF35F8F00222F
:105180001A608CF31088002D00D028E7002C00D185
:1051900071E7220091E78662A261002BBDD1EBE7A7
:1051A0001968711A002903DD1F009B69002BF7D1D4
:1051B000A361BC61D9E78460A3614460D5E78362E1
:1051C000BEE7C368BFF35F8F1C608CF31088002DAF
:1051D00000D003E74FE7074A0748084B084900F0AB
:1051E00037FA00F0B5F9C046641403200C0400003F
:1051F000042B0120D49604100064031050640310A3
:105200004E02000070B5384D00260400EA6AEFF344
:10521000108C72B61368002BFCD0BFF35F8F286B25
:1052200000280FD1EB6ABFF35F8F18608CF31088F2
:10523000002905D020BFEA6AEFF3108C72B6E9E7C7
:10524000002070BD0300012C09D9012201E0002BD0
:1052500033D001329B699442F9D1002B2DD000222A
:105260009C69E96A2C639A61BFF35F8F0A608CF3D3
:105270001088002103001A009B6991611361002BC3
:10528000F9D1EA68EFF3108172B61368002BFCD0F5
:10529000BFF35F8FAA696B69D41A002C14DD030079
:1052A0006A611A601B69002BFBD1EA68BFF35F8F4C
:1052B000136081F310880375C3E7EB6ABFF35F8F58
:1052C0001E608CF31088B3E7084A54891A04013C25
:1052D000120CA24201D25A1CE1E780246402A446C7
:1052E00063449A1ADBE7C04664140320781C032049
:1052F00030B5184CE268EFF3108C72B61368002BCF
:10530000FCD0BFF35F8F636A002B0CD001681A6872
:105310008A1A002A08DDA56A2A688A1A002A11DD7D
:10532000A861A06202E0A06283616062E368BFF3EB
:105330005F8F00221A608CF3108830BD1A688A1AB9
:10534000002A03DD1D009B69002BF7D18361A86152
:10535000ECE7C0466414032010B5040010000022DE
:1053600005E0E3689B07FCD58B5CA36001328242B9
:10537000F7D300E0A368E3685B07FBD4E368DB06D0
:10538000FCD400E0A368E3685B07FBD4012323623D
:1053900010BD0000F0B5DE4657464E464546E0B526
:1053A00089B083468A4612A901C904900F78120B6E
:1053B0001203013B1B0B1C03002F04D090460692E6
:1053C0000794059754E0A0460692079405974FE08E
:1053D00080235B01EF184346591B00250FE0002F87
:1053E00013DC0136564529DA7400A419A4005C4484
:1053F000256843465D1BEBD4414680277F01EB19AE
:10540000A2689342EBDD571BE9E762684346CB1A7B
:10541000994653199C462B484B46039343460293A7
:10542000019100972B00614600F05AF80498484417
:10543000616849193A0000F0E3F8D2E7224800F029
:105440008FF8EFF3108572B6204800F089F80499C0
:10545000F02000064044FEF7C5FB1D4800F080F830
:1054600085F31088059B002B1BD080235B0198449B
:10547000059B002B17D00023079A41468A425B41C7
:10548000DBB2002B16D080256D012A00414604981E
:1054900000F086F80F482A00414600F021F8002667
:1054A000A0E70D4BE3E70023424606998A425B41A1
:1054B000DBB2E6E709B0F0BCBB46B246A946A0465F
:1054C000F0BDC046F4AB031024AC031048AC03108D
:1054D00058AC0310DCAB031000F0FFFF7047C04670
:1054E00001B40248844601BC604700BF71BE001091
:1054F00001B40248844601BC604700BFFF8A001027
:1055000001B40248844601BC604700BFAFE300100D
:1055100001B40248844601BC604700BF055A001030
:1055200001B40248844601BC604700BFF9E50010A1
:1055300001B40248844601BC604700BFFD59001019
:1055400001B40248844601BC604700BF51C5001049
:1055500001B40248844601BC604700BF25E6001044
:1055600001B40248844601BC604700BF11BE001070
:1055700001B40248844601BC604700BF490C0010DA
:1055800001B40248844601BC604700BFA5950010E5
:1055900001B40248844601BC604700BF115A0010A4
:1055A00001B40248844601BC604700BF35BB00100F
:1055B00001B40248844601BC604700BFE1590010B5
:1055C00001B40248844601BC604700BFAD590010D9
:1055D00001B40248844601BC604700BF258A001020
:1055E00001B40248844601BC604700BF95580010D2
:1055F00001B40248844601BC604700BF61C6001088
:1056000001B40248844601BC604700BF2D4003102E
:1056100001B40248844601BC604700BF21A80010C5
:1056200001B40248844601BC604700BFC90B0010AA
:1056300001B40248844601BC604700BF8166001087
:1056400001B40248844601BC604700BFCD0300108E
:1056500001B40248844601BC604700BF7594001045
:1056600001B40248844601BC604700BF29BB00105A
:1056700001B40248844601BC604700BFE903001042
:1056800001B40248844601BC604700BF4D8400104D
:1056900001B40248844601BC604700BFF104001019
:1056A00001B40248844601BC604700BFBD590010E8
:1056B00001D7C4C3C2C1C0BEBDBCBB6E790D7FAE35
:1056C000ACAFAD1B636D676630092D3DACAEAFADC1
:1056D0002B3837363534333231D8FFFFFFFFFFFF29
:1056E000FF0201B6B8209D2E2CAFADACAEC80000B5
:1056F00000000610880302FF010000000100000006
:105700000100000001000000010000000100000095
:10571000010000000100000001FFFF003D630010D8
:105720000000000041060020010004204106002086
:10573000655A0010FF010000042400200100000051
:10574000617400104D740010AD74001049740010A5
:105750009D730010317700101D740010217400102B
:105760009973001003000000008004400000000056
:10577000004004400000000010000000342400201D
:1057800000000000902F0020A83C01200000000035
:1057900000000000B83C01200000000000000000F4
:1057A00010000000000000000000000000000000E9
:1057B000503300004C3300005433000052330000DB
:1057C0004D5300004D4300005334000043340000AB
:1057D00051C3001000000000C9C2001085BF0010B6
:1057E000000000000001000050630310AC9903109A
:1057F000B02B012010000C00000000000000000091
:10580000000000000000000000000000FF00000099
:10581000030000F800000B00000001000000000081
:105820000000803F0000803F0000000000800080FA
:1058300000000000FF0FFF0F00000000000000004C
:105840000000FF0F0000FF0F00000000000000003C
:10585000000000000000FF000000010000FFFFFF4B
:105860000000010000FFFEFF0001020100FFFEFF3B
:105870000001020100FFFDFF0001030100FEFDFE2B
:105880000001030100FEFCFE00000000000000001B
:10589000000001000000FF000001020100FFFEFF08
:1058A0000001030100FFFDFF0002040200FEFCFEF8
:1058B0000002050200FEFBFE0003060300FDFAFDE8
:1058C0000003070300FDF9FD54050320000000005C
:1058D000000000000B000000FFFF000000000000BF
:1058E0000100000000786D61000000000000000071
:1058F000000000000100000000656D610000000074
:105900000000000000000000000000000100000096
:10591000F8680310040000000100000033330000A9
:10592000FF0300000D3E0110A9540110894601102B
:10593000518F011007040000947203100100000051
:10594000A072031002000000AC7203100A000000F5
:10595000C07203100B000000D47203100C00000092
:10596000C472031012000000D07203100E00000079
:10597000DC72031011000000E87203100F00000039
:10598000F8720310140000000473031016000000E6
:1059900014730310050000002073031008000000BA
:1059A0002C73031003000000387303101300000071
:1059B0005073031015000000607303100000000016
:1059C0000000000000000000010000001A190000A3
:1059D00006000000D027002088260020F97D011055
:1059E000500036000000000001000031D57F01109A
:1059F00001000032D57F011001000033D57F011076
:105A000001000034D57F011001000035D57F011061
:105A100001000036D57F011006000000D0270020CD
:105A2000D0260020D97B0110500036000000000075
:105A300001000031A187011001000032A18701108F
:105A400001000033A187011001000034A18701107B
:105A500001000035A187011001000036A187011067
:105A6000040000008827002088EF0410657C0110E6
:105A7000500040000000000001000000302700201E
:105A8000A8EF0410818701104A01AF000000000058
:105A900001000000D0270020482700206187011066
:105AA0001801B9000000000001000000B1790110E8
:105AB00001000000A02700206827002015860110A3
:105AC000FFFF000000000000010000008D850110B4
:105AD0000500000088270020B0EF0410257D01108C
:105AE00038002F000000000004000000D027002034
:105AF000D8EF0410057A01103C00250000000000DA
:105B000005000000B8270020F8EF0410ED7901101F
:105B100030003F000200000004000000D0270020F9
:105B200020F00410DF79011030003F000000000079
:105B30000600000000000000E8270020D1790110D5
:105B4000610040000000000001001B6E198101107F
:105B500001001C6F8179011001000B6CE9800110BC
:105B600001001D736182011001001E727179011024
:105B700001001F71C180011030310A0105000000D1
:105B80000A000000040000001400000001000000F2
:105B9000C8000000320000002C01000032000000AC
:105BA00001000000030002010300020003010200E3
:105BB00000000000020002010000000003010300D9
:105BC00000000000020003010201030102010300C2
:105BD00000000000010000000800000008000000B4
:105BE00008000000000000000000000000000000AD
:105BF0000000000065316D31000000000000000071
:105C00000000000065316D3200000000000000005F
:105C10000000000065316D3300000000000000004E
:105C20000000000065316D3400000000000000003D
:105C30000000000065316D3500000000000000002C
:105C40000000000065316D3600000000000000001B
:105C50000000000065316D3700000000000000000A
:105C60000000000065316D380000000000000000F9
:105C70000000000065316D390000000000000000E8
:105C80000000000065326D310000000000000000DF
:105C90000000000065326D320000000000000000CE
:105CA0000000000065326D330000000000000000BD
:105CB0000000000065326D340000000000000000AC
:105CC0000000000065326D3500000000000000009B
:105CD0000000000065326D3600000000000000008A
:105CE0000000000065326D37000000000000000079
:105CF0000000000065326D38000000000000000068
:105D00000000000065326D39000000000000000056
:105D10000000000065336D3100000000000000004D
:105D20000000000065336D3200000000000000003C
:105D30000000000065336D3300000000000000002B
:105D40000000000065336D3400000000000000001A
:105D50000000000065336D35000000000000000009
:105D60000000000065336D360000000000000000F8
:105D70000000000065336D370000000000000000E7
:105D80000000000065336D380000000000000000D6
:105D90000000000065336D390000000000000000C5
:105DA00000000000696E74657200000000000000D1
:105DB00000000000696E74726F00000000000000B7
:105DC0000000000062756E6E7900000000000000A7
:105DD00000000000766963746F720000000000002C
:105DE00000000000696E74726F6100000000000026
:105DF0000000000072756E6E696E00000000000009
:105E0000000000007374616C6B7300000000000000
:105E100000000000636F756E7464000000000000F5
:105E200000000000626574776565000000000000F6
:105E300000000000646F6F6D0000000000000000B3
:105E4000000000007468655F6461000000000000ED
:105E500000000000736861776E0000000000000021
:105E600000000000646474626C75000000000000B3
:105E700000000000696E5F636974000000000000AC
:105E80000000000064656164000000000000000084
:105E90000000000073746C6B73320000000000009F
:105EA00000000000746865646132000000000000BA
:105EB00000000000646F6F6D320000000000000001
:105EC00000000000646474626C3200000000000096
:105ED0000000000072756E6E693200000000000064
:105EE00000000000646561643200000000000000F2
:105EF0000000000073746C6B73330000000000003E
:105F000000000000726F6D65726F000000000000FD
:105F100000000000736861776E320000000000002E
:105F2000000000006D6573736167000000000000F1
:105F300000000000636F756E743200000000000006
:105F400000000000646474626C3300000000000014
:105F500000000000616D7069650000000000000035
:105F600000000000746865646133000000000000F8
:105F70000000000061647269616E000000000000B2
:105F8000000000006D6573736732000000000000C0
:105F900000000000726F6D657232000000000000AA
:105FA0000000000074656E736500000000000000D2
:105FB00000000000736861776E330000000000008D
:105FC000000000006F70656E696E00000000000048
:105FD000000000006576696C000000000000000011
:105FE00000000000756C74696D6100000000000025
:105FF00000000000726561645F6D00000000000039
:1060000000000000646D3274746C00000000000039
:1060100000000000646D32696E7400000000000032
:1060200000000000CA070000FFFFFFFFFFFFFFFFA7
:10603000FFFFFFFF0100000020B903100700000070
:1060400028B903100602000030B903100A0000004E
:106050003CB903100900000048B903100900000012
:1060600054B903100900000060B9031009000000D2
:106070006CB903100900000078B903100900000092
:1060800084B903100800000090B903100600000056
:1060900098B903100A000000A4B90310040000001E
:1060A000ACB9031005000000B4B9031005000000EE
:1060B000BCB903100502000001000000000B030042
:1060C0006800A80000006701000000000000000058
:1060D000000B03002800880000006A010000000097
:1060E00000000000000B0300A000600000006D0134
:1060F0000000000000000000000B030068005000DA
:10610000000070010000000000000000000B030010
:106110007800200000007301000000000000000073
:1061200000080300280000000000760100000000C5
:1061300000000000020B01008000880001005D01EA
:106140000000000000000000020B01008000880039
:1061500002005E010000000000000000020B0100D0
:106160008000880003005F010000000000000000C4
:10617000020B0100800088000400600100000000A4
:1061800000000000020B0100800088000500610192
:106190000000000000000000020B010080008800E9
:1061A000060062010000000000000000020B010078
:1061B000800088000700630100000000000000006C
:1061C000020B0300C0009000080064010000000002
:1061D00000000000020B010080008800080061013F
:1061E0000000000000000000000B0300E000680059
:1061F00000003F010000000000000000000B030051
:10620000B800A000000042010000000000000000F3
:10621000000B030070008800000045010000000032
:1062200000000000000B030048007000000048015F
:106230000000000000000000000B03005800600098
:1062400000004B010000000000000000000B0300F4
:106250004000300000004E0100000000000000007F
:10626000000B0300C00028000000510100000000E6
:1062700000000000000B0300880010000000540123
:106280000000000000000000000B030050001000A0
:10629000000057010000000000000000000B030098
:1062A0004000180000005A0100000000000000003B
:1062B00074ED0020000000000000000019BB001079
:1062C00011A8001059AF0010B9B90010E502001074
:0462D000A5C4001051
:1062D400F0B5C64600B5050082B0A72903DD02B0BB
:1062E40080BCB846F0BD304B1A78D3009B1A1C0111
:1062F400E41A8B005B189B016402E4182B4B2C4AB4
:1063040098461B78A418012B3ED02A4B1B78002BEF
:1063140041D100F075F8284F0021019001A800F048
:1063240057F80722002101A800F062F8234E01AAC1
:106334000021380000F054F8102101A800F048F8BA
:1063440001AA0021300000F04BF8082101A800F058
:106354003FF8012101A800F05BF801AA01213800EF
:1063640000F03EF8182101A800F032F801AA01213A
:10637400300000F035F8124B01225B08BB60FB6073
:10638400B360F36043461A70A02221002800520033
:10639400C0F790FBA3E70B49074800F041F80A490E
:1063A400064800F03DF8B4E7612F03207D2F032059
:1063B4003C410120952F0320800000D0C00000D074
:1063C400840503207CF0022098F0022000000000E5
:1063D40001B40248844601BC604700BFAD590010B7
:1063E40001B40248844601BC604700BF055A00104E
:1063F40001B40248844601BC604700BFBD59001087
:1064040001B40248844601BC604700BFFD59001036
:1064140001B40248844601BC604700BFE159001042
:1064240001B40248844601BC604700BF115A001001
:106434000000000000000000000000000000000058
:106444000000000000000000000000000000000048
:106454000000000000000000000000000000000038
:106464000000000000000000000000000000000028
:106474000000000000000000000000000000000018
:106484000000000000000000000000000000000008
:1064940000000000000000000000000000000000F8
:1064A40000000000000000000000000000000000E8
:1064B40000000000000000000000000000000000D8
:1064C40000000000000000000000000000000000C8
:1064D40000000000000000000000000000000000B8
:1064E40000000000000000000000000000000000A8
:1064F4000000000000000000000000000000000098
:106504000000000000000000000000000000000087
:106514000000000000000000000000000000000077
:106524000000000000000000000000000000000067
:046534000000000063
:106538005908C30607068B052E05E404A604710452
:1065480043041A04F503D303B50398037E036503D4
:106558004E03390324031103FF02ED02DC02CD02CE
:10656800BD02AF02A0029302860279026D026102A7
:1065780056024B02400236022C02220218020F0277
:106588000602FD01F501EC01E401DC01D401CD01B5
:10659800C501BE01B701B001A901A2019B01950186
:1065A8008F01880182017C01770171016B0166010D
:1065B80060015B01550150014B01460141013C015D
:1065C800370133012E012901250121011C01180180
:1065D80014010F010B0107010301FF00FB00F80084
:1065E800F400F000EC00E900E500E200DE00DB006A
:1065F800D700D400D100CD00CA00C700C400C10034
:10660800BE00BB00B800B500B200AF00AC00A900E6
:10661800A700A400A1009F009C0099009700940087
:1066280092008F008D008A00880086008300810018
:106638007F007D007A007800760074007200700098
:106648006E006C006A00680066006400620060000A
:106658005E005C005B005900570055005300520073
:1066680050004E004D004B004A00480046004500CF
:106678004300420040003F003E003C003B00390020
:1066880038003700350034003300310030002F0067
:106698002E002D002B002A002900280027002600A4
:1066A8002500240023002200210020001F001E00D6
:1066B8001D001C001B001A00190018001700170005
:1066C8001600150014001400130012001100110028
:1066D80010000F000F000E000D000D000C000C0044
:1066E8000B000A000A00090009000800080007005A
:1066F8000700070006000600050005000500040065
:10670800040004000300030003000200020002006A
:106718000200010001000100010001000100010068
:106728000000000000000000000000000000000061
:106738000000000000000000000000000000000051
:106748000100010001000100010001000100020038
:10675800020002000200030003000300040004001A
:1067680004000500050005000600060007000700F4
:10677800070008000800090009000A000A000B00C9
:106788000C000C000D000D000E000F000F00100093
:106798001100110012001300140014001500160057
:1067A80017001700180019001A001B001C001D0014
:1067B8001E001F00200021002200230024002500C5
:1067C80026002700280029002A002B002D002E0073
:1067D8002F00300031003300340035003700380016
:1067E80039003B003C003E003F00400042004300AF
:1067F8004500460048004A004B004D004E0050003E
:10680800520053005500570059005B005C005E00C1
:10681800600062006400660068006A006C006E0038
:10682800700072007400760078007A007D007F00A6
:1068380081008300860088008A008D008F00920006
:106848009400970099009C009F00A100A400A70055
:10685800A900AC00AF00B200B500B800BB00BE0094
:10686800C100C400C700CA00CD00D100D400D700C1
:10687800DB00DE00E200E500E900EC00F000F400D7
:10688800F800FB00FF00030107010B010F011401D1
:1068980018011C012101250129012E0133013701AD
:1068A8003C01410146014B01500155015B0160016A
:1068B80066016B01710177017C01820188018F01FA
:1068C80095019B01A201A901B001B701BE01C50153
:1068D800CD01D401DC01E401EC01F501FD01060262
:1068E8000F02180222022C02360240024B02560204
:1068F80061026D02790286029302A002AF02BD0214
:10690800CD02DC02ED02FF021103240339034E031A
:1069180065037E039803B503D303F5031A04430400
:106928007104A604E4042E058B050706C30659085E
:10693800FA07F507EF07EA07E407DF07DA07D407DE
:10694800CF07C907C407BF07B907B407AE07A90728
:10695800A4079F07990794078F078A0784077F076B
:106968007A07750770076A07650760075B075607A8
:1069780051074C07470742073D07380733072E07DB
:10698800290724071F071A07150710070B0706070B
:106998000207FD06F806F306EE06E906E506E00638
:1069A800DB06D606D206CD06C806C406BF06BA065A
:1069B800B506B106AC06A806A3069E069A06950675
:1069C80091068C06880683067F067A067606710687
:1069D8006D06680664065F065B06570652064E0695
:1069E8004906450641063C063806340630062B069D
:1069F800270623061E061A06160612060E0609069E
:106A080005060106FD05F905F505F005EC05E8059F
:106A1800E405E005DC05D805D405D005CC05C80596
:106A2800C405C005BC05B805B405B005AC05A80586
:106A3800A405A0059C059905950591058D05890571
:106A4800850581057E057A05760572056F056B0556
:106A58006705630560055C055805540551054D0536
:106A68004905460542053E053B0537053405300511
:106A78002C052905250522051E051B0517051405E6
:106A880010050C05090506050205FF04FB04F804BA
:106A9800F404F104ED04EA04E704E304E004DC048C
:106AA800D904D604D204CF04CC04C804C504C20453
:106AB800BE04BB04B804B504B104AE04AB04A80416
:106AC800A404A1049E049B049804940491048E04D5
:106AD8008B048804850482047E047B04780475048E
:106AE80072046F046C0469046604630460045D0442
:106AF8005A045704540451044E044B0448044504F2
:106B080042043F043C0439043604330430042D04A1
:106B18002A042804250422041F041C04190416044A
:106B2800140411040E040B040804060403040004EE
:106B38000001000100010001000100010101000144
:106B48000001010100010101000101010101010130
:106B5800010101010101010101010102010101021B
:106B68000102010201020102010202020102020203
:106B780002020202020202020202020402020204E9
:106B880002040204020402040204040402040404C9
:106B980004040404040404040000000000000000CD
:106BA80068808080808080808080808080A0C068AD
:106BB80068808080808080808080808080A0C060A5
:04000005100001E9FD
:00000001FF
